	model	sentid	pairid	contextid	lemma	condition	comparison	sentence	probsum	probmean	surpsum	surpmean
0	gpt2	1	1	1	abandon	obj_rel_no_that	unexpected	The officer the pilot braves abandon	4.545212846096547e-07	4.545212846096547e-07	21.069149017333984	21.069149017333984
1	gpt2	2	1	1	abandon	obj_rel_no_that	expected	The officer the pilot braves abandons	0.3393225749014163	0.3393225749014163	7.627755068087329	7.627755068087329
2	gpt2	3	2	1	abate	obj_rel_no_that	unexpected	The officer the pilot braves abate	0.0008933912599786516	0.0008933912599786516	13.212029933929443	13.212029933929443
3	gpt2	4	2	1	abate	obj_rel_no_that	expected	The officer the pilot braves abates	0.007332760140798152	0.007332760140798152	11.691317796707153	11.691317796707153
4	gpt2	5	3	1	abide	obj_rel_no_that	unexpected	The officer the pilot braves abide	4.2207130235283337e-08	4.2207130235283337e-08	24.49793815612793	24.49793815612793
5	gpt2	6	3	1	abide	obj_rel_no_that	expected	The officer the pilot braves abides	0.0032807618831611515	0.0032807618831611515	12.271859884262085	12.271859884262085
6	gpt2	7	4	1	abolish	obj_rel_no_that	unexpected	The officer the pilot braves abolish	3.2512892378377956e-09	3.2512892378377956e-09	28.19634056091309	28.19634056091309
7	gpt2	8	4	1	abolish	obj_rel_no_that	expected	The officer the pilot braves abolishes	0.0030210249682198296	0.0030210249682198296	15.99405336380005	15.99405336380005
8	gpt2	9	5	1	absorb	obj_rel_no_that	unexpected	The officer the pilot braves absorb	5.083040122144666e-08	5.083040122144666e-08	24.22973251342773	24.22973251342773
9	gpt2	10	5	1	absorb	obj_rel_no_that	expected	The officer the pilot braves absorbs	6.585603955500119e-07	6.585603955500119e-07	20.534181594848636	20.534181594848636
10	gpt2	11	6	1	abuse	obj_rel_no_that	unexpected	The officer the pilot braves abuse	4.262072252458893e-06	4.262072252458893e-06	17.84001350402832	17.84001350402832
11	gpt2	12	6	1	abuse	obj_rel_no_that	expected	The officer the pilot braves abuses	4.261844424036099e-06	4.261844424036099e-06	17.840089797973633	17.840089797973633
12	gpt2	13	7	1	accede	obj_rel_no_that	unexpected	The officer the pilot braves accede	5.932775093240683e-05	5.932775093240683e-05	14.547321319580078	14.547321319580078
13	gpt2	14	7	1	accede	obj_rel_no_that	expected	The officer the pilot braves accedes	0.00020597016191455683	0.00020597016191455683	13.567334175109863	13.567334175109863
14	gpt2	15	8	1	accelerate	obj_rel_no_that	unexpected	The officer the pilot braves accelerate	2.2367691698832463e-08	2.2367691698832463e-08	25.41400909423828	25.41400909423828
15	gpt2	16	8	1	accelerate	obj_rel_no_that	expected	The officer the pilot braves accelerates	0.40116074745196784	0.40116074745196784	10.994823053479196	10.994823053479196
16	gpt2	17	9	1	accept	obj_rel_no_that	unexpected	The officer the pilot braves accept	1.1884661716976552e-06	1.1884661716976552e-06	19.68246841430664	19.68246841430664
17	gpt2	18	9	1	accept	obj_rel_no_that	expected	The officer the pilot braves accepts	6.935359579074429e-06	6.935359579074429e-06	17.137598037719727	17.137598037719727
18	gpt2	19	10	1	access	obj_rel_no_that	unexpected	The officer the pilot braves access	1.0060601198347284e-05	1.0060601198347284e-05	16.600923538208008	16.600923538208008
19	gpt2	20	10	1	access	obj_rel_no_that	expected	The officer the pilot braves accesses	0.00035635867425297364	0.00035635867425297364	13.53790807723999	13.53790807723999
20	gpt2	21	11	1	acclaim	obj_rel_no_that	unexpected	The officer the pilot braves acclaim	3.0727713351552666e-07	3.0727713351552666e-07	21.633956909179688	21.633956909179688
21	gpt2	22	11	1	acclaim	obj_rel_no_that	expected	The officer the pilot braves acclaims	0.0011477974179712079	0.0011477974179712079	15.200532913208008	15.200532913208008
22	gpt2	23	12	1	accommodate	obj_rel_no_that	unexpected	The officer the pilot braves accommodate	9.741690121245484e-08	9.741690121245484e-08	23.29125213623047	23.29125213623047
23	gpt2	24	12	1	accommodate	obj_rel_no_that	expected	The officer the pilot braves accommodates	0.27343531354267725	0.27343531354267725	9.878294348716736	9.878294348716736
24	gpt2	25	13	1	accomodate	obj_rel_no_that	unexpected	The officer the pilot braves accomodate	0.254348375592599	0.254348375592599	7.403693113825284	7.403693113825284
25	gpt2	26	13	1	accomodate	obj_rel_no_that	expected	The officer the pilot braves accomodates	0.25314687144964404	0.25314687144964404	7.538886580965482	7.538886580965482
26	gpt2	27	14	1	accompany	obj_rel_no_that	unexpected	The officer the pilot braves accompany	9.035994708028738e-07	9.035994708028738e-07	20.07781410217285	20.07781410217285
27	gpt2	28	14	1	accompany	obj_rel_no_that	expected	The officer the pilot braves accompanies	1.0941362234007102e-05	1.0941362234007102e-05	16.479848861694336	16.479848861694336
28	gpt2	29	15	1	accomplish	obj_rel_no_that	unexpected	The officer the pilot braves accomplish	7.127421213226626e-07	7.127421213226626e-07	20.420116424560547	20.420116424560547
29	gpt2	30	15	1	accomplish	obj_rel_no_that	expected	The officer the pilot braves accomplishes	0.2543746672827183	0.2543746672827183	8.455876737833023	8.455876737833023
30	gpt2	31	16	1	accord	obj_rel_no_that	unexpected	The officer the pilot braves accord	1.2873779553501666e-07	1.2873779553501666e-07	22.889060974121094	22.889060974121094
31	gpt2	32	16	1	accord	obj_rel_no_that	expected	The officer the pilot braves accords	0.010189813543547607	0.010189813543547607	10.722917318344116	10.722917318344116
32	gpt2	33	17	1	account	obj_rel_no_that	unexpected	The officer the pilot braves account	5.511871677299496e-06	5.511871677299496e-06	17.469026565551758	17.469026565551758
33	gpt2	34	17	1	account	obj_rel_no_that	expected	The officer the pilot braves accounts	3.599307547119679e-06	3.599307547119679e-06	18.08384895324707	18.08384895324707
34	gpt2	35	18	1	accrue	obj_rel_no_that	unexpected	The officer the pilot braves accrue	0.00035421432039580683	0.00035421432039580683	13.16321086883545	13.16321086883545
35	gpt2	36	18	1	accrue	obj_rel_no_that	expected	The officer the pilot braves accrues	0.029242986801060977	0.029242986801060977	8.586530208587646	8.586530208587646
36	gpt2	37	19	1	accuse	obj_rel_no_that	unexpected	The officer the pilot braves accuse	4.747668640447955e-07	4.747668640447955e-07	21.006277084350582	21.006277084350582
37	gpt2	38	19	1	accuse	obj_rel_no_that	expected	The officer the pilot braves accuses	7.497081242036074e-06	7.497081242036074e-06	17.025239944458008	17.025239944458008
38	gpt2	39	20	1	achieve	obj_rel_no_that	unexpected	The officer the pilot braves achieve	1.2817971537515405e-06	1.2817971537515405e-06	19.573400497436523	19.573400497436523
39	gpt2	40	20	1	achieve	obj_rel_no_that	expected	The officer the pilot braves achieves	4.2479505282244645e-06	4.2479505282244645e-06	17.84480094909668	17.84480094909668
40	gpt2	41	21	1	acknowledge	obj_rel_no_that	unexpected	The officer the pilot braves acknowledge	2.788128085740027e-06	2.788128085740027e-06	18.452272415161133	18.452272415161133
41	gpt2	42	21	1	acknowledge	obj_rel_no_that	expected	The officer the pilot braves acknowledges	1.8022197764366865e-05	1.8022197764366865e-05	15.759865760803224	15.759865760803224
42	gpt2	43	22	1	acquire	obj_rel_no_that	unexpected	The officer the pilot braves acquire	2.411220236808731e-07	2.411220236808731e-07	21.98373413085937	21.98373413085937
43	gpt2	44	22	1	acquire	obj_rel_no_that	expected	The officer the pilot braves acquires	0.36146075674326994	0.36146075674326994	9.84644713997841	9.84644713997841
44	gpt2	45	23	1	acquit	obj_rel_no_that	unexpected	The officer the pilot braves acquit	0.0031073100398657134	0.0031073100398657134	13.27764940261841	13.27764940261841
45	gpt2	46	23	1	acquit	obj_rel_no_that	expected	The officer the pilot braves acquits	0.0025346479378072135	0.0025346479378072135	13.42463278770447	13.42463278770447
46	gpt2	47	24	1	act	obj_rel_no_that	unexpected	The officer the pilot braves act	5.364998742152238e-06	5.364998742152238e-06	17.50798988342285	17.50798988342285
47	gpt2	48	24	1	act	obj_rel_no_that	expected	The officer the pilot braves acts	8.1809310358949e-05	8.1809310358949e-05	13.577375411987305	13.577375411987305
48	gpt2	49	25	1	adapt	obj_rel_no_that	unexpected	The officer the pilot braves adapt	8.627667966720765e-07	8.627667966720765e-07	20.1445255279541	20.1445255279541
49	gpt2	50	25	1	adapt	obj_rel_no_that	expected	The officer the pilot braves adapts	0.15469129308536364	0.15469129308536364	10.91853278875351	10.91853278875351
50	gpt2	51	26	1	address	obj_rel_no_that	unexpected	The officer the pilot braves address	7.613657544425223e-07	7.613657544425223e-07	20.324907302856445	20.324907302856445
51	gpt2	52	26	1	address	obj_rel_no_that	expected	The officer the pilot braves addresses	3.0577473353332607e-06	3.0577473353332607e-06	18.31909942626953	18.31909942626953
52	gpt2	53	27	1	add	obj_rel_no_that	unexpected	The officer the pilot braves add	5.657755536958575e-06	5.657755536958575e-06	17.431339263916016	17.431339263916016
53	gpt2	54	27	1	add	obj_rel_no_that	expected	The officer the pilot braves adds	7.600665412610397e-05	7.600665412610397e-05	13.683514595031738	13.683514595031738
54	gpt2	55	28	1	adhere	obj_rel_no_that	unexpected	The officer the pilot braves adhere	5.3502784425063516e-08	5.3502784425063516e-08	24.155811309814453	24.155811309814453
55	gpt2	56	28	1	adhere	obj_rel_no_that	expected	The officer the pilot braves adheres	0.005039620097704731	0.005039620097704731	11.22791576385498	11.22791576385498
56	gpt2	57	29	1	adjust	obj_rel_no_that	unexpected	The officer the pilot braves adjust	4.895424581263796e-07	4.895424581263796e-07	20.96206283569336	20.96206283569336
57	gpt2	58	29	1	adjust	obj_rel_no_that	expected	The officer the pilot braves adjusts	2.2450462893175427e-06	2.2450462893175427e-06	18.76482391357422	18.76482391357422
58	gpt2	59	30	1	administer	obj_rel_no_that	unexpected	The officer the pilot braves administer	1.851160078558678e-07	1.851160078558678e-07	22.365066528320312	22.365066528320312
59	gpt2	60	30	1	administer	obj_rel_no_that	expected	The officer the pilot braves administers	0.027360076125660236	0.027360076125660236	11.9935667514801	11.9935667514801
60	gpt2	61	31	1	admit	obj_rel_no_that	unexpected	The officer the pilot braves admit	3.640818249550648e-06	3.640818249550648e-06	18.067306518554688	18.067306518554688
61	gpt2	62	31	1	admit	obj_rel_no_that	expected	The officer the pilot braves admits	7.404061761917546e-05	7.404061761917546e-05	13.721323013305664	13.721323013305664
62	gpt2	63	32	1	adopt	obj_rel_no_that	unexpected	The officer the pilot braves adopt	4.930019485982484e-07	4.930019485982484e-07	20.951902389526367	20.951902389526367
63	gpt2	64	32	1	adopt	obj_rel_no_that	expected	The officer the pilot braves adopts	0.495583193573367	0.495583193573367	10.377209431957453	10.377209431957453
64	gpt2	65	33	1	adorn	obj_rel_no_that	unexpected	The officer the pilot braves adorn	0.0009876957637970814	0.0009876957637970814	12.408602714538574	12.408602714538574
65	gpt2	66	33	1	adorn	obj_rel_no_that	expected	The officer the pilot braves adorns	0.00047187486870823144	0.00047187486870823144	12.948424816131592	12.948424816131592
66	gpt2	67	34	1	advance	obj_rel_no_that	unexpected	The officer the pilot braves advance	2.0248132841516053e-06	2.0248132841516053e-06	18.913780212402344	18.913780212402344
67	gpt2	68	34	1	advance	obj_rel_no_that	expected	The officer the pilot braves advances	2.904099346778821e-05	2.904099346778821e-05	15.07154941558838	15.07154941558838
68	gpt2	69	35	1	advantage	obj_rel_no_that	unexpected	The officer the pilot braves advantage	6.000104804115836e-07	6.000104804115836e-07	20.66850852966309	20.66850852966309
69	gpt2	70	35	1	advantage	obj_rel_no_that	expected	The officer the pilot braves advantages	9.773701492576949e-08	9.773701492576949e-08	23.28652000427246	23.28652000427246
70	gpt2	71	36	1	advise	obj_rel_no_that	unexpected	The officer the pilot braves advise	2.069006768579129e-06	2.069006768579129e-06	18.88262939453125	18.88262939453125
71	gpt2	72	36	1	advise	obj_rel_no_that	expected	The officer the pilot braves advises	1.6513764421688393e-05	1.6513764421688393e-05	15.885971069335938	15.885971069335938
72	gpt2	73	37	1	affect	obj_rel_no_that	unexpected	The officer the pilot braves affect	6.890604709042236e-07	6.890604709042236e-07	20.4688663482666	20.4688663482666
73	gpt2	74	37	1	affect	obj_rel_no_that	expected	The officer the pilot braves affects	5.58156853003311e-06	5.58156853003311e-06	17.450897216796875	17.450897216796875
74	gpt2	75	38	1	afford	obj_rel_no_that	unexpected	The officer the pilot braves afford	2.67213550841916e-07	2.67213550841916e-07	21.83550262451172	21.83550262451172
75	gpt2	76	38	1	afford	obj_rel_no_that	expected	The officer the pilot braves affords	0.13614915128914618	0.13614915128914618	9.485311686992645	9.485311686992645
76	gpt2	77	39	1	aggravate	obj_rel_no_that	unexpected	The officer the pilot braves aggravate	0.003844601074774759	0.003844601074774759	13.094817876815798	13.094817876815798
77	gpt2	78	39	1	aggravate	obj_rel_no_that	expected	The officer the pilot braves aggravates	0.01190456605570486	0.01190456605570486	12.279405355453493	12.279405355453493
78	gpt2	79	40	1	agonize	obj_rel_no_that	unexpected	The officer the pilot braves agonize	0.0008604265154872054	0.0008604265154872054	13.93087482452393	13.93087482452393
79	gpt2	80	40	1	agonize	obj_rel_no_that	expected	The officer the pilot braves agonizes	0.0021573543768909054	0.0021573543768909054	13.267203330993654	13.267203330993654
80	gpt2	81	41	1	agree	obj_rel_no_that	unexpected	The officer the pilot braves agree	2.885887170123169e-06	2.885887170123169e-06	18.40255355834961	18.40255355834961
81	gpt2	82	41	1	agree	obj_rel_no_that	expected	The officer the pilot braves agrees	1.9772080122493207e-05	1.9772080122493207e-05	15.626175880432127	15.626175880432127
82	gpt2	83	42	1	aid	obj_rel_no_that	unexpected	The officer the pilot braves aid	1.2281301451366744e-06	1.2281301451366744e-06	19.63510513305664	19.63510513305664
83	gpt2	84	42	1	aid	obj_rel_no_that	expected	The officer the pilot braves aids	1.7943779084816924e-06	1.7943779084816924e-06	19.088085174560547	19.088085174560547
84	gpt2	85	43	1	aim	obj_rel_no_that	unexpected	The officer the pilot braves aim	5.416697604232468e-06	5.416697604232468e-06	17.494155883789062	17.494155883789062
85	gpt2	86	43	1	aim	obj_rel_no_that	expected	The officer the pilot braves aims	1.2209137821628246e-05	1.2209137821628246e-05	16.321678161621094	16.321678161621094
86	gpt2	87	44	1	air	obj_rel_no_that	unexpected	The officer the pilot braves air	7.21540636732243e-05	7.21540636732243e-05	13.758560180664062	13.758560180664062
87	gpt2	88	44	1	air	obj_rel_no_that	expected	The officer the pilot braves airs	6.16777788309264e-06	6.16777788309264e-06	17.30681800842285	17.30681800842285
88	gpt2	89	45	1	alert	obj_rel_no_that	unexpected	The officer the pilot braves alert	3.003436177095864e-06	3.003436177095864e-06	18.344955444335938	18.344955444335938
89	gpt2	90	45	1	alert	obj_rel_no_that	expected	The officer the pilot braves alerts	2.391170710325241e-06	2.391170710325241e-06	18.673851013183597	18.673851013183597
90	gpt2	91	46	1	alienate	obj_rel_no_that	unexpected	The officer the pilot braves alienate	4.920182658452177e-05	4.920182658452177e-05	16.338654041290283	16.338654041290283
91	gpt2	92	46	1	alienate	obj_rel_no_that	expected	The officer the pilot braves alienates	1.4815295287462506e-05	1.4815295287462506e-05	17.230905532836914	17.230905532836914
92	gpt2	93	47	1	allay	obj_rel_no_that	unexpected	The officer the pilot braves allay	0.000597449609813323	0.000597449609813323	12.421698093414307	12.421698093414307
93	gpt2	94	47	1	allay	obj_rel_no_that	expected	The officer the pilot braves allays	0.00059481124117154	0.00059481124117154	12.569509983062744	12.569509983062744
94	gpt2	95	48	1	allege	obj_rel_no_that	unexpected	The officer the pilot braves allege	2.4772218694124604e-06	2.4772218694124604e-06	18.62284469604492	18.62284469604492
95	gpt2	96	48	1	allege	obj_rel_no_that	expected	The officer the pilot braves alleges	2.8452359401853755e-05	2.8452359401853755e-05	15.101092338562012	15.101092338562012
96	gpt2	97	49	1	alleviate	obj_rel_no_that	unexpected	The officer the pilot braves alleviate	2.057686288026161e-08	2.057686288026161e-08	25.534400939941406	25.534400939941406
97	gpt2	98	49	1	alleviate	obj_rel_no_that	expected	The officer the pilot braves alleviates	0.1322252277326328	0.1322252277326328	11.564848423004149	11.564848423004149
98	gpt2	99	50	1	allocate	obj_rel_no_that	unexpected	The officer the pilot braves allocate	6.1188600852801756e-09	6.1188600852801756e-09	27.284090042114254	27.284090042114254
99	gpt2	100	50	1	allocate	obj_rel_no_that	expected	The officer the pilot braves allocates	0.3716860031960376	0.3716860031960376	12.451295241713522	12.451295241713522
100	gpt2	101	51	1	allowed	obj_rel_no_that	unexpected	The officer the pilot braves allowed	7.424822251778096e-05	7.424822251778096e-05	13.717284202575684	13.717284202575684
101	gpt2	102	51	1	allowed	obj_rel_no_that	expected	The officer the pilot braves alloweds	4.136124925935292e-05	4.136124925935292e-05	15.282881259918213	15.282881259918213
102	gpt2	103	52	1	allow	obj_rel_no_that	unexpected	The officer the pilot braves allow	1.72286070210248e-06	1.72286070210248e-06	19.14676284790039	19.14676284790039
103	gpt2	104	52	1	allow	obj_rel_no_that	expected	The officer the pilot braves allows	3.469869989203289e-05	3.469869989203289e-05	14.814759254455566	14.814759254455566
104	gpt2	105	53	1	ally	obj_rel_no_that	unexpected	The officer the pilot braves ally	2.1946203787592827e-07	2.1946203787592827e-07	22.119525909423828	22.119525909423828
105	gpt2	106	53	1	ally	obj_rel_no_that	expected	The officer the pilot braves allies	1.2100309731977177e-06	1.2100309731977177e-06	19.656524658203125	19.656524658203125
106	gpt2	107	54	1	alter	obj_rel_no_that	unexpected	The officer the pilot braves alter	6.389271334228397e-07	6.389271334228397e-07	20.577844619750977	20.577844619750977
107	gpt2	108	54	1	alter	obj_rel_no_that	expected	The officer the pilot braves alters	5.01335136959824e-07	5.01335136959824e-07	20.92772102355957	20.92772102355957
108	gpt2	109	55	1	amalgamate	obj_rel_no_that	unexpected	The officer the pilot braves amalgamate	0.0014586233404356374	0.0014586233404356374	17.095330715179443	17.095330715179443
109	gpt2	110	55	1	amalgamate	obj_rel_no_that	expected	The officer the pilot braves amalgamates	0.22415616449346665	0.22415616449346665	10.035098055998484	10.035098055998484
110	gpt2	111	56	1	amass	obj_rel_no_that	unexpected	The officer the pilot braves amass	0.006627631688388642	0.006627631688388642	10.234397649765015	10.234397649765015
111	gpt2	112	56	1	amass	obj_rel_no_that	expected	The officer the pilot braves amasses	0.0006159625718282425	0.0006159625718282425	11.976568222045898	11.976568222045898
112	gpt2	113	57	1	amaze	obj_rel_no_that	unexpected	The officer the pilot braves amaze	0.0007326504219235925	0.0007326504219235925	11.846362113952637	11.846362113952637
113	gpt2	114	57	1	amaze	obj_rel_no_that	expected	The officer the pilot braves amazes	0.0028220020121807426	0.0028220020121807426	10.854140758514404	10.854140758514404
114	gpt2	115	58	1	amble	obj_rel_no_that	unexpected	The officer the pilot braves amble	0.00030413464446609254	0.00030413464446609254	12.51911973953247	12.51911973953247
115	gpt2	116	58	1	amble	obj_rel_no_that	expected	The officer the pilot braves ambles	8.888505681165967e-05	8.888505681165967e-05	14.340034484863281	14.340034484863281
116	gpt2	117	59	1	amend	obj_rel_no_that	unexpected	The officer the pilot braves amend	1.9151816132989552e-08	1.9151816132989552e-08	25.637943267822266	25.637943267822266
117	gpt2	118	59	1	amend	obj_rel_no_that	expected	The officer the pilot braves amends	0.005219098495217593	0.005219098495217593	10.407514095306396	10.407514095306396
118	gpt2	119	60	1	amortize	obj_rel_no_that	unexpected	The officer the pilot braves amortize	0.01924204624204623	0.01924204624204623	9.769201755523682	9.769201755523682
119	gpt2	120	60	1	amortize	obj_rel_no_that	expected	The officer the pilot braves amortizes	0.0027931644544878283	0.0027931644544878283	10.725691318511963	10.725691318511963
120	gpt2	121	61	1	amount	obj_rel_no_that	unexpected	The officer the pilot braves amount	3.8731312201889523e-07	3.8731312201889523e-07	21.29999542236328	21.29999542236328
121	gpt2	122	61	1	amount	obj_rel_no_that	expected	The officer the pilot braves amounts	2.4684113668627106e-06	2.4684113668627106e-06	18.62798500061035	18.62798500061035
122	gpt2	123	62	1	amplify	obj_rel_no_that	unexpected	The officer the pilot braves amplify	1.6101504130006106e-08	1.6101504130006106e-08	25.888229370117188	25.888229370117188
123	gpt2	124	62	1	amplify	obj_rel_no_that	expected	The officer the pilot braves amplifies	0.09067971306226494	0.09067971306226494	12.641551852226259	12.641551852226259
124	gpt2	125	63	1	analyze	obj_rel_no_that	unexpected	The officer the pilot braves analyze	4.0899191589005575e-08	4.0899191589005575e-08	24.543352127075195	24.543352127075195
125	gpt2	126	63	1	analyze	obj_rel_no_that	expected	The officer the pilot braves analyzes	0.4379229357540311	0.4379229357540311	10.760092727839947	10.760092727839947
126	gpt2	127	64	1	anchor	obj_rel_no_that	unexpected	The officer the pilot braves anchor	3.114785158686573e-07	3.114785158686573e-07	21.61436462402344	21.61436462402344
127	gpt2	128	64	1	anchor	obj_rel_no_that	expected	The officer the pilot braves anchors	2.2647861896984978e-07	2.2647861896984978e-07	22.074121475219727	22.074121475219727
128	gpt2	129	65	1	announce	obj_rel_no_that	unexpected	The officer the pilot braves announce	1.389727231071447e-07	1.389727231071447e-07	22.77869415283203	22.77869415283203
129	gpt2	130	65	1	announce	obj_rel_no_that	expected	The officer the pilot braves announces	5.041757503931876e-06	5.041757503931876e-06	17.597640991210938	17.597640991210938
130	gpt2	131	66	1	answer	obj_rel_no_that	unexpected	The officer the pilot braves answer	1.9607803096732823e-06	1.9607803096732823e-06	18.960140228271484	18.960140228271484
131	gpt2	132	66	1	answer	obj_rel_no_that	expected	The officer the pilot braves answers	1.0937522347376216e-05	1.0937522347376216e-05	16.48035430908203	16.48035430908203
132	gpt2	133	67	1	antagonize	obj_rel_no_that	unexpected	The officer the pilot braves antagonize	0.0020060016612432918	0.0020060016612432918	13.046413660049438	13.046413660049438
133	gpt2	134	67	1	antagonize	obj_rel_no_that	expected	The officer the pilot braves antagonizes	0.010471864959868042	0.010471864959868042	11.85384488105774	11.85384488105774
134	gpt2	135	68	1	anticipate	obj_rel_no_that	unexpected	The officer the pilot braves anticipate	5.732945282943547e-07	5.732945282943547e-07	20.734220504760746	20.734220504760746
135	gpt2	136	68	1	anticipate	obj_rel_no_that	expected	The officer the pilot braves anticipates	0.49195023594415943	0.49195023594415943	9.049430246464908	9.049430246464908
136	gpt2	137	69	1	apologize	obj_rel_no_that	unexpected	The officer the pilot braves apologize	1.0336528930565692e-06	1.0336528930565692e-06	19.88381767272949	19.88381767272949
137	gpt2	138	69	1	apologize	obj_rel_no_that	expected	The officer the pilot braves apologizes	0.41377163862341604	0.41377163862341604	10.039200365543365	10.039200365543365
138	gpt2	139	70	1	appeal	obj_rel_no_that	unexpected	The officer the pilot braves appeal	1.2264540600881446e-06	1.2264540600881446e-06	19.637075424194336	19.637075424194336
139	gpt2	140	70	1	appeal	obj_rel_no_that	expected	The officer the pilot braves appeals	4.572222223941935e-06	4.572222223941935e-06	17.738672256469727	17.738672256469727
140	gpt2	141	71	1	appear	obj_rel_no_that	unexpected	The officer the pilot braves appear	3.08487142319791e-05	3.08487142319791e-05	14.984430313110352	14.984430313110352
141	gpt2	142	71	1	appear	obj_rel_no_that	expected	The officer the pilot braves appears	0.0012457079719752	0.0012457079719752	9.648818016052246	9.648818016052246
142	gpt2	143	72	1	appease	obj_rel_no_that	unexpected	The officer the pilot braves appease	2.1658017601566826e-08	2.1658017601566826e-08	25.46052360534668	25.46052360534668
143	gpt2	144	72	1	appease	obj_rel_no_that	expected	The officer the pilot braves appeases	0.07584078046087937	0.07584078046087937	12.227303862571715	12.227303862571715
144	gpt2	145	73	1	append	obj_rel_no_that	unexpected	The officer the pilot braves append	1.1625257201330896e-07	1.1625257201330896e-07	23.03623390197754	23.03623390197754
145	gpt2	146	73	1	append	obj_rel_no_that	expected	The officer the pilot braves appends	0.0010600490912792797	0.0010600490912792797	14.067761898040771	14.067761898040771
146	gpt2	147	74	1	applaud	obj_rel_no_that	unexpected	The officer the pilot braves applaud	7.170837648118322e-07	7.170837648118322e-07	20.411354064941406	20.411354064941406
147	gpt2	148	74	1	applaud	obj_rel_no_that	expected	The officer the pilot braves applauds	0.4598402390083436	0.4598402390083436	10.266075268387794	10.266075268387794
148	gpt2	149	75	1	apply	obj_rel_no_that	unexpected	The officer the pilot braves apply	2.0909214981656987e-06	2.0909214981656987e-06	18.867429733276367	18.867429733276367
149	gpt2	150	75	1	apply	obj_rel_no_that	expected	The officer the pilot braves applies	1.4498488781100605e-05	1.4498488781100605e-05	16.07373809814453	16.07373809814453
150	gpt2	151	76	1	appoint	obj_rel_no_that	unexpected	The officer the pilot braves appoint	2.1056885657344537e-07	2.1056885657344537e-07	22.1792049407959	22.1792049407959
151	gpt2	152	76	1	appoint	obj_rel_no_that	expected	The officer the pilot braves appoints	0.37745325364944904	0.37745325364944904	11.292417719960213	11.292417719960213
152	gpt2	153	77	1	appraise	obj_rel_no_that	unexpected	The officer the pilot braves appraise	0.008644446728794703	0.008644446728794703	14.222333431243896	14.222333431243896
153	gpt2	154	77	1	appraise	obj_rel_no_that	expected	The officer the pilot braves appraises	0.1091247694548656	0.1091247694548656	12.393296718597412	12.393296718597412
154	gpt2	155	78	1	appreciate	obj_rel_no_that	unexpected	The officer the pilot braves appreciate	6.810118975408841e-07	6.810118975408841e-07	20.485816955566406	20.485816955566406
155	gpt2	156	78	1	appreciate	obj_rel_no_that	expected	The officer the pilot braves appreciates	0.357399623383003	0.357399623383003	9.690876051783562	9.690876051783562
156	gpt2	157	79	1	approach	obj_rel_no_that	unexpected	The officer the pilot braves approach	1.367922050121706e-05	1.367922050121706e-05	16.15765380859375	16.15765380859375
157	gpt2	158	79	1	approach	obj_rel_no_that	expected	The officer the pilot braves approaches	2.7776515707955696e-05	2.7776515707955696e-05	15.135774612426758	15.135774612426758
158	gpt2	159	80	1	approve	obj_rel_no_that	unexpected	The officer the pilot braves approve	9.945505752284589e-08	9.945505752284589e-08	23.26137924194336	23.26137924194336
159	gpt2	160	80	1	approve	obj_rel_no_that	expected	The officer the pilot braves approves	5.506089451046137e-07	5.506089451046137e-07	20.792469024658203	20.792469024658203
160	gpt2	161	81	1	argue	obj_rel_no_that	unexpected	The officer the pilot braves argue	4.337653990660328e-06	4.337653990660328e-06	17.814653396606445	17.814653396606445
161	gpt2	162	81	1	argue	obj_rel_no_that	expected	The officer the pilot braves argues	2.898875209211837e-05	2.898875209211837e-05	15.07414722442627	15.07414722442627
162	gpt2	163	82	1	arise	obj_rel_no_that	unexpected	The officer the pilot braves arise	9.201598771824139e-08	9.201598771824139e-08	23.3735408782959	23.3735408782959
163	gpt2	164	82	1	arise	obj_rel_no_that	expected	The officer the pilot braves arises	1.9458627775748027e-06	1.9458627775748027e-06	18.97115898132324	18.97115898132324
164	gpt2	165	83	1	arm	obj_rel_no_that	unexpected	The officer the pilot braves arm	9.894581125990952e-06	9.894581125990952e-06	16.624929428100586	16.624929428100586
165	gpt2	166	83	1	arm	obj_rel_no_that	expected	The officer the pilot braves arms	5.140648227097699e-06	5.140648227097699e-06	17.569618225097656	17.569618225097656
166	gpt2	167	84	1	arouse	obj_rel_no_that	unexpected	The officer the pilot braves arouse	0.006880061195261077	0.006880061195261077	10.247137784957886	10.247137784957886
167	gpt2	168	84	1	arouse	obj_rel_no_that	expected	The officer the pilot braves arouses	0.007119621088861528	0.007119621088861528	12.710005044937134	12.710005044937134
168	gpt2	169	85	1	arrange	obj_rel_no_that	unexpected	The officer the pilot braves arrange	1.716215081160044e-07	1.716215081160044e-07	22.474266052246094	22.474266052246094
169	gpt2	170	85	1	arrange	obj_rel_no_that	expected	The officer the pilot braves arranges	0.48807496324678823	0.48807496324678823	9.96670750528574	9.96670750528574
170	gpt2	171	86	1	arrest	obj_rel_no_that	unexpected	The officer the pilot braves arrest	5.4149440984474495e-05	5.4149440984474495e-05	14.172694206237791	14.172694206237791
171	gpt2	172	86	1	arrest	obj_rel_no_that	expected	The officer the pilot braves arrests	3.04522200167412e-06	3.04522200167412e-06	18.32502174377441	18.32502174377441
172	gpt2	173	87	1	arrive	obj_rel_no_that	unexpected	The officer the pilot braves arrive	6.711220066790702e-06	6.711220066790702e-06	17.184993743896484	17.184993743896484
173	gpt2	174	87	1	arrive	obj_rel_no_that	expected	The officer the pilot braves arrives	0.0001027003672788	0.0001027003672788	13.249271392822266	13.249271392822266
174	gpt2	175	88	1	articulate	obj_rel_no_that	unexpected	The officer the pilot braves articulate	4.646933007279586e-07	4.646933007279586e-07	21.03721809387207	21.03721809387207
175	gpt2	176	88	1	articulate	obj_rel_no_that	expected	The officer the pilot braves articulates	0.009198104476013205	0.009198104476013205	12.057498693466187	12.057498693466187
176	gpt2	177	89	1	ask	obj_rel_no_that	unexpected	The officer the pilot braves ask	4.196397276245989e-05	4.196397276245989e-05	14.540489196777344	14.540489196777344
177	gpt2	178	89	1	ask	obj_rel_no_that	expected	The officer the pilot braves asks	0.0002927090099547	0.0002927090099547	11.738245010375977	11.738245010375977
178	gpt2	179	90	1	assassinate	obj_rel_no_that	unexpected	The officer the pilot braves assassinate	5.4685965977796513e-08	5.4685965977796513e-08	24.12425422668457	24.12425422668457
179	gpt2	180	90	1	assassinate	obj_rel_no_that	expected	The officer the pilot braves assassinates	0.001468791999286615	0.001468791999286615	13.565311908721924	13.565311908721924
180	gpt2	181	91	1	assemble	obj_rel_no_that	unexpected	The officer the pilot braves assemble	7.508178612170013e-08	7.508178612170013e-08	23.666961669921875	23.666961669921875
181	gpt2	182	91	1	assemble	obj_rel_no_that	expected	The officer the pilot braves assembles	0.4651801781984979	0.4651801781984979	12.354966700077057	12.354966700077057
182	gpt2	183	92	1	assert	obj_rel_no_that	unexpected	The officer the pilot braves assert	2.60879346569709e-06	2.60879346569709e-06	18.548185348510746	18.548185348510746
183	gpt2	184	92	1	assert	obj_rel_no_that	expected	The officer the pilot braves asserts	4.635515779227717e-06	4.635515779227717e-06	17.71883773803711	17.71883773803711
184	gpt2	185	93	1	assess	obj_rel_no_that	unexpected	The officer the pilot braves assess	3.4180411603301764e-06	3.4180411603301764e-06	18.15839958190918	18.15839958190918
185	gpt2	186	93	1	assess	obj_rel_no_that	expected	The officer the pilot braves assesses	0.4323903723125113	0.4323903723125113	9.183999501168728	9.183999501168728
186	gpt2	187	94	1	assign	obj_rel_no_that	unexpected	The officer the pilot braves assign	1.1710090319638768e-07	1.1710090319638768e-07	23.02574348449707	23.02574348449707
187	gpt2	188	94	1	assign	obj_rel_no_that	expected	The officer the pilot braves assigns	1.5993779243217432e-06	1.5993779243217432e-06	19.254056930541992	19.254056930541992
188	gpt2	189	95	1	assimilate	obj_rel_no_that	unexpected	The officer the pilot braves assimilate	0.009091439194733628	0.009091439194733628	13.9773485660553	13.9773485660553
189	gpt2	190	95	1	assimilate	obj_rel_no_that	expected	The officer the pilot braves assimilates	0.056915239900106926	0.056915239900106926	12.654224276542665	12.654224276542665
190	gpt2	191	96	1	assist	obj_rel_no_that	unexpected	The officer the pilot braves assist	1.4851874539090204e-06	1.4851874539090204e-06	19.360923767089844	19.360923767089844
191	gpt2	192	96	1	assist	obj_rel_no_that	expected	The officer the pilot braves assists	4.044587967655389e-06	4.044587967655389e-06	17.91557502746582	17.91557502746582
192	gpt2	193	97	1	assuage	obj_rel_no_that	unexpected	The officer the pilot braves assuage	0.042252089310447126	0.042252089310447126	7.990709225336711	7.990709225336711
193	gpt2	194	97	1	assuage	obj_rel_no_that	expected	The officer the pilot braves assuages	0.05455341014142806	0.05455341014142806	7.741393963495891	7.741393963495891
194	gpt2	195	98	1	assume	obj_rel_no_that	unexpected	The officer the pilot braves assume	5.655727363773622e-06	5.655727363773622e-06	17.431856155395508	17.431856155395508
195	gpt2	196	98	1	assume	obj_rel_no_that	expected	The officer the pilot braves assumes	3.106387157458812e-05	3.106387157458812e-05	14.97440242767334	14.97440242767334
196	gpt2	197	99	2	assure	obj_rel_no_that	unexpected	The author the customers tie assure	6.779714567528572e-07	6.779714567528572e-07	20.492271423339844	20.492271423339844
197	gpt2	198	99	2	assure	obj_rel_no_that	expected	The author the customers tie assures	1.3107382983434943e-06	1.3107382983434943e-06	19.541189193725582	19.541189193725582
198	gpt2	199	100	2	atone	obj_rel_no_that	unexpected	The author the customers tie atone	0.0012009251086055495	0.0012009251086055495	11.9010009765625	11.9010009765625
199	gpt2	200	100	2	atone	obj_rel_no_that	expected	The author the customers tie atones	0.0011869643975330358	0.0011869643975330358	14.408612251281738	14.408612251281738
200	gpt2	201	101	2	attach	obj_rel_no_that	unexpected	The author the customers tie attach	4.847387913287093e-07	4.847387913287093e-07	20.976289749145508	20.976289749145508
201	gpt2	202	101	2	attach	obj_rel_no_that	expected	The author the customers tie attaches	6.307827788987197e-07	6.307827788987197e-07	20.59635353088379	20.59635353088379
202	gpt2	203	102	2	attack	obj_rel_no_that	unexpected	The author the customers tie attack	6.786367521272041e-06	6.786367521272041e-06	17.168928146362305	17.168928146362305
203	gpt2	204	102	2	attack	obj_rel_no_that	expected	The author the customers tie attacks	8.612414603703655e-06	8.612414603703655e-06	16.825151443481445	16.825151443481445
204	gpt2	205	103	2	attain	obj_rel_no_that	unexpected	The author the customers tie attain	6.152192355557419e-08	6.152192355557419e-08	23.95432472229004	23.95432472229004
205	gpt2	206	103	2	attain	obj_rel_no_that	expected	The author the customers tie attains	0.017457942017472305	0.017457942017472305	11.382829427719116	11.382829427719116
206	gpt2	207	104	2	attempt	obj_rel_no_that	unexpected	The author the customers tie attempt	2.4365192530240165e-06	2.4365192530240165e-06	18.646747589111328	18.646747589111328
207	gpt2	208	104	2	attempt	obj_rel_no_that	expected	The author the customers tie attempts	5.5563518799317535e-06	5.5563518799317535e-06	17.457429885864258	17.457429885864258
208	gpt2	209	105	2	attend	obj_rel_no_that	unexpected	The author the customers tie attend	3.202925711320859e-07	3.202925711320859e-07	21.574106216430664	21.574106216430664
209	gpt2	210	105	2	attend	obj_rel_no_that	expected	The author the customers tie attends	3.093152258770715e-07	3.093152258770715e-07	21.624418258666992	21.624418258666992
210	gpt2	211	106	2	attention	obj_rel_no_that	unexpected	The author the customers tie attention	8.037860970944166e-05	8.037860970944166e-05	13.602828979492188	13.602828979492188
211	gpt2	212	106	2	attention	obj_rel_no_that	expected	The author the customers tie attentions	0.0028245375750372875	0.0028245375750372875	14.006042003631594	14.006042003631594
212	gpt2	213	107	2	attest	obj_rel_no_that	unexpected	The author the customers tie attest	1.1242860864513204e-06	1.1242860864513204e-06	19.76255989074707	19.76255989074707
213	gpt2	214	107	2	attest	obj_rel_no_that	expected	The author the customers tie attests	0.029319957369125405	0.029319957369125405	11.008795976638794	11.008795976638794
214	gpt2	215	108	2	attract	obj_rel_no_that	unexpected	The author the customers tie attract	8.196135468097054e-07	8.196135468097054e-07	20.21855354309082	20.21855354309082
215	gpt2	216	108	2	attract	obj_rel_no_that	expected	The author the customers tie attracts	5.109832841299067e-07	5.109832841299067e-07	20.90022087097168	20.90022087097168
216	gpt2	217	109	2	attribute	obj_rel_no_that	unexpected	The author the customers tie attribute	3.099591140198754e-06	3.099591140198754e-06	18.299489974975582	18.299489974975582
217	gpt2	218	109	2	attribute	obj_rel_no_that	expected	The author the customers tie attributes	8.186733793991152e-06	8.186733793991152e-06	16.89828109741211	16.89828109741211
218	gpt2	219	110	2	auction	obj_rel_no_that	unexpected	The author the customers tie auction	6.609920092159882e-06	6.609920092159882e-06	17.20693588256836	17.20693588256836
219	gpt2	220	110	2	auction	obj_rel_no_that	expected	The author the customers tie auctions	4.9887821660377085e-06	4.9887821660377085e-06	17.61288070678711	17.61288070678711
220	gpt2	221	111	2	audition	obj_rel_no_that	unexpected	The author the customers tie audition	1.420931852180729e-07	1.420931852180729e-07	22.746658325195312	22.746658325195312
221	gpt2	222	111	2	audition	obj_rel_no_that	expected	The author the customers tie auditions	0.014875633114229438	0.014875633114229438	11.571491241455078	11.571491241455078
222	gpt2	223	112	2	audit	obj_rel_no_that	unexpected	The author the customers tie audit	1.093685000341793e-06	1.093685000341793e-06	19.80237197875977	19.80237197875977
223	gpt2	224	112	2	audit	obj_rel_no_that	expected	The author the customers tie audits	1.5776543023093836e-06	1.5776543023093836e-06	19.273786544799805	19.273786544799805
224	gpt2	225	113	2	augment	obj_rel_no_that	unexpected	The author the customers tie augment	5.144961505720858e-07	5.144961505720858e-07	20.890336990356445	20.890336990356445
225	gpt2	226	113	2	augment	obj_rel_no_that	expected	The author the customers tie augments	0.11925068849177475	0.11925068849177475	10.40305745601654	10.40305745601654
226	gpt2	227	114	2	authorize	obj_rel_no_that	unexpected	The author the customers tie authorize	3.358225342253718e-07	3.358225342253718e-07	21.50579833984375	21.50579833984375
227	gpt2	228	114	2	authorize	obj_rel_no_that	expected	The author the customers tie authorizes	0.0005087799345346397	0.0005087799345346397	12.82932996749878	12.82932996749878
228	gpt2	229	115	2	autograph	obj_rel_no_that	unexpected	The author the customers tie autograph	0.08826038349980078	0.08826038349980078	9.76653277873993	9.76653277873993
229	gpt2	230	115	2	autograph	obj_rel_no_that	expected	The author the customers tie autographs	0.2122031535636779	0.2122031535636779	9.133710861206055	9.133710861206055
230	gpt2	231	116	2	average	obj_rel_no_that	unexpected	The author the customers tie average	2.9920120141468942e-06	2.9920120141468942e-06	18.350452423095703	18.350452423095703
231	gpt2	232	116	2	average	obj_rel_no_that	expected	The author the customers tie averages	9.182037956634304e-07	9.182037956634304e-07	20.0546817779541	20.0546817779541
232	gpt2	233	117	2	avert	obj_rel_no_that	unexpected	The author the customers tie avert	1.821313873051622e-07	1.821313873051622e-07	22.388517379760746	22.388517379760746
233	gpt2	234	117	2	avert	obj_rel_no_that	expected	The author the customers tie averts	0.01318505169838598	0.01318505169838598	13.415840148925781	13.415840148925781
234	gpt2	235	118	2	avoid	obj_rel_no_that	unexpected	The author the customers tie avoid	1.9550368506315863e-06	1.9550368506315863e-06	18.96437263488769	18.96437263488769
235	gpt2	236	118	2	avoid	obj_rel_no_that	expected	The author the customers tie avoids	5.707611308025662e-07	5.707611308025662e-07	20.740610122680664	20.740610122680664
236	gpt2	237	119	2	await	obj_rel_no_that	unexpected	The author the customers tie await	1.4739325138179993e-07	1.4739325138179993e-07	22.69382667541504	22.69382667541504
237	gpt2	238	119	2	await	obj_rel_no_that	expected	The author the customers tie awaits	1.80936140736776e-07	1.80936140736776e-07	22.39801597595215	22.39801597595215
238	gpt2	239	120	2	backfire	obj_rel_no_that	unexpected	The author the customers tie backfire	0.0030873079454067725	0.0030873079454067725	12.041183471679688	12.041183471679688
239	gpt2	240	120	2	backfire	obj_rel_no_that	expected	The author the customers tie backfires	0.0030843700660625278	0.0030843700660625278	12.785188674926758	12.785188674926758
240	gpt2	241	121	2	back	obj_rel_no_that	unexpected	The author the customers tie back	0.0061654848977923	0.0061654848977923	7.341569900512695	7.341569900512695
241	gpt2	242	121	2	back	obj_rel_no_that	expected	The author the customers tie backs	6.944046617718413e-05	6.944046617718413e-05	13.81386375427246	13.81386375427246
242	gpt2	243	122	2	bail	obj_rel_no_that	unexpected	The author the customers tie bail	4.852478014072403e-06	4.852478014072403e-06	17.652847290039062	17.652847290039062
243	gpt2	244	122	2	bail	obj_rel_no_that	expected	The author the customers tie bails	0.0011335029994370002	0.0011335029994370002	10.403911113739014	10.403911113739014
244	gpt2	245	123	2	balance	obj_rel_no_that	unexpected	The author the customers tie balance	2.427705339869135e-06	2.427705339869135e-06	18.651975631713867	18.651975631713867
245	gpt2	246	123	2	balance	obj_rel_no_that	expected	The author the customers tie balances	1.4956087852624478e-06	1.4956087852624478e-06	19.3508358001709	19.3508358001709
246	gpt2	247	124	2	balk	obj_rel_no_that	unexpected	The author the customers tie balk	1.1699150803679005e-07	1.1699150803679005e-07	23.02709197998047	23.02709197998047
247	gpt2	248	124	2	balk	obj_rel_no_that	expected	The author the customers tie balks	0.00216831883881241	0.00216831883881241	11.801991701126099	11.801991701126099
248	gpt2	249	125	2	balloon	obj_rel_no_that	unexpected	The author the customers tie balloon	1.089833131118212e-05	1.089833131118212e-05	16.485532760620117	16.485532760620117
249	gpt2	250	125	2	balloon	obj_rel_no_that	expected	The author the customers tie balloons	4.763474134961143e-05	4.763474134961143e-05	14.357625961303713	14.357625961303713
250	gpt2	251	126	2	band	obj_rel_no_that	unexpected	The author the customers tie band	0.0001219508703798	0.0001219508703798	13.001412391662598	13.001412391662598
251	gpt2	252	126	2	band	obj_rel_no_that	expected	The author the customers tie bands	5.0386068323859945e-05	5.0386068323859945e-05	14.276615142822266	14.276615142822266
252	gpt2	253	127	2	banish	obj_rel_no_that	unexpected	The author the customers tie banish	0.000590864596233553	0.000590864596233553	12.427903652191162	12.427903652191162
253	gpt2	254	127	2	banish	obj_rel_no_that	expected	The author the customers tie banishes	0.0006706586264044529	0.0006706586264044529	12.334405422210693	12.334405422210693
254	gpt2	255	128	2	bankroll	obj_rel_no_that	unexpected	The author the customers tie bankroll	0.0005333185429207826	0.0005333185429207826	13.470283031463623	13.470283031463623
255	gpt2	256	128	2	bankroll	obj_rel_no_that	expected	The author the customers tie bankrolls	0.18009897472029476	0.18009897472029476	9.277197559674581	9.277197559674581
256	gpt2	257	129	2	bankrupt	obj_rel_no_that	unexpected	The author the customers tie bankrupt	2.3806117610547522e-07	2.3806117610547522e-07	22.00216484069824	22.00216484069824
257	gpt2	258	129	2	bankrupt	obj_rel_no_that	expected	The author the customers tie bankrupts	0.013440153382830953	0.013440153382830953	13.609742164611815	13.609742164611815
258	gpt2	259	130	2	bank	obj_rel_no_that	unexpected	The author the customers tie bank	7.329252639465267e-06	7.329252639465267e-06	17.057903289794922	17.057903289794922
259	gpt2	260	130	2	bank	obj_rel_no_that	expected	The author the customers tie banks	1.388928467349615e-05	1.388928467349615e-05	16.13566780090332	16.13566780090332
260	gpt2	261	131	2	ban	obj_rel_no_that	unexpected	The author the customers tie ban	2.856034188880585e-05	2.856034188880585e-05	15.095626831054688	15.095626831054688
261	gpt2	262	131	2	ban	obj_rel_no_that	expected	The author the customers tie bans	9.77807485469384e-06	9.77807485469384e-06	16.642017364501953	16.642017364501953
262	gpt2	263	132	2	bargain	obj_rel_no_that	unexpected	The author the customers tie bargain	1.4518848274747145e-06	1.4518848274747145e-06	19.39364051818848	19.39364051818848
263	gpt2	264	132	2	bargain	obj_rel_no_that	expected	The author the customers tie bargains	0.4718621763693136	0.4718621763693136	9.290899269282818	9.290899269282818
264	gpt2	265	133	2	bar	obj_rel_no_that	unexpected	The author the customers tie bar	0.0001751376112224	0.0001751376112224	12.479223251342772	12.479223251342772
265	gpt2	266	133	2	bar	obj_rel_no_that	expected	The author the customers tie bars	3.582023418857716e-05	3.582023418857716e-05	14.768865585327148	14.768865585327148
266	gpt2	267	134	2	base	obj_rel_no_that	unexpected	The author the customers tie base	3.0472223443211988e-05	3.0472223443211988e-05	15.002145767211914	15.002145767211914
267	gpt2	268	134	2	base	obj_rel_no_that	expected	The author the customers tie bases	6.448432486649836e-06	6.448432486649836e-06	17.24262046813965	17.24262046813965
268	gpt2	269	135	2	bash	obj_rel_no_that	unexpected	The author the customers tie bash	1.1355097058185493e-06	1.1355097058185493e-06	19.74822807312012	19.74822807312012
269	gpt2	270	135	2	bash	obj_rel_no_that	expected	The author the customers tie bashes	0.018565237802476948	0.018565237802476948	11.640703678131105	11.640703678131105
270	gpt2	271	136	2	batter	obj_rel_no_that	unexpected	The author the customers tie batter	1.5345610790973296e-06	1.5345610790973296e-06	19.31374168395996	19.31374168395996
271	gpt2	272	136	2	batter	obj_rel_no_that	expected	The author the customers tie batters	5.286980240271077e-07	5.286980240271077e-07	20.85105323791504	20.85105323791504
272	gpt2	273	137	2	battle	obj_rel_no_that	unexpected	The author the customers tie battle	6.415652023861185e-06	6.415652023861185e-06	17.24997329711914	17.24997329711914
273	gpt2	274	137	2	battle	obj_rel_no_that	expected	The author the customers tie battles	3.5473331081448123e-06	3.5473331081448123e-06	18.104833602905277	18.104833602905277
274	gpt2	275	138	2	bear	obj_rel_no_that	unexpected	The author the customers tie bear	6.243362804525532e-06	6.243362804525532e-06	17.28924560546875	17.28924560546875
275	gpt2	276	138	2	bear	obj_rel_no_that	expected	The author the customers tie bears	1.26053982967278e-05	1.26053982967278e-05	16.275598526000977	16.275598526000977
276	gpt2	277	139	2	beat	obj_rel_no_that	unexpected	The author the customers tie beat	8.267767952929717e-06	8.267767952929717e-06	16.884071350097656	16.884071350097656
277	gpt2	278	139	2	beat	obj_rel_no_that	expected	The author the customers tie beats	8.131209142447915e-06	8.131209142447915e-06	16.908098220825195	16.908098220825195
278	gpt2	279	140	2	become	obj_rel_no_that	unexpected	The author the customers tie become	1.1315451956761535e-05	1.1315451956761535e-05	16.431346893310547	16.431346893310547
279	gpt2	280	140	2	become	obj_rel_no_that	expected	The author the customers tie becomes	2.354782736802008e-05	2.354782736802008e-05	15.374046325683594	15.374046325683594
280	gpt2	281	141	2	bedevil	obj_rel_no_that	unexpected	The author the customers tie bedevil	4.72685246677429e-05	4.72685246677429e-05	15.652492046356201	15.652492046356201
281	gpt2	282	141	2	bedevil	obj_rel_no_that	expected	The author the customers tie bedevils	0.21286433265534768	0.21286433265534768	9.109768311182657	9.109768311182657
282	gpt2	283	142	2	beef	obj_rel_no_that	unexpected	The author the customers tie beef	5.7246875257988e-06	5.7246875257988e-06	17.414371490478516	17.414371490478516
283	gpt2	284	142	2	beef	obj_rel_no_that	expected	The author the customers tie beefs	0.0018853390758976993	0.0018853390758976993	12.73376178741455	12.73376178741455
284	gpt2	285	143	2	begin	obj_rel_no_that	unexpected	The author the customers tie begin	2.1239702618913725e-06	2.1239702618913725e-06	18.844804763793945	18.844804763793945
285	gpt2	286	143	2	begin	obj_rel_no_that	expected	The author the customers tie begins	1.1339822776790244e-05	1.1339822776790244e-05	16.428241729736328	16.428241729736328
286	gpt2	287	144	2	behave	obj_rel_no_that	unexpected	The author the customers tie behave	1.7526097906284124e-07	1.7526097906284124e-07	22.443992614746094	22.443992614746094
287	gpt2	288	144	2	behave	obj_rel_no_that	expected	The author the customers tie behaves	2.5954710736186826e-07	2.5954710736186826e-07	21.877500534057617	21.877500534057617
288	gpt2	289	145	2	belie	obj_rel_no_that	unexpected	The author the customers tie belie	4.783791496265621e-07	4.783791496265621e-07	20.995342254638672	20.995342254638672
289	gpt2	290	145	2	belie	obj_rel_no_that	expected	The author the customers tie belies	0.004016892979507242	0.004016892979507242	11.786338329315186	11.786338329315186
290	gpt2	291	146	2	believe	obj_rel_no_that	unexpected	The author the customers tie believe	2.1342455511330627e-05	2.1342455511330627e-05	15.515913963317873	15.515913963317873
291	gpt2	292	146	2	believe	obj_rel_no_that	expected	The author the customers tie believes	6.685132120765047e-06	6.685132120765047e-06	17.19061279296875	17.19061279296875
292	gpt2	293	147	2	bellow	obj_rel_no_that	unexpected	The author the customers tie bellow	0.027068920437159208	0.027068920437159208	9.51582646369934	9.51582646369934
293	gpt2	294	147	2	bellow	obj_rel_no_that	expected	The author the customers tie bellows	0.1054110415316245	0.1054110415316245	8.534826517105103	8.534826517105103
294	gpt2	295	148	2	belong	obj_rel_no_that	unexpected	The author the customers tie belong	1.614463599253213e-06	1.614463599253213e-06	19.24051284790039	19.24051284790039
295	gpt2	296	148	2	belong	obj_rel_no_that	expected	The author the customers tie belongs	3.494682232485502e-06	3.494682232485502e-06	18.126407623291016	18.126407623291016
296	gpt2	297	149	2	bend	obj_rel_no_that	unexpected	The author the customers tie bend	1.4248352044887724e-06	1.4248352044887724e-06	19.420772552490234	19.420772552490234
297	gpt2	298	149	2	bend	obj_rel_no_that	expected	The author the customers tie bends	4.07562396276262e-07	4.07562396276262e-07	21.22647476196289	21.22647476196289
298	gpt2	299	150	2	benefit	obj_rel_no_that	unexpected	The author the customers tie benefit	2.7390967716200976e-06	2.7390967716200976e-06	18.47786903381348	18.47786903381348
299	gpt2	300	150	2	benefit	obj_rel_no_that	expected	The author the customers tie benefits	1.93188498087693e-05	1.93188498087693e-05	15.65963077545166	15.65963077545166
300	gpt2	301	151	2	bet	obj_rel_no_that	unexpected	The author the customers tie bet	1.6219646568060853e-05	1.6219646568060853e-05	15.911897659301758	15.911897659301758
301	gpt2	302	151	2	bet	obj_rel_no_that	expected	The author the customers tie bets	1.008777144306805e-05	1.008777144306805e-05	16.59703254699707	16.59703254699707
302	gpt2	303	152	2	are	obj_rel_no_that	unexpected	The author the customers tie are	0.0005501691484823	0.0005501691484823	10.827836990356444	10.827836990356444
303	gpt2	304	152	2	are	obj_rel_no_that	expected	The author the customers tie is	0.0038442462682724	0.0038442462682724	8.023083686828613	8.023083686828613
304	gpt2	305	153	2	bid	obj_rel_no_that	unexpected	The author the customers tie bid	8.321178029291332e-06	8.321178029291332e-06	16.874780654907227	16.874780654907227
305	gpt2	306	153	2	bid	obj_rel_no_that	expected	The author the customers tie bids	1.7804284652811475e-05	1.7804284652811475e-05	15.777416229248049	15.777416229248049
306	gpt2	307	154	2	bill	obj_rel_no_that	unexpected	The author the customers tie bill	1.931678707478568e-05	1.931678707478568e-05	15.659785270690918	15.659785270690918
307	gpt2	308	154	2	bill	obj_rel_no_that	expected	The author the customers tie bills	3.16807818308007e-05	3.16807818308007e-05	14.946032524108888	14.946032524108888
308	gpt2	309	155	2	bite	obj_rel_no_that	unexpected	The author the customers tie bite	9.915281680150656e-07	9.915281680150656e-07	19.9438419342041	19.9438419342041
309	gpt2	310	155	2	bite	obj_rel_no_that	expected	The author the customers tie bites	3.216015102225356e-06	3.216015102225356e-06	18.246294021606445	18.246294021606445
310	gpt2	311	156	2	blackmail	obj_rel_no_that	unexpected	The author the customers tie blackmail	8.926941177378467e-07	8.926941177378467e-07	20.0953311920166	20.0953311920166
311	gpt2	312	156	2	blackmail	obj_rel_no_that	expected	The author the customers tie blackmails	0.0002117312651534788	0.0002117312651534788	13.019577026367188	13.019577026367188
312	gpt2	313	157	2	blame	obj_rel_no_that	unexpected	The author the customers tie blame	1.0385543646407314e-05	1.0385543646407314e-05	16.555063247680664	16.555063247680664
313	gpt2	314	157	2	blame	obj_rel_no_that	expected	The author the customers tie blames	1.5191843658612925e-06	1.5191843658612925e-06	19.328271865844727	19.328271865844727
314	gpt2	315	158	2	blast	obj_rel_no_that	unexpected	The author the customers tie blast	2.686803100004909e-07	2.686803100004909e-07	21.827606201171875	21.827606201171875
315	gpt2	316	158	2	blast	obj_rel_no_that	expected	The author the customers tie blasts	6.284722076088656e-07	6.284722076088656e-07	20.60164833068848	20.60164833068848
316	gpt2	317	159	2	bleed	obj_rel_no_that	unexpected	The author the customers tie bleed	7.597497528877284e-07	7.597497528877284e-07	20.32797241210937	20.32797241210937
317	gpt2	318	159	2	bleed	obj_rel_no_that	expected	The author the customers tie bleeds	0.009471478702380376	0.009471478702380376	11.290872573852539	11.290872573852539
318	gpt2	319	160	2	blend	obj_rel_no_that	unexpected	The author the customers tie blend	6.164575552247697e-07	6.164575552247697e-07	20.62949562072754	20.62949562072754
319	gpt2	320	160	2	blend	obj_rel_no_that	expected	The author the customers tie blends	1.6072249309218023e-06	1.6072249309218023e-06	19.24699592590332	19.24699592590332
320	gpt2	321	161	2	bless	obj_rel_no_that	unexpected	The author the customers tie bless	8.307630423587398e-07	8.307630423587398e-07	20.19906044006348	20.19906044006348
321	gpt2	322	161	2	bless	obj_rel_no_that	expected	The author the customers tie blesses	0.06645145082148927	0.06645145082148927	11.555312395095827	11.555312395095827
322	gpt2	323	162	2	blink	obj_rel_no_that	unexpected	The author the customers tie blink	3.651610143151629e-07	3.651610143151629e-07	21.38496398925781	21.38496398925781
323	gpt2	324	162	2	blink	obj_rel_no_that	expected	The author the customers tie blinks	0.0016839437412272543	0.0016839437412272543	11.021346092224121	11.021346092224121
324	gpt2	325	163	2	block	obj_rel_no_that	unexpected	The author the customers tie block	7.78060893935617e-06	7.78060893935617e-06	16.9716854095459	16.9716854095459
325	gpt2	326	163	2	block	obj_rel_no_that	expected	The author the customers tie blocks	1.6497708202223293e-05	1.6497708202223293e-05	15.887374877929688	15.887374877929688
326	gpt2	327	164	2	blow	obj_rel_no_that	unexpected	The author the customers tie blow	2.605660483823158e-06	2.605660483823158e-06	18.54991912841797	18.54991912841797
327	gpt2	328	164	2	blow	obj_rel_no_that	expected	The author the customers tie blows	3.920822109648725e-06	3.920822109648725e-06	17.960412979125977	17.960412979125977
328	gpt2	329	165	2	blunder	obj_rel_no_that	unexpected	The author the customers tie blunder	0.0011268981725152043	0.0011268981725152043	11.318718910217285	11.318718910217285
329	gpt2	330	165	2	blunder	obj_rel_no_that	expected	The author the customers tie blunders	0.0015330137212004043	0.0015330137212004043	11.090595722198486	11.090595722198486
330	gpt2	331	166	2	blunt	obj_rel_no_that	unexpected	The author the customers tie blunt	3.352440103299159e-07	3.352440103299159e-07	21.508285522460938	21.508285522460938
331	gpt2	332	166	2	blunt	obj_rel_no_that	expected	The author the customers tie blunts	0.006434774211811554	0.006434774211811554	10.043075561523438	10.043075561523438
332	gpt2	333	167	2	blur	obj_rel_no_that	unexpected	The author the customers tie blur	8.28819452181051e-07	8.28819452181051e-07	20.202438354492188	20.202438354492188
333	gpt2	334	167	2	blur	obj_rel_no_that	expected	The author the customers tie blurs	0.0076219250440772044	0.0076219250440772044	9.920326709747314	9.920326709747314
334	gpt2	335	168	2	board	obj_rel_no_that	unexpected	The author the customers tie board	7.215984805952758e-05	7.215984805952758e-05	13.75844383239746	13.75844383239746
335	gpt2	336	168	2	board	obj_rel_no_that	expected	The author the customers tie boards	3.480116720311344e-05	3.480116720311344e-05	14.810504913330078	14.810504913330078
336	gpt2	337	169	2	boast	obj_rel_no_that	unexpected	The author the customers tie boast	4.884064992438653e-07	4.884064992438653e-07	20.96541404724121	20.96541404724121
337	gpt2	338	169	2	boast	obj_rel_no_that	expected	The author the customers tie boasts	1.3132207641319835e-06	1.3132207641319835e-06	19.53845977783203	19.53845977783203
338	gpt2	339	170	2	bode	obj_rel_no_that	unexpected	The author the customers tie bode	0.0012459347053663502	0.0012459347053663502	10.326825141906738	10.326825141906738
339	gpt2	340	170	2	bode	obj_rel_no_that	expected	The author the customers tie bodes	0.00030811328906565	0.00030811328906565	11.673551082611084	11.673551082611084
340	gpt2	341	171	2	bog	obj_rel_no_that	unexpected	The author the customers tie bog	5.904986437599291e-07	5.904986437599291e-07	20.69156265258789	20.69156265258789
341	gpt2	342	171	2	bog	obj_rel_no_that	expected	The author the customers tie bogs	0.0011669533123495	0.0011669533123495	10.380103588104248	10.380103588104248
342	gpt2	343	172	2	bolster	obj_rel_no_that	unexpected	The author the customers tie bolster	3.1825618407310685e-07	3.1825618407310685e-07	21.58330726623535	21.58330726623535
343	gpt2	344	172	2	bolster	obj_rel_no_that	expected	The author the customers tie bolsters	0.18083843899580643	0.18083843899580643	10.209144115448	10.209144115448
344	gpt2	345	173	2	bomb	obj_rel_no_that	unexpected	The author the customers tie bomb	2.2738173356628977e-05	2.2738173356628977e-05	15.424524307250977	15.424524307250977
345	gpt2	346	173	2	bomb	obj_rel_no_that	expected	The author the customers tie bombs	6.37484117760323e-05	6.37484117760323e-05	13.937251091003418	13.937251091003418
346	gpt2	347	174	2	boom	obj_rel_no_that	unexpected	The author the customers tie boom	9.667654694567318e-07	9.667654694567318e-07	19.98033142089844	19.98033142089844
347	gpt2	348	174	2	boom	obj_rel_no_that	expected	The author the customers tie booms	0.0370369877755365	0.0370369877755365	10.221264123916626	10.221264123916626
348	gpt2	349	175	2	boost	obj_rel_no_that	unexpected	The author the customers tie boost	4.749063293729705e-07	4.749063293729705e-07	21.0058536529541	21.0058536529541
349	gpt2	350	175	2	boost	obj_rel_no_that	expected	The author the customers tie boosts	6.818463020863419e-07	6.818463020863419e-07	20.484050750732425	20.484050750732425
350	gpt2	351	176	2	borrow	obj_rel_no_that	unexpected	The author the customers tie borrow	4.462951437744778e-06	4.462951437744778e-06	17.773571014404297	17.773571014404297
351	gpt2	352	176	2	borrow	obj_rel_no_that	expected	The author the customers tie borrows	0.21792369711101853	0.21792369711101853	9.485845386981964	9.485845386981964
352	gpt2	353	177	2	bother	obj_rel_no_that	unexpected	The author the customers tie bother	2.9427599201881094e-07	2.9427599201881094e-07	21.696327209472656	21.696327209472656
353	gpt2	354	177	2	bother	obj_rel_no_that	expected	The author the customers tie bothers	3.785590081406554e-07	3.785590081406554e-07	21.332979202270508	21.332979202270508
354	gpt2	355	178	2	bottle	obj_rel_no_that	unexpected	The author the customers tie bottle	1.0404656677565072e-05	1.0404656677565072e-05	16.552410125732422	16.552410125732422
355	gpt2	356	178	2	bottle	obj_rel_no_that	expected	The author the customers tie bottles	2.058411701000296e-05	2.058411701000296e-05	15.568108558654783	15.568108558654783
356	gpt2	357	179	2	bounce	obj_rel_no_that	unexpected	The author the customers tie bounce	1.632166828358095e-07	1.632166828358095e-07	22.546707153320312	22.546707153320312
357	gpt2	358	179	2	bounce	obj_rel_no_that	expected	The author the customers tie bounces	2.0003372469545866e-07	2.0003372469545866e-07	22.253253936767575	22.253253936767575
358	gpt2	359	180	2	bow	obj_rel_no_that	unexpected	The author the customers tie bow	6.215017492650077e-05	6.215017492650077e-05	13.973881721496582	13.973881721496582
359	gpt2	360	180	2	bow	obj_rel_no_that	expected	The author the customers tie bows	6.255261541809887e-05	6.255261541809887e-05	13.964570045471191	13.964570045471191
360	gpt2	361	181	2	brace	obj_rel_no_that	unexpected	The author the customers tie brace	1.7478310837759636e-05	1.7478310837759636e-05	15.80407428741455	15.80407428741455
361	gpt2	362	181	2	brace	obj_rel_no_that	expected	The author the customers tie braces	1.7015818229992874e-05	1.7015818229992874e-05	15.842763900756836	15.842763900756836
362	gpt2	363	182	2	brag	obj_rel_no_that	unexpected	The author the customers tie brag	0.003901290786416208	0.003901290786416208	11.026949167251587	11.026949167251587
363	gpt2	364	182	2	brag	obj_rel_no_that	expected	The author the customers tie brags	0.001757619166710308	0.001757619166710308	11.60546588897705	11.60546588897705
364	gpt2	365	183	2	branch	obj_rel_no_that	unexpected	The author the customers tie branch	4.101062586414628e-06	4.101062586414628e-06	17.895570755004883	17.895570755004883
365	gpt2	366	183	2	branch	obj_rel_no_that	expected	The author the customers tie branches	2.531850986997597e-05	2.531850986997597e-05	15.269448280334473	15.269448280334473
366	gpt2	367	184	2	brave	obj_rel_no_that	unexpected	The author the customers tie brave	3.6474771150096794e-06	3.6474771150096794e-06	18.064668655395508	18.064668655395508
367	gpt2	368	184	2	brave	obj_rel_no_that	expected	The author the customers tie braves	0.0015609280926582778	0.0015609280926582778	12.013366222381592	12.013366222381592
368	gpt2	369	185	2	brazen	obj_rel_no_that	unexpected	The author the customers tie brazen	2.0501656194937826e-07	2.0501656194937826e-07	22.217756271362305	22.217756271362305
369	gpt2	370	185	2	brazen	obj_rel_no_that	expected	The author the customers tie brazens	0.0015031128132249668	0.0015031128132249668	10.158031781514486	10.158031781514486
370	gpt2	371	186	2	breach	obj_rel_no_that	unexpected	The author the customers tie breach	6.528100584546337e-07	6.528100584546337e-07	20.54683303833008	20.54683303833008
371	gpt2	372	186	2	breach	obj_rel_no_that	expected	The author the customers tie breaches	1.5113578228920233e-06	1.5113578228920233e-06	19.335723876953125	19.335723876953125
372	gpt2	373	187	2	break	obj_rel_no_that	unexpected	The author the customers tie break	9.210001735482363e-06	9.210001735482363e-06	16.72836685180664	16.72836685180664
373	gpt2	374	187	2	break	obj_rel_no_that	expected	The author the customers tie breaks	8.300823537865654e-06	8.300823537865654e-06	16.878314971923828	16.878314971923828
374	gpt2	375	188	2	breed	obj_rel_no_that	unexpected	The author the customers tie breed	2.2275667106441688e-06	2.2275667106441688e-06	18.776100158691406	18.776100158691406
375	gpt2	376	188	2	breed	obj_rel_no_that	expected	The author the customers tie breeds	3.0750945825275267e-06	3.0750945825275267e-06	18.310937881469727	18.310937881469727
376	gpt2	377	189	2	brew	obj_rel_no_that	unexpected	The author the customers tie brew	4.99763700645417e-07	4.99763700645417e-07	20.9322509765625	20.9322509765625
377	gpt2	378	189	2	brew	obj_rel_no_that	expected	The author the customers tie brews	0.23446432902346712	0.23446432902346712	11.012406051158905	11.012406051158905
378	gpt2	379	190	2	bribe	obj_rel_no_that	unexpected	The author the customers tie bribe	3.465170550498442e-07	3.465170550498442e-07	21.460569381713867	21.460569381713867
379	gpt2	380	190	2	bribe	obj_rel_no_that	expected	The author the customers tie bribes	1.6351028762073838e-06	1.6351028762073838e-06	19.222187042236328	19.222187042236328
380	gpt2	381	191	2	bridge	obj_rel_no_that	unexpected	The author the customers tie bridge	1.1042035112041049e-05	1.1042035112041049e-05	16.46663475036621	16.46663475036621
381	gpt2	382	191	2	bridge	obj_rel_no_that	expected	The author the customers tie bridges	2.218502413597889e-05	2.218502413597889e-05	15.460054397583008	15.460054397583008
382	gpt2	383	192	2	brief	obj_rel_no_that	unexpected	The author the customers tie brief	6.501884399767732e-06	6.501884399767732e-06	17.230710983276367	17.230710983276367
383	gpt2	384	192	2	brief	obj_rel_no_that	expected	The author the customers tie briefs	2.1922619453107477e-06	2.1922619453107477e-06	18.799148559570312	18.799148559570312
384	gpt2	385	193	2	bring	obj_rel_no_that	unexpected	The author the customers tie bring	7.026299044810003e-06	7.026299044810003e-06	17.118803024291992	17.118803024291992
385	gpt2	386	193	2	bring	obj_rel_no_that	expected	The author the customers tie brings	1.4422200365515891e-05	1.4422200365515891e-05	16.081348419189453	16.081348419189453
386	gpt2	387	194	2	broadcast	obj_rel_no_that	unexpected	The author the customers tie broadcast	8.887458307071938e-07	8.887458307071938e-07	20.101726531982425	20.101726531982425
387	gpt2	388	194	2	broadcast	obj_rel_no_that	expected	The author the customers tie broadcasts	7.250357043631084e-07	7.250357043631084e-07	20.39544486999512	20.39544486999512
388	gpt2	389	195	2	broaden	obj_rel_no_that	unexpected	The author the customers tie broaden	3.4776828528038095e-08	3.4776828528038095e-08	24.77729797363281	24.77729797363281
389	gpt2	390	195	2	broaden	obj_rel_no_that	expected	The author the customers tie broadens	0.00045009651125834337	0.00045009651125834337	13.81443452835083	13.81443452835083
390	gpt2	391	196	2	browbeat	obj_rel_no_that	unexpected	The author the customers tie browbeat	0.00034356217270213563	0.00034356217270213563	14.036797523498535	14.036797523498535
391	gpt2	392	196	2	browbeat	obj_rel_no_that	expected	The author the customers tie browbeats	0.16278155759922203	0.16278155759922203	10.310866673787435	10.310866673787435
392	gpt2	393	197	3	brush	obj_rel_no_that	unexpected	The senator the teachers defuse brush	6.63300379528664e-05	6.63300379528664e-05	13.87997817993164	13.87997817993164
393	gpt2	394	197	3	brush	obj_rel_no_that	expected	The senator the teachers defuse brushes	2.9404147426248528e-05	2.9404147426248528e-05	15.05362033843994	15.05362033843994
394	gpt2	395	198	3	buckle	obj_rel_no_that	unexpected	The senator the teachers defuse buckle	2.2719367720469563e-08	2.2719367720469563e-08	25.391502380371094	25.391502380371094
395	gpt2	396	198	3	buckle	obj_rel_no_that	expected	The senator the teachers defuse buckles	0.27927024447387794	0.27927024447387794	9.867384195327759	9.867384195327759
396	gpt2	397	199	3	buck	obj_rel_no_that	unexpected	The senator the teachers defuse buck	2.052058107437915e-06	2.052058107437915e-06	18.89449691772461	18.89449691772461
397	gpt2	398	199	3	buck	obj_rel_no_that	expected	The senator the teachers defuse bucks	5.917134444644034e-07	5.917134444644034e-07	20.6885986328125	20.6885986328125
398	gpt2	399	200	3	budge	obj_rel_no_that	unexpected	The senator the teachers defuse budge	0.025319155376450863	0.025319155376450863	11.884121417999268	11.884121417999268
399	gpt2	400	200	3	budge	obj_rel_no_that	expected	The senator the teachers defuse budges	0.020003741677896866	0.020003741677896866	12.05410647392273	12.05410647392273
400	gpt2	401	201	3	buffer	obj_rel_no_that	unexpected	The senator the teachers defuse buffer	3.545974891494552e-07	3.545974891494552e-07	21.42731475830078	21.42731475830078
401	gpt2	402	201	3	buffer	obj_rel_no_that	expected	The senator the teachers defuse buffers	1.456120344300871e-07	1.456120344300871e-07	22.711366653442383	22.711366653442383
402	gpt2	403	202	3	buffet	obj_rel_no_that	unexpected	The senator the teachers defuse buffet	2.565592467362876e-07	2.565592467362876e-07	21.89420509338379	21.89420509338379
403	gpt2	404	202	3	buffet	obj_rel_no_that	expected	The senator the teachers defuse buffets	0.0073808582928335895	0.0073808582928335895	13.40122985839844	13.40122985839844
404	gpt2	405	203	3	build	obj_rel_no_that	unexpected	The senator the teachers defuse build	8.778218216320965e-06	8.778218216320965e-06	16.797639846801758	16.797639846801758
405	gpt2	406	203	3	build	obj_rel_no_that	expected	The senator the teachers defuse builds	1.5284311984942178e-06	1.5284311984942178e-06	19.31951713562012	19.31951713562012
406	gpt2	407	204	3	bumble	obj_rel_no_that	unexpected	The senator the teachers defuse bumble	0.0008885878924047	0.0008885878924047	11.106884956359863	11.106884956359863
407	gpt2	408	204	3	bumble	obj_rel_no_that	expected	The senator the teachers defuse bumbles	0.0005123779264977	0.0005123779264977	11.545041561126709	11.545041561126709
408	gpt2	409	205	3	bump	obj_rel_no_that	unexpected	The senator the teachers defuse bump	2.174544079025509e-06	2.174544079025509e-06	18.81085586547852	18.81085586547852
409	gpt2	410	205	3	bump	obj_rel_no_that	expected	The senator the teachers defuse bumps	6.787992333556758e-06	6.787992333556758e-06	17.168582916259766	17.168582916259766
410	gpt2	411	206	3	buoy	obj_rel_no_that	unexpected	The senator the teachers defuse buoy	7.424864634231199e-07	7.424864634231199e-07	20.36113166809082	20.36113166809082
411	gpt2	412	206	3	buoy	obj_rel_no_that	expected	The senator the teachers defuse buoys	0.005988335247025125	0.005988335247025125	12.43043828010559	12.43043828010559
412	gpt2	413	207	3	burn	obj_rel_no_that	unexpected	The senator the teachers defuse burn	4.2896197555819526e-05	4.2896197555819526e-05	14.508790969848633	14.508790969848633
413	gpt2	414	207	3	burn	obj_rel_no_that	expected	The senator the teachers defuse burns	2.154587855329737e-05	2.154587855329737e-05	15.50222873687744	15.50222873687744
414	gpt2	415	208	3	bury	obj_rel_no_that	unexpected	The senator the teachers defuse bury	1.0907990599662298e-07	1.0907990599662298e-07	23.12811088562012	23.12811088562012
415	gpt2	416	208	3	bury	obj_rel_no_that	expected	The senator the teachers defuse buries	0.0028041760824066733	0.0028041760824066733	13.654415130615234	13.654415130615234
416	gpt2	417	209	3	buttress	obj_rel_no_that	unexpected	The senator the teachers defuse buttress	0.09141207142920389	0.09141207142920389	10.122150659561157	10.122150659561157
417	gpt2	418	209	3	buttress	obj_rel_no_that	expected	The senator the teachers defuse buttresses	0.021488361351202898	0.021488361351202898	11.166621923446655	11.166621923446655
418	gpt2	419	210	3	butt	obj_rel_no_that	unexpected	The senator the teachers defuse butt	4.403874299896415e-06	4.403874299896415e-06	17.792795181274414	17.792795181274414
419	gpt2	420	210	3	butt	obj_rel_no_that	expected	The senator the teachers defuse butts	0.0003617110560298	0.0003617110560298	11.637539863586426	11.637539863586426
420	gpt2	421	211	3	buy-back	obj_rel_no_that	unexpected	The senator the teachers defuse buy-back	0.26438550759314694	0.26438550759314694	9.630022406578064	9.630022406578064
421	gpt2	422	211	3	buy-back	obj_rel_no_that	expected	The senator the teachers defuse buy-backs	0.26438550759314694	0.26438550759314694	9.630022406578064	9.630022406578064
422	gpt2	423	212	3	buy	obj_rel_no_that	unexpected	The senator the teachers defuse buy	3.0121993859211216e-06	3.0121993859211216e-06	18.34075164794922	18.34075164794922
423	gpt2	424	212	3	buy	obj_rel_no_that	expected	The senator the teachers defuse buys	4.98866086218186e-07	4.98866086218186e-07	20.934844970703125	20.934844970703125
424	gpt2	425	213	3	buzz	obj_rel_no_that	unexpected	The senator the teachers defuse buzz	9.398559996043332e-06	9.398559996043332e-06	16.699129104614258	16.699129104614258
425	gpt2	426	213	3	buzz	obj_rel_no_that	expected	The senator the teachers defuse buzzes	0.0062585266432506215	0.0062585266432506215	11.510087013244629	11.510087013244629
426	gpt2	427	214	3	bypass	obj_rel_no_that	unexpected	The senator the teachers defuse bypass	1.0157208407690633e-07	1.0157208407690633e-07	23.230993270874023	23.230993270874023
427	gpt2	428	214	3	bypass	obj_rel_no_that	expected	The senator the teachers defuse bypasses	0.08984929186394194	0.08984929186394194	12.853671550750732	12.853671550750732
428	gpt2	429	215	3	calculate	obj_rel_no_that	unexpected	The senator the teachers defuse calculate	8.949764662702364e-08	8.949764662702364e-08	23.41357421875	23.41357421875
429	gpt2	430	215	3	calculate	obj_rel_no_that	expected	The senator the teachers defuse calculates	4.361001515462704e-08	4.361001515462704e-08	24.45076560974121	24.45076560974121
430	gpt2	431	216	3	call	obj_rel_no_that	unexpected	The senator the teachers defuse call	0.0002068707108264	0.0002068707108264	12.238983154296877	12.238983154296877
431	gpt2	432	216	3	call	obj_rel_no_that	expected	The senator the teachers defuse calls	0.0016386255156248	0.0016386255156248	9.253297805786133	9.253297805786133
432	gpt2	433	217	3	calm	obj_rel_no_that	unexpected	The senator the teachers defuse calm	1.2483314094424712e-05	1.2483314094424712e-05	16.28963851928711	16.28963851928711
433	gpt2	434	217	3	calm	obj_rel_no_that	expected	The senator the teachers defuse calms	0.0967586806532381	0.0967586806532381	9.388283729553223	9.388283729553223
434	gpt2	435	218	3	cancel	obj_rel_no_that	unexpected	The senator the teachers defuse cancel	6.357125243994233e-07	6.357125243994233e-07	20.58512306213379	20.58512306213379
435	gpt2	436	218	3	cancel	obj_rel_no_that	expected	The senator the teachers defuse cancels	0.211069022580574	0.211069022580574	10.914669275283813	10.914669275283813
436	gpt2	437	219	3	capitalize	obj_rel_no_that	unexpected	The senator the teachers defuse capitalize	1.7897924919907382e-08	1.7897924919907382e-08	25.735631942749023	25.735631942749023
437	gpt2	438	219	3	capitalize	obj_rel_no_that	expected	The senator the teachers defuse capitalizes	0.00021576444896708347	0.00021576444896708347	13.694839000701904	13.694839000701904
438	gpt2	439	220	3	capture	obj_rel_no_that	unexpected	The senator the teachers defuse capture	2.5891015411616536e-06	2.5891015411616536e-06	18.55911636352539	18.55911636352539
439	gpt2	440	220	3	capture	obj_rel_no_that	expected	The senator the teachers defuse captures	3.734424751655752e-07	3.734424751655752e-07	21.35260963439941	21.35260963439941
440	gpt2	441	221	3	cap	obj_rel_no_that	unexpected	The senator the teachers defuse cap	8.792159860604443e-06	8.792159860604443e-06	16.795351028442383	16.795351028442383
441	gpt2	442	221	3	cap	obj_rel_no_that	expected	The senator the teachers defuse caps	5.689088084182004e-06	5.689088084182004e-06	17.423370361328125	17.423370361328125
442	gpt2	443	222	3	careen	obj_rel_no_that	unexpected	The senator the teachers defuse careen	7.965862823766656e-05	7.965862823766656e-05	13.645288467407227	13.645288467407227
443	gpt2	444	222	3	careen	obj_rel_no_that	expected	The senator the teachers defuse careens	0.00028236945217935974	0.00028236945217935974	12.450386047363281	12.450386047363281
444	gpt2	445	223	3	care	obj_rel_no_that	unexpected	The senator the teachers defuse care	6.371844210661948e-05	6.371844210661948e-05	13.937929153442385	13.937929153442385
445	gpt2	446	223	3	care	obj_rel_no_that	expected	The senator the teachers defuse cares	9.627021427149884e-06	9.627021427149884e-06	16.664478302001953	16.664478302001953
446	gpt2	447	224	3	caricature	obj_rel_no_that	unexpected	The senator the teachers defuse caricature	1.1601284768403277e-06	1.1601284768403277e-06	19.717283248901367	19.717283248901367
447	gpt2	448	224	3	caricature	obj_rel_no_that	expected	The senator the teachers defuse caricatures	0.4633045580869748	0.4633045580869748	9.406947538256645	9.406947538256645
448	gpt2	449	225	3	carry	obj_rel_no_that	unexpected	The senator the teachers defuse carry	2.204286101914477e-05	2.204286101914477e-05	15.46932888031006	15.46932888031006
449	gpt2	450	225	3	carry	obj_rel_no_that	expected	The senator the teachers defuse carries	1.6137979400809854e-05	1.6137979400809854e-05	15.919180870056152	15.919180870056152
450	gpt2	451	226	3	cash	obj_rel_no_that	unexpected	The senator the teachers defuse cash	9.180983397527598e-06	9.180983397527598e-06	16.732919692993164	16.732919692993164
451	gpt2	452	226	3	cash	obj_rel_no_that	expected	The senator the teachers defuse cashes	0.005864355932885692	0.005864355932885692	12.991511821746826	12.991511821746826
452	gpt2	453	227	3	cast	obj_rel_no_that	unexpected	The senator the teachers defuse cast	4.692838047049008e-06	4.692838047049008e-06	17.701107025146484	17.701107025146484
453	gpt2	454	227	3	cast	obj_rel_no_that	expected	The senator the teachers defuse casts	7.880244652369583e-07	7.880244652369583e-07	20.275257110595703	20.275257110595703
454	gpt2	455	228	3	catapult	obj_rel_no_that	unexpected	The senator the teachers defuse catapult	1.9781482478720136e-06	1.9781482478720136e-06	18.947418212890625	18.947418212890625
455	gpt2	456	228	3	catapult	obj_rel_no_that	expected	The senator the teachers defuse catapults	0.3275538023384191	0.3275538023384191	8.317105224976936	8.317105224976936
456	gpt2	457	229	3	catch	obj_rel_no_that	unexpected	The senator the teachers defuse catch	1.8372930981058744e-06	1.8372930981058744e-06	19.05398750305176	19.05398750305176
457	gpt2	458	229	3	catch	obj_rel_no_that	expected	The senator the teachers defuse catches	7.483897661586525e-07	7.483897661586525e-07	20.349706649780277	20.349706649780277
458	gpt2	459	230	3	cater	obj_rel_no_that	unexpected	The senator the teachers defuse cater	6.665310934295121e-07	6.665310934295121e-07	20.51682472229004	20.51682472229004
459	gpt2	460	230	3	cater	obj_rel_no_that	expected	The senator the teachers defuse caters	0.0009176140501949259	0.0009176140501949259	12.414557933807373	12.414557933807373
460	gpt2	461	231	3	cause	obj_rel_no_that	unexpected	The senator the teachers defuse cause	4.77484027214814e-05	4.77484027214814e-05	14.354187965393066	14.354187965393066
461	gpt2	462	231	3	cause	obj_rel_no_that	expected	The senator the teachers defuse causes	5.082985080662184e-05	5.082985080662184e-05	14.263964653015137	14.263964653015137
462	gpt2	463	232	3	caution	obj_rel_no_that	unexpected	The senator the teachers defuse caution	1.7114165530074388e-05	1.7114165530074388e-05	15.834449768066406	15.834449768066406
463	gpt2	464	232	3	caution	obj_rel_no_that	expected	The senator the teachers defuse cautions	0.037720290048127894	0.037720290048127894	10.298242330551147	10.298242330551147
464	gpt2	465	233	3	cease	obj_rel_no_that	unexpected	The senator the teachers defuse cease	3.546624327555037e-07	3.546624327555037e-07	21.42704963684082	21.42704963684082
465	gpt2	466	233	3	cease	obj_rel_no_that	expected	The senator the teachers defuse ceases	9.887232010896697e-08	9.887232010896697e-08	23.26985740661621	23.26985740661621
466	gpt2	467	234	3	cede	obj_rel_no_that	unexpected	The senator the teachers defuse cede	0.00011824938337664999	0.00011824938337664999	13.045974731445312	13.045974731445312
467	gpt2	468	234	3	cede	obj_rel_no_that	expected	The senator the teachers defuse cedes	0.00019520115893100002	0.00019520115893100002	12.449318408966064	12.449318408966064
468	gpt2	469	235	3	celebrate	obj_rel_no_that	unexpected	The senator the teachers defuse celebrate	6.570792265847558e-07	6.570792265847558e-07	20.537429809570312	20.537429809570312
469	gpt2	470	235	3	celebrate	obj_rel_no_that	expected	The senator the teachers defuse celebrates	3.420214227389806e-07	3.420214227389806e-07	21.47941017150879	21.47941017150879
470	gpt2	471	236	3	cement	obj_rel_no_that	unexpected	The senator the teachers defuse cement	8.259685841949249e-07	8.259685841949249e-07	20.207408905029297	20.207408905029297
471	gpt2	472	236	3	cement	obj_rel_no_that	expected	The senator the teachers defuse cements	0.00071996640326685	0.00071996640326685	11.31221866607666	11.31221866607666
472	gpt2	473	237	3	centralize	obj_rel_no_that	unexpected	The senator the teachers defuse centralize	0.00022168876921567016	0.00022168876921567016	14.093823909759521	14.093823909759521
473	gpt2	474	237	3	centralize	obj_rel_no_that	expected	The senator the teachers defuse centralizes	6.645078565267016e-05	6.645078565267016e-05	14.992525100708008	14.992525100708008
474	gpt2	475	238	3	certify	obj_rel_no_that	unexpected	The senator the teachers defuse certify	8.173973498060151e-09	8.173973498060151e-09	26.866315841674805	26.866315841674805
475	gpt2	476	238	3	certify	obj_rel_no_that	expected	The senator the teachers defuse certifies	0.01618289374707159	0.01618289374707159	13.410833358764647	13.410833358764647
476	gpt2	477	239	3	challenge	obj_rel_no_that	unexpected	The senator the teachers defuse challenge	7.72860148572363e-05	7.72860148572363e-05	13.659433364868164	13.659433364868164
477	gpt2	478	239	3	challenge	obj_rel_no_that	expected	The senator the teachers defuse challenges	0.0003703404800035	0.0003703404800035	11.398859977722168	11.398859977722168
478	gpt2	479	240	3	change	obj_rel_no_that	unexpected	The senator the teachers defuse change	4.383278064779006e-05	4.383278064779006e-05	14.477630615234377	14.477630615234377
479	gpt2	480	240	3	change	obj_rel_no_that	expected	The senator the teachers defuse changes	3.1807052437216043e-05	3.1807052437216043e-05	14.94029426574707	14.94029426574707
480	gpt2	481	241	3	channel	obj_rel_no_that	unexpected	The senator the teachers defuse channel	3.1753813800605712e-06	3.1753813800605712e-06	18.26463890075684	18.26463890075684
481	gpt2	482	241	3	channel	obj_rel_no_that	expected	The senator the teachers defuse channels	1.66728079875611e-06	1.66728079875611e-06	19.19407081604004	19.19407081604004
482	gpt2	483	242	3	characterize	obj_rel_no_that	unexpected	The senator the teachers defuse characterize	7.664372958515743e-08	7.664372958515743e-08	23.637256622314453	23.637256622314453
483	gpt2	484	242	3	characterize	obj_rel_no_that	expected	The senator the teachers defuse characterizes	0.00024788265272944997	0.00024788265272944997	13.384464740753174	13.384464740753174
484	gpt2	485	243	3	charge	obj_rel_no_that	unexpected	The senator the teachers defuse charge	0.0001652491191634	0.0001652491191634	12.563070297241213	12.563070297241213
485	gpt2	486	243	3	charge	obj_rel_no_that	expected	The senator the teachers defuse charges	0.0056581255048513	0.0056581255048513	7.465459823608398	7.465459823608398
486	gpt2	487	244	3	chart	obj_rel_no_that	unexpected	The senator the teachers defuse chart	1.1323985518174595e-06	1.1323985518174595e-06	19.752185821533203	19.752185821533203
487	gpt2	488	244	3	chart	obj_rel_no_that	expected	The senator the teachers defuse charts	2.4163109628716484e-06	2.4163109628716484e-06	18.65876197814941	18.65876197814941
488	gpt2	489	245	3	chase	obj_rel_no_that	unexpected	The senator the teachers defuse chase	1.0122759022124228e-06	1.0122759022124228e-06	19.913965225219727	19.913965225219727
489	gpt2	490	245	3	chase	obj_rel_no_that	expected	The senator the teachers defuse chases	0.004063506628881395	0.004063506628881395	10.354652404785156	10.354652404785156
490	gpt2	491	246	3	chat	obj_rel_no_that	unexpected	The senator the teachers defuse chat	7.694150554016232e-06	7.694150554016232e-06	16.98780632019043	16.98780632019043
491	gpt2	492	246	3	chat	obj_rel_no_that	expected	The senator the teachers defuse chats	5.085561952000717e-06	5.085561952000717e-06	17.585161209106445	17.585161209106445
492	gpt2	493	247	3	chauffeur	obj_rel_no_that	unexpected	The senator the teachers defuse chauffeur	0.2440927748926166	0.2440927748926166	8.820037305355072	8.820037305355072
493	gpt2	494	247	3	chauffeur	obj_rel_no_that	expected	The senator the teachers defuse chauffeurs	0.08261125535246566	0.08261125535246566	9.35318899154663	9.35318899154663
494	gpt2	495	248	3	cheat	obj_rel_no_that	unexpected	The senator the teachers defuse cheat	2.29834398624007e-07	2.29834398624007e-07	22.052902221679688	22.052902221679688
495	gpt2	496	248	3	cheat	obj_rel_no_that	expected	The senator the teachers defuse cheats	0.35672052711476	0.35672052711476	9.848441332578657	9.848441332578657
496	gpt2	497	249	3	check	obj_rel_no_that	unexpected	The senator the teachers defuse check	8.619143955002073e-06	8.619143955002073e-06	16.824024200439453	16.824024200439453
497	gpt2	498	249	3	check	obj_rel_no_that	expected	The senator the teachers defuse checks	5.312086159392493e-06	5.312086159392493e-06	17.522289276123047	17.522289276123047
498	gpt2	499	250	3	cheer	obj_rel_no_that	unexpected	The senator the teachers defuse cheer	3.838227257801918e-06	3.838227257801918e-06	17.99112892150879	17.99112892150879
499	gpt2	500	250	3	cheer	obj_rel_no_that	expected	The senator the teachers defuse cheers	9.071252861758694e-06	9.071252861758694e-06	16.750267028808594	16.750267028808594
500	gpt2	501	251	3	chew	obj_rel_no_that	unexpected	The senator the teachers defuse chew	1.9849322185905294e-08	1.9849322185905294e-08	25.586334228515625	25.586334228515625
501	gpt2	502	251	3	chew	obj_rel_no_that	expected	The senator the teachers defuse chews	0.000277344665903428	0.000277344665903428	15.015037059783936	15.015037059783936
502	gpt2	503	252	3	chill	obj_rel_no_that	unexpected	The senator the teachers defuse chill	2.734156396400067e-06	2.734156396400067e-06	18.480472564697266	18.480472564697266
503	gpt2	504	252	3	chill	obj_rel_no_that	expected	The senator the teachers defuse chills	0.0740381460818753	0.0740381460818753	8.254813194274902	8.254813194274902
504	gpt2	505	253	3	chisel	obj_rel_no_that	unexpected	The senator the teachers defuse chisel	0.00011695433568089461	0.00011695433568089461	13.174787998199463	13.174787998199463
505	gpt2	506	253	3	chisel	obj_rel_no_that	expected	The senator the teachers defuse chisels	0.11372544020074808	0.11372544020074808	8.096093614896139	8.096093614896139
506	gpt2	507	254	3	choke	obj_rel_no_that	unexpected	The senator the teachers defuse choke	3.171822072545183e-06	3.171822072545183e-06	18.26625633239746	18.26625633239746
507	gpt2	508	254	3	choke	obj_rel_no_that	expected	The senator the teachers defuse chokes	0.007173046953539594	0.007173046953539594	9.94191598892212	9.94191598892212
508	gpt2	509	255	3	choose	obj_rel_no_that	unexpected	The senator the teachers defuse choose	3.205746281764732e-07	3.205746281764732e-07	21.57283592224121	21.57283592224121
509	gpt2	510	255	3	choose	obj_rel_no_that	expected	The senator the teachers defuse chooses	4.031996354569856e-07	4.031996354569856e-07	21.242002487182617	21.242002487182617
510	gpt2	511	256	3	chop	obj_rel_no_that	unexpected	The senator the teachers defuse chop	4.413979866058071e-07	4.413979866058071e-07	21.11141586303711	21.11141586303711
511	gpt2	512	256	3	chop	obj_rel_no_that	expected	The senator the teachers defuse chops	4.5293301553783756e-08	4.5293301553783756e-08	24.396127700805664	24.396127700805664
512	gpt2	513	257	3	churn	obj_rel_no_that	unexpected	The senator the teachers defuse churn	3.7376335058070258e-06	3.7376335058070258e-06	18.029443740844727	18.029443740844727
513	gpt2	514	257	3	churn	obj_rel_no_that	expected	The senator the teachers defuse churns	0.019968364971418802	0.019968364971418802	11.337859392166138	11.337859392166138
514	gpt2	515	258	3	cinch	obj_rel_no_that	unexpected	The senator the teachers defuse cinch	8.810088729660144e-05	8.810088729660144e-05	13.55196762084961	13.55196762084961
515	gpt2	516	258	3	cinch	obj_rel_no_that	expected	The senator the teachers defuse cinches	7.024223941698089e-05	7.024223941698089e-05	14.216981887817383	14.216981887817383
516	gpt2	517	259	3	circulate	obj_rel_no_that	unexpected	The senator the teachers defuse circulate	9.84708435680659e-07	9.84708435680659e-07	19.953800201416016	19.953800201416016
517	gpt2	518	259	3	circulate	obj_rel_no_that	expected	The senator the teachers defuse circulates	0.002544808821426136	0.002544808821426136	13.857426166534426	13.857426166534426
518	gpt2	519	260	3	circumvent	obj_rel_no_that	unexpected	The senator the teachers defuse circumvent	7.611171071175704e-08	7.611171071175704e-08	23.647306442260746	23.647306442260746
519	gpt2	520	260	3	circumvent	obj_rel_no_that	expected	The senator the teachers defuse circumvents	0.17602644529123757	0.17602644529123757	8.41527239481608	8.41527239481608
520	gpt2	521	261	3	cite	obj_rel_no_that	unexpected	The senator the teachers defuse cite	7.740960427327082e-06	7.740960427327082e-06	16.979055404663086	16.979055404663086
521	gpt2	522	261	3	cite	obj_rel_no_that	expected	The senator the teachers defuse cites	3.8755679270252585e-06	3.8755679270252585e-06	17.977161407470703	17.977161407470703
522	gpt2	523	262	3	claim	obj_rel_no_that	unexpected	The senator the teachers defuse claim	3.791443668887951e-05	3.791443668887951e-05	14.686893463134766	14.686893463134766
523	gpt2	524	262	3	claim	obj_rel_no_that	expected	The senator the teachers defuse claims	0.0005196326528675	0.0005196326528675	10.9102201461792	10.9102201461792
524	gpt2	525	263	3	clamp	obj_rel_no_that	unexpected	The senator the teachers defuse clamp	2.081195361824939e-06	2.081195361824939e-06	18.874156951904297	18.874156951904297
525	gpt2	526	263	3	clamp	obj_rel_no_that	expected	The senator the teachers defuse clamps	0.0060628329047176	0.0060628329047176	9.81482982635498	9.81482982635498
526	gpt2	527	264	3	clarify	obj_rel_no_that	unexpected	The senator the teachers defuse clarify	1.5647178486233318e-07	1.5647178486233318e-07	22.607593536376957	22.607593536376957
527	gpt2	528	264	3	clarify	obj_rel_no_that	expected	The senator the teachers defuse clarifies	0.009529817977067943	0.009529817977067943	13.186460733413696	13.186460733413696
528	gpt2	529	265	3	clash	obj_rel_no_that	unexpected	The senator the teachers defuse clash	3.487675348878838e-05	3.487675348878838e-05	14.807374954223633	14.807374954223633
529	gpt2	530	265	3	clash	obj_rel_no_that	expected	The senator the teachers defuse clashes	0.0004605762951541	0.0004605762951541	11.084272384643556	11.084272384643556
530	gpt2	531	266	3	classify	obj_rel_no_that	unexpected	The senator the teachers defuse classify	6.811739439172015e-08	6.811739439172015e-08	23.80740165710449	23.80740165710449
531	gpt2	532	266	3	classify	obj_rel_no_that	expected	The senator the teachers defuse classifies	0.0003355445041961	0.0003355445041961	11.94164228439331	11.94164228439331
532	gpt2	533	267	3	cleanse	obj_rel_no_that	unexpected	The senator the teachers defuse cleanse	0.007285043714773518	0.007285043714773518	11.643539428710938	11.643539428710938
533	gpt2	534	267	3	cleanse	obj_rel_no_that	expected	The senator the teachers defuse cleanses	0.0564946397070329	0.0564946397070329	13.150312066078186	13.150312066078186
534	gpt2	535	268	3	clean	obj_rel_no_that	unexpected	The senator the teachers defuse clean	6.7085516093357e-06	6.7085516093357e-06	17.18556785583496	17.18556785583496
535	gpt2	536	268	3	clean	obj_rel_no_that	expected	The senator the teachers defuse cleans	1.0707462649861554e-07	1.0707462649861554e-07	23.15488052368164	23.15488052368164
536	gpt2	537	269	3	clear	obj_rel_no_that	unexpected	The senator the teachers defuse clear	1.1521859960339498e-05	1.1521859960339498e-05	16.4052677154541	16.4052677154541
537	gpt2	538	269	3	clear	obj_rel_no_that	expected	The senator the teachers defuse clears	2.953204329969594e-07	2.953204329969594e-07	21.69121551513672	21.69121551513672
538	gpt2	539	270	3	climb	obj_rel_no_that	unexpected	The senator the teachers defuse climb	2.604873088785098e-06	2.604873088785098e-06	18.550355911254883	18.550355911254883
539	gpt2	540	270	3	climb	obj_rel_no_that	expected	The senator the teachers defuse climbs	2.333283418920473e-06	2.333283418920473e-06	18.70920753479004	18.70920753479004
540	gpt2	541	271	3	cling	obj_rel_no_that	unexpected	The senator the teachers defuse cling	4.966179858456599e-07	4.966179858456599e-07	20.94136047363281	20.94136047363281
541	gpt2	542	271	3	cling	obj_rel_no_that	expected	The senator the teachers defuse clings	0.0022635241148236	0.0022635241148236	10.535940885543823	10.535940885543823
542	gpt2	543	272	3	clip	obj_rel_no_that	unexpected	The senator the teachers defuse clip	1.2837729173043044e-06	1.2837729173043044e-06	19.571178436279297	19.571178436279297
543	gpt2	544	272	3	clip	obj_rel_no_that	expected	The senator the teachers defuse clips	1.6749560245443718e-06	1.6749560245443718e-06	19.18744468688965	19.18744468688965
544	gpt2	545	273	3	clobber	obj_rel_no_that	unexpected	The senator the teachers defuse clobber	0.3169796715252838	0.3169796715252838	7.19461107502381	7.19461107502381
545	gpt2	546	273	3	clobber	obj_rel_no_that	expected	The senator the teachers defuse clobbers	0.00970420428348	0.00970420428348	8.928739070892334	8.928739070892334
546	gpt2	547	274	3	close	obj_rel_no_that	unexpected	The senator the teachers defuse close	1.773722397047095e-05	1.773722397047095e-05	15.782859802246094	15.782859802246094
547	gpt2	548	274	3	close	obj_rel_no_that	expected	The senator the teachers defuse closes	1.4135246146906866e-06	1.4135246146906866e-06	19.43227195739746	19.43227195739746
548	gpt2	549	275	3	cloud	obj_rel_no_that	unexpected	The senator the teachers defuse cloud	4.069984424859285e-05	4.069984424859285e-05	14.584617614746094	14.584617614746094
549	gpt2	550	275	3	cloud	obj_rel_no_that	expected	The senator the teachers defuse clouds	6.306168506853282e-05	6.306168506853282e-05	13.952877044677734	13.952877044677734
550	gpt2	551	276	3	clutter	obj_rel_no_that	unexpected	The senator the teachers defuse clutter	8.573104423703626e-06	8.573104423703626e-06	16.831750869750977	16.831750869750977
551	gpt2	552	276	3	clutter	obj_rel_no_that	expected	The senator the teachers defuse clutters	0.008767889695263872	0.008767889695263872	10.608384132385254	10.608384132385254
552	gpt2	553	277	3	coach	obj_rel_no_that	unexpected	The senator the teachers defuse coach	1.0796980859595353e-05	1.0796980859595353e-05	16.499011993408203	16.499011993408203
553	gpt2	554	277	3	coach	obj_rel_no_that	expected	The senator the teachers defuse coaches	2.792382929328596e-06	2.792382929328596e-06	18.450071334838867	18.450071334838867
554	gpt2	555	278	3	coax	obj_rel_no_that	unexpected	The senator the teachers defuse coax	3.6434946082408725e-07	3.6434946082408725e-07	21.38817405700684	21.38817405700684
555	gpt2	556	278	3	coax	obj_rel_no_that	expected	The senator the teachers defuse coaxes	0.007075534768986812	0.007075534768986812	13.765578269958498	13.765578269958498
556	gpt2	557	279	3	code	obj_rel_no_that	unexpected	The senator the teachers defuse code	8.315933882840909e-06	8.315933882840909e-06	16.875690460205078	16.875690460205078
557	gpt2	558	279	3	code	obj_rel_no_that	expected	The senator the teachers defuse codes	2.98679788102163e-06	2.98679788102163e-06	18.352968215942383	18.352968215942383
558	gpt2	559	280	3	co-exist	obj_rel_no_that	unexpected	The senator the teachers defuse co-exist	0.3356378590960958	0.3356378590960958	8.001243144273758	8.001243144273758
559	gpt2	560	280	3	co-exist	obj_rel_no_that	expected	The senator the teachers defuse co-exists	0.3356378590960958	0.3356378590960958	8.001243144273758	8.001243144273758
560	gpt2	561	281	3	cohere	obj_rel_no_that	unexpected	The senator the teachers defuse cohere	0.00010025326446338143	0.00010025326446338143	13.942379474639893	13.942379474639893
561	gpt2	562	281	3	cohere	obj_rel_no_that	expected	The senator the teachers defuse coheres	2.6872905436903238e-05	2.6872905436903238e-05	15.201158046722412	15.201158046722412
562	gpt2	563	282	3	co-host	obj_rel_no_that	unexpected	The senator the teachers defuse co-host	0.3356378590960958	0.3356378590960958	8.001243144273758	8.001243144273758
563	gpt2	564	282	3	co-host	obj_rel_no_that	expected	The senator the teachers defuse co-hosts	0.3356378590960958	0.3356378590960958	8.001243144273758	8.001243144273758
564	gpt2	565	283	3	coincide	obj_rel_no_that	unexpected	The senator the teachers defuse coincide	1.0077472722969105e-07	1.0077472722969105e-07	23.24236297607422	23.24236297607422
565	gpt2	566	283	3	coincide	obj_rel_no_that	expected	The senator the teachers defuse coincides	3.41541635862086e-07	3.41541635862086e-07	21.48143577575684	21.48143577575684
566	gpt2	567	284	3	collaborate	obj_rel_no_that	unexpected	The senator the teachers defuse collaborate	9.064247308288033e-08	9.064247308288033e-08	23.39523696899414	23.39523696899414
567	gpt2	568	284	3	collaborate	obj_rel_no_that	expected	The senator the teachers defuse collaborates	0.029818063805961956	0.029818063805961956	13.010444164276123	13.010444164276123
568	gpt2	569	285	3	collapse	obj_rel_no_that	unexpected	The senator the teachers defuse collapse	3.782833300647326e-05	3.782833300647326e-05	14.690173149108888	14.690173149108888
569	gpt2	570	285	3	collapse	obj_rel_no_that	expected	The senator the teachers defuse collapses	7.107244982762495e-06	7.107244982762495e-06	17.102277755737305	17.102277755737305
570	gpt2	571	286	3	collect	obj_rel_no_that	unexpected	The senator the teachers defuse collect	2.164282250305405e-06	2.164282250305405e-06	18.81768035888672	18.81768035888672
571	gpt2	572	286	3	collect	obj_rel_no_that	expected	The senator the teachers defuse collects	1.6357243737274985e-07	1.6357243737274985e-07	22.543567657470703	22.543567657470703
572	gpt2	573	287	3	combat	obj_rel_no_that	unexpected	The senator the teachers defuse combat	4.502931551542133e-05	4.502931551542133e-05	14.438776016235352	14.438776016235352
573	gpt2	574	287	3	combat	obj_rel_no_that	expected	The senator the teachers defuse combats	0.27555035638897607	0.27555035638897607	8.925904154777527	8.925904154777527
574	gpt2	575	288	3	combine	obj_rel_no_that	unexpected	The senator the teachers defuse combine	7.620914743711182e-07	7.620914743711182e-07	20.323532104492188	20.323532104492188
575	gpt2	576	288	3	combine	obj_rel_no_that	expected	The senator the teachers defuse combines	7.87910266808467e-07	7.87910266808467e-07	20.27546501159668	20.27546501159668
576	gpt2	577	289	3	come	obj_rel_no_that	unexpected	The senator the teachers defuse come	4.074240496265702e-05	4.074240496265702e-05	14.58310890197754	14.58310890197754
577	gpt2	578	289	3	come	obj_rel_no_that	expected	The senator the teachers defuse comes	5.60685402888339e-05	5.60685402888339e-05	14.122448921203612	14.122448921203612
578	gpt2	579	290	3	command	obj_rel_no_that	unexpected	The senator the teachers defuse command	3.81938571081264e-06	3.81938571081264e-06	17.998228073120117	17.998228073120117
579	gpt2	580	290	3	command	obj_rel_no_that	expected	The senator the teachers defuse commands	8.867909855325706e-07	8.867909855325706e-07	20.10490226745605	20.10490226745605
580	gpt2	581	291	3	commemorate	obj_rel_no_that	unexpected	The senator the teachers defuse commemorate	1.3200626369780366e-08	1.3200626369780366e-08	26.17481803894043	26.17481803894043
581	gpt2	582	291	3	commemorate	obj_rel_no_that	expected	The senator the teachers defuse commemorates	0.0024066298201148154	0.0024066298201148154	15.251114130020142	15.251114130020142
582	gpt2	583	292	3	commend	obj_rel_no_that	unexpected	The senator the teachers defuse commend	2.3054214182138821e-07	2.3054214182138821e-07	22.04846572875977	22.04846572875977
583	gpt2	584	292	3	commend	obj_rel_no_that	expected	The senator the teachers defuse commends	8.034670372577528e-05	8.034670372577528e-05	13.992994785308838	13.992994785308838
584	gpt2	585	293	3	comment	obj_rel_no_that	unexpected	The senator the teachers defuse comment	6.067035428714007e-05	6.067035428714007e-05	14.008648872375488	14.008648872375488
585	gpt2	586	293	3	comment	obj_rel_no_that	expected	The senator the teachers defuse comments	0.0002569583011791	0.0002569583011791	11.926177978515623	11.926177978515623
586	gpt2	587	294	3	commercialize	obj_rel_no_that	unexpected	The senator the teachers defuse commercialize	6.074648217689406e-05	6.074648217689406e-05	15.109181880950928	15.109181880950928
587	gpt2	588	294	3	commercialize	obj_rel_no_that	expected	The senator the teachers defuse commercializes	1.7208912595378933e-05	1.7208912595378933e-05	16.140042781829834	16.140042781829834
588	gpt2	589	295	4	commit	obj_rel_no_that	unexpected	The customers the authors junk commits	1.0488977295608493e-06	1.0488977295608493e-06	19.862693786621094	19.862693786621094
589	gpt2	590	295	4	commit	obj_rel_no_that	expected	The customers the authors junk commit	3.3140165669465205e-06	3.3140165669465205e-06	18.20298767089844	18.20298767089844
590	gpt2	591	296	4	communicate	obj_rel_no_that	unexpected	The customers the authors junk communicates	1.127090172303724e-06	1.127090172303724e-06	19.75896644592285	19.75896644592285
591	gpt2	592	296	4	communicate	obj_rel_no_that	expected	The customers the authors junk communicate	4.964766503690044e-06	4.964766503690044e-06	17.619842529296875	17.619842529296875
592	gpt2	593	297	4	compare	obj_rel_no_that	unexpected	The customers the authors junk compares	9.32339673909155e-07	9.32339673909155e-07	20.03264045715332	20.03264045715332
593	gpt2	594	297	4	compare	obj_rel_no_that	expected	The customers the authors junk compare	3.748431481653824e-06	3.748431481653824e-06	18.02528190612793	18.02528190612793
594	gpt2	595	298	4	compel	obj_rel_no_that	unexpected	The customers the authors junk compels	0.0014133987206150403	0.0014133987206150403	12.24430227279663	12.24430227279663
595	gpt2	596	298	4	compel	obj_rel_no_that	expected	The customers the authors junk compel	1.3120439916747273e-06	1.3120439916747273e-06	19.53975296020508	19.53975296020508
596	gpt2	597	299	4	compensate	obj_rel_no_that	unexpected	The customers the authors junk compensates	0.22427653703795158	0.22427653703795158	11.143267750740053	11.143267750740053
597	gpt2	598	299	4	compensate	obj_rel_no_that	expected	The customers the authors junk compensate	1.429261033081275e-06	1.429261033081275e-06	19.41629981994629	19.41629981994629
598	gpt2	599	300	4	compete	obj_rel_no_that	unexpected	The customers the authors junk competes	0.20817615005424983	0.20817615005424983	11.734382688999178	11.734382688999178
599	gpt2	600	300	4	compete	obj_rel_no_that	expected	The customers the authors junk compete	6.65749098516244e-07	6.65749098516244e-07	20.518518447875977	20.518518447875977
600	gpt2	601	301	4	compile	obj_rel_no_that	unexpected	The customers the authors junk compiles	0.05140317179757399	0.05140317179757399	9.648234128952026	9.648234128952026
601	gpt2	602	301	4	compile	obj_rel_no_that	expected	The customers the authors junk compile	6.859082191112975e-07	6.859082191112975e-07	20.475481033325195	20.475481033325195
602	gpt2	603	302	4	complain	obj_rel_no_that	unexpected	The customers the authors junk complains	8.512786848768883e-07	8.512786848768883e-07	20.163864135742188	20.163864135742188
603	gpt2	604	302	4	complain	obj_rel_no_that	expected	The customers the authors junk complain	3.956626642320771e-06	3.956626642320771e-06	17.947298049926758	17.947298049926758
604	gpt2	605	303	4	complement	obj_rel_no_that	unexpected	The customers the authors junk complements	0.10119260187565257	0.10119260187565257	12.147284150123594	12.147284150123594
605	gpt2	606	303	4	complement	obj_rel_no_that	expected	The customers the authors junk complement	4.2925144327909954e-08	4.2925144327909954e-08	24.473602294921875	24.473602294921875
606	gpt2	607	304	4	complete	obj_rel_no_that	unexpected	The customers the authors junk completes	1.23620935710278e-07	1.23620935710278e-07	22.947572708129883	22.947572708129883
607	gpt2	608	304	4	complete	obj_rel_no_that	expected	The customers the authors junk complete	8.831159902911168e-06	8.831159902911168e-06	16.788965225219727	16.788965225219727
608	gpt2	609	305	4	complicate	obj_rel_no_that	unexpected	The customers the authors junk complicates	0.02160502009858331	0.02160502009858331	13.404412508010864	13.404412508010864
609	gpt2	610	305	4	complicate	obj_rel_no_that	expected	The customers the authors junk complicate	6.64959358687156e-08	6.64959358687156e-08	23.842159271240234	23.842159271240234
610	gpt2	611	306	4	comply	obj_rel_no_that	unexpected	The customers the authors junk complies	0.21649081417192662	0.21649081417192662	11.741976022720337	11.741976022720337
611	gpt2	612	306	4	comply	obj_rel_no_that	expected	The customers the authors junk comply	1.7007040753469482e-07	1.7007040753469482e-07	22.487363815307617	22.487363815307617
612	gpt2	613	307	4	compound	obj_rel_no_that	unexpected	The customers the authors junk compounds	4.361794196938718e-07	4.361794196938718e-07	21.12857437133789	21.12857437133789
613	gpt2	614	307	4	compound	obj_rel_no_that	expected	The customers the authors junk compound	6.966428856003405e-08	6.966428856003405e-08	23.77500534057617	23.77500534057617
614	gpt2	615	308	4	comprise	obj_rel_no_that	unexpected	The customers the authors junk comprises	3.6115326906838163e-07	3.6115326906838163e-07	21.4008846282959	21.4008846282959
615	gpt2	616	308	4	comprise	obj_rel_no_that	expected	The customers the authors junk comprise	1.1083217259511002e-06	1.1083217259511002e-06	19.783191680908203	19.783191680908203
616	gpt2	617	309	4	compromise	obj_rel_no_that	unexpected	The customers the authors junk compromises	5.327938197297044e-07	5.327938197297044e-07	20.839920043945312	20.839920043945312
617	gpt2	618	309	4	compromise	obj_rel_no_that	expected	The customers the authors junk compromise	5.384288783716329e-07	5.384288783716329e-07	20.82474136352539	20.82474136352539
618	gpt2	619	310	4	computerize	obj_rel_no_that	unexpected	The customers the authors junk computerizes	0.00014048831144461259	0.00014048831144461259	13.721641540527344	13.721641540527344
619	gpt2	620	310	4	computerize	obj_rel_no_that	expected	The customers the authors junk computerize	0.00026921958851741255	0.00026921958851741255	13.225021839141846	13.225021839141846
620	gpt2	621	311	4	compute	obj_rel_no_that	unexpected	The customers the authors junk computes	0.01447341911989494	0.01447341911989494	10.562730550765991	10.562730550765991
621	gpt2	622	311	4	compute	obj_rel_no_that	expected	The customers the authors junk compute	8.562290645386383e-07	8.562290645386383e-07	20.155500411987305	20.155500411987305
622	gpt2	623	312	4	conceal	obj_rel_no_that	unexpected	The customers the authors junk conceals	0.11316886154608863	0.11316886154608863	14.605599999427795	14.605599999427795
623	gpt2	624	312	4	conceal	obj_rel_no_that	expected	The customers the authors junk conceal	2.225340267614229e-07	2.225340267614229e-07	22.099470138549805	22.099470138549805
624	gpt2	625	313	4	concede	obj_rel_no_that	unexpected	The customers the authors junk concedes	4.145555720924676e-08	4.145555720924676e-08	24.52385902404785	24.52385902404785
625	gpt2	626	313	4	concede	obj_rel_no_that	expected	The customers the authors junk concede	1.1295558266510854e-07	1.1295558266510854e-07	23.077741622924805	23.077741622924805
626	gpt2	627	314	4	conceive	obj_rel_no_that	unexpected	The customers the authors junk conceives	0.009368900970090775	0.009368900970090775	16.40282702445984	16.40282702445984
627	gpt2	628	314	4	conceive	obj_rel_no_that	expected	The customers the authors junk conceive	1.9578121168706278e-07	1.9578121168706278e-07	22.28425407409668	22.28425407409668
628	gpt2	629	315	4	concentrate	obj_rel_no_that	unexpected	The customers the authors junk concentrates	0.49076058507539955	0.49076058507539955	11.07356365956366	11.07356365956366
629	gpt2	630	315	4	concentrate	obj_rel_no_that	expected	The customers the authors junk concentrate	4.593846085754194e-07	4.593846085754194e-07	21.053794860839844	21.053794860839844
630	gpt2	631	316	4	concern	obj_rel_no_that	unexpected	The customers the authors junk concerns	8.703299840817635e-07	8.703299840817635e-07	20.131933212280277	20.131933212280277
631	gpt2	632	316	4	concern	obj_rel_no_that	expected	The customers the authors junk concern	3.922153609892121e-06	3.922153609892121e-06	17.959922790527344	17.959922790527344
632	gpt2	633	317	4	conclude	obj_rel_no_that	unexpected	The customers the authors junk concludes	2.3612838617737003e-07	2.3612838617737003e-07	22.013925552368164	22.013925552368164
633	gpt2	634	317	4	conclude	obj_rel_no_that	expected	The customers the authors junk conclude	1.741640517138876e-06	1.741640517138876e-06	19.131122589111328	19.131122589111328
634	gpt2	635	318	4	condemn	obj_rel_no_that	unexpected	The customers the authors junk condemns	7.493527931501377e-08	7.493527931501377e-08	23.66977882385254	23.66977882385254
635	gpt2	636	318	4	condemn	obj_rel_no_that	expected	The customers the authors junk condemn	9.647061460782425e-07	9.647061460782425e-07	19.983407974243164	19.983407974243164
636	gpt2	637	319	4	condone	obj_rel_no_that	unexpected	The customers the authors junk condones	2.5062981933388073e-05	2.5062981933388073e-05	17.156315326690674	17.156315326690674
637	gpt2	638	319	4	condone	obj_rel_no_that	expected	The customers the authors junk condone	3.699249617739042e-08	3.699249617739042e-08	24.68819236755371	24.68819236755371
638	gpt2	639	320	4	conduct	obj_rel_no_that	unexpected	The customers the authors junk conducts	2.8743261992758562e-08	2.8743261992758562e-08	25.05220031738281	25.05220031738281
639	gpt2	640	320	4	conduct	obj_rel_no_that	expected	The customers the authors junk conduct	8.803204991636449e-07	8.803204991636449e-07	20.115467071533203	20.115467071533203
640	gpt2	641	321	4	confer	obj_rel_no_that	unexpected	The customers the authors junk confers	0.020412142262102837	0.020412142262102837	10.104677438735962	10.104677438735962
641	gpt2	642	321	4	confer	obj_rel_no_that	expected	The customers the authors junk confer	5.6998189279511287e-08	5.6998189279511287e-08	24.06450843811035	24.06450843811035
642	gpt2	643	322	4	confirm	obj_rel_no_that	unexpected	The customers the authors junk confirms	5.670435712090693e-07	5.670435712090693e-07	20.750036239624023	20.750036239624023
643	gpt2	644	322	4	confirm	obj_rel_no_that	expected	The customers the authors junk confirm	1.1815047855634475e-06	1.1815047855634475e-06	19.690942764282227	19.690942764282227
644	gpt2	645	323	4	confiscate	obj_rel_no_that	unexpected	The customers the authors junk confiscates	0.00469597516414307	0.00469597516414307	14.964307069778442	14.964307069778442
645	gpt2	646	323	4	confiscate	obj_rel_no_that	expected	The customers the authors junk confiscate	0.4014389141818562	0.4014389141818562	11.755493223667145	11.755493223667145
646	gpt2	647	324	4	conform	obj_rel_no_that	unexpected	The customers the authors junk conforms	0.012721259360091598	0.012721259360091598	13.144866704940798	13.144866704940798
647	gpt2	648	324	4	conform	obj_rel_no_that	expected	The customers the authors junk conform	4.79126128993812e-07	4.79126128993812e-07	20.993091583251957	20.993091583251957
648	gpt2	649	325	4	confront	obj_rel_no_that	unexpected	The customers the authors junk confronts	3.2140373917854965e-08	3.2140373917854965e-08	24.89103889465332	24.89103889465332
649	gpt2	650	325	4	confront	obj_rel_no_that	expected	The customers the authors junk confront	6.156206211471726e-08	6.156206211471726e-08	23.95338249206543	23.95338249206543
650	gpt2	651	326	4	confuse	obj_rel_no_that	unexpected	The customers the authors junk confuses	0.007734785661341438	0.007734785661341438	10.805260419845581	10.805260419845581
651	gpt2	652	326	4	confuse	obj_rel_no_that	expected	The customers the authors junk confuse	5.222057097853394e-07	5.222057097853394e-07	20.868877410888672	20.868877410888672
652	gpt2	653	327	4	congratulate	obj_rel_no_that	unexpected	The customers the authors junk congratulates	0.06135702717799059	0.06135702717799059	12.79785966873169	12.79785966873169
653	gpt2	654	327	4	congratulate	obj_rel_no_that	expected	The customers the authors junk congratulate	7.248615361277189e-07	7.248615361277189e-07	20.39579200744629	20.39579200744629
654	gpt2	655	328	4	connect	obj_rel_no_that	unexpected	The customers the authors junk connects	5.182683935345267e-07	5.182683935345267e-07	20.879796981811523	20.879796981811523
655	gpt2	656	328	4	connect	obj_rel_no_that	expected	The customers the authors junk connect	2.4115802261803765e-06	2.4115802261803765e-06	18.661590576171875	18.661590576171875
656	gpt2	657	329	4	connote	obj_rel_no_that	unexpected	The customers the authors junk connotes	0.0011846403647268547	0.0011846403647268547	13.41926145553589	13.41926145553589
657	gpt2	658	329	4	connote	obj_rel_no_that	expected	The customers the authors junk connote	0.0007701610154526547	0.0007701610154526547	13.730448246002199	13.730448246002199
658	gpt2	659	330	4	conquer	obj_rel_no_that	unexpected	The customers the authors junk conquers	0.34637355553861404	0.34637355553861404	12.328154176473618	12.328154176473618
659	gpt2	660	330	4	conquer	obj_rel_no_that	expected	The customers the authors junk conquer	4.157433153295642e-08	4.157433153295642e-08	24.519731521606445	24.519731521606445
660	gpt2	661	331	4	consent	obj_rel_no_that	unexpected	The customers the authors junk consents	0.0032590372484264185	0.0032590372484264185	11.084148406982422	11.084148406982422
661	gpt2	662	331	4	consent	obj_rel_no_that	expected	The customers the authors junk consent	7.738605745544191e-06	7.738605745544191e-06	16.979494094848633	16.979494094848633
662	gpt2	663	332	4	conserve	obj_rel_no_that	unexpected	The customers the authors junk conserves	0.008832484645495228	0.008832484645495228	14.019672870635986	14.019672870635986
663	gpt2	664	332	4	conserve	obj_rel_no_that	expected	The customers the authors junk conserve	3.6531287150864966e-07	3.6531287150864966e-07	21.38436317443848	21.38436317443848
664	gpt2	665	333	4	consider	obj_rel_no_that	unexpected	The customers the authors junk considers	2.570944275248621e-07	2.570944275248621e-07	21.89119911193848	21.89119911193848
665	gpt2	666	333	4	consider	obj_rel_no_that	expected	The customers the authors junk consider	5.171883458388038e-06	5.171883458388038e-06	17.56087875366211	17.56087875366211
666	gpt2	667	334	4	consist	obj_rel_no_that	unexpected	The customers the authors junk consists	3.934291271434631e-06	3.934291271434631e-06	17.95546531677246	17.95546531677246
667	gpt2	668	334	4	consist	obj_rel_no_that	expected	The customers the authors junk consist	2.446288817736786e-06	2.446288817736786e-06	18.640974044799805	18.640974044799805
668	gpt2	669	335	4	console	obj_rel_no_that	unexpected	The customers the authors junk consoles	9.453471534470737e-07	9.453471534470737e-07	20.01265335083008	20.01265335083008
669	gpt2	670	335	4	console	obj_rel_no_that	expected	The customers the authors junk console	2.5578665372449905e-06	2.5578665372449905e-06	18.57662773132324	18.57662773132324
670	gpt2	671	336	4	consolidate	obj_rel_no_that	unexpected	The customers the authors junk consolidates	0.09045972199081471	0.09045972199081471	13.61355471611023	13.61355471611023
671	gpt2	672	336	4	consolidate	obj_rel_no_that	expected	The customers the authors junk consolidate	2.707555779579707e-07	2.707555779579707e-07	21.816505432128903	21.816505432128903
672	gpt2	673	337	4	constitute	obj_rel_no_that	unexpected	The customers the authors junk constitutes	1.7149920950032538e-06	1.7149920950032538e-06	19.153366088867188	19.153366088867188
673	gpt2	674	337	4	constitute	obj_rel_no_that	expected	The customers the authors junk constitute	3.0778758173255483e-06	3.0778758173255483e-06	18.309633255004883	18.309633255004883
674	gpt2	675	338	4	constrain	obj_rel_no_that	unexpected	The customers the authors junk constrains	0.35939892056020045	0.35939892056020045	7.784411637112498	7.784411637112498
675	gpt2	676	338	4	constrain	obj_rel_no_that	expected	The customers the authors junk constrain	0.08547512326288141	0.08547512326288141	11.242807865142822	11.242807865142822
676	gpt2	677	339	4	construct	obj_rel_no_that	unexpected	The customers the authors junk constructs	1.570076619827887e-07	1.570076619827887e-07	22.6026611328125	22.6026611328125
677	gpt2	678	339	4	construct	obj_rel_no_that	expected	The customers the authors junk construct	2.068366597995919e-07	2.068366597995919e-07	22.205005645751957	22.205005645751957
678	gpt2	679	340	4	construe	obj_rel_no_that	unexpected	The customers the authors junk construes	0.1145918970051601	0.1145918970051601	8.98939843972524	8.98939843972524
679	gpt2	680	340	4	construe	obj_rel_no_that	expected	The customers the authors junk construe	0.03591834638166346	0.03591834638166346	11.868205547332764	11.868205547332764
680	gpt2	681	341	4	consult	obj_rel_no_that	unexpected	The customers the authors junk consults	0.03357227184008592	0.03357227184008592	12.268641710281372	12.268641710281372
681	gpt2	682	341	4	consult	obj_rel_no_that	expected	The customers the authors junk consult	6.116952704360301e-07	6.116952704360301e-07	20.640684127807617	20.640684127807617
682	gpt2	683	342	4	consume	obj_rel_no_that	unexpected	The customers the authors junk consumes	1.5557812730548903e-05	1.5557812730548903e-05	15.972001075744627	15.972001075744627
683	gpt2	684	342	4	consume	obj_rel_no_that	expected	The customers the authors junk consume	2.2281796191236936e-05	2.2281796191236936e-05	15.453774452209473	15.453774452209473
684	gpt2	685	343	4	contact	obj_rel_no_that	unexpected	The customers the authors junk contacts	1.041557788994396e-05	1.041557788994396e-05	16.5508975982666	16.5508975982666
685	gpt2	686	343	4	contact	obj_rel_no_that	expected	The customers the authors junk contact	3.926661520381458e-05	3.926661520381458e-05	14.636337280273438	14.636337280273438
686	gpt2	687	344	4	contain	obj_rel_no_that	unexpected	The customers the authors junk contains	1.211689868796384e-05	1.211689868796384e-05	16.33262062072754	16.33262062072754
687	gpt2	688	344	4	contain	obj_rel_no_that	expected	The customers the authors junk contain	3.0134335247566923e-05	3.0134335247566923e-05	15.018232345581056	15.018232345581056
688	gpt2	689	345	4	contemplate	obj_rel_no_that	unexpected	The customers the authors junk contemplates	0.15564551098983556	0.15564551098983556	13.951925218105316	13.951925218105316
689	gpt2	690	345	4	contemplate	obj_rel_no_that	expected	The customers the authors junk contemplate	5.081472522761032e-07	5.081472522761032e-07	20.90825080871582	20.90825080871582
690	gpt2	691	346	4	contemporize	obj_rel_no_that	unexpected	The customers the authors junk contemporizes	4.171976619327111e-05	4.171976619327111e-05	19.98677682876587	19.98677682876587
691	gpt2	692	346	4	contemporize	obj_rel_no_that	expected	The customers the authors junk contemporize	0.0001878577677758545	0.0001878577677758545	18.901282787322998	18.901282787322998
692	gpt2	693	347	4	contend	obj_rel_no_that	unexpected	The customers the authors junk contends	8.348035152039301e-08	8.348035152039301e-08	23.513988494873047	23.513988494873047
693	gpt2	694	347	4	contend	obj_rel_no_that	expected	The customers the authors junk contend	1.8319899481866744e-06	1.8319899481866744e-06	19.05815696716309	19.05815696716309
694	gpt2	695	348	4	content	obj_rel_no_that	unexpected	The customers the authors junk contents	1.0010484174927117e-06	1.0010484174927117e-06	19.93005752563477	19.93005752563477
695	gpt2	696	348	4	content	obj_rel_no_that	expected	The customers the authors junk content	5.005559796700254e-05	5.005559796700254e-05	14.28610897064209	14.28610897064209
696	gpt2	697	349	4	continue	obj_rel_no_that	unexpected	The customers the authors junk continues	6.91765671945177e-06	6.91765671945177e-06	17.141284942626953	17.141284942626953
697	gpt2	698	349	4	continue	obj_rel_no_that	expected	The customers the authors junk continue	2.651141221576836e-05	2.651141221576836e-05	15.20302677154541	15.20302677154541
698	gpt2	699	350	4	contract	obj_rel_no_that	unexpected	The customers the authors junk contracts	4.711265864898451e-05	4.711265864898451e-05	14.373525619506836	14.373525619506836
699	gpt2	700	350	4	contract	obj_rel_no_that	expected	The customers the authors junk contract	4.176307265879586e-05	4.176307265879586e-05	14.547412872314451	14.547412872314451
700	gpt2	701	351	4	contrast	obj_rel_no_that	unexpected	The customers the authors junk contrasts	2.7347194730964478e-08	2.7347194730964478e-08	25.12403106689453	25.12403106689453
701	gpt2	702	351	4	contrast	obj_rel_no_that	expected	The customers the authors junk contrast	4.1554852714398294e-07	4.1554852714398294e-07	21.1984806060791	21.1984806060791
702	gpt2	703	352	4	contribute	obj_rel_no_that	unexpected	The customers the authors junk contributes	2.016057806031313e-06	2.016057806031313e-06	18.92003059387207	18.92003059387207
703	gpt2	704	352	4	contribute	obj_rel_no_that	expected	The customers the authors junk contribute	1.5326897482736968e-05	1.5326897482736968e-05	15.993575096130373	15.993575096130373
704	gpt2	705	353	4	control	obj_rel_no_that	unexpected	The customers the authors junk controls	6.911959189892514e-06	6.911959189892514e-06	17.142473220825195	17.142473220825195
705	gpt2	706	353	4	control	obj_rel_no_that	expected	The customers the authors junk control	4.686172178480774e-05	4.686172178480774e-05	14.381230354309082	14.381230354309082
706	gpt2	707	354	4	con	obj_rel_no_that	unexpected	The customers the authors junk cons	3.2714753615437075e-05	3.2714753615437075e-05	14.899699211120604	14.899699211120604
707	gpt2	708	354	4	con	obj_rel_no_that	expected	The customers the authors junk con	3.5223197301093023e-06	3.5223197301093023e-06	18.11504173278809	18.11504173278809
708	gpt2	709	355	4	convene	obj_rel_no_that	unexpected	The customers the authors junk convenes	0.038769575974736625	0.038769575974736625	13.961093783378601	13.961093783378601
709	gpt2	710	355	4	convene	obj_rel_no_that	expected	The customers the authors junk convene	0.19467587324121993	0.19467587324121993	12.797054767608643	12.797054767608643
710	gpt2	711	356	4	convert	obj_rel_no_that	unexpected	The customers the authors junk converts	4.211613941151882e-06	4.211613941151882e-06	17.857194900512695	17.857194900512695
711	gpt2	712	356	4	convert	obj_rel_no_that	expected	The customers the authors junk convert	4.633323442249093e-06	4.633323442249093e-06	17.719520568847656	17.719520568847656
712	gpt2	713	357	4	convey	obj_rel_no_that	unexpected	The customers the authors junk conveys	0.3803732493841281	0.3803732493841281	11.990958333015444	11.990958333015444
713	gpt2	714	357	4	convey	obj_rel_no_that	expected	The customers the authors junk convey	3.7865163449168895e-06	3.7865163449168895e-06	18.010696411132812	18.010696411132812
714	gpt2	715	358	4	convict	obj_rel_no_that	unexpected	The customers the authors junk convicts	0.11215146181469035	0.11215146181469035	11.939373373985292	11.939373373985292
715	gpt2	716	358	4	convict	obj_rel_no_that	expected	The customers the authors junk convict	1.5419473697875222e-08	1.5419473697875222e-08	25.950672149658203	25.950672149658203
716	gpt2	717	359	4	convince	obj_rel_no_that	unexpected	The customers the authors junk convinces	0.476964386250927	0.476964386250927	10.528197631239891	10.528197631239891
717	gpt2	718	359	4	convince	obj_rel_no_that	expected	The customers the authors junk convince	2.266247747684247e-06	2.266247747684247e-06	18.75126266479492	18.75126266479492
718	gpt2	719	360	4	cook	obj_rel_no_that	unexpected	The customers the authors junk cooks	5.686378585778584e-07	5.686378585778584e-07	20.74598693847656	20.74598693847656
719	gpt2	720	360	4	cook	obj_rel_no_that	expected	The customers the authors junk cook	1.670052188273985e-05	1.670052188273985e-05	15.869747161865234	15.869747161865234
720	gpt2	721	361	4	cool	obj_rel_no_that	unexpected	The customers the authors junk cools	0.007377827494906306	0.007377827494906306	12.638542652130127	12.638542652130127
721	gpt2	722	361	4	cool	obj_rel_no_that	expected	The customers the authors junk cool	1.6669771412125556e-06	1.6669771412125556e-06	19.194334030151367	19.194334030151367
722	gpt2	723	362	4	cooperate	obj_rel_no_that	unexpected	The customers the authors junk cooperates	0.014735764306720942	0.014735764306720942	12.714171886444094	12.714171886444094
723	gpt2	724	362	4	cooperate	obj_rel_no_that	expected	The customers the authors junk cooperate	8.279883445538871e-07	8.279883445538871e-07	20.20388603210449	20.20388603210449
724	gpt2	725	363	4	coordinate	obj_rel_no_that	unexpected	The customers the authors junk coordinates	9.769899378397896e-08	9.769899378397896e-08	23.287080764770508	23.287080764770508
725	gpt2	726	363	4	coordinate	obj_rel_no_that	expected	The customers the authors junk coordinate	2.460090797740122e-07	2.460090797740122e-07	21.954784393310547	21.954784393310547
726	gpt2	727	364	4	cope	obj_rel_no_that	unexpected	The customers the authors junk copes	0.004179694183221688	0.004179694183221688	11.17026948928833	11.17026948928833
727	gpt2	728	364	4	cope	obj_rel_no_that	expected	The customers the authors junk cope	7.154903869377449e-08	7.154903869377449e-08	23.736492156982425	23.736492156982425
728	gpt2	729	365	4	co-produce	obj_rel_no_that	unexpected	The customers the authors junk co-produces	0.3526000676215517	0.3526000676215517	8.75765746831894	8.75765746831894
729	gpt2	730	365	4	co-produce	obj_rel_no_that	expected	The customers the authors junk co-produce	0.3526000676215517	0.3526000676215517	8.75765746831894	8.75765746831894
730	gpt2	731	366	4	copy	obj_rel_no_that	unexpected	The customers the authors junk copies	3.432926314417273e-05	3.432926314417273e-05	14.830201148986816	14.830201148986816
731	gpt2	732	366	4	copy	obj_rel_no_that	expected	The customers the authors junk copy	7.824246858945116e-05	7.824246858945116e-05	13.641688346862791	13.641688346862791
732	gpt2	733	367	4	corner	obj_rel_no_that	unexpected	The customers the authors junk corners	1.0443541214044672e-06	1.0443541214044672e-06	19.86895751953125	19.86895751953125
733	gpt2	734	367	4	corner	obj_rel_no_that	expected	The customers the authors junk corner	9.331651540378516e-07	9.331651540378516e-07	20.03136444091797	20.03136444091797
734	gpt2	735	368	4	corral	obj_rel_no_that	unexpected	The customers the authors junk corrals	0.012341568974989043	0.012341568974989043	11.980124711990356	11.980124711990356
735	gpt2	736	368	4	corral	obj_rel_no_that	expected	The customers the authors junk corral	0.013811792044179995	0.013811792044179995	11.898929595947266	11.898929595947266
736	gpt2	737	369	4	correct	obj_rel_no_that	unexpected	The customers the authors junk corrects	0.01957813458840005	0.01957813458840005	12.960059404373169	12.960059404373169
737	gpt2	738	369	4	correct	obj_rel_no_that	expected	The customers the authors junk correct	4.022260498004472e-07	4.022260498004472e-07	21.24549102783203	21.24549102783203
738	gpt2	739	370	4	correspond	obj_rel_no_that	unexpected	The customers the authors junk corresponds	1.2536625035863835e-06	1.2536625035863835e-06	19.605419158935547	19.605419158935547
739	gpt2	740	370	4	correspond	obj_rel_no_that	expected	The customers the authors junk correspond	2.179156035708729e-05	2.179156035708729e-05	15.48587131500244	15.48587131500244
740	gpt2	741	371	4	co-sponsor	obj_rel_no_that	unexpected	The customers the authors junk co-sponsors	0.3526000676215517	0.3526000676215517	8.75765746831894	8.75765746831894
741	gpt2	742	371	4	co-sponsor	obj_rel_no_that	expected	The customers the authors junk co-sponsor	0.3526000676215517	0.3526000676215517	8.75765746831894	8.75765746831894
742	gpt2	743	372	4	cost	obj_rel_no_that	unexpected	The customers the authors junk costs	4.795398490387015e-05	4.795398490387015e-05	14.347990036010742	14.347990036010742
743	gpt2	744	372	4	cost	obj_rel_no_that	expected	The customers the authors junk cost	0.0001262763980776	0.0001262763980776	12.951127052307127	12.951127052307127
744	gpt2	745	373	4	cough	obj_rel_no_that	unexpected	The customers the authors junk coughs	0.06832665614786038	0.06832665614786038	10.78588354587555	10.78588354587555
745	gpt2	746	373	4	cough	obj_rel_no_that	expected	The customers the authors junk cough	2.3476779915654333e-06	2.3476779915654333e-06	18.700334548950195	18.700334548950195
746	gpt2	747	374	4	countenance	obj_rel_no_that	unexpected	The customers the authors junk countenances	0.24860382940096315	0.24860382940096315	8.44602757692337	8.44602757692337
747	gpt2	748	374	4	countenance	obj_rel_no_that	expected	The customers the authors junk countenance	0.0005857715950696499	0.0005857715950696499	11.407361507415771	11.407361507415771
748	gpt2	749	375	4	counteract	obj_rel_no_that	unexpected	The customers the authors junk counteracts	0.0005413014322357113	0.0005413014322357113	14.179699897766112	14.179699897766112
749	gpt2	750	375	4	counteract	obj_rel_no_that	expected	The customers the authors junk counteract	7.043010441520893e-08	7.043010441520893e-08	23.759233474731445	23.759233474731445
750	gpt2	751	376	4	counterprogram	obj_rel_no_that	unexpected	The customers the authors junk counterprograms	0.00520300949748764	0.00520300949748764	11.718134244283041	11.718134244283041
751	gpt2	752	376	4	counterprogram	obj_rel_no_that	expected	The customers the authors junk counterprogram	0.0003264624273242113	0.0003264624273242113	14.54564046859741	14.54564046859741
752	gpt2	753	377	4	counter	obj_rel_no_that	unexpected	The customers the authors junk counters	4.803140200237976e-06	4.803140200237976e-06	17.667591094970703	17.667591094970703
753	gpt2	754	377	4	counter	obj_rel_no_that	expected	The customers the authors junk counter	2.688937229322619e-06	2.688937229322619e-06	18.50453186035156	18.50453186035156
754	gpt2	755	378	4	count	obj_rel_no_that	unexpected	The customers the authors junk counts	6.124310402810806e-06	6.124310402810806e-06	17.317020416259766	17.317020416259766
755	gpt2	756	378	4	count	obj_rel_no_that	expected	The customers the authors junk count	0.0001301586598856	0.0001301586598856	12.907441139221191	12.907441139221191
756	gpt2	757	379	4	court	obj_rel_no_that	unexpected	The customers the authors junk courts	9.102766398427776e-07	9.102766398427776e-07	20.06719207763672	20.06719207763672
757	gpt2	758	379	4	court	obj_rel_no_that	expected	The customers the authors junk court	1.4630943041993303e-05	1.4630943041993303e-05	16.060617446899414	16.060617446899414
758	gpt2	759	380	4	cover	obj_rel_no_that	unexpected	The customers the authors junk covers	2.38104894378921e-06	2.38104894378921e-06	18.67997169494629	18.67997169494629
759	gpt2	760	380	4	cover	obj_rel_no_that	expected	The customers the authors junk cover	9.197607141686603e-06	9.197607141686603e-06	16.730310440063477	16.730310440063477
760	gpt2	761	381	4	crack	obj_rel_no_that	unexpected	The customers the authors junk cracks	5.5672305876441897e-08	5.5672305876441897e-08	24.098464965820312	24.098464965820312
761	gpt2	762	381	4	crack	obj_rel_no_that	expected	The customers the authors junk crack	6.207242677191971e-06	6.207242677191971e-06	17.29761505126953	17.29761505126953
762	gpt2	763	382	4	craft	obj_rel_no_that	unexpected	The customers the authors junk crafts	5.979996444693825e-07	5.979996444693825e-07	20.6733512878418	20.6733512878418
763	gpt2	764	382	4	craft	obj_rel_no_that	expected	The customers the authors junk craft	2.797375145746628e-06	2.797375145746628e-06	18.447494506835938	18.447494506835938
764	gpt2	765	383	4	crank	obj_rel_no_that	unexpected	The customers the authors junk cranks	0.022834016350657287	0.022834016350657287	11.317750930786135	11.317750930786135
765	gpt2	766	383	4	crank	obj_rel_no_that	expected	The customers the authors junk crank	4.138621250149299e-07	4.138621250149299e-07	21.204345703125	21.204345703125
766	gpt2	767	384	4	crash	obj_rel_no_that	unexpected	The customers the authors junk crashes	1.4651705271262474e-07	1.4651705271262474e-07	22.702428817749023	22.702428817749023
767	gpt2	768	384	4	crash	obj_rel_no_that	expected	The customers the authors junk crash	1.2524196790764108e-06	1.2524196790764108e-06	19.60684967041016	19.60684967041016
768	gpt2	769	385	4	crawl	obj_rel_no_that	unexpected	The customers the authors junk crawls	0.13129171226960065	0.13129171226960065	12.213789761066437	12.213789761066437
769	gpt2	770	385	4	crawl	obj_rel_no_that	expected	The customers the authors junk crawl	3.379055613095261e-07	3.379055613095261e-07	21.496875762939453	21.496875762939453
770	gpt2	771	386	4	creak	obj_rel_no_that	unexpected	The customers the authors junk creaks	0.0002696805790946748	0.0002696805790946748	14.626622676849365	14.626622676849365
771	gpt2	772	386	4	creak	obj_rel_no_that	expected	The customers the authors junk creak	0.0016744053032198248	0.0016744053032198248	13.306180953979492	13.306180953979492
772	gpt2	773	387	4	create	obj_rel_no_that	unexpected	The customers the authors junk creates	3.0165947464411147e-06	3.0165947464411147e-06	18.338647842407227	18.338647842407227
773	gpt2	774	387	4	create	obj_rel_no_that	expected	The customers the authors junk create	5.334143679647241e-06	5.334143679647241e-06	17.516311645507812	17.516311645507812
774	gpt2	775	388	4	credit	obj_rel_no_that	unexpected	The customers the authors junk credits	4.917756541544804e-06	4.917756541544804e-06	17.633567810058594	17.633567810058594
775	gpt2	776	388	4	credit	obj_rel_no_that	expected	The customers the authors junk credit	2.4187031158362515e-05	2.4187031158362515e-05	15.335406303405762	15.335406303405762
776	gpt2	777	389	4	crest	obj_rel_no_that	unexpected	The customers the authors junk crests	0.002180149317155125	0.002180149317155125	13.115646362304688	13.115646362304688
777	gpt2	778	389	4	crest	obj_rel_no_that	expected	The customers the authors junk crest	1.51132741876836e-08	1.51132741876836e-08	25.9796085357666	25.9796085357666
778	gpt2	779	390	4	criminalize	obj_rel_no_that	unexpected	The customers the authors junk criminalizes	0.002820582040286011	0.002820582040286011	14.511789798736572	14.511789798736572
779	gpt2	780	390	4	criminalize	obj_rel_no_that	expected	The customers the authors junk criminalize	0.005659183864182161	0.005659183864182161	14.00946831703186	14.00946831703186
780	gpt2	781	391	4	crimp	obj_rel_no_that	unexpected	The customers the authors junk crimps	0.0029670341815517098	0.0029670341815517098	14.023662090301515	14.023662090301515
781	gpt2	782	391	4	crimp	obj_rel_no_that	expected	The customers the authors junk crimp	0.007675598556147609	0.007675598556147609	13.337987899780275	13.337987899780275
782	gpt2	783	392	4	criticize	obj_rel_no_that	unexpected	The customers the authors junk criticizes	0.09339386902314573	0.09339386902314573	12.052576184272768	12.052576184272768
783	gpt2	784	392	4	criticize	obj_rel_no_that	expected	The customers the authors junk criticize	6.176745159791608e-07	6.176745159791608e-07	20.626649856567383	20.626649856567383
784	gpt2	785	393	5	crop	obj_rel_no_that	unexpected	The consultants the farmers prohibit crops	6.485702215286437e-06	6.485702215286437e-06	17.23430633544922	17.23430633544922
785	gpt2	786	393	5	crop	obj_rel_no_that	expected	The consultants the farmers prohibit crop	1.322712250839686e-05	1.322712250839686e-05	16.206140518188477	16.206140518188477
786	gpt2	787	394	5	cross	obj_rel_no_that	unexpected	The consultants the farmers prohibit crosses	5.56920326744148e-07	5.56920326744148e-07	20.776025772094727	20.776025772094727
787	gpt2	788	394	5	cross	obj_rel_no_that	expected	The consultants the farmers prohibit cross	0.00013008408132	0.00013008408132	12.908267974853516	12.908267974853516
788	gpt2	789	395	5	crumble	obj_rel_no_that	unexpected	The consultants the farmers prohibit crumbles	0.00023202355441751272	0.00023202355441751272	15.038122653961183	15.038122653961183
789	gpt2	790	395	5	crumble	obj_rel_no_that	expected	The consultants the farmers prohibit crumble	1.2146637473620105e-08	1.2146637473620105e-08	26.29486846923828	26.29486846923828
790	gpt2	791	396	5	crunch	obj_rel_no_that	unexpected	The consultants the farmers prohibit crunches	0.10333879803511077	0.10333879803511077	8.593403697013857	8.593403697013857
791	gpt2	792	396	5	crunch	obj_rel_no_that	expected	The consultants the farmers prohibit crunch	2.659523090642324e-07	2.659523090642324e-07	21.842329025268555	21.842329025268555
792	gpt2	793	397	5	crush	obj_rel_no_that	unexpected	The consultants the farmers prohibit crushes	0.005624258181342112	0.005624258181342112	12.735607862472536	12.735607862472536
793	gpt2	794	397	5	crush	obj_rel_no_that	expected	The consultants the farmers prohibit crush	1.227027865979835e-07	1.227027865979835e-07	22.958328247070312	22.958328247070312
794	gpt2	795	398	5	cry	obj_rel_no_that	unexpected	The consultants the farmers prohibit cries	3.541069659718232e-08	3.541069659718232e-08	24.751239776611328	24.751239776611328
795	gpt2	796	398	5	cry	obj_rel_no_that	expected	The consultants the farmers prohibit cry	4.522206609181012e-07	4.522206609181012e-07	21.07646942138672	21.07646942138672
796	gpt2	797	399	5	cuff	obj_rel_no_that	unexpected	The consultants the farmers prohibit cuffs	1.1102320968348067e-05	1.1102320968348067e-05	16.465815544128418	16.465815544128418
797	gpt2	798	399	5	cuff	obj_rel_no_that	expected	The consultants the farmers prohibit cuff	6.924302908828396e-08	6.924302908828396e-08	23.78375625610352	23.78375625610352
798	gpt2	799	400	5	curb	obj_rel_no_that	unexpected	The consultants the farmers prohibit curbs	0.16265492564440365	0.16265492564440365	11.071090340614317	11.071090340614317
799	gpt2	800	400	5	curb	obj_rel_no_that	expected	The consultants the farmers prohibit curb	2.2543198952007518e-07	2.2543198952007518e-07	22.0808048248291	22.0808048248291
800	gpt2	801	401	5	cure	obj_rel_no_that	unexpected	The consultants the farmers prohibit cures	5.900615107634621e-08	5.900615107634621e-08	24.014558792114254	24.014558792114254
801	gpt2	802	401	5	cure	obj_rel_no_that	expected	The consultants the farmers prohibit cure	2.337032469768019e-07	2.337032469768019e-07	22.028818130493164	22.028818130493164
802	gpt2	803	402	5	curl	obj_rel_no_that	unexpected	The consultants the farmers prohibit curls	2.482884786658701e-09	2.482884786658701e-09	28.58533477783203	28.58533477783203
803	gpt2	804	402	5	curl	obj_rel_no_that	expected	The consultants the farmers prohibit curl	1.8772217558193915e-08	1.8772217558193915e-08	25.666826248168945	25.666826248168945
804	gpt2	805	403	5	curry	obj_rel_no_that	unexpected	The consultants the farmers prohibit curries	0.00016707692435600542	0.00016707692435600542	16.036067008972164	16.036067008972164
805	gpt2	806	403	5	curry	obj_rel_no_that	expected	The consultants the farmers prohibit curry	1.381164196345708e-07	1.381164196345708e-07	22.78761100769043	22.78761100769043
806	gpt2	807	404	5	curtail	obj_rel_no_that	unexpected	The consultants the farmers prohibit curtails	0.0003547260540130554	0.0003547260540130554	15.492211341857907	15.492211341857907
807	gpt2	808	404	5	curtail	obj_rel_no_that	expected	The consultants the farmers prohibit curtail	1.574069159460123e-07	1.574069159460123e-07	22.598997116088867	22.598997116088867
808	gpt2	809	405	5	cushion	obj_rel_no_that	unexpected	The consultants the farmers prohibit cushions	0.1675829370382651	0.1675829370382651	13.745921015739441	13.745921015739441
809	gpt2	810	405	5	cushion	obj_rel_no_that	expected	The consultants the farmers prohibit cushion	1.6545961045721924e-08	1.6545961045721924e-08	25.84894561767578	25.84894561767578
810	gpt2	811	406	5	cut	obj_rel_no_that	unexpected	The consultants the farmers prohibit cuts	1.7655464716881395e-06	1.7655464716881395e-06	19.11145401000977	19.11145401000977
811	gpt2	812	406	5	cut	obj_rel_no_that	expected	The consultants the farmers prohibit cut	1.997721665247809e-05	1.997721665247809e-05	15.611285209655762	15.611285209655762
812	gpt2	813	407	5	dabble	obj_rel_no_that	unexpected	The consultants the farmers prohibit dabbles	0.015501010995042907	0.015501010995042907	9.852543354034424	9.852543354034424
813	gpt2	814	407	5	dabble	obj_rel_no_that	expected	The consultants the farmers prohibit dabble	0.003923419751913528	0.003923419751913528	13.720794677734375	13.720794677734375
814	gpt2	815	408	5	damage	obj_rel_no_that	unexpected	The consultants the farmers prohibit damages	1.040670554175449e-06	1.040670554175449e-06	19.87405586242676	19.87405586242676
815	gpt2	816	408	5	damage	obj_rel_no_that	expected	The consultants the farmers prohibit damage	1.6878353790161782e-06	1.6878353790161782e-06	19.176393508911133	19.176393508911133
816	gpt2	817	409	5	dampen	obj_rel_no_that	unexpected	The consultants the farmers prohibit dampens	0.0009734663627902314	0.0009734663627902314	16.44444465637207	16.44444465637207
817	gpt2	818	409	5	dampen	obj_rel_no_that	expected	The consultants the farmers prohibit dampen	0.018086765588247282	0.018086765588247282	14.336592197418213	14.336592197418213
818	gpt2	819	410	5	damp	obj_rel_no_that	unexpected	The consultants the farmers prohibit damps	1.8666345567908138e-05	1.8666345567908138e-05	15.709617614746094	15.709617614746094
819	gpt2	820	410	5	damp	obj_rel_no_that	expected	The consultants the farmers prohibit damp	6.458346746285315e-08	6.458346746285315e-08	23.884260177612305	23.884260177612305
820	gpt2	821	411	5	dance	obj_rel_no_that	unexpected	The consultants the farmers prohibit dances	3.663970815637185e-08	3.663970815637185e-08	24.702016830444336	24.702016830444336
821	gpt2	822	411	5	dance	obj_rel_no_that	expected	The consultants the farmers prohibit dance	4.337200891768589e-07	4.337200891768589e-07	21.13673210144043	21.13673210144043
822	gpt2	823	412	5	dare	obj_rel_no_that	unexpected	The consultants the farmers prohibit dares	0.0011625037104749597	0.0011625037104749597	12.252095222473145	12.252095222473145
823	gpt2	824	412	5	dare	obj_rel_no_that	expected	The consultants the farmers prohibit dare	3.495290457067313e-07	3.495290457067313e-07	21.44808387756348	21.44808387756348
824	gpt2	825	413	5	dash	obj_rel_no_that	unexpected	The consultants the farmers prohibit dashes	0.00018666917003425977	0.00018666917003425977	13.601847648620605	13.601847648620605
825	gpt2	826	413	5	dash	obj_rel_no_that	expected	The consultants the farmers prohibit dash	1.202496520136265e-07	1.202496520136265e-07	22.987462997436523	22.987462997436523
826	gpt2	827	414	5	date	obj_rel_no_that	unexpected	The consultants the farmers prohibit dates	3.294034627288056e-07	3.294034627288056e-07	21.533639907836918	21.533639907836918
827	gpt2	828	414	5	date	obj_rel_no_that	expected	The consultants the farmers prohibit date	4.542524038697593e-06	4.542524038697593e-06	17.74807357788086	17.74807357788086
828	gpt2	829	415	5	deal	obj_rel_no_that	unexpected	The consultants the farmers prohibit deals	4.930412160319975e-06	4.930412160319975e-06	17.629859924316406	17.629859924316406
829	gpt2	830	415	5	deal	obj_rel_no_that	expected	The consultants the farmers prohibit deal	2.5214487322955392e-05	2.5214487322955392e-05	15.27538776397705	15.27538776397705
830	gpt2	831	416	5	debate	obj_rel_no_that	unexpected	The consultants the farmers prohibit debates	1.794395956267181e-07	1.794395956267181e-07	22.40999794006348	22.40999794006348
831	gpt2	832	416	5	debate	obj_rel_no_that	expected	The consultants the farmers prohibit debate	4.782439646078274e-06	4.782439646078274e-06	17.6738224029541	17.6738224029541
832	gpt2	833	417	5	debunk	obj_rel_no_that	unexpected	The consultants the farmers prohibit debunks	0.001309055162806723	0.001309055162806723	14.622433662414549	14.622433662414549
833	gpt2	834	417	5	debunk	obj_rel_no_that	expected	The consultants the farmers prohibit debunk	2.287655007648937e-07	2.287655007648937e-07	22.059627532958984	22.059627532958984
834	gpt2	835	418	5	debut	obj_rel_no_that	unexpected	The consultants the farmers prohibit debuts	0.0006853037893108229	0.0006853037893108229	15.089439392089842	15.089439392089842
835	gpt2	836	418	5	debut	obj_rel_no_that	expected	The consultants the farmers prohibit debut	7.440117997248308e-07	7.440117997248308e-07	20.35817146301269	20.35817146301269
836	gpt2	837	419	5	deceive	obj_rel_no_that	unexpected	The consultants the farmers prohibit deceives	0.0005041961417617316	0.0005041961417617316	15.559782981872559	15.559782981872559
837	gpt2	838	419	5	deceive	obj_rel_no_that	expected	The consultants the farmers prohibit deceive	8.737592338547985e-08	8.737592338547985e-08	23.44818878173828	23.44818878173828
838	gpt2	839	420	5	decide	obj_rel_no_that	unexpected	The consultants the farmers prohibit decides	7.408882396475748e-08	7.408882396475748e-08	23.686168670654297	23.686168670654297
839	gpt2	840	420	5	decide	obj_rel_no_that	expected	The consultants the farmers prohibit decide	1.2324936733421057e-06	1.2324936733421057e-06	19.629987716674805	19.629987716674805
840	gpt2	841	421	5	declare	obj_rel_no_that	unexpected	The consultants the farmers prohibit declares	8.426678732575965e-08	8.426678732575965e-08	23.500459671020508	23.500459671020508
841	gpt2	842	421	5	declare	obj_rel_no_that	expected	The consultants the farmers prohibit declare	1.273743691854179e-06	1.273743691854179e-06	19.58249282836914	19.58249282836914
842	gpt2	843	422	5	decline	obj_rel_no_that	unexpected	The consultants the farmers prohibit declines	2.883363094952074e-07	2.883363094952074e-07	21.725744247436523	21.725744247436523
843	gpt2	844	422	5	decline	obj_rel_no_that	expected	The consultants the farmers prohibit decline	1.858425775935757e-06	1.858425775935757e-06	19.037487030029297	19.037487030029297
844	gpt2	845	423	5	decrease	obj_rel_no_that	unexpected	The consultants the farmers prohibit decreases	6.108298578055837e-08	6.108298578055837e-08	23.96465492248535	23.96465492248535
845	gpt2	846	423	5	decrease	obj_rel_no_that	expected	The consultants the farmers prohibit decrease	3.193321163053042e-07	3.193321163053042e-07	21.57843971252441	21.57843971252441
846	gpt2	847	424	5	deduct	obj_rel_no_that	unexpected	The consultants the farmers prohibit deducts	0.0008511595924573783	0.0008511595924573783	14.012301445007324	14.012301445007324
847	gpt2	848	424	5	deduct	obj_rel_no_that	expected	The consultants the farmers prohibit deduct	2.1540854504564777e-06	2.1540854504564777e-06	18.824493408203125	18.824493408203125
848	gpt2	849	425	5	default	obj_rel_no_that	unexpected	The consultants the farmers prohibit defaults	3.330285380798159e-08	3.330285380798159e-08	24.839778900146484	24.839778900146484
849	gpt2	850	425	5	default	obj_rel_no_that	expected	The consultants the farmers prohibit default	3.056041805393761e-06	3.056041805393761e-06	18.319904327392575	18.319904327392575
850	gpt2	851	426	5	defeat	obj_rel_no_that	unexpected	The consultants the farmers prohibit defeats	1.3061998593855152e-08	1.3061998593855152e-08	26.19004821777344	26.19004821777344
851	gpt2	852	426	5	defeat	obj_rel_no_that	expected	The consultants the farmers prohibit defeat	6.748872465323075e-07	6.748872465323075e-07	20.49884986877441	20.49884986877441
852	gpt2	853	427	5	defect	obj_rel_no_that	unexpected	The consultants the farmers prohibit defects	9.714599968901895e-08	9.714599968901895e-08	23.295270919799805	23.295270919799805
853	gpt2	854	427	5	defect	obj_rel_no_that	expected	The consultants the farmers prohibit defect	1.944866653502686e-06	1.944866653502686e-06	18.97189712524414	18.97189712524414
854	gpt2	855	428	5	defend	obj_rel_no_that	unexpected	The consultants the farmers prohibit defends	6.35438794915899e-08	6.35438794915899e-08	23.907670974731445	23.907670974731445
855	gpt2	856	428	5	defend	obj_rel_no_that	expected	The consultants the farmers prohibit defend	1.071609972314036e-06	1.071609972314036e-06	19.831789016723636	19.831789016723636
856	gpt2	857	429	5	defer	obj_rel_no_that	unexpected	The consultants the farmers prohibit defers	0.00022231052207641148	0.00022231052207641148	12.75084352493286	12.75084352493286
857	gpt2	858	429	5	defer	obj_rel_no_that	expected	The consultants the farmers prohibit defer	6.698651873193739e-07	6.698651873193739e-07	20.509626388549805	20.509626388549805
858	gpt2	859	430	5	define	obj_rel_no_that	unexpected	The consultants the farmers prohibit defines	5.2585363619073184e-08	5.2585363619073184e-08	24.180763244628903	24.180763244628903
859	gpt2	860	430	5	define	obj_rel_no_that	expected	The consultants the farmers prohibit define	9.380181040796742e-07	9.380181040796742e-07	20.02388000488281	20.02388000488281
860	gpt2	861	431	5	deflect	obj_rel_no_that	unexpected	The consultants the farmers prohibit deflects	0.0017787721952267023	0.0017787721952267023	15.744081020355225	15.744081020355225
861	gpt2	862	431	5	deflect	obj_rel_no_that	expected	The consultants the farmers prohibit deflect	9.332109840443081e-08	9.332109840443081e-08	23.353221893310547	23.353221893310547
862	gpt2	863	432	5	defraud	obj_rel_no_that	unexpected	The consultants the farmers prohibit defrauds	0.06928973991064893	0.06928973991064893	8.449270804723104	8.449270804723104
863	gpt2	864	432	5	defraud	obj_rel_no_that	expected	The consultants the farmers prohibit defraud	0.1028778997242625	0.1028778997242625	8.230803847312927	8.230803847312927
864	gpt2	865	433	5	defuse	obj_rel_no_that	unexpected	The consultants the farmers prohibit defuses	2.9014628125878517e-05	2.9014628125878517e-05	16.02724266052246	16.02724266052246
865	gpt2	866	433	5	defuse	obj_rel_no_that	expected	The consultants the farmers prohibit defuse	0.0002975168863485615	0.0002975168863485615	12.515937328338621	12.515937328338621
866	gpt2	867	434	5	degenerate	obj_rel_no_that	unexpected	The consultants the farmers prohibit degenerates	0.03320139298657129	0.03320139298657129	14.045840620994568	14.045840620994568
867	gpt2	868	434	5	degenerate	obj_rel_no_that	expected	The consultants the farmers prohibit degenerate	0.23238153407791803	0.23238153407791803	12.64225023984909	12.64225023984909
868	gpt2	869	435	5	delay	obj_rel_no_that	unexpected	The consultants the farmers prohibit delays	1.3611420968118182e-07	1.3611420968118182e-07	22.80867958068848	22.80867958068848
869	gpt2	870	435	5	delay	obj_rel_no_that	expected	The consultants the farmers prohibit delay	1.1439911986599327e-06	1.1439911986599327e-06	19.73749351501465	19.73749351501465
870	gpt2	871	436	5	delegate	obj_rel_no_that	unexpected	The consultants the farmers prohibit delegates	6.248622412385885e-06	6.248622412385885e-06	17.28803062438965	17.28803062438965
871	gpt2	872	436	5	delegate	obj_rel_no_that	expected	The consultants the farmers prohibit delegate	6.630163511545106e-07	6.630163511545106e-07	20.524452209472656	20.524452209472656
872	gpt2	873	437	5	deliberate	obj_rel_no_that	unexpected	The consultants the farmers prohibit deliberates	0.0005260627850276429	0.0005260627850276429	15.577501296997067	15.577501296997067
873	gpt2	874	437	5	deliberate	obj_rel_no_that	expected	The consultants the farmers prohibit deliberate	3.3971616630879e-06	3.3971616630879e-06	18.167238235473636	18.167238235473636
874	gpt2	875	438	5	delight	obj_rel_no_that	unexpected	The consultants the farmers prohibit delights	0.0024481106498796925	0.0024481106498796925	13.297916412353516	13.297916412353516
875	gpt2	876	438	5	delight	obj_rel_no_that	expected	The consultants the farmers prohibit delight	1.890508514179601e-07	1.890508514179601e-07	22.3347225189209	22.3347225189209
876	gpt2	877	439	5	deliver	obj_rel_no_that	unexpected	The consultants the farmers prohibit delivers	3.900379113019881e-07	3.900379113019881e-07	21.28988265991211	21.28988265991211
877	gpt2	878	439	5	deliver	obj_rel_no_that	expected	The consultants the farmers prohibit deliver	2.4729813958401792e-05	2.4729813958401792e-05	15.303389549255373	15.303389549255373
878	gpt2	879	440	5	demand	obj_rel_no_that	unexpected	The consultants the farmers prohibit demands	5.733639909522026e-07	5.733639909522026e-07	20.734045028686523	20.734045028686523
879	gpt2	880	440	5	demand	obj_rel_no_that	expected	The consultants the farmers prohibit demand	8.316631465277169e-06	8.316631465277169e-06	16.875568389892578	16.875568389892578
880	gpt2	881	441	5	demilitarize	obj_rel_no_that	unexpected	The consultants the farmers prohibit demilitarizes	0.25445575878197246	0.25445575878197246	8.651268756686477	8.651268756686477
881	gpt2	882	441	5	demilitarize	obj_rel_no_that	expected	The consultants the farmers prohibit demilitarize	0.25691612783643336	0.25691612783643336	7.9659260871994775	7.9659260871994775
882	gpt2	883	442	5	demobilize	obj_rel_no_that	unexpected	The consultants the farmers prohibit demobilizes	0.007845833043082439	0.007845833043082439	11.685903390248617	11.685903390248617
883	gpt2	884	442	5	demobilize	obj_rel_no_that	expected	The consultants the farmers prohibit demobilize	0.03181167812162277	0.03181167812162277	9.601603905359903	9.601603905359903
884	gpt2	885	443	5	democratize	obj_rel_no_that	unexpected	The consultants the farmers prohibit democratizes	0.0008116436634599507	0.0008116436634599507	17.704683303833008	17.704683303833008
885	gpt2	886	443	5	democratize	obj_rel_no_that	expected	The consultants the farmers prohibit democratize	0.02300975215401645	0.02300975215401645	15.29204988479614	15.29204988479614
886	gpt2	887	444	5	demolish	obj_rel_no_that	unexpected	The consultants the farmers prohibit demolishes	0.00018655997712354659	0.00018655997712354659	14.954558849334717	14.954558849334717
887	gpt2	888	444	5	demolish	obj_rel_no_that	expected	The consultants the farmers prohibit demolish	0.002830079291129547	0.002830079291129547	12.988139390945435	12.988139390945435
888	gpt2	889	445	5	demonstrate	obj_rel_no_that	unexpected	The consultants the farmers prohibit demonstrates	1.907896063357839e-07	1.907896063357839e-07	22.321514129638672	22.321514129638672
889	gpt2	890	445	5	demonstrate	obj_rel_no_that	expected	The consultants the farmers prohibit demonstrate	5.388169938669307e-06	5.388169938669307e-06	17.501773834228516	17.501773834228516
890	gpt2	891	446	5	denude	obj_rel_no_that	unexpected	The consultants the farmers prohibit denudes	0.00038223310653506023	0.00038223310653506023	15.553382873535154	15.553382873535154
891	gpt2	892	446	5	denude	obj_rel_no_that	expected	The consultants the farmers prohibit denude	0.0008603808102236102	0.0008603808102236102	14.967824459075924	14.967824459075924
892	gpt2	893	447	5	deny	obj_rel_no_that	unexpected	The consultants the farmers prohibit denies	2.911881153977447e-07	2.911881153977447e-07	21.711545944213867	21.711545944213867
893	gpt2	894	447	5	deny	obj_rel_no_that	expected	The consultants the farmers prohibit deny	7.0406467784778215e-06	7.0406467784778215e-06	17.115859985351562	17.115859985351562
894	gpt2	895	448	5	depart	obj_rel_no_that	unexpected	The consultants the farmers prohibit departs	0.0026305674622903725	0.0026305674622903725	13.458938360214233	13.458938360214233
895	gpt2	896	448	5	depart	obj_rel_no_that	expected	The consultants the farmers prohibit depart	2.425702234631899e-07	2.425702234631899e-07	21.97509384155273	21.97509384155273
896	gpt2	897	449	5	depend	obj_rel_no_that	unexpected	The consultants the farmers prohibit depends	5.363029231375549e-06	5.363029231375549e-06	17.508520126342773	17.508520126342773
897	gpt2	898	449	5	depend	obj_rel_no_that	expected	The consultants the farmers prohibit depend	2.9431304938043468e-05	2.9431304938043468e-05	15.052289009094238	15.052289009094238
898	gpt2	899	450	5	depict	obj_rel_no_that	unexpected	The consultants the farmers prohibit depicts	8.82731114870694e-08	8.82731114870694e-08	23.43345069885254	23.43345069885254
899	gpt2	900	450	5	depict	obj_rel_no_that	expected	The consultants the farmers prohibit depict	2.03309309654287e-06	2.03309309654287e-06	18.90789222717285	18.90789222717285
900	gpt2	901	451	5	deposit	obj_rel_no_that	unexpected	The consultants the farmers prohibit deposits	9.910847893479513e-07	9.910847893479513e-07	19.944488525390625	19.944488525390625
901	gpt2	902	451	5	deposit	obj_rel_no_that	expected	The consultants the farmers prohibit deposit	3.918291440641042e-06	3.918291440641042e-06	17.96134376525879	17.96134376525879
902	gpt2	903	452	5	depress	obj_rel_no_that	unexpected	The consultants the farmers prohibit depresses	6.909087136362269e-05	6.909087136362269e-05	16.091970920562744	16.091970920562744
903	gpt2	904	452	5	depress	obj_rel_no_that	expected	The consultants the farmers prohibit depress	1.4039160944889773e-08	1.4039160944889773e-08	26.085968017578125	26.085968017578125
904	gpt2	905	453	5	deprive	obj_rel_no_that	unexpected	The consultants the farmers prohibit deprives	0.0005039327833742169	0.0005039327833742169	14.881774425506592	14.881774425506592
905	gpt2	906	453	5	deprive	obj_rel_no_that	expected	The consultants the farmers prohibit deprive	3.615995751715673e-07	3.615995751715673e-07	21.39910316467285	21.39910316467285
906	gpt2	907	454	5	derail	obj_rel_no_that	unexpected	The consultants the farmers prohibit derails	0.00013624159669233972	0.00013624159669233972	15.363632678985596	15.363632678985596
907	gpt2	908	454	5	derail	obj_rel_no_that	expected	The consultants the farmers prohibit derail	2.857751724150148e-08	2.857751724150148e-08	25.060544967651367	25.060544967651367
908	gpt2	909	455	5	deregulate	obj_rel_no_that	unexpected	The consultants the farmers prohibit deregulates	0.005047515372855988	0.005047515372855988	11.286908149719238	11.286908149719238
909	gpt2	910	455	5	deregulate	obj_rel_no_that	expected	The consultants the farmers prohibit deregulate	0.016226575776424054	0.016226575776424054	9.532575130462646	9.532575130462646
910	gpt2	911	456	5	describe	obj_rel_no_that	unexpected	The consultants the farmers prohibit describes	6.01233409724955e-07	6.01233409724955e-07	20.665571212768555	20.665571212768555
911	gpt2	912	456	5	describe	obj_rel_no_that	expected	The consultants the farmers prohibit describe	1.6389114534831606e-05	1.6389114534831606e-05	15.896903038024902	15.896903038024902
912	gpt2	913	457	5	desert	obj_rel_no_that	unexpected	The consultants the farmers prohibit deserts	2.8170763499701934e-08	2.8170763499701934e-08	25.081226348876957	25.081226348876957
913	gpt2	914	457	5	desert	obj_rel_no_that	expected	The consultants the farmers prohibit desert	1.800794620976376e-06	1.800794620976376e-06	19.082935333251957	19.082935333251957
914	gpt2	915	458	5	deserve	obj_rel_no_that	unexpected	The consultants the farmers prohibit deserves	1.2184082720523293e-07	1.2184082720523293e-07	22.96849822998047	22.96849822998047
915	gpt2	916	458	5	deserve	obj_rel_no_that	expected	The consultants the farmers prohibit deserve	4.845056537305936e-06	4.845056537305936e-06	17.65505599975586	17.65505599975586
916	gpt2	917	459	5	designate	obj_rel_no_that	unexpected	The consultants the farmers prohibit designates	0.0022220319822849406	0.0022220319822849406	13.41013789176941	13.41013789176941
917	gpt2	918	459	5	designate	obj_rel_no_that	expected	The consultants the farmers prohibit designate	6.587457050954981e-07	6.587457050954981e-07	20.533775329589844	20.533775329589844
918	gpt2	919	460	5	design	obj_rel_no_that	unexpected	The consultants the farmers prohibit designs	1.1899296481487909e-07	1.1899296481487909e-07	23.002620697021484	23.002620697021484
919	gpt2	920	460	5	design	obj_rel_no_that	expected	The consultants the farmers prohibit design	1.8997558299815864e-06	1.8997558299815864e-06	19.005754470825195	19.005754470825195
920	gpt2	921	461	5	desist	obj_rel_no_that	unexpected	The consultants the farmers prohibit desists	0.0007561345905741759	0.0007561345905741759	12.929424285888672	12.929424285888672
921	gpt2	922	461	5	desist	obj_rel_no_that	expected	The consultants the farmers prohibit desist	0.004022926403649726	0.004022926403649726	11.719401121139526	11.719401121139526
922	gpt2	923	462	5	destabilize	obj_rel_no_that	unexpected	The consultants the farmers prohibit destabilizes	0.001502468712676077	0.001502468712676077	16.25724220275879	16.25724220275879
923	gpt2	924	462	5	destabilize	obj_rel_no_that	expected	The consultants the farmers prohibit destabilize	0.016581070722128978	0.016581070722128978	14.52516531944275	14.52516531944275
924	gpt2	925	463	5	destroy	obj_rel_no_that	unexpected	The consultants the farmers prohibit destroys	7.48215995827195e-08	7.48215995827195e-08	23.67197036743164	23.67197036743164
925	gpt2	926	463	5	destroy	obj_rel_no_that	expected	The consultants the farmers prohibit destroy	2.4943255994003266e-06	2.4943255994003266e-06	18.61291885375977	18.61291885375977
926	gpt2	927	464	5	detect	obj_rel_no_that	unexpected	The consultants the farmers prohibit detects	2.984529512417566e-09	2.984529512417566e-09	28.319849014282227	28.319849014282227
927	gpt2	928	464	5	detect	obj_rel_no_that	expected	The consultants the farmers prohibit detect	2.26089952093389e-07	2.26089952093389e-07	22.07659912109375	22.07659912109375
928	gpt2	929	465	5	deteriorate	obj_rel_no_that	unexpected	The consultants the farmers prohibit deteriorates	0.02020209409229064	0.02020209409229064	14.242668628692627	14.242668628692627
929	gpt2	930	465	5	deteriorate	obj_rel_no_that	expected	The consultants the farmers prohibit deteriorate	0.3842713268094471	0.3842713268094471	12.117893278598785	12.117893278598785
930	gpt2	931	466	5	determine	obj_rel_no_that	unexpected	The consultants the farmers prohibit determines	8.00083341800928e-08	8.00083341800928e-08	23.575273513793945	23.575273513793945
931	gpt2	932	466	5	determine	obj_rel_no_that	expected	The consultants the farmers prohibit determine	1.4017542753208545e-06	1.4017542753208545e-06	19.4443359375	19.4443359375
932	gpt2	933	467	5	deter	obj_rel_no_that	unexpected	The consultants the farmers prohibit deters	7.877571979972238e-05	7.877571979972238e-05	16.667491912841797	16.667491912841797
933	gpt2	934	467	5	deter	obj_rel_no_that	expected	The consultants the farmers prohibit deter	5.524050834537775e-07	5.524050834537775e-07	20.787769317626957	20.787769317626957
934	gpt2	935	468	5	detract	obj_rel_no_that	unexpected	The consultants the farmers prohibit detracts	0.011634380807269152	0.011634380807269152	14.942560195922852	14.942560195922852
935	gpt2	936	468	5	detract	obj_rel_no_that	expected	The consultants the farmers prohibit detract	4.334209080525397e-08	4.334209080525397e-08	24.45965576171875	24.45965576171875
936	gpt2	937	469	5	develop	obj_rel_no_that	unexpected	The consultants the farmers prohibit develops	2.8496742743300277e-08	2.8496742743300277e-08	25.064626693725582	25.064626693725582
937	gpt2	938	469	5	develop	obj_rel_no_that	expected	The consultants the farmers prohibit develop	8.5356432464323e-06	8.5356432464323e-06	16.83806800842285	16.83806800842285
938	gpt2	939	470	5	devise	obj_rel_no_that	unexpected	The consultants the farmers prohibit devises	0.00016858758226586114	0.00016858758226586114	14.643585205078125	14.643585205078125
939	gpt2	940	470	5	devise	obj_rel_no_that	expected	The consultants the farmers prohibit devise	1.66197764883691e-07	1.66197764883691e-07	22.52059555053711	22.52059555053711
940	gpt2	941	471	5	devote	obj_rel_no_that	unexpected	The consultants the farmers prohibit devotes	0.001975467245756561	0.001975467245756561	12.859225034713745	12.859225034713745
941	gpt2	942	471	5	devote	obj_rel_no_that	expected	The consultants the farmers prohibit devote	7.137862212402979e-07	7.137862212402979e-07	20.418004989624023	20.418004989624023
942	gpt2	943	472	5	dial	obj_rel_no_that	unexpected	The consultants the farmers prohibit dials	0.0006812901799406636	0.0006812901799406636	15.284474849700928	15.284474849700928
943	gpt2	944	472	5	dial	obj_rel_no_that	expected	The consultants the farmers prohibit dial	4.609077848272136e-07	4.609077848272136e-07	21.04901885986328	21.04901885986328
944	gpt2	945	473	5	dictate	obj_rel_no_that	unexpected	The consultants the farmers prohibit dictates	2.8416197395131352e-08	2.8416197395131352e-08	25.06871032714844	25.06871032714844
945	gpt2	946	473	5	dictate	obj_rel_no_that	expected	The consultants the farmers prohibit dictate	5.701795089407824e-07	5.701795089407824e-07	20.74208068847656	20.74208068847656
946	gpt2	947	474	5	die	obj_rel_no_that	unexpected	The consultants the farmers prohibit dies	4.7189029572791696e-08	4.7189029572791696e-08	24.336973190307617	24.336973190307617
947	gpt2	948	474	5	die	obj_rel_no_that	expected	The consultants the farmers prohibit die	1.007529590424383e-06	1.007529590424383e-06	19.92074584960937	19.92074584960937
948	gpt2	949	475	5	differentiate	obj_rel_no_that	unexpected	The consultants the farmers prohibit differentiates	0.014126207176104756	0.014126207176104756	11.131511449813843	11.131511449813843
949	gpt2	950	475	5	differentiate	obj_rel_no_that	expected	The consultants the farmers prohibit differentiate	8.66133191834706e-08	8.66133191834706e-08	23.46083641052246	23.46083641052246
950	gpt2	951	476	5	differ	obj_rel_no_that	unexpected	The consultants the farmers prohibit differs	3.6248900414648233e-07	3.6248900414648233e-07	21.39555931091309	21.39555931091309
951	gpt2	952	476	5	differ	obj_rel_no_that	expected	The consultants the farmers prohibit differ	8.118524419842288e-06	8.118524419842288e-06	16.910350799560547	16.910350799560547
952	gpt2	953	477	5	digest	obj_rel_no_that	unexpected	The consultants the farmers prohibit digests	0.0011593693188842518	0.0011593693188842518	13.835392475128172	13.835392475128172
953	gpt2	954	477	5	digest	obj_rel_no_that	expected	The consultants the farmers prohibit digest	8.022988140510279e-07	8.022988140510279e-07	20.249357223510746	20.249357223510746
954	gpt2	955	478	5	dignify	obj_rel_no_that	unexpected	The consultants the farmers prohibit dignifies	1.773484810563275e-05	1.773484810563275e-05	19.419979572296143	19.419979572296143
955	gpt2	956	478	5	dignify	obj_rel_no_that	expected	The consultants the farmers prohibit dignify	8.666631011595317e-05	8.666631011595317e-05	18.27460813522339	18.27460813522339
956	gpt2	957	479	5	dig	obj_rel_no_that	unexpected	The consultants the farmers prohibit digs	9.150035396032765e-09	9.150035396032765e-09	26.703575134277344	26.703575134277344
957	gpt2	958	479	5	dig	obj_rel_no_that	expected	The consultants the farmers prohibit dig	2.020182364503853e-06	2.020182364503853e-06	18.91708374023437	18.91708374023437
958	gpt2	959	480	5	dilute	obj_rel_no_that	unexpected	The consultants the farmers prohibit dilutes	0.0006834231118090991	0.0006834231118090991	14.404789447784426	14.404789447784426
959	gpt2	960	480	5	dilute	obj_rel_no_that	expected	The consultants the farmers prohibit dilute	0.015448230124206899	0.015448230124206899	12.154744148254396	12.154744148254396
960	gpt2	961	481	5	diminish	obj_rel_no_that	unexpected	The consultants the farmers prohibit diminishes	0.00273346522558256	0.00273346522558256	16.548625946044922	16.548625946044922
961	gpt2	962	481	5	diminish	obj_rel_no_that	expected	The consultants the farmers prohibit diminish	8.890709324305136e-08	8.890709324305136e-08	23.423126220703125	23.423126220703125
962	gpt2	963	482	5	dip	obj_rel_no_that	unexpected	The consultants the farmers prohibit dips	5.916050760390591e-09	5.916050760390591e-09	27.33271789550781	27.33271789550781
963	gpt2	964	482	5	dip	obj_rel_no_that	expected	The consultants the farmers prohibit dip	4.241225042278529e-07	4.241225042278529e-07	21.16901588439941	21.16901588439941
964	gpt2	965	483	5	direct	obj_rel_no_that	unexpected	The consultants the farmers prohibit directs	9.743101969661438e-08	9.743101969661438e-08	23.29104423522949	23.29104423522949
965	gpt2	966	483	5	direct	obj_rel_no_that	expected	The consultants the farmers prohibit direct	0.0001315592526225	0.0001315592526225	12.89199924468994	12.89199924468994
966	gpt2	967	484	5	disagree	obj_rel_no_that	unexpected	The consultants the farmers prohibit disagrees	6.622153847501977e-08	6.622153847501977e-08	23.84812355041504	23.84812355041504
967	gpt2	968	484	5	disagree	obj_rel_no_that	expected	The consultants the farmers prohibit disagree	5.947257250227267e-06	5.947257250227267e-06	17.359344482421875	17.359344482421875
968	gpt2	969	485	5	disappear	obj_rel_no_that	unexpected	The consultants the farmers prohibit disappears	1.2721994124831326e-08	1.2721994124831326e-08	26.228099822998047	26.228099822998047
969	gpt2	970	485	5	disappear	obj_rel_no_that	expected	The consultants the farmers prohibit disappear	3.987972263530537e-07	3.987972263530537e-07	21.25784111022949	21.25784111022949
970	gpt2	971	486	5	disappoint	obj_rel_no_that	unexpected	The consultants the farmers prohibit disappoints	0.007662450406257884	0.007662450406257884	15.61157512664795	15.61157512664795
971	gpt2	972	486	5	disappoint	obj_rel_no_that	expected	The consultants the farmers prohibit disappoint	2.6031443667307034e-08	2.6031443667307034e-08	25.19516944885254	25.19516944885254
972	gpt2	973	487	5	disarm	obj_rel_no_that	unexpected	The consultants the farmers prohibit disarms	0.00028823823231500427	0.00028823823231500427	13.125916004180908	13.125916004180908
973	gpt2	974	487	5	disarm	obj_rel_no_that	expected	The consultants the farmers prohibit disarm	1.6824026261019753e-07	1.6824026261019753e-07	22.502973556518555	22.502973556518555
974	gpt2	975	488	5	disassemble	obj_rel_no_that	unexpected	The consultants the farmers prohibit disassembles	0.011032973343390035	0.011032973343390035	10.335777441660563	10.335777441660563
975	gpt2	976	488	5	disassemble	obj_rel_no_that	expected	The consultants the farmers prohibit disassemble	0.2509863440694365	0.2509863440694365	7.704614947239556	7.704614947239556
976	gpt2	977	489	5	disassociate	obj_rel_no_that	unexpected	The consultants the farmers prohibit disassociates	0.12513274318553158	0.12513274318553158	7.433786690235138	7.433786690235138
977	gpt2	978	489	5	disassociate	obj_rel_no_that	expected	The consultants the farmers prohibit disassociate	0.05515162821878523	0.05515162821878523	8.3978963692983	8.3978963692983
978	gpt2	979	490	5	disband	obj_rel_no_that	unexpected	The consultants the farmers prohibit disbands	5.3936149924993515e-05	5.3936149924993515e-05	14.47558069229126	14.47558069229126
979	gpt2	980	490	5	disband	obj_rel_no_that	expected	The consultants the farmers prohibit disband	6.629584703432556e-08	6.629584703432556e-08	23.84650611877441	23.84650611877441
980	gpt2	981	491	6	discard	obj_rel_no_that	unexpected	The teachers the pilots collaborate discards	0.05151961855692731	0.05151961855692731	13.22038245201111	13.22038245201111
981	gpt2	982	491	6	discard	obj_rel_no_that	expected	The teachers the pilots collaborate discard	2.5693189797948435e-09	2.5693189797948435e-09	28.535966873168945	28.535966873168945
982	gpt2	983	492	6	discern	obj_rel_no_that	unexpected	The teachers the pilots collaborate discerns	0.03971190613428341	0.03971190613428341	15.65838873386383	15.65838873386383
983	gpt2	984	492	6	discern	obj_rel_no_that	expected	The teachers the pilots collaborate discern	4.707169320994353e-09	4.707169320994353e-09	27.662492752075195	27.662492752075195
984	gpt2	985	493	6	disclose	obj_rel_no_that	unexpected	The teachers the pilots collaborate discloses	0.45421987803887165	0.45421987803887165	15.34214823693037	15.34214823693037
985	gpt2	986	493	6	disclose	obj_rel_no_that	expected	The teachers the pilots collaborate disclose	8.011721774892068e-08	8.011721774892068e-08	23.57331275939941	23.57331275939941
986	gpt2	987	494	6	discomfit	obj_rel_no_that	unexpected	The teachers the pilots collaborate discomfits	0.016576787153098797	0.016576787153098797	11.694493134816488	11.694493134816488
987	gpt2	988	494	6	discomfit	obj_rel_no_that	expected	The teachers the pilots collaborate discomfit	0.0738366286647457	0.0738366286647457	10.960922479629517	10.960922479629517
988	gpt2	989	495	6	disconnect	obj_rel_no_that	unexpected	The teachers the pilots collaborate disconnects	0.07805116984690304	0.07805116984690304	14.61305820941925	14.61305820941925
989	gpt2	990	495	6	disconnect	obj_rel_no_that	expected	The teachers the pilots collaborate disconnect	1.0201237188312008e-08	1.0201237188312008e-08	26.546680450439453	26.546680450439453
990	gpt2	991	496	6	discontinue	obj_rel_no_that	unexpected	The teachers the pilots collaborate discontinues	0.03125623679922815	0.03125623679922815	14.938339471817017	14.938339471817017
991	gpt2	992	496	6	discontinue	obj_rel_no_that	expected	The teachers the pilots collaborate discontinue	0.3751056871490359	0.3751056871490359	13.14579875767231	13.14579875767231
992	gpt2	993	497	6	discount	obj_rel_no_that	unexpected	The teachers the pilots collaborate discounts	3.486880117975488e-09	3.486880117975488e-09	28.095415115356445	28.095415115356445
993	gpt2	994	497	6	discount	obj_rel_no_that	expected	The teachers the pilots collaborate discount	6.064032831432087e-09	6.064032831432087e-09	27.297075271606445	27.297075271606445
994	gpt2	995	498	6	discourage	obj_rel_no_that	unexpected	The teachers the pilots collaborate discourages	0.46680519114079616	0.46680519114079616	14.312952857464552	14.312952857464552
995	gpt2	996	498	6	discourage	obj_rel_no_that	expected	The teachers the pilots collaborate discourage	7.3319399440663355e-09	7.3319399440663355e-09	27.023157119750977	27.023157119750977
996	gpt2	997	499	6	discover	obj_rel_no_that	unexpected	The teachers the pilots collaborate discovers	9.02977035366348e-08	9.02977035366348e-08	23.40073585510254	23.40073585510254
997	gpt2	998	499	6	discover	obj_rel_no_that	expected	The teachers the pilots collaborate discover	5.251712877907266e-07	5.251712877907266e-07	20.860708236694336	20.860708236694336
998	gpt2	999	500	6	discredit	obj_rel_no_that	unexpected	The teachers the pilots collaborate discredits	0.02572148032588826	0.02572148032588826	13.72145748138428	13.72145748138428
999	gpt2	1000	500	6	discredit	obj_rel_no_that	expected	The teachers the pilots collaborate discredit	7.172157090451492e-09	7.172157090451492e-09	27.05494499206543	27.05494499206543
1000	gpt2	1001	501	6	discuss	obj_rel_no_that	unexpected	The teachers the pilots collaborate discusses	3.3766507812060815e-08	3.3766507812060815e-08	24.81983184814453	24.81983184814453
1001	gpt2	1002	501	6	discuss	obj_rel_no_that	expected	The teachers the pilots collaborate discuss	8.811755378701491e-07	8.811755378701491e-07	20.11406707763672	20.11406707763672
1002	gpt2	1003	502	6	disdain	obj_rel_no_that	unexpected	The teachers the pilots collaborate disdains	0.22151357114671555	0.22151357114671555	9.791629254817964	9.791629254817964
1003	gpt2	1004	502	6	disdain	obj_rel_no_that	expected	The teachers the pilots collaborate disdain	2.7212379904995032e-08	2.7212379904995032e-08	25.131160736083984	25.131160736083984
1004	gpt2	1005	503	6	disengage	obj_rel_no_that	unexpected	The teachers the pilots collaborate disengages	0.015169143572956942	0.015169143572956942	16.562721014022827	16.562721014022827
1005	gpt2	1006	503	6	disengage	obj_rel_no_that	expected	The teachers the pilots collaborate disengage	0.23345598754337493	0.23345598754337493	14.590751469135284	14.590751469135284
1006	gpt2	1007	504	6	disguise	obj_rel_no_that	unexpected	The teachers the pilots collaborate disguises	0.35060808116484427	0.35060808116484427	15.150117456912993	15.150117456912993
1007	gpt2	1008	504	6	disguise	obj_rel_no_that	expected	The teachers the pilots collaborate disguise	1.87452653399589e-09	1.87452653399589e-09	28.99082565307617	28.99082565307617
1008	gpt2	1009	505	6	dish	obj_rel_no_that	unexpected	The teachers the pilots collaborate dishes	8.779736937469806e-09	8.779736937469806e-09	26.76317596435547	26.76317596435547
1009	gpt2	1010	505	6	dish	obj_rel_no_that	expected	The teachers the pilots collaborate dish	4.1014885709955706e-08	4.1014885709955706e-08	24.539276123046875	24.539276123046875
1010	gpt2	1011	506	6	dislike	obj_rel_no_that	unexpected	The teachers the pilots collaborate dislikes	0.07023091035223923	0.07023091035223923	15.498804688453674	15.498804688453674
1011	gpt2	1012	506	6	dislike	obj_rel_no_that	expected	The teachers the pilots collaborate dislike	5.6973078699229525e-08	5.6973078699229525e-08	24.06514358520508	24.06514358520508
1012	gpt2	1013	507	6	dismantle	obj_rel_no_that	unexpected	The teachers the pilots collaborate dismantles	0.4915823643481428	0.4915823643481428	14.954854413866997	14.954854413866997
1013	gpt2	1014	507	6	dismantle	obj_rel_no_that	expected	The teachers the pilots collaborate dismantle	4.300094502696084e-08	4.300094502696084e-08	24.47105598449707	24.47105598449707
1014	gpt2	1015	508	6	dismember	obj_rel_no_that	unexpected	The teachers the pilots collaborate dismembers	0.0002926689439845972	0.0002926689439845972	16.225097656250004	16.225097656250004
1015	gpt2	1016	508	6	dismember	obj_rel_no_that	expected	The teachers the pilots collaborate dismember	0.03281169240364699	0.03281169240364699	14.538323998451231	14.538323998451231
1016	gpt2	1017	509	6	dismiss	obj_rel_no_that	unexpected	The teachers the pilots collaborate dismisses	0.0069727536503094555	0.0069727536503094555	14.475139617919922	14.475139617919922
1017	gpt2	1018	509	6	dismiss	obj_rel_no_that	expected	The teachers the pilots collaborate dismiss	1.3825071221162946e-07	1.3825071221162946e-07	22.786209106445312	22.786209106445312
1018	gpt2	1019	510	6	disobey	obj_rel_no_that	unexpected	The teachers the pilots collaborate disobeys	0.0498272372321177	0.0498272372321177	10.265418052673342	10.265418052673342
1019	gpt2	1020	510	6	disobey	obj_rel_no_that	expected	The teachers the pilots collaborate disobey	0.399103853708626	0.399103853708626	13.690803095698357	13.690803095698357
1020	gpt2	1021	511	6	disparage	obj_rel_no_that	unexpected	The teachers the pilots collaborate disparages	0.03900303625635892	0.03900303625635892	14.591556072235107	14.591556072235107
1021	gpt2	1022	511	6	disparage	obj_rel_no_that	expected	The teachers the pilots collaborate disparage	0.3181284473197916	0.3181284473197916	13.077580332756042	13.077580332756042
1022	gpt2	1023	512	6	dispatch	obj_rel_no_that	unexpected	The teachers the pilots collaborate dispatches	0.04233166168226176	0.04233166168226176	13.557474136352539	13.557474136352539
1023	gpt2	1024	512	6	dispatch	obj_rel_no_that	expected	The teachers the pilots collaborate dispatch	2.063790383033393e-08	2.063790383033393e-08	25.530128479003903	25.530128479003903
1024	gpt2	1025	513	6	dispel	obj_rel_no_that	unexpected	The teachers the pilots collaborate dispels	0.002637669795809912	0.002637669795809912	15.559685230255127	15.559685230255127
1025	gpt2	1026	513	6	dispel	obj_rel_no_that	expected	The teachers the pilots collaborate dispel	4.5544505944405955e-09	4.5544505944405955e-09	27.71007537841797	27.71007537841797
1026	gpt2	1027	514	6	dispense	obj_rel_no_that	unexpected	The teachers the pilots collaborate dispenses	0.02797899919344356	0.02797899919344356	13.856170892715454	13.856170892715454
1027	gpt2	1028	514	6	dispense	obj_rel_no_that	expected	The teachers the pilots collaborate dispense	0.24297800252927715	0.24297800252927715	12.29696524143219	12.29696524143219
1028	gpt2	1029	515	6	displace	obj_rel_no_that	unexpected	The teachers the pilots collaborate displaces	0.18712975197396417	0.18712975197396417	15.07192260026932	15.07192260026932
1029	gpt2	1030	515	6	displace	obj_rel_no_that	expected	The teachers the pilots collaborate displace	0.031141266586018897	0.031141266586018897	12.858035087585451	12.858035087585451
1030	gpt2	1031	516	6	display	obj_rel_no_that	unexpected	The teachers the pilots collaborate displays	9.899681074898581e-09	9.899681074898581e-09	26.5899715423584	26.5899715423584
1031	gpt2	1032	516	6	display	obj_rel_no_that	expected	The teachers the pilots collaborate display	5.645514988827927e-08	5.645514988827927e-08	24.078319549560547	24.078319549560547
1032	gpt2	1033	517	6	dispose	obj_rel_no_that	unexpected	The teachers the pilots collaborate disposes	0.006763512627912847	0.006763512627912847	13.959538698196413	13.959538698196413
1033	gpt2	1034	517	6	dispose	obj_rel_no_that	expected	The teachers the pilots collaborate dispose	2.4284206645575068e-08	2.4284206645575068e-08	25.29540634155273	25.29540634155273
1034	gpt2	1035	518	6	disprove	obj_rel_no_that	unexpected	The teachers the pilots collaborate disproves	0.03554895351511965	0.03554895351511965	15.092215776443481	15.092215776443481
1035	gpt2	1036	518	6	disprove	obj_rel_no_that	expected	The teachers the pilots collaborate disprove	0.4375501332698537	0.4375501332698537	13.281431034207344	13.281431034207344
1036	gpt2	1037	519	6	dispute	obj_rel_no_that	unexpected	The teachers the pilots collaborate disputes	1.191544996004268e-08	1.191544996004268e-08	26.32259178161621	26.32259178161621
1037	gpt2	1038	519	6	dispute	obj_rel_no_that	expected	The teachers the pilots collaborate dispute	2.7161147997389893e-08	2.7161147997389893e-08	25.13388061523437	25.13388061523437
1038	gpt2	1039	520	6	disqualify	obj_rel_no_that	unexpected	The teachers the pilots collaborate disqualifies	0.0742367212612319	0.0742367212612319	16.383381366729736	16.383381366729736
1039	gpt2	1040	520	6	disqualify	obj_rel_no_that	expected	The teachers the pilots collaborate disqualify	0.4137623016674209	0.4137623016674209	15.14408265054226	15.14408265054226
1040	gpt2	1041	521	6	disregard	obj_rel_no_that	unexpected	The teachers the pilots collaborate disregards	0.14003496224103215	0.14003496224103215	14.45879054069519	14.45879054069519
1041	gpt2	1042	521	6	disregard	obj_rel_no_that	expected	The teachers the pilots collaborate disregard	1.1471484206992956e-08	1.1471484206992956e-08	26.37737274169922	26.37737274169922
1042	gpt2	1043	522	6	disrupt	obj_rel_no_that	unexpected	The teachers the pilots collaborate disrupts	0.07507746916382273	0.07507746916382273	13.498860836029053	13.498860836029053
1043	gpt2	1044	522	6	disrupt	obj_rel_no_that	expected	The teachers the pilots collaborate disrupt	4.9697732151798846e-08	4.9697732151798846e-08	24.262245178222656	24.262245178222656
1044	gpt2	1045	523	6	dissipate	obj_rel_no_that	unexpected	The teachers the pilots collaborate dissipates	0.027071128422149638	0.027071128422149638	15.219751119613647	15.219751119613647
1045	gpt2	1046	523	6	dissipate	obj_rel_no_that	expected	The teachers the pilots collaborate dissipate	0.42367855348599814	0.42367855348599814	13.235679470002651	13.235679470002651
1046	gpt2	1047	524	6	dissociate	obj_rel_no_that	unexpected	The teachers the pilots collaborate dissociates	0.13805292845366657	0.13805292845366657	10.137108365694681	10.137108365694681
1047	gpt2	1048	524	6	dissociate	obj_rel_no_that	expected	The teachers the pilots collaborate dissociate	0.08536194340286048	0.08536194340286048	13.739526271820068	13.739526271820068
1048	gpt2	1049	525	6	dissolve	obj_rel_no_that	unexpected	The teachers the pilots collaborate dissolves	0.06860176549253258	0.06860176549253258	13.897199988365173	13.897199988365173
1049	gpt2	1050	525	6	dissolve	obj_rel_no_that	expected	The teachers the pilots collaborate dissolve	9.567906467111698e-09	9.567906467111698e-09	26.639148712158203	26.639148712158203
1050	gpt2	1051	526	6	dissuade	obj_rel_no_that	unexpected	The teachers the pilots collaborate dissuades	0.008451094246598526	0.008451094246598526	18.198266983032227	18.198266983032227
1051	gpt2	1052	526	6	dissuade	obj_rel_no_that	expected	The teachers the pilots collaborate dissuade	0.46957510742464914	0.46957510742464914	15.30022993311286	15.30022993311286
1052	gpt2	1053	527	6	distance	obj_rel_no_that	unexpected	The teachers the pilots collaborate distances	3.850183727394096e-09	3.850183727394096e-09	27.95242500305176	27.95242500305176
1053	gpt2	1054	527	6	distance	obj_rel_no_that	expected	The teachers the pilots collaborate distance	2.2192143234178733e-08	2.2192143234178733e-08	25.42537498474121	25.42537498474121
1054	gpt2	1055	528	6	distinguish	obj_rel_no_that	unexpected	The teachers the pilots collaborate distinguishes	1.2828004214426871e-09	1.2828004214426871e-09	29.538055419921875	29.538055419921875
1055	gpt2	1056	528	6	distinguish	obj_rel_no_that	expected	The teachers the pilots collaborate distinguish	2.5587471697008368e-08	2.5587471697008368e-08	25.21998786926269	25.21998786926269
1056	gpt2	1057	529	6	distort	obj_rel_no_that	unexpected	The teachers the pilots collaborate distorts	0.024132151436234022	0.024132151436234022	12.915712594985962	12.915712594985962
1057	gpt2	1058	529	6	distort	obj_rel_no_that	expected	The teachers the pilots collaborate distort	3.918191993079745e-09	3.918191993079745e-09	27.92716407775879	27.92716407775879
1058	gpt2	1059	530	6	distract	obj_rel_no_that	unexpected	The teachers the pilots collaborate distracts	0.06126239324828294	0.06126239324828294	14.737867474555967	14.737867474555967
1059	gpt2	1060	530	6	distract	obj_rel_no_that	expected	The teachers the pilots collaborate distract	1.0931895388921475e-08	1.0931895388921475e-08	26.44688034057617	26.44688034057617
1060	gpt2	1061	531	6	distribute	obj_rel_no_that	unexpected	The teachers the pilots collaborate distributes	0.12260392522456698	0.12260392522456698	11.743220090866089	11.743220090866089
1061	gpt2	1062	531	6	distribute	obj_rel_no_that	expected	The teachers the pilots collaborate distribute	6.582150717804325e-07	6.582150717804325e-07	20.534936904907227	20.534936904907227
1062	gpt2	1063	532	6	disturb	obj_rel_no_that	unexpected	The teachers the pilots collaborate disturbs	0.49710157536730004	0.49710157536730004	15.509527607820928	15.509527607820928
1063	gpt2	1064	532	6	disturb	obj_rel_no_that	expected	The teachers the pilots collaborate disturb	2.4205407456179276e-08	2.4205407456179276e-08	25.300094604492188	25.300094604492188
1064	gpt2	1065	533	6	diverge	obj_rel_no_that	unexpected	The teachers the pilots collaborate diverges	0.009962918229995794	0.009962918229995794	15.324940919876099	15.324940919876099
1065	gpt2	1066	533	6	diverge	obj_rel_no_that	expected	The teachers the pilots collaborate diverge	0.08314611762076485	0.08314611762076485	13.794435620307922	13.794435620307922
1066	gpt2	1067	534	6	diversify	obj_rel_no_that	unexpected	The teachers the pilots collaborate diversifies	0.013916755334334674	0.013916755334334674	15.166725397109985	15.166725397109985
1067	gpt2	1068	534	6	diversify	obj_rel_no_that	expected	The teachers the pilots collaborate diversify	0.3310895098902753	0.3310895098902753	12.880561500787735	12.880561500787735
1068	gpt2	1069	535	6	divert	obj_rel_no_that	unexpected	The teachers the pilots collaborate diverts	0.11037279664784534	0.11037279664784534	13.59010374546051	13.59010374546051
1069	gpt2	1070	535	6	divert	obj_rel_no_that	expected	The teachers the pilots collaborate divert	6.067318203406557e-09	6.067318203406557e-09	27.296293258666992	27.296293258666992
1070	gpt2	1071	536	6	divest	obj_rel_no_that	unexpected	The teachers the pilots collaborate divests	0.0027823410863101004	0.0027823410863101004	16.43780255317688	16.43780255317688
1071	gpt2	1072	536	6	divest	obj_rel_no_that	expected	The teachers the pilots collaborate divest	1.1892097029342352e-10	1.1892097029342352e-10	32.969276428222656	32.969276428222656
1072	gpt2	1073	537	6	divide	obj_rel_no_that	unexpected	The teachers the pilots collaborate divides	1.9711530185873012e-09	1.9711530185873012e-09	28.91831398010254	28.91831398010254
1073	gpt2	1074	537	6	divide	obj_rel_no_that	expected	The teachers the pilots collaborate divide	2.5937326952885087e-08	2.5937326952885087e-08	25.200395584106445	25.200395584106445
1074	gpt2	1075	538	6	doctor	obj_rel_no_that	unexpected	The teachers the pilots collaborate doctors	1.5755634308334265e-07	1.5755634308334265e-07	22.59762954711914	22.59762954711914
1075	gpt2	1076	538	6	doctor	obj_rel_no_that	expected	The teachers the pilots collaborate doctor	1.2357968159903976e-07	1.2357968159903976e-07	22.948055267333984	22.948055267333984
1076	gpt2	1077	539	6	document	obj_rel_no_that	unexpected	The teachers the pilots collaborate documents	1.0720172838318832e-07	1.0720172838318832e-07	23.15316772460937	23.15316772460937
1077	gpt2	1078	539	6	document	obj_rel_no_that	expected	The teachers the pilots collaborate document	2.0632640485018785e-07	2.0632640485018785e-07	22.208568572998047	22.208568572998047
1078	gpt2	1079	540	6	dole	obj_rel_no_that	unexpected	The teachers the pilots collaborate doles	0.0005850663566775231	0.0005850663566775231	14.8597092628479	14.8597092628479
1079	gpt2	1080	540	6	dole	obj_rel_no_that	expected	The teachers the pilots collaborate dole	0.00013792060417469555	0.00013792060417469555	13.053748607635498	13.053748607635498
1080	gpt2	1081	541	6	dominate	obj_rel_no_that	unexpected	The teachers the pilots collaborate dominates	3.0499549552587273e-09	3.0499549552587273e-09	28.28856468200684	28.28856468200684
1081	gpt2	1082	541	6	dominate	obj_rel_no_that	expected	The teachers the pilots collaborate dominate	1.4287778071775392e-07	1.4287778071775392e-07	22.73871421813965	22.73871421813965
1082	gpt2	1083	542	6	donate	obj_rel_no_that	unexpected	The teachers the pilots collaborate donates	1.6140742559400678e-05	1.6140742559400678e-05	16.618172645568848	16.618172645568848
1083	gpt2	1084	542	6	donate	obj_rel_no_that	expected	The teachers the pilots collaborate donate	4.5219586297662324e-08	4.5219586297662324e-08	24.39847755432129	24.39847755432129
1084	gpt2	1085	543	6	don	obj_rel_no_that	unexpected	The teachers the pilots collaborate dons	0.009207196968588923	0.009207196968588923	12.871105432510376	12.871105432510376
1085	gpt2	1086	543	6	don	obj_rel_no_that	expected	The teachers the pilots collaborate don	2.885684989450965e-05	2.885684989450965e-05	15.080726623535156	15.080726623535156
1086	gpt2	1087	544	6	double	obj_rel_no_that	unexpected	The teachers the pilots collaborate doubles	1.4039509110830297e-08	1.4039509110830297e-08	26.0859317779541	26.0859317779541
1087	gpt2	1088	544	6	double	obj_rel_no_that	expected	The teachers the pilots collaborate double	3.075826100484847e-07	3.075826100484847e-07	21.63252258300781	21.63252258300781
1088	gpt2	1089	545	6	doubt	obj_rel_no_that	unexpected	The teachers the pilots collaborate doubts	1.3285793576400804e-09	1.3285793576400804e-09	29.487468719482425	29.487468719482425
1089	gpt2	1090	545	6	doubt	obj_rel_no_that	expected	The teachers the pilots collaborate doubt	1.3378617325088273e-08	1.3378617325088273e-08	26.15549659729004	26.15549659729004
1090	gpt2	1091	546	6	do	obj_rel_no_that	unexpected	The teachers the pilots collaborate does	2.9612799608003115e-06	2.9612799608003115e-06	18.365346908569336	18.365346908569336
1091	gpt2	1092	546	6	do	obj_rel_no_that	expected	The teachers the pilots collaborate do	6.587281677639112e-05	6.587281677639112e-05	13.889957427978516	13.889957427978516
1092	gpt2	1093	547	6	downsize	obj_rel_no_that	unexpected	The teachers the pilots collaborate downsizes	0.0026364458809517506	0.0026364458809517506	18.146634340286255	18.146634340286255
1093	gpt2	1094	547	6	downsize	obj_rel_no_that	expected	The teachers the pilots collaborate downsize	0.00010546735575185115	0.00010546735575185115	14.25013780593872	14.25013780593872
1094	gpt2	1095	548	6	draft	obj_rel_no_that	unexpected	The teachers the pilots collaborate drafts	6.30822185598845e-08	6.30822185598845e-08	23.91819190979004	23.91819190979004
1095	gpt2	1096	548	6	draft	obj_rel_no_that	expected	The teachers the pilots collaborate draft	3.495940461561986e-07	3.495940461561986e-07	21.447816848754883	21.447816848754883
1096	gpt2	1097	549	6	drag	obj_rel_no_that	unexpected	The teachers the pilots collaborate drags	0.25852279767210185	0.25852279767210185	12.80347415804863	12.80347415804863
1097	gpt2	1098	549	6	drag	obj_rel_no_that	expected	The teachers the pilots collaborate drag	5.97875029484385e-08	5.97875029484385e-08	23.995580673217773	23.995580673217773
1098	gpt2	1099	550	6	drain	obj_rel_no_that	unexpected	The teachers the pilots collaborate drains	5.067423369808921e-09	5.067423369808921e-09	27.556100845336918	27.556100845336918
1099	gpt2	1100	550	6	drain	obj_rel_no_that	expected	The teachers the pilots collaborate drain	2.331792892107387e-08	2.331792892107387e-08	25.353984832763672	25.353984832763672
1100	gpt2	1101	551	6	drape	obj_rel_no_that	unexpected	The teachers the pilots collaborate drapes	0.12444248770176118	0.12444248770176118	9.921502470970154	9.921502470970154
1101	gpt2	1102	551	6	drape	obj_rel_no_that	expected	The teachers the pilots collaborate drape	0.002222910259831673	0.002222910259831673	13.89638066291809	13.89638066291809
1102	gpt2	1103	552	6	draw	obj_rel_no_that	unexpected	The teachers the pilots collaborate draws	2.634537921153424e-08	2.634537921153424e-08	25.177875518798828	25.177875518798828
1103	gpt2	1104	552	6	draw	obj_rel_no_that	expected	The teachers the pilots collaborate draw	3.2683848871784e-07	3.2683848871784e-07	21.54491806030273	21.54491806030273
1104	gpt2	1105	553	6	dream	obj_rel_no_that	unexpected	The teachers the pilots collaborate dreams	1.155149309539638e-08	1.155149309539638e-08	26.367345809936523	26.367345809936523
1105	gpt2	1106	553	6	dream	obj_rel_no_that	expected	The teachers the pilots collaborate dream	1.0345655709897984e-07	1.0345655709897984e-07	23.20447158813477	23.20447158813477
1106	gpt2	1107	554	6	dress	obj_rel_no_that	unexpected	The teachers the pilots collaborate dresses	3.344510668412681e-09	3.344510668412681e-09	28.15555763244629	28.15555763244629
1107	gpt2	1108	554	6	dress	obj_rel_no_that	expected	The teachers the pilots collaborate dress	3.047562131541781e-07	3.047562131541781e-07	21.645841598510746	21.645841598510746
1108	gpt2	1109	555	6	drift	obj_rel_no_that	unexpected	The teachers the pilots collaborate drifts	0.13595368370229896	0.13595368370229896	13.267062366008759	13.267062366008759
1109	gpt2	1110	555	6	drift	obj_rel_no_that	expected	The teachers the pilots collaborate drift	3.535893000616852e-08	3.535893000616852e-08	24.75334930419922	24.75334930419922
1110	gpt2	1111	556	6	drill	obj_rel_no_that	unexpected	The teachers the pilots collaborate drills	3.8284365899698975e-08	3.8284365899698975e-08	24.638669967651367	24.638669967651367
1111	gpt2	1112	556	6	drill	obj_rel_no_that	expected	The teachers the pilots collaborate drill	8.734372336505203e-09	8.734372336505203e-09	26.770648956298828	26.770648956298828
1112	gpt2	1113	557	6	drink	obj_rel_no_that	unexpected	The teachers the pilots collaborate drinks	5.354984722316659e-08	5.354984722316659e-08	24.154542922973636	24.154542922973636
1113	gpt2	1114	557	6	drink	obj_rel_no_that	expected	The teachers the pilots collaborate drink	3.865168309857836e-07	3.865168309857836e-07	21.30296516418457	21.30296516418457
1114	gpt2	1115	558	6	drive	obj_rel_no_that	unexpected	The teachers the pilots collaborate drives	7.725398631919235e-08	7.725398631919235e-08	23.62581443786621	23.62581443786621
1115	gpt2	1116	558	6	drive	obj_rel_no_that	expected	The teachers the pilots collaborate drive	2.0476225017773686e-06	2.0476225017773686e-06	18.897619247436523	18.897619247436523
1116	gpt2	1117	559	6	drop	obj_rel_no_that	unexpected	The teachers the pilots collaborate drops	9.020543956239636e-08	9.020543956239636e-08	23.402210235595703	23.402210235595703
1117	gpt2	1118	559	6	drop	obj_rel_no_that	expected	The teachers the pilots collaborate drop	8.140655154420529e-07	8.140655154420529e-07	20.228351593017575	20.228351593017575
1118	gpt2	1119	560	6	drown	obj_rel_no_that	unexpected	The teachers the pilots collaborate drowns	0.013056235587680423	0.013056235587680423	16.989383697509766	16.989383697509766
1119	gpt2	1120	560	6	drown	obj_rel_no_that	expected	The teachers the pilots collaborate drown	2.262163345534418e-09	2.262163345534418e-09	28.719650268554688	28.719650268554688
1120	gpt2	1121	561	6	drum	obj_rel_no_that	unexpected	The teachers the pilots collaborate drums	6.407192110202686e-09	6.407192110202686e-09	27.217660903930664	27.217660903930664
1121	gpt2	1122	561	6	drum	obj_rel_no_that	expected	The teachers the pilots collaborate drum	4.465663394626063e-08	4.465663394626063e-08	24.416549682617188	24.416549682617188
1122	gpt2	1123	562	6	dry	obj_rel_no_that	unexpected	The teachers the pilots collaborate dries	0.059750659887580285	0.059750659887580285	14.334036111831665	14.334036111831665
1123	gpt2	1124	562	6	dry	obj_rel_no_that	expected	The teachers the pilots collaborate dry	1.055083203027607e-07	1.055083203027607e-07	23.17613983154297	23.17613983154297
1124	gpt2	1125	563	6	dump	obj_rel_no_that	unexpected	The teachers the pilots collaborate dumps	2.8542462837677363e-10	2.8542462837677363e-10	31.7061710357666	31.7061710357666
1125	gpt2	1126	563	6	dump	obj_rel_no_that	expected	The teachers the pilots collaborate dump	7.6582900021549e-09	7.6582900021549e-09	26.96033096313477	26.96033096313477
1126	gpt2	1127	564	6	duplicate	obj_rel_no_that	unexpected	The teachers the pilots collaborate duplicates	0.11361569568661033	0.11361569568661033	14.513105511665342	14.513105511665342
1127	gpt2	1128	564	6	duplicate	obj_rel_no_that	expected	The teachers the pilots collaborate duplicate	3.932237202519673e-09	3.932237202519673e-09	27.9220027923584	27.9220027923584
1128	gpt2	1129	565	6	dwarf	obj_rel_no_that	unexpected	The teachers the pilots collaborate dwarfs	0.38117036380473057	0.38117036380473057	14.31875768303871	14.31875768303871
1129	gpt2	1130	565	6	dwarf	obj_rel_no_that	expected	The teachers the pilots collaborate dwarf	1.3603822068830596e-08	1.3603822068830596e-08	26.13141250610352	26.13141250610352
1130	gpt2	1131	566	6	earmark	obj_rel_no_that	unexpected	The teachers the pilots collaborate earmarks	0.07904743808742865	0.07904743808742865	11.775382995605469	11.775382995605469
1131	gpt2	1132	566	6	earmark	obj_rel_no_that	expected	The teachers the pilots collaborate earmark	0.09936685520645479	0.09936685520645479	11.61035943031311	11.61035943031311
1132	gpt2	1133	567	6	earn	obj_rel_no_that	unexpected	The teachers the pilots collaborate earns	3.1690944979345665e-08	3.1690944979345665e-08	24.911354064941406	24.911354064941406
1133	gpt2	1134	567	6	earn	obj_rel_no_that	expected	The teachers the pilots collaborate earn	5.707164518753416e-07	5.707164518753416e-07	20.74072265625	20.74072265625
1134	gpt2	1135	568	6	ease	obj_rel_no_that	unexpected	The teachers the pilots collaborate eases	0.0040897744249832335	0.0040897744249832335	12.466390609741211	12.466390609741211
1135	gpt2	1136	568	6	ease	obj_rel_no_that	expected	The teachers the pilots collaborate ease	3.964382528920396e-07	3.964382528920396e-07	21.266401290893555	21.266401290893555
1136	gpt2	1137	569	6	eat	obj_rel_no_that	unexpected	The teachers the pilots collaborate eats	7.361310228048978e-09	7.361310228048978e-09	27.01738929748535	27.01738929748535
1137	gpt2	1138	569	6	eat	obj_rel_no_that	expected	The teachers the pilots collaborate eat	6.655878337369359e-07	6.655878337369359e-07	20.51886749267578	20.51886749267578
1138	gpt2	1139	570	6	eavesdrop	obj_rel_no_that	unexpected	The teachers the pilots collaborate eavesdrops	0.006953707171198695	0.006953707171198695	16.39176082611084	16.39176082611084
1139	gpt2	1140	570	6	eavesdrop	obj_rel_no_that	expected	The teachers the pilots collaborate eavesdrop	0.43726021537702975	0.43726021537702975	13.404477298259735	13.404477298259735
1140	gpt2	1141	571	6	ebb	obj_rel_no_that	unexpected	The teachers the pilots collaborate ebbs	0.28986853450133176	0.28986853450133176	14.925974726676943	14.925974726676943
1141	gpt2	1142	571	6	ebb	obj_rel_no_that	expected	The teachers the pilots collaborate ebb	0.003997059865696383	0.003997059865696383	12.48293948173523	12.48293948173523
1142	gpt2	1143	572	6	echo	obj_rel_no_that	unexpected	The teachers the pilots collaborate echoes	1.7602026503027444e-09	1.7602026503027444e-09	29.08161163330078	29.08161163330078
1143	gpt2	1144	572	6	echo	obj_rel_no_that	expected	The teachers the pilots collaborate echo	4.63640432712964e-08	4.63640432712964e-08	24.36241912841797	24.36241912841797
1144	gpt2	1145	573	6	eclipse	obj_rel_no_that	unexpected	The teachers the pilots collaborate eclipses	0.12055309931756938	0.12055309931756938	15.733551979064941	15.733551979064941
1145	gpt2	1146	573	6	eclipse	obj_rel_no_that	expected	The teachers the pilots collaborate eclipse	8.657177752446897e-10	8.657177752446897e-10	30.10538482666016	30.10538482666016
1146	gpt2	1147	574	6	economize	obj_rel_no_that	unexpected	The teachers the pilots collaborate economizes	0.04181119876146763	0.04181119876146763	16.43158495426178	16.43158495426178
1147	gpt2	1148	574	6	economize	obj_rel_no_that	expected	The teachers the pilots collaborate economize	0.16365514772177192	0.16365514772177192	15.447236120700836	15.447236120700836
1148	gpt2	1149	575	6	edge	obj_rel_no_that	unexpected	The teachers the pilots collaborate edges	1.1741462024872362e-08	1.1741462024872362e-08	26.343812942504883	26.343812942504883
1149	gpt2	1150	575	6	edge	obj_rel_no_that	expected	The teachers the pilots collaborate edge	1.255343988759705e-07	1.255343988759705e-07	22.925413131713867	22.925413131713867
1150	gpt2	1151	576	6	edit	obj_rel_no_that	unexpected	The teachers the pilots collaborate edits	1.7503005267371918e-08	1.7503005267371918e-08	25.767822265625	25.767822265625
1151	gpt2	1152	576	6	edit	obj_rel_no_that	expected	The teachers the pilots collaborate edit	2.985608773542481e-07	2.985608773542481e-07	21.675472259521484	21.675472259521484
1152	gpt2	1153	577	6	educate	obj_rel_no_that	unexpected	The teachers the pilots collaborate educates	0.17705328853756647	0.17705328853756647	15.26379531621933	15.26379531621933
1153	gpt2	1154	577	6	educate	obj_rel_no_that	expected	The teachers the pilots collaborate educate	1.062069188151327e-07	1.062069188151327e-07	23.16661834716797	23.16661834716797
1154	gpt2	1155	578	6	effect	obj_rel_no_that	unexpected	The teachers the pilots collaborate effects	7.769552468062103e-08	7.769552468062103e-08	23.61759376525879	23.61759376525879
1155	gpt2	1156	578	6	effect	obj_rel_no_that	expected	The teachers the pilots collaborate effect	2.5725188379510655e-07	2.5725188379510655e-07	21.89031410217285	21.89031410217285
1156	gpt2	1157	579	6	elaborate	obj_rel_no_that	unexpected	The teachers the pilots collaborate elaborates	0.023487324714755755	0.023487324714755755	14.984176874160767	14.984176874160767
1157	gpt2	1158	579	6	elaborate	obj_rel_no_that	expected	The teachers the pilots collaborate elaborate	2.2410437949815787e-08	2.2410437949815787e-08	25.411252975463867	25.411252975463867
1158	gpt2	1159	580	6	elect	obj_rel_no_that	unexpected	The teachers the pilots collaborate elects	0.018959679075699367	0.018959679075699367	13.454259634017946	13.454259634017946
1159	gpt2	1160	580	6	elect	obj_rel_no_that	expected	The teachers the pilots collaborate elect	2.0934864153332453e-07	2.0934864153332453e-07	22.187589645385746	22.187589645385746
1160	gpt2	1161	581	6	eliminate	obj_rel_no_that	unexpected	The teachers the pilots collaborate eliminates	1.7953244224599985e-08	1.7953244224599985e-08	25.73118019104004	25.73118019104004
1161	gpt2	1162	581	6	eliminate	obj_rel_no_that	expected	The teachers the pilots collaborate eliminate	2.717701761412173e-07	2.717701761412173e-07	21.81110954284668	21.81110954284668
1162	gpt2	1163	582	6	elongate	obj_rel_no_that	unexpected	The teachers the pilots collaborate elongates	0.008551099556314504	0.008551099556314504	18.480076551437378	18.480076551437378
1163	gpt2	1164	582	6	elongate	obj_rel_no_that	expected	The teachers the pilots collaborate elongate	0.3648218514721866	0.3648218514721866	15.772607415914536	15.772607415914536
1164	gpt2	1165	583	6	emasculate	obj_rel_no_that	unexpected	The teachers the pilots collaborate emasculates	0.22769812459130634	0.22769812459130634	8.254230301827192	8.254230301827192
1165	gpt2	1166	583	6	emasculate	obj_rel_no_that	expected	The teachers the pilots collaborate emasculate	0.44396121252332676	0.44396121252332676	6.927326340228319	6.927326340228319
1166	gpt2	1167	584	6	embark	obj_rel_no_that	unexpected	The teachers the pilots collaborate embarks	0.35868633393395477	0.35868633393395477	13.395835489034653	13.395835489034653
1167	gpt2	1168	584	6	embark	obj_rel_no_that	expected	The teachers the pilots collaborate embark	7.007701441352765e-08	7.007701441352765e-08	23.76648330688477	23.76648330688477
1168	gpt2	1169	585	6	embarrass	obj_rel_no_that	unexpected	The teachers the pilots collaborate embarrasses	0.0008723230461338885	0.0008723230461338885	18.70884084701538	18.70884084701538
1169	gpt2	1170	585	6	embarrass	obj_rel_no_that	expected	The teachers the pilots collaborate embarrass	3.1221156771010783e-09	3.1221156771010783e-09	28.25482940673828	28.25482940673828
1170	gpt2	1171	586	6	embellish	obj_rel_no_that	unexpected	The teachers the pilots collaborate embellishes	0.012918313869429847	0.012918313869429847	16.675296545028687	16.675296545028687
1171	gpt2	1172	586	6	embellish	obj_rel_no_that	expected	The teachers the pilots collaborate embellish	0.4494065958048833	0.4494065958048833	14.115030772984028	14.115030772984028
1172	gpt2	1173	587	6	embrace	obj_rel_no_that	unexpected	The teachers the pilots collaborate embraces	5.507186706665834e-09	5.507186706665834e-09	27.436037063598636	27.436037063598636
1173	gpt2	1174	587	6	embrace	obj_rel_no_that	expected	The teachers the pilots collaborate embrace	5.8756043586072344e-08	5.8756043586072344e-08	24.020687103271484	24.020687103271484
1174	gpt2	1175	588	6	emerge	obj_rel_no_that	unexpected	The teachers the pilots collaborate emerges	3.258273206796502e-09	3.258273206796502e-09	28.19324493408203	28.19324493408203
1175	gpt2	1176	588	6	emerge	obj_rel_no_that	expected	The teachers the pilots collaborate emerge	6.647526618053234e-08	6.647526618053234e-08	23.842607498168945	23.842607498168945
1176	gpt2	1177	589	7	emote	obj_rel_no_that	unexpected	The farmer the pilots cling emote	0.002409219397293314	0.002409219397293314	13.6781644821167	13.6781644821167
1177	gpt2	1178	589	7	emote	obj_rel_no_that	expected	The farmer the pilots cling emotes	0.01898442829652679	0.01898442829652679	13.504693746566772	13.504693746566772
1178	gpt2	1179	590	7	empathize	obj_rel_no_that	unexpected	The farmer the pilots cling empathize	0.008480123482514227	0.008480123482514227	16.854011058807373	16.854011058807373
1179	gpt2	1180	590	7	empathize	obj_rel_no_that	expected	The farmer the pilots cling empathizes	0.045238392665851924	0.045238392665851924	15.646315574645996	15.646315574645996
1180	gpt2	1181	591	7	emphasize	obj_rel_no_that	unexpected	The farmer the pilots cling emphasize	7.038897020805734e-09	7.038897020805734e-09	27.082002639770508	27.082002639770508
1181	gpt2	1182	591	7	emphasize	obj_rel_no_that	expected	The farmer the pilots cling emphasizes	2.6913975048614706e-08	2.6913975048614706e-08	25.147069931030277	25.147069931030277
1182	gpt2	1183	592	7	emphaticize	obj_rel_no_that	unexpected	The farmer the pilots cling emphaticize	0.2122974461567746	0.2122974461567746	16.325008034706116	16.325008034706116
1183	gpt2	1184	592	7	emphaticize	obj_rel_no_that	expected	The farmer the pilots cling emphaticizes	0.21229745398064592	0.21229745398064592	16.30254328250885	16.30254328250885
1184	gpt2	1185	593	7	employ	obj_rel_no_that	unexpected	The farmer the pilots cling employ	5.794881019483e-08	5.794881019483e-08	24.040645599365234	24.040645599365234
1185	gpt2	1186	593	7	employ	obj_rel_no_that	expected	The farmer the pilots cling employs	1.6238193012441116e-08	1.6238193012441116e-08	25.876033782958984	25.876033782958984
1186	gpt2	1187	594	7	empty	obj_rel_no_that	unexpected	The farmer the pilots cling empty	1.9595390767790377e-06	1.9595390767790377e-06	18.9610538482666	18.9610538482666
1187	gpt2	1188	594	7	empty	obj_rel_no_that	expected	The farmer the pilots cling empties	0.2689300723934167	0.2689300723934167	12.012657254934313	12.012657254934313
1188	gpt2	1189	595	7	emulate	obj_rel_no_that	unexpected	The farmer the pilots cling emulate	6.931249352248869e-09	6.931249352248869e-09	27.104236602783203	27.104236602783203
1189	gpt2	1190	595	7	emulate	obj_rel_no_that	expected	The farmer the pilots cling emulates	0.0006549363071712637	0.0006549363071712637	14.618218898773193	14.618218898773193
1190	gpt2	1191	596	7	enable	obj_rel_no_that	unexpected	The farmer the pilots cling enable	5.445300210737969e-09	5.445300210737969e-09	27.452341079711918	27.452341079711918
1191	gpt2	1192	596	7	enable	obj_rel_no_that	expected	The farmer the pilots cling enables	6.729363377644404e-08	6.729363377644404e-08	23.824954986572266	23.824954986572266
1192	gpt2	1193	597	7	enact	obj_rel_no_that	unexpected	The farmer the pilots cling enact	5.964635008126606e-09	5.964635008126606e-09	27.320919036865234	27.320919036865234
1193	gpt2	1194	597	7	enact	obj_rel_no_that	expected	The farmer the pilots cling enacts	2.2319775212054083e-05	2.2319775212054083e-05	16.770933628082275	16.770933628082275
1194	gpt2	1195	598	7	encapsulate	obj_rel_no_that	unexpected	The farmer the pilots cling encapsulate	0.004756388298035888	0.004756388298035888	15.83372163772583	15.83372163772583
1195	gpt2	1196	598	7	encapsulate	obj_rel_no_that	expected	The farmer the pilots cling encapsulates	0.013738903726251188	0.013738903726251188	15.06855583190918	15.06855583190918
1196	gpt2	1197	599	7	encompass	obj_rel_no_that	unexpected	The farmer the pilots cling encompass	2.7215116826795342e-09	2.7215116826795342e-09	28.452943801879883	28.452943801879883
1197	gpt2	1198	599	7	encompass	obj_rel_no_that	expected	The farmer the pilots cling encompasses	1.8891611830440524e-08	1.8891611830440524e-08	25.657678604125977	25.657678604125977
1198	gpt2	1199	600	7	encounter	obj_rel_no_that	unexpected	The farmer the pilots cling encounter	1.1046700620909179e-07	1.1046700620909179e-07	23.10988044738769	23.10988044738769
1199	gpt2	1200	600	7	encounter	obj_rel_no_that	expected	The farmer the pilots cling encounters	1.2075265942712576e-07	1.2075265942712576e-07	22.98144149780273	22.98144149780273
1200	gpt2	1201	601	7	encourage	obj_rel_no_that	unexpected	The farmer the pilots cling encourage	3.353026656327529e-08	3.353026656327529e-08	24.82995986938477	24.82995986938477
1201	gpt2	1202	601	7	encourage	obj_rel_no_that	expected	The farmer the pilots cling encourages	1.0400321315273688e-07	1.0400321315273688e-07	23.19686889648437	23.19686889648437
1202	gpt2	1203	602	7	endanger	obj_rel_no_that	unexpected	The farmer the pilots cling endanger	8.030765386024541e-09	8.030765386024541e-09	26.891815185546875	26.891815185546875
1203	gpt2	1204	602	7	endanger	obj_rel_no_that	expected	The farmer the pilots cling endangers	0.0001429849226041916	0.0001429849226041916	14.177940368652344	14.177940368652344
1204	gpt2	1205	603	7	endeavor	obj_rel_no_that	unexpected	The farmer the pilots cling endeavor	1.8573971249935541e-09	1.8573971249935541e-09	29.004070281982425	29.004070281982425
1205	gpt2	1206	603	7	endeavor	obj_rel_no_that	expected	The farmer the pilots cling endeavors	7.003672641836545e-10	7.003672641836545e-10	30.411169052124023	30.411169052124023
1206	gpt2	1207	604	7	endorse	obj_rel_no_that	unexpected	The farmer the pilots cling endorse	6.292896426174366e-09	6.292896426174366e-09	27.243629455566406	27.243629455566406
1207	gpt2	1208	604	7	endorse	obj_rel_no_that	expected	The farmer the pilots cling endorses	0.0003067939551328416	0.0003067939551328416	13.612604141235352	13.612604141235352
1208	gpt2	1209	605	7	endure	obj_rel_no_that	unexpected	The farmer the pilots cling endure	2.3868302889695773e-08	2.3868302889695773e-08	25.320327758789062	25.320327758789062
1209	gpt2	1210	605	7	endure	obj_rel_no_that	expected	The farmer the pilots cling endures	0.0025954005259336416	0.0025954005259336416	12.061232566833496	12.061232566833496
1210	gpt2	1211	606	7	end	obj_rel_no_that	unexpected	The farmer the pilots cling end	1.056975634128321e-05	1.056975634128321e-05	16.52969741821289	16.52969741821289
1211	gpt2	1212	606	7	end	obj_rel_no_that	expected	The farmer the pilots cling ends	2.609669309094897e-06	2.609669309094897e-06	18.547700881958008	18.547700881958008
1212	gpt2	1213	607	7	enforce	obj_rel_no_that	unexpected	The farmer the pilots cling enforce	2.87983574764894e-08	2.87983574764894e-08	25.0494384765625	25.0494384765625
1213	gpt2	1214	607	7	enforce	obj_rel_no_that	expected	The farmer the pilots cling enforces	2.039431126377167e-05	2.039431126377167e-05	16.8389949798584	16.8389949798584
1214	gpt2	1215	608	7	engage	obj_rel_no_that	unexpected	The farmer the pilots cling engage	1.2658094128426e-08	1.2658094128426e-08	26.23536491394043	26.23536491394043
1215	gpt2	1216	608	7	engage	obj_rel_no_that	expected	The farmer the pilots cling engages	9.046539517498786e-09	9.046539517498786e-09	26.719985961914062	26.719985961914062
1216	gpt2	1217	609	7	engineer	obj_rel_no_that	unexpected	The farmer the pilots cling engineer	1.1068333805042131e-08	1.1068333805042131e-08	26.42898750305176	26.42898750305176
1217	gpt2	1218	609	7	engineer	obj_rel_no_that	expected	The farmer the pilots cling engineers	8.638724402487696e-09	8.638724402487696e-09	26.786535263061523	26.786535263061523
1218	gpt2	1219	610	7	enhance	obj_rel_no_that	unexpected	The farmer the pilots cling enhance	6.537688612695547e-09	6.537688612695547e-09	27.18857192993164	27.18857192993164
1219	gpt2	1220	610	7	enhance	obj_rel_no_that	expected	The farmer the pilots cling enhances	1.9438576970287613e-08	1.9438576970287613e-08	25.61650276184082	25.61650276184082
1220	gpt2	1221	611	7	enjoin	obj_rel_no_that	unexpected	The farmer the pilots cling enjoin	0.00025024872809351257	0.00025024872809351257	14.99928617477417	14.99928617477417
1221	gpt2	1222	611	7	enjoin	obj_rel_no_that	expected	The farmer the pilots cling enjoins	0.3269302311008838	0.3269302311008838	9.98816570887963	9.98816570887963
1222	gpt2	1223	612	7	enjoy	obj_rel_no_that	unexpected	The farmer the pilots cling enjoy	2.0950962209553841e-07	2.0950962209553841e-07	22.186479568481445	22.186479568481445
1223	gpt2	1224	612	7	enjoy	obj_rel_no_that	expected	The farmer the pilots cling enjoys	1.475378184068177e-07	1.475378184068177e-07	22.69241142272949	22.69241142272949
1224	gpt2	1225	613	7	enlarge	obj_rel_no_that	unexpected	The farmer the pilots cling enlarge	1.1227329066443303e-09	1.1227329066443303e-09	29.730337142944336	29.730337142944336
1225	gpt2	1226	613	7	enlarge	obj_rel_no_that	expected	The farmer the pilots cling enlarges	0.10725134886749198	0.10725134886749198	14.82780373096466	14.82780373096466
1226	gpt2	1227	614	7	enlist	obj_rel_no_that	unexpected	The farmer the pilots cling enlist	2.0606623074570507e-09	2.0606623074570507e-09	28.85424423217773	28.85424423217773
1227	gpt2	1228	614	7	enlist	obj_rel_no_that	expected	The farmer the pilots cling enlists	1.7049404391400458e-05	1.7049404391400458e-05	16.975048065185547	16.975048065185547
1228	gpt2	1229	615	7	enroll	obj_rel_no_that	unexpected	The farmer the pilots cling enroll	4.753898164011616e-09	4.753898164011616e-09	27.64824104309082	27.64824104309082
1229	gpt2	1230	615	7	enroll	obj_rel_no_that	expected	The farmer the pilots cling enrolls	0.2778728926109426	0.2778728926109426	14.247872054576874	14.247872054576874
1230	gpt2	1231	616	7	ensue	obj_rel_no_that	unexpected	The farmer the pilots cling ensue	0.0032299308946903225	0.0032299308946903225	13.656316757202148	13.656316757202148
1231	gpt2	1232	616	7	ensue	obj_rel_no_that	expected	The farmer the pilots cling ensues	0.007025909740718772	0.007025909740718772	13.095669746398926	13.095669746398926
1232	gpt2	1233	617	7	ensure	obj_rel_no_that	unexpected	The farmer the pilots cling ensure	9.665805578151777e-08	9.665805578151777e-08	23.302534103393555	23.302534103393555
1233	gpt2	1234	617	7	ensure	obj_rel_no_that	expected	The farmer the pilots cling ensures	8.766839698637342e-08	8.766839698637342e-08	23.44336700439453	23.44336700439453
1234	gpt2	1235	618	7	entail	obj_rel_no_that	unexpected	The farmer the pilots cling entail	1.4226062550193321e-09	1.4226062550193321e-09	29.388816833496094	29.388816833496094
1235	gpt2	1236	618	7	entail	obj_rel_no_that	expected	The farmer the pilots cling entails	1.8698175452414038e-08	1.8698175452414038e-08	25.672527313232425	25.672527313232425
1236	gpt2	1237	619	7	enter	obj_rel_no_that	unexpected	The farmer the pilots cling enter	2.1008172979009032e-08	2.1008172979009032e-08	25.504474639892575	25.504474639892575
1237	gpt2	1238	619	7	enter	obj_rel_no_that	expected	The farmer the pilots cling enters	2.9421073577395876e-08	2.9421073577395876e-08	25.01857566833496	25.01857566833496
1238	gpt2	1239	620	7	entice	obj_rel_no_that	unexpected	The farmer the pilots cling entice	0.005145255096408578	0.005145255096408578	13.136353015899658	13.136353015899658
1239	gpt2	1240	620	7	entice	obj_rel_no_that	expected	The farmer the pilots cling entices	0.0014871033766894275	0.0014871033766894275	14.031928539276123	14.031928539276123
1240	gpt2	1241	621	7	entitle	obj_rel_no_that	unexpected	The farmer the pilots cling entitle	5.219662035926831e-09	5.219662035926831e-09	27.513397216796875	27.513397216796875
1241	gpt2	1242	621	7	entitle	obj_rel_no_that	expected	The farmer the pilots cling entitles	0.4391332613512531	0.4391332613512531	13.429451033473017	13.429451033473017
1242	gpt2	1243	622	7	entrench	obj_rel_no_that	unexpected	The farmer the pilots cling entrench	0.0018268974657757776	0.0018268974657757776	13.883429050445557	13.883429050445557
1243	gpt2	1244	622	7	entrench	obj_rel_no_that	expected	The farmer the pilots cling entrenches	5.282477138732754e-05	5.282477138732754e-05	16.44744300842285	16.44744300842285
1244	gpt2	1245	623	7	entrust	obj_rel_no_that	unexpected	The farmer the pilots cling entrust	0.004076198294910678	0.004076198294910678	13.304384231567383	13.304384231567383
1245	gpt2	1246	623	7	entrust	obj_rel_no_that	expected	The farmer the pilots cling entrusts	0.04746583140899929	0.04746583140899929	9.835275729497274	9.835275729497274
1246	gpt2	1247	624	7	envision	obj_rel_no_that	unexpected	The farmer the pilots cling envision	1.7268463992081706e-08	1.7268463992081706e-08	25.78728485107422	25.78728485107422
1247	gpt2	1248	624	7	envision	obj_rel_no_that	expected	The farmer the pilots cling envisions	0.04270989442607487	0.04270989442607487	13.275276184082031	13.275276184082031
1248	gpt2	1249	625	7	equal	obj_rel_no_that	unexpected	The farmer the pilots cling equal	2.559768574883492e-07	2.559768574883492e-07	21.897483825683597	21.897483825683597
1249	gpt2	1250	625	7	equal	obj_rel_no_that	expected	The farmer the pilots cling equals	5.152226023596995e-08	5.152226023596995e-08	24.210227966308597	24.210227966308597
1250	gpt2	1251	626	7	equate	obj_rel_no_that	unexpected	The farmer the pilots cling equate	7.764230147699891e-09	7.764230147699891e-09	26.940509796142575	26.940509796142575
1251	gpt2	1252	626	7	equate	obj_rel_no_that	expected	The farmer the pilots cling equates	0.005697349161835035	0.005697349161835035	12.749253988265991	12.749253988265991
1252	gpt2	1253	627	7	equip	obj_rel_no_that	unexpected	The farmer the pilots cling equip	1.386237347134056e-08	1.386237347134056e-08	26.104249954223636	26.104249954223636
1253	gpt2	1254	627	7	equip	obj_rel_no_that	expected	The farmer the pilots cling equips	0.018606036976905185	0.018606036976905185	11.895468473434448	11.895468473434448
1254	gpt2	1255	628	7	eradicate	obj_rel_no_that	unexpected	The farmer the pilots cling eradicate	7.398029411298522e-10	7.398029411298522e-10	30.33213996887207	30.33213996887207
1255	gpt2	1256	628	7	eradicate	obj_rel_no_that	expected	The farmer the pilots cling eradicates	0.017670115471467775	0.017670115471467775	16.405301570892334	16.405301570892334
1256	gpt2	1257	629	7	erase	obj_rel_no_that	unexpected	The farmer the pilots cling erase	6.530310958652308e-09	6.530310958652308e-09	27.190200805664062	27.190200805664062
1257	gpt2	1258	629	7	erase	obj_rel_no_that	expected	The farmer the pilots cling erases	0.0032408542675880876	0.0032408542675880876	15.106832504272461	15.106832504272461
1258	gpt2	1259	630	7	erect	obj_rel_no_that	unexpected	The farmer the pilots cling erect	2.441645847284235e-06	2.441645847284235e-06	18.64371490478516	18.64371490478516
1259	gpt2	1260	630	7	erect	obj_rel_no_that	expected	The farmer the pilots cling erects	0.0010392281446911422	0.0010392281446911422	13.777841091156008	13.777841091156008
1260	gpt2	1261	631	7	erode	obj_rel_no_that	unexpected	The farmer the pilots cling erode	0.0022438145453093877	0.0022438145453093877	15.37204885482788	15.37204885482788
1261	gpt2	1262	631	7	erode	obj_rel_no_that	expected	The farmer the pilots cling erodes	0.0005579117779603378	0.0005579117779603378	16.376031398773193	16.376031398773193
1262	gpt2	1263	632	7	erupt	obj_rel_no_that	unexpected	The farmer the pilots cling erupt	9.575848558540656e-09	9.575848558540656e-09	26.63795280456543	26.63795280456543
1263	gpt2	1264	632	7	erupt	obj_rel_no_that	expected	The farmer the pilots cling erupts	0.4198210883336091	0.4198210883336091	13.44505313038826	13.44505313038826
1264	gpt2	1265	633	7	escalate	obj_rel_no_that	unexpected	The farmer the pilots cling escalate	1.7447832068029354e-09	1.7447832068029354e-09	29.09430503845215	29.09430503845215
1265	gpt2	1266	633	7	escalate	obj_rel_no_that	expected	The farmer the pilots cling escalates	0.1911602630743222	0.1911602630743222	14.877558410167696	14.877558410167696
1266	gpt2	1267	634	7	escape	obj_rel_no_that	unexpected	The farmer the pilots cling escape	3.793944358676527e-08	3.793944358676527e-08	24.65172576904297	24.65172576904297
1267	gpt2	1268	634	7	escape	obj_rel_no_that	expected	The farmer the pilots cling escapes	1.446018949025074e-08	1.446018949025074e-08	26.04333877563477	26.04333877563477
1268	gpt2	1269	635	7	establish	obj_rel_no_that	unexpected	The farmer the pilots cling establish	3.1337691552835174e-08	3.1337691552835174e-08	24.927526473999023	24.927526473999023
1269	gpt2	1270	635	7	establish	obj_rel_no_that	expected	The farmer the pilots cling establishes	3.25249409627304e-08	3.25249409627304e-08	24.873878479003903	24.873878479003903
1270	gpt2	1271	636	7	estimate	obj_rel_no_that	unexpected	The farmer the pilots cling estimate	2.2895330076266877e-08	2.2895330076266877e-08	25.38037109375	25.38037109375
1271	gpt2	1272	636	7	estimate	obj_rel_no_that	expected	The farmer the pilots cling estimates	2.3971777451947677e-08	2.3971777451947677e-08	25.3140869140625	25.3140869140625
1272	gpt2	1273	637	7	evade	obj_rel_no_that	unexpected	The farmer the pilots cling evade	6.116179207538154e-08	6.116179207538154e-08	23.962793350219727	23.962793350219727
1273	gpt2	1274	637	7	evade	obj_rel_no_that	expected	The farmer the pilots cling evades	0.00027106698578904543	0.00027106698578904543	15.487404823303223	15.487404823303223
1274	gpt2	1275	638	7	evaluate	obj_rel_no_that	unexpected	The farmer the pilots cling evaluate	5.835584016011808e-09	5.835584016011808e-09	27.35247611999512	27.35247611999512
1275	gpt2	1276	638	7	evaluate	obj_rel_no_that	expected	The farmer the pilots cling evaluates	2.220555295195936e-09	2.220555295195936e-09	28.746431350708008	28.746431350708008
1276	gpt2	1277	639	7	evaporate	obj_rel_no_that	unexpected	The farmer the pilots cling evaporate	0.016614512331048374	0.016614512331048374	15.575573682785034	15.575573682785034
1277	gpt2	1278	639	7	evaporate	obj_rel_no_that	expected	The farmer the pilots cling evaporates	0.07595719283000597	0.07595719283000597	14.479202151298523	14.479202151298523
1278	gpt2	1279	640	7	even	obj_rel_no_that	unexpected	The farmer the pilots cling even	1.6246211089310236e-05	1.6246211089310236e-05	15.909537315368652	15.909537315368652
1279	gpt2	1280	640	7	even	obj_rel_no_that	expected	The farmer the pilots cling evens	2.5501715754217003e-05	2.5501715754217003e-05	15.360932350158691	15.360932350158691
1280	gpt2	1281	641	7	evolve	obj_rel_no_that	unexpected	The farmer the pilots cling evolve	1.936492521892319e-09	1.936492521892319e-09	28.943906784057617	28.943906784057617
1281	gpt2	1282	641	7	evolve	obj_rel_no_that	expected	The farmer the pilots cling evolves	6.042658040605885e-10	6.042658040605885e-10	30.62409782409668	30.62409782409668
1282	gpt2	1283	642	7	exacerbate	obj_rel_no_that	unexpected	The farmer the pilots cling exacerbate	1.3969012613301855e-09	1.3969012613301855e-09	29.415122985839844	29.415122985839844
1283	gpt2	1284	642	7	exacerbate	obj_rel_no_that	expected	The farmer the pilots cling exacerbates	0.45633518799792205	0.45633518799792205	14.486573308706284	14.486573308706284
1284	gpt2	1285	643	7	exaggerate	obj_rel_no_that	unexpected	The farmer the pilots cling exaggerate	0.007290371539435902	0.007290371539435902	16.580397605895996	16.580397605895996
1285	gpt2	1286	643	7	exaggerate	obj_rel_no_that	expected	The farmer the pilots cling exaggerates	0.4646276569314223	0.4646276569314223	13.583427891135214	13.583427891135214
1286	gpt2	1287	644	7	examine	obj_rel_no_that	unexpected	The farmer the pilots cling examine	3.7881886072455024e-08	3.7881886072455024e-08	24.65391731262207	24.65391731262207
1287	gpt2	1288	644	7	examine	obj_rel_no_that	expected	The farmer the pilots cling examines	1.1138305389124524e-08	1.1138305389124524e-08	26.41989517211914	26.41989517211914
1288	gpt2	1289	645	7	exceed	obj_rel_no_that	unexpected	The farmer the pilots cling exceed	2.0329842698174616e-08	2.0329842698174616e-08	25.55182647705078	25.55182647705078
1289	gpt2	1290	645	7	exceed	obj_rel_no_that	expected	The farmer the pilots cling exceeds	8.52835171372135e-08	8.52835171372135e-08	23.483158111572266	23.483158111572266
1290	gpt2	1291	646	7	except	obj_rel_no_that	unexpected	The farmer the pilots cling except	7.923235898488201e-07	7.923235898488201e-07	20.267406463623047	20.267406463623047
1291	gpt2	1292	646	7	except	obj_rel_no_that	expected	The farmer the pilots cling excepts	0.0006000594589749745	0.0006000594589749745	14.985483169555664	14.985483169555664
1292	gpt2	1293	647	7	exchange	obj_rel_no_that	unexpected	The farmer the pilots cling exchange	1.1344700823201492e-07	1.1344700823201492e-07	23.07147789001465	23.07147789001465
1293	gpt2	1294	647	7	exchange	obj_rel_no_that	expected	The farmer the pilots cling exchanges	3.333081366463375e-08	3.333081366463375e-08	24.83856773376465	24.83856773376465
1294	gpt2	1295	648	7	exclude	obj_rel_no_that	unexpected	The farmer the pilots cling exclude	2.0811385947894223e-09	2.0811385947894223e-09	28.83997917175293	28.83997917175293
1295	gpt2	1296	648	7	exclude	obj_rel_no_that	expected	The farmer the pilots cling excludes	1.4641472922960476e-08	1.4641472922960476e-08	26.02536392211914	26.02536392211914
1296	gpt2	1297	649	7	excorciate	obj_rel_no_that	unexpected	The farmer the pilots cling excorciate	0.033002367684179724	0.033002367684179724	11.44649338722229	11.44649338722229
1297	gpt2	1298	649	7	excorciate	obj_rel_no_that	expected	The farmer the pilots cling excorciates	0.003795638888636396	0.003795638888636396	12.33975887298584	12.33975887298584
1298	gpt2	1299	650	7	excuse	obj_rel_no_that	unexpected	The farmer the pilots cling excuse	1.433463925337719e-08	1.433463925337719e-08	26.0559196472168	26.0559196472168
1299	gpt2	1300	650	7	excuse	obj_rel_no_that	expected	The farmer the pilots cling excuses	1.2143116734364412e-08	1.2143116734364412e-08	26.295286178588867	26.295286178588867
1300	gpt2	1301	651	7	execute	obj_rel_no_that	unexpected	The farmer the pilots cling execute	1.1357728979533022e-08	1.1357728979533022e-08	26.39175033569336	26.39175033569336
1301	gpt2	1302	651	7	execute	obj_rel_no_that	expected	The farmer the pilots cling executes	1.692619377990923e-08	1.692619377990923e-08	25.8161678314209	25.8161678314209
1302	gpt2	1303	652	7	exempt	obj_rel_no_that	unexpected	The farmer the pilots cling exempt	1.209392941348142e-08	1.209392941348142e-08	26.3011417388916	26.3011417388916
1303	gpt2	1304	652	7	exempt	obj_rel_no_that	expected	The farmer the pilots cling exempts	0.12142517277307706	0.12142517277307706	14.171501159667969	14.171501159667969
1304	gpt2	1305	653	7	exercise	obj_rel_no_that	unexpected	The farmer the pilots cling exercise	2.3911420043987164e-07	2.3911420043987164e-07	21.99579620361328	21.99579620361328
1305	gpt2	1306	653	7	exercise	obj_rel_no_that	expected	The farmer the pilots cling exercises	4.208654758031116e-08	4.208654758031116e-08	24.502065658569336	24.502065658569336
1306	gpt2	1307	654	7	exhaust	obj_rel_no_that	unexpected	The farmer the pilots cling exhaust	9.201528428093297e-08	9.201528428093297e-08	23.373550415039062	23.373550415039062
1307	gpt2	1308	654	7	exhaust	obj_rel_no_that	expected	The farmer the pilots cling exhausts	0.00902642998875079	0.00902642998875079	14.582593202590942	14.582593202590942
1308	gpt2	1309	655	7	exhibit	obj_rel_no_that	unexpected	The farmer the pilots cling exhibit	2.008318489288285e-08	2.008318489288285e-08	25.56943702697754	25.56943702697754
1309	gpt2	1310	655	7	exhibit	obj_rel_no_that	expected	The farmer the pilots cling exhibits	1.0891498369858256e-08	1.0891498369858256e-08	26.45222282409668	26.45222282409668
1310	gpt2	1311	656	7	exist	obj_rel_no_that	unexpected	The farmer the pilots cling exist	1.7532775231643427e-08	1.7532775231643427e-08	25.765369415283203	25.765369415283203
1311	gpt2	1312	656	7	exist	obj_rel_no_that	expected	The farmer the pilots cling exists	3.352105792941984e-08	3.352105792941984e-08	24.83035659790039	24.83035659790039
1312	gpt2	1313	657	7	exit	obj_rel_no_that	unexpected	The farmer the pilots cling exit	9.502706177499933e-09	9.502706177499933e-09	26.64901351928711	26.64901351928711
1313	gpt2	1314	657	7	exit	obj_rel_no_that	expected	The farmer the pilots cling exits	2.56755061656122e-09	2.56755061656122e-09	28.53696060180664	28.53696060180664
1314	gpt2	1315	658	7	exorcise	obj_rel_no_that	unexpected	The farmer the pilots cling exorcise	0.053388511601959426	0.053388511601959426	14.842146754264832	14.842146754264832
1315	gpt2	1316	658	7	exorcise	obj_rel_no_that	expected	The farmer the pilots cling exorcises	0.03956117278722403	0.03956117278722403	15.058368802070618	15.058368802070618
1316	gpt2	1317	659	7	expand	obj_rel_no_that	unexpected	The farmer the pilots cling expand	6.803464902560563e-09	6.803464902560563e-09	27.13108253479004	27.13108253479004
1317	gpt2	1318	659	7	expand	obj_rel_no_that	expected	The farmer the pilots cling expands	1.1206923389295298e-08	1.1206923389295298e-08	26.411033630371094	26.411033630371094
1318	gpt2	1319	660	7	expect	obj_rel_no_that	unexpected	The farmer the pilots cling expect	1.420184730704932e-06	1.420184730704932e-06	19.42548942565918	19.42548942565918
1319	gpt2	1320	660	7	expect	obj_rel_no_that	expected	The farmer the pilots cling expects	1.3720701019792616e-07	1.3720701019792616e-07	22.797142028808597	22.797142028808597
1320	gpt2	1321	661	7	expedite	obj_rel_no_that	unexpected	The farmer the pilots cling expedite	0.005938755262626183	0.005938755262626183	15.54017639160156	15.54017639160156
1321	gpt2	1322	661	7	expedite	obj_rel_no_that	expected	The farmer the pilots cling expedites	0.004020975351316733	0.004020975351316733	15.82148504257202	15.82148504257202
1322	gpt2	1323	662	7	expel	obj_rel_no_that	unexpected	The farmer the pilots cling expel	2.7839681671082413e-09	2.7839681671082413e-09	28.420209884643555	28.420209884643555
1323	gpt2	1324	662	7	expel	obj_rel_no_that	expected	The farmer the pilots cling expels	0.004239618435857279	0.004239618435857279	15.870849847793579	15.870849847793579
1324	gpt2	1325	663	7	experience	obj_rel_no_that	unexpected	The farmer the pilots cling experience	1.6635142685572649e-07	1.6635142685572649e-07	22.519262313842773	22.519262313842773
1325	gpt2	1326	663	7	experience	obj_rel_no_that	expected	The farmer the pilots cling experiences	2.6526850049890527e-08	2.6526850049890527e-08	25.167970657348636	25.167970657348636
1326	gpt2	1327	664	7	expire	obj_rel_no_that	unexpected	The farmer the pilots cling expire	6.655452633452796e-09	6.655452633452796e-09	27.16281509399414	27.16281509399414
1327	gpt2	1328	664	7	expire	obj_rel_no_that	expected	The farmer the pilots cling expires	8.48638581629757e-09	8.48638581629757e-09	26.81220245361328	26.81220245361328
1328	gpt2	1329	665	7	explain	obj_rel_no_that	unexpected	The farmer the pilots cling explain	1.2549394057259633e-07	1.2549394057259633e-07	22.925878524780277	22.925878524780277
1329	gpt2	1330	665	7	explain	obj_rel_no_that	expected	The farmer the pilots cling explains	2.415915787423728e-07	2.415915787423728e-07	21.980926513671875	21.980926513671875
1330	gpt2	1331	666	7	explode	obj_rel_no_that	unexpected	The farmer the pilots cling explode	1.4110785429011232e-08	1.4110785429011232e-08	26.07862663269043	26.07862663269043
1331	gpt2	1332	666	7	explode	obj_rel_no_that	expected	The farmer the pilots cling explodes	2.2031835911207054e-08	2.2031835911207054e-08	25.435834884643555	25.435834884643555
1332	gpt2	1333	667	7	exploit	obj_rel_no_that	unexpected	The farmer the pilots cling exploit	2.1831548124851e-08	2.1831548124851e-08	25.449010848999023	25.449010848999023
1333	gpt2	1334	667	7	exploit	obj_rel_no_that	expected	The farmer the pilots cling exploits	2.100503770918749e-09	2.100503770918749e-09	28.82661819458008	28.82661819458008
1334	gpt2	1335	668	7	explore	obj_rel_no_that	unexpected	The farmer the pilots cling explore	4.4060390891331735e-09	4.4060390891331735e-09	27.757869720458984	27.757869720458984
1335	gpt2	1336	668	7	explore	obj_rel_no_that	expected	The farmer the pilots cling explores	2.0429352431960982e-08	2.0429352431960982e-08	25.54478073120117	25.54478073120117
1336	gpt2	1337	669	7	export	obj_rel_no_that	unexpected	The farmer the pilots cling export	1.1548034528630069e-08	1.1548034528630069e-08	26.36777687072754	26.36777687072754
1337	gpt2	1338	669	7	export	obj_rel_no_that	expected	The farmer the pilots cling exports	1.2116187164679104e-08	1.2116187164679104e-08	26.29848861694336	26.29848861694336
1338	gpt2	1339	670	7	expose	obj_rel_no_that	unexpected	The farmer the pilots cling expose	5.0978758991959694e-08	5.0978758991959694e-08	24.225528717041016	24.225528717041016
1339	gpt2	1340	670	7	expose	obj_rel_no_that	expected	The farmer the pilots cling exposes	1.7806101482165104e-07	1.7806101482165104e-07	22.421125411987305	22.421125411987305
1340	gpt2	1341	671	7	express	obj_rel_no_that	unexpected	The farmer the pilots cling express	1.4746579779512106e-07	1.4746579779512106e-07	22.693117141723636	22.693117141723636
1341	gpt2	1342	671	7	express	obj_rel_no_that	expected	The farmer the pilots cling expresses	4.351637272748121e-08	4.351637272748121e-08	24.453866958618164	24.453866958618164
1342	gpt2	1343	672	7	expunge	obj_rel_no_that	unexpected	The farmer the pilots cling expunge	0.019279048860309886	0.019279048860309886	11.701551755269369	11.701551755269369
1343	gpt2	1344	672	7	expunge	obj_rel_no_that	expected	The farmer the pilots cling expunges	0.018647493411092318	0.018647493411092318	12.175832271575928	12.175832271575928
1344	gpt2	1345	673	7	extend	obj_rel_no_that	unexpected	The farmer the pilots cling extend	7.633866516698617e-08	7.633866516698617e-08	23.64301109313965	23.64301109313965
1345	gpt2	1346	673	7	extend	obj_rel_no_that	expected	The farmer the pilots cling extends	4.729772626888007e-07	4.729772626888007e-07	21.01172637939453	21.01172637939453
1346	gpt2	1347	674	7	extinguish	obj_rel_no_that	unexpected	The farmer the pilots cling extinguish	0.038758280519481006	0.038758280519481006	13.124698996543884	13.124698996543884
1347	gpt2	1348	674	7	extinguish	obj_rel_no_that	expected	The farmer the pilots cling extinguishes	0.02790676878773721	0.02790676878773721	13.361644268035889	13.361644268035889
1348	gpt2	1349	675	7	extort	obj_rel_no_that	unexpected	The farmer the pilots cling extort	0.0328906586308122	0.0328906586308122	13.087046146392824	13.087046146392824
1349	gpt2	1350	675	7	extort	obj_rel_no_that	expected	The farmer the pilots cling extorts	0.0006552755747079958	0.0006552755747079958	15.911870479583744	15.911870479583744
1350	gpt2	1351	676	7	extract	obj_rel_no_that	unexpected	The farmer the pilots cling extract	6.777487016051964e-08	6.777487016051964e-08	23.814674377441406	23.814674377441406
1351	gpt2	1352	676	7	extract	obj_rel_no_that	expected	The farmer the pilots cling extracts	3.1508385234246816e-08	3.1508385234246816e-08	24.9196891784668	24.9196891784668
1352	gpt2	1353	677	7	extricate	obj_rel_no_that	unexpected	The farmer the pilots cling extricate	0.07796871276622613	0.07796871276622613	9.932780583699545	9.932780583699545
1353	gpt2	1354	677	7	extricate	obj_rel_no_that	expected	The farmer the pilots cling extricates	0.0714840792993764	0.0714840792993764	10.618307908376059	10.618307908376059
1354	gpt2	1355	678	7	fabricate	obj_rel_no_that	unexpected	The farmer the pilots cling fabricate	0.0004303062212364771	0.0004303062212364771	17.135390758514404	17.135390758514404
1355	gpt2	1356	678	7	fabricate	obj_rel_no_that	expected	The farmer the pilots cling fabricates	0.0002675752673475271	0.0002675752673475271	17.478128910064697	17.478128910064697
1356	gpt2	1357	679	7	face	obj_rel_no_that	unexpected	The farmer the pilots cling face	1.4324985386338083e-05	1.4324985386338083e-05	16.091106414794922	16.091106414794922
1357	gpt2	1358	679	7	face	obj_rel_no_that	expected	The farmer the pilots cling faces	1.3973776731290857e-06	1.3973776731290857e-06	19.4488468170166	19.4488468170166
1358	gpt2	1359	680	7	facilitate	obj_rel_no_that	unexpected	The farmer the pilots cling facilitate	2.751869843109489e-09	2.751869843109489e-09	28.436941146850582	28.436941146850582
1359	gpt2	1360	680	7	facilitate	obj_rel_no_that	expected	The farmer the pilots cling facilitates	6.7385821367338394e-09	6.7385821367338394e-09	27.144906997680664	27.144906997680664
1360	gpt2	1361	681	7	factor	obj_rel_no_that	unexpected	The farmer the pilots cling factor	8.408596485764974e-09	8.408596485764974e-09	26.82548713684082	26.82548713684082
1361	gpt2	1362	681	7	factor	obj_rel_no_that	expected	The farmer the pilots cling factors	1.4548716897877512e-08	1.4548716897877512e-08	26.03453254699707	26.03453254699707
1362	gpt2	1363	682	7	fade	obj_rel_no_that	unexpected	The farmer the pilots cling fade	7.411563807124821e-09	7.411563807124821e-09	27.0075740814209	27.0075740814209
1363	gpt2	1364	682	7	fade	obj_rel_no_that	expected	The farmer the pilots cling fades	6.878756408923438e-08	6.878756408923438e-08	23.79327774047852	23.79327774047852
1364	gpt2	1365	683	7	fail	obj_rel_no_that	unexpected	The farmer the pilots cling fail	2.953725299903454e-07	2.953725299903454e-07	21.690961837768555	21.690961837768555
1365	gpt2	1366	683	7	fail	obj_rel_no_that	expected	The farmer the pilots cling fails	5.29895316958573e-07	5.29895316958573e-07	20.847789764404297	20.847789764404297
1366	gpt2	1367	684	7	fall	obj_rel_no_that	unexpected	The farmer the pilots cling fall	7.433997097905376e-07	7.433997097905376e-07	20.359357833862305	20.359357833862305
1367	gpt2	1368	684	7	fall	obj_rel_no_that	expected	The farmer the pilots cling falls	8.049850634961331e-07	8.049850634961331e-07	20.244535446166992	20.244535446166992
1368	gpt2	1369	685	7	falsify	obj_rel_no_that	unexpected	The farmer the pilots cling falsify	0.015039367479406705	0.015039367479406705	14.80214476585388	14.80214476585388
1369	gpt2	1370	685	7	falsify	obj_rel_no_that	expected	The farmer the pilots cling falsifies	0.003876111813955404	0.003876111813955404	15.780178546905516	15.780178546905516
1370	gpt2	1371	686	7	familiarize	obj_rel_no_that	unexpected	The farmer the pilots cling familiarize	0.0001259309201060416	0.0001259309201060416	17.105072498321533	17.105072498321533
1371	gpt2	1372	686	7	familiarize	obj_rel_no_that	expected	The farmer the pilots cling familiarizes	4.017797523658828e-05	4.017797523658828e-05	17.93037462234497	17.93037462234497
1372	gpt2	1373	687	8	fantasize	obj_rel_no_that	unexpected	The surgeon the officers draw fantasize	0.01861907862186827	0.01861907862186827	14.999272108078003	14.999272108078003
1373	gpt2	1374	687	8	fantasize	obj_rel_no_that	expected	The surgeon the officers draw fantasizes	0.09507191687882342	0.09507191687882342	13.823152899742126	13.823152899742126
1374	gpt2	1375	688	8	fare	obj_rel_no_that	unexpected	The surgeon the officers draw fare	5.872884685231838e-07	5.872884685231838e-07	20.699426651000977	20.699426651000977
1375	gpt2	1376	688	8	fare	obj_rel_no_that	expected	The surgeon the officers draw fares	3.5441003092273604e-06	3.5441003092273604e-06	18.106149673461918	18.106149673461918
1376	gpt2	1377	689	8	farm	obj_rel_no_that	unexpected	The surgeon the officers draw farm	3.000102424266516e-07	3.000102424266516e-07	21.66848564147949	21.66848564147949
1377	gpt2	1378	689	8	farm	obj_rel_no_that	expected	The surgeon the officers draw farms	5.427737193031135e-08	5.427737193031135e-08	24.13507461547852	24.13507461547852
1378	gpt2	1379	690	8	fashion	obj_rel_no_that	unexpected	The surgeon the officers draw fashion	1.7712686712911818e-06	1.7712686712911818e-06	19.10678482055664	19.10678482055664
1379	gpt2	1380	690	8	fashion	obj_rel_no_that	expected	The surgeon the officers draw fashions	0.33055547318326717	0.33055547318326717	8.003205459875366	8.003205459875366
1380	gpt2	1381	691	8	favor	obj_rel_no_that	unexpected	The surgeon the officers draw favor	6.772066626581363e-06	6.772066626581363e-06	17.171972274780273	17.171972274780273
1381	gpt2	1382	691	8	favor	obj_rel_no_that	expected	The surgeon the officers draw favors	2.0650170426961267e-06	2.0650170426961267e-06	18.88541412353516	18.88541412353516
1382	gpt2	1383	692	8	fear	obj_rel_no_that	unexpected	The surgeon the officers draw fear	0.0001377731387037	0.0001377731387037	12.825417518615724	12.825417518615724
1383	gpt2	1384	692	8	fear	obj_rel_no_that	expected	The surgeon the officers draw fears	8.032339792407583e-06	8.032339792407583e-06	16.925748825073242	16.925748825073242
1384	gpt2	1385	693	8	feature	obj_rel_no_that	unexpected	The surgeon the officers draw feature	1.3334379218576942e-06	1.3334379218576942e-06	19.51641845703125	19.51641845703125
1385	gpt2	1386	693	8	feature	obj_rel_no_that	expected	The surgeon the officers draw features	2.267399031552486e-05	2.267399031552486e-05	15.42860221862793	15.42860221862793
1386	gpt2	1387	694	8	feed	obj_rel_no_that	unexpected	The surgeon the officers draw feed	7.717203516222071e-06	7.717203516222071e-06	16.983489990234375	16.983489990234375
1387	gpt2	1388	694	8	feed	obj_rel_no_that	expected	The surgeon the officers draw feeds	9.455130225433096e-07	9.455130225433096e-07	20.012399673461918	20.012399673461918
1388	gpt2	1389	695	8	feel	obj_rel_no_that	unexpected	The surgeon the officers draw feel	3.2897071378101828e-06	3.2897071378101828e-06	18.21360969543457	18.21360969543457
1389	gpt2	1390	695	8	feel	obj_rel_no_that	expected	The surgeon the officers draw feels	1.643320319999475e-05	1.643320319999475e-05	15.893026351928713	15.893026351928713
1390	gpt2	1391	696	8	fend	obj_rel_no_that	unexpected	The surgeon the officers draw fend	6.908841498898255e-08	6.908841498898255e-08	23.7869815826416	23.7869815826416
1391	gpt2	1392	696	8	fend	obj_rel_no_that	expected	The surgeon the officers draw fends	0.0002593268300188102	0.0002593268300188102	13.069791316986084	13.069791316986084
1392	gpt2	1393	697	8	ferret	obj_rel_no_that	unexpected	The surgeon the officers draw ferret	0.0047691481871083375	0.0047691481871083375	12.928431987762451	12.928431987762451
1393	gpt2	1394	697	8	ferret	obj_rel_no_that	expected	The surgeon the officers draw ferrets	0.005590373997904387	0.005590373997904387	12.813806295394897	12.813806295394897
1394	gpt2	1395	698	8	ferry	obj_rel_no_that	unexpected	The surgeon the officers draw ferry	1.308689263623819e-07	1.308689263623819e-07	22.865373611450195	22.865373611450195
1395	gpt2	1396	698	8	ferry	obj_rel_no_that	expected	The surgeon the officers draw ferries	0.004730020531781037	0.004730020531781037	12.934375762939453	12.934375762939453
1396	gpt2	1397	699	8	fester	obj_rel_no_that	unexpected	The surgeon the officers draw fester	0.00039598558305441016	0.00039598558305441016	12.750624179840088	12.750624179840088
1397	gpt2	1398	699	8	fester	obj_rel_no_that	expected	The surgeon the officers draw festers	3.401796220714459e-05	3.401796220714459e-05	14.869956493377686	14.869956493377686
1398	gpt2	1399	700	8	fetch	obj_rel_no_that	unexpected	The surgeon the officers draw fetch	1.15472539619077e-06	1.15472539619077e-06	19.724018096923828	19.724018096923828
1399	gpt2	1400	700	8	fetch	obj_rel_no_that	expected	The surgeon the officers draw fetches	0.009070263183275524	0.009070263183275524	10.869135618209839	10.869135618209839
1400	gpt2	1401	701	8	field	obj_rel_no_that	unexpected	The surgeon the officers draw field	8.398062163905706e-06	8.398062163905706e-06	16.86151123046875	16.86151123046875
1401	gpt2	1402	701	8	field	obj_rel_no_that	expected	The surgeon the officers draw fields	4.052371423313161e-06	4.052371423313161e-06	17.91280174255371	17.91280174255371
1402	gpt2	1403	702	8	fight	obj_rel_no_that	unexpected	The surgeon the officers draw fight	4.334841833042447e-06	4.334841833042447e-06	17.815589904785156	17.815589904785156
1403	gpt2	1404	702	8	fight	obj_rel_no_that	expected	The surgeon the officers draw fights	5.059096565673826e-06	5.059096565673826e-06	17.592689514160156	17.592689514160156
1404	gpt2	1405	703	8	figure	obj_rel_no_that	unexpected	The surgeon the officers draw figure	4.4812563828600105e-06	4.4812563828600105e-06	17.76766586303711	17.76766586303711
1405	gpt2	1406	703	8	figure	obj_rel_no_that	expected	The surgeon the officers draw figures	1.8081556845572777e-05	1.8081556845572777e-05	15.755121231079102	15.755121231079102
1406	gpt2	1407	704	8	file	obj_rel_no_that	unexpected	The surgeon the officers draw file	1.6722962755011395e-05	1.6722962755011395e-05	15.867810249328612	15.867810249328612
1407	gpt2	1408	704	8	file	obj_rel_no_that	expected	The surgeon the officers draw files	1.62594787980197e-05	1.62594787980197e-05	15.90835952758789	15.90835952758789
1408	gpt2	1409	705	8	fill	obj_rel_no_that	unexpected	The surgeon the officers draw fill	2.058347718048026e-06	2.058347718048026e-06	18.89008140563965	18.89008140563965
1409	gpt2	1410	705	8	fill	obj_rel_no_that	expected	The surgeon the officers draw fills	5.2886366574966814e-06	5.2886366574966814e-06	17.52867317199707	17.52867317199707
1410	gpt2	1411	706	8	finance	obj_rel_no_that	unexpected	The surgeon the officers draw finance	8.928367378757684e-08	8.928367378757684e-08	23.417028427124023	23.417028427124023
1411	gpt2	1412	706	8	finance	obj_rel_no_that	expected	The surgeon the officers draw finances	8.839307241714779e-08	8.839307241714779e-08	23.43149185180664	23.43149185180664
1412	gpt2	1413	707	8	find	obj_rel_no_that	unexpected	The surgeon the officers draw find	1.1875648851855658e-05	1.1875648851855658e-05	16.36163330078125	16.36163330078125
1413	gpt2	1414	707	8	find	obj_rel_no_that	expected	The surgeon the officers draw finds	4.445384911377914e-05	4.445384911377914e-05	14.457332611083984	14.457332611083984
1414	gpt2	1415	708	8	fine-tune	obj_rel_no_that	unexpected	The surgeon the officers draw fine-tune	0.0044749339663212465	0.0044749339663212465	11.909690141677856	11.909690141677856
1415	gpt2	1416	708	8	fine-tune	obj_rel_no_that	expected	The surgeon the officers draw fine-tunines	0.0044749339663212465	0.0044749339663212465	11.909690141677856	11.909690141677856
1416	gpt2	1417	709	8	fine	obj_rel_no_that	unexpected	The surgeon the officers draw fine	7.554440344392788e-06	7.554440344392788e-06	17.014244079589844	17.014244079589844
1417	gpt2	1418	709	8	fine	obj_rel_no_that	expected	The surgeon the officers draw fines	3.102986511294148e-06	3.102986511294148e-06	18.297910690307617	18.297910690307617
1418	gpt2	1419	710	8	finger	obj_rel_no_that	unexpected	The surgeon the officers draw finger	3.0684168450534344e-05	3.0684168450534344e-05	14.992145538330078	14.992145538330078
1419	gpt2	1420	710	8	finger	obj_rel_no_that	expected	The surgeon the officers draw fingers	5.02128059451934e-05	5.02128059451934e-05	14.28158473968506	14.28158473968506
1420	gpt2	1421	711	8	finish	obj_rel_no_that	unexpected	The surgeon the officers draw finish	5.690023954230128e-07	5.690023954230128e-07	20.74506187438965	20.74506187438965
1421	gpt2	1422	711	8	finish	obj_rel_no_that	expected	The surgeon the officers draw finishes	6.749960448360071e-07	6.749960448360071e-07	20.49861717224121	20.49861717224121
1422	gpt2	1423	712	8	fire	obj_rel_no_that	unexpected	The surgeon the officers draw fire	0.0004360883613117	0.0004360883613117	11.163091659545898	11.163091659545898
1423	gpt2	1424	712	8	fire	obj_rel_no_that	expected	The surgeon the officers draw fires	2.329205017304048e-05	2.329205017304048e-05	15.389802932739258	15.389802932739258
1424	gpt2	1425	713	8	firm	obj_rel_no_that	unexpected	The surgeon the officers draw firm	2.655939351825509e-05	2.655939351825509e-05	15.20041847229004	15.20041847229004
1425	gpt2	1426	713	8	firm	obj_rel_no_that	expected	The surgeon the officers draw firms	1.1611871997274649e-07	1.1611871997274649e-07	23.03789520263672	23.03789520263672
1426	gpt2	1427	714	8	fit	obj_rel_no_that	unexpected	The surgeon the officers draw fit	3.3521748264320195e-05	3.3521748264320195e-05	14.864542961120604	14.864542961120604
1427	gpt2	1428	714	8	fit	obj_rel_no_that	expected	The surgeon the officers draw fits	0.0001196117445942	0.0001196117445942	13.029353141784668	13.029353141784668
1428	gpt2	1429	715	8	fix	obj_rel_no_that	unexpected	The surgeon the officers draw fix	1.8834929278455093e-06	1.8834929278455093e-06	19.01815795898437	19.01815795898437
1429	gpt2	1430	715	8	fix	obj_rel_no_that	expected	The surgeon the officers draw fixes	1.989759539355873e-06	1.989759539355873e-06	18.938974380493164	18.938974380493164
1430	gpt2	1431	716	8	flash	obj_rel_no_that	unexpected	The surgeon the officers draw flash	2.274562348247855e-06	2.274562348247855e-06	18.74597930908203	18.74597930908203
1431	gpt2	1432	716	8	flash	obj_rel_no_that	expected	The surgeon the officers draw flashes	1.206671277032001e-05	1.206671277032001e-05	16.338607788085938	16.338607788085938
1432	gpt2	1433	717	8	flatten	obj_rel_no_that	unexpected	The surgeon the officers draw flatten	0.07698101398926836	0.07698101398926836	12.406072378158568	12.406072378158568
1433	gpt2	1434	717	8	flatten	obj_rel_no_that	expected	The surgeon the officers draw flattens	0.1011641233919249	0.1011641233919249	12.20901048183441	12.20901048183441
1434	gpt2	1435	718	8	flaunt	obj_rel_no_that	unexpected	The surgeon the officers draw flaunt	0.00011080163903897289	0.00011080163903897289	14.290908336639404	14.290908336639404
1435	gpt2	1436	718	8	flaunt	obj_rel_no_that	expected	The surgeon the officers draw flaunts	0.00011354266916895528	0.00011354266916895528	14.016958236694336	14.016958236694336
1436	gpt2	1437	719	8	flay	obj_rel_no_that	unexpected	The surgeon the officers draw flay	0.0001867446771939	0.0001867446771939	12.397663116455078	12.397663116455078
1437	gpt2	1438	719	8	flay	obj_rel_no_that	expected	The surgeon the officers draw flays	0.00011692716816468407	0.00011692716816468407	13.779330253601074	13.779330253601074
1438	gpt2	1439	720	8	flee	obj_rel_no_that	unexpected	The surgeon the officers draw flee	2.1789803668070817e-06	2.1789803668070817e-06	18.80791473388672	18.80791473388672
1439	gpt2	1440	720	8	flee	obj_rel_no_that	expected	The surgeon the officers draw flees	0.03031187503506769	0.03031187503506769	10.817885160446167	10.817885160446167
1440	gpt2	1441	721	8	flinch	obj_rel_no_that	unexpected	The surgeon the officers draw flinch	0.001562056284456	0.001562056284456	10.320866584777832	10.320866584777832
1441	gpt2	1442	721	8	flinch	obj_rel_no_that	expected	The surgeon the officers draw flinches	0.00025622467364880004	0.00025622467364880004	11.954448699951172	11.954448699951172
1442	gpt2	1443	722	8	flip	obj_rel_no_that	unexpected	The surgeon the officers draw flip	1.171867012317307e-07	1.171867012317307e-07	23.02468681335449	23.02468681335449
1443	gpt2	1444	722	8	flip	obj_rel_no_that	expected	The surgeon the officers draw flips	6.280528168645105e-07	6.280528168645105e-07	20.602611541748047	20.602611541748047
1444	gpt2	1445	723	8	float	obj_rel_no_that	unexpected	The surgeon the officers draw float	1.9596053846271388e-07	1.9596053846271388e-07	22.282934188842773	22.282934188842773
1445	gpt2	1446	723	8	float	obj_rel_no_that	expected	The surgeon the officers draw floats	1.0099086011905456e-06	1.0099086011905456e-06	19.91734313964844	19.91734313964844
1446	gpt2	1447	724	8	flood	obj_rel_no_that	unexpected	The surgeon the officers draw flood	1.2968472447028034e-06	1.2968472447028034e-06	19.556560516357425	19.556560516357425
1447	gpt2	1448	724	8	flood	obj_rel_no_that	expected	The surgeon the officers draw floods	3.646918571575952e-07	3.646918571575952e-07	21.386817932128903	21.386817932128903
1448	gpt2	1449	725	8	flounder	obj_rel_no_that	unexpected	The surgeon the officers draw flounder	0.1356659661638938	0.1356659661638938	8.48697559038798	8.48697559038798
1449	gpt2	1450	725	8	flounder	obj_rel_no_that	expected	The surgeon the officers draw flounders	0.03556096364142523	0.03556096364142523	9.13241958618164	9.13241958618164
1450	gpt2	1451	726	8	flourish	obj_rel_no_that	unexpected	The surgeon the officers draw flourish	1.3570313761590569e-08	1.3570313761590569e-08	26.13496971130371	26.13496971130371
1451	gpt2	1452	726	8	flourish	obj_rel_no_that	expected	The surgeon the officers draw flourishes	0.0022354769149899307	0.0022354769149899307	14.05980610847473	14.05980610847473
1452	gpt2	1453	727	8	flow	obj_rel_no_that	unexpected	The surgeon the officers draw flow	1.556510596856242e-06	1.556510596856242e-06	19.29325294494629	19.29325294494629
1453	gpt2	1454	727	8	flow	obj_rel_no_that	expected	The surgeon the officers draw flows	7.639550858584698e-07	7.639550858584698e-07	20.320009231567383	20.320009231567383
1454	gpt2	1455	728	8	fluctuate	obj_rel_no_that	unexpected	The surgeon the officers draw fluctuate	0.025982954677949945	0.025982954677949945	13.261412620544435	13.261412620544435
1455	gpt2	1456	728	8	fluctuate	obj_rel_no_that	expected	The surgeon the officers draw fluctuates	0.11984423841239074	0.11984423841239074	12.158648729324343	12.158648729324343
1456	gpt2	1457	729	8	flush	obj_rel_no_that	unexpected	The surgeon the officers draw flush	6.350005605781917e-07	6.350005605781917e-07	20.58673858642578	20.58673858642578
1457	gpt2	1458	729	8	flush	obj_rel_no_that	expected	The surgeon the officers draw flushes	0.0020856971750617503	0.0020856971750617503	10.099408149719238	10.099408149719238
1458	gpt2	1459	730	8	fly	obj_rel_no_that	unexpected	The surgeon the officers draw fly	7.738487511232961e-06	7.738487511232961e-06	16.979516983032227	16.979516983032227
1459	gpt2	1460	730	8	fly	obj_rel_no_that	expected	The surgeon the officers draw flies	2.369877074670512e-05	2.369877074670512e-05	15.364828109741213	15.364828109741213
1460	gpt2	1461	731	8	focus	obj_rel_no_that	unexpected	The surgeon the officers draw focus	1.3527900591725484e-05	1.3527900591725484e-05	16.173702239990234	16.173702239990234
1461	gpt2	1462	731	8	focus	obj_rel_no_that	expected	The surgeon the officers draw focuses	2.764468490568106e-06	2.764468490568106e-06	18.46456718444824	18.46456718444824
1462	gpt2	1463	732	8	fog	obj_rel_no_that	unexpected	The surgeon the officers draw fog	3.147752352106181e-07	3.147752352106181e-07	21.59917449951172	21.59917449951172
1463	gpt2	1464	732	8	fog	obj_rel_no_that	expected	The surgeon the officers draw fogs	0.0004588081510519102	0.0004588081510519102	12.640852451324463	12.640852451324463
1464	gpt2	1465	733	8	foil	obj_rel_no_that	unexpected	The surgeon the officers draw foil	1.1691572581185028e-06	1.1691572581185028e-06	19.706100463867188	19.706100463867188
1465	gpt2	1466	733	8	foil	obj_rel_no_that	expected	The surgeon the officers draw foils	0.02247387408442587	0.02247387408442587	10.589130401611328	10.589130401611328
1466	gpt2	1467	734	8	fold	obj_rel_no_that	unexpected	The surgeon the officers draw fold	2.878674422390759e-06	2.878674422390759e-06	18.406164169311523	18.406164169311523
1467	gpt2	1468	734	8	fold	obj_rel_no_that	expected	The surgeon the officers draw folds	1.05583112599561e-05	1.05583112599561e-05	16.531261444091797	16.531261444091797
1468	gpt2	1469	735	8	follow	obj_rel_no_that	unexpected	The surgeon the officers draw follow	3.293161717010662e-05	3.293161717010662e-05	14.890167236328123	14.890167236328123
1469	gpt2	1470	735	8	follow	obj_rel_no_that	expected	The surgeon the officers draw follows	1.8185872249887325e-05	1.8185872249887325e-05	15.746822357177734	15.746822357177734
1470	gpt2	1471	736	8	fool	obj_rel_no_that	unexpected	The surgeon the officers draw fool	3.0604647349719016e-07	3.0604647349719016e-07	21.639745712280277	21.639745712280277
1471	gpt2	1472	736	8	fool	obj_rel_no_that	expected	The surgeon the officers draw fools	1.3848750768374885e-06	1.3848750768374885e-06	19.46181297302246	19.46181297302246
1472	gpt2	1473	737	8	foot	obj_rel_no_that	unexpected	The surgeon the officers draw foot	4.363910193205811e-06	4.363910193205811e-06	17.805946350097656	17.805946350097656
1473	gpt2	1474	737	8	foot	obj_rel_no_that	expected	The surgeon the officers draw foots	0.003978772886512153	0.003978772886512153	12.390099287033081	12.390099287033081
1474	gpt2	1475	738	8	force	obj_rel_no_that	unexpected	The surgeon the officers draw force	6.413942173821852e-05	6.413942173821852e-05	13.928428649902344	13.928428649902344
1475	gpt2	1476	738	8	force	obj_rel_no_that	expected	The surgeon the officers draw forces	7.159170309023466e-06	7.159170309023466e-06	17.09177589416504	17.09177589416504
1476	gpt2	1477	739	8	forecast	obj_rel_no_that	unexpected	The surgeon the officers draw forecast	3.6414971305021037e-07	3.6414971305021037e-07	21.388965606689453	21.388965606689453
1477	gpt2	1478	739	8	forecast	obj_rel_no_that	expected	The surgeon the officers draw forecasts	5.360556656341942e-07	5.360556656341942e-07	20.831113815307617	20.831113815307617
1478	gpt2	1479	740	8	foresee	obj_rel_no_that	unexpected	The surgeon the officers draw foresee	6.269038976824959e-07	6.269038976824959e-07	20.60525321960449	20.60525321960449
1479	gpt2	1480	740	8	foresee	obj_rel_no_that	expected	The surgeon the officers draw foresees	0.2735088373648674	0.2735088373648674	9.296191354592642	9.296191354592642
1480	gpt2	1481	741	8	forfeit	obj_rel_no_that	unexpected	The surgeon the officers draw forfeit	3.8427099724458464e-08	3.8427099724458464e-08	24.63330078125	24.63330078125
1481	gpt2	1482	741	8	forfeit	obj_rel_no_that	expected	The surgeon the officers draw forfeits	0.12557316537804297	0.12557316537804297	12.148992776870728	12.148992776870728
1482	gpt2	1483	742	8	forget	obj_rel_no_that	unexpected	The surgeon the officers draw forget	3.706243489887129e-07	3.706243489887129e-07	21.36353874206543	21.36353874206543
1483	gpt2	1484	742	8	forget	obj_rel_no_that	expected	The surgeon the officers draw forgets	0.37015069156277036	0.37015069156277036	10.47356404364109	10.47356404364109
1484	gpt2	1485	743	8	forge	obj_rel_no_that	unexpected	The surgeon the officers draw forge	2.2029315260851945e-08	2.2029315260851945e-08	25.43600082397461	25.43600082397461
1485	gpt2	1486	743	8	forge	obj_rel_no_that	expected	The surgeon the officers draw forges	0.0042013421207229805	0.0042013421207229805	10.831761360168457	10.831761360168457
1486	gpt2	1487	744	8	forgive	obj_rel_no_that	unexpected	The surgeon the officers draw forgive	1.8456039185821282e-07	1.8456039185821282e-07	22.369403839111328	22.369403839111328
1487	gpt2	1488	744	8	forgive	obj_rel_no_that	expected	The surgeon the officers draw forgives	0.07110872744905805	0.07110872744905805	11.663573861122131	11.663573861122131
1488	gpt2	1489	745	8	forgo	obj_rel_no_that	unexpected	The surgeon the officers draw forgo	0.004185092264265219	0.004185092264265219	12.516497611999512	12.516497611999512
1489	gpt2	1490	745	8	forgo	obj_rel_no_that	expected	The surgeon the officers draw forgoes	0.01654921136885908	0.01654921136885908	9.877165794372559	9.877165794372559
1490	gpt2	1491	746	8	formulate	obj_rel_no_that	unexpected	The surgeon the officers draw formulate	3.357403954851179e-08	3.357403954851179e-08	24.82807922363281	24.82807922363281
1491	gpt2	1492	746	8	formulate	obj_rel_no_that	expected	The surgeon the officers draw formulates	0.00021433420897664428	0.00021433420897664428	13.779513359069824	13.779513359069824
1492	gpt2	1493	747	8	form	obj_rel_no_that	unexpected	The surgeon the officers draw form	1.214123585668858e-05	1.214123585668858e-05	16.32972526550293	16.32972526550293
1493	gpt2	1494	747	8	form	obj_rel_no_that	expected	The surgeon the officers draw forms	1.2969913768756667e-05	1.2969913768756667e-05	16.234472274780273	16.234472274780273
1494	gpt2	1495	748	8	foster	obj_rel_no_that	unexpected	The surgeon the officers draw foster	2.4846119117682974e-07	2.4846119117682974e-07	21.940475463867188	21.940475463867188
1495	gpt2	1496	748	8	foster	obj_rel_no_that	expected	The surgeon the officers draw fosters	0.20682340546875008	0.20682340546875008	12.396730363368988	12.396730363368988
1496	gpt2	1497	749	8	frame	obj_rel_no_that	unexpected	The surgeon the officers draw frame	2.236088903373457e-06	2.236088903373457e-06	18.770591735839844	18.770591735839844
1497	gpt2	1498	749	8	frame	obj_rel_no_that	expected	The surgeon the officers draw frames	2.2902518139744643e-06	2.2902518139744643e-06	18.73606300354004	18.73606300354004
1498	gpt2	1499	750	8	franchise	obj_rel_no_that	unexpected	The surgeon the officers draw franchise	3.953816118951181e-08	3.953816118951181e-08	24.59217834472656	24.59217834472656
1499	gpt2	1500	750	8	franchise	obj_rel_no_that	expected	The surgeon the officers draw franchises	3.580542440317913e-08	3.580542440317913e-08	24.735246658325195	24.735246658325195
1500	gpt2	1501	751	8	free	obj_rel_no_that	unexpected	The surgeon the officers draw free	0.0001458208425901	0.0001458208425901	12.743515014648438	12.743515014648438
1501	gpt2	1502	751	8	free	obj_rel_no_that	expected	The surgeon the officers draw frees	0.04669279885388278	0.04669279885388278	10.55989933013916	10.55989933013916
1502	gpt2	1503	752	8	freeze	obj_rel_no_that	unexpected	The surgeon the officers draw freeze	1.438334180647871e-07	1.438334180647871e-07	22.729097366333008	22.729097366333008
1503	gpt2	1504	752	8	freeze	obj_rel_no_that	expected	The surgeon the officers draw freezes	1.1838998403845836e-07	1.1838998403845836e-07	23.00994873046875	23.00994873046875
1504	gpt2	1505	753	8	freight	obj_rel_no_that	unexpected	The surgeon the officers draw freight	6.146002533569117e-07	6.146002533569117e-07	20.633848190307617	20.633848190307617
1505	gpt2	1506	753	8	freight	obj_rel_no_that	expected	The surgeon the officers draw freights	0.004774445210614431	0.004774445210614431	12.205115556716919	12.205115556716919
1506	gpt2	1507	754	8	fret	obj_rel_no_that	unexpected	The surgeon the officers draw fret	1.781058500682775e-07	1.781058500682775e-07	22.42076110839844	22.42076110839844
1507	gpt2	1508	754	8	fret	obj_rel_no_that	expected	The surgeon the officers draw frets	0.02819919121361633	0.02819919121361633	10.923696279525757	10.923696279525757
1508	gpt2	1509	755	8	frighten	obj_rel_no_that	unexpected	The surgeon the officers draw frighten	0.010249108712628185	0.010249108712628185	12.912407875061033	12.912407875061033
1509	gpt2	1510	755	8	frighten	obj_rel_no_that	expected	The surgeon the officers draw frightens	0.0002271015799805852	0.0002271015799805852	15.66169214248657	15.66169214248657
1510	gpt2	1511	756	8	frolic	obj_rel_no_that	unexpected	The surgeon the officers draw frolic	0.0006598320310331346	0.0006598320310331346	13.631383895874023	13.631383895874023
1511	gpt2	1512	756	8	frolic	obj_rel_no_that	expected	The surgeon the officers draw frolics	0.08376605886254156	0.08376605886254156	9.754297256469727	9.754297256469727
1512	gpt2	1513	757	8	frustrate	obj_rel_no_that	unexpected	The surgeon the officers draw frustrate	0.04214241008760485	0.04214241008760485	14.271989583969116	14.271989583969116
1513	gpt2	1514	757	8	frustrate	obj_rel_no_that	expected	The surgeon the officers draw frustrates	0.44583480085732496	0.44583480085732496	12.570407047867775	12.570407047867775
1514	gpt2	1515	758	8	fudge	obj_rel_no_that	unexpected	The surgeon the officers draw fudge	0.00404621468715046	0.00404621468715046	11.051023006439209	11.051023006439209
1515	gpt2	1516	758	8	fudge	obj_rel_no_that	expected	The surgeon the officers draw fudges	0.028948655779458904	0.028948655779458904	8.935509522755941	8.935509522755941
1516	gpt2	1517	759	8	fuel	obj_rel_no_that	unexpected	The surgeon the officers draw fuel	3.4699344269029098e-06	3.4699344269029098e-06	18.136659622192383	18.136659622192383
1517	gpt2	1518	759	8	fuel	obj_rel_no_that	expected	The surgeon the officers draw fuels	7.394820755735054e-08	7.394820755735054e-08	23.68890953063965	23.68890953063965
1518	gpt2	1519	760	8	fulfill	obj_rel_no_that	unexpected	The surgeon the officers draw fulfill	7.072086560810932e-08	7.072086560810932e-08	23.75328826904297	23.75328826904297
1519	gpt2	1520	760	8	fulfill	obj_rel_no_that	expected	The surgeon the officers draw fulfills	0.2330697662311287	0.2330697662311287	12.467380821704863	12.467380821704863
1520	gpt2	1521	761	8	function	obj_rel_no_that	unexpected	The surgeon the officers draw function	2.00674298866943e-06	2.00674298866943e-06	18.92671203613281	18.92671203613281
1521	gpt2	1522	761	8	function	obj_rel_no_that	expected	The surgeon the officers draw functions	7.264504233717162e-07	7.264504233717162e-07	20.39263153076172	20.39263153076172
1522	gpt2	1523	762	8	fund	obj_rel_no_that	unexpected	The surgeon the officers draw fund	7.299004209926352e-07	7.299004209926352e-07	20.38579750061035	20.38579750061035
1523	gpt2	1524	762	8	fund	obj_rel_no_that	expected	The surgeon the officers draw funds	9.828222573560195e-06	9.828222573560195e-06	16.6346378326416	16.6346378326416
1524	gpt2	1525	763	8	funnel	obj_rel_no_that	unexpected	The surgeon the officers draw funnel	1.494547205993513e-07	1.494547205993513e-07	22.67378807067871	22.67378807067871
1525	gpt2	1526	763	8	funnel	obj_rel_no_that	expected	The surgeon the officers draw funnels	0.10959730174454305	0.10959730174454305	9.026523232460022	9.026523232460022
1526	gpt2	1527	764	8	furnish	obj_rel_no_that	unexpected	The surgeon the officers draw furnish	4.792577215084748e-07	4.792577215084748e-07	20.992694854736328	20.992694854736328
1527	gpt2	1528	764	8	furnish	obj_rel_no_that	expected	The surgeon the officers draw furnishes	0.4746169248958268	0.4746169248958268	10.706198837608099	10.706198837608099
1528	gpt2	1529	765	8	further	obj_rel_no_that	unexpected	The surgeon the officers draw further	8.785165118752047e-05	8.785165118752047e-05	13.474571228027344	13.474571228027344
1529	gpt2	1530	765	8	further	obj_rel_no_that	expected	The surgeon the officers draw furthers	6.115351243352052e-05	6.115351243352052e-05	14.149741172790527	14.149741172790527
1530	gpt2	1531	766	8	gain	obj_rel_no_that	unexpected	The surgeon the officers draw gain	1.1601296137087047e-06	1.1601296137087047e-06	19.717283248901367	19.717283248901367
1531	gpt2	1532	766	8	gain	obj_rel_no_that	expected	The surgeon the officers draw gains	2.7881492314918432e-06	2.7881492314918432e-06	18.452260971069336	18.452260971069336
1532	gpt2	1533	767	8	galvanize	obj_rel_no_that	unexpected	The surgeon the officers draw galvanize	0.0030089378573094853	0.0030089378573094853	14.866913318634033	14.866913318634033
1533	gpt2	1534	767	8	galvanize	obj_rel_no_that	expected	The surgeon the officers draw galvanizes	0.0025530431170110853	0.0025530431170110853	14.985435485839844	14.985435485839844
1534	gpt2	1535	768	8	gamble	obj_rel_no_that	unexpected	The surgeon the officers draw gamble	1.2698194495897044e-07	1.2698194495897044e-07	22.90887260437012	22.90887260437012
1535	gpt2	1536	768	8	gamble	obj_rel_no_that	expected	The surgeon the officers draw gambles	0.10460447316677342	0.10460447316677342	10.391740798950195	10.391740798950195
1536	gpt2	1537	769	8	garden	obj_rel_no_that	unexpected	The surgeon the officers draw garden	1.1754397633012561e-07	1.1754397633012561e-07	23.02029609680176	23.02029609680176
1537	gpt2	1538	769	8	garden	obj_rel_no_that	expected	The surgeon the officers draw gardens	4.818036458686947e-08	4.818036458686947e-08	24.30698013305664	24.30698013305664
1538	gpt2	1539	770	8	garner	obj_rel_no_that	unexpected	The surgeon the officers draw garner	1.4576826856682601e-08	1.4576826856682601e-08	26.031747817993164	26.031747817993164
1539	gpt2	1540	770	8	garner	obj_rel_no_that	expected	The surgeon the officers draw garners	0.04397718605287791	0.04397718605287791	13.350301504135132	13.350301504135132
1540	gpt2	1541	771	8	gasp	obj_rel_no_that	unexpected	The surgeon the officers draw gasp	1.5583166259602876e-06	1.5583166259602876e-06	19.291580200195312	19.291580200195312
1541	gpt2	1542	771	8	gasp	obj_rel_no_that	expected	The surgeon the officers draw gasps	0.17541952333749575	0.17541952333749575	9.11302900314331	9.11302900314331
1542	gpt2	1543	772	8	gather	obj_rel_no_that	unexpected	The surgeon the officers draw gather	2.10505504583125e-06	2.10505504583125e-06	18.857709884643555	18.857709884643555
1543	gpt2	1544	772	8	gather	obj_rel_no_that	expected	The surgeon the officers draw gathers	2.7992539344268152e-06	2.7992539344268152e-06	18.44652557373047	18.44652557373047
1544	gpt2	1545	773	8	gauge	obj_rel_no_that	unexpected	The surgeon the officers draw gauge	3.656490662251599e-06	3.656490662251599e-06	18.06110954284668	18.06110954284668
1545	gpt2	1546	773	8	gauge	obj_rel_no_that	expected	The surgeon the officers draw gauges	0.05807528694276698	0.05807528694276698	9.305638670921326	9.305638670921326
1546	gpt2	1547	774	8	gender	obj_rel_no_that	unexpected	The surgeon the officers draw gender	2.346030669286847e-06	2.346030669286847e-06	18.70134735107422	18.70134735107422
1547	gpt2	1548	774	8	gender	obj_rel_no_that	expected	The surgeon the officers draw genders	1.0333408795304423e-07	1.0333408795304423e-07	23.20618057250977	23.20618057250977
1548	gpt2	1549	775	8	generalize	obj_rel_no_that	unexpected	The surgeon the officers draw generalize	0.0006543856679854779	0.0006543856679854779	12.787452697753906	12.787452697753906
1549	gpt2	1550	775	8	generalize	obj_rel_no_that	expected	The surgeon the officers draw generalizes	0.00043195475427632783	0.00043195475427632783	13.091539859771729	13.091539859771729
1550	gpt2	1551	776	8	generate	obj_rel_no_that	unexpected	The surgeon the officers draw generate	3.497534351026843e-07	3.497534351026843e-07	21.44715881347656	21.44715881347656
1551	gpt2	1552	776	8	generate	obj_rel_no_that	expected	The surgeon the officers draw generates	1.84813416126417e-06	1.84813416126417e-06	19.045499801635746	19.045499801635746
1552	gpt2	1553	777	8	get	obj_rel_no_that	unexpected	The surgeon the officers draw get	1.1043930498999543e-05	1.1043930498999543e-05	16.466386795043945	16.466386795043945
1553	gpt2	1554	777	8	get	obj_rel_no_that	expected	The surgeon the officers draw gets	3.10342620650772e-05	3.10342620650772e-05	14.975778579711914	14.975778579711914
1554	gpt2	1555	778	8	give	obj_rel_no_that	unexpected	The surgeon the officers draw give	7.920369171188213e-06	7.920369171188213e-06	16.946001052856445	16.946001052856445
1555	gpt2	1556	778	8	give	obj_rel_no_that	expected	The surgeon the officers draw gives	2.720126576605253e-05	2.720126576605253e-05	15.165966987609863	15.165966987609863
1556	gpt2	1557	779	8	glamorize	obj_rel_no_that	unexpected	The surgeon the officers draw glamorize	0.04636205588546241	0.04636205588546241	11.065597772598268	11.065597772598268
1557	gpt2	1558	779	8	glamorize	obj_rel_no_that	expected	The surgeon the officers draw glamorizes	0.04627625251578137	0.04627625251578137	11.160447676976522	11.160447676976522
1558	gpt2	1559	780	8	glaze	obj_rel_no_that	unexpected	The surgeon the officers draw glaze	0.00043033973452109603	0.00043033973452109603	12.317244529724121	12.317244529724121
1559	gpt2	1560	780	8	glaze	obj_rel_no_that	expected	The surgeon the officers draw glazes	0.000645614481982146	0.000645614481982146	12.010823726654053	12.010823726654053
1560	gpt2	1561	781	8	glean	obj_rel_no_that	unexpected	The surgeon the officers draw glean	5.504661544364353e-07	5.504661544364353e-07	20.792842864990234	20.792842864990234
1561	gpt2	1562	781	8	glean	obj_rel_no_that	expected	The surgeon the officers draw gleans	0.00012066547424180179	0.00012066547424180179	13.467788696289062	13.467788696289062
1562	gpt2	1563	782	8	glide	obj_rel_no_that	unexpected	The surgeon the officers draw glide	1.545935361946249e-07	1.545935361946249e-07	22.62501716613769	22.62501716613769
1563	gpt2	1564	782	8	glide	obj_rel_no_that	expected	The surgeon the officers draw glides	0.000637795796137646	0.000637795796137646	12.01994800567627	12.01994800567627
1564	gpt2	1565	783	8	gloat	obj_rel_no_that	unexpected	The surgeon the officers draw gloat	0.00011761657333404602	0.00011761657333404602	13.37380075454712	13.37380075454712
1565	gpt2	1566	783	8	gloat	obj_rel_no_that	expected	The surgeon the officers draw gloats	0.022481442908125798	0.022481442908125798	8.561912536621094	8.561912536621094
1566	gpt2	1567	784	8	gloss	obj_rel_no_that	unexpected	The surgeon the officers draw gloss	2.177159643679261e-07	2.177159643679261e-07	22.13105010986328	22.13105010986328
1567	gpt2	1568	784	8	gloss	obj_rel_no_that	expected	The surgeon the officers draw glosses	0.010075990003876684	0.010075990003876684	13.882000207901001	13.882000207901001
1568	gpt2	1569	785	9	glut	obj_rel_no_that	unexpected	The pilots the authors support gluts	0.00011152177376059676	0.00011152177376059676	14.898496150970459	14.898496150970459
1569	gpt2	1570	785	9	glut	obj_rel_no_that	expected	The pilots the authors support glut	2.4278046240056028e-08	2.4278046240056028e-08	25.295772552490234	25.295772552490234
1570	gpt2	1571	786	9	gon	obj_rel_no_that	unexpected	The pilots the authors support gons	0.00010073377916337228	0.00010073377916337228	14.383302211761475	14.383302211761475
1571	gpt2	1572	786	9	gon	obj_rel_no_that	expected	The pilots the authors support gon	5.5865474024585644e-08	5.5865474024585644e-08	24.093467712402344	24.093467712402344
1572	gpt2	1573	787	9	gore	obj_rel_no_that	unexpected	The pilots the authors support gores	4.6685946927027544e-05	4.6685946927027544e-05	14.990602016448975	14.990602016448975
1573	gpt2	1574	787	9	gore	obj_rel_no_that	expected	The pilots the authors support gore	1.2469267396397754e-08	1.2469267396397754e-08	26.25704765319824	26.25704765319824
1574	gpt2	1575	788	9	go	obj_rel_no_that	unexpected	The pilots the authors support goes	2.3231177692650817e-05	2.3231177692650817e-05	15.39357852935791	15.39357852935791
1575	gpt2	1576	788	9	go	obj_rel_no_that	expected	The pilots the authors support go	0.0003689983568619	0.0003689983568619	11.404097557067873	11.404097557067873
1576	gpt2	1577	789	9	govern	obj_rel_no_that	unexpected	The pilots the authors support governs	3.818423977008933e-08	3.818423977008933e-08	24.642446517944336	24.642446517944336
1577	gpt2	1578	789	9	govern	obj_rel_no_that	expected	The pilots the authors support govern	1.959306388243931e-07	1.959306388243931e-07	22.283153533935547	22.283153533935547
1578	gpt2	1579	790	9	grab	obj_rel_no_that	unexpected	The pilots the authors support grabs	4.719571506939247e-07	4.719571506939247e-07	21.014841079711918	21.014841079711918
1579	gpt2	1580	790	9	grab	obj_rel_no_that	expected	The pilots the authors support grab	2.7322196274326416e-06	2.7322196274326416e-06	18.481494903564453	18.481494903564453
1580	gpt2	1581	791	9	grace	obj_rel_no_that	unexpected	The pilots the authors support graces	0.0010203544159139624	0.0010203544159139624	13.937811374664307	13.937811374664307
1581	gpt2	1582	791	9	grace	obj_rel_no_that	expected	The pilots the authors support grace	2.967199634440476e-06	2.967199634440476e-06	18.36246681213379	18.36246681213379
1582	gpt2	1583	792	9	grant	obj_rel_no_that	unexpected	The pilots the authors support grants	3.877612471114844e-06	3.877612471114844e-06	17.97640037536621	17.97640037536621
1583	gpt2	1584	792	9	grant	obj_rel_no_that	expected	The pilots the authors support grant	2.8703312636935152e-05	2.8703312636935152e-05	15.088422775268556	15.088422775268556
1584	gpt2	1585	793	9	grapple	obj_rel_no_that	unexpected	The pilots the authors support grapples	0.018079505200191148	0.018079505200191148	13.325540065765379	13.325540065765379
1585	gpt2	1586	793	9	grapple	obj_rel_no_that	expected	The pilots the authors support grapple	2.080816329907975e-06	2.080816329907975e-06	18.874418258666992	18.874418258666992
1586	gpt2	1587	794	9	grasp	obj_rel_no_that	unexpected	The pilots the authors support grasps	0.3244249984228797	0.3244249984228797	8.270794553061327	8.270794553061327
1587	gpt2	1588	794	9	grasp	obj_rel_no_that	expected	The pilots the authors support grasp	1.3323498251338606e-06	1.3323498251338606e-06	19.51759529113769	19.51759529113769
1588	gpt2	1589	795	9	grimace	obj_rel_no_that	unexpected	The pilots the authors support grimaces	0.0005744231502830655	0.0005744231502830655	15.699673175811768	15.699673175811768
1589	gpt2	1590	795	9	grimace	obj_rel_no_that	expected	The pilots the authors support grimace	0.0013652517563968655	0.0013652517563968655	15.075070858001709	15.075070858001709
1590	gpt2	1591	796	9	ground	obj_rel_no_that	unexpected	The pilots the authors support grounds	8.369115676032379e-07	8.369115676032379e-07	20.18842124938965	20.18842124938965
1591	gpt2	1592	796	9	ground	obj_rel_no_that	expected	The pilots the authors support ground	4.55557801615214e-06	4.55557801615214e-06	17.743934631347656	17.743934631347656
1592	gpt2	1593	797	9	group	obj_rel_no_that	unexpected	The pilots the authors support groups	1.6693260477040894e-05	1.6693260477040894e-05	15.87037467956543	15.87037467956543
1593	gpt2	1594	797	9	group	obj_rel_no_that	expected	The pilots the authors support group	4.5889115426689386e-05	4.5889115426689386e-05	14.41148853302002	14.41148853302002
1594	gpt2	1595	798	9	growth	obj_rel_no_that	unexpected	The pilots the authors support growths	0.00022381495944043579	0.00022381495944043579	15.616963386535648	15.616963386535648
1595	gpt2	1596	798	9	growth	obj_rel_no_that	expected	The pilots the authors support growth	8.863250968715874e-07	8.863250968715874e-07	20.105661392211918	20.105661392211918
1596	gpt2	1597	799	9	grow	obj_rel_no_that	unexpected	The pilots the authors support grows	6.640243555011693e-07	6.640243555011693e-07	20.522260665893555	20.522260665893555
1597	gpt2	1598	799	9	grow	obj_rel_no_that	expected	The pilots the authors support grow	8.225581950682681e-06	8.225581950682681e-06	16.891450881958008	16.891450881958008
1598	gpt2	1599	800	9	guarantee	obj_rel_no_that	unexpected	The pilots the authors support guarantees	1.0927133189397864e-06	1.0927133189397864e-06	19.803653717041016	19.803653717041016
1599	gpt2	1600	800	9	guarantee	obj_rel_no_that	expected	The pilots the authors support guarantee	4.620298113877652e-06	4.620298113877652e-06	17.723583221435547	17.723583221435547
1600	gpt2	1601	801	9	guard	obj_rel_no_that	unexpected	The pilots the authors support guards	2.703695827221964e-07	2.703695827221964e-07	21.81856346130371	21.81856346130371
1601	gpt2	1602	801	9	guard	obj_rel_no_that	expected	The pilots the authors support guard	1.1016448979717095e-06	1.1016448979717095e-06	19.79191017150879	19.79191017150879
1602	gpt2	1603	802	9	guess	obj_rel_no_that	unexpected	The pilots the authors support guesses	2.987663805242846e-08	2.987663805242846e-08	24.99640655517578	24.99640655517578
1603	gpt2	1604	802	9	guess	obj_rel_no_that	expected	The pilots the authors support guess	1.638305775486515e-06	1.638305775486515e-06	19.21936416625977	19.21936416625977
1604	gpt2	1605	803	9	guide	obj_rel_no_that	unexpected	The pilots the authors support guides	6.465572823799448e-07	6.465572823799448e-07	20.560718536376957	20.560718536376957
1605	gpt2	1606	803	9	guide	obj_rel_no_that	expected	The pilots the authors support guide	6.325228241621517e-06	6.325228241621517e-06	17.270450592041016	17.270450592041016
1606	gpt2	1607	804	9	gut	obj_rel_no_that	unexpected	The pilots the authors support guts	4.22864196991668e-08	4.22864196991668e-08	24.495229721069336	24.495229721069336
1607	gpt2	1608	804	9	gut	obj_rel_no_that	expected	The pilots the authors support gut	2.0268380467314277e-06	2.0268380467314277e-06	18.912338256835938	18.912338256835938
1608	gpt2	1609	805	9	guzzle	obj_rel_no_that	unexpected	The pilots the authors support guzzles	0.025565239143437158	0.025565239143437158	11.590407292048136	11.590407292048136
1609	gpt2	1610	805	9	guzzle	obj_rel_no_that	expected	The pilots the authors support guzzle	0.0012480474375706427	0.0012480474375706427	14.75764513015747	14.75764513015747
1610	gpt2	1611	806	9	hack	obj_rel_no_that	unexpected	The pilots the authors support hacks	4.331828762360601e-08	4.331828762360601e-08	24.46044921875	24.46044921875
1611	gpt2	1612	806	9	hack	obj_rel_no_that	expected	The pilots the authors support hack	1.7430554066777407e-07	1.7430554066777407e-07	22.45187759399414	22.45187759399414
1612	gpt2	1613	807	9	halt	obj_rel_no_that	unexpected	The pilots the authors support halts	0.0186803556670014	0.0186803556670014	13.120586156845093	13.120586156845093
1613	gpt2	1614	807	9	halt	obj_rel_no_that	expected	The pilots the authors support halt	4.30453610533732e-07	4.30453610533732e-07	21.14763832092285	21.14763832092285
1614	gpt2	1615	808	9	halve	obj_rel_no_that	unexpected	The pilots the authors support halves	4.1601619926723294e-08	4.1601619926723294e-08	24.51878547668457	24.51878547668457
1615	gpt2	1616	808	9	halve	obj_rel_no_that	expected	The pilots the authors support halve	0.012581943689710301	0.012581943689710301	13.405672788619995	13.405672788619995
1616	gpt2	1617	809	9	hammer	obj_rel_no_that	unexpected	The pilots the authors support hammers	0.2506457288794053	0.2506457288794053	11.327748566865921	11.327748566865921
1617	gpt2	1618	809	9	hammer	obj_rel_no_that	expected	The pilots the authors support hammer	1.6043275081756292e-06	1.6043275081756292e-06	19.24959945678711	19.24959945678711
1618	gpt2	1619	810	9	hamper	obj_rel_no_that	unexpected	The pilots the authors support hampers	0.2779083543227898	0.2779083543227898	8.038280576467514	8.038280576467514
1619	gpt2	1620	810	9	hamper	obj_rel_no_that	expected	The pilots the authors support hamper	0.06689278933407647	0.06689278933407647	11.597962498664856	11.597962498664856
1620	gpt2	1621	811	9	handicap	obj_rel_no_that	unexpected	The pilots the authors support handicaps	0.020040721889692727	0.020040721889692727	13.952754497528076	13.952754497528076
1621	gpt2	1622	811	9	handicap	obj_rel_no_that	expected	The pilots the authors support handicap	0.009139982309299875	0.009139982309299875	14.519092082977295	14.519092082977295
1622	gpt2	1623	812	9	handle	obj_rel_no_that	unexpected	The pilots the authors support handles	1.809520142614929e-07	1.809520142614929e-07	22.397890090942383	22.397890090942383
1623	gpt2	1624	812	9	handle	obj_rel_no_that	expected	The pilots the authors support handle	2.6363452434452483e-06	2.6363452434452483e-06	18.53302955627441	18.53302955627441
1624	gpt2	1625	813	9	hand	obj_rel_no_that	unexpected	The pilots the authors support hands	7.429436664097011e-06	7.429436664097011e-06	17.038314819335938	17.038314819335938
1625	gpt2	1626	813	9	hand	obj_rel_no_that	expected	The pilots the authors support hand	6.312962068477646e-05	6.312962068477646e-05	13.951323509216309	13.951323509216309
1626	gpt2	1627	814	9	hang	obj_rel_no_that	unexpected	The pilots the authors support hangs	2.2237279040382418e-07	2.2237279040382418e-07	22.100515365600582	22.100515365600582
1627	gpt2	1628	814	9	hang	obj_rel_no_that	expected	The pilots the authors support hang	6.687095719826175e-06	6.687095719826175e-06	17.190189361572266	17.190189361572266
1628	gpt2	1629	815	9	happen	obj_rel_no_that	unexpected	The pilots the authors support happens	3.0878720735927345e-06	3.0878720735927345e-06	18.304956436157227	18.304956436157227
1629	gpt2	1630	815	9	happen	obj_rel_no_that	expected	The pilots the authors support happen	8.711878763278946e-05	8.711878763278946e-05	13.486656188964844	13.486656188964844
1630	gpt2	1631	816	9	harass	obj_rel_no_that	unexpected	The pilots the authors support harasses	0.006450729948397766	0.006450729948397766	13.419755935668945	13.419755935668945
1631	gpt2	1632	816	9	harass	obj_rel_no_that	expected	The pilots the authors support harass	6.45482771233219e-07	6.45482771233219e-07	20.56311798095703	20.56311798095703
1632	gpt2	1633	817	9	harm	obj_rel_no_that	unexpected	The pilots the authors support harms	3.149818610381772e-07	3.149818610381772e-07	21.598228454589844	21.598228454589844
1633	gpt2	1634	817	9	harm	obj_rel_no_that	expected	The pilots the authors support harm	4.058528702444164e-06	4.058528702444164e-06	17.910612106323242	17.910612106323242
1634	gpt2	1635	818	9	hasten	obj_rel_no_that	unexpected	The pilots the authors support hastens	0.0022019809809137106	0.0022019809809137106	13.95372271537781	13.95372271537781
1635	gpt2	1636	818	9	hasten	obj_rel_no_that	expected	The pilots the authors support hasten	0.08590116754626816	0.08590116754626816	11.310676932334902	11.310676932334902
1636	gpt2	1637	819	9	hate	obj_rel_no_that	unexpected	The pilots the authors support hates	3.0132693495943386e-07	3.0132693495943386e-07	21.662166595458984	21.662166595458984
1637	gpt2	1638	819	9	hate	obj_rel_no_that	expected	The pilots the authors support hate	8.782915756455623e-06	8.782915756455623e-06	16.7968692779541	16.7968692779541
1638	gpt2	1639	820	9	haul	obj_rel_no_that	unexpected	The pilots the authors support hauls	0.0002722597237152311	0.0002722597237152311	12.944208145141602	12.944208145141602
1639	gpt2	1640	820	9	haul	obj_rel_no_that	expected	The pilots the authors support haul	1.973905199292858e-07	1.973905199292858e-07	22.272443771362305	22.272443771362305
1640	gpt2	1641	821	9	haunt	obj_rel_no_that	unexpected	The pilots the authors support haunts	0.40756920739470104	0.40756920739470104	11.983701452612877	11.983701452612877
1641	gpt2	1642	821	9	haunt	obj_rel_no_that	expected	The pilots the authors support haunt	7.248615361277189e-07	7.248615361277189e-07	20.39579200744629	20.39579200744629
1642	gpt2	1643	822	9	have	obj_rel_no_that	unexpected	The pilots the authors support haves	0.0006792341264371812	0.0006792341264371812	12.258792400360107	12.258792400360107
1643	gpt2	1644	822	9	have	obj_rel_no_that	expected	The pilots the authors support have	0.0216067563742399	0.0216067563742399	5.532373905181885	5.532373905181885
1644	gpt2	1645	823	9	head	obj_rel_no_that	unexpected	The pilots the authors support heads	7.81636288138543e-07	7.81636288138543e-07	20.286998748779297	20.286998748779297
1645	gpt2	1646	823	9	head	obj_rel_no_that	expected	The pilots the authors support head	5.187475835555233e-05	5.187475835555233e-05	14.234607696533203	14.234607696533203
1646	gpt2	1647	824	9	heal	obj_rel_no_that	unexpected	The pilots the authors support heals	3.0997654221209814e-08	3.0997654221209814e-08	24.943265914916992	24.943265914916992
1647	gpt2	1648	824	9	heal	obj_rel_no_that	expected	The pilots the authors support heal	5.229991302257986e-07	5.229991302257986e-07	20.866687774658203	20.866687774658203
1648	gpt2	1649	825	9	hear	obj_rel_no_that	unexpected	The pilots the authors support hears	4.868718406214612e-07	4.868718406214612e-07	20.969955444335938	20.969955444335938
1649	gpt2	1650	825	9	hear	obj_rel_no_that	expected	The pilots the authors support hear	1.824660648708232e-05	1.824660648708232e-05	15.74201202392578	15.74201202392578
1650	gpt2	1651	826	9	heat	obj_rel_no_that	unexpected	The pilots the authors support heats	4.994775437694443e-08	4.994775437694443e-08	24.2550048828125	24.2550048828125
1651	gpt2	1652	826	9	heat	obj_rel_no_that	expected	The pilots the authors support heat	5.480900426846347e-07	5.480900426846347e-07	20.7990837097168	20.7990837097168
1652	gpt2	1653	827	9	hedge	obj_rel_no_that	unexpected	The pilots the authors support hedges	0.0036083702788686843	0.0036083702788686843	14.565261363983154	14.565261363983154
1653	gpt2	1654	827	9	hedge	obj_rel_no_that	expected	The pilots the authors support hedge	8.139114271443759e-08	8.139114271443759e-08	23.550552368164062	23.550552368164062
1654	gpt2	1655	828	9	heed	obj_rel_no_that	unexpected	The pilots the authors support heeds	0.00017688731531955001	0.00017688731531955001	12.569926261901855	12.569926261901855
1655	gpt2	1656	828	9	heed	obj_rel_no_that	expected	The pilots the authors support heed	4.960164119438559e-07	4.960164119438559e-07	20.9431095123291	20.9431095123291
1656	gpt2	1657	829	9	heighten	obj_rel_no_that	unexpected	The pilots the authors support heightens	0.018115524116296886	0.018115524116296886	11.87258768081665	11.87258768081665
1657	gpt2	1658	829	9	heighten	obj_rel_no_that	expected	The pilots the authors support heighten	0.049183593976636034	0.049183593976636034	11.152087688446045	11.152087688446045
1658	gpt2	1659	830	9	help	obj_rel_no_that	unexpected	The pilots the authors support helps	2.2652722691418603e-05	2.2652722691418603e-05	15.42995548248291	15.42995548248291
1659	gpt2	1660	830	9	help	obj_rel_no_that	expected	The pilots the authors support help	0.0002703297650441	0.0002703297650441	11.852992057800291	11.852992057800291
1660	gpt2	1661	831	9	herald	obj_rel_no_that	unexpected	The pilots the authors support heralds	0.013441860257330514	0.013441860257330514	12.753953218460083	12.753953218460083
1661	gpt2	1662	831	9	herald	obj_rel_no_that	expected	The pilots the authors support herald	7.796113550284645e-07	7.796113550284645e-07	20.290740966796875	20.290740966796875
1662	gpt2	1663	832	9	hesitate	obj_rel_no_that	unexpected	The pilots the authors support hesitates	0.002563395560216	0.002563395560216	14.885714530944824	14.885714530944824
1663	gpt2	1664	832	9	hesitate	obj_rel_no_that	expected	The pilots the authors support hesitate	1.761719232717951e-07	1.761719232717951e-07	22.436511993408203	22.436511993408203
1664	gpt2	1665	833	9	hide	obj_rel_no_that	unexpected	The pilots the authors support hides	5.272677228163048e-08	5.272677228163048e-08	24.176889419555664	24.176889419555664
1665	gpt2	1666	833	9	hide	obj_rel_no_that	expected	The pilots the authors support hide	3.2931475288933143e-06	3.2931475288933143e-06	18.212100982666016	18.212100982666016
1666	gpt2	1667	834	9	highlight	obj_rel_no_that	unexpected	The pilots the authors support highlights	3.273308720963541e-06	3.273308720963541e-06	18.2208194732666	18.2208194732666
1667	gpt2	1668	834	9	highlight	obj_rel_no_that	expected	The pilots the authors support highlight	2.875218888220843e-05	2.875218888220843e-05	15.08596897125244	15.08596897125244
1668	gpt2	1669	835	9	hinder	obj_rel_no_that	unexpected	The pilots the authors support hinders	0.0031118877122935304	0.0031118877122935304	15.096919298171995	15.096919298171995
1669	gpt2	1670	835	9	hinder	obj_rel_no_that	expected	The pilots the authors support hinder	4.365822690033383e-07	4.365822690033383e-07	21.127243041992188	21.127243041992188
1670	gpt2	1671	836	9	hinge	obj_rel_no_that	unexpected	The pilots the authors support hinges	7.5615002970153e-07	7.5615002970153e-07	20.33482360839844	20.33482360839844
1671	gpt2	1672	836	9	hinge	obj_rel_no_that	expected	The pilots the authors support hinge	7.761277061035798e-07	7.761277061035798e-07	20.297203063964844	20.297203063964844
1672	gpt2	1673	837	9	hint	obj_rel_no_that	unexpected	The pilots the authors support hints	3.1684979262536217e-07	3.1684979262536217e-07	21.589696884155277	21.589696884155277
1673	gpt2	1674	837	9	hint	obj_rel_no_that	expected	The pilots the authors support hint	1.3315979003891698e-06	1.3315979003891698e-06	19.518409729003903	19.518409729003903
1674	gpt2	1675	838	9	hire	obj_rel_no_that	unexpected	The pilots the authors support hires	1.0468270374985875e-06	1.0468270374985875e-06	19.86554527282715	19.86554527282715
1675	gpt2	1676	838	9	hire	obj_rel_no_that	expected	The pilots the authors support hire	3.768232636502944e-05	3.768232636502944e-05	14.695752143859863	14.695752143859863
1676	gpt2	1677	839	9	hit	obj_rel_no_that	unexpected	The pilots the authors support hits	1.1534574468896608e-06	1.1534574468896608e-06	19.72560310363769	19.72560310363769
1677	gpt2	1678	839	9	hit	obj_rel_no_that	expected	The pilots the authors support hit	2.96977177640656e-05	2.96977177640656e-05	15.039288520812988	15.039288520812988
1678	gpt2	1679	840	9	hoe	obj_rel_no_that	unexpected	The pilots the authors support hoes	0.00020186234087301577	0.00020186234087301577	13.393170833587646	13.393170833587646
1679	gpt2	1680	840	9	hoe	obj_rel_no_that	expected	The pilots the authors support hoe	0.0029550247481893157	0.0029550247481893157	11.418386220932007	11.418386220932007
1680	gpt2	1681	841	9	hold	obj_rel_no_that	unexpected	The pilots the authors support holds	7.759594154777005e-06	7.759594154777005e-06	16.975587844848633	16.975587844848633
1681	gpt2	1682	841	9	hold	obj_rel_no_that	expected	The pilots the authors support hold	0.0001452113501727	0.0001452113501727	12.749558448791504	12.749558448791504
1682	gpt2	1683	842	9	holler	obj_rel_no_that	unexpected	The pilots the authors support hollers	0.00539082085439681	0.00539082085439681	10.467520395914713	10.467520395914713
1683	gpt2	1684	842	9	holler	obj_rel_no_that	expected	The pilots the authors support holler	0.00020905789915556577	0.00020905789915556577	13.366429328918457	13.366429328918457
1684	gpt2	1685	843	9	homer	obj_rel_no_that	unexpected	The pilots the authors support homers	3.662825065475772e-08	3.662825065475772e-08	24.702468872070312	24.702468872070312
1685	gpt2	1686	843	9	homer	obj_rel_no_that	expected	The pilots the authors support homer	2.6623968807371057e-08	2.6623968807371057e-08	25.16269874572754	25.16269874572754
1686	gpt2	1687	844	9	hone	obj_rel_no_that	unexpected	The pilots the authors support hones	0.0009946818818207157	0.0009946818818207157	12.209313869476318	12.209313869476318
1687	gpt2	1688	844	9	hone	obj_rel_no_that	expected	The pilots the authors support hone	1.1398925892081024e-07	1.1398925892081024e-07	23.064598083496094	23.064598083496094
1688	gpt2	1689	845	9	honor	obj_rel_no_that	unexpected	The pilots the authors support honors	8.07944616099121e-07	8.07944616099121e-07	20.239240646362305	20.239240646362305
1689	gpt2	1690	845	9	honor	obj_rel_no_that	expected	The pilots the authors support honor	5.646371391776484e-06	5.646371391776484e-06	17.43424415588379	17.43424415588379
1690	gpt2	1691	846	9	hope	obj_rel_no_that	unexpected	The pilots the authors support hopes	2.0360530470497903e-05	2.0360530470497903e-05	15.58386516571045	15.58386516571045
1691	gpt2	1692	846	9	hope	obj_rel_no_that	expected	The pilots the authors support hope	0.0005286786472424	0.0005286786472424	10.885321617126465	10.885321617126465
1692	gpt2	1693	847	9	host	obj_rel_no_that	unexpected	The pilots the authors support hosts	1.995414777411497e-06	1.995414777411497e-06	18.93487930297852	18.93487930297852
1693	gpt2	1694	847	9	host	obj_rel_no_that	expected	The pilots the authors support host	1.8847948012989942e-05	1.8847948012989942e-05	15.695233345031738	15.695233345031738
1694	gpt2	1695	848	9	house	obj_rel_no_that	unexpected	The pilots the authors support houses	9.272039278584998e-07	9.272039278584998e-07	20.04060935974121	20.04060935974121
1695	gpt2	1696	848	9	house	obj_rel_no_that	expected	The pilots the authors support house	5.796213372377679e-06	5.796213372377679e-06	17.39645767211914	17.39645767211914
1696	gpt2	1697	849	9	hum	obj_rel_no_that	unexpected	The pilots the authors support hums	0.0013122129898306195	0.0013122129898306195	14.052210807800293	14.052210807800293
1697	gpt2	1698	849	9	hum	obj_rel_no_that	expected	The pilots the authors support hum	1.3210236602390069e-06	1.3210236602390069e-06	19.5299129486084	19.5299129486084
1698	gpt2	1699	850	9	hurry	obj_rel_no_that	unexpected	The pilots the authors support hurries	0.0005901276800557025	0.0005901276800557025	15.214047908782959	15.214047908782959
1699	gpt2	1700	850	9	hurry	obj_rel_no_that	expected	The pilots the authors support hurry	7.96739172415073e-08	7.96739172415073e-08	23.581317901611328	23.581317901611328
1700	gpt2	1701	851	9	hurt	obj_rel_no_that	unexpected	The pilots the authors support hurts	3.810146722571517e-07	3.810146722571517e-07	21.323650360107425	21.323650360107425
1701	gpt2	1702	851	9	hurt	obj_rel_no_that	expected	The pilots the authors support hurt	3.908055077772588e-06	3.908055077772588e-06	17.965118408203125	17.965118408203125
1702	gpt2	1703	852	9	identify	obj_rel_no_that	unexpected	The pilots the authors support identifies	1.178165234705375e-06	1.178165234705375e-06	19.69502639770508	19.69502639770508
1703	gpt2	1704	852	9	identify	obj_rel_no_that	expected	The pilots the authors support identify	3.986307274317369e-05	3.986307274317369e-05	14.614587783813477	14.614587783813477
1704	gpt2	1705	853	9	idle	obj_rel_no_that	unexpected	The pilots the authors support idles	0.0005457747935224389	0.0005457747935224389	13.967373371124268	13.967373371124268
1705	gpt2	1706	853	9	idle	obj_rel_no_that	expected	The pilots the authors support idle	5.2857675569839564e-08	5.2857675569839564e-08	24.173311233520508	24.173311233520508
1706	gpt2	1707	854	9	ignite	obj_rel_no_that	unexpected	The pilots the authors support ignites	0.012745498641578468	0.012745498641578468	13.279728412628174	13.279728412628174
1707	gpt2	1708	854	9	ignite	obj_rel_no_that	expected	The pilots the authors support ignite	1.749517082316743e-07	1.749517082316743e-07	22.44654083251953	22.44654083251953
1708	gpt2	1709	855	9	ignore	obj_rel_no_that	unexpected	The pilots the authors support ignores	1.183444396701816e-06	1.183444396701816e-06	19.688575744628903	19.688575744628903
1709	gpt2	1710	855	9	ignore	obj_rel_no_that	expected	The pilots the authors support ignore	1.0747925443865824e-05	1.0747925443865824e-05	16.505582809448242	16.505582809448242
1710	gpt2	1711	856	9	illuminate	obj_rel_no_that	unexpected	The pilots the authors support illuminates	0.20056298781491932	0.20056298781491932	8.230462988217672	8.230462988217672
1711	gpt2	1712	856	9	illuminate	obj_rel_no_that	expected	The pilots the authors support illuminate	8.19591662093444e-07	8.19591662093444e-07	20.21859169006348	20.21859169006348
1712	gpt2	1713	857	9	illustrate	obj_rel_no_that	unexpected	The pilots the authors support illustrates	4.173773049842566e-06	4.173773049842566e-06	17.870216369628906	17.870216369628906
1713	gpt2	1714	857	9	illustrate	obj_rel_no_that	expected	The pilots the authors support illustrate	6.800001574447379e-05	6.800001574447379e-05	13.84410572052002	13.84410572052002
1714	gpt2	1715	858	9	imagine	obj_rel_no_that	unexpected	The pilots the authors support imagines	0.16058007763178495	0.16058007763178495	11.857182800769806	11.857182800769806
1715	gpt2	1716	858	9	imagine	obj_rel_no_that	expected	The pilots the authors support imagine	5.6362141549470834e-06	5.6362141549470834e-06	17.43684196472168	17.43684196472168
1716	gpt2	1717	859	9	impact	obj_rel_no_that	unexpected	The pilots the authors support impacts	6.840529636065185e-07	6.840529636065185e-07	20.479389190673828	20.479389190673828
1717	gpt2	1718	859	9	impact	obj_rel_no_that	expected	The pilots the authors support impact	5.839846380695235e-06	5.839846380695235e-06	17.385637283325195	17.385637283325195
1718	gpt2	1719	860	9	impair	obj_rel_no_that	unexpected	The pilots the authors support impairs	0.0024994989986453072	0.0024994989986453072	13.246797800064087	13.246797800064087
1719	gpt2	1720	860	9	impair	obj_rel_no_that	expected	The pilots the authors support impair	7.363550480476988e-07	7.363550480476988e-07	20.37309455871582	20.37309455871582
1720	gpt2	1721	861	9	impede	obj_rel_no_that	unexpected	The pilots the authors support impedes	0.19060255631676878	0.19060255631676878	13.174418210983276	13.174418210983276
1721	gpt2	1722	861	9	impede	obj_rel_no_that	expected	The pilots the authors support impede	4.1503207626192317e-07	4.1503207626192317e-07	21.200273513793945	21.200273513793945
1722	gpt2	1723	862	9	implement	obj_rel_no_that	unexpected	The pilots the authors support implements	3.35160876829832e-07	3.35160876829832e-07	21.508642196655277	21.508642196655277
1723	gpt2	1724	862	9	implement	obj_rel_no_that	expected	The pilots the authors support implement	4.685722615249688e-06	4.685722615249688e-06	17.703296661376953	17.703296661376953
1724	gpt2	1725	863	9	implicate	obj_rel_no_that	unexpected	The pilots the authors support implicates	0.012214561556788775	0.012214561556788775	11.7099289894104	11.7099289894104
1725	gpt2	1726	863	9	implicate	obj_rel_no_that	expected	The pilots the authors support implicate	0.15872979779294383	0.15872979779294383	9.859879970550537	9.859879970550537
1726	gpt2	1727	864	9	imply	obj_rel_no_that	unexpected	The pilots the authors support implies	3.634601625890354e-06	3.634601625890354e-06	18.06977081298828	18.06977081298828
1727	gpt2	1728	864	9	imply	obj_rel_no_that	expected	The pilots the authors support imply	7.4947938628611155e-06	7.4947938628611155e-06	17.025680541992188	17.025680541992188
1728	gpt2	1729	865	9	import	obj_rel_no_that	unexpected	The pilots the authors support imports	2.466969704073563e-07	2.466969704073563e-07	21.950756072998047	21.950756072998047
1729	gpt2	1730	865	9	import	obj_rel_no_that	expected	The pilots the authors support import	1.3194422763262992e-06	1.3194422763262992e-06	19.531641006469727	19.531641006469727
1730	gpt2	1731	866	9	impose	obj_rel_no_that	unexpected	The pilots the authors support imposes	7.600715434818994e-07	7.600715434818994e-07	20.327362060546875	20.327362060546875
1731	gpt2	1732	866	9	impose	obj_rel_no_that	expected	The pilots the authors support impose	5.765384685219033e-06	5.765384685219033e-06	17.404151916503906	17.404151916503906
1732	gpt2	1733	867	9	impound	obj_rel_no_that	unexpected	The pilots the authors support impounds	7.59599394086574e-05	7.59599394086574e-05	15.776747703552246	15.776747703552246
1733	gpt2	1734	867	9	impound	obj_rel_no_that	expected	The pilots the authors support impound	0.004447438394549858	0.004447438394549858	12.830996036529541	12.830996036529541
1734	gpt2	1735	868	9	impress	obj_rel_no_that	unexpected	The pilots the authors support impresses	0.0018948101590012493	0.0018948101590012493	12.932293891906738	12.932293891906738
1735	gpt2	1736	868	9	impress	obj_rel_no_that	expected	The pilots the authors support impress	4.323974735598313e-06	4.323974735598313e-06	17.819210052490234	17.819210052490234
1736	gpt2	1737	869	9	imprison	obj_rel_no_that	unexpected	The pilots the authors support imprisons	0.3257664788523016	0.3257664788523016	9.4455628991127	9.4455628991127
1737	gpt2	1738	869	9	imprison	obj_rel_no_that	expected	The pilots the authors support imprison	2.1812164163748093e-07	2.1812164163748093e-07	22.12836456298828	22.12836456298828
1738	gpt2	1739	870	9	improve	obj_rel_no_that	unexpected	The pilots the authors support improves	3.053877208003541e-06	3.053877208003541e-06	18.32092666625977	18.32092666625977
1739	gpt2	1740	870	9	improve	obj_rel_no_that	expected	The pilots the authors support improve	4.310192889533937e-05	4.310192889533937e-05	14.501888275146484	14.501888275146484
1740	gpt2	1741	871	9	impugn	obj_rel_no_that	unexpected	The pilots the authors support impugns	0.013939462983292572	0.013939462983292572	10.581939856211344	10.581939856211344
1741	gpt2	1742	871	9	impugn	obj_rel_no_that	expected	The pilots the authors support impugn	0.05805281867204334	0.05805281867204334	8.810812075932821	8.810812075932821
1742	gpt2	1743	872	9	incarcerate	obj_rel_no_that	unexpected	The pilots the authors support incarcerates	0.003428605903692952	0.003428605903692952	14.839751243591309	14.839751243591309
1743	gpt2	1744	872	9	incarcerate	obj_rel_no_that	expected	The pilots the authors support incarcerate	0.0638011722423215	0.0638011722423215	12.73078978061676	12.73078978061676
1744	gpt2	1745	873	9	inch	obj_rel_no_that	unexpected	The pilots the authors support inches	6.390267515143934e-08	6.390267515143934e-08	23.899547576904297	23.899547576904297
1745	gpt2	1746	873	9	inch	obj_rel_no_that	expected	The pilots the authors support inch	1.0498058600205697e-07	1.0498058600205697e-07	23.183374404907227	23.183374404907227
1746	gpt2	1747	874	9	include	obj_rel_no_that	unexpected	The pilots the authors support includes	0.0002745135279837	0.0002745135279837	11.830835342407228	11.830835342407228
1747	gpt2	1748	874	9	include	obj_rel_no_that	expected	The pilots the authors support include	0.0170566570013761	0.0170566570013761	5.873521327972412	5.873521327972412
1748	gpt2	1749	875	9	incorporate	obj_rel_no_that	unexpected	The pilots the authors support incorporates	2.019937710429076e-06	2.019937710429076e-06	18.91725730895996	18.91725730895996
1749	gpt2	1750	875	9	incorporate	obj_rel_no_that	expected	The pilots the authors support incorporate	1.6556025002500974e-05	1.6556025002500974e-05	15.882284164428713	15.882284164428713
1750	gpt2	1751	876	9	increased	obj_rel_no_that	unexpected	The pilots the authors support increaseds	4.567524001686252e-05	4.567524001686252e-05	15.777723789215088	15.777723789215088
1751	gpt2	1752	876	9	increased	obj_rel_no_that	expected	The pilots the authors support increased	8.773912122705951e-05	8.773912122705951e-05	13.476420402526855	13.476420402526855
1752	gpt2	1753	877	9	increase	obj_rel_no_that	unexpected	The pilots the authors support increases	4.817159151571104e-06	4.817159151571104e-06	17.66338539123535	17.66338539123535
1753	gpt2	1754	877	9	increase	obj_rel_no_that	expected	The pilots the authors support increase	1.32089835460647e-05	1.32089835460647e-05	16.208120346069336	16.208120346069336
1754	gpt2	1755	878	9	incur	obj_rel_no_that	unexpected	The pilots the authors support incurs	0.007892849154131907	0.007892849154131907	11.875340938568115	11.875340938568115
1755	gpt2	1756	878	9	incur	obj_rel_no_that	expected	The pilots the authors support incur	2.684816990949912e-06	2.684816990949912e-06	18.506744384765625	18.506744384765625
1756	gpt2	1757	879	9	indemnify	obj_rel_no_that	unexpected	The pilots the authors support indemnifies	0.005393939106468747	0.005393939106468747	14.068878173828125	14.068878173828125
1757	gpt2	1758	879	9	indemnify	obj_rel_no_that	expected	The pilots the authors support indemnify	0.1501589347745522	0.1501589347745522	11.669354438781738	11.669354438781738
1758	gpt2	1759	880	9	indicate	obj_rel_no_that	unexpected	The pilots the authors support indicates	1.0416928489576094e-05	1.0416928489576094e-05	16.550710678100586	16.550710678100586
1759	gpt2	1760	880	9	indicate	obj_rel_no_that	expected	The pilots the authors support indicate	4.973583418177441e-05	4.973583418177441e-05	14.295354843139648	14.295354843139648
1760	gpt2	1761	881	9	indict	obj_rel_no_that	unexpected	The pilots the authors support indicts	0.006030029893892672	0.006030029893892672	14.392110109329224	14.392110109329224
1761	gpt2	1762	881	9	indict	obj_rel_no_that	expected	The pilots the authors support indict	4.174200682882656e-07	4.174200682882656e-07	21.19199752807617	21.19199752807617
1762	gpt2	1763	882	9	induce	obj_rel_no_that	unexpected	The pilots the authors support induces	8.996059364108079e-08	8.996059364108079e-08	23.40613174438477	23.40613174438477
1763	gpt2	1764	882	9	induce	obj_rel_no_that	expected	The pilots the authors support induce	1.3708100823350833e-06	1.3708100823350833e-06	19.476539611816406	19.476539611816406
1764	gpt2	1765	883	10	indulge	obj_rel_no_that	unexpected	The farmers the farmers sweeten indulges	0.010127587146371294	0.010127587146371294	12.072031021118162	12.072031021118162
1765	gpt2	1766	883	10	indulge	obj_rel_no_that	expected	The farmers the farmers sweeten indulge	4.814956469090248e-07	4.814956469090248e-07	20.985973358154297	20.985973358154297
1766	gpt2	1767	884	10	industrialize	obj_rel_no_that	unexpected	The farmers the farmers sweeten industrializes	3.6794887364521855e-05	3.6794887364521855e-05	15.40117359161377	15.40117359161377
1767	gpt2	1768	884	10	industrialize	obj_rel_no_that	expected	The farmers the farmers sweeten industrialize	0.00021891246660741268	0.00021891246660741268	14.043556213378906	14.043556213378906
1768	gpt2	1769	885	10	infiltrate	obj_rel_no_that	unexpected	The farmers the farmers sweeten infiltrates	0.14171125924816952	0.14171125924816952	13.749499440193176	13.749499440193176
1769	gpt2	1770	885	10	infiltrate	obj_rel_no_that	expected	The farmers the farmers sweeten infiltrate	1.1369063912525236e-08	1.1369063912525236e-08	26.390310287475582	26.390310287475582
1770	gpt2	1771	886	10	inflame	obj_rel_no_that	unexpected	The farmers the farmers sweeten inflames	0.015341016208253672	0.015341016208253672	12.967590570449829	12.967590570449829
1771	gpt2	1772	886	10	inflame	obj_rel_no_that	expected	The farmers the farmers sweeten inflame	0.01693060875447827	0.01693060875447827	12.896469593048096	12.896469593048096
1772	gpt2	1773	887	10	inflate	obj_rel_no_that	unexpected	The farmers the farmers sweeten inflates	0.001371456403717272	0.001371456403717272	14.709518909454346	14.709518909454346
1773	gpt2	1774	887	10	inflate	obj_rel_no_that	expected	The farmers the farmers sweeten inflate	0.00034001720268856967	0.00034001720268856967	13.97814416885376	13.97814416885376
1774	gpt2	1775	888	10	inflict	obj_rel_no_that	unexpected	The farmers the farmers sweeten inflicts	0.30703142954801166	0.30703142954801166	13.428954631090162	13.428954631090162
1775	gpt2	1776	888	10	inflict	obj_rel_no_that	expected	The farmers the farmers sweeten inflict	1.555822706222898e-07	1.555822706222898e-07	22.61581802368164	22.61581802368164
1776	gpt2	1777	889	10	influence	obj_rel_no_that	unexpected	The farmers the farmers sweeten influences	5.176938771001005e-07	5.176938771001005e-07	20.881397247314453	20.881397247314453
1777	gpt2	1778	889	10	influence	obj_rel_no_that	expected	The farmers the farmers sweeten influence	4.179464667686261e-06	4.179464667686261e-06	17.868249893188477	17.868249893188477
1778	gpt2	1779	890	10	inform	obj_rel_no_that	unexpected	The farmers the farmers sweeten informs	1.2317151742990973e-07	1.2317151742990973e-07	22.95282745361328	22.95282745361328
1779	gpt2	1780	890	10	inform	obj_rel_no_that	expected	The farmers the farmers sweeten inform	2.481073124727118e-06	2.481073124727118e-06	18.620603561401367	18.620603561401367
1780	gpt2	1781	891	10	infringe	obj_rel_no_that	unexpected	The farmers the farmers sweeten infringes	0.03546330498105019	0.03546330498105019	12.87693250179291	12.87693250179291
1781	gpt2	1782	891	10	infringe	obj_rel_no_that	expected	The farmers the farmers sweeten infringe	0.07300188930278749	0.07300188930278749	12.356127858161928	12.356127858161928
1782	gpt2	1783	892	10	infuriate	obj_rel_no_that	unexpected	The farmers the farmers sweeten infuriates	0.0175723879214473	0.0175723879214473	14.333146810531618	14.333146810531618
1783	gpt2	1784	892	10	infuriate	obj_rel_no_that	expected	The farmers the farmers sweeten infuriate	0.25947255043865874	0.25947255043865874	9.428727636734644	9.428727636734644
1784	gpt2	1785	893	10	infuse	obj_rel_no_that	unexpected	The farmers the farmers sweeten infuses	0.006638910246692819	0.006638910246692819	11.828754425048828	11.828754425048828
1785	gpt2	1786	893	10	infuse	obj_rel_no_that	expected	The farmers the farmers sweeten infuse	0.00879718744909037	0.00879718744909037	11.625630617141724	11.625630617141724
1786	gpt2	1787	894	10	ingest	obj_rel_no_that	unexpected	The farmers the farmers sweeten ingests	0.003971928525686497	0.003971928525686497	13.12094783782959	13.12094783782959
1787	gpt2	1788	894	10	ingest	obj_rel_no_that	expected	The farmers the farmers sweeten ingest	3.236507950532541e-07	3.236507950532541e-07	21.559059143066406	21.559059143066406
1788	gpt2	1789	895	10	ingratiate	obj_rel_no_that	unexpected	The farmers the farmers sweeten ingratiates	0.2629157313052417	0.2629157313052417	6.97800500318408	6.97800500318408
1789	gpt2	1790	895	10	ingratiate	obj_rel_no_that	expected	The farmers the farmers sweeten ingratiate	0.29186121550387156	0.29186121550387156	6.458712410181761	6.458712410181761
1790	gpt2	1791	896	10	inhibit	obj_rel_no_that	unexpected	The farmers the farmers sweeten inhibits	9.635011366526669e-08	9.635011366526669e-08	23.307138442993164	23.307138442993164
1791	gpt2	1792	896	10	inhibit	obj_rel_no_that	expected	The farmers the farmers sweeten inhibit	7.408359437022227e-08	7.408359437022227e-08	23.68626976013184	23.68626976013184
1792	gpt2	1793	897	10	initiate	obj_rel_no_that	unexpected	The farmers the farmers sweeten initiates	0.31692165026542796	0.31692165026542796	12.35597777366638	12.35597777366638
1793	gpt2	1794	897	10	initiate	obj_rel_no_that	expected	The farmers the farmers sweeten initiate	1.838894405636893e-07	1.838894405636893e-07	22.374658584594727	22.374658584594727
1794	gpt2	1795	898	10	inject	obj_rel_no_that	unexpected	The farmers the farmers sweeten injects	0.024282601111607946	0.024282601111607946	13.371609449386597	13.371609449386597
1795	gpt2	1796	898	10	inject	obj_rel_no_that	expected	The farmers the farmers sweeten inject	1.8330112538933466e-07	1.8330112538933466e-07	22.37928009033203	22.37928009033203
1796	gpt2	1797	899	10	injure	obj_rel_no_that	unexpected	The farmers the farmers sweeten injures	0.028844480775227034	0.028844480775227034	13.254858493804932	13.254858493804932
1797	gpt2	1798	899	10	injure	obj_rel_no_that	expected	The farmers the farmers sweeten injure	9.181665205915125e-08	9.181665205915125e-08	23.37666893005371	23.37666893005371
1798	gpt2	1799	900	10	innovate	obj_rel_no_that	unexpected	The farmers the farmers sweeten innovates	0.021413793370633975	0.021413793370633975	14.084226608276367	14.084226608276367
1799	gpt2	1800	900	10	innovate	obj_rel_no_that	expected	The farmers the farmers sweeten innovate	3.16572368319612e-08	3.16572368319612e-08	24.91288948059082	24.91288948059082
1800	gpt2	1801	901	10	insist	obj_rel_no_that	unexpected	The farmers the farmers sweeten insists	2.104028453686624e-07	2.104028453686624e-07	22.18034172058105	22.18034172058105
1801	gpt2	1802	901	10	insist	obj_rel_no_that	expected	The farmers the farmers sweeten insist	3.190723191437428e-06	3.190723191437428e-06	18.2576847076416	18.2576847076416
1802	gpt2	1803	902	10	inspect	obj_rel_no_that	unexpected	The farmers the farmers sweeten inspects	0.005130353801504826	0.005130353801504826	14.409761667251587	14.409761667251587
1803	gpt2	1804	902	10	inspect	obj_rel_no_that	expected	The farmers the farmers sweeten inspect	2.057265362509497e-07	2.057265362509497e-07	22.2127685546875	22.2127685546875
1804	gpt2	1805	903	10	inspire	obj_rel_no_that	unexpected	The farmers the farmers sweeten inspires	2.6521133733581337e-08	2.6521133733581337e-08	25.16828155517578	25.16828155517578
1805	gpt2	1806	903	10	inspire	obj_rel_no_that	expected	The farmers the farmers sweeten inspire	7.26529023609146e-08	7.26529023609146e-08	23.714405059814453	23.714405059814453
1806	gpt2	1807	904	10	install	obj_rel_no_that	unexpected	The farmers the farmers sweeten installs	1.3870810278149293e-08	1.3870810278149293e-08	26.10337257385254	26.10337257385254
1807	gpt2	1808	904	10	install	obj_rel_no_that	expected	The farmers the farmers sweeten install	5.511537324309757e-07	5.511537324309757e-07	20.79104232788086	20.79104232788086
1808	gpt2	1809	905	10	instill	obj_rel_no_that	unexpected	The farmers the farmers sweeten instills	0.014512054994412396	0.014512054994412396	13.174534797668457	13.174534797668457
1809	gpt2	1810	905	10	instill	obj_rel_no_that	expected	The farmers the farmers sweeten instill	0.03618941865832424	0.03618941865832424	12.515370607376099	12.515370607376099
1810	gpt2	1811	906	10	institute	obj_rel_no_that	unexpected	The farmers the farmers sweeten institutes	0.25030024419334396	0.25030024419334396	12.966183871030806	12.966183871030806
1811	gpt2	1812	906	10	institute	obj_rel_no_that	expected	The farmers the farmers sweeten institute	4.4539753218941775e-08	4.4539753218941775e-08	24.42033195495605	24.42033195495605
1812	gpt2	1813	907	10	insulate	obj_rel_no_that	unexpected	The farmers the farmers sweeten insulates	0.007923448162841839	0.007923448162841839	12.698650360107422	12.698650360107422
1813	gpt2	1814	907	10	insulate	obj_rel_no_that	expected	The farmers the farmers sweeten insulate	0.013779346535670789	0.013779346535670789	12.299469232559204	12.299469232559204
1814	gpt2	1815	908	10	insure	obj_rel_no_that	unexpected	The farmers the farmers sweeten insures	0.011090416165757188	0.011090416165757188	12.456075191497803	12.456075191497803
1815	gpt2	1816	908	10	insure	obj_rel_no_that	expected	The farmers the farmers sweeten insure	1.406373115742099e-07	1.406373115742099e-07	22.76151657104492	22.76151657104492
1816	gpt2	1817	909	10	integrate	obj_rel_no_that	unexpected	The farmers the farmers sweeten integrates	6.916739181406228e-08	6.916739181406228e-08	23.78533172607422	23.78533172607422
1817	gpt2	1818	909	10	integrate	obj_rel_no_that	expected	The farmers the farmers sweeten integrate	1.6645759615130373e-07	1.6645759615130373e-07	22.518341064453125	22.518341064453125
1818	gpt2	1819	910	10	intend	obj_rel_no_that	unexpected	The farmers the farmers sweeten intends	2.592900614217797e-07	2.592900614217797e-07	21.878929138183597	21.878929138183597
1819	gpt2	1820	910	10	intend	obj_rel_no_that	expected	The farmers the farmers sweeten intend	8.757961040828377e-07	8.757961040828377e-07	20.122901916503903	20.122901916503903
1820	gpt2	1821	911	10	intensify	obj_rel_no_that	unexpected	The farmers the farmers sweeten intensifies	0.14558884299061248	0.14558884299061248	12.00047117471695	12.00047117471695
1821	gpt2	1822	911	10	intensify	obj_rel_no_that	expected	The farmers the farmers sweeten intensify	4.2305200054215685e-07	4.2305200054215685e-07	21.17266082763672	21.17266082763672
1822	gpt2	1823	912	10	interconnect	obj_rel_no_that	unexpected	The farmers the farmers sweeten interconnects	0.02261831001275517	0.02261831001275517	10.285685857137045	10.285685857137045
1823	gpt2	1824	912	10	interconnect	obj_rel_no_that	expected	The farmers the farmers sweeten interconnect	0.0005544779573938087	0.0005544779573938087	13.475941181182861	13.475941181182861
1824	gpt2	1825	913	10	interest	obj_rel_no_that	unexpected	The farmers the farmers sweeten interests	4.181825261184713e-06	4.181825261184713e-06	17.867435455322266	17.867435455322266
1825	gpt2	1826	913	10	interest	obj_rel_no_that	expected	The farmers the farmers sweeten interest	4.780882227350958e-05	4.780882227350958e-05	14.35236358642578	14.35236358642578
1826	gpt2	1827	914	10	interfere	obj_rel_no_that	unexpected	The farmers the farmers sweeten interferes	0.33841902792816353	0.33841902792816353	7.710968963772757	7.710968963772757
1827	gpt2	1828	914	10	interfere	obj_rel_no_that	expected	The farmers the farmers sweeten interfere	1.996786380686899e-07	1.996786380686899e-07	22.25581741333008	22.25581741333008
1828	gpt2	1829	915	10	interpret	obj_rel_no_that	unexpected	The farmers the farmers sweeten interprets	0.2097220533471997	0.2097220533471997	13.328611969947815	13.328611969947815
1829	gpt2	1830	915	10	interpret	obj_rel_no_that	expected	The farmers the farmers sweeten interpret	1.905186906014933e-07	1.905186906014933e-07	22.323564529418945	22.323564529418945
1830	gpt2	1831	916	10	intervene	obj_rel_no_that	unexpected	The farmers the farmers sweeten intervenes	0.225868172371348	0.225868172371348	13.630870342254639	13.630870342254639
1831	gpt2	1832	916	10	intervene	obj_rel_no_that	expected	The farmers the farmers sweeten intervene	1.2362623635908676e-07	1.2362623635908676e-07	22.947511672973636	22.947511672973636
1832	gpt2	1833	917	10	interview	obj_rel_no_that	unexpected	The farmers the farmers sweeten interviews	9.49145771755866e-07	9.49145771755866e-07	20.006866455078125	20.006866455078125
1833	gpt2	1834	917	10	interview	obj_rel_no_that	expected	The farmers the farmers sweeten interview	4.333223557750898e-07	4.333223557750898e-07	21.1380558013916	21.1380558013916
1834	gpt2	1835	918	10	intimate	obj_rel_no_that	unexpected	The farmers the farmers sweeten intimates	0.1090988463019222	0.1090988463019222	12.772986412048338	12.772986412048338
1835	gpt2	1836	918	10	intimate	obj_rel_no_that	expected	The farmers the farmers sweeten intimate	6.177811542329437e-07	6.177811542329437e-07	20.626399993896484	20.626399993896484
1836	gpt2	1837	919	10	introduce	obj_rel_no_that	unexpected	The farmers the farmers sweeten introduces	6.105931333877379e-07	6.105931333877379e-07	20.643285751342773	20.643285751342773
1837	gpt2	1838	919	10	introduce	obj_rel_no_that	expected	The farmers the farmers sweeten introduce	1.2126059800721125e-06	1.2126059800721125e-06	19.65345764160156	19.65345764160156
1838	gpt2	1839	920	10	invade	obj_rel_no_that	unexpected	The farmers the farmers sweeten invades	0.0008909556621716283	0.0008909556621716283	15.439156532287598	15.439156532287598
1839	gpt2	1840	920	10	invade	obj_rel_no_that	expected	The farmers the farmers sweeten invade	7.270003266057756e-08	7.270003266057756e-08	23.713468551635746	23.713468551635746
1840	gpt2	1841	921	10	invent	obj_rel_no_that	unexpected	The farmers the farmers sweeten invents	0.006318862708567928	0.006318862708567928	14.025937795639038	14.025937795639038
1841	gpt2	1842	921	10	invent	obj_rel_no_that	expected	The farmers the farmers sweeten invent	1.186424356092175e-06	1.186424356092175e-06	19.684947967529297	19.684947967529297
1842	gpt2	1843	922	10	investigate	obj_rel_no_that	unexpected	The farmers the farmers sweeten investigates	1.5015555021591354e-08	1.5015555021591354e-08	25.98896789550781	25.98896789550781
1843	gpt2	1844	922	10	investigate	obj_rel_no_that	expected	The farmers the farmers sweeten investigate	1.4464954745108116e-07	1.4464954745108116e-07	22.72093391418457	22.72093391418457
1844	gpt2	1845	923	10	invest	obj_rel_no_that	unexpected	The farmers the farmers sweeten invests	8.199931045282939e-08	8.199931045282939e-08	23.53981208801269	23.53981208801269
1845	gpt2	1846	923	10	invest	obj_rel_no_that	expected	The farmers the farmers sweeten invest	4.55839625601584e-07	4.55839625601584e-07	21.06497001647949	21.06497001647949
1846	gpt2	1847	924	10	invite	obj_rel_no_that	unexpected	The farmers the farmers sweeten invites	7.392293355223956e-07	7.392293355223956e-07	20.367475509643555	20.367475509643555
1847	gpt2	1848	924	10	invite	obj_rel_no_that	expected	The farmers the farmers sweeten invite	1.605939473847684e-06	1.605939473847684e-06	19.248151779174805	19.248151779174805
1848	gpt2	1849	925	10	invoke	obj_rel_no_that	unexpected	The farmers the farmers sweeten invokes	0.0008318665044413283	0.0008318665044413283	15.488665580749512	15.488665580749512
1849	gpt2	1850	925	10	invoke	obj_rel_no_that	expected	The farmers the farmers sweeten invoke	2.974862525206845e-07	2.974862525206845e-07	21.680673599243164	21.680673599243164
1850	gpt2	1851	926	10	involve	obj_rel_no_that	unexpected	The farmers the farmers sweeten involves	1.3469307305058464e-06	1.3469307305058464e-06	19.50189208984375	19.50189208984375
1851	gpt2	1852	926	10	involve	obj_rel_no_that	expected	The farmers the farmers sweeten involve	5.647992566082394e-06	5.647992566082394e-06	17.43383026123047	17.43383026123047
1852	gpt2	1853	927	10	irk	obj_rel_no_that	unexpected	The farmers the farmers sweeten irks	0.0018438171535706026	0.0018438171535706026	14.375434398651125	14.375434398651125
1853	gpt2	1854	927	10	irk	obj_rel_no_that	expected	The farmers the farmers sweeten irk	0.00044855775180960267	0.00044855775180960267	15.395464897155763	15.395464897155763
1854	gpt2	1855	928	10	iron	obj_rel_no_that	unexpected	The farmers the farmers sweeten irons	0.2789073310267156	0.2789073310267156	10.754844546318056	10.754844546318056
1855	gpt2	1856	928	10	iron	obj_rel_no_that	expected	The farmers the farmers sweeten iron	2.854586909961654e-06	2.854586909961654e-06	18.41828727722168	18.41828727722168
1856	gpt2	1857	929	10	isolate	obj_rel_no_that	unexpected	The farmers the farmers sweeten isolates	0.38855287562474317	0.38855287562474317	12.151155486702917	12.151155486702917
1857	gpt2	1858	929	10	isolate	obj_rel_no_that	expected	The farmers the farmers sweeten isolate	3.033189273082826e-07	3.033189273082826e-07	21.652660369873047	21.652660369873047
1858	gpt2	1859	930	10	issue	obj_rel_no_that	unexpected	The farmers the farmers sweeten issues	1.0571580787654966e-05	1.0571580787654966e-05	16.529449462890625	16.529449462890625
1859	gpt2	1860	930	10	issue	obj_rel_no_that	expected	The farmers the farmers sweeten issue	3.235509893784183e-06	3.235509893784183e-06	18.23757553100586	18.23757553100586
1860	gpt2	1861	931	10	itemize	obj_rel_no_that	unexpected	The farmers the farmers sweeten itemizes	0.0013523973034921138	0.0013523973034921138	14.683959960937498	14.683959960937498
1861	gpt2	1862	931	10	itemize	obj_rel_no_that	expected	The farmers the farmers sweeten itemize	0.007794311314285064	0.007794311314285064	13.42039108276367	13.42039108276367
1862	gpt2	1863	932	10	jack	obj_rel_no_that	unexpected	The farmers the farmers sweeten jacks	0.0011231579564991722	0.0011231579564991722	12.002922058105469	12.002922058105469
1863	gpt2	1864	932	10	jack	obj_rel_no_that	expected	The farmers the farmers sweeten jack	5.301890269038267e-07	5.301890269038267e-07	20.84699058532715	20.84699058532715
1864	gpt2	1865	933	10	jeopardize	obj_rel_no_that	unexpected	The farmers the farmers sweeten jeopardizes	0.039240230793865294	0.039240230793865294	13.131179571151733	13.131179571151733
1865	gpt2	1866	933	10	jeopardize	obj_rel_no_that	expected	The farmers the farmers sweeten jeopardize	0.35496555733195123	0.35496555733195123	11.542541518807411	11.542541518807411
1866	gpt2	1867	934	10	join	obj_rel_no_that	unexpected	The farmers the farmers sweeten joins	4.4064009330213604e-07	4.4064009330213604e-07	21.11389541625977	21.11389541625977
1867	gpt2	1868	934	10	join	obj_rel_no_that	expected	The farmers the farmers sweeten join	1.8625244138092969e-06	1.8625244138092969e-06	19.03430938720703	19.03430938720703
1868	gpt2	1869	935	10	joke	obj_rel_no_that	unexpected	The farmers the farmers sweeten jokes	8.080285738287785e-07	8.080285738287785e-07	20.239089965820312	20.239089965820312
1869	gpt2	1870	935	10	joke	obj_rel_no_that	expected	The farmers the farmers sweeten joke	2.5774573941816925e-07	2.5774573941816925e-07	21.887548446655277	21.887548446655277
1870	gpt2	1871	936	10	jolt	obj_rel_no_that	unexpected	The farmers the farmers sweeten jolts	0.2435746533938072	0.2435746533938072	8.056504686673483	8.056504686673483
1871	gpt2	1872	936	10	jolt	obj_rel_no_that	expected	The farmers the farmers sweeten jolt	0.00032801825818747223	0.00032801825818747223	12.912162780761719	12.912162780761719
1872	gpt2	1873	937	10	judge	obj_rel_no_that	unexpected	The farmers the farmers sweeten judges	1.895877943525193e-07	1.895877943525193e-07	22.33063125610352	22.33063125610352
1873	gpt2	1874	937	10	judge	obj_rel_no_that	expected	The farmers the farmers sweeten judge	5.129563191985653e-07	5.129563191985653e-07	20.89466094970703	20.89466094970703
1874	gpt2	1875	938	10	juggle	obj_rel_no_that	unexpected	The farmers the farmers sweeten juggles	0.022060727221706117	0.022060727221706117	15.523337125778198	15.523337125778198
1875	gpt2	1876	938	10	juggle	obj_rel_no_that	expected	The farmers the farmers sweeten juggle	0.03981856022570392	0.03981856022570392	15.097356796264648	15.097356796264648
1876	gpt2	1877	939	10	jump	obj_rel_no_that	unexpected	The farmers the farmers sweeten jumps	2.359872439683386e-07	2.359872439683386e-07	22.014787673950195	22.014787673950195
1877	gpt2	1878	939	10	jump	obj_rel_no_that	expected	The farmers the farmers sweeten jump	1.967803200386697e-06	1.967803200386697e-06	18.95498275756836	18.95498275756836
1878	gpt2	1879	940	10	junk	obj_rel_no_that	unexpected	The farmers the farmers sweeten junks	0.0003920372423138474	0.0003920372423138474	16.455914974212646	16.455914974212646
1879	gpt2	1880	940	10	junk	obj_rel_no_that	expected	The farmers the farmers sweeten junk	1.996779701585183e-06	1.996779701585183e-06	18.93389320373535	18.93389320373535
1880	gpt2	1881	941	10	justify	obj_rel_no_that	unexpected	The farmers the farmers sweeten justifies	1.3148503796855948e-07	1.3148503796855948e-07	22.858598709106445	22.858598709106445
1881	gpt2	1882	941	10	justify	obj_rel_no_that	expected	The farmers the farmers sweeten justify	6.605562248296337e-07	6.605562248296337e-07	20.529815673828125	20.529815673828125
1882	gpt2	1883	942	10	keen	obj_rel_no_that	unexpected	The farmers the farmers sweeten keens	1.3942163832325605e-05	1.3942163832325605e-05	16.518808841705322	16.518808841705322
1883	gpt2	1884	942	10	keen	obj_rel_no_that	expected	The farmers the farmers sweeten keen	5.022755544814572e-07	5.022755544814572e-07	20.925018310546875	20.925018310546875
1884	gpt2	1885	943	10	keep	obj_rel_no_that	unexpected	The farmers the farmers sweeten keeps	6.526890047098277e-06	6.526890047098277e-06	17.22517204284668	17.22517204284668
1885	gpt2	1886	943	10	keep	obj_rel_no_that	expected	The farmers the farmers sweeten keep	2.0217445126036185e-05	2.0217445126036185e-05	15.594039916992188	15.594039916992188
1886	gpt2	1887	944	10	key	obj_rel_no_that	unexpected	The farmers the farmers sweeten keys	1.8559993577582643e-06	1.8559993577582643e-06	19.03937149047852	19.03937149047852
1887	gpt2	1888	944	10	key	obj_rel_no_that	expected	The farmers the farmers sweeten key	1.0377870239608455e-05	1.0377870239608455e-05	16.556129455566406	16.556129455566406
1888	gpt2	1889	945	10	kick	obj_rel_no_that	unexpected	The farmers the farmers sweeten kicks	1.504973283772415e-06	1.504973283772415e-06	19.34183120727539	19.34183120727539
1889	gpt2	1890	945	10	kick	obj_rel_no_that	expected	The farmers the farmers sweeten kick	2.2906294816493755e-06	2.2906294816493755e-06	18.735824584960938	18.735824584960938
1890	gpt2	1891	946	10	kidnap	obj_rel_no_that	unexpected	The farmers the farmers sweeten kidnaps	0.037768628593802554	0.037768628593802554	13.361575484275818	13.361575484275818
1891	gpt2	1892	946	10	kidnap	obj_rel_no_that	expected	The farmers the farmers sweeten kidnap	2.8243758265489305e-07	2.8243758265489305e-07	21.755563735961918	21.755563735961918
1892	gpt2	1893	947	10	kill	obj_rel_no_that	unexpected	The farmers the farmers sweeten kills	4.032774995721411e-06	4.032774995721411e-06	17.919795989990234	17.919795989990234
1893	gpt2	1894	947	10	kill	obj_rel_no_that	expected	The farmers the farmers sweeten kill	5.75903777644271e-06	5.75903777644271e-06	17.40574073791504	17.40574073791504
1894	gpt2	1895	948	10	kiss	obj_rel_no_that	unexpected	The farmers the farmers sweeten kisses	3.234399173379643e-06	3.234399173379643e-06	18.23807144165039	18.23807144165039
1895	gpt2	1896	948	10	kiss	obj_rel_no_that	expected	The farmers the farmers sweeten kiss	4.156125214649364e-06	4.156125214649364e-06	17.87632942199707	17.87632942199707
1896	gpt2	1897	949	10	knock	obj_rel_no_that	unexpected	The farmers the farmers sweeten knocks	1.6533745395008737e-07	1.6533745395008737e-07	22.52808380126953	22.52808380126953
1897	gpt2	1898	949	10	knock	obj_rel_no_that	expected	The farmers the farmers sweeten knock	7.153986416597036e-07	7.153986416597036e-07	20.41474914550781	20.41474914550781
1898	gpt2	1899	950	10	know	obj_rel_no_that	unexpected	The farmers the farmers sweeten knows	7.118247594917193e-06	7.118247594917193e-06	17.100046157836914	17.100046157836914
1899	gpt2	1900	950	10	know	obj_rel_no_that	expected	The farmers the farmers sweeten know	6.971656694076955e-05	6.971656694076955e-05	13.808138847351074	13.808138847351074
1900	gpt2	1901	951	10	kowtow	obj_rel_no_that	unexpected	The farmers the farmers sweeten kowtows	0.21959322523980512	0.21959322523980512	6.066231839358807	6.066231839358807
1901	gpt2	1902	951	10	kowtow	obj_rel_no_that	expected	The farmers the farmers sweeten kowtow	0.25223570150046726	0.25223570150046726	5.808414749801159	5.808414749801159
1902	gpt2	1903	952	10	label	obj_rel_no_that	unexpected	The farmers the farmers sweeten labels	1.917532017614576e-06	1.917532017614576e-06	18.99231719970703	18.99231719970703
1903	gpt2	1904	952	10	label	obj_rel_no_that	expected	The farmers the farmers sweeten label	5.947946419837535e-07	5.947946419837535e-07	20.68110466003418	20.68110466003418
1904	gpt2	1905	953	10	lag	obj_rel_no_that	unexpected	The farmers the farmers sweeten lags	0.0006112068804213598	0.0006112068804213598	12.05750036239624	12.05750036239624
1905	gpt2	1906	953	10	lag	obj_rel_no_that	expected	The farmers the farmers sweeten lag	4.0059563843897205e-07	4.0059563843897205e-07	21.25135040283203	21.25135040283203
1906	gpt2	1907	954	10	land	obj_rel_no_that	unexpected	The farmers the farmers sweeten lands	5.237985533312894e-06	5.237985533312894e-06	17.542556762695312	17.542556762695312
1907	gpt2	1908	954	10	land	obj_rel_no_that	expected	The farmers the farmers sweeten land	0.0002551858196966	0.0002551858196966	11.936163902282717	11.936163902282717
1908	gpt2	1909	955	10	languish	obj_rel_no_that	unexpected	The farmers the farmers sweeten languishes	0.015214909627033488	0.015214909627033488	13.43515658378601	13.43515658378601
1909	gpt2	1910	955	10	languish	obj_rel_no_that	expected	The farmers the farmers sweeten languish	0.05890298617531184	0.05890298617531184	12.45872437953949	12.45872437953949
1910	gpt2	1911	956	10	lash	obj_rel_no_that	unexpected	The farmers the farmers sweeten lashes	1.29144694938077e-07	1.29144694938077e-07	22.88450813293457	22.88450813293457
1911	gpt2	1912	956	10	lash	obj_rel_no_that	expected	The farmers the farmers sweeten lash	7.038323701635818e-08	7.038323701635818e-08	23.76019287109375	23.76019287109375
1912	gpt2	1913	957	10	last	obj_rel_no_that	unexpected	The farmers the farmers sweeten lasts	3.8051683759476873e-07	3.8051683759476873e-07	21.325536727905277	21.325536727905277
1913	gpt2	1914	957	10	last	obj_rel_no_that	expected	The farmers the farmers sweeten last	0.0001930893195094	0.0001930893195094	12.338443756103516	12.338443756103516
1914	gpt2	1915	958	10	laugh	obj_rel_no_that	unexpected	The farmers the farmers sweeten laughs	2.7606549224401533e-07	2.7606549224401533e-07	21.78848648071289	21.78848648071289
1915	gpt2	1916	958	10	laugh	obj_rel_no_that	expected	The farmers the farmers sweeten laugh	5.659657631440496e-07	5.659657631440496e-07	20.75278091430664	20.75278091430664
1916	gpt2	1917	959	10	launch	obj_rel_no_that	unexpected	The farmers the farmers sweeten launches	1.7695811038720421e-07	1.7695811038720421e-07	22.43008804321289	22.43008804321289
1917	gpt2	1918	959	10	launch	obj_rel_no_that	expected	The farmers the farmers sweeten launch	2.8551843911373e-07	2.8551843911373e-07	21.73991203308105	21.73991203308105
1918	gpt2	1919	960	10	launder	obj_rel_no_that	unexpected	The farmers the farmers sweeten launders	0.0123804950844963	0.0123804950844963	14.595586061477661	14.595586061477661
1919	gpt2	1920	960	10	launder	obj_rel_no_that	expected	The farmers the farmers sweeten launder	6.775697329430841e-05	6.775697329430841e-05	13.921682357788086	13.921682357788086
1920	gpt2	1921	961	10	lay	obj_rel_no_that	unexpected	The farmers the farmers sweeten lays	1.960541879952871e-07	1.960541879952871e-07	22.28224372863769	22.28224372863769
1921	gpt2	1922	961	10	lay	obj_rel_no_that	expected	The farmers the farmers sweeten lay	1.4013024838277488e-06	1.4013024838277488e-06	19.444799423217773	19.444799423217773
1922	gpt2	1923	962	10	lead	obj_rel_no_that	unexpected	The farmers the farmers sweeten leads	5.045552825322375e-06	5.045552825322375e-06	17.596555709838867	17.596555709838867
1923	gpt2	1924	962	10	lead	obj_rel_no_that	expected	The farmers the farmers sweeten lead	1.756012898113113e-05	1.756012898113113e-05	15.79733657836914	15.79733657836914
1924	gpt2	1925	963	10	lean	obj_rel_no_that	unexpected	The farmers the farmers sweeten leans	2.089646642389198e-07	2.089646642389198e-07	22.19023704528809	22.19023704528809
1925	gpt2	1926	963	10	lean	obj_rel_no_that	expected	The farmers the farmers sweeten lean	1.7902841591421748e-06	1.7902841591421748e-06	19.09137916564941	19.09137916564941
1926	gpt2	1927	964	10	leapfrog	obj_rel_no_that	unexpected	The farmers the farmers sweeten leapfrogs	0.05064126910237592	0.05064126910237592	9.91645924250285	9.91645924250285
1927	gpt2	1928	964	10	leapfrog	obj_rel_no_that	expected	The farmers the farmers sweeten leapfrog	0.05728203336101953	0.05728203336101953	12.503503084182741	12.503503084182741
1928	gpt2	1929	965	10	leap	obj_rel_no_that	unexpected	The farmers the farmers sweeten leaps	3.976086020429648e-07	3.976086020429648e-07	21.262147903442383	21.262147903442383
1929	gpt2	1930	965	10	leap	obj_rel_no_that	expected	The farmers the farmers sweeten leap	2.5887692345349933e-07	2.5887692345349933e-07	21.88122940063477	21.88122940063477
1930	gpt2	1931	966	10	learn	obj_rel_no_that	unexpected	The farmers the farmers sweeten learns	1.6572769823142153e-07	1.6572769823142153e-07	22.524681091308597	22.524681091308597
1931	gpt2	1932	966	10	learn	obj_rel_no_that	expected	The farmers the farmers sweeten learn	1.6627426475679383e-06	1.6627426475679383e-06	19.1980037689209	19.1980037689209
1932	gpt2	1933	967	10	lease	obj_rel_no_that	unexpected	The farmers the farmers sweeten leases	1.1000207678080187e-06	1.1000207678080187e-06	19.79403686523437	19.79403686523437
1933	gpt2	1934	967	10	lease	obj_rel_no_that	expected	The farmers the farmers sweeten lease	1.5645903204131173e-06	1.5645903204131173e-06	19.285783767700195	19.285783767700195
1934	gpt2	1935	968	10	leave	obj_rel_no_that	unexpected	The farmers the farmers sweeten leaves	4.01664110540878e-05	4.01664110540878e-05	14.60365104675293	14.60365104675293
1935	gpt2	1936	968	10	leave	obj_rel_no_that	expected	The farmers the farmers sweeten leave	8.580940630054101e-06	8.580940630054101e-06	16.830432891845703	16.830432891845703
1936	gpt2	1937	969	10	lecture	obj_rel_no_that	unexpected	The farmers the farmers sweeten lectures	4.863840672442166e-07	4.863840672442166e-07	20.97140121459961	20.97140121459961
1937	gpt2	1938	969	10	lecture	obj_rel_no_that	expected	The farmers the farmers sweeten lecture	9.674271694848359e-08	9.674271694848359e-08	23.301271438598636	23.301271438598636
1938	gpt2	1939	970	10	legislate	obj_rel_no_that	unexpected	The farmers the farmers sweeten legislates	0.014571962338550268	0.014571962338550268	14.045608043670653	14.045608043670653
1939	gpt2	1940	970	10	legislate	obj_rel_no_that	expected	The farmers the farmers sweeten legislate	0.02894130202071207	0.02894130202071207	13.550639152526854	13.550639152526854
1940	gpt2	1941	971	10	legitimize	obj_rel_no_that	unexpected	The farmers the farmers sweeten legitimizes	0.01857757168857428	0.01857757168857428	13.486373424530031	13.486373424530031
1941	gpt2	1942	971	10	legitimize	obj_rel_no_that	expected	The farmers the farmers sweeten legitimize	0.04765353511123038	0.04765353511123038	12.806860327720644	12.806860327720644
1942	gpt2	1943	972	10	lend	obj_rel_no_that	unexpected	The farmers the farmers sweeten lends	9.379089647154616e-07	9.379089647154616e-07	20.0240478515625	20.0240478515625
1943	gpt2	1944	972	10	lend	obj_rel_no_that	expected	The farmers the farmers sweeten lend	6.462820238084532e-06	6.462820238084532e-06	17.239404678344727	17.239404678344727
1944	gpt2	1945	973	10	lengthen	obj_rel_no_that	unexpected	The farmers the farmers sweeten lengthens	0.045085820026322665	0.045085820026322665	12.84078311920166	12.84078311920166
1945	gpt2	1946	973	10	lengthen	obj_rel_no_that	expected	The farmers the farmers sweeten lengthen	0.23375914863459712	0.23375914863459712	11.653643190860748	11.653643190860748
1946	gpt2	1947	974	10	lessen	obj_rel_no_that	unexpected	The farmers the farmers sweeten lessens	7.812627336530902e-05	7.812627336530902e-05	13.812447547912598	13.812447547912598
1947	gpt2	1948	974	10	lessen	obj_rel_no_that	expected	The farmers the farmers sweeten lessen	6.896843842696398e-07	6.896843842696398e-07	20.467559814453125	20.467559814453125
1948	gpt2	1949	975	10	let	obj_rel_no_that	unexpected	The farmers the farmers sweeten lets	8.235130053435569e-07	8.235130053435569e-07	20.21170425415039	20.21170425415039
1949	gpt2	1950	975	10	let	obj_rel_no_that	expected	The farmers the farmers sweeten let	8.868945769791026e-06	8.868945769791026e-06	16.782806396484375	16.782806396484375
1950	gpt2	1951	976	10	level	obj_rel_no_that	unexpected	The farmers the farmers sweeten levels	1.3574948525274522e-06	1.3574948525274522e-06	19.49062156677246	19.49062156677246
1951	gpt2	1952	976	10	level	obj_rel_no_that	expected	The farmers the farmers sweeten level	1.1494219052110566e-06	1.1494219052110566e-06	19.73065948486328	19.73065948486328
1952	gpt2	1953	977	10	levy	obj_rel_no_that	unexpected	The farmers the farmers sweeten levies	0.470953088775758	0.470953088775758	11.161994621157646	11.161994621157646
1953	gpt2	1954	977	10	levy	obj_rel_no_that	expected	The farmers the farmers sweeten levy	1.892121019864135e-07	1.892121019864135e-07	22.33349227905273	22.33349227905273
1954	gpt2	1955	978	10	liberalize	obj_rel_no_that	unexpected	The farmers the farmers sweeten liberalizes	0.0001852016441716613	0.0001852016441716613	15.179837226867672	15.179837226867672
1955	gpt2	1956	978	10	liberalize	obj_rel_no_that	expected	The farmers the farmers sweeten liberalize	0.0012520929024048613	0.0012520929024048613	13.797971725463865	13.797971725463865
1956	gpt2	1957	979	10	license	obj_rel_no_that	unexpected	The farmers the farmers sweeten licenses	9.44205567066092e-07	9.44205567066092e-07	20.01439476013184	20.01439476013184
1957	gpt2	1958	979	10	license	obj_rel_no_that	expected	The farmers the farmers sweeten license	6.289284897320613e-07	6.289284897320613e-07	20.600601196289062	20.600601196289062
1958	gpt2	1959	980	10	lie	obj_rel_no_that	unexpected	The farmers the farmers sweeten lies	2.8652251785388216e-05	2.8652251785388216e-05	15.090991973876951	15.090991973876951
1959	gpt2	1960	980	10	lie	obj_rel_no_that	expected	The farmers the farmers sweeten lie	4.003040885436349e-06	4.003040885436349e-06	17.930471420288086	17.930471420288086
1960	gpt2	1961	981	11	lift	obj_rel_no_that	unexpected	The authors the customers liberalize lifts	3.5377045151108177e-06	3.5377045151108177e-06	18.108755111694336	18.108755111694336
1961	gpt2	1962	981	11	lift	obj_rel_no_that	expected	The authors the customers liberalize lift	3.2430382361781085e-06	3.2430382361781085e-06	18.23422241210937	18.23422241210937
1962	gpt2	1963	982	11	lighten	obj_rel_no_that	unexpected	The authors the customers liberalize lightens	0.0002417640971543411	0.0002417640971543411	12.838322162628174	12.838322162628174
1963	gpt2	1964	982	11	lighten	obj_rel_no_that	expected	The authors the customers liberalize lighten	0.000496997021400591	0.000496997021400591	12.2838773727417	12.2838773727417
1964	gpt2	1965	983	11	light	obj_rel_no_that	unexpected	The authors the customers liberalize lights	3.3876983707159525e-06	3.3876983707159525e-06	18.171262741088867	18.171262741088867
1965	gpt2	1966	983	11	light	obj_rel_no_that	expected	The authors the customers liberalize light	4.225222073728219e-05	4.225222073728219e-05	14.53061294555664	14.53061294555664
1966	gpt2	1967	984	11	like	obj_rel_no_that	unexpected	The authors the customers liberalize likes	3.581536475394387e-06	3.581536475394387e-06	18.09099006652832	18.09099006652832
1967	gpt2	1968	984	11	like	obj_rel_no_that	expected	The authors the customers liberalize like	0.0001404285867465	0.0001404285867465	12.79787540435791	12.79787540435791
1968	gpt2	1969	985	11	limit	obj_rel_no_that	unexpected	The authors the customers liberalize limits	0.0001056901601259	0.0001056901601259	13.207871437072754	13.207871437072754
1969	gpt2	1970	985	11	limit	obj_rel_no_that	expected	The authors the customers liberalize limit	9.763371053850278e-06	9.763371053850278e-06	16.644189834594727	16.644189834594727
1970	gpt2	1971	986	11	line	obj_rel_no_that	unexpected	The authors the customers liberalize lines	3.5591612686403096e-05	3.5591612686403096e-05	14.77810287475586	14.77810287475586
1971	gpt2	1972	986	11	line	obj_rel_no_that	expected	The authors the customers liberalize line	2.585882612038404e-05	2.585882612038404e-05	15.238984107971191	15.238984107971191
1972	gpt2	1973	987	11	linger	obj_rel_no_that	unexpected	The authors the customers liberalize lingers	0.001840525814088751	0.001840525814088751	14.301973819732664	14.301973819732664
1973	gpt2	1974	987	11	linger	obj_rel_no_that	expected	The authors the customers liberalize linger	1.6723176941013662e-06	1.6723176941013662e-06	19.189720153808597	19.189720153808597
1974	gpt2	1975	988	11	link	obj_rel_no_that	unexpected	The authors the customers liberalize links	2.9164057195885107e-05	2.9164057195885107e-05	15.065448760986328	15.065448760986328
1975	gpt2	1976	988	11	link	obj_rel_no_that	expected	The authors the customers liberalize link	1.4318675312097184e-05	1.4318675312097184e-05	16.09174156188965	16.09174156188965
1976	gpt2	1977	989	11	liquefy	obj_rel_no_that	unexpected	The authors the customers liberalize liquefies	0.2739460311631774	0.2739460311631774	8.854919026295343	8.854919026295343
1977	gpt2	1978	989	11	liquefy	obj_rel_no_that	expected	The authors the customers liberalize liquefy	0.27413667553294846	0.27413667553294846	8.747708231210709	8.747708231210709
1978	gpt2	1979	990	11	liquidate	obj_rel_no_that	unexpected	The authors the customers liberalize liquidates	0.0002879384082916488	0.0002879384082916488	12.410921573638916	12.410921573638916
1979	gpt2	1980	990	11	liquidate	obj_rel_no_that	expected	The authors the customers liberalize liquidate	0.0008179574033419988	0.0008179574033419988	11.59954309463501	11.59954309463501
1980	gpt2	1981	991	11	listen	obj_rel_no_that	unexpected	The authors the customers liberalize listens	3.646675281743228e-07	3.646675281743228e-07	21.38691520690918	21.38691520690918
1981	gpt2	1982	991	11	listen	obj_rel_no_that	expected	The authors the customers liberalize listen	1.4881505876473966e-06	1.4881505876473966e-06	19.35804748535156	19.35804748535156
1982	gpt2	1983	992	11	list	obj_rel_no_that	unexpected	The authors the customers liberalize lists	0.0001008871913654	0.0001008871913654	13.274969100952148	13.274969100952148
1983	gpt2	1984	992	11	list	obj_rel_no_that	expected	The authors the customers liberalize list	0.0001265882019652	0.0001265882019652	12.947568893432615	12.947568893432615
1984	gpt2	1985	993	11	live	obj_rel_no_that	unexpected	The authors the customers liberalize lives	3.940744500141591e-05	3.940744500141591e-05	14.63117218017578	14.63117218017578
1985	gpt2	1986	993	11	live	obj_rel_no_that	expected	The authors the customers liberalize live	3.531355832819827e-05	3.531355832819827e-05	14.78941822052002	14.78941822052002
1986	gpt2	1987	994	11	load	obj_rel_no_that	unexpected	The authors the customers liberalize loads	1.048328158503864e-05	1.048328158503864e-05	16.541549682617188	16.541549682617188
1987	gpt2	1988	994	11	load	obj_rel_no_that	expected	The authors the customers liberalize load	3.337558882776648e-05	3.337558882776648e-05	14.87084674835205	14.87084674835205
1988	gpt2	1989	995	11	loan	obj_rel_no_that	unexpected	The authors the customers liberalize loans	0.0002993196831084	0.0002993196831084	11.706025123596191	11.706025123596191
1989	gpt2	1990	995	11	loan	obj_rel_no_that	expected	The authors the customers liberalize loan	0.0001925841352203	0.0001925841352203	12.342223167419434	12.342223167419434
1990	gpt2	1991	996	11	lobby	obj_rel_no_that	unexpected	The authors the customers liberalize lobbies	0.49792469206045104	0.49792469206045104	9.320350545225665	9.320350545225665
1991	gpt2	1992	996	11	lobby	obj_rel_no_that	expected	The authors the customers liberalize lobby	6.729845154040959e-06	6.729845154040959e-06	17.18099594116211	17.18099594116211
1992	gpt2	1993	997	11	locate	obj_rel_no_that	unexpected	The authors the customers liberalize locates	0.006307431354230128	0.006307431354230128	12.84677505493164	12.84677505493164
1993	gpt2	1994	997	11	locate	obj_rel_no_that	expected	The authors the customers liberalize locate	3.028671358151769e-07	3.028671358151769e-07	21.65481185913086	21.65481185913086
1994	gpt2	1995	998	11	lock	obj_rel_no_that	unexpected	The authors the customers liberalize locks	1.7186179320560768e-05	1.7186179320560768e-05	15.828392028808594	15.828392028808594
1995	gpt2	1996	998	11	lock	obj_rel_no_that	expected	The authors the customers liberalize lock	2.3559643523185517e-05	2.3559643523185517e-05	15.37332248687744	15.37332248687744
1996	gpt2	1997	999	11	lodge	obj_rel_no_that	unexpected	The authors the customers liberalize lodges	0.2275507192673558	0.2275507192673558	10.186798632144928	10.186798632144928
1997	gpt2	1998	999	11	lodge	obj_rel_no_that	expected	The authors the customers liberalize lodge	5.639297455672931e-07	5.639297455672931e-07	20.757980346679688	20.757980346679688
1998	gpt2	1999	1000	11	log	obj_rel_no_that	unexpected	The authors the customers liberalize logs	7.412578725052299e-06	7.412578725052299e-06	17.041593551635742	17.041593551635742
1999	gpt2	2000	1000	11	log	obj_rel_no_that	expected	The authors the customers liberalize log	2.007628245337401e-05	2.007628245337401e-05	15.604147911071776	15.604147911071776
2000	gpt2	2001	1001	11	look	obj_rel_no_that	unexpected	The authors the customers liberalize looks	4.491636445891345e-06	4.491636445891345e-06	17.764328002929688	17.764328002929688
2001	gpt2	2002	1001	11	look	obj_rel_no_that	expected	The authors the customers liberalize look	1.355168569716625e-05	1.355168569716625e-05	16.171167373657227	16.171167373657227
2002	gpt2	2003	1002	11	loom	obj_rel_no_that	unexpected	The authors the customers liberalize looms	1.091244357098731e-07	1.091244357098731e-07	23.127521514892575	23.127521514892575
2003	gpt2	2004	1002	11	loom	obj_rel_no_that	expected	The authors the customers liberalize loom	0.011383799091845465	0.011383799091845465	11.36996841430664	11.36996841430664
2004	gpt2	2005	1003	11	loosen	obj_rel_no_that	unexpected	The authors the customers liberalize loosens	0.008945376542214929	0.008945376542214929	12.339101076126099	12.339101076126099
2005	gpt2	2006	1003	11	loosen	obj_rel_no_that	expected	The authors the customers liberalize loosen	1.380388567895352e-07	1.380388567895352e-07	22.78842163085937	22.78842163085937
2006	gpt2	2007	1004	11	loose	obj_rel_no_that	unexpected	The authors the customers liberalize looses	0.0017701017911804153	0.0017701017911804153	12.713587760925293	12.713587760925293
2007	gpt2	2008	1004	11	loose	obj_rel_no_that	expected	The authors the customers liberalize loose	1.4378884770849254e-05	1.4378884770849254e-05	16.085689544677734	16.085689544677734
2008	gpt2	2009	1005	11	loot	obj_rel_no_that	unexpected	The authors the customers liberalize loots	0.0002322822147107005	0.0002322822147107005	12.496418476104736	12.496418476104736
2009	gpt2	2010	1005	11	loot	obj_rel_no_that	expected	The authors the customers liberalize loot	5.33419461135054e-06	5.33419461135054e-06	17.516298294067383	17.516298294067383
2010	gpt2	2011	1006	11	lose	obj_rel_no_that	unexpected	The authors the customers liberalize loses	4.989055923942942e-07	4.989055923942942e-07	20.93473052978516	20.93473052978516
2011	gpt2	2012	1006	11	lose	obj_rel_no_that	expected	The authors the customers liberalize lose	1.2474060895328876e-06	1.2474060895328876e-06	19.61263656616211	19.61263656616211
2012	gpt2	2013	1007	11	love	obj_rel_no_that	unexpected	The authors the customers liberalize loves	2.3335293519721745e-07	2.3335293519721745e-07	22.030982971191406	22.030982971191406
2013	gpt2	2014	1007	11	love	obj_rel_no_that	expected	The authors the customers liberalize love	1.782382241799496e-05	1.782382241799496e-05	15.775834083557127	15.775834083557127
2014	gpt2	2015	1008	11	lower	obj_rel_no_that	unexpected	The authors the customers liberalize lowers	1.5853613604122074e-06	1.5853613604122074e-06	19.266756057739254	19.266756057739254
2015	gpt2	2016	1008	11	lower	obj_rel_no_that	expected	The authors the customers liberalize lower	9.020041034091264e-05	9.020041034091264e-05	13.436506271362305	13.436506271362305
2016	gpt2	2017	1009	11	lunch	obj_rel_no_that	unexpected	The authors the customers liberalize lunches	0.38398137314584346	0.38398137314584346	9.22656588256359	9.22656588256359
2017	gpt2	2018	1009	11	lunch	obj_rel_no_that	expected	The authors the customers liberalize lunch	2.1114215996931307e-05	2.1114215996931307e-05	15.53142547607422	15.53142547607422
2018	gpt2	2019	1010	11	lure	obj_rel_no_that	unexpected	The authors the customers liberalize lures	0.0023333479657594506	0.0023333479657594506	10.712878704071045	10.712878704071045
2019	gpt2	2020	1010	11	lure	obj_rel_no_that	expected	The authors the customers liberalize lure	1.108259866100525e-07	1.108259866100525e-07	23.105199813842773	23.105199813842773
2020	gpt2	2021	1011	11	mail	obj_rel_no_that	unexpected	The authors the customers liberalize mails	0.018250954999530215	0.018250954999530215	9.323583126068115	9.323583126068115
2021	gpt2	2022	1011	11	mail	obj_rel_no_that	expected	The authors the customers liberalize mail	0.0002065527223749	0.0002065527223749	12.241202354431152	12.241202354431152
2022	gpt2	2023	1012	11	maintain	obj_rel_no_that	unexpected	The authors the customers liberalize maintains	5.601263524113165e-07	5.601263524113165e-07	20.76774406433105	20.76774406433105
2023	gpt2	2024	1012	11	maintain	obj_rel_no_that	expected	The authors the customers liberalize maintain	3.38348809236777e-06	3.38348809236777e-06	18.173057556152344	18.173057556152344
2024	gpt2	2025	1013	11	make	obj_rel_no_that	unexpected	The authors the customers liberalize makes	1.264361162611749e-05	1.264361162611749e-05	16.27123260498047	16.27123260498047
2025	gpt2	2026	1013	11	make	obj_rel_no_that	expected	The authors the customers liberalize make	4.5634682464879006e-05	4.5634682464879006e-05	14.419509887695312	14.419509887695312
2026	gpt2	2027	1014	11	manage	obj_rel_no_that	unexpected	The authors the customers liberalize manages	6.205096951816813e-07	6.205096951816813e-07	20.62004280090332	20.62004280090332
2027	gpt2	2028	1014	11	manage	obj_rel_no_that	expected	The authors the customers liberalize manage	6.564926479768474e-06	6.564926479768474e-06	17.21678924560547	17.21678924560547
2028	gpt2	2029	1015	11	mandate	obj_rel_no_that	unexpected	The authors the customers liberalize mandates	2.0159011910436675e-05	2.0159011910436675e-05	15.598215103149414	15.598215103149414
2029	gpt2	2030	1015	11	mandate	obj_rel_no_that	expected	The authors the customers liberalize mandate	3.77464016310114e-06	3.77464016310114e-06	18.015230178833008	18.015230178833008
2030	gpt2	2031	1016	11	maneuver	obj_rel_no_that	unexpected	The authors the customers liberalize maneuvers	6.971682751100161e-07	6.971682751100161e-07	20.45199012756348	20.45199012756348
2031	gpt2	2032	1016	11	maneuver	obj_rel_no_that	expected	The authors the customers liberalize maneuver	2.780082922981819e-06	2.780082922981819e-06	18.456439971923828	18.456439971923828
2032	gpt2	2033	1017	11	manipulate	obj_rel_no_that	unexpected	The authors the customers liberalize manipulates	0.005070231925571966	0.005070231925571966	12.86490511894226	12.86490511894226
2033	gpt2	2034	1017	11	manipulate	obj_rel_no_that	expected	The authors the customers liberalize manipulate	6.417423037419212e-07	6.417423037419212e-07	20.571502685546875	20.571502685546875
2034	gpt2	2035	1018	11	manufacture	obj_rel_no_that	unexpected	The authors the customers liberalize manufactures	4.268002612661803e-06	4.268002612661803e-06	17.8380069732666	17.8380069732666
2035	gpt2	2036	1018	11	manufacture	obj_rel_no_that	expected	The authors the customers liberalize manufacture	1.1156501386722084e-05	1.1156501386722084e-05	16.45175552368164	16.45175552368164
2036	gpt2	2037	1019	11	man	obj_rel_no_that	unexpected	The authors the customers liberalize mans	5.431830913948943e-07	5.431830913948943e-07	20.812057495117188	20.812057495117188
2037	gpt2	2038	1019	11	man	obj_rel_no_that	expected	The authors the customers liberalize man	2.0459136067074724e-05	2.0459136067074724e-05	15.576894760131836	15.576894760131836
2038	gpt2	2039	1020	11	march	obj_rel_no_that	unexpected	The authors the customers liberalize marches	3.5304361745147617e-07	3.5304361745147617e-07	21.433650970458984	21.433650970458984
2039	gpt2	2040	1020	11	march	obj_rel_no_that	expected	The authors the customers liberalize march	1.092315301320923e-06	1.092315301320923e-06	19.80417823791504	19.80417823791504
2040	gpt2	2041	1021	11	market	obj_rel_no_that	unexpected	The authors the customers liberalize markets	0.0003347058955114	0.0003347058955114	11.544817924499512	11.544817924499512
2041	gpt2	2042	1021	11	market	obj_rel_no_that	expected	The authors the customers liberalize market	0.0011627963976934	0.0011627963976934	9.748186111450195	9.748186111450195
2042	gpt2	2043	1022	11	mark	obj_rel_no_that	unexpected	The authors the customers liberalize marks	7.0073347160359845e-06	7.0073347160359845e-06	17.122703552246094	17.122703552246094
2043	gpt2	2044	1022	11	mark	obj_rel_no_that	expected	The authors the customers liberalize mark	5.444259386422345e-06	5.444259386422345e-06	17.486833572387695	17.486833572387695
2044	gpt2	2045	1023	11	marry	obj_rel_no_that	unexpected	The authors the customers liberalize marries	0.006116774467045583	0.006116774467045583	11.832291603088379	11.832291603088379
2045	gpt2	2046	1023	11	marry	obj_rel_no_that	expected	The authors the customers liberalize marry	4.5400923909255653e-07	4.5400923909255653e-07	21.07077407836914	21.07077407836914
2046	gpt2	2047	1024	11	marvel	obj_rel_no_that	unexpected	The authors the customers liberalize marvels	0.03527321675189654	0.03527321675189654	13.061775207519531	13.061775207519531
2047	gpt2	2048	1024	11	marvel	obj_rel_no_that	expected	The authors the customers liberalize marvel	1.938893063879732e-07	1.938893063879732e-07	22.298263549804688	22.298263549804688
2048	gpt2	2049	1025	11	massage	obj_rel_no_that	unexpected	The authors the customers liberalize massages	0.0028099343180656	0.0028099343180656	9.566815853118896	9.566815853118896
2049	gpt2	2050	1025	11	massage	obj_rel_no_that	expected	The authors the customers liberalize massage	1.96606542886002e-05	1.96606542886002e-05	15.634328842163086	15.634328842163086
2050	gpt2	2051	1026	11	master	obj_rel_no_that	unexpected	The authors the customers liberalize masters	1.2521736607595813e-06	1.2521736607595813e-06	19.607133865356445	19.607133865356445
2051	gpt2	2052	1026	11	master	obj_rel_no_that	expected	The authors the customers liberalize master	7.716688742220867e-06	7.716688742220867e-06	16.98358726501465	16.98358726501465
2052	gpt2	2053	1027	11	match	obj_rel_no_that	unexpected	The authors the customers liberalize matches	1.6371164747397415e-05	1.6371164747397415e-05	15.898483276367188	15.898483276367188
2053	gpt2	2054	1027	11	match	obj_rel_no_that	expected	The authors the customers liberalize match	3.666234260890633e-05	3.666234260890633e-05	14.73534107208252	14.73534107208252
2054	gpt2	2055	1028	11	materialize	obj_rel_no_that	unexpected	The authors the customers liberalize materializes	4.305353695599479e-05	4.305353695599479e-05	15.304399013519287	15.304399013519287
2055	gpt2	2056	1028	11	materialize	obj_rel_no_that	expected	The authors the customers liberalize materialize	6.155677328933962e-05	6.155677328933962e-05	14.043224334716797	14.043224334716797
2056	gpt2	2057	1029	11	matter	obj_rel_no_that	unexpected	The authors the customers liberalize matters	0.0001820667093852	0.0001820667093852	12.423245429992676	12.423245429992676
2057	gpt2	2058	1029	11	matter	obj_rel_no_that	expected	The authors the customers liberalize matter	1.1683174307108857e-05	1.1683174307108857e-05	16.385208129882812	16.385208129882812
2058	gpt2	2059	1030	11	mature	obj_rel_no_that	unexpected	The authors the customers liberalize matures	0.0019733406023760623	0.0019733406023760623	13.460842609405518	13.460842609405518
2059	gpt2	2060	1030	11	mature	obj_rel_no_that	expected	The authors the customers liberalize mature	3.284847934992285e-06	3.284847934992285e-06	18.21574211120605	18.21574211120605
2060	gpt2	2061	1031	11	maul	obj_rel_no_that	unexpected	The authors the customers liberalize mauls	0.023561252120998678	0.023561252120998678	9.780966202418009	9.780966202418009
2061	gpt2	2062	1031	11	maul	obj_rel_no_that	expected	The authors the customers liberalize maul	0.00018965894560096704	0.00018965894560096704	12.75632905960083	12.75632905960083
2062	gpt2	2063	1032	11	maximize	obj_rel_no_that	unexpected	The authors the customers liberalize maximizes	0.008099588070990631	0.008099588070990631	12.268606901168823	12.268606901168823
2063	gpt2	2064	1032	11	maximize	obj_rel_no_that	expected	The authors the customers liberalize maximize	7.508110684284475e-07	7.508110684284475e-07	20.345046997070312	20.345046997070312
2064	gpt2	2065	1033	11	mean	obj_rel_no_that	unexpected	The authors the customers liberalize means	0.0001726945338305	0.0001726945338305	12.499489784240724	12.499489784240724
2065	gpt2	2066	1033	11	mean	obj_rel_no_that	expected	The authors the customers liberalize mean	3.232800372643396e-05	3.232800372643396e-05	14.916855812072754	14.916855812072754
2066	gpt2	2067	1034	11	measure	obj_rel_no_that	unexpected	The authors the customers liberalize measures	4.0375220123678446e-05	4.0375220123678446e-05	14.59617042541504	14.59617042541504
2067	gpt2	2068	1034	11	measure	obj_rel_no_that	expected	The authors the customers liberalize measure	7.2318125603487715e-06	7.2318125603487715e-06	17.077211380004883	17.077211380004883
2068	gpt2	2069	1035	11	mediate	obj_rel_no_that	unexpected	The authors the customers liberalize mediates	0.007570910826643692	0.007570910826643692	11.773216962814331	11.773216962814331
2069	gpt2	2070	1035	11	mediate	obj_rel_no_that	expected	The authors the customers liberalize mediate	0.003196824076439917	0.003196824076439917	11.48138976097107	11.48138976097107
2070	gpt2	2071	1036	11	meet	obj_rel_no_that	unexpected	The authors the customers liberalize meets	8.779879863141105e-07	8.779879863141105e-07	20.119295120239254	20.119295120239254
2071	gpt2	2072	1036	11	meet	obj_rel_no_that	expected	The authors the customers liberalize meet	3.987301170127466e-06	3.987301170127466e-06	17.936155319213867	17.936155319213867
2072	gpt2	2073	1037	11	meld	obj_rel_no_that	unexpected	The authors the customers liberalize melds	0.007169835642950266	0.007169835642950266	10.150662263234457	10.150662263234457
2073	gpt2	2074	1037	11	meld	obj_rel_no_that	expected	The authors the customers liberalize meld	0.00018939804431279998	0.00018939804431279998	12.44373607635498	12.44373607635498
2074	gpt2	2075	1038	11	melt	obj_rel_no_that	unexpected	The authors the customers liberalize melts	1.253649912769106e-07	1.253649912769106e-07	22.9273624420166	22.9273624420166
2075	gpt2	2076	1038	11	melt	obj_rel_no_that	expected	The authors the customers liberalize melt	1.2288635389268163e-06	1.2288635389268163e-06	19.63424301147461	19.63424301147461
2076	gpt2	2077	1039	11	mention	obj_rel_no_that	unexpected	The authors the customers liberalize mentions	1.9255097868153825e-05	1.9255097868153825e-05	15.664400100708008	15.664400100708008
2077	gpt2	2078	1039	11	mention	obj_rel_no_that	expected	The authors the customers liberalize mention	2.3278593289433047e-05	2.3278593289433047e-05	15.390636444091797	15.390636444091797
2078	gpt2	2079	1040	11	merge	obj_rel_no_that	unexpected	The authors the customers liberalize merges	0.002144239761037157	0.002144239761037157	10.95037293434143	10.95037293434143
2079	gpt2	2080	1040	11	merge	obj_rel_no_that	expected	The authors the customers liberalize merge	2.5739827833604068e-06	2.5739827833604068e-06	18.56756591796875	18.56756591796875
2080	gpt2	2081	1041	11	merit	obj_rel_no_that	unexpected	The authors the customers liberalize merits	4.471989996090997e-07	4.471989996090997e-07	21.092578887939453	21.092578887939453
2081	gpt2	2082	1041	11	merit	obj_rel_no_that	expected	The authors the customers liberalize merit	8.396156772505492e-06	8.396156772505492e-06	16.861839294433594	16.861839294433594
2082	gpt2	2083	1042	11	mesh	obj_rel_no_that	unexpected	The authors the customers liberalize meshes	8.083962370619702e-07	8.083962370619702e-07	20.238433837890625	20.238433837890625
2083	gpt2	2084	1042	11	mesh	obj_rel_no_that	expected	The authors the customers liberalize mesh	2.4100581867969595e-06	2.4100581867969595e-06	18.662500381469727	18.662500381469727
2084	gpt2	2085	1043	11	migrate	obj_rel_no_that	unexpected	The authors the customers liberalize migrates	0.00030166313729291253	0.00030166313729291253	14.63609504699707	14.63609504699707
2085	gpt2	2086	1043	11	migrate	obj_rel_no_that	expected	The authors the customers liberalize migrate	1.9323069011534247e-07	1.9323069011534247e-07	22.303173065185547	22.303173065185547
2086	gpt2	2087	1044	11	militate	obj_rel_no_that	unexpected	The authors the customers liberalize militates	0.00025702199752681735	0.00025702199752681735	15.288302898406982	15.288302898406982
2087	gpt2	2088	1044	11	militate	obj_rel_no_that	expected	The authors the customers liberalize militate	0.0005123088075151673	0.0005123088075151673	14.789888858795166	14.789888858795166
2088	gpt2	2089	1045	11	milk	obj_rel_no_that	unexpected	The authors the customers liberalize milks	0.005943133952086986	0.005943133952086986	11.840110778808594	11.840110778808594
2089	gpt2	2090	1045	11	milk	obj_rel_no_that	expected	The authors the customers liberalize milk	0.0001602949778316	0.0001602949778316	12.606983184814451	12.606983184814451
2090	gpt2	2091	1046	11	mimic	obj_rel_no_that	unexpected	The authors the customers liberalize mimics	0.11322520863711813	0.11322520863711813	10.666049718856812	10.666049718856812
2091	gpt2	2092	1046	11	mimic	obj_rel_no_that	expected	The authors the customers liberalize mimic	2.3609641175426082e-07	2.3609641175426082e-07	22.01412010192871	22.01412010192871
2092	gpt2	2093	1047	11	mince	obj_rel_no_that	unexpected	The authors the customers liberalize minces	0.00012995596807740723	0.00012995596807740723	13.724411487579346	13.724411487579346
2093	gpt2	2094	1047	11	mince	obj_rel_no_that	expected	The authors the customers liberalize mince	0.00039880640542831703	0.00039880640542831703	12.143476486206055	12.143476486206055
2094	gpt2	2095	1048	11	mind	obj_rel_no_that	unexpected	The authors the customers liberalize minds	1.050089304044377e-05	1.050089304044377e-05	16.53912925720215	16.53912925720215
2095	gpt2	2096	1048	11	mind	obj_rel_no_that	expected	The authors the customers liberalize mind	2.726510319916997e-05	2.726510319916997e-05	15.162585258483888	15.162585258483888
2096	gpt2	2097	1049	11	minimize	obj_rel_no_that	unexpected	The authors the customers liberalize minimizes	0.005788293665887022	0.005788293665887022	12.253771781921387	12.253771781921387
2097	gpt2	2098	1049	11	minimize	obj_rel_no_that	expected	The authors the customers liberalize minimize	6.982169225011603e-07	6.982169225011603e-07	20.44982147216797	20.44982147216797
2098	gpt2	2099	1050	11	mirror	obj_rel_no_that	unexpected	The authors the customers liberalize mirrors	2.0664798284997232e-05	2.0664798284997232e-05	15.562464714050291	15.562464714050291
2099	gpt2	2100	1050	11	mirror	obj_rel_no_that	expected	The authors the customers liberalize mirror	2.2542943042935804e-05	2.2542943042935804e-05	15.436964988708496	15.436964988708496
2100	gpt2	2101	1051	11	misinterpret	obj_rel_no_that	unexpected	The authors the customers liberalize misinterprets	0.2691112030929616	0.2691112030929616	6.707286570221186	6.707286570221186
2101	gpt2	2102	1051	11	misinterpret	obj_rel_no_that	expected	The authors the customers liberalize misinterpret	2.384333583904663e-07	2.384333583904663e-07	21.999910354614254	21.999910354614254
2102	gpt2	2103	1052	11	misrepresent	obj_rel_no_that	unexpected	The authors the customers liberalize misrepresents	0.2881468969153502	0.2881468969153502	7.987226620316505	7.987226620316505
2103	gpt2	2104	1052	11	misrepresent	obj_rel_no_that	expected	The authors the customers liberalize misrepresent	5.8181112763122655e-06	5.8181112763122655e-06	17.39101791381836	17.39101791381836
2104	gpt2	2105	1053	11	miss	obj_rel_no_that	unexpected	The authors the customers liberalize misses	5.900651558476966e-07	5.900651558476966e-07	20.69262313842773	20.69262313842773
2105	gpt2	2106	1053	11	miss	obj_rel_no_that	expected	The authors the customers liberalize miss	2.198622723881272e-06	2.198622723881272e-06	18.794967651367188	18.794967651367188
2106	gpt2	2107	1054	11	mistreat	obj_rel_no_that	unexpected	The authors the customers liberalize mistreats	0.044193254679763976	0.044193254679763976	9.543809254964193	9.543809254964193
2107	gpt2	2108	1054	11	mistreat	obj_rel_no_that	expected	The authors the customers liberalize mistreat	0.005155163661129302	0.005155163661129302	12.799781799316406	12.799781799316406
2108	gpt2	2109	1055	11	mitigate	obj_rel_no_that	unexpected	The authors the customers liberalize mitigates	0.18893855475797258	0.18893855475797258	7.230025569597881	7.230025569597881
2109	gpt2	2110	1055	11	mitigate	obj_rel_no_that	expected	The authors the customers liberalize mitigate	1.4887574195654454e-07	1.4887574195654454e-07	22.67938804626465	22.67938804626465
2110	gpt2	2111	1056	11	mix	obj_rel_no_that	unexpected	The authors the customers liberalize mixes	4.894819994660793e-06	4.894819994660793e-06	17.64031219482422	17.64031219482422
2111	gpt2	2112	1056	11	mix	obj_rel_no_that	expected	The authors the customers liberalize mix	3.092464976361953e-05	3.092464976361953e-05	14.98088264465332	14.98088264465332
2112	gpt2	2113	1057	11	moan	obj_rel_no_that	unexpected	The authors the customers liberalize moans	0.0031146323660777423	0.0031146323660777423	12.225667715072632	12.225667715072632
2113	gpt2	2114	1057	11	moan	obj_rel_no_that	expected	The authors the customers liberalize moan	8.550063057555236e-08	8.550063057555236e-08	23.479490280151367	23.479490280151367
2114	gpt2	2115	1058	11	mobilize	obj_rel_no_that	unexpected	The authors the customers liberalize mobilizes	0.004832110457527927	0.004832110457527927	12.957980394363402	12.957980394363402
2115	gpt2	2116	1058	11	mobilize	obj_rel_no_that	expected	The authors the customers liberalize mobilize	8.44922638520984e-08	8.44922638520984e-08	23.496604919433597	23.496604919433597
2116	gpt2	2117	1059	11	model	obj_rel_no_that	unexpected	The authors the customers liberalize models	4.057006299262866e-05	4.057006299262866e-05	14.589224815368652	14.589224815368652
2117	gpt2	2118	1059	11	model	obj_rel_no_that	expected	The authors the customers liberalize model	3.5602748539531603e-05	3.5602748539531603e-05	14.7776517868042	14.7776517868042
2118	gpt2	2119	1060	11	moderate	obj_rel_no_that	unexpected	The authors the customers liberalize moderates	7.065766567393439e-07	7.065766567393439e-07	20.43264961242676	20.43264961242676
2119	gpt2	2120	1060	11	moderate	obj_rel_no_that	expected	The authors the customers liberalize moderate	1.1293264833511785e-05	1.1293264833511785e-05	16.43417739868164	16.43417739868164
2120	gpt2	2121	1061	11	modernize	obj_rel_no_that	unexpected	The authors the customers liberalize modernizes	8.435552263103743e-05	8.435552263103743e-05	13.727882385253906	13.727882385253906
2121	gpt2	2122	1061	11	modernize	obj_rel_no_that	expected	The authors the customers liberalize modernize	0.0007032182529655874	0.0007032182529655874	12.006651878356934	12.006651878356934
2122	gpt2	2123	1062	11	modify	obj_rel_no_that	unexpected	The authors the customers liberalize modifies	0.0012646777686313546	0.0012646777686313546	11.542754650115967	11.542754650115967
2123	gpt2	2124	1062	11	modify	obj_rel_no_that	expected	The authors the customers liberalize modify	1.437959099348518e-06	1.437959099348518e-06	19.40754508972168	19.40754508972168
2124	gpt2	2125	1063	11	mollify	obj_rel_no_that	unexpected	The authors the customers liberalize mollifies	0.0012959806044818447	0.0012959806044818447	11.003023147583008	11.003023147583008
2125	gpt2	2126	1063	11	mollify	obj_rel_no_that	expected	The authors the customers liberalize mollify	0.004417076760243278	0.004417076760243278	9.591242790222168	9.591242790222168
2126	gpt2	2127	1064	11	monitor	obj_rel_no_that	unexpected	The authors the customers liberalize monitors	4.09327140005189e-06	4.09327140005189e-06	17.898313522338867	17.898313522338867
2127	gpt2	2128	1064	11	monitor	obj_rel_no_that	expected	The authors the customers liberalize monitor	4.948741661792155e-06	4.948741661792155e-06	17.6245059967041	17.6245059967041
2128	gpt2	2129	1065	11	monopolize	obj_rel_no_that	unexpected	The authors the customers liberalize monopolizes	0.0003535994910635	0.0003535994910635	11.904298782348633	11.904298782348633
2129	gpt2	2130	1065	11	monopolize	obj_rel_no_that	expected	The authors the customers liberalize monopolize	0.00058814091607925	0.00058814091607925	11.483519077301025	11.483519077301025
2130	gpt2	2131	1066	11	mop	obj_rel_no_that	unexpected	The authors the customers liberalize mops	0.00045056652015771704	0.00045056652015771704	12.047909259796143	12.047909259796143
2131	gpt2	2132	1066	11	mop	obj_rel_no_that	expected	The authors the customers liberalize mop	0.005100208531075617	0.005100208531075617	10.246675729751587	10.246675729751587
2132	gpt2	2133	1067	11	mortgage	obj_rel_no_that	unexpected	The authors the customers liberalize mortgages	9.367988241137935e-05	9.367988241137935e-05	13.381900787353516	13.381900787353516
2133	gpt2	2134	1067	11	mortgage	obj_rel_no_that	expected	The authors the customers liberalize mortgage	0.0002142244338756	0.0002142244338756	12.188589096069336	12.188589096069336
2134	gpt2	2135	1068	11	motivate	obj_rel_no_that	unexpected	The authors the customers liberalize motivates	0.11896096564728964	0.11896096564728964	11.138126015663147	11.138126015663147
2135	gpt2	2136	1068	11	motivate	obj_rel_no_that	expected	The authors the customers liberalize motivate	1.814625107954271e-07	1.814625107954271e-07	22.39382553100586	22.39382553100586
2136	gpt2	2137	1069	11	mount	obj_rel_no_that	unexpected	The authors the customers liberalize mounts	3.067015370561421e-07	3.067015370561421e-07	21.636661529541016	21.636661529541016
2137	gpt2	2138	1069	11	mount	obj_rel_no_that	expected	The authors the customers liberalize mount	9.450172342440056e-07	9.450172342440056e-07	20.01315689086914	20.01315689086914
2138	gpt2	2139	1070	11	move	obj_rel_no_that	unexpected	The authors the customers liberalize moves	8.552680810680613e-06	8.552680810680613e-06	16.83519172668457	16.83519172668457
2139	gpt2	2140	1070	11	move	obj_rel_no_that	expected	The authors the customers liberalize move	7.931086656753905e-06	7.931086656753905e-06	16.944049835205078	16.944049835205078
2140	gpt2	2141	1071	11	mow	obj_rel_no_that	unexpected	The authors the customers liberalize mows	7.691094651818275e-05	7.691094651818275e-05	13.678893566131592	13.678893566131592
2141	gpt2	2142	1071	11	mow	obj_rel_no_that	expected	The authors the customers liberalize mow	0.00024281965306726703	0.00024281965306726703	12.545068264007568	12.545068264007568
2142	gpt2	2143	1072	11	mull	obj_rel_no_that	unexpected	The authors the customers liberalize mulls	0.0058781731688383925	0.0058781731688383925	13.615585565567017	13.615585565567017
2143	gpt2	2144	1072	11	mull	obj_rel_no_that	expected	The authors the customers liberalize mull	5.399437554842734e-07	5.399437554842734e-07	20.820688247680664	20.820688247680664
2144	gpt2	2145	1073	11	multiply	obj_rel_no_that	unexpected	The authors the customers liberalize multiplies	0.0028519099750496596	0.0028519099750496596	13.529299259185791	13.529299259185791
2145	gpt2	2146	1073	11	multiply	obj_rel_no_that	expected	The authors the customers liberalize multiply	1.8064751827751024e-07	1.8064751827751024e-07	22.400320053100582	22.400320053100582
2146	gpt2	2147	1074	11	muse	obj_rel_no_that	unexpected	The authors the customers liberalize muses	0.0035674288536710844	0.0035674288536710844	13.194823503494263	13.194823503494263
2147	gpt2	2148	1074	11	muse	obj_rel_no_that	expected	The authors the customers liberalize muse	8.371394244477416e-08	8.371394244477416e-08	23.50995635986328	23.50995635986328
2148	gpt2	2149	1075	11	muster	obj_rel_no_that	unexpected	The authors the customers liberalize musters	0.0035475564181978937	0.0035475564181978937	11.031677961349487	11.031677961349487
2149	gpt2	2150	1075	11	muster	obj_rel_no_that	expected	The authors the customers liberalize muster	5.838941206093295e-07	5.838941206093295e-07	20.70779037475586	20.70779037475586
2150	gpt2	2151	1076	11	mute	obj_rel_no_that	unexpected	The authors the customers liberalize mutes	0.0005767080801888171	0.0005767080801888171	11.857325077056885	11.857325077056885
2151	gpt2	2152	1076	11	mute	obj_rel_no_that	expected	The authors the customers liberalize mute	1.5332291525282926e-07	1.5332291525282926e-07	22.63692283630371	22.63692283630371
2152	gpt2	2153	1077	11	nail	obj_rel_no_that	unexpected	The authors the customers liberalize nails	9.217957881446636e-07	9.217957881446636e-07	20.049049377441406	20.049049377441406
2153	gpt2	2154	1077	11	nail	obj_rel_no_that	expected	The authors the customers liberalize nail	2.2288204490905628e-06	2.2288204490905628e-06	18.775287628173828	18.775287628173828
2154	gpt2	2155	1078	11	name	obj_rel_no_that	unexpected	The authors the customers liberalize names	0.0001046702382154	0.0001046702382154	13.221860885620115	13.221860885620115
2155	gpt2	2156	1078	11	name	obj_rel_no_that	expected	The authors the customers liberalize name	7.860520418034866e-05	7.860520418034866e-05	13.635015487670898	13.635015487670898
2156	gpt2	2157	1079	12	narrow	obj_rel_no_that	unexpected	The teacher the pilot limits narrow	1.1525942227308406e-06	1.1525942227308406e-06	19.7266845703125	19.7266845703125
2157	gpt2	2158	1079	12	narrow	obj_rel_no_that	expected	The teacher the pilot limits narrows	0.16090625039703352	0.16090625039703352	10.681198716163635	10.681198716163635
2158	gpt2	2159	1080	12	navigate	obj_rel_no_that	unexpected	The teacher the pilot limits navigate	3.291723373877176e-07	3.291723373877176e-07	21.534652709960938	21.534652709960938
2159	gpt2	2160	1080	12	navigate	obj_rel_no_that	expected	The teacher the pilot limits navigates	0.00029350218221677293	0.00029350218221677293	14.378959655761719	14.378959655761719
2160	gpt2	2161	1081	12	naysay	obj_rel_no_that	unexpected	The teacher the pilot limits naysay	0.0033552346673483154	0.0033552346673483154	9.978840668996176	9.978840668996176
2161	gpt2	2162	1081	12	naysay	obj_rel_no_that	expected	The teacher the pilot limits naysays	0.001999847726741149	0.001999847726741149	11.083690325419107	11.083690325419107
2162	gpt2	2163	1082	12	need	obj_rel_no_that	unexpected	The teacher the pilot limits need	4.9518836021889e-05	4.9518836021889e-05	14.301663398742676	14.301663398742676
2163	gpt2	2164	1082	12	need	obj_rel_no_that	expected	The teacher the pilot limits needs	5.262613194645383e-05	5.262613194645383e-05	14.213861465454102	14.213861465454102
2164	gpt2	2165	1083	12	negotiate	obj_rel_no_that	unexpected	The teacher the pilot limits negotiate	1.746927864587633e-07	1.746927864587633e-07	22.44867706298828	22.44867706298828
2165	gpt2	2166	1083	12	negotiate	obj_rel_no_that	expected	The teacher the pilot limits negotiates	0.49861774161755085	0.49861774161755085	11.465052657993512	11.465052657993512
2166	gpt2	2167	1084	12	net	obj_rel_no_that	unexpected	The teacher the pilot limits net	1.0049314369098283e-05	1.0049314369098283e-05	16.602542877197266	16.602542877197266
2167	gpt2	2168	1084	12	net	obj_rel_no_that	expected	The teacher the pilot limits nets	9.973349506253726e-07	9.973349506253726e-07	19.9354190826416	19.9354190826416
2168	gpt2	2169	1085	12	network	obj_rel_no_that	unexpected	The teacher the pilot limits network	1.6716240907044266e-06	1.6716240907044266e-06	19.190317153930664	19.190317153930664
2169	gpt2	2170	1085	12	network	obj_rel_no_that	expected	The teacher the pilot limits networks	4.6948946419433923e-07	4.6948946419433923e-07	21.022403717041016	21.022403717041016
2170	gpt2	2171	1086	12	nominate	obj_rel_no_that	unexpected	The teacher the pilot limits nominate	1.0490246893368749e-08	1.0490246893368749e-08	26.50637626647949	26.50637626647949
2171	gpt2	2172	1086	12	nominate	obj_rel_no_that	expected	The teacher the pilot limits nominates	0.005891105818704964	0.005891105818704964	13.691893815994264	13.691893815994264
2172	gpt2	2173	1087	12	normalize	obj_rel_no_that	unexpected	The teacher the pilot limits normalize	0.0002033344153460109	0.0002033344153460109	12.837203979492188	12.837203979492188
2173	gpt2	2174	1087	12	normalize	obj_rel_no_that	expected	The teacher the pilot limits normalizes	7.475783240806777e-05	7.475783240806777e-05	13.772712230682375	13.772712230682375
2174	gpt2	2175	1088	12	notch	obj_rel_no_that	unexpected	The teacher the pilot limits notch	4.186429691799276e-08	4.186429691799276e-08	24.50970458984375	24.50970458984375
2175	gpt2	2176	1088	12	notch	obj_rel_no_that	expected	The teacher the pilot limits notches	0.0002485561949469953	0.0002485561949469953	13.749622344970703	13.749622344970703
2176	gpt2	2177	1089	12	note	obj_rel_no_that	unexpected	The teacher the pilot limits note	3.083880073972978e-05	3.083880073972978e-05	14.984893798828123	14.984893798828123
2177	gpt2	2178	1089	12	note	obj_rel_no_that	expected	The teacher the pilot limits notes	0.0001382964110234	0.0001382964110234	12.819948196411133	12.819948196411133
2178	gpt2	2179	1090	12	notice	obj_rel_no_that	unexpected	The teacher the pilot limits notice	2.203714393544942e-05	2.203714393544942e-05	15.46970272064209	15.46970272064209
2179	gpt2	2180	1090	12	notice	obj_rel_no_that	expected	The teacher the pilot limits notices	3.0062301448197104e-06	3.0062301448197104e-06	18.34361267089844	18.34361267089844
2180	gpt2	2181	1091	12	notify	obj_rel_no_that	unexpected	The teacher the pilot limits notify	8.459014111394937e-08	8.459014111394937e-08	23.494935989379883	23.494935989379883
2181	gpt2	2182	1091	12	notify	obj_rel_no_that	expected	The teacher the pilot limits notifies	0.00062281181453725	0.00062281181453725	10.684446334838867	10.684446334838867
2182	gpt2	2183	1092	12	nudge	obj_rel_no_that	unexpected	The teacher the pilot limits nudge	0.009478099353145773	0.009478099353145773	10.183317422866821	10.183317422866821
2183	gpt2	2184	1092	12	nudge	obj_rel_no_that	expected	The teacher the pilot limits nudges	0.21053095720151305	0.21053095720151305	10.097670853137968	10.097670853137968
2184	gpt2	2185	1093	12	nullify	obj_rel_no_that	unexpected	The teacher the pilot limits nullify	0.0032888727353679276	0.0032888727353679276	13.601719617843626	13.601719617843626
2185	gpt2	2186	1093	12	nullify	obj_rel_no_that	expected	The teacher the pilot limits nullifies	0.008238392146097328	0.008238392146097328	12.939270019531248	12.939270019531248
2186	gpt2	2187	1094	12	nurture	obj_rel_no_that	unexpected	The teacher the pilot limits nurture	2.61439851101386e-07	2.61439851101386e-07	21.86701774597168	21.86701774597168
2187	gpt2	2188	1094	12	nurture	obj_rel_no_that	expected	The teacher the pilot limits nurtures	0.39027090163430955	0.39027090163430955	10.95818826556206	10.95818826556206
2188	gpt2	2189	1095	12	obfuscate	obj_rel_no_that	unexpected	The teacher the pilot limits obfuscate	0.008470797669133365	0.008470797669133365	14.008074998855593	14.008074998855593
2189	gpt2	2190	1095	12	obfuscate	obj_rel_no_that	expected	The teacher the pilot limits obfuscates	0.052412775102993664	0.052412775102993664	12.693392753601076	12.693392753601076
2190	gpt2	2191	1096	12	object	obj_rel_no_that	unexpected	The teacher the pilot limits object	1.5694540707045235e-05	1.5694540707045235e-05	15.95937728881836	15.95937728881836
2191	gpt2	2192	1096	12	object	obj_rel_no_that	expected	The teacher the pilot limits objects	2.429853702778928e-05	2.429853702778928e-05	15.328770637512209	15.328770637512209
2192	gpt2	2193	1097	12	obscure	obj_rel_no_that	unexpected	The teacher the pilot limits obscure	1.798768352045954e-07	1.798768352045954e-07	22.40648651123047	22.40648651123047
2193	gpt2	2194	1097	12	obscure	obj_rel_no_that	expected	The teacher the pilot limits obscures	0.14776766399529606	0.14776766399529606	10.600985646247864	10.600985646247864
2194	gpt2	2195	1098	12	observe	obj_rel_no_that	unexpected	The teacher the pilot limits observe	1.0259130931444815e-06	1.0259130931444815e-06	19.8946590423584	19.8946590423584
2195	gpt2	2196	1098	12	observe	obj_rel_no_that	expected	The teacher the pilot limits observes	1.7435266954635154e-06	1.7435266954635154e-06	19.12956047058105	19.12956047058105
2196	gpt2	2197	1099	12	obtain	obj_rel_no_that	unexpected	The teacher the pilot limits obtain	9.635502919991268e-07	9.635502919991268e-07	19.98513603210449	19.98513603210449
2197	gpt2	2198	1099	12	obtain	obj_rel_no_that	expected	The teacher the pilot limits obtains	0.3522330972184591	0.3522330972184591	9.91623932123184	9.91623932123184
2198	gpt2	2199	1100	12	obviate	obj_rel_no_that	unexpected	The teacher the pilot limits obviate	0.008439248912357726	0.008439248912357726	10.700520992279053	10.700520992279053
2199	gpt2	2200	1100	12	obviate	obj_rel_no_that	expected	The teacher the pilot limits obviates	0.21967531106156454	0.21967531106156454	8.943342745304106	8.943342745304106
2200	gpt2	2201	1101	12	occasion	obj_rel_no_that	unexpected	The teacher the pilot limits occasion	2.876156770525995e-07	2.876156770525995e-07	21.72935485839844	21.72935485839844
2201	gpt2	2202	1101	12	occasion	obj_rel_no_that	expected	The teacher the pilot limits occasions	7.785050684105954e-07	7.785050684105954e-07	20.29278945922852	20.29278945922852
2202	gpt2	2203	1102	12	occupy	obj_rel_no_that	unexpected	The teacher the pilot limits occupy	2.03493087269635e-07	2.03493087269635e-07	22.228517532348636	22.228517532348636
2203	gpt2	2204	1102	12	occupy	obj_rel_no_that	expected	The teacher the pilot limits occupies	6.658449933638622e-07	6.658449933638622e-07	20.518310546875	20.518310546875
2204	gpt2	2205	1103	12	occur	obj_rel_no_that	unexpected	The teacher the pilot limits occur	1.673525389378483e-06	1.673525389378483e-06	19.18867874145508	19.18867874145508
2205	gpt2	2206	1103	12	occur	obj_rel_no_that	expected	The teacher the pilot limits occurs	7.620773430971894e-06	7.620773430971894e-06	17.001630783081055	17.001630783081055
2206	gpt2	2207	1104	12	offend	obj_rel_no_that	unexpected	The teacher the pilot limits offend	7.014160274820824e-08	7.014160274820824e-08	23.76515388488769	23.76515388488769
2207	gpt2	2208	1104	12	offend	obj_rel_no_that	expected	The teacher the pilot limits offends	0.00052719654922835	0.00052719654922835	10.934601783752441	10.934601783752441
2208	gpt2	2209	1105	12	offer	obj_rel_no_that	unexpected	The teacher the pilot limits offer	1.985474773391616e-05	1.985474773391616e-05	15.620156288146973	15.620156288146973
2209	gpt2	2210	1105	12	offer	obj_rel_no_that	expected	The teacher the pilot limits offers	4.875929880654439e-05	4.875929880654439e-05	14.323963165283203	14.323963165283203
2210	gpt2	2211	1106	12	offset	obj_rel_no_that	unexpected	The teacher the pilot limits offset	9.875900559563888e-07	9.875900559563888e-07	19.9495849609375	19.9495849609375
2211	gpt2	2212	1106	12	offset	obj_rel_no_that	expected	The teacher the pilot limits offsets	1.1330763527439559e-07	1.1330763527439559e-07	23.073251724243164	23.073251724243164
2212	gpt2	2213	1107	12	omit	obj_rel_no_that	unexpected	The teacher the pilot limits omit	1.051617530833937e-07	1.051617530833937e-07	23.18088722229004	23.18088722229004
2213	gpt2	2214	1107	12	omit	obj_rel_no_that	expected	The teacher the pilot limits omits	0.002005171769269509	0.002005171769269509	12.173084020614624	12.173084020614624
2214	gpt2	2215	1108	12	ooze	obj_rel_no_that	unexpected	The teacher the pilot limits ooze	0.2502379451834713	0.2502379451834713	7.792272885640462	7.792272885640462
2215	gpt2	2216	1108	12	ooze	obj_rel_no_that	expected	The teacher the pilot limits oozes	0.1207577122685528	0.1207577122685528	12.64435350894928	12.64435350894928
2216	gpt2	2217	1109	12	open	obj_rel_no_that	unexpected	The teacher the pilot limits open	0.0001052063526003	0.0001052063526003	13.21449089050293	13.21449089050293
2217	gpt2	2218	1109	12	open	obj_rel_no_that	expected	The teacher the pilot limits opens	6.677556029899279e-06	6.677556029899279e-06	17.192249298095703	17.192249298095703
2218	gpt2	2219	1110	12	operate	obj_rel_no_that	unexpected	The teacher the pilot limits operate	4.0154977796191815e-06	4.0154977796191815e-06	17.925989151000977	17.925989151000977
2219	gpt2	2220	1110	12	operate	obj_rel_no_that	expected	The teacher the pilot limits operates	6.302293058979558e-06	6.302293058979558e-06	17.275691986083984	17.275691986083984
2220	gpt2	2221	1111	12	oppose	obj_rel_no_that	unexpected	The teacher the pilot limits oppose	1.1593094484396717e-07	1.1593094484396717e-07	23.040231704711918	23.040231704711918
2221	gpt2	2222	1111	12	oppose	obj_rel_no_that	expected	The teacher the pilot limits opposes	2.119677304790457e-07	2.119677304790457e-07	22.16965103149414	22.16965103149414
2222	gpt2	2223	1112	12	opt	obj_rel_no_that	unexpected	The teacher the pilot limits opt	2.2218191588763148e-06	2.2218191588763148e-06	18.77982711791992	18.77982711791992
2223	gpt2	2224	1112	12	opt	obj_rel_no_that	expected	The teacher the pilot limits opts	0.09250936734497368	0.09250936734497368	10.607050657272337	10.607050657272337
2224	gpt2	2225	1113	12	order	obj_rel_no_that	unexpected	The teacher the pilot limits order	5.848114597029053e-05	5.848114597029053e-05	14.061668395996094	14.061668395996094
2225	gpt2	2226	1113	12	order	obj_rel_no_that	expected	The teacher the pilot limits orders	6.20536957285367e-05	6.20536957285367e-05	13.976122856140137	13.976122856140137
2226	gpt2	2227	1114	12	organize	obj_rel_no_that	unexpected	The teacher the pilot limits organize	4.023102206929252e-08	4.023102206929252e-08	24.567115783691406	24.567115783691406
2227	gpt2	2228	1114	12	organize	obj_rel_no_that	expected	The teacher the pilot limits organizes	0.007232927747395437	0.007232927747395437	12.42113447189331	12.42113447189331
2228	gpt2	2229	1115	12	originate	obj_rel_no_that	unexpected	The teacher the pilot limits originate	5.182859297292453e-08	5.182859297292453e-08	24.20167732238769	24.20167732238769
2229	gpt2	2230	1115	12	originate	obj_rel_no_that	expected	The teacher the pilot limits originates	0.003310658127077198	0.003310658127077198	14.107936143875122	14.107936143875122
2230	gpt2	2231	1116	12	oust	obj_rel_no_that	unexpected	The teacher the pilot limits oust	2.6288908827609706e-08	2.6288908827609706e-08	25.180971145629883	25.180971145629883
2231	gpt2	2232	1116	12	oust	obj_rel_no_that	expected	The teacher the pilot limits ousts	0.3697325718717188	0.3697325718717188	12.808208599686623	12.808208599686623
2232	gpt2	2233	1117	12	outfit	obj_rel_no_that	unexpected	The teacher the pilot limits outfit	4.6388169039346405e-07	4.6388169039346405e-07	21.03973960876465	21.03973960876465
2233	gpt2	2234	1117	12	outfit	obj_rel_no_that	expected	The teacher the pilot limits outfits	5.057526664131728e-07	5.057526664131728e-07	20.915063858032227	20.915063858032227
2234	gpt2	2235	1118	12	outflank	obj_rel_no_that	unexpected	The teacher the pilot limits outflank	0.05254810236025753	0.05254810236025753	8.505939563115438	8.505939563115438
2235	gpt2	2236	1118	12	outflank	obj_rel_no_that	expected	The teacher the pilot limits outflanks	0.019497278403529567	0.019497278403529567	8.987461725870768	8.987461725870768
2236	gpt2	2237	1119	12	outfly	obj_rel_no_that	unexpected	The teacher the pilot limits outfly	0.00036176047672140246	0.00036176047672140246	14.722816944122314	14.722816944122314
2237	gpt2	2238	1119	12	outfly	obj_rel_no_that	expected	The teacher the pilot limits outflies	0.00036090153676579664	0.00036090153676579664	16.431554317474365	16.431554317474365
2238	gpt2	2239	1120	12	outlast	obj_rel_no_that	unexpected	The teacher the pilot limits outlast	0.0003852320533041811	0.0003852320533041811	12.379042625427246	12.379042625427246
2239	gpt2	2240	1120	12	outlast	obj_rel_no_that	expected	The teacher the pilot limits outlasts	0.0002087993557893068	0.0002087993557893068	16.15184736251831	16.15184736251831
2240	gpt2	2241	1121	12	outline	obj_rel_no_that	unexpected	The teacher the pilot limits outline	9.06436412151379e-07	9.06436412151379e-07	20.07328987121582	20.07328987121582
2241	gpt2	2242	1121	12	outline	obj_rel_no_that	expected	The teacher the pilot limits outlines	1.160642000286316e-06	1.160642000286316e-06	19.716646194458008	19.716646194458008
2242	gpt2	2243	1122	12	outpace	obj_rel_no_that	unexpected	The teacher the pilot limits outpace	0.0004295783146517	0.0004295783146517	11.632208824157715	11.632208824157715
2243	gpt2	2244	1122	12	outpace	obj_rel_no_that	expected	The teacher the pilot limits outpaces	0.18879254123890732	0.18879254123890732	12.711923599243162	12.711923599243162
2244	gpt2	2245	1123	12	outperform	obj_rel_no_that	unexpected	The teacher the pilot limits outperform	0.029443060310526875	0.029443060310526875	12.667927265167238	12.667927265167238
2245	gpt2	2246	1123	12	outperform	obj_rel_no_that	expected	The teacher the pilot limits outperforms	0.21979574047212222	0.21979574047212222	11.217841029167177	11.217841029167177
2246	gpt2	2247	1124	12	outsell	obj_rel_no_that	unexpected	The teacher the pilot limits outsell	0.00036977153104087026	0.00036977153104087026	13.10237169265747	13.10237169265747
2247	gpt2	2248	1124	12	outsell	obj_rel_no_that	expected	The teacher the pilot limits outsells	0.299818008615451	0.299818008615451	8.786269550522169	8.786269550522169
2248	gpt2	2249	1125	12	outshine	obj_rel_no_that	unexpected	The teacher the pilot limits outshine	0.0003954573658120089	0.0003954573658120089	12.126737117767334	12.126737117767334
2249	gpt2	2250	1125	12	outshine	obj_rel_no_that	expected	The teacher the pilot limits outshines	0.20438898932964847	0.20438898932964847	7.115415811538696	7.115415811538696
2250	gpt2	2251	1126	12	out-smart	obj_rel_no_that	unexpected	The teacher the pilot limits out-smart	0.01224161949357945	0.01224161949357945	7.915842294692993	7.915842294692993
2251	gpt2	2252	1126	12	out-smart	obj_rel_no_that	expected	The teacher the pilot limits out-smarts	0.01224161949357945	0.01224161949357945	7.915842294692993	7.915842294692993
2252	gpt2	2253	1127	12	outstrip	obj_rel_no_that	unexpected	The teacher the pilot limits outstrip	0.000365275821422957	0.000365275821422957	13.6050124168396	13.6050124168396
2253	gpt2	2254	1127	12	outstrip	obj_rel_no_that	expected	The teacher the pilot limits outstrips	0.285364427632885	0.285364427632885	7.333789050579071	7.333789050579071
2254	gpt2	2255	1128	12	out-trade	obj_rel_no_that	unexpected	The teacher the pilot limits out-trade	0.01224161949357945	0.01224161949357945	7.915842294692993	7.915842294692993
2255	gpt2	2256	1128	12	out-trade	obj_rel_no_that	expected	The teacher the pilot limits out-trades	0.01224161949357945	0.01224161949357945	7.915842294692993	7.915842294692993
2256	gpt2	2257	1129	12	outweigh	obj_rel_no_that	unexpected	The teacher the pilot limits outweigh	2.1747835887708789e-07	2.1747835887708789e-07	22.132625579833984	22.132625579833984
2257	gpt2	2258	1129	12	outweigh	obj_rel_no_that	expected	The teacher the pilot limits outweighs	0.28185125138406164	0.28185125138406164	11.479810148477554	11.479810148477554
2258	gpt2	2259	1130	12	overbid	obj_rel_no_that	unexpected	The teacher the pilot limits overbid	0.00023268843324327038	0.00023268843324327038	13.24261999130249	13.24261999130249
2259	gpt2	2260	1130	12	overbid	obj_rel_no_that	expected	The teacher the pilot limits overbids	0.0005662411955805667	0.0005662411955805667	10.91708501180013	10.91708501180013
2260	gpt2	2261	1131	12	overcome	obj_rel_no_that	unexpected	The teacher the pilot limits overcome	4.404325295581657e-07	4.404325295581657e-07	21.11457633972168	21.11457633972168
2261	gpt2	2262	1131	12	overcome	obj_rel_no_that	expected	The teacher the pilot limits overcomes	0.00181475441786455	0.00181475441786455	9.719562530517578	9.719562530517578
2262	gpt2	2263	1132	12	overemphasize	obj_rel_no_that	unexpected	The teacher the pilot limits overemphasize	0.30025828735118765	0.30025828735118765	7.092853471636772	7.092853471636772
2263	gpt2	2264	1132	12	overemphasize	obj_rel_no_that	expected	The teacher the pilot limits overemphasizes	0.3682312966618504	0.3682312966618504	6.432590052485466	6.432590052485466
2264	gpt2	2265	1133	12	overhaul	obj_rel_no_that	unexpected	The teacher the pilot limits overhaul	1.622301795123349e-07	1.622301795123349e-07	22.55545425415039	22.55545425415039
2265	gpt2	2266	1133	12	overhaul	obj_rel_no_that	expected	The teacher the pilot limits overhauls	0.06788855706962235	0.06788855706962235	12.718071818351746	12.718071818351746
2266	gpt2	2267	1134	12	overlook	obj_rel_no_that	unexpected	The teacher the pilot limits overlook	9.31716996888099e-08	9.31716996888099e-08	23.35553359985352	23.35553359985352
2267	gpt2	2268	1134	12	overlook	obj_rel_no_that	expected	The teacher the pilot limits overlooks	0.4342635739791909	0.4342635739791909	11.779445439577104	11.779445439577104
2268	gpt2	2269	1135	12	overpower	obj_rel_no_that	unexpected	The teacher the pilot limits overpower	6.761889181916558e-08	6.761889181916558e-08	23.8179988861084	23.8179988861084
2269	gpt2	2270	1135	12	overpower	obj_rel_no_that	expected	The teacher the pilot limits overpowers	0.0003494966949801	0.0003494966949801	11.53394889831543	11.53394889831543
2270	gpt2	2271	1136	12	overpurchase	obj_rel_no_that	unexpected	The teacher the pilot limits overpurchase	0.0016255726125867	0.0016255726125867	10.086580276489258	10.086580276489258
2271	gpt2	2272	1136	12	overpurchase	obj_rel_no_that	expected	The teacher the pilot limits overpurchases	0.018381615991529498	0.018381615991529498	9.251502335071564	9.251502335071564
2272	gpt2	2273	1137	12	overreact	obj_rel_no_that	unexpected	The teacher the pilot limits overreact	0.00024639141884104474	0.00024639141884104474	12.695159435272217	12.695159435272217
2273	gpt2	2274	1137	12	overreact	obj_rel_no_that	expected	The teacher the pilot limits overreacts	0.010239034522479967	0.010239034522479967	8.71021302541097	8.71021302541097
2274	gpt2	2275	1138	12	override	obj_rel_no_that	unexpected	The teacher the pilot limits override	1.210611571877962e-06	1.210611571877962e-06	19.65583229064941	19.65583229064941
2275	gpt2	2276	1138	12	override	obj_rel_no_that	expected	The teacher the pilot limits overrides	0.47133238396963856	0.47133238396963856	9.469198476523161	9.469198476523161
2276	gpt2	2277	1139	12	overrule	obj_rel_no_that	unexpected	The teacher the pilot limits overrule	0.0005750023701693	0.0005750023701693	10.804269313812256	10.804269313812256
2277	gpt2	2278	1139	12	overrule	obj_rel_no_that	expected	The teacher the pilot limits overrules	0.007538908788774234	0.007538908788774234	12.452420473098755	12.452420473098755
2278	gpt2	2279	1140	12	oversee	obj_rel_no_that	unexpected	The teacher the pilot limits oversee	5.864550871592655e-07	5.864550871592655e-07	20.701475143432617	20.701475143432617
2279	gpt2	2280	1140	12	oversee	obj_rel_no_that	expected	The teacher the pilot limits oversees	3.724084535861039e-06	3.724084535861039e-06	18.034683227539062	18.034683227539062
2280	gpt2	2281	1141	12	overstate	obj_rel_no_that	unexpected	The teacher the pilot limits overstate	0.00036752049345515	0.00036752049345515	11.439520835876465	11.439520835876465
2281	gpt2	2282	1141	12	overstate	obj_rel_no_that	expected	The teacher the pilot limits overstates	0.00029826763784505	0.00029826763784505	11.899460315704346	11.899460315704346
2282	gpt2	2283	1142	12	overthrow	obj_rel_no_that	unexpected	The teacher the pilot limits overthrow	9.796919187010644e-08	9.796919187010644e-08	23.28309631347656	23.28309631347656
2283	gpt2	2284	1142	12	overthrow	obj_rel_no_that	expected	The teacher the pilot limits overthrows	0.11447001212190598	0.11447001212190598	12.567898869514465	12.567898869514465
2284	gpt2	2285	1143	12	overturn	obj_rel_no_that	unexpected	The teacher the pilot limits overturn	8.722236657376925e-07	8.722236657376925e-07	20.12879943847656	20.12879943847656
2285	gpt2	2286	1143	12	overturn	obj_rel_no_that	expected	The teacher the pilot limits overturns	0.2747319231475842	0.2747319231475842	10.49635264277458	10.49635264277458
2286	gpt2	2287	1144	12	overwhelm	obj_rel_no_that	unexpected	The teacher the pilot limits overwhelm	2.6677444253664362e-08	2.6677444253664362e-08	25.15980339050293	25.15980339050293
2287	gpt2	2288	1144	12	overwhelm	obj_rel_no_that	expected	The teacher the pilot limits overwhelms	0.49952966644200814	0.49952966644200814	11.854516892810352	11.854516892810352
2288	gpt2	2289	1145	12	owe	obj_rel_no_that	unexpected	The teacher the pilot limits owe	1.1858966075806165e-07	1.1858966075806165e-07	23.007518768310547	23.007518768310547
2289	gpt2	2290	1145	12	owe	obj_rel_no_that	expected	The teacher the pilot limits owes	1.345515897810401e-06	1.345515897810401e-06	19.50340843200684	19.50340843200684
2290	gpt2	2291	1146	12	own	obj_rel_no_that	unexpected	The teacher the pilot limits own	0.0004215600783936	0.0004215600783936	11.211974143981934	11.211974143981934
2291	gpt2	2292	1146	12	own	obj_rel_no_that	expected	The teacher the pilot limits owns	2.63356832874706e-06	2.63356832874706e-06	18.53454971313477	18.53454971313477
2292	gpt2	2293	1147	12	pace	obj_rel_no_that	unexpected	The teacher the pilot limits pace	4.370536316855578e-06	4.370536316855578e-06	17.80375862121582	17.80375862121582
2293	gpt2	2294	1147	12	pace	obj_rel_no_that	expected	The teacher the pilot limits paces	0.01874267272069114	0.01874267272069114	9.507276773452759	9.507276773452759
2294	gpt2	2295	1148	12	package	obj_rel_no_that	unexpected	The teacher the pilot limits package	1.9701656128745526e-06	1.9701656128745526e-06	18.95325088500977	18.95325088500977
2295	gpt2	2296	1148	12	package	obj_rel_no_that	expected	The teacher the pilot limits packages	2.8370059226290323e-06	2.8370059226290323e-06	18.42720031738281	18.42720031738281
2296	gpt2	2297	1149	12	pack	obj_rel_no_that	unexpected	The teacher the pilot limits pack	8.24658854980953e-07	8.24658854980953e-07	20.209699630737305	20.209699630737305
2297	gpt2	2298	1149	12	pack	obj_rel_no_that	expected	The teacher the pilot limits packs	3.651341842214606e-07	3.651341842214606e-07	21.385068893432617	21.385068893432617
2298	gpt2	2299	1150	12	paint	obj_rel_no_that	unexpected	The teacher the pilot limits paint	7.430733603541739e-06	7.430733603541739e-06	17.038063049316406	17.038063049316406
2299	gpt2	2300	1150	12	paint	obj_rel_no_that	expected	The teacher the pilot limits paints	4.233581421431154e-06	4.233581421431154e-06	17.849689483642578	17.849689483642578
2300	gpt2	2301	1151	12	pair	obj_rel_no_that	unexpected	The teacher the pilot limits pair	9.297319252254964e-07	9.297319252254964e-07	20.03668212890625	20.03668212890625
2301	gpt2	2302	1151	12	pair	obj_rel_no_that	expected	The teacher the pilot limits pairs	1.03056515854405e-06	1.03056515854405e-06	19.888132095336918	19.888132095336918
2302	gpt2	2303	1152	12	pale	obj_rel_no_that	unexpected	The teacher the pilot limits pale	7.21286085081374e-07	7.21286085081374e-07	20.402925491333008	20.402925491333008
2303	gpt2	2304	1152	12	pale	obj_rel_no_that	expected	The teacher the pilot limits pales	0.00045446457806974124	0.00045446457806974124	12.230496883392334	12.230496883392334
2304	gpt2	2305	1153	12	palm	obj_rel_no_that	unexpected	The teacher the pilot limits palm	1.828315930652025e-06	1.828315930652025e-06	19.06105232238769	19.06105232238769
2305	gpt2	2306	1153	12	palm	obj_rel_no_that	expected	The teacher the pilot limits palms	1.1179559322727073e-07	1.1179559322727073e-07	23.092634201049805	23.092634201049805
2306	gpt2	2307	1154	12	panic	obj_rel_no_that	unexpected	The teacher the pilot limits panic	4.406193056638585e-06	4.406193056638585e-06	17.792036056518555	17.792036056518555
2307	gpt2	2308	1154	12	panic	obj_rel_no_that	expected	The teacher the pilot limits panics	0.0224181276932995	0.0224181276932995	11.549231290817263	11.549231290817263
2308	gpt2	2309	1155	12	pan	obj_rel_no_that	unexpected	The teacher the pilot limits pan	2.483502157701878e-06	2.483502157701878e-06	18.61919212341309	18.61919212341309
2309	gpt2	2310	1155	12	pan	obj_rel_no_that	expected	The teacher the pilot limits pans	2.696956471481826e-07	2.696956471481826e-07	21.82216453552246	21.82216453552246
2310	gpt2	2311	1156	12	parachute	obj_rel_no_that	unexpected	The teacher the pilot limits parachute	3.4123577279387973e-06	3.4123577279387973e-06	18.160799026489254	18.160799026489254
2311	gpt2	2312	1156	12	parachute	obj_rel_no_that	expected	The teacher the pilot limits parachutes	0.44628382736868843	0.44628382736868843	9.255195878446102	9.255195878446102
2312	gpt2	2313	1157	12	parallel	obj_rel_no_that	unexpected	The teacher the pilot limits parallel	3.0010510272404645e-06	3.0010510272404645e-06	18.346099853515625	18.346099853515625
2313	gpt2	2314	1157	12	parallel	obj_rel_no_that	expected	The teacher the pilot limits parallels	1.5003673752289617e-06	1.5003673752289617e-06	19.34625244140625	19.34625244140625
2314	gpt2	2315	1158	12	parcel	obj_rel_no_that	unexpected	The teacher the pilot limits parcel	6.263083918156553e-08	6.263083918156553e-08	23.928550720214844	23.928550720214844
2315	gpt2	2316	1158	12	parcel	obj_rel_no_that	expected	The teacher the pilot limits parcels	2.3282055394702186e-07	2.3282055394702186e-07	22.034278869628903	22.034278869628903
2316	gpt2	2317	1159	12	park	obj_rel_no_that	unexpected	The teacher the pilot limits park	3.454214947851142e-06	3.454214947851142e-06	18.143211364746094	18.143211364746094
2317	gpt2	2318	1159	12	park	obj_rel_no_that	expected	The teacher the pilot limits parks	3.787449998071679e-07	3.787449998071679e-07	21.3322696685791	21.3322696685791
2318	gpt2	2319	1160	12	parry	obj_rel_no_that	unexpected	The teacher the pilot limits parry	0.001587853417731782	0.001587853417731782	12.32536792755127	12.32536792755127
2319	gpt2	2320	1160	12	parry	obj_rel_no_that	expected	The teacher the pilot limits parries	0.0009016235126182321	0.0009016235126182321	12.735693454742432	12.735693454742432
2320	gpt2	2321	1161	12	partake	obj_rel_no_that	unexpected	The teacher the pilot limits partake	8.657764283270809e-08	8.657764283270809e-08	23.461429595947266	23.461429595947266
2321	gpt2	2322	1161	12	partake	obj_rel_no_that	expected	The teacher the pilot limits partakes	8.156029252854412e-05	8.156029252854412e-05	13.742764472961426	13.742764472961426
2322	gpt2	2323	1162	12	participate	obj_rel_no_that	unexpected	The teacher the pilot limits participate	2.693760052352445e-06	2.693760052352445e-06	18.5019474029541	18.5019474029541
2323	gpt2	2324	1162	12	participate	obj_rel_no_that	expected	The teacher the pilot limits participates	1.5765036778248032e-06	1.5765036778248032e-06	19.27483940124512	19.27483940124512
2324	gpt2	2325	1163	12	part	obj_rel_no_that	unexpected	The teacher the pilot limits part	0.0001180378603748	0.0001180378603748	13.048462867736816	13.048462867736816
2325	gpt2	2326	1163	12	part	obj_rel_no_that	expected	The teacher the pilot limits parts	2.722594581427984e-05	2.722594581427984e-05	15.164658546447754	15.164658546447754
2326	gpt2	2327	1164	12	pass	obj_rel_no_that	unexpected	The teacher the pilot limits pass	5.547261025640182e-06	5.547261025640182e-06	17.459793090820312	17.459793090820312
2327	gpt2	2328	1164	12	pass	obj_rel_no_that	expected	The teacher the pilot limits passes	6.927209597051842e-06	6.927209597051842e-06	17.139293670654297	17.139293670654297
2328	gpt2	2329	1165	12	patronize	obj_rel_no_that	unexpected	The teacher the pilot limits patronize	0.017827103594896695	0.017827103594896695	12.886181116104126	12.886181116104126
2329	gpt2	2330	1165	12	patronize	obj_rel_no_that	expected	The teacher the pilot limits patronizes	0.0021469914173905947	0.0021469914173905947	14.413095474243164	14.413095474243164
2330	gpt2	2331	1166	12	pave	obj_rel_no_that	unexpected	The teacher the pilot limits pave	4.459526437017303e-08	4.459526437017303e-08	24.418533325195312	24.418533325195312
2331	gpt2	2332	1166	12	pave	obj_rel_no_that	expected	The teacher the pilot limits paves	0.0012325064453761912	0.0012325064453761912	11.484549045562744	11.484549045562744
2332	gpt2	2333	1167	12	pay	obj_rel_no_that	unexpected	The teacher the pilot limits pay	4.602862463798374e-05	4.602862463798374e-05	14.407109260559082	14.407109260559082
2333	gpt2	2334	1167	12	pay	obj_rel_no_that	expected	The teacher the pilot limits pays	1.620601551621803e-06	1.620601551621803e-06	19.23503875732422	19.23503875732422
2334	gpt2	2335	1168	12	peak	obj_rel_no_that	unexpected	The teacher the pilot limits peak	4.8664319365343545e-06	4.8664319365343545e-06	17.648704528808594	17.648704528808594
2335	gpt2	2336	1168	12	peak	obj_rel_no_that	expected	The teacher the pilot limits peaks	6.425537435461592e-07	6.425537435461592e-07	20.569679260253903	20.569679260253903
2336	gpt2	2337	1169	12	pedal	obj_rel_no_that	unexpected	The teacher the pilot limits pedal	2.624061835376778e-06	2.624061835376778e-06	18.539766311645508	18.539766311645508
2337	gpt2	2338	1169	12	pedal	obj_rel_no_that	expected	The teacher the pilot limits pedals	7.398852517326304e-07	7.398852517326304e-07	20.366195678710938	20.366195678710938
2338	gpt2	2339	1170	12	peddle	obj_rel_no_that	unexpected	The teacher the pilot limits peddle	0.011319121659035114	0.011319121659035114	13.9681396484375	13.9681396484375
2339	gpt2	2340	1170	12	peddle	obj_rel_no_that	expected	The teacher the pilot limits peddles	0.025030501500005166	0.025030501500005166	13.395673990249634	13.395673990249634
2340	gpt2	2341	1171	12	peer	obj_rel_no_that	unexpected	The teacher the pilot limits peer	2.0127448806306347e-05	2.0127448806306347e-05	15.600476264953612	15.600476264953612
2341	gpt2	2342	1171	12	peer	obj_rel_no_that	expected	The teacher the pilot limits peers	9.389959814143369e-06	9.389959814143369e-06	16.700448989868164	16.700448989868164
2342	gpt2	2343	1172	12	penalize	obj_rel_no_that	unexpected	The teacher the pilot limits penalize	0.003747297221707395	0.003747297221707395	12.625905752182007	12.625905752182007
2343	gpt2	2344	1172	12	penalize	obj_rel_no_that	expected	The teacher the pilot limits penalizes	0.002687099626200495	0.002687099626200495	12.865933179855347	12.865933179855347
2344	gpt2	2345	1173	12	penetrate	obj_rel_no_that	unexpected	The teacher the pilot limits penetrate	1.4134106152141612e-07	1.4134106152141612e-07	22.75431632995605	22.75431632995605
2345	gpt2	2346	1173	12	penetrate	obj_rel_no_that	expected	The teacher the pilot limits penetrates	0.3518807602399079	0.3518807602399079	10.207928627729416	10.207928627729416
2346	gpt2	2347	1174	12	perform	obj_rel_no_that	unexpected	The teacher the pilot limits perform	3.3746616736607397e-06	3.3746616736607397e-06	18.17682647705078	18.17682647705078
2347	gpt2	2348	1174	12	perform	obj_rel_no_that	expected	The teacher the pilot limits performs	1.6400925915149855e-06	1.6400925915149855e-06	19.21779060363769	19.21779060363769
2348	gpt2	2349	1175	12	permit	obj_rel_no_that	unexpected	The teacher the pilot limits permit	7.541419108747505e-06	7.541419108747505e-06	17.016733169555664	17.016733169555664
2349	gpt2	2350	1175	12	permit	obj_rel_no_that	expected	The teacher the pilot limits permits	9.799162398849148e-06	9.799162398849148e-06	16.6389102935791	16.6389102935791
2350	gpt2	2351	1176	13	perpetuate	obj_rel_no_that	unexpected	The surgeons the pilot outweighs perpetuates	0.016256980584575552	0.016256980584575552	14.275488853454592	14.275488853454592
2351	gpt2	2352	1176	13	perpetuate	obj_rel_no_that	expected	The surgeons the pilot outweighs perpetuate	6.521563733485891e-08	6.521563733485891e-08	23.870206832885746	23.870206832885746
2352	gpt2	2353	1177	13	persist	obj_rel_no_that	unexpected	The surgeons the pilot outweighs persists	2.4856580793652935e-08	2.4856580793652935e-08	25.261796951293945	25.261796951293945
2353	gpt2	2354	1177	13	persist	obj_rel_no_that	expected	The surgeons the pilot outweighs persist	3.21078857723478e-07	3.21078857723478e-07	21.5705680847168	21.5705680847168
2354	gpt2	2355	1178	13	persuade	obj_rel_no_that	unexpected	The surgeons the pilot outweighs persuades	0.006611525511743791	0.006611525511743791	13.201692342758177	13.201692342758177
2355	gpt2	2356	1178	13	persuade	obj_rel_no_that	expected	The surgeons the pilot outweighs persuade	7.872012588450161e-07	7.872012588450161e-07	20.276763916015625	20.276763916015625
2356	gpt2	2357	1179	13	peruse	obj_rel_no_that	unexpected	The surgeons the pilot outweighs peruses	2.721366035984829e-05	2.721366035984829e-05	15.181050777435303	15.181050777435303
2357	gpt2	2358	1179	13	peruse	obj_rel_no_that	expected	The surgeons the pilot outweighs peruse	0.00011905138853761932	0.00011905138853761932	13.789345264434814	13.789345264434814
2358	gpt2	2359	1180	13	petition	obj_rel_no_that	unexpected	The surgeons the pilot outweighs petitions	6.275316621895399e-08	6.275316621895399e-08	23.925737380981445	23.925737380981445
2359	gpt2	2360	1180	13	petition	obj_rel_no_that	expected	The surgeons the pilot outweighs petition	4.669246607136302e-07	4.669246607136302e-07	21.03030586242676	21.03030586242676
2360	gpt2	2361	1181	13	phase	obj_rel_no_that	unexpected	The surgeons the pilot outweighs phases	1.041109811694696e-07	1.041109811694696e-07	23.19537353515625	23.19537353515625
2361	gpt2	2362	1181	13	phase	obj_rel_no_that	expected	The surgeons the pilot outweighs phase	6.978793862799648e-07	6.978793862799648e-07	20.450519561767575	20.450519561767575
2362	gpt2	2363	1182	13	pick	obj_rel_no_that	unexpected	The surgeons the pilot outweighs picks	2.71942735707853e-06	2.71942735707853e-06	18.488265991210938	18.488265991210938
2363	gpt2	2364	1182	13	pick	obj_rel_no_that	expected	The surgeons the pilot outweighs pick	8.817821253614966e-06	8.817821253614966e-06	16.791147232055664	16.791147232055664
2364	gpt2	2365	1183	13	piece	obj_rel_no_that	unexpected	The surgeons the pilot outweighs pieces	2.599968865979463e-06	2.599968865979463e-06	18.55307388305664	18.55307388305664
2365	gpt2	2366	1183	13	piece	obj_rel_no_that	expected	The surgeons the pilot outweighs piece	6.219630108716956e-07	6.219630108716956e-07	20.616668701171875	20.616668701171875
2366	gpt2	2367	1184	13	pile	obj_rel_no_that	unexpected	The surgeons the pilot outweighs piles	2.740953277680092e-07	2.740953277680092e-07	21.79881858825684	21.79881858825684
2367	gpt2	2368	1184	13	pile	obj_rel_no_that	expected	The surgeons the pilot outweighs pile	1.3276650179250282e-07	1.3276650179250282e-07	22.8446044921875	22.8446044921875
2368	gpt2	2369	1185	13	pinch	obj_rel_no_that	unexpected	The surgeons the pilot outweighs pinches	0.0018305275943930424	0.0018305275943930424	12.482316493988037	12.482316493988037
2369	gpt2	2370	1185	13	pinch	obj_rel_no_that	expected	The surgeons the pilot outweighs pinch	1.970938825479607e-07	1.970938825479607e-07	22.274614334106445	22.274614334106445
2370	gpt2	2371	1186	13	ping	obj_rel_no_that	unexpected	The surgeons the pilot outweighs pings	0.0009358068118671923	0.0009358068118671923	12.967885494232178	12.967885494232178
2371	gpt2	2372	1186	13	ping	obj_rel_no_that	expected	The surgeons the pilot outweighs ping	7.07401568433852e-08	7.07401568433852e-08	23.75289535522461	23.75289535522461
2372	gpt2	2373	1187	13	pinpoint	obj_rel_no_that	unexpected	The surgeons the pilot outweighs pinpoints	0.003473985938143143	0.003473985938143143	14.049593925476074	14.049593925476074
2373	gpt2	2374	1187	13	pinpoint	obj_rel_no_that	expected	The surgeons the pilot outweighs pinpoint	1.484024352294e-07	1.484024352294e-07	22.68398094177246	22.68398094177246
2374	gpt2	2375	1188	13	pin	obj_rel_no_that	unexpected	The surgeons the pilot outweighs pins	4.0881860741137643e-07	4.0881860741137643e-07	21.222036361694336	21.222036361694336
2375	gpt2	2376	1188	13	pin	obj_rel_no_that	expected	The surgeons the pilot outweighs pin	5.005817342862429e-07	5.005817342862429e-07	20.92989158630371	20.92989158630371
2376	gpt2	2377	1189	13	pitch	obj_rel_no_that	unexpected	The surgeons the pilot outweighs pitches	7.67102392273955e-07	7.67102392273955e-07	20.314077377319336	20.314077377319336
2377	gpt2	2378	1189	13	pitch	obj_rel_no_that	expected	The surgeons the pilot outweighs pitch	1.7240424767805962e-06	1.7240424767805962e-06	19.14577293395996	19.14577293395996
2378	gpt2	2379	1190	13	pit	obj_rel_no_that	unexpected	The surgeons the pilot outweighs pits	6.848685529803333e-08	6.848685529803333e-08	23.799596786499023	23.799596786499023
2379	gpt2	2380	1190	13	pit	obj_rel_no_that	expected	The surgeons the pilot outweighs pit	1.9130204691464314e-06	1.9130204691464314e-06	18.995716094970703	18.995716094970703
2380	gpt2	2381	1191	13	placate	obj_rel_no_that	unexpected	The surgeons the pilot outweighs placates	0.0002632940906863474	0.0002632940906863474	16.90826177597046	16.90826177597046
2381	gpt2	2382	1191	13	placate	obj_rel_no_that	expected	The surgeons the pilot outweighs placate	0.0008551621306053974	0.0008551621306053974	16.05838108062744	16.05838108062744
2382	gpt2	2383	1192	13	place	obj_rel_no_that	unexpected	The surgeons the pilot outweighs places	8.786421403783606e-07	8.786421403783606e-07	20.118221282958984	20.118221282958984
2383	gpt2	2384	1192	13	place	obj_rel_no_that	expected	The surgeons the pilot outweighs place	1.5977909697539872e-06	1.5977909697539872e-06	19.255489349365234	19.255489349365234
2384	gpt2	2385	1193	13	plague	obj_rel_no_that	unexpected	The surgeons the pilot outweighs plagues	0.0029139841067262677	0.0029139841067262677	13.11699366569519	13.11699366569519
2385	gpt2	2386	1193	13	plague	obj_rel_no_that	expected	The surgeons the pilot outweighs plague	6.295442176451616e-07	6.295442176451616e-07	20.59918975830078	20.59918975830078
2386	gpt2	2387	1194	13	plant	obj_rel_no_that	unexpected	The surgeons the pilot outweighs plants	2.520476073186728e-06	2.520476073186728e-06	18.597871780395508	18.597871780395508
2387	gpt2	2388	1194	13	plant	obj_rel_no_that	expected	The surgeons the pilot outweighs plant	1.4018612546351503e-06	1.4018612546351503e-06	19.444225311279297	19.444225311279297
2388	gpt2	2389	1195	13	plan	obj_rel_no_that	unexpected	The surgeons the pilot outweighs plans	4.517846718954388e-06	4.517846718954388e-06	17.75593376159668	17.75593376159668
2389	gpt2	2390	1195	13	plan	obj_rel_no_that	expected	The surgeons the pilot outweighs plan	7.21305696060881e-06	7.21305696060881e-06	17.080957412719727	17.080957412719727
2390	gpt2	2391	1196	13	play	obj_rel_no_that	unexpected	The surgeons the pilot outweighs plays	2.080814283544896e-06	2.080814283544896e-06	18.874420166015625	18.874420166015625
2391	gpt2	2392	1196	13	play	obj_rel_no_that	expected	The surgeons the pilot outweighs play	9.3873095465824e-06	9.3873095465824e-06	16.700857162475586	16.700857162475586
2392	gpt2	2393	1197	13	plead	obj_rel_no_that	unexpected	The surgeons the pilot outweighs pleads	0.008934047963307962	0.008934047963307962	14.088885784149172	14.088885784149172
2393	gpt2	2394	1197	13	plead	obj_rel_no_that	expected	The surgeons the pilot outweighs plead	2.983254887567455e-07	2.983254887567455e-07	21.67660903930664	21.67660903930664
2394	gpt2	2395	1198	13	please	obj_rel_no_that	unexpected	The surgeons the pilot outweighs pleases	0.00019401200076171252	0.00019401200076171252	16.851768970489502	16.851768970489502
2395	gpt2	2396	1198	13	please	obj_rel_no_that	expected	The surgeons the pilot outweighs please	9.99536382551014e-07	9.99536382551014e-07	19.93223762512207	19.93223762512207
2396	gpt2	2397	1199	13	plea	obj_rel_no_that	unexpected	The surgeons the pilot outweighs pleas	4.610414237049554e-07	4.610414237049554e-07	21.04860115051269	21.04860115051269
2397	gpt2	2398	1199	13	plea	obj_rel_no_that	expected	The surgeons the pilot outweighs plea	5.3268891520019685e-08	5.3268891520019685e-08	24.162132263183597	24.162132263183597
2398	gpt2	2399	1200	13	plot	obj_rel_no_that	unexpected	The surgeons the pilot outweighs plots	3.230790639463521e-07	3.230790639463521e-07	21.56160926818848	21.56160926818848
2399	gpt2	2400	1200	13	plot	obj_rel_no_that	expected	The surgeons the pilot outweighs plot	8.475257118334412e-07	8.475257118334412e-07	20.170238494873047	20.170238494873047
2400	gpt2	2401	1201	13	plow	obj_rel_no_that	unexpected	The surgeons the pilot outweighs plows	0.0001701423320809675	0.0001701423320809675	15.170438766479492	15.170438766479492
2401	gpt2	2402	1201	13	plow	obj_rel_no_that	expected	The surgeons the pilot outweighs plow	0.00013873061152476753	0.00013873061152476753	15.318718433380127	15.318718433380127
2402	gpt2	2403	1202	13	pluck	obj_rel_no_that	unexpected	The surgeons the pilot outweighs plucks	0.0001628234317649675	0.0001628234317649675	15.202364444732666	15.202364444732666
2403	gpt2	2404	1202	13	pluck	obj_rel_no_that	expected	The surgeons the pilot outweighs pluck	0.0003717315998983175	0.0003717315998983175	14.604167461395264	14.604167461395264
2404	gpt2	2405	1203	13	plug	obj_rel_no_that	unexpected	The surgeons the pilot outweighs plugs	1.1442595315713788e-08	1.1442595315713788e-08	26.381010055541992	26.381010055541992
2405	gpt2	2406	1203	13	plug	obj_rel_no_that	expected	The surgeons the pilot outweighs plug	5.846873207815406e-08	5.846873207815406e-08	24.027759552001957	24.027759552001957
2406	gpt2	2407	1204	13	plummet	obj_rel_no_that	unexpected	The surgeons the pilot outweighs plummets	0.3312553960425551	0.3312553960425551	9.094666697705785	9.094666697705785
2407	gpt2	2408	1204	13	plummet	obj_rel_no_that	expected	The surgeons the pilot outweighs plummet	1.642063693907403e-07	1.642063693907403e-07	22.537986755371094	22.537986755371094
2408	gpt2	2409	1205	13	plunge	obj_rel_no_that	unexpected	The surgeons the pilot outweighs plunges	0.0033294546063231266	0.0033294546063231266	15.242346763610842	15.242346763610842
2409	gpt2	2410	1205	13	plunge	obj_rel_no_that	expected	The surgeons the pilot outweighs plunge	3.68004471340555e-08	3.68004471340555e-08	24.695701599121094	24.695701599121094
2410	gpt2	2411	1206	13	pocket	obj_rel_no_that	unexpected	The surgeons the pilot outweighs pockets	1.507244746790093e-07	1.507244746790093e-07	22.661582946777344	22.661582946777344
2411	gpt2	2412	1206	13	pocket	obj_rel_no_that	expected	The surgeons the pilot outweighs pocket	1.431868099643907e-06	1.431868099643907e-06	19.41366958618164	19.41366958618164
2412	gpt2	2413	1207	13	point	obj_rel_no_that	unexpected	The surgeons the pilot outweighs points	7.695618478464894e-06	7.695618478464894e-06	16.987531661987305	16.987531661987305
2413	gpt2	2414	1207	13	point	obj_rel_no_that	expected	The surgeons the pilot outweighs point	9.74734120973153e-06	9.74734120973153e-06	16.646560668945312	16.646560668945312
2414	gpt2	2415	1208	13	police	obj_rel_no_that	unexpected	The surgeons the pilot outweighs polices	0.014366559945742086	0.014366559945742086	13.479227066040039	13.479227066040039
2415	gpt2	2416	1208	13	police	obj_rel_no_that	expected	The surgeons the pilot outweighs police	1.0616297913657036e-05	1.0616297913657036e-05	16.523359298706055	16.523359298706055
2416	gpt2	2417	1209	13	polish	obj_rel_no_that	unexpected	The surgeons the pilot outweighs polishes	0.0038447133551784357	0.0038447133551784357	14.430128812789917	14.430128812789917
2417	gpt2	2418	1209	13	polish	obj_rel_no_that	expected	The surgeons the pilot outweighs polish	8.595092992891297e-08	8.595092992891297e-08	23.471912384033203	23.471912384033203
2418	gpt2	2419	1210	13	pollinate	obj_rel_no_that	unexpected	The surgeons the pilot outweighs pollinates	0.00016875730588590158	0.00016875730588590158	16.486563205718994	16.486563205718994
2419	gpt2	2420	1210	13	pollinate	obj_rel_no_that	expected	The surgeons the pilot outweighs pollinate	0.0002345979265498516	0.0002345979265498516	16.248732089996338	16.248732089996338
2420	gpt2	2421	1211	13	pollute	obj_rel_no_that	unexpected	The surgeons the pilot outweighs pollutes	0.002009651954807602	0.002009651954807602	14.698912382125854	14.698912382125854
2421	gpt2	2422	1211	13	pollute	obj_rel_no_that	expected	The surgeons the pilot outweighs pollute	0.009346930175610151	0.009346930175610151	13.590089321136475	13.590089321136475
2422	gpt2	2423	1212	13	poll	obj_rel_no_that	unexpected	The surgeons the pilot outweighs polls	1.403781624276235e-07	1.403781624276235e-07	22.76417732238769	22.76417732238769
2423	gpt2	2424	1212	13	poll	obj_rel_no_that	expected	The surgeons the pilot outweighs poll	3.517708933031827e-07	3.517708933031827e-07	21.438859939575195	21.438859939575195
2424	gpt2	2425	1213	13	ponder	obj_rel_no_that	unexpected	The surgeons the pilot outweighs ponders	0.11806623393103344	0.11806623393103344	13.332275986671448	13.332275986671448
2425	gpt2	2426	1213	13	ponder	obj_rel_no_that	expected	The surgeons the pilot outweighs ponder	3.90499423019719e-07	3.90499423019719e-07	21.288175582885746	21.288175582885746
2426	gpt2	2427	1214	13	popularize	obj_rel_no_that	unexpected	The surgeons the pilot outweighs popularizes	1.2425949194039276e-05	1.2425949194039276e-05	16.909968852996826	16.909968852996826
2427	gpt2	2428	1214	13	popularize	obj_rel_no_that	expected	The surgeons the pilot outweighs popularize	0.0004380387277933258	0.0004380387277933258	14.249163150787354	14.249163150787354
2428	gpt2	2429	1215	13	populate	obj_rel_no_that	unexpected	The surgeons the pilot outweighs populates	0.01092532442126522	0.01092532442126522	12.840452671051025	12.840452671051025
2429	gpt2	2430	1215	13	populate	obj_rel_no_that	expected	The surgeons the pilot outweighs populate	5.2249337301191197e-08	5.2249337301191197e-08	24.19001197814941	24.19001197814941
2430	gpt2	2431	1216	13	pop	obj_rel_no_that	unexpected	The surgeons the pilot outweighs pops	1.7306902577729488e-07	1.7306902577729488e-07	22.46214866638184	22.46214866638184
2431	gpt2	2432	1216	13	pop	obj_rel_no_that	expected	The surgeons the pilot outweighs pop	8.508039286425628e-07	8.508039286425628e-07	20.164669036865234	20.164669036865234
2432	gpt2	2433	1217	13	portend	obj_rel_no_that	unexpected	The surgeons the pilot outweighs portends	0.00013026281976633237	0.00013026281976633237	14.50205135345459	14.50205135345459
2433	gpt2	2434	1217	13	portend	obj_rel_no_that	expected	The surgeons the pilot outweighs portend	0.00035339437908983237	0.00035339437908983237	13.769047737121582	13.769047737121582
2434	gpt2	2435	1218	13	portray	obj_rel_no_that	unexpected	The surgeons the pilot outweighs portrays	1.963359608225801e-07	1.963359608225801e-07	22.28017234802246	22.28017234802246
2435	gpt2	2436	1218	13	portray	obj_rel_no_that	expected	The surgeons the pilot outweighs portray	1.348660816802294e-06	1.348660816802294e-06	19.50004005432129	19.50004005432129
2436	gpt2	2437	1219	13	pose	obj_rel_no_that	unexpected	The surgeons the pilot outweighs poses	7.689305334679375e-07	7.689305334679375e-07	20.310644149780277	20.310644149780277
2437	gpt2	2438	1219	13	pose	obj_rel_no_that	expected	The surgeons the pilot outweighs pose	1.349123976979172e-06	1.349123976979172e-06	19.49954605102539	19.49954605102539
2438	gpt2	2439	1220	13	position	obj_rel_no_that	unexpected	The surgeons the pilot outweighs positions	8.05524962288473e-07	8.05524962288473e-07	20.243566513061523	20.243566513061523
2439	gpt2	2440	1220	13	position	obj_rel_no_that	expected	The surgeons the pilot outweighs position	2.024363539021578e-06	2.024363539021578e-06	18.914100646972656	18.914100646972656
2440	gpt2	2441	1221	13	possess	obj_rel_no_that	unexpected	The surgeons the pilot outweighs possesses	6.59469833408366e-07	6.59469833408366e-07	20.532190322875977	20.532190322875977
2441	gpt2	2442	1221	13	possess	obj_rel_no_that	expected	The surgeons the pilot outweighs possess	2.3278248590941075e-06	2.3278248590941075e-06	18.71258544921875	18.71258544921875
2442	gpt2	2443	1222	13	postpone	obj_rel_no_that	unexpected	The surgeons the pilot outweighs postpones	0.002116251843139191	0.002116251843139191	16.54550004005432	16.54550004005432
2443	gpt2	2444	1222	13	postpone	obj_rel_no_that	expected	The surgeons the pilot outweighs postpone	2.3440021479359533e-08	2.3440021479359533e-08	25.346450805664062	25.346450805664062
2444	gpt2	2445	1223	13	post	obj_rel_no_that	unexpected	The surgeons the pilot outweighs posts	4.013887746623368e-07	4.013887746623368e-07	21.248497009277344	21.248497009277344
2445	gpt2	2446	1223	13	post	obj_rel_no_that	expected	The surgeons the pilot outweighs post	1.3173042134440038e-05	1.3173042134440038e-05	16.212051391601562	16.212051391601562
2446	gpt2	2447	1224	13	pot	obj_rel_no_that	unexpected	The surgeons the pilot outweighs pots	6.504321703459938e-08	6.504321703459938e-08	23.874025344848636	23.874025344848636
2447	gpt2	2448	1224	13	pot	obj_rel_no_that	expected	The surgeons the pilot outweighs pot	1.031265128403902e-06	1.031265128403902e-06	19.88715362548828	19.88715362548828
2448	gpt2	2449	1225	13	pounce	obj_rel_no_that	unexpected	The surgeons the pilot outweighs pounces	1.9192503714293707e-05	1.9192503714293707e-05	15.945678234100342	15.945678234100342
2449	gpt2	2450	1225	13	pounce	obj_rel_no_that	expected	The surgeons the pilot outweighs pounce	3.6570140764524695e-05	3.6570140764524695e-05	15.390964031219482	15.390964031219482
2450	gpt2	2451	1226	13	pound	obj_rel_no_that	unexpected	The surgeons the pilot outweighs pounds	9.99399162537884e-07	9.99399162537884e-07	19.932435989379883	19.932435989379883
2451	gpt2	2452	1226	13	pound	obj_rel_no_that	expected	The surgeons the pilot outweighs pound	2.483775460859761e-07	2.483775460859761e-07	21.940961837768555	21.940961837768555
2452	gpt2	2453	1227	13	pour	obj_rel_no_that	unexpected	The surgeons the pilot outweighs pours	0.00045963455977469225	0.00045963455977469225	13.484108448028564	13.484108448028564
2453	gpt2	2454	1227	13	pour	obj_rel_no_that	expected	The surgeons the pilot outweighs pour	7.73935084907862e-08	7.73935084907862e-08	23.62321281433105	23.62321281433105
2454	gpt2	2455	1228	13	practice	obj_rel_no_that	unexpected	The surgeons the pilot outweighs practices	4.276772642697324e-07	4.276772642697324e-07	21.15697479248047	21.15697479248047
2455	gpt2	2456	1228	13	practice	obj_rel_no_that	expected	The surgeons the pilot outweighs practice	1.969940058188513e-06	1.969940058188513e-06	18.95341682434082	18.95341682434082
2456	gpt2	2457	1229	13	precede	obj_rel_no_that	unexpected	The surgeons the pilot outweighs precedes	0.001018802698467865	0.001018802698467865	15.389271736145021	15.389271736145021
2457	gpt2	2458	1229	13	precede	obj_rel_no_that	expected	The surgeons the pilot outweighs precede	0.0008196819738941149	0.0008196819738941149	15.546164035797121	15.546164035797121
2458	gpt2	2459	1230	13	preclude	obj_rel_no_that	unexpected	The surgeons the pilot outweighs precludes	0.000760642820750911	0.000760642820750911	12.545231819152832	12.545231819152832
2459	gpt2	2460	1230	13	preclude	obj_rel_no_that	expected	The surgeons the pilot outweighs preclude	2.382853665494622e-07	2.382853665494622e-07	22.00080680847168	22.00080680847168
2460	gpt2	2461	1231	13	predict	obj_rel_no_that	unexpected	The surgeons the pilot outweighs predicts	1.0735902833403088e-06	1.0735902833403088e-06	19.829124450683597	19.829124450683597
2461	gpt2	2462	1231	13	predict	obj_rel_no_that	expected	The surgeons the pilot outweighs predict	5.053806944488315e-06	5.053806944488315e-06	17.59419822692871	17.59419822692871
2462	gpt2	2463	1232	13	predispose	obj_rel_no_that	unexpected	The surgeons the pilot outweighs predisposes	0.0064077090059697275	0.0064077090059697275	13.510433673858643	13.510433673858643
2463	gpt2	2464	1232	13	predispose	obj_rel_no_that	expected	The surgeons the pilot outweighs predispose	0.015754917315888378	0.015754917315888378	12.861453533172607	12.861453533172607
2464	gpt2	2465	1233	13	pre-empt	obj_rel_no_that	unexpected	The surgeons the pilot outweighs pre-empts	0.31339083671082335	0.31339083671082335	8.193102210760117	8.193102210760117
2465	gpt2	2466	1233	13	pre-empt	obj_rel_no_that	expected	The surgeons the pilot outweighs pre-empt	0.31339083671082335	0.31339083671082335	8.193102210760117	8.193102210760117
2466	gpt2	2467	1234	13	prefer	obj_rel_no_that	unexpected	The surgeons the pilot outweighs prefers	3.426979446885525e-07	3.426979446885525e-07	21.47655868530273	21.47655868530273
2467	gpt2	2468	1234	13	prefer	obj_rel_no_that	expected	The surgeons the pilot outweighs prefer	1.563567025186785e-06	1.563567025186785e-06	19.28672790527344	19.28672790527344
2468	gpt2	2469	1235	13	premiere	obj_rel_no_that	unexpected	The surgeons the pilot outweighs premieres	0.48869283255613283	0.48869283255613283	11.764117876067758	11.764117876067758
2469	gpt2	2470	1235	13	premiere	obj_rel_no_that	expected	The surgeons the pilot outweighs premiere	3.8568888527379386e-08	3.8568888527379386e-08	24.627986907958984	24.627986907958984
2470	gpt2	2471	1236	13	prepare	obj_rel_no_that	unexpected	The surgeons the pilot outweighs prepares	2.400571759153536e-07	2.400571759153536e-07	21.9901180267334	21.9901180267334
2471	gpt2	2472	1236	13	prepare	obj_rel_no_that	expected	The surgeons the pilot outweighs prepare	1.6890591041374137e-06	1.6890591041374137e-06	19.17534828186035	19.17534828186035
2472	gpt2	2473	1237	13	prepay	obj_rel_no_that	unexpected	The surgeons the pilot outweighs prepays	0.004187274321452597	0.004187274321452597	12.760103464126587	12.760103464126587
2473	gpt2	2474	1237	13	prepay	obj_rel_no_that	expected	The surgeons the pilot outweighs prepay	0.0054084193590142465	0.0054084193590142465	12.575457572937012	12.575457572937012
2474	gpt2	2475	1238	13	pre-register	obj_rel_no_that	unexpected	The surgeons the pilot outweighs pre-registers	0.31339083671082335	0.31339083671082335	8.193102210760117	8.193102210760117
2475	gpt2	2476	1238	13	pre-register	obj_rel_no_that	expected	The surgeons the pilot outweighs pre-register	0.31339083671082335	0.31339083671082335	8.193102210760117	8.193102210760117
2476	gpt2	2477	1239	13	presage	obj_rel_no_that	unexpected	The surgeons the pilot outweighs presages	0.000849085841139148	0.000849085841139148	14.69630432128906	14.69630432128906
2477	gpt2	2478	1239	13	presage	obj_rel_no_that	expected	The surgeons the pilot outweighs presage	0.000938361026157948	0.000938361026157948	14.624154090881346	14.624154090881346
2478	gpt2	2479	1240	13	prescribe	obj_rel_no_that	unexpected	The surgeons the pilot outweighs prescribes	0.029051270303625636	0.029051270303625636	12.998549699783325	12.998549699783325
2479	gpt2	2480	1240	13	prescribe	obj_rel_no_that	expected	The surgeons the pilot outweighs prescribe	4.5945427018523333e-07	4.5945427018523333e-07	21.05357551574707	21.05357551574707
2480	gpt2	2481	1241	13	present	obj_rel_no_that	unexpected	The surgeons the pilot outweighs presents	5.307063020154601e-06	5.307063020154601e-06	17.52365493774414	17.52365493774414
2481	gpt2	2482	1241	13	present	obj_rel_no_that	expected	The surgeons the pilot outweighs present	1.1538221770024393e-05	1.1538221770024393e-05	16.40321922302246	16.40321922302246
2482	gpt2	2483	1242	13	preserve	obj_rel_no_that	unexpected	The surgeons the pilot outweighs preserves	1.0794983040796069e-07	1.0794983040796069e-07	23.14313507080078	23.14313507080078
2483	gpt2	2484	1242	13	preserve	obj_rel_no_that	expected	The surgeons the pilot outweighs preserve	5.927481652179267e-07	5.927481652179267e-07	20.68607711791992	20.68607711791992
2484	gpt2	2485	1243	13	pressure	obj_rel_no_that	unexpected	The surgeons the pilot outweighs pressures	1.851237016126106e-06	1.851237016126106e-06	19.043079376220703	19.043079376220703
2485	gpt2	2486	1243	13	pressure	obj_rel_no_that	expected	The surgeons the pilot outweighs pressure	9.51254060055362e-06	9.51254060055362e-06	16.681737899780273	16.681737899780273
2486	gpt2	2487	1244	13	press	obj_rel_no_that	unexpected	The surgeons the pilot outweighs presses	1.1707488312140413e-07	1.1707488312140413e-07	23.026065826416016	23.026065826416016
2487	gpt2	2488	1244	13	press	obj_rel_no_that	expected	The surgeons the pilot outweighs press	2.068626145046437e-06	2.068626145046437e-06	18.882896423339844	18.882896423339844
2488	gpt2	2489	1245	13	pretend	obj_rel_no_that	unexpected	The surgeons the pilot outweighs pretends	0.0014255711125769688	0.0014255711125769688	14.08347225189209	14.08347225189209
2489	gpt2	2490	1245	13	pretend	obj_rel_no_that	expected	The surgeons the pilot outweighs pretend	7.088207212291309e-07	7.088207212291309e-07	20.428075790405277	20.428075790405277
2490	gpt2	2491	1246	13	pre-try	obj_rel_no_that	unexpected	The surgeons the pilot outweighs pre-tries	0.31339083671082335	0.31339083671082335	8.193102210760117	8.193102210760117
2491	gpt2	2492	1246	13	pre-try	obj_rel_no_that	expected	The surgeons the pilot outweighs pre-try	0.31339083671082335	0.31339083671082335	8.193102210760117	8.193102210760117
2492	gpt2	2493	1247	13	prevail	obj_rel_no_that	unexpected	The surgeons the pilot outweighs prevails	0.08150328747913703	0.08150328747913703	12.642505049705504	12.642505049705504
2493	gpt2	2494	1247	13	prevail	obj_rel_no_that	expected	The surgeons the pilot outweighs prevail	1.1141731448560677e-07	1.1141731448560677e-07	23.097522735595703	23.097522735595703
2494	gpt2	2495	1248	13	prevent	obj_rel_no_that	unexpected	The surgeons the pilot outweighs prevents	2.214035248471191e-06	2.214035248471191e-06	18.78489112854004	18.78489112854004
2495	gpt2	2496	1248	13	prevent	obj_rel_no_that	expected	The surgeons the pilot outweighs prevent	2.0485318600549363e-05	2.0485318600549363e-05	15.575050354003906	15.575050354003906
2496	gpt2	2497	1249	13	price	obj_rel_no_that	unexpected	The surgeons the pilot outweighs prices	1.5134968407437557e-06	1.5134968407437557e-06	19.333683013916016	19.333683013916016
2497	gpt2	2498	1249	13	price	obj_rel_no_that	expected	The surgeons the pilot outweighs price	1.5963165651555755e-06	1.5963165651555755e-06	19.25682258605957	19.25682258605957
2498	gpt2	2499	1250	13	privatize	obj_rel_no_that	unexpected	The surgeons the pilot outweighs privatizes	0.0003716048942372392	0.0003716048942372392	17.799882888793945	17.799882888793945
2499	gpt2	2500	1250	13	privatize	obj_rel_no_that	expected	The surgeons the pilot outweighs privatize	0.007189548456292239	0.007189548456292239	15.662828922271729	15.662828922271729
2500	gpt2	2501	1251	13	probe	obj_rel_no_that	unexpected	The surgeons the pilot outweighs probes	3.420840641865653e-07	3.420840641865653e-07	21.479145050048828	21.479145050048828
2501	gpt2	2502	1251	13	probe	obj_rel_no_that	expected	The surgeons the pilot outweighs probe	1.673377738597992e-07	1.673377738597992e-07	22.51073265075684	22.51073265075684
2502	gpt2	2503	1252	13	proceed	obj_rel_no_that	unexpected	The surgeons the pilot outweighs proceeds	1.420740858293357e-07	1.420740858293357e-07	22.74685287475586	22.74685287475586
2503	gpt2	2504	1252	13	proceed	obj_rel_no_that	expected	The surgeons the pilot outweighs proceed	4.819082164431165e-07	4.819082164431165e-07	20.984737396240234	20.984737396240234
2504	gpt2	2505	1253	13	process	obj_rel_no_that	unexpected	The surgeons the pilot outweighs processes	1.051564936460636e-06	1.051564936460636e-06	19.85902976989746	19.85902976989746
2505	gpt2	2506	1253	13	process	obj_rel_no_that	expected	The surgeons the pilot outweighs process	2.4225685137935216e-06	2.4225685137935216e-06	18.655031204223636	18.655031204223636
2506	gpt2	2507	1254	13	proclaim	obj_rel_no_that	unexpected	The surgeons the pilot outweighs proclaims	0.07745674814452028	0.07745674814452028	12.780243158340454	12.780243158340454
2507	gpt2	2508	1254	13	proclaim	obj_rel_no_that	expected	The surgeons the pilot outweighs proclaim	1.3044812874341005e-07	1.3044812874341005e-07	22.870019912719727	22.870019912719727
2508	gpt2	2509	1255	13	produce	obj_rel_no_that	unexpected	The surgeons the pilot outweighs produces	1.107348680307041e-06	1.107348680307041e-06	19.78445816040039	19.78445816040039
2509	gpt2	2510	1255	13	produce	obj_rel_no_that	expected	The surgeons the pilot outweighs produce	5.532299383048667e-06	5.532299383048667e-06	17.46368980407715	17.46368980407715
2510	gpt2	2511	1256	13	prod	obj_rel_no_that	unexpected	The surgeons the pilot outweighs prods	0.0003480205605228336	0.0003480205605228336	13.158393859863281	13.158393859863281
2511	gpt2	2512	1256	13	prod	obj_rel_no_that	expected	The surgeons the pilot outweighs prod	8.468167322916997e-08	8.468167322916997e-08	23.49337577819824	23.49337577819824
2512	gpt2	2513	1257	13	profile	obj_rel_no_that	unexpected	The surgeons the pilot outweighs profiles	9.375051490678744e-08	9.375051490678744e-08	23.34659767150879	23.34659767150879
2513	gpt2	2514	1257	13	profile	obj_rel_no_that	expected	The surgeons the pilot outweighs profile	2.208879692489063e-07	2.208879692489063e-07	22.11018180847168	22.11018180847168
2514	gpt2	2515	1258	13	profit	obj_rel_no_that	unexpected	The surgeons the pilot outweighs profits	2.4839000616339035e-06	2.4839000616339035e-06	18.61896133422852	18.61896133422852
2515	gpt2	2516	1258	13	profit	obj_rel_no_that	expected	The surgeons the pilot outweighs profit	4.169631210970692e-06	4.169631210970692e-06	17.87164878845215	17.87164878845215
2516	gpt2	2517	1259	13	program	obj_rel_no_that	unexpected	The surgeons the pilot outweighs programs	1.2615770401680493e-06	1.2615770401680493e-06	19.59634017944336	19.59634017944336
2517	gpt2	2518	1259	13	program	obj_rel_no_that	expected	The surgeons the pilot outweighs program	2.894528279284714e-06	2.894528279284714e-06	18.39824104309082	18.39824104309082
2518	gpt2	2519	1260	13	progress	obj_rel_no_that	unexpected	The surgeons the pilot outweighs progresses	3.768234080325783e-08	3.768234080325783e-08	24.661535263061523	24.661535263061523
2519	gpt2	2520	1260	13	progress	obj_rel_no_that	expected	The surgeons the pilot outweighs progress	1.1590491340029985e-06	1.1590491340029985e-06	19.718626022338867	19.718626022338867
2520	gpt2	2521	1261	13	prohibit	obj_rel_no_that	unexpected	The surgeons the pilot outweighs prohibits	3.600689240101929e-07	3.600689240101929e-07	21.405223846435547	21.405223846435547
2521	gpt2	2522	1261	13	prohibit	obj_rel_no_that	expected	The surgeons the pilot outweighs prohibit	3.715554441896529e-07	3.715554441896529e-07	21.35991859436035	21.35991859436035
2522	gpt2	2523	1262	13	project	obj_rel_no_that	unexpected	The surgeons the pilot outweighs projects	7.812718649802264e-07	7.812718649802264e-07	20.28767204284668	20.28767204284668
2523	gpt2	2524	1262	13	project	obj_rel_no_that	expected	The surgeons the pilot outweighs project	2.08154460779042e-06	2.08154460779042e-06	18.87391471862793	18.87391471862793
2524	gpt2	2525	1263	13	prolong	obj_rel_no_that	unexpected	The surgeons the pilot outweighs prolongs	0.009237118254063145	0.009237118254063145	13.628453493118286	13.628453493118286
2525	gpt2	2526	1263	13	prolong	obj_rel_no_that	expected	The surgeons the pilot outweighs prolong	3.375161838903296e-07	3.375161838903296e-07	21.498538970947266	21.498538970947266
2526	gpt2	2527	1264	13	promise	obj_rel_no_that	unexpected	The surgeons the pilot outweighs promises	1.8714732732405537e-06	1.8714732732405537e-06	19.027393341064453	19.027393341064453
2527	gpt2	2528	1264	13	promise	obj_rel_no_that	expected	The surgeons the pilot outweighs promise	1.8301999489267475e-06	1.8301999489267475e-06	19.05956649780273	19.05956649780273
2528	gpt2	2529	1265	13	promote	obj_rel_no_that	unexpected	The surgeons the pilot outweighs promotes	1.0301587849426141e-07	1.0301587849426141e-07	23.21063041687012	23.21063041687012
2529	gpt2	2530	1265	13	promote	obj_rel_no_that	expected	The surgeons the pilot outweighs promote	3.6515368151412986e-07	3.6515368151412986e-07	21.384992599487305	21.384992599487305
2530	gpt2	2531	1266	13	prompt	obj_rel_no_that	unexpected	The surgeons the pilot outweighs prompts	1.52217538129662e-07	1.52217538129662e-07	22.647361755371094	22.647361755371094
2531	gpt2	2532	1266	13	prompt	obj_rel_no_that	expected	The surgeons the pilot outweighs prompt	5.147803108229709e-07	5.147803108229709e-07	20.88953971862793	20.88953971862793
2532	gpt2	2533	1267	13	propel	obj_rel_no_that	unexpected	The surgeons the pilot outweighs propels	0.0010215760393634534	0.0010215760393634534	14.218749523162842	14.218749523162842
2533	gpt2	2534	1267	13	propel	obj_rel_no_that	expected	The surgeons the pilot outweighs propel	1.7051848999471988e-07	1.7051848999471988e-07	22.48356819152832	22.48356819152832
2534	gpt2	2535	1268	13	propose	obj_rel_no_that	unexpected	The surgeons the pilot outweighs proposes	1.850875861464374e-07	1.850875861464374e-07	22.36528778076172	22.36528778076172
2535	gpt2	2536	1268	13	propose	obj_rel_no_that	expected	The surgeons the pilot outweighs propose	1.9484522795210069e-07	1.9484522795210069e-07	22.291168212890625	22.291168212890625
2536	gpt2	2537	1269	13	prop	obj_rel_no_that	unexpected	The surgeons the pilot outweighs props	1.0574217412795406e-06	1.0574217412795406e-06	19.851016998291016	19.851016998291016
2537	gpt2	2538	1269	13	prop	obj_rel_no_that	expected	The surgeons the pilot outweighs prop	1.347241664007015e-06	1.347241664007015e-06	19.50156021118164	19.50156021118164
2538	gpt2	2539	1270	13	prosper	obj_rel_no_that	unexpected	The surgeons the pilot outweighs prospers	0.21075239873425744	0.21075239873425744	7.7819318771362305	7.7819318771362305
2539	gpt2	2540	1270	13	prosper	obj_rel_no_that	expected	The surgeons the pilot outweighs prosper	1.7388074979862722e-08	1.7388074979862722e-08	25.777326583862305	25.777326583862305
2540	gpt2	2541	1271	13	protect	obj_rel_no_that	unexpected	The surgeons the pilot outweighs protects	6.816194400016684e-07	6.816194400016684e-07	20.484529495239254	20.484529495239254
2541	gpt2	2542	1271	13	protect	obj_rel_no_that	expected	The surgeons the pilot outweighs protect	1.0833286978595424e-05	1.0833286978595424e-05	16.494169235229492	16.494169235229492
2542	gpt2	2543	1272	13	protest	obj_rel_no_that	unexpected	The surgeons the pilot outweighs protests	8.899629619918414e-07	8.899629619918414e-07	20.099750518798828	20.099750518798828
2543	gpt2	2544	1272	13	protest	obj_rel_no_that	expected	The surgeons the pilot outweighs protest	7.350577675424574e-07	7.350577675424574e-07	20.375638961791992	20.375638961791992
2544	gpt2	2545	1273	14	prove	obj_rel_no_that	unexpected	The senators the authors judge proves	1.489025180489989e-06	1.489025180489989e-06	19.357200622558597	19.357200622558597
2545	gpt2	2546	1273	14	prove	obj_rel_no_that	expected	The senators the authors judge prove	3.519413803587668e-05	3.519413803587668e-05	14.794304847717283	14.794304847717283
2546	gpt2	2547	1274	14	provide	obj_rel_no_that	unexpected	The senators the authors judge provides	1.091203830583254e-05	1.091203830583254e-05	16.483718872070312	16.483718872070312
2547	gpt2	2548	1274	14	provide	obj_rel_no_that	expected	The senators the authors judge provide	0.0002484440337866	0.0002484440337866	11.974791526794434	11.974791526794434
2548	gpt2	2549	1275	14	provoke	obj_rel_no_that	unexpected	The senators the authors judge provokes	0.006333476819975188	0.006333476819975188	12.738649606704712	12.738649606704712
2549	gpt2	2550	1275	14	provoke	obj_rel_no_that	expected	The senators the authors judge provoke	5.680405479324691e-07	5.680405479324691e-07	20.74750328063965	20.74750328063965
2550	gpt2	2551	1276	14	prune	obj_rel_no_that	unexpected	The senators the authors judge prunes	0.00022533708636271804	0.00022533708636271804	15.037235736846924	15.037235736846924
2551	gpt2	2552	1276	14	prune	obj_rel_no_that	expected	The senators the authors judge prune	0.007434058711282868	0.007434058711282868	12.512172937393188	12.512172937393188
2552	gpt2	2553	1277	14	publicize	obj_rel_no_that	unexpected	The senators the authors judge publicizes	0.00011262884072491114	0.00011262884072491114	13.154934883117676	13.154934883117676
2553	gpt2	2554	1277	14	publicize	obj_rel_no_that	expected	The senators the authors judge publicize	0.00033310121216340006	0.00033310121216340006	11.853282451629639	11.853282451629639
2554	gpt2	2555	1278	14	publish	obj_rel_no_that	unexpected	The senators the authors judge publishes	3.5572844581110985e-07	3.5572844581110985e-07	21.422719955444336	21.422719955444336
2555	gpt2	2556	1278	14	publish	obj_rel_no_that	expected	The senators the authors judge publish	3.825537351076491e-05	3.825537351076491e-05	14.673977851867676	14.673977851867676
2556	gpt2	2557	1279	14	pull	obj_rel_no_that	unexpected	The senators the authors judge pulls	1.5523323781962972e-07	1.5523323781962972e-07	22.61905860900879	22.61905860900879
2557	gpt2	2558	1279	14	pull	obj_rel_no_that	expected	The senators the authors judge pull	2.2775534489483107e-06	2.2775534489483107e-06	18.744083404541016	18.744083404541016
2558	gpt2	2559	1280	14	pummel	obj_rel_no_that	unexpected	The senators the authors judge pummels	0.002963234355168702	0.002963234355168702	10.054012457529703	10.054012457529703
2559	gpt2	2560	1280	14	pummel	obj_rel_no_that	expected	The senators the authors judge pummel	0.014143846769002237	0.014143846769002237	8.860271294911703	8.860271294911703
2560	gpt2	2561	1281	14	pump	obj_rel_no_that	unexpected	The senators the authors judge pumps	2.9116989708199984e-08	2.9116989708199984e-08	25.0335636138916	25.0335636138916
2561	gpt2	2562	1281	14	pump	obj_rel_no_that	expected	The senators the authors judge pump	2.27443536005012e-07	2.27443536005012e-07	22.0679874420166	22.0679874420166
2562	gpt2	2563	1282	14	punch	obj_rel_no_that	unexpected	The senators the authors judge punches	3.819392802029142e-08	3.819392802029142e-08	24.64208221435547	24.64208221435547
2563	gpt2	2564	1282	14	punch	obj_rel_no_that	expected	The senators the authors judge punch	3.0288560992630664e-07	3.0288560992630664e-07	21.65472412109375	21.65472412109375
2564	gpt2	2565	1283	14	punish	obj_rel_no_that	unexpected	The senators the authors judge punishes	0.11522838195969595	0.11522838195969595	10.865764856338501	10.865764856338501
2565	gpt2	2566	1283	14	punish	obj_rel_no_that	expected	The senators the authors judge punish	2.703114432733855e-06	2.703114432733855e-06	18.496946334838867	18.496946334838867
2566	gpt2	2567	1284	14	purchase	obj_rel_no_that	unexpected	The senators the authors judge purchases	4.3808790906041406e-07	4.3808790906041406e-07	21.122276306152344	21.122276306152344
2567	gpt2	2568	1284	14	purchase	obj_rel_no_that	expected	The senators the authors judge purchase	2.1916055175097422e-06	2.1916055175097422e-06	18.799579620361328	18.799579620361328
2568	gpt2	2569	1285	14	pursue	obj_rel_no_that	unexpected	The senators the authors judge pursues	0.16268380560329376	0.16268380560329376	11.555383324623108	11.555383324623108
2569	gpt2	2570	1285	14	pursue	obj_rel_no_that	expected	The senators the authors judge pursue	4.202089712634916e-06	4.202089712634916e-06	17.860462188720703	17.860462188720703
2570	gpt2	2571	1286	14	push	obj_rel_no_that	unexpected	The senators the authors judge pushes	6.891324488833561e-08	6.891324488833561e-08	23.7906436920166	23.7906436920166
2571	gpt2	2572	1286	14	push	obj_rel_no_that	expected	The senators the authors judge push	7.424181603710167e-06	7.424181603710167e-06	17.039337158203125	17.039337158203125
2572	gpt2	2573	1287	14	put	obj_rel_no_that	unexpected	The senators the authors judge puts	1.032433146974654e-06	1.032433146974654e-06	19.885520935058597	19.885520935058597
2573	gpt2	2574	1287	14	put	obj_rel_no_that	expected	The senators the authors judge put	0.0001097210915759	0.0001097210915759	13.153871536254885	13.153871536254885
2574	gpt2	2575	1288	14	puzzle	obj_rel_no_that	unexpected	The senators the authors judge puzzles	3.778398252052284e-07	3.778398252052284e-07	21.33572196960449	21.33572196960449
2575	gpt2	2576	1288	14	puzzle	obj_rel_no_that	expected	The senators the authors judge puzzle	3.7091075455464317e-07	3.7091075455464317e-07	21.362424850463867	21.362424850463867
2576	gpt2	2577	1289	14	qualify	obj_rel_no_that	unexpected	The senators the authors judge qualifies	4.428718966664746e-06	4.428718966664746e-06	17.784679412841797	17.784679412841797
2577	gpt2	2578	1289	14	qualify	obj_rel_no_that	expected	The senators the authors judge qualify	0.0001099892906495	0.0001099892906495	13.150349617004396	13.150349617004396
2578	gpt2	2579	1290	14	quantify	obj_rel_no_that	unexpected	The senators the authors judge quantifies	0.020755694312299497	0.020755694312299497	12.252695322036741	12.252695322036741
2579	gpt2	2580	1290	14	quantify	obj_rel_no_that	expected	The senators the authors judge quantify	6.454840217884339e-07	6.454840217884339e-07	20.5631160736084	20.5631160736084
2580	gpt2	2581	1291	14	quarrel	obj_rel_no_that	unexpected	The senators the authors judge quarrels	0.004476484084165117	0.004476484084165117	13.576807737350464	13.576807737350464
2581	gpt2	2582	1291	14	quarrel	obj_rel_no_that	expected	The senators the authors judge quarrel	7.481978059331595e-07	7.481978059331595e-07	20.35007667541504	20.35007667541504
2582	gpt2	2583	1292	14	quell	obj_rel_no_that	unexpected	The senators the authors judge quells	0.00031838258701097496	0.00031838258701097496	14.130971431732178	14.130971431732178
2583	gpt2	2584	1292	14	quell	obj_rel_no_that	expected	The senators the authors judge quell	0.012104250269203474	0.012104250269203474	11.501221895217896	11.501221895217896
2584	gpt2	2585	1293	14	question	obj_rel_no_that	unexpected	The senators the authors judge questions	8.147214430209715e-06	8.147214430209715e-06	16.905261993408203	16.905261993408203
2585	gpt2	2586	1293	14	question	obj_rel_no_that	expected	The senators the authors judge question	1.4240670680010226e-05	1.4240670680010226e-05	16.09962272644043	16.09962272644043
2586	gpt2	2587	1294	14	quiet	obj_rel_no_that	unexpected	The senators the authors judge quiets	0.00041830357486102496	0.00041830357486102496	13.932737350463867	13.932737350463867
2587	gpt2	2588	1294	14	quiet	obj_rel_no_that	expected	The senators the authors judge quiet	1.453189724998083e-06	1.453189724998083e-06	19.3923454284668	19.3923454284668
2588	gpt2	2589	1295	14	quit	obj_rel_no_that	unexpected	The senators the authors judge quits	0.003934214601485975	0.003934214601485975	12.312209367752075	12.312209367752075
2589	gpt2	2590	1295	14	quit	obj_rel_no_that	expected	The senators the authors judge quit	1.330554368905723e-06	1.330554368905723e-06	19.519540786743164	19.519540786743164
2590	gpt2	2591	1296	14	quiz	obj_rel_no_that	unexpected	The senators the authors judge quizes	2.164677835025941e-05	2.164677835025941e-05	16.151610374450684	16.151610374450684
2591	gpt2	2592	1296	14	quiz	obj_rel_no_that	expected	The senators the authors judge quiz	1.1586230641569273e-07	1.1586230641569273e-07	23.04108619689941	23.04108619689941
2592	gpt2	2593	1297	14	quote	obj_rel_no_that	unexpected	The senators the authors judge quotes	1.2633969163289294e-05	1.2633969163289294e-05	16.2723331451416	16.2723331451416
2593	gpt2	2594	1297	14	quote	obj_rel_no_that	expected	The senators the authors judge quote	4.9655929615255445e-05	4.9655929615255445e-05	14.297674179077148	14.297674179077148
2594	gpt2	2595	1298	14	rage	obj_rel_no_that	unexpected	The senators the authors judge rages	0.0018824623307409486	0.0018824623307409486	12.25965404510498	12.25965404510498
2595	gpt2	2596	1298	14	rage	obj_rel_no_that	expected	The senators the authors judge rage	1.2312096941968775e-06	1.2312096941968775e-06	19.631492614746094	19.631492614746094
2596	gpt2	2597	1299	14	raid	obj_rel_no_that	unexpected	The senators the authors judge raids	6.93981192512183e-08	6.93981192512183e-08	23.7805290222168	23.7805290222168
2597	gpt2	2598	1299	14	raid	obj_rel_no_that	expected	The senators the authors judge raid	2.2637539132119855e-07	2.2637539132119855e-07	22.074779510498047	22.074779510498047
2598	gpt2	2599	1300	14	rain	obj_rel_no_that	unexpected	The senators the authors judge rains	1.3626882733319691e-08	1.3626882733319691e-08	26.128969192504883	26.128969192504883
2599	gpt2	2600	1300	14	rain	obj_rel_no_that	expected	The senators the authors judge rain	4.552266545942985e-07	4.552266545942985e-07	21.06691169738769	21.06691169738769
2600	gpt2	2601	1301	14	raise	obj_rel_no_that	unexpected	The senators the authors judge raises	2.227494405815378e-06	2.227494405815378e-06	18.776145935058597	18.776145935058597
2601	gpt2	2602	1301	14	raise	obj_rel_no_that	expected	The senators the authors judge raise	6.397533434210345e-05	6.397533434210345e-05	13.932125091552734	13.932125091552734
2602	gpt2	2603	1302	14	rally	obj_rel_no_that	unexpected	The senators the authors judge rallies	5.1046967541878985e-08	5.1046967541878985e-08	24.22360038757324	24.22360038757324
2603	gpt2	2604	1302	14	rally	obj_rel_no_that	expected	The senators the authors judge rally	6.855798915239575e-07	6.855798915239575e-07	20.476171493530277	20.476171493530277
2604	gpt2	2605	1303	14	ramp	obj_rel_no_that	unexpected	The senators the authors judge ramps	1.1347789374838158e-08	1.1347789374838158e-08	26.39301300048828	26.39301300048828
2605	gpt2	2606	1303	14	ramp	obj_rel_no_that	expected	The senators the authors judge ramp	5.856653615410323e-07	5.856653615410323e-07	20.70342063903809	20.70342063903809
2606	gpt2	2607	1304	14	range	obj_rel_no_that	unexpected	The senators the authors judge ranges	2.472600272085401e-06	2.472600272085401e-06	18.62553977966309	18.62553977966309
2607	gpt2	2608	1304	14	range	obj_rel_no_that	expected	The senators the authors judge range	0.0001991876633837	0.0001991876633837	12.293583869934082	12.293583869934082
2608	gpt2	2609	1305	14	rank	obj_rel_no_that	unexpected	The senators the authors judge ranks	3.996451027887815e-07	3.996451027887815e-07	21.254777908325195	21.254777908325195
2609	gpt2	2610	1305	14	rank	obj_rel_no_that	expected	The senators the authors judge rank	7.275341340573505e-05	7.275341340573505e-05	13.746625900268556	13.746625900268556
2610	gpt2	2611	1306	14	ratify	obj_rel_no_that	unexpected	The senators the authors judge ratifies	0.03175093897039005	0.03175093897039005	10.641175031661987	10.641175031661987
2611	gpt2	2612	1306	14	ratify	obj_rel_no_that	expected	The senators the authors judge ratify	0.3629224776511819	0.3629224776511819	8.88371592760086	8.88371592760086
2612	gpt2	2613	1307	14	rationalize	obj_rel_no_that	unexpected	The senators the authors judge rationalizes	0.005019713806177579	0.005019713806177579	11.29477834701538	11.29477834701538
2613	gpt2	2614	1307	14	rationalize	obj_rel_no_that	expected	The senators the authors judge rationalize	0.05810759790074368	0.05810759790074368	9.527215003967285	9.527215003967285
2614	gpt2	2615	1308	14	rattle	obj_rel_no_that	unexpected	The senators the authors judge rattles	0.032273541051196716	0.032273541051196716	12.839460611343384	12.839460611343384
2615	gpt2	2616	1308	14	rattle	obj_rel_no_that	expected	The senators the authors judge rattle	0.0011208335977243987	0.0011208335977243987	12.63512659072876	12.63512659072876
2616	gpt2	2617	1309	14	rat	obj_rel_no_that	unexpected	The senators the authors judge rats	5.504755904439662e-07	5.504755904439662e-07	20.792818069458008	20.792818069458008
2617	gpt2	2618	1309	14	rat	obj_rel_no_that	expected	The senators the authors judge rat	6.174899226607522e-06	6.174899226607522e-06	17.305152893066406	17.305152893066406
2618	gpt2	2619	1310	14	rave	obj_rel_no_that	unexpected	The senators the authors judge raves	0.001954477663730349	0.001954477663730349	12.232494354248047	12.232494354248047
2619	gpt2	2620	1310	14	rave	obj_rel_no_that	expected	The senators the authors judge rave	1.1332092242355429e-07	1.1332092242355429e-07	23.073081970214844	23.073081970214844
2620	gpt2	2621	1311	14	reach	obj_rel_no_that	unexpected	The senators the authors judge reaches	4.433669289483078e-07	4.433669289483078e-07	21.104995727539062	21.104995727539062
2621	gpt2	2622	1311	14	reach	obj_rel_no_that	expected	The senators the authors judge reach	2.4034581656451337e-05	2.4034581656451337e-05	15.344529151916504	15.344529151916504
2622	gpt2	2623	1312	14	react	obj_rel_no_that	unexpected	The senators the authors judge reacts	2.2017930589868232e-08	2.2017930589868232e-08	25.43674659729004	25.43674659729004
2623	gpt2	2624	1312	14	react	obj_rel_no_that	expected	The senators the authors judge react	1.5128431414268562e-06	1.5128431414268562e-06	19.334306716918945	19.334306716918945
2624	gpt2	2625	1313	14	readmit	obj_rel_no_that	unexpected	The senators the authors judge readmits	6.640776369689772e-05	6.640776369689772e-05	17.79294776916504	17.79294776916504
2625	gpt2	2626	1313	14	readmit	obj_rel_no_that	expected	The senators the authors judge readmit	6.685148116499928e-05	6.685148116499928e-05	16.381892204284668	16.381892204284668
2626	gpt2	2627	1314	14	read	obj_rel_no_that	unexpected	The senators the authors judge reads	1.727049038890982e-06	1.727049038890982e-06	19.143259048461918	19.143259048461918
2627	gpt2	2628	1314	14	read	obj_rel_no_that	expected	The senators the authors judge read	0.0001326693745795	0.0001326693745795	12.879877090454102	12.879877090454102
2628	gpt2	2629	1315	14	reaffirm	obj_rel_no_that	unexpected	The senators the authors judge reaffirms	0.00530442761385072	0.00530442761385072	12.471318244934084	12.471318244934084
2629	gpt2	2630	1315	14	reaffirm	obj_rel_no_that	expected	The senators the authors judge reaffirm	0.14521683918439976	0.14521683918439976	10.08369278907776	10.08369278907776
2630	gpt2	2631	1316	14	realign	obj_rel_no_that	unexpected	The senators the authors judge realigns	0.004884885046825076	0.004884885046825076	9.63970915476481	9.63970915476481
2631	gpt2	2632	1316	14	realign	obj_rel_no_that	expected	The senators the authors judge realign	0.005159663567610514	0.005159663567610514	10.5347421169281	10.5347421169281
2632	gpt2	2633	1317	14	realize	obj_rel_no_that	unexpected	The senators the authors judge realizes	1.2743444699481188e-07	1.2743444699481188e-07	22.90374183654785	22.90374183654785
2633	gpt2	2634	1317	14	realize	obj_rel_no_that	expected	The senators the authors judge realize	6.319403837551363e-06	6.319403837551363e-06	17.271780014038086	17.271780014038086
2634	gpt2	2635	1318	14	reappraise	obj_rel_no_that	unexpected	The senators the authors judge reappraises	0.00091592741637213	0.00091592741637213	13.892091115315756	13.892091115315756
2635	gpt2	2636	1318	14	reappraise	obj_rel_no_that	expected	The senators the authors judge reappraise	0.003558703577027695	0.003558703577027695	13.584966897964478	13.584966897964478
2636	gpt2	2637	1319	14	reap	obj_rel_no_that	unexpected	The senators the authors judge reaps	9.311243047702378e-05	9.311243047702378e-05	13.740413188934326	13.740413188934326
2637	gpt2	2638	1319	14	reap	obj_rel_no_that	expected	The senators the authors judge reap	4.151817165620741e-07	4.151817165620741e-07	21.199752807617188	21.199752807617188
2638	gpt2	2639	1320	14	rearm	obj_rel_no_that	unexpected	The senators the authors judge rearms	2.2222331210741686e-06	2.2222331210741686e-06	19.14917469024658	19.14917469024658
2639	gpt2	2640	1320	14	rearm	obj_rel_no_that	expected	The senators the authors judge rearm	0.00016055594460337376	0.00016055594460337376	13.279576301574707	13.279576301574707
2640	gpt2	2641	1321	14	rearrange	obj_rel_no_that	unexpected	The senators the authors judge rearranges	0.00014313941573003785	0.00014313941573003785	18.35234832763672	18.35234832763672
2641	gpt2	2642	1321	14	rearrange	obj_rel_no_that	expected	The senators the authors judge rearrange	0.009415223026724788	0.009415223026724788	15.332519769668577	15.332519769668577
2642	gpt2	2643	1322	14	reason	obj_rel_no_that	unexpected	The senators the authors judge reasons	2.332204530830495e-06	2.332204530830495e-06	18.709875106811523	18.709875106811523
2643	gpt2	2644	1322	14	reason	obj_rel_no_that	expected	The senators the authors judge reason	1.1019123121513983e-05	1.1019123121513983e-05	16.46963119506836	16.46963119506836
2644	gpt2	2645	1323	14	reassert	obj_rel_no_that	unexpected	The senators the authors judge reasserts	0.0972936718402337	0.0972936718402337	10.666304469108582	10.666304469108582
2645	gpt2	2646	1323	14	reassert	obj_rel_no_that	expected	The senators the authors judge reassert	0.14404431218103042	0.14404431218103042	11.978118240833282	11.978118240833282
2646	gpt2	2647	1324	14	reassess	obj_rel_no_that	unexpected	The senators the authors judge reassesses	0.0011733990377606812	0.0011733990377606812	15.448020935058594	15.448020935058594
2647	gpt2	2648	1324	14	reassess	obj_rel_no_that	expected	The senators the authors judge reassess	0.05288055771783458	0.05288055771783458	12.700970888137817	12.700970888137817
2648	gpt2	2649	1325	14	reassume	obj_rel_no_that	unexpected	The senators the authors judge reassumes	5.281642192043121e-05	5.281642192043121e-05	17.686194896697998	17.686194896697998
2649	gpt2	2650	1325	14	reassume	obj_rel_no_that	expected	The senators the authors judge reassume	0.0018054530938016312	0.0018054530938016312	15.137164115905762	15.137164115905762
2650	gpt2	2651	1326	14	reassure	obj_rel_no_that	unexpected	The senators the authors judge reassures	0.003112144067962631	0.003112144067962631	14.744372367858887	14.744372367858887
2651	gpt2	2652	1326	14	reassure	obj_rel_no_that	expected	The senators the authors judge reassure	5.468422159538022e-07	5.468422159538022e-07	20.80237197875977	20.80237197875977
2652	gpt2	2653	1327	14	reauthorize	obj_rel_no_that	unexpected	The senators the authors judge reauthorizes	0.010791669643367583	0.010791669643367583	8.91992441813151	8.91992441813151
2653	gpt2	2654	1327	14	reauthorize	obj_rel_no_that	expected	The senators the authors judge reauthorize	0.20373841969315734	0.20373841969315734	7.068506896495819	7.068506896495819
2654	gpt2	2655	1328	14	rebound	obj_rel_no_that	unexpected	The senators the authors judge rebounds	3.3945251942668626e-08	3.3945251942668626e-08	24.81221580505371	24.81221580505371
2655	gpt2	2656	1328	14	rebound	obj_rel_no_that	expected	The senators the authors judge rebound	4.676155995753106e-08	4.676155995753106e-08	24.350101470947266	24.350101470947266
2656	gpt2	2657	1329	14	rebuild	obj_rel_no_that	unexpected	The senators the authors judge rebuilds	0.009854790049846657	0.009854790049846657	14.615281343460083	14.615281343460083
2657	gpt2	2658	1329	14	rebuild	obj_rel_no_that	expected	The senators the authors judge rebuild	8.054684741409801e-08	8.054684741409801e-08	23.565597534179688	23.565597534179688
2658	gpt2	2659	1330	14	rebut	obj_rel_no_that	unexpected	The senators the authors judge rebuts	0.0015332063130699648	0.0015332063130699648	11.724111557006836	11.724111557006836
2659	gpt2	2660	1330	14	rebut	obj_rel_no_that	expected	The senators the authors judge rebut	0.08206212741151826	0.08206212741151826	8.84639322757721	8.84639322757721
2660	gpt2	2661	1331	14	recall	obj_rel_no_that	unexpected	The senators the authors judge recalls	3.480850239157008e-07	3.480850239157008e-07	21.454057693481445	21.454057693481445
2661	gpt2	2662	1331	14	recall	obj_rel_no_that	expected	The senators the authors judge recall	8.123566658468917e-06	8.123566658468917e-06	16.909454345703125	16.909454345703125
2662	gpt2	2663	1332	14	recapture	obj_rel_no_that	unexpected	The senators the authors judge recaptures	0.0017427359025798763	0.0017427359025798763	16.22711706161499	16.22711706161499
2663	gpt2	2664	1332	14	recapture	obj_rel_no_that	expected	The senators the authors judge recapture	0.11211957985235972	0.11211957985235972	13.223336815834045	13.223336815834045
2664	gpt2	2665	1333	14	receive	obj_rel_no_that	unexpected	The senators the authors judge receives	1.0986589131789517e-06	1.0986589131789517e-06	19.79582405090332	19.79582405090332
2665	gpt2	2666	1333	14	receive	obj_rel_no_that	expected	The senators the authors judge receive	0.0001102690803236	0.0001102690803236	13.146683692932127	13.146683692932127
2666	gpt2	2667	1334	14	reckon	obj_rel_no_that	unexpected	The senators the authors judge reckons	0.004741394879374612	0.004741394879374612	12.370993852615356	12.370993852615356
2667	gpt2	2668	1334	14	reckon	obj_rel_no_that	expected	The senators the authors judge reckon	7.904861121232899e-08	7.904861121232899e-08	23.592683792114254	23.592683792114254
2668	gpt2	2669	1335	14	reclaim	obj_rel_no_that	unexpected	The senators the authors judge reclaims	0.013021821832417374	0.013021821832417374	14.73487639427185	14.73487639427185
2669	gpt2	2670	1335	14	reclaim	obj_rel_no_that	expected	The senators the authors judge reclaim	5.164396554846463e-08	5.164396554846463e-08	24.206825256347656	24.206825256347656
2670	gpt2	2671	1336	14	recognize	obj_rel_no_that	unexpected	The senators the authors judge recognizes	1.5837172213650774e-06	1.5837172213650774e-06	19.268253326416016	19.268253326416016
2671	gpt2	2672	1336	14	recognize	obj_rel_no_that	expected	The senators the authors judge recognize	5.5554752179887146e-05	5.5554752179887146e-05	14.135729789733888	14.135729789733888
2672	gpt2	2673	1337	14	recommend	obj_rel_no_that	unexpected	The senators the authors judge recommends	1.967752723430749e-06	1.967752723430749e-06	18.955018997192383	18.955018997192383
2673	gpt2	2674	1337	14	recommend	obj_rel_no_that	expected	The senators the authors judge recommend	3.254280090914108e-05	3.254280090914108e-05	14.907301902770996	14.907301902770996
2674	gpt2	2675	1338	14	reconcile	obj_rel_no_that	unexpected	The senators the authors judge reconciles	0.005093425214454279	0.005093425214454279	12.723650693893433	12.723650693893433
2675	gpt2	2676	1338	14	reconcile	obj_rel_no_that	expected	The senators the authors judge reconcile	2.028930566666532e-06	2.028930566666532e-06	18.91084861755371	18.91084861755371
2676	gpt2	2677	1339	14	reconnect	obj_rel_no_that	unexpected	The senators the authors judge reconnects	0.0026336817643972175	0.0026336817643972175	16.65951418876648	16.65951418876648
2677	gpt2	2678	1339	14	reconnect	obj_rel_no_that	expected	The senators the authors judge reconnect	1.7716622835450835e-08	1.7716622835450835e-08	25.750320434570312	25.750320434570312
2678	gpt2	2679	1340	14	reconsider	obj_rel_no_that	unexpected	The senators the authors judge reconsiders	0.06424997226404017	0.06424997226404017	13.276901245117188	13.276901245117188
2679	gpt2	2680	1340	14	reconsider	obj_rel_no_that	expected	The senators the authors judge reconsider	1.0248052149108844e-06	1.0248052149108844e-06	19.89621925354004	19.89621925354004
2680	gpt2	2681	1341	14	reconstruct	obj_rel_no_that	unexpected	The senators the authors judge reconstructs	0.01733386610497687	0.01733386610497687	14.008580923080444	14.008580923080444
2681	gpt2	2682	1341	14	reconstruct	obj_rel_no_that	expected	The senators the authors judge reconstruct	1.0618666124173617e-07	1.0618666124173617e-07	23.166894912719727	23.166894912719727
2682	gpt2	2683	1342	14	record	obj_rel_no_that	unexpected	The senators the authors judge records	3.7649763271474512e-06	3.7649763271474512e-06	18.01892852783203	18.01892852783203
2683	gpt2	2684	1342	14	record	obj_rel_no_that	expected	The senators the authors judge record	2.982265141326934e-05	2.982265141326934e-05	15.033231735229492	15.033231735229492
2684	gpt2	2685	1343	14	recoup	obj_rel_no_that	unexpected	The senators the authors judge recoups	0.007878144991991548	0.007878144991991548	9.709420998891195	9.709420998891195
2685	gpt2	2686	1343	14	recoup	obj_rel_no_that	expected	The senators the authors judge recoup	0.010953109511319772	0.010953109511319772	10.127598285675049	10.127598285675049
2686	gpt2	2687	1344	14	recover	obj_rel_no_that	unexpected	The senators the authors judge recovers	5.096619126732094e-09	5.096619126732094e-09	27.54781150817871	27.54781150817871
2687	gpt2	2688	1344	14	recover	obj_rel_no_that	expected	The senators the authors judge recover	1.6914237903620233e-06	1.6914237903620233e-06	19.17333030700684	19.17333030700684
2688	gpt2	2689	1345	14	recraft	obj_rel_no_that	unexpected	The senators the authors judge recrafts	0.011707082761859014	0.011707082761859014	10.709625720977783	10.709625720977783
2689	gpt2	2690	1345	14	recraft	obj_rel_no_that	expected	The senators the authors judge recraft	0.00010171960821022283	0.00010171960821022283	13.644492149353027	13.644492149353027
2690	gpt2	2691	1346	14	recreate	obj_rel_no_that	unexpected	The senators the authors judge recreates	0.22270513090431143	0.22270513090431143	9.06019107500712	9.06019107500712
2691	gpt2	2692	1346	14	recreate	obj_rel_no_that	expected	The senators the authors judge recreate	7.861437723022392e-08	7.861437723022392e-08	23.600631713867188	23.600631713867188
2692	gpt2	2693	1347	14	recycle	obj_rel_no_that	unexpected	The senators the authors judge recycles	0.4352998612870067	0.4352998612870067	10.3322339206934	10.3322339206934
2693	gpt2	2694	1347	14	recycle	obj_rel_no_that	expected	The senators the authors judge recycle	1.6535716440557738e-07	1.6535716440557738e-07	22.527910232543945	22.527910232543945
2694	gpt2	2695	1348	14	redden	obj_rel_no_that	unexpected	The senators the authors judge reddens	0.0022831867253003606	0.0022831867253003606	15.350810289382935	15.350810289382935
2695	gpt2	2696	1348	14	redden	obj_rel_no_that	expected	The senators the authors judge redden	5.017817602492869e-05	5.017817602492869e-05	14.348059177398682	14.348059177398682
2696	gpt2	2697	1349	14	redeem	obj_rel_no_that	unexpected	The senators the authors judge redeems	0.1619575669696225	0.1619575669696225	12.444196879863739	12.444196879863739
2697	gpt2	2698	1349	14	redeem	obj_rel_no_that	expected	The senators the authors judge redeem	5.133503009346896e-07	5.133503009346896e-07	20.893552780151367	20.893552780151367
2698	gpt2	2699	1350	14	redefine	obj_rel_no_that	unexpected	The senators the authors judge redefines	0.004179995429012681	0.004179995429012681	13.445727348327637	13.445727348327637
2699	gpt2	2700	1350	14	redefine	obj_rel_no_that	expected	The senators the authors judge redefine	0.44010553128669017	0.44010553128669017	10.086543127894402	10.086543127894402
2700	gpt2	2701	1351	14	redesign	obj_rel_no_that	unexpected	The senators the authors judge redesigns	0.004699692924859238	0.004699692924859238	14.629944324493408	14.629944324493408
2701	gpt2	2702	1351	14	redesign	obj_rel_no_that	expected	The senators the authors judge redesign	1.6550231407563842e-07	1.6550231407563842e-07	22.52664566040039	22.52664566040039
2702	gpt2	2703	1352	14	redevelop	obj_rel_no_that	unexpected	The senators the authors judge redevelops	0.005244806156792205	0.005244806156792205	16.360517978668213	16.360517978668213
2703	gpt2	2704	1352	14	redevelop	obj_rel_no_that	expected	The senators the authors judge redevelop	1.3465658810218883e-08	1.3465658810218883e-08	26.14613914489746	26.14613914489746
2704	gpt2	2705	1353	14	redial	obj_rel_no_that	unexpected	The senators the authors judge redials	1.3017627182421165e-05	1.3017627182421165e-05	18.80843162536621	18.80843162536621
2705	gpt2	2706	1353	14	redial	obj_rel_no_that	expected	The senators the authors judge redial	8.54899335535763e-05	8.54899335535763e-05	13.994882583618164	13.994882583618164
2706	gpt2	2707	1354	14	rediscover	obj_rel_no_that	unexpected	The senators the authors judge rediscovers	0.26070181709656026	0.26070181709656026	8.54777529835701	8.54777529835701
2707	gpt2	2708	1354	14	rediscover	obj_rel_no_that	expected	The senators the authors judge rediscover	0.0024150552126229264	0.0024150552126229264	11.470425128936768	11.470425128936768
2708	gpt2	2709	1355	14	redound	obj_rel_no_that	unexpected	The senators the authors judge redounds	0.0002384979816269763	0.0002384979816269763	13.176751613616943	13.176751613616943
2709	gpt2	2710	1355	14	redound	obj_rel_no_that	expected	The senators the authors judge redound	0.0026999011533916763	0.0026999011533916763	11.389590501785278	11.389590501785278
2710	gpt2	2711	1356	14	redo	obj_rel_no_that	unexpected	The senators the authors judge redoes	5.056184090790339e-05	5.056184090790339e-05	14.468453884124756	14.468453884124756
2711	gpt2	2712	1356	14	redo	obj_rel_no_that	expected	The senators the authors judge redo	0.002421992634481276	0.002421992634481276	11.468344926834106	11.468344926834106
2712	gpt2	2713	1357	14	redraw	obj_rel_no_that	unexpected	The senators the authors judge redraws	0.029600243418826683	0.029600243418826683	8.4392139116923	8.4392139116923
2713	gpt2	2714	1357	14	redraw	obj_rel_no_that	expected	The senators the authors judge redraw	0.038371781854948474	0.038371781854948474	9.471838235855103	9.471838235855103
2714	gpt2	2715	1358	14	reduce	obj_rel_no_that	unexpected	The senators the authors judge reduces	8.118327059492003e-07	8.118327059492003e-07	20.23231506347656	20.23231506347656
2715	gpt2	2716	1358	14	reduce	obj_rel_no_that	expected	The senators the authors judge reduce	4.145427737967111e-05	4.145427737967111e-05	14.558119773864746	14.558119773864746
2716	gpt2	2717	1359	14	re-emerge	obj_rel_no_that	unexpected	The senators the authors judge re-emerges	0.21103415970719652	0.21103415970719652	8.015294969081879	8.015294969081879
2717	gpt2	2718	1359	14	re-emerge	obj_rel_no_that	expected	The senators the authors judge re-emerge	0.21103415970719652	0.21103415970719652	8.015294969081879	8.015294969081879
2718	gpt2	2719	1360	14	re-enter	obj_rel_no_that	unexpected	The senators the authors judge re-enters	0.21103415970719652	0.21103415970719652	8.015294969081879	8.015294969081879
2719	gpt2	2720	1360	14	re-enter	obj_rel_no_that	expected	The senators the authors judge re-enter	0.21103415970719652	0.21103415970719652	8.015294969081879	8.015294969081879
2720	gpt2	2721	1361	14	re-establish	obj_rel_no_that	unexpected	The senators the authors judge re-establishes	0.21103415970719652	0.21103415970719652	8.015294969081879	8.015294969081879
2721	gpt2	2722	1361	14	re-establish	obj_rel_no_that	expected	The senators the authors judge re-establish	0.21103415970719652	0.21103415970719652	8.015294969081879	8.015294969081879
2722	gpt2	2723	1362	14	reestablish	obj_rel_no_that	unexpected	The senators the authors judge reestablishes	0.3677489215006062	0.3677489215006062	6.936788873746992	6.936788873746992
2723	gpt2	2724	1362	14	reestablish	obj_rel_no_that	expected	The senators the authors judge reestablish	0.00034216765925517377	0.00034216765925517377	12.687824249267578	12.687824249267578
2724	gpt2	2725	1363	14	re-evaluate	obj_rel_no_that	unexpected	The senators the authors judge re-evaluates	0.21103415970719652	0.21103415970719652	8.015294969081879	8.015294969081879
2725	gpt2	2726	1363	14	re-evaluate	obj_rel_no_that	expected	The senators the authors judge re-evaluate	0.21103415970719652	0.21103415970719652	8.015294969081879	8.015294969081879
2726	gpt2	2727	1364	14	re-examine	obj_rel_no_that	unexpected	The senators the authors judge re-examines	0.21103415970719652	0.21103415970719652	8.015294969081879	8.015294969081879
2727	gpt2	2728	1364	14	re-examine	obj_rel_no_that	expected	The senators the authors judge re-examine	0.21103415970719652	0.21103415970719652	8.015294969081879	8.015294969081879
2728	gpt2	2729	1365	14	refer	obj_rel_no_that	unexpected	The senators the authors judge refers	8.114213414955884e-06	8.114213414955884e-06	16.911117553710938	16.911117553710938
2729	gpt2	2730	1365	14	refer	obj_rel_no_that	expected	The senators the authors judge refer	8.175581024261191e-05	8.175581024261191e-05	13.578319549560549	13.578319549560549
2730	gpt2	2731	1366	14	refinance	obj_rel_no_that	unexpected	The senators the authors judge refinances	7.3973626513179624e-06	7.3973626513179624e-06	17.052888870239258	17.052888870239258
2731	gpt2	2732	1366	14	refinance	obj_rel_no_that	expected	The senators the authors judge refinance	5.900703831681284e-05	5.900703831681284e-05	15.169962882995605	15.169962882995605
2732	gpt2	2733	1367	14	refine	obj_rel_no_that	unexpected	The senators the authors judge refines	4.3106007751703146e-05	4.3106007751703146e-05	15.412411212921143	15.412411212921143
2733	gpt2	2734	1367	14	refine	obj_rel_no_that	expected	The senators the authors judge refine	1.537305251986254e-07	1.537305251986254e-07	22.633092880249023	22.633092880249023
2734	gpt2	2735	1368	14	reflect	obj_rel_no_that	unexpected	The senators the authors judge reflects	9.312293514085468e-06	9.312293514085468e-06	16.712432861328125	16.712432861328125
2735	gpt2	2736	1368	14	reflect	obj_rel_no_that	expected	The senators the authors judge reflect	0.0003338388050906	0.0003338388050906	11.548561096191406	11.548561096191406
2736	gpt2	2737	1369	14	refocuses	obj_rel_no_that	unexpected	The senators the authors judge refocuseses	0.24554611868478554	0.24554611868478554	12.13447701279074	12.13447701279074
2737	gpt2	2738	1369	14	refocuses	obj_rel_no_that	expected	The senators the authors judge refocuses	0.3273943270376851	0.3273943270376851	9.728386393437782	9.728386393437782
2738	gpt2	2739	1370	15	refocus	obj_rel_no_that	unexpected	The customer the consultant auditions refocus	0.000605041673452403	0.000605041673452403	13.81779146194458	13.81779146194458
2739	gpt2	2740	1370	15	refocus	obj_rel_no_that	expected	The customer the consultant auditions refocuses	0.33002031764484246	0.33002031764484246	9.001351941997806	9.001351941997806
2740	gpt2	2741	1371	15	reform	obj_rel_no_that	unexpected	The customer the consultant auditions reform	4.885900466433668e-07	4.885900466433668e-07	20.96487236022949	20.96487236022949
2741	gpt2	2742	1371	15	reform	obj_rel_no_that	expected	The customer the consultant auditions reforms	2.481973524481873e-07	2.481973524481873e-07	21.94200897216797	21.94200897216797
2742	gpt2	2743	1372	15	refrain	obj_rel_no_that	unexpected	The customer the consultant auditions refrain	8.49554027126942e-08	8.49554027126942e-08	23.488718032836918	23.488718032836918
2743	gpt2	2744	1372	15	refrain	obj_rel_no_that	expected	The customer the consultant auditions refrains	0.3663773777196487	0.3663773777196487	7.074053928411256	7.074053928411256
2744	gpt2	2745	1373	15	refund	obj_rel_no_that	unexpected	The customer the consultant auditions refund	1.8497528344596503e-06	1.8497528344596503e-06	19.044235229492188	19.044235229492188
2745	gpt2	2746	1373	15	refund	obj_rel_no_that	expected	The customer the consultant auditions refunds	5.171101520318189e-07	5.171101520318189e-07	20.88302421569824	20.88302421569824
2746	gpt2	2747	1374	15	refurbish	obj_rel_no_that	unexpected	The customer the consultant auditions refurbish	0.030207240671600733	0.030207240671600733	13.384591817855835	13.384591817855835
2747	gpt2	2748	1374	15	refurbish	obj_rel_no_that	expected	The customer the consultant auditions refurbishes	0.09204704845019758	0.09204704845019758	12.580852270126343	12.580852270126343
2748	gpt2	2749	1375	15	refuse	obj_rel_no_that	unexpected	The customer the consultant auditions refuse	3.354789214427001e-06	3.354789214427001e-06	18.185346603393555	18.185346603393555
2749	gpt2	2750	1375	15	refuse	obj_rel_no_that	expected	The customer the consultant auditions refuses	1.6700872947694734e-05	1.6700872947694734e-05	15.86971664428711	15.86971664428711
2750	gpt2	2751	1376	15	refute	obj_rel_no_that	unexpected	The customer the consultant auditions refute	8.437313567810634e-07	8.437313567810634e-07	20.17671203613281	20.17671203613281
2751	gpt2	2752	1376	15	refute	obj_rel_no_that	expected	The customer the consultant auditions refutes	0.09253842266048196	0.09253842266048196	10.1869957447052	10.1869957447052
2752	gpt2	2753	1377	15	regain	obj_rel_no_that	unexpected	The customer the consultant auditions regain	1.9765990089126722e-07	1.9765990089126722e-07	22.270477294921875	22.270477294921875
2753	gpt2	2754	1377	15	regain	obj_rel_no_that	expected	The customer the consultant auditions regains	0.03278757594654278	0.03278757594654278	11.555601000785828	11.555601000785828
2754	gpt2	2755	1378	15	regard	obj_rel_no_that	unexpected	The customer the consultant auditions regard	2.127639845639351e-06	2.127639845639351e-06	18.84231376647949	18.84231376647949
2755	gpt2	2756	1378	15	regard	obj_rel_no_that	expected	The customer the consultant auditions regards	3.6772416933672494e-06	3.6772416933672494e-06	18.05294418334961	18.05294418334961
2756	gpt2	2757	1379	15	regenerate	obj_rel_no_that	unexpected	The customer the consultant auditions regenerate	7.76881208253144e-08	7.76881208253144e-08	23.61773109436035	23.61773109436035
2757	gpt2	2758	1379	15	regenerate	obj_rel_no_that	expected	The customer the consultant auditions regenerates	0.26431507945690313	0.26431507945690313	12.237919569015501	12.237919569015501
2758	gpt2	2759	1380	15	register	obj_rel_no_that	unexpected	The customer the consultant auditions register	2.16472608371987e-06	2.16472608371987e-06	18.817384719848636	18.817384719848636
2759	gpt2	2760	1380	15	register	obj_rel_no_that	expected	The customer the consultant auditions registers	8.353725888810004e-07	8.353725888810004e-07	20.191076278686523	20.191076278686523
2760	gpt2	2761	1381	15	regret	obj_rel_no_that	unexpected	The customer the consultant auditions regret	5.933946454206307e-07	5.933946454206307e-07	20.684505462646484	20.684505462646484
2761	gpt2	2762	1381	15	regret	obj_rel_no_that	expected	The customer the consultant auditions regrets	1.0650638841980251e-06	1.0650638841980251e-06	19.84062767028809	19.84062767028809
2762	gpt2	2763	1382	15	regroup	obj_rel_no_that	unexpected	The customer the consultant auditions regroup	0.036584481225702334	0.036584481225702334	11.476557731628418	11.476557731628418
2763	gpt2	2764	1382	15	regroup	obj_rel_no_that	expected	The customer the consultant auditions regroups	0.013474518993291433	0.013474518993291433	12.1970853805542	12.1970853805542
2764	gpt2	2765	1383	15	regulate	obj_rel_no_that	unexpected	The customer the consultant auditions regulate	2.568704360328411e-07	2.568704360328411e-07	21.8924560546875	21.8924560546875
2765	gpt2	2766	1383	15	regulate	obj_rel_no_that	expected	The customer the consultant auditions regulates	4.469346492896875e-07	4.469346492896875e-07	21.093433380126957	21.093433380126957
2766	gpt2	2767	1384	15	rehabilitate	obj_rel_no_that	unexpected	The customer the consultant auditions rehabilitate	0.07092764033925647	0.07092764033925647	12.845042705535887	12.845042705535887
2767	gpt2	2768	1384	15	rehabilitate	obj_rel_no_that	expected	The customer the consultant auditions rehabilitates	0.29338393165719623	0.29338393165719623	11.820857137441633	11.820857137441633
2768	gpt2	2769	1385	15	reignite	obj_rel_no_that	unexpected	The customer the consultant auditions reignite	0.04335733093030567	0.04335733093030567	12.680852174758911	12.680852174758911
2769	gpt2	2770	1385	15	reignite	obj_rel_no_that	expected	The customer the consultant auditions reignites	0.027367926758600423	0.027367926758600423	13.01274847984314	13.01274847984314
2770	gpt2	2771	1386	15	reimburse	obj_rel_no_that	unexpected	The customer the consultant auditions reimburse	4.506393906922313e-07	4.506393906922313e-07	21.081523895263672	21.081523895263672
2771	gpt2	2772	1386	15	reimburse	obj_rel_no_that	expected	The customer the consultant auditions reimburses	0.1926429144687063	0.1926429144687063	9.879563808441162	9.879563808441162
2772	gpt2	2773	1387	15	reimpose	obj_rel_no_that	unexpected	The customer the consultant auditions reimpose	0.00011204308606236215	0.00011204308606236215	17.965980052947998	17.965980052947998
2773	gpt2	2774	1387	15	reimpose	obj_rel_no_that	expected	The customer the consultant auditions reimposes	0.0019671526351316623	0.0019671526351316623	15.898781776428224	15.898781776428224
2774	gpt2	2775	1388	15	reinforce	obj_rel_no_that	unexpected	The customer the consultant auditions reinforce	8.357614547094272e-07	8.357614547094272e-07	20.190404891967773	20.190404891967773
2775	gpt2	2776	1388	15	reinforce	obj_rel_no_that	expected	The customer the consultant auditions reinforces	2.607117266961722e-06	2.607117266961722e-06	18.54911231994629	18.54911231994629
2776	gpt2	2777	1389	15	reinstate	obj_rel_no_that	unexpected	The customer the consultant auditions reinstate	0.08462713363479678	0.08462713363479678	11.83751928806305	11.83751928806305
2777	gpt2	2778	1389	15	reinstate	obj_rel_no_that	expected	The customer the consultant auditions reinstates	0.025643038404098182	0.025643038404098182	12.698800086975098	12.698800086975098
2778	gpt2	2779	1390	15	rein	obj_rel_no_that	unexpected	The customer the consultant auditions rein	4.411282361616032e-07	4.411282361616032e-07	21.1122989654541	21.1122989654541
2779	gpt2	2780	1390	15	rein	obj_rel_no_that	expected	The customer the consultant auditions reins	6.266130725407494e-08	6.266130725407494e-08	23.9278507232666	23.9278507232666
2780	gpt2	2781	1391	15	reinvent	obj_rel_no_that	unexpected	The customer the consultant auditions reinvent	1.2070084665083414e-07	1.2070084665083414e-07	22.9820613861084	22.9820613861084
2781	gpt2	2782	1391	15	reinvent	obj_rel_no_that	expected	The customer the consultant auditions reinvents	0.14277520578908326	0.14277520578908326	8.558902978897095	8.558902978897095
2782	gpt2	2783	1392	15	reinvest	obj_rel_no_that	unexpected	The customer the consultant auditions reinvest	1.708803694100425e-07	1.708803694100425e-07	22.48051071166992	22.48051071166992
2783	gpt2	2784	1392	15	reinvest	obj_rel_no_that	expected	The customer the consultant auditions reinvests	0.13716839553721152	0.13716839553721152	8.589349865913391	8.589349865913391
2784	gpt2	2785	1393	15	reinvigorate	obj_rel_no_that	unexpected	The customer the consultant auditions reinvigorate	0.2502157887578562	0.2502157887578562	7.11513527482748	7.11513527482748
2785	gpt2	2786	1393	15	reinvigorate	obj_rel_no_that	expected	The customer the consultant auditions reinvigorates	0.16430357323443445	0.16430357323443445	6.949967950582504	6.949967950582504
2786	gpt2	2787	1394	15	reject	obj_rel_no_that	unexpected	The customer the consultant auditions reject	3.8654948184557725e-06	3.8654948184557725e-06	17.980915069580078	17.980915069580078
2787	gpt2	2788	1394	15	reject	obj_rel_no_that	expected	The customer the consultant auditions rejects	1.8958446617034497e-06	1.8958446617034497e-06	19.00872802734375	19.00872802734375
2788	gpt2	2789	1395	15	rejoin	obj_rel_no_that	unexpected	The customer the consultant auditions rejoin	0.00016942536603888563	0.00016942536603888563	13.286763191223145	13.286763191223145
2789	gpt2	2790	1395	15	rejoin	obj_rel_no_that	expected	The customer the consultant auditions rejoins	0.023176875226610598	0.023176875226610598	13.202850580215454	13.202850580215454
2790	gpt2	2791	1396	15	rejuvenate	obj_rel_no_that	unexpected	The customer the consultant auditions rejuvenate	0.02782194358814569	0.02782194358814569	14.22106695175171	14.22106695175171
2791	gpt2	2792	1396	15	rejuvenate	obj_rel_no_that	expected	The customer the consultant auditions rejuvenates	0.1251070596795163	0.1251070596795163	13.136632502079012	13.136632502079012
2792	gpt2	2793	1397	15	rekindle	obj_rel_no_that	unexpected	The customer the consultant auditions rekindle	0.021831709576266154	0.021831709576266154	9.566551526387533	9.566551526387533
2793	gpt2	2794	1397	15	rekindle	obj_rel_no_that	expected	The customer the consultant auditions rekindles	0.06739656719825383	0.06739656719825383	9.018833955128988	9.018833955128988
2794	gpt2	2795	1398	15	relate	obj_rel_no_that	unexpected	The customer the consultant auditions relate	2.144074642274063e-05	2.144074642274063e-05	15.509284973144531	15.509284973144531
2795	gpt2	2796	1398	15	relate	obj_rel_no_that	expected	The customer the consultant auditions relates	1.0282203220413066e-05	1.0282203220413066e-05	16.569490432739258	16.569490432739258
2796	gpt2	2797	1399	15	relaunch	obj_rel_no_that	unexpected	The customer the consultant auditions relaunch	0.0003426014413889571	0.0003426014413889571	15.431699752807617	15.431699752807617
2797	gpt2	2798	1399	15	relaunch	obj_rel_no_that	expected	The customer the consultant auditions relaunches	0.03473774617092807	0.03473774617092807	10.565088828404745	10.565088828404745
2798	gpt2	2799	1400	15	relax	obj_rel_no_that	unexpected	The customer the consultant auditions relax	1.0366553482299425e-07	1.0366553482299425e-07	23.201560974121094	23.201560974121094
2799	gpt2	2800	1400	15	relax	obj_rel_no_that	expected	The customer the consultant auditions relaxes	0.12919033286628331	0.12919033286628331	12.57699579000473	12.57699579000473
2800	gpt2	2801	1401	15	release	obj_rel_no_that	unexpected	The customer the consultant auditions release	1.4140086932457052e-06	1.4140086932457052e-06	19.43177795410156	19.43177795410156
2801	gpt2	2802	1401	15	release	obj_rel_no_that	expected	The customer the consultant auditions releases	1.3533597211790038e-06	1.3533597211790038e-06	19.495023727416992	19.495023727416992
2802	gpt2	2803	1402	15	relieve	obj_rel_no_that	unexpected	The customer the consultant auditions relieve	1.63740836001125e-07	1.63740836001125e-07	22.542081832885746	22.542081832885746
2803	gpt2	2804	1402	15	relieve	obj_rel_no_that	expected	The customer the consultant auditions relieves	0.4581378944977175	0.4581378944977175	11.094863064587114	11.094863064587114
2804	gpt2	2805	1403	15	relinquish	obj_rel_no_that	unexpected	The customer the consultant auditions relinquish	0.02315458714752336	0.02315458714752336	13.885209560394285	13.885209560394285
2805	gpt2	2806	1403	15	relinquish	obj_rel_no_that	expected	The customer the consultant auditions relinquishes	0.09793867416470191	0.09793867416470191	12.844918131828306	12.844918131828306
2806	gpt2	2807	1404	15	relish	obj_rel_no_that	unexpected	The customer the consultant auditions relish	0.018702476776979858	0.018702476776979858	12.545649528503418	12.545649528503418
2807	gpt2	2808	1404	15	relish	obj_rel_no_that	expected	The customer the consultant auditions relishes	0.03686974712445586	0.03686974712445586	12.05603814125061	12.05603814125061
2808	gpt2	2809	1405	15	relocate	obj_rel_no_that	unexpected	The customer the consultant auditions relocate	5.274357306461752e-08	5.274357306461752e-08	24.17642974853516	24.17642974853516
2809	gpt2	2810	1405	15	relocate	obj_rel_no_that	expected	The customer the consultant auditions relocates	0.32499533800273633	0.32499533800273633	8.803749697903791	8.803749697903791
2810	gpt2	2811	1406	15	rely	obj_rel_no_that	unexpected	The customer the consultant auditions rely	1.9595139747252688e-05	1.9595139747252688e-05	15.639144897460938	15.639144897460938
2811	gpt2	2812	1406	15	rely	obj_rel_no_that	expected	The customer the consultant auditions relies	2.690626570256427e-05	2.690626570256427e-05	15.181697845458984	15.181697845458984
2812	gpt2	2813	1407	15	remake	obj_rel_no_that	unexpected	The customer the consultant auditions remake	7.524851497464624e-08	7.524851497464624e-08	23.663761138916016	23.663761138916016
2813	gpt2	2814	1407	15	remake	obj_rel_no_that	expected	The customer the consultant auditions remakes	0.002062128567672507	0.002062128567672507	13.594433546066284	13.594433546066284
2814	gpt2	2815	1408	15	remain	obj_rel_no_that	unexpected	The customer the consultant auditions remain	2.8735905289067887e-05	2.8735905289067887e-05	15.086786270141602	15.086786270141602
2815	gpt2	2816	1408	15	remain	obj_rel_no_that	expected	The customer the consultant auditions remains	4.264326707925648e-05	4.264326707925648e-05	14.517322540283203	14.517322540283203
2816	gpt2	2817	1409	15	remark	obj_rel_no_that	unexpected	The customer the consultant auditions remark	9.253153621102684e-07	9.253153621102684e-07	20.04355239868164	20.04355239868164
2817	gpt2	2818	1409	15	remark	obj_rel_no_that	expected	The customer the consultant auditions remarks	2.617341124278028e-06	2.617341124278028e-06	18.543466567993164	18.543466567993164
2818	gpt2	2819	1410	15	remedy	obj_rel_no_that	unexpected	The customer the consultant auditions remedy	9.639276044026701e-08	9.639276044026701e-08	23.30649948120117	23.30649948120117
2819	gpt2	2820	1410	15	remedy	obj_rel_no_that	expected	The customer the consultant auditions remedies	2.0863033967088998e-07	2.0863033967088998e-07	22.192546844482425	22.192546844482425
2820	gpt2	2821	1411	15	remember	obj_rel_no_that	unexpected	The customer the consultant auditions remember	2.065321314148605e-05	2.065321314148605e-05	15.563274383544922	15.563274383544922
2821	gpt2	2822	1411	15	remember	obj_rel_no_that	expected	The customer the consultant auditions remembers	1.0094180652231444e-05	1.0094180652231444e-05	16.59611701965332	16.59611701965332
2822	gpt2	2823	1412	15	remind	obj_rel_no_that	unexpected	The customer the consultant auditions remind	2.269323204018292e-06	2.269323204018292e-06	18.749305725097656	18.749305725097656
2823	gpt2	2824	1412	15	remind	obj_rel_no_that	expected	The customer the consultant auditions reminds	2.5116819415416103e-06	2.5116819415416103e-06	18.602914810180664	18.602914810180664
2824	gpt2	2825	1413	15	remove	obj_rel_no_that	unexpected	The customer the consultant auditions remove	5.972669896436855e-06	5.972669896436855e-06	17.353193283081055	17.353193283081055
2825	gpt2	2826	1413	15	remove	obj_rel_no_that	expected	The customer the consultant auditions removes	5.180838343221694e-06	5.180838343221694e-06	17.558382034301758	17.558382034301758
2826	gpt2	2827	1414	15	renege	obj_rel_no_that	unexpected	The customer the consultant auditions renege	0.007218573043549691	0.007218573043549691	9.32240072886149	9.32240072886149
2827	gpt2	2828	1414	15	renege	obj_rel_no_that	expected	The customer the consultant auditions reneges	0.01888618070612812	0.01888618070612812	8.6480344136556	8.6480344136556
2828	gpt2	2829	1415	15	renegotiate	obj_rel_no_that	unexpected	The customer the consultant auditions renegotiate	0.012434074594104012	0.012434074594104012	13.815019369125366	13.815019369125366
2829	gpt2	2830	1415	15	renegotiate	obj_rel_no_that	expected	The customer the consultant auditions renegotiates	0.3332232906803725	0.3332232906803725	11.442954808473587	11.442954808473587
2830	gpt2	2831	1416	15	renew	obj_rel_no_that	unexpected	The customer the consultant auditions renew	2.6722234451881377e-06	2.6722234451881377e-06	18.513526916503903	18.513526916503903
2831	gpt2	2832	1416	15	renew	obj_rel_no_that	expected	The customer the consultant auditions renews	0.3715858409544808	0.3715858409544808	9.470882326364515	9.470882326364515
2832	gpt2	2833	1417	15	renounce	obj_rel_no_that	unexpected	The customer the consultant auditions renounce	0.042319352651816175	0.042319352651816175	11.630637884140015	11.630637884140015
2833	gpt2	2834	1417	15	renounce	obj_rel_no_that	expected	The customer the consultant auditions renounces	0.12746610390661317	0.12746610390661317	10.835269153118134	10.835269153118134
2834	gpt2	2835	1418	15	renovate	obj_rel_no_that	unexpected	The customer the consultant auditions renovate	0.07550057586097123	0.07550057586097123	12.10963749885559	12.10963749885559
2835	gpt2	2836	1418	15	renovate	obj_rel_no_that	expected	The customer the consultant auditions renovates	0.33870138790273074	0.33870138790273074	11.026909083127975	11.026909083127975
2836	gpt2	2837	1419	15	rent	obj_rel_no_that	unexpected	The customer the consultant auditions rent	1.2076359780621717e-05	1.2076359780621717e-05	16.337453842163086	16.337453842163086
2837	gpt2	2838	1419	15	rent	obj_rel_no_that	expected	The customer the consultant auditions rents	1.6297879028570603e-06	1.6297879028570603e-06	19.226884841918945	19.226884841918945
2838	gpt2	2839	1420	15	reopen	obj_rel_no_that	unexpected	The customer the consultant auditions reopen	5.928626123363757e-08	5.928626123363757e-08	24.007726669311523	24.007726669311523
2839	gpt2	2840	1420	15	reopen	obj_rel_no_that	expected	The customer the consultant auditions reopens	0.0008040416796574856	0.0008040416796574856	12.105054378509521	12.105054378509521
2840	gpt2	2841	1421	15	reorganize	obj_rel_no_that	unexpected	The customer the consultant auditions reorganize	0.031316698258282635	0.031316698258282635	14.664544701576233	14.664544701576233
2841	gpt2	2842	1421	15	reorganize	obj_rel_no_that	expected	The customer the consultant auditions reorganizes	0.2168690531603117	0.2168690531603117	13.268634378910065	13.268634378910065
2842	gpt2	2843	1422	15	repair	obj_rel_no_that	unexpected	The customer the consultant auditions repair	9.54309371081763e-07	9.54309371081763e-07	19.999038696289062	19.999038696289062
2843	gpt2	2844	1422	15	repair	obj_rel_no_that	expected	The customer the consultant auditions repairs	4.960722321811772e-07	4.960722321811772e-07	20.942947387695312	20.942947387695312
2844	gpt2	2845	1423	15	repatriate	obj_rel_no_that	unexpected	The customer the consultant auditions repatriate	0.012231936985413583	0.012231936985413583	14.969204425811768	14.969204425811768
2845	gpt2	2846	1423	15	repatriate	obj_rel_no_that	expected	The customer the consultant auditions repatriates	0.28356121976838544	0.28356121976838544	12.701735526323318	12.701735526323318
2846	gpt2	2847	1424	15	repay	obj_rel_no_that	unexpected	The customer the consultant auditions repay	6.461812063207617e-07	6.461812063207617e-07	20.56155776977539	20.56155776977539
2847	gpt2	2848	1424	15	repay	obj_rel_no_that	expected	The customer the consultant auditions repays	0.0005464340970320281	0.0005464340970320281	13.03135061264038	13.03135061264038
2848	gpt2	2849	1425	15	repeal	obj_rel_no_that	unexpected	The customer the consultant auditions repeal	2.1654011916893975e-08	2.1654011916893975e-08	25.460790634155277	25.460790634155277
2849	gpt2	2850	1425	15	repeal	obj_rel_no_that	expected	The customer the consultant auditions repeals	0.011728969587073437	0.011728969587073437	14.824175357818605	14.824175357818605
2850	gpt2	2851	1426	15	repeat	obj_rel_no_that	unexpected	The customer the consultant auditions repeat	6.246661996556213e-06	6.246661996556213e-06	17.288482666015625	17.288482666015625
2851	gpt2	2852	1426	15	repeat	obj_rel_no_that	expected	The customer the consultant auditions repeats	4.903285571344895e-06	4.903285571344895e-06	17.637819290161133	17.637819290161133
2852	gpt2	2853	1427	15	repel	obj_rel_no_that	unexpected	The customer the consultant auditions repel	0.000283312215742578	0.000283312215742578	13.51342487335205	13.51342487335205
2853	gpt2	2854	1427	15	repel	obj_rel_no_that	expected	The customer the consultant auditions repels	9.569222629577802e-05	9.569222629577802e-05	14.330973148345947	14.330973148345947
2854	gpt2	2855	1428	15	replace	obj_rel_no_that	unexpected	The customer the consultant auditions replace	3.409413920962834e-06	3.409413920962834e-06	18.162044525146484	18.162044525146484
2855	gpt2	2856	1428	15	replace	obj_rel_no_that	expected	The customer the consultant auditions replaces	4.7802095650695264e-06	4.7802095650695264e-06	17.67449378967285	17.67449378967285
2856	gpt2	2857	1429	15	replaster	obj_rel_no_that	unexpected	The customer the consultant auditions replaster	0.00011682847718927375	0.00011682847718927375	16.190555572509766	16.190555572509766
2857	gpt2	2858	1429	15	replaster	obj_rel_no_that	expected	The customer the consultant auditions replasters	0.00015824113972937376	0.00015824113972937376	15.971067428588867	15.971067428588867
2858	gpt2	2859	1430	15	replenish	obj_rel_no_that	unexpected	The customer the consultant auditions replenish	0.054196248993227024	0.054196248993227024	13.8333158493042	13.8333158493042
2859	gpt2	2860	1430	15	replenish	obj_rel_no_that	expected	The customer the consultant auditions replenishes	0.27111717243487554	0.27111717243487554	12.671989858150482	12.671989858150482
2860	gpt2	2861	1431	15	replicate	obj_rel_no_that	unexpected	The customer the consultant auditions replicate	2.839069566107355e-07	2.839069566107355e-07	21.74807929992676	21.74807929992676
2861	gpt2	2862	1431	15	replicate	obj_rel_no_that	expected	The customer the consultant auditions replicates	0.12776180741377627	0.12776180741377627	11.140759646892548	11.140759646892548
2862	gpt2	2863	1432	15	reply	obj_rel_no_that	unexpected	The customer the consultant auditions reply	3.056062269024551e-06	3.056062269024551e-06	18.31989479064941	18.31989479064941
2863	gpt2	2864	1432	15	reply	obj_rel_no_that	expected	The customer the consultant auditions replies	7.808931513864081e-06	7.808931513864081e-06	16.96644401550293	16.96644401550293
2864	gpt2	2865	1433	15	repond	obj_rel_no_that	unexpected	The customer the consultant auditions repond	1.7695577753329417e-05	1.7695577753329417e-05	15.834051609039307	15.834051609039307
2865	gpt2	2866	1433	15	repond	obj_rel_no_that	expected	The customer the consultant auditions reponds	1.521420517747174e-05	1.521420517747174e-05	16.016788005828857	16.016788005828857
2866	gpt2	2867	1434	15	report	obj_rel_no_that	unexpected	The customer the consultant auditions report	3.536734948283993e-05	3.536734948283993e-05	14.787221908569336	14.787221908569336
2867	gpt2	2868	1434	15	report	obj_rel_no_that	expected	The customer the consultant auditions reports	6.30269933026284e-05	6.30269933026284e-05	13.953670501708984	13.953670501708984
2868	gpt2	2869	1435	15	reposition	obj_rel_no_that	unexpected	The customer the consultant auditions reposition	1.6163163763849298e-05	1.6163163763849298e-05	15.941341400146484	15.941341400146484
2869	gpt2	2870	1435	15	reposition	obj_rel_no_that	expected	The customer the consultant auditions repositions	0.07798691067940429	0.07798691067940429	9.565123558044434	9.565123558044434
2870	gpt2	2871	1436	15	repossess	obj_rel_no_that	unexpected	The customer the consultant auditions repossess	0.003991988625481652	0.003991988625481652	11.616106669108072	11.616106669108072
2871	gpt2	2872	1436	15	repossess	obj_rel_no_that	expected	The customer the consultant auditions repossesses	0.18720292251691714	0.18720292251691714	9.75687434275945	9.75687434275945
2872	gpt2	2873	1437	15	represent	obj_rel_no_that	unexpected	The customer the consultant auditions represent	0.0001588565501151	0.0001588565501151	12.619987487792969	12.619987487792969
2873	gpt2	2874	1437	15	represent	obj_rel_no_that	expected	The customer the consultant auditions represents	0.000152074280777	0.000152074280777	12.682936668395996	12.682936668395996
2874	gpt2	2875	1438	15	reproduce	obj_rel_no_that	unexpected	The customer the consultant auditions reproduce	1.9641518633761734e-07	1.9641518633761734e-07	22.279590606689453	22.279590606689453
2875	gpt2	2876	1438	15	reproduce	obj_rel_no_that	expected	The customer the consultant auditions reproduces	0.3019299773299622	0.3019299773299622	11.21848592162132	11.21848592162132
2876	gpt2	2877	1439	15	repurchase	obj_rel_no_that	unexpected	The customer the consultant auditions repurchase	2.5555852971592685e-05	2.5555852971592685e-05	15.447522640228271	15.447522640228271
2877	gpt2	2878	1439	15	repurchase	obj_rel_no_that	expected	The customer the consultant auditions repurchases	0.12244913623453613	0.12244913623453613	10.143640081087748	10.143640081087748
2878	gpt2	2879	1440	15	request	obj_rel_no_that	unexpected	The customer the consultant auditions request	5.927617530687712e-05	5.927617530687712e-05	14.042187690734863	14.042187690734863
2879	gpt2	2880	1440	15	request	obj_rel_no_that	expected	The customer the consultant auditions requests	0.0001311062223976	0.0001311062223976	12.896976470947266	12.896976470947266
2880	gpt2	2881	1441	15	require	obj_rel_no_that	unexpected	The customer the consultant auditions require	7.729478238616139e-05	7.729478238616139e-05	13.659269332885742	13.659269332885742
2881	gpt2	2882	1441	15	require	obj_rel_no_that	expected	The customer the consultant auditions requires	0.0001018209077301	0.0001018209077301	13.261678695678713	13.261678695678713
2882	gpt2	2883	1442	15	reschedule	obj_rel_no_that	unexpected	The customer the consultant auditions reschedule	0.33549639310816315	0.33549639310816315	6.917371357480683	6.917371357480683
2883	gpt2	2884	1442	15	reschedule	obj_rel_no_that	expected	The customer the consultant auditions reschedules	0.06195063493032646	0.06195063493032646	7.590535402297974	7.590535402297974
2884	gpt2	2885	1443	15	rescind	obj_rel_no_that	unexpected	The customer the consultant auditions rescind	4.656435521610547e-07	4.656435521610547e-07	21.03427124023437	21.03427124023437
2885	gpt2	2886	1443	15	rescind	obj_rel_no_that	expected	The customer the consultant auditions rescinds	0.05958961135752358	0.05958961135752358	12.051536083221434	12.051536083221434
2886	gpt2	2887	1444	15	rescue	obj_rel_no_that	unexpected	The customer the consultant auditions rescue	2.011958031289396e-07	2.011958031289396e-07	22.244895935058597	22.244895935058597
2887	gpt2	2888	1444	15	rescue	obj_rel_no_that	expected	The customer the consultant auditions rescues	0.3890302235767251	0.3890302235767251	10.758735403418541	10.758735403418541
2888	gpt2	2889	1445	15	research	obj_rel_no_that	unexpected	The customer the consultant auditions research	6.425951596611412e-06	6.425951596611412e-06	17.247657775878906	17.247657775878906
2889	gpt2	2890	1445	15	research	obj_rel_no_that	expected	The customer the consultant auditions researches	0.4939942335729484	0.4939942335729484	10.353633712045848	10.353633712045848
2890	gpt2	2891	1446	15	resell	obj_rel_no_that	unexpected	The customer the consultant auditions resell	0.020331019906279814	0.020331019906279814	11.672997951507567	11.672997951507567
2891	gpt2	2892	1446	15	resell	obj_rel_no_that	expected	The customer the consultant auditions resells	0.3076308732218725	0.3076308732218725	7.842256094018617	7.842256094018617
2892	gpt2	2893	1447	15	resemble	obj_rel_no_that	unexpected	The customer the consultant auditions resemble	3.5547088828025157e-06	3.5547088828025157e-06	18.101837158203125	18.101837158203125
2893	gpt2	2894	1447	15	resemble	obj_rel_no_that	expected	The customer the consultant auditions resembles	9.030916771735065e-06	9.030916771735065e-06	16.756696701049805	16.756696701049805
2894	gpt2	2895	1448	15	resent	obj_rel_no_that	unexpected	The customer the consultant auditions resent	3.255058800277766e-07	3.255058800277766e-07	21.55081367492676	21.55081367492676
2895	gpt2	2896	1448	15	resent	obj_rel_no_that	expected	The customer the consultant auditions resents	0.009943635782292385	0.009943635782292385	10.669853687286377	10.669853687286377
2896	gpt2	2897	1449	15	reserve	obj_rel_no_that	unexpected	The customer the consultant auditions reserve	5.809458798466949e-07	5.809458798466949e-07	20.7150936126709	20.7150936126709
2897	gpt2	2898	1449	15	reserve	obj_rel_no_that	expected	The customer the consultant auditions reserves	1.4595063930755714e-06	1.4595063930755714e-06	19.38608741760254	19.38608741760254
2898	gpt2	2899	1450	15	reset	obj_rel_no_that	unexpected	The customer the consultant auditions reset	2.736249768986454e-07	2.736249768986454e-07	21.80129623413086	21.80129623413086
2899	gpt2	2900	1450	15	reset	obj_rel_no_that	expected	The customer the consultant auditions resets	0.010970743952384485	0.010970743952384485	10.598881244659424	10.598881244659424
2900	gpt2	2901	1451	15	reshape	obj_rel_no_that	unexpected	The customer the consultant auditions reshape	0.02618709747635246	0.02618709747635246	13.251332521438599	13.251332521438599
2901	gpt2	2902	1451	15	reshape	obj_rel_no_that	expected	The customer the consultant auditions reshapes	0.10752181318544271	0.10752181318544271	12.232479929924011	12.232479929924011
2902	gpt2	2903	1452	15	reshuffle	obj_rel_no_that	unexpected	The customer the consultant auditions reshuffle	0.015278219999302659	0.015278219999302659	13.640024423599243	13.640024423599243
2903	gpt2	2904	1452	15	reshuffle	obj_rel_no_that	expected	The customer the consultant auditions reshuffles	0.1776840362756976	0.1776840362756976	8.689353823661804	8.689353823661804
2904	gpt2	2905	1453	15	reside	obj_rel_no_that	unexpected	The customer the consultant auditions reside	2.030672703767777e-06	2.030672703767777e-06	18.909610748291016	18.909610748291016
2905	gpt2	2906	1453	15	reside	obj_rel_no_that	expected	The customer the consultant auditions resides	5.134954790264601e-06	5.134954790264601e-06	17.571216583251953	17.571216583251953
2906	gpt2	2907	1454	15	resign	obj_rel_no_that	unexpected	The customer the consultant auditions resign	5.082470693196228e-07	5.082470693196228e-07	20.90796661376953	20.90796661376953
2907	gpt2	2908	1454	15	resign	obj_rel_no_that	expected	The customer the consultant auditions resigns	0.450212196319427	0.450212196319427	10.529645211994648	10.529645211994648
2908	gpt2	2909	1455	15	resist	obj_rel_no_that	unexpected	The customer the consultant auditions resist	4.975466367795889e-07	4.975466367795889e-07	20.93866539001465	20.93866539001465
2909	gpt2	2910	1455	15	resist	obj_rel_no_that	expected	The customer the consultant auditions resists	3.824264069862693e-07	3.824264069862693e-07	21.31831359863281	21.31831359863281
2910	gpt2	2911	1456	15	resolve	obj_rel_no_that	unexpected	The customer the consultant auditions resolve	1.3692499578610295e-06	1.3692499578610295e-06	19.478181838989254	19.478181838989254
2911	gpt2	2912	1456	15	resolve	obj_rel_no_that	expected	The customer the consultant auditions resolves	1.4642018868471496e-06	1.4642018868471496e-06	19.38145446777344	19.38145446777344
2912	gpt2	2913	1457	15	resort	obj_rel_no_that	unexpected	The customer the consultant auditions resort	6.098580911384488e-07	6.098580911384488e-07	20.645023345947266	20.645023345947266
2913	gpt2	2914	1457	15	resort	obj_rel_no_that	expected	The customer the consultant auditions resorts	1.1117701603780007e-07	1.1117701603780007e-07	23.10063743591309	23.10063743591309
2914	gpt2	2915	1458	15	respect	obj_rel_no_that	unexpected	The customer the consultant auditions respect	3.474245659162989e-06	3.474245659162989e-06	18.13486862182617	18.13486862182617
2915	gpt2	2916	1458	15	respect	obj_rel_no_that	expected	The customer the consultant auditions respects	4.208779500913806e-06	4.208779500913806e-06	17.858165740966797	17.858165740966797
2916	gpt2	2917	1459	15	respond	obj_rel_no_that	unexpected	The customer the consultant auditions respond	1.828322092478629e-05	1.828322092478629e-05	15.739120483398438	15.739120483398438
2917	gpt2	2918	1459	15	respond	obj_rel_no_that	expected	The customer the consultant auditions responds	1.623440948606003e-05	1.623440948606003e-05	15.910585403442385	15.910585403442385
2918	gpt2	2919	1460	15	restart	obj_rel_no_that	unexpected	The customer the consultant auditions restart	3.959621608373709e-07	3.959621608373709e-07	21.26813316345215	21.26813316345215
2919	gpt2	2920	1460	15	restart	obj_rel_no_that	expected	The customer the consultant auditions restarts	0.004396502307145054	0.004396502307145054	12.423559665679932	12.423559665679932
2920	gpt2	2921	1461	15	restate	obj_rel_no_that	unexpected	The customer the consultant auditions restate	0.002788334532169754	0.002788334532169754	12.752214431762695	12.752214431762695
2921	gpt2	2922	1461	15	restate	obj_rel_no_that	expected	The customer the consultant auditions restates	0.002729669824702754	0.002729669824702754	12.767563581466675	12.767563581466675
2922	gpt2	2923	1462	15	restore	obj_rel_no_that	unexpected	The customer the consultant auditions restore	5.145913632986776e-07	5.145913632986776e-07	20.89006996154785	20.89006996154785
2923	gpt2	2924	1462	15	restore	obj_rel_no_that	expected	The customer the consultant auditions restores	6.168162940412003e-07	6.168162940412003e-07	20.6286563873291	20.6286563873291
2924	gpt2	2925	1463	15	restrain	obj_rel_no_that	unexpected	The customer the consultant auditions restrain	3.9074173230346794e-08	3.9074173230346794e-08	24.609209060668945	24.609209060668945
2925	gpt2	2926	1463	15	restrain	obj_rel_no_that	expected	The customer the consultant auditions restrains	0.3105934205815781	0.3105934205815781	8.176522240042686	8.176522240042686
2926	gpt2	2927	1464	15	restrict	obj_rel_no_that	unexpected	The customer the consultant auditions restrict	1.0633137037530105e-07	1.0633137037530105e-07	23.164928436279297	23.164928436279297
2927	gpt2	2928	1464	15	restrict	obj_rel_no_that	expected	The customer the consultant auditions restricts	1.6824395743242349e-07	1.6824395743242349e-07	22.5029411315918	22.5029411315918
2928	gpt2	2929	1465	15	restructure	obj_rel_no_that	unexpected	The customer the consultant auditions restructure	0.019743077369867003	0.019743077369867003	11.339859962463379	11.339859962463379
2929	gpt2	2930	1465	15	restructure	obj_rel_no_that	expected	The customer the consultant auditions restructures	0.036362652060727634	0.036362652060727634	14.859883427619934	14.859883427619934
2930	gpt2	2931	1466	15	rest	obj_rel_no_that	unexpected	The customer the consultant auditions rest	3.769819613808068e-06	3.769819613808068e-06	18.017072677612305	18.017072677612305
2931	gpt2	2932	1466	15	rest	obj_rel_no_that	expected	The customer the consultant auditions rests	2.5612789613660425e-06	2.5612789613660425e-06	18.57470321655273	18.57470321655273
2932	gpt2	2933	1467	16	result	obj_rel_no_that	unexpected	The officers the officer exercises results	4.263165919837775e-06	4.263165919837775e-06	17.839643478393555	17.839643478393555
2933	gpt2	2934	1467	16	result	obj_rel_no_that	expected	The officers the officer exercises result	1.8835305581887951e-06	1.8835305581887951e-06	19.018129348754883	19.018129348754883
2934	gpt2	2935	1468	16	resume	obj_rel_no_that	unexpected	The officers the officer exercises resumes	5.752458509533653e-09	5.752458509533653e-09	27.3731746673584	27.3731746673584
2935	gpt2	2936	1468	16	resume	obj_rel_no_that	expected	The officers the officer exercises resume	1.2571206298161997e-07	1.2571206298161997e-07	22.92337417602539	22.92337417602539
2936	gpt2	2937	1469	16	resurrect	obj_rel_no_that	unexpected	The officers the officer exercises resurrects	0.011901960986232078	0.011901960986232078	17.00788712501526	17.00788712501526
2937	gpt2	2938	1469	16	resurrect	obj_rel_no_that	expected	The officers the officer exercises resurrect	2.4187074565418243e-09	2.4187074565418243e-09	28.62311744689941	28.62311744689941
2938	gpt2	2939	1470	16	retail	obj_rel_no_that	unexpected	The officers the officer exercises retails	4.502326828514924e-05	4.502326828514924e-05	15.899980545043945	15.899980545043945
2939	gpt2	2940	1470	16	retail	obj_rel_no_that	expected	The officers the officer exercises retail	9.409766335011228e-07	9.409766335011228e-07	20.01933860778809	20.01933860778809
2940	gpt2	2941	1471	16	retain	obj_rel_no_that	unexpected	The officers the officer exercises retains	9.565243317410932e-07	9.565243317410932e-07	19.995695114135746	19.995695114135746
2941	gpt2	2942	1471	16	retain	obj_rel_no_that	expected	The officers the officer exercises retain	4.391150014271261e-06	4.391150014271261e-06	17.79697036743164	17.79697036743164
2942	gpt2	2943	1472	16	rethink	obj_rel_no_that	unexpected	The officers the officer exercises rethinks	0.08209502155871932	0.08209502155871932	10.056552489598593	10.056552489598593
2943	gpt2	2944	1472	16	rethink	obj_rel_no_that	expected	The officers the officer exercises rethink	1.0580389897540954e-08	1.0580389897540954e-08	26.49403190612793	26.49403190612793
2944	gpt2	2945	1473	16	retire	obj_rel_no_that	unexpected	The officers the officer exercises retires	0.00011331308905933948	0.00011331308905933948	15.218984127044678	15.218984127044678
2945	gpt2	2946	1473	16	retire	obj_rel_no_that	expected	The officers the officer exercises retire	1.596769578782187e-07	1.596769578782187e-07	22.578340530395508	22.578340530395508
2946	gpt2	2947	1474	16	retreat	obj_rel_no_that	unexpected	The officers the officer exercises retreats	0.013830397132551278	0.013830397132551278	11.924380540847778	11.924380540847778
2947	gpt2	2948	1474	16	retreat	obj_rel_no_that	expected	The officers the officer exercises retreat	2.3932079784572124e-06	2.3932079784572124e-06	18.672622680664062	18.672622680664062
2948	gpt2	2949	1475	16	retrieve	obj_rel_no_that	unexpected	The officers the officer exercises retrieves	0.46349496361032116	0.46349496361032116	13.087734900414944	13.087734900414944
2949	gpt2	2950	1475	16	retrieve	obj_rel_no_that	expected	The officers the officer exercises retrieve	1.294949498742426e-07	1.294949498742426e-07	22.880599975585938	22.880599975585938
2950	gpt2	2951	1476	16	retrofit	obj_rel_no_that	unexpected	The officers the officer exercises retrofits	0.00010825558899792212	0.00010825558899792212	16.010809421539307	16.010809421539307
2951	gpt2	2952	1476	16	retrofit	obj_rel_no_that	expected	The officers the officer exercises retrofit	0.0003975735152152721	0.0003975735152152721	15.0698299407959	15.0698299407959
2952	gpt2	2953	1477	16	retry	obj_rel_no_that	unexpected	The officers the officer exercises retries	2.6514476303418633e-05	2.6514476303418633e-05	16.299954414367676	16.299954414367676
2953	gpt2	2954	1477	16	retry	obj_rel_no_that	expected	The officers the officer exercises retry	0.0002427156750854895	0.0002427156750854895	14.664236545562744	14.664236545562744
2954	gpt2	2955	1478	16	return	obj_rel_no_that	unexpected	The officers the officer exercises returns	2.40724290279104e-07	2.40724290279104e-07	21.986114501953125	21.986114501953125
2955	gpt2	2956	1478	16	return	obj_rel_no_that	expected	The officers the officer exercises return	6.24646554570063e-06	6.24646554570063e-06	17.288528442382812	17.288528442382812
2956	gpt2	2957	1479	16	reunite	obj_rel_no_that	unexpected	The officers the officer exercises reunites	0.004498310787806002	0.004498310787806002	15.816042184829712	15.816042184829712
2957	gpt2	2958	1479	16	reunite	obj_rel_no_that	expected	The officers the officer exercises reunite	0.07622177333591296	0.07622177333591296	13.774665713310242	13.774665713310242
2958	gpt2	2959	1480	16	revamp	obj_rel_no_that	unexpected	The officers the officer exercises revamps	5.611245887848781e-05	5.611245887848781e-05	14.638462543487549	14.638462543487549
2959	gpt2	2960	1480	16	revamp	obj_rel_no_that	expected	The officers the officer exercises revamp	0.0013263879891382863	0.0013263879891382863	12.250556468963623	12.250556468963623
2960	gpt2	2961	1481	16	reveal	obj_rel_no_that	unexpected	The officers the officer exercises reveals	3.5371680695561736e-08	3.5371680695561736e-08	24.752830505371094	24.752830505371094
2961	gpt2	2962	1481	16	reveal	obj_rel_no_that	expected	The officers the officer exercises reveal	1.6773881839071694e-07	1.6773881839071694e-07	22.507280349731445	22.507280349731445
2962	gpt2	2963	1482	16	reverberate	obj_rel_no_that	unexpected	The officers the officer exercises reverberates	0.002812774281336392	0.002812774281336392	16.62153911590576	16.62153911590576
2963	gpt2	2964	1482	16	reverberate	obj_rel_no_that	expected	The officers the officer exercises reverberate	0.04894837866289769	0.04894837866289769	14.5609393119812	14.5609393119812
2964	gpt2	2965	1483	16	reverse	obj_rel_no_that	unexpected	The officers the officer exercises reverses	0.028543334704977462	0.028543334704977462	13.831236600875854	13.831236600875854
2965	gpt2	2966	1483	16	reverse	obj_rel_no_that	expected	The officers the officer exercises reverse	6.386015684256563e-06	6.386015684256563e-06	17.25665283203125	17.25665283203125
2966	gpt2	2967	1484	16	review	obj_rel_no_that	unexpected	The officers the officer exercises reviews	3.815242962446064e-06	3.815242962446064e-06	17.999794006347656	17.999794006347656
2967	gpt2	2968	1484	16	review	obj_rel_no_that	expected	The officers the officer exercises review	8.639640145702288e-05	8.639640145702288e-05	13.498669624328612	13.498669624328612
2968	gpt2	2969	1485	16	revise	obj_rel_no_that	unexpected	The officers the officer exercises revises	0.0036852664861725865	0.0036852664861725865	11.510632038116455	11.510632038116455
2969	gpt2	2970	1485	16	revise	obj_rel_no_that	expected	The officers the officer exercises revise	1.0301445030336254e-08	1.0301445030336254e-08	26.53257751464844	26.53257751464844
2970	gpt2	2971	1486	16	revisit	obj_rel_no_that	unexpected	The officers the officer exercises revisits	0.010591070158127982	0.010591070158127982	13.903136014938354	13.903136014938354
2971	gpt2	2972	1486	16	revisit	obj_rel_no_that	expected	The officers the officer exercises revisit	4.960464039527324e-08	4.960464039527324e-08	24.264949798583984	24.264949798583984
2972	gpt2	2973	1487	16	revive	obj_rel_no_that	unexpected	The officers the officer exercises revives	0.0042495129246162364	0.0042495129246162364	11.407660007476807	11.407660007476807
2973	gpt2	2974	1487	16	revive	obj_rel_no_that	expected	The officers the officer exercises revive	1.6707849681552037e-07	1.6707849681552037e-07	22.512969970703125	22.512969970703125
2974	gpt2	2975	1488	16	revoke	obj_rel_no_that	unexpected	The officers the officer exercises revokes	0.016305609381561188	0.016305609381561188	10.436656951904297	10.436656951904297
2975	gpt2	2976	1488	16	revoke	obj_rel_no_that	expected	The officers the officer exercises revoke	9.783735777091353e-08	9.783735777091353e-08	23.2850399017334	23.2850399017334
2976	gpt2	2977	1489	16	revolutionize	obj_rel_no_that	unexpected	The officers the officer exercises revolutionizes	7.932210235138524e-05	7.932210235138524e-05	16.222604274749756	16.222604274749756
2977	gpt2	2978	1489	16	revolutionize	obj_rel_no_that	expected	The officers the officer exercises revolutionize	0.0013623997346030353	0.0013623997346030353	14.16679811477661	14.16679811477661
2978	gpt2	2979	1490	16	revolve	obj_rel_no_that	unexpected	The officers the officer exercises revolves	1.389013135622008e-07	1.389013135622008e-07	22.779436111450195	22.779436111450195
2979	gpt2	2980	1490	16	revolve	obj_rel_no_that	expected	The officers the officer exercises revolve	0.04967902857697479	0.04967902857697479	9.632785201072693	9.632785201072693
2980	gpt2	2981	1491	16	reward	obj_rel_no_that	unexpected	The officers the officer exercises rewards	2.593474448531197e-07	2.593474448531197e-07	21.878610610961918	21.878610610961918
2981	gpt2	2982	1491	16	reward	obj_rel_no_that	expected	The officers the officer exercises reward	8.998817975225393e-07	8.998817975225393e-07	20.08376121520996	20.08376121520996
2982	gpt2	2983	1492	16	rewrite	obj_rel_no_that	unexpected	The officers the officer exercises rewrites	0.27826269257608754	0.27826269257608754	10.012594342231749	10.012594342231749
2983	gpt2	2984	1492	16	rewrite	obj_rel_no_that	expected	The officers the officer exercises rewrite	2.0948622836414192e-09	2.0948622836414192e-09	28.83049774169922	28.83049774169922
2984	gpt2	2985	1493	16	ride	obj_rel_no_that	unexpected	The officers the officer exercises rides	8.590553335352524e-08	8.590553335352524e-08	23.47267341613769	23.47267341613769
2985	gpt2	2986	1493	16	ride	obj_rel_no_that	expected	The officers the officer exercises ride	1.213809241562558e-06	1.213809241562558e-06	19.652027130126957	19.652027130126957
2986	gpt2	2987	1494	16	rid	obj_rel_no_that	unexpected	The officers the officer exercises rids	2.71157359748031e-05	2.71157359748031e-05	15.173179626464844	15.173179626464844
2987	gpt2	2988	1494	16	rid	obj_rel_no_that	expected	The officers the officer exercises rid	7.371865962113588e-08	7.371865962113588e-08	23.693395614624023	23.693395614624023
2988	gpt2	2989	1495	16	ring	obj_rel_no_that	unexpected	The officers the officer exercises rings	6.984603118098677e-08	6.984603118098677e-08	23.7712459564209	23.7712459564209
2989	gpt2	2990	1495	16	ring	obj_rel_no_that	expected	The officers the officer exercises ring	7.288743972821976e-07	7.288743972821976e-07	20.387826919555664	20.387826919555664
2990	gpt2	2991	1496	16	rise	obj_rel_no_that	unexpected	The officers the officer exercises rises	3.022593020318709e-08	3.022593020318709e-08	24.979637145996094	24.979637145996094
2991	gpt2	2992	1496	16	rise	obj_rel_no_that	expected	The officers the officer exercises rise	1.8988972669831128e-06	1.8988972669831128e-06	19.006406784057617	19.006406784057617
2992	gpt2	2993	1497	16	risk	obj_rel_no_that	unexpected	The officers the officer exercises risks	6.370297796820523e-06	6.370297796820523e-06	17.260208129882812	17.260208129882812
2993	gpt2	2994	1497	16	risk	obj_rel_no_that	expected	The officers the officer exercises risk	8.812193118501455e-05	8.812193118501455e-05	13.470139503479004	13.470139503479004
2994	gpt2	2995	1498	16	rival	obj_rel_no_that	unexpected	The officers the officer exercises rivals	8.565160669604667e-08	8.565160669604667e-08	23.47694396972656	23.47694396972656
2995	gpt2	2996	1498	16	rival	obj_rel_no_that	expected	The officers the officer exercises rival	7.758235938126745e-07	7.758235938126745e-07	20.29776763916016	20.29776763916016
2996	gpt2	2997	1499	16	rock	obj_rel_no_that	unexpected	The officers the officer exercises rocks	6.545677422309383e-08	6.545677422309383e-08	23.86488151550293	23.86488151550293
2997	gpt2	2998	1499	16	rock	obj_rel_no_that	expected	The officers the officer exercises rock	4.0343752516491804e-06	4.0343752516491804e-06	17.91922378540039	17.91922378540039
2998	gpt2	2999	1500	16	roil	obj_rel_no_that	unexpected	The officers the officer exercises roils	2.2675917534797918e-05	2.2675917534797918e-05	15.437915325164795	15.437915325164795
2999	gpt2	3000	1500	16	roil	obj_rel_no_that	expected	The officers the officer exercises roil	0.00022281643668972103	0.00022281643668972103	13.400754928588867	13.400754928588867
3000	gpt2	3001	1501	16	roll	obj_rel_no_that	unexpected	The officers the officer exercises rolls	3.5517434326948205e-08	3.5517434326948205e-08	24.74689674377441	24.74689674377441
3001	gpt2	3002	1501	16	roll	obj_rel_no_that	expected	The officers the officer exercises roll	6.295285857049748e-07	6.295285857049748e-07	20.59922409057617	20.59922409057617
3002	gpt2	3003	1502	16	roost	obj_rel_no_that	unexpected	The officers the officer exercises roosts	0.014728866652755315	0.014728866652755315	9.760560989379883	9.760560989379883
3003	gpt2	3004	1502	16	roost	obj_rel_no_that	expected	The officers the officer exercises roost	0.000910133326215121	0.000910133326215121	12.360372543334961	12.360372543334961
3004	gpt2	3005	1503	16	root	obj_rel_no_that	unexpected	The officers the officer exercises roots	2.558224920790053e-08	2.558224920790053e-08	25.22028160095215	25.22028160095215
3005	gpt2	3006	1503	16	root	obj_rel_no_that	expected	The officers the officer exercises root	8.23129880700435e-07	8.23129880700435e-07	20.21237564086914	20.21237564086914
3006	gpt2	3007	1504	16	rotate	obj_rel_no_that	unexpected	The officers the officer exercises rotates	2.0402308749112308e-05	2.0402308749112308e-05	17.912158012390137	17.912158012390137
3007	gpt2	3008	1504	16	rotate	obj_rel_no_that	expected	The officers the officer exercises rotate	1.1020032388842085e-06	1.1020032388842085e-06	19.79144096374512	19.79144096374512
3008	gpt2	3009	1505	16	round	obj_rel_no_that	unexpected	The officers the officer exercises rounds	1.34961555886548e-06	1.34961555886548e-06	19.49901962280273	19.49901962280273
3009	gpt2	3010	1505	16	round	obj_rel_no_that	expected	The officers the officer exercises round	5.453212907013949e-06	5.453212907013949e-06	17.48446273803711	17.48446273803711
3010	gpt2	3011	1506	16	row	obj_rel_no_that	unexpected	The officers the officer exercises rows	2.433117174405197e-08	2.433117174405197e-08	25.292619705200195	25.292619705200195
3011	gpt2	3012	1506	16	row	obj_rel_no_that	expected	The officers the officer exercises row	2.376730350306389e-07	2.376730350306389e-07	22.004518508911133	22.004518508911133
3012	gpt2	3013	1507	16	rubber-stamp	obj_rel_no_that	unexpected	The officers the officer exercises rubber-stamps	0.20608516714764846	0.20608516714764846	8.146863877773285	8.146863877773285
3013	gpt2	3014	1507	16	rubber-stamp	obj_rel_no_that	expected	The officers the officer exercises rubber-stamp	0.20608516714764846	0.20608516714764846	8.146863877773285	8.146863877773285
3014	gpt2	3015	1508	16	rub	obj_rel_no_that	unexpected	The officers the officer exercises rubs	0.010456676617252423	0.010456676617252423	13.172868251800537	13.172868251800537
3015	gpt2	3016	1508	16	rub	obj_rel_no_that	expected	The officers the officer exercises rub	5.607008688457427e-07	5.607008688457427e-07	20.766265869140625	20.766265869140625
3016	gpt2	3017	1509	16	ruin	obj_rel_no_that	unexpected	The officers the officer exercises ruins	4.4582121327962904e-10	4.4582121327962904e-10	31.06281471252441	31.06281471252441
3017	gpt2	3018	1509	16	ruin	obj_rel_no_that	expected	The officers the officer exercises ruin	6.856043910374865e-08	6.856043910374865e-08	23.79804801940918	23.79804801940918
3018	gpt2	3019	1510	16	rule	obj_rel_no_that	unexpected	The officers the officer exercises rules	2.58898926404072e-05	2.58898926404072e-05	15.23725128173828	15.23725128173828
3019	gpt2	3020	1510	16	rule	obj_rel_no_that	expected	The officers the officer exercises rule	3.995094812125899e-05	3.995094812125899e-05	14.611411094665527	14.611411094665527
3020	gpt2	3021	1511	16	run	obj_rel_no_that	unexpected	The officers the officer exercises runs	3.229724825359881e-07	3.229724825359881e-07	21.56208610534668	21.56208610534668
3021	gpt2	3022	1511	16	run	obj_rel_no_that	expected	The officers the officer exercises run	8.596536645200104e-06	8.596536645200104e-06	16.82781219482422	16.82781219482422
3022	gpt2	3023	1512	16	rush	obj_rel_no_that	unexpected	The officers the officer exercises rushes	1.2311919483920521e-08	1.2311919483920521e-08	26.27536964416504	26.27536964416504
3023	gpt2	3024	1512	16	rush	obj_rel_no_that	expected	The officers the officer exercises rush	2.496709043953161e-07	2.496709043953161e-07	21.933469772338867	21.933469772338867
3024	gpt2	3025	1513	16	sabotage	obj_rel_no_that	unexpected	The officers the officer exercises sabotages	0.03360385557320544	0.03360385557320544	14.587661027908325	14.587661027908325
3025	gpt2	3026	1513	16	sabotage	obj_rel_no_that	expected	The officers the officer exercises sabotage	1.608470796554684e-07	1.608470796554684e-07	22.567806243896484	22.567806243896484
3026	gpt2	3027	1514	16	sacrifice	obj_rel_no_that	unexpected	The officers the officer exercises sacrifices	4.666079433945925e-08	4.666079433945925e-08	24.353214263916016	24.353214263916016
3027	gpt2	3028	1514	16	sacrifice	obj_rel_no_that	expected	The officers the officer exercises sacrifice	1.0056000974145718e-06	1.0056000974145718e-06	19.923511505126957	19.923511505126957
3028	gpt2	3029	1515	16	safeguard	obj_rel_no_that	unexpected	The officers the officer exercises safeguards	5.199920451559592e-06	5.199920451559592e-06	17.55307960510254	17.55307960510254
3029	gpt2	3030	1515	16	safeguard	obj_rel_no_that	expected	The officers the officer exercises safeguard	3.1436291010322748e-06	3.1436291010322748e-06	18.279136657714844	18.279136657714844
3030	gpt2	3031	1516	16	safety	obj_rel_no_that	unexpected	The officers the officer exercises safeties	0.24560056072436962	0.24560056072436962	9.268380641937256	9.268380641937256
3031	gpt2	3032	1516	16	safety	obj_rel_no_that	expected	The officers the officer exercises safety	0.0008670581155456	0.0008670581155456	10.17158317565918	10.17158317565918
3032	gpt2	3033	1517	16	salvage	obj_rel_no_that	unexpected	The officers the officer exercises salvages	0.00796233986480209	0.00796233986480209	15.801930427551271	15.801930427551271
3033	gpt2	3034	1517	16	salvage	obj_rel_no_that	expected	The officers the officer exercises salvage	2.8205924706981026e-08	2.8205924706981026e-08	25.079425811767575	25.079425811767575
3034	gpt2	3035	1518	16	sap	obj_rel_no_that	unexpected	The officers the officer exercises saps	0.005277495169536878	0.005277495169536878	13.162301540374756	13.162301540374756
3035	gpt2	3036	1518	16	sap	obj_rel_no_that	expected	The officers the officer exercises sap	1.2844800778566426e-07	1.2844800778566426e-07	22.892311096191406	22.892311096191406
3036	gpt2	3037	1519	16	satisfy	obj_rel_no_that	unexpected	The officers the officer exercises satisfies	1.2030935359064188e-08	1.2030935359064188e-08	26.30867576599121	26.30867576599121
3037	gpt2	3038	1519	16	satisfy	obj_rel_no_that	expected	The officers the officer exercises satisfy	6.682677167191288e-08	6.682677167191288e-08	23.834999084472656	23.834999084472656
3038	gpt2	3039	1520	16	saturate	obj_rel_no_that	unexpected	The officers the officer exercises saturates	0.02786511456044316	0.02786511456044316	14.38880705833435	14.38880705833435
3039	gpt2	3040	1520	16	saturate	obj_rel_no_that	expected	The officers the officer exercises saturate	0.34333299559922814	0.34333299559922814	12.577268302440643	12.577268302440643
3040	gpt2	3041	1521	16	save	obj_rel_no_that	unexpected	The officers the officer exercises saves	1.131389737452082e-07	1.131389737452082e-07	23.075401306152344	23.075401306152344
3041	gpt2	3042	1521	16	save	obj_rel_no_that	expected	The officers the officer exercises save	2.5978224584832788e-06	2.5978224584832788e-06	18.55426597595215	18.55426597595215
3042	gpt2	3043	1522	16	savor	obj_rel_no_that	unexpected	The officers the officer exercises savors	7.015050084641879e-05	7.015050084641879e-05	16.397265434265137	16.397265434265137
3043	gpt2	3044	1522	16	savor	obj_rel_no_that	expected	The officers the officer exercises savor	0.009792484535296318	0.009792484535296318	12.829791545867922	12.829791545867922
3044	gpt2	3045	1523	16	say	obj_rel_no_that	unexpected	The officers the officer exercises says	7.37413074602955e-06	7.37413074602955e-06	17.049095153808594	17.049095153808594
3045	gpt2	3046	1523	16	say	obj_rel_no_that	expected	The officers the officer exercises say	0.0001458627084502	0.0001458627084502	12.743101119995115	12.743101119995115
3046	gpt2	3047	1524	16	scale	obj_rel_no_that	unexpected	The officers the officer exercises scales	1.1097463392673036e-08	1.1097463392673036e-08	26.425195693969727	26.425195693969727
3047	gpt2	3048	1524	16	scale	obj_rel_no_that	expected	The officers the officer exercises scale	2.578125872787496e-07	2.578125872787496e-07	21.88717460632324	21.88717460632324
3048	gpt2	3049	1525	16	scan	obj_rel_no_that	unexpected	The officers the officer exercises scans	6.647032080309145e-08	6.647032080309145e-08	23.842714309692383	23.842714309692383
3049	gpt2	3050	1525	16	scan	obj_rel_no_that	expected	The officers the officer exercises scan	2.999864818775677e-07	2.999864818775677e-07	21.668598175048828	21.668598175048828
3050	gpt2	3051	1526	16	scape	obj_rel_no_that	unexpected	The officers the officer exercises scapes	2.0853938053733145e-05	2.0853938053733145e-05	16.90229082107544	16.90229082107544
3051	gpt2	3052	1526	16	scape	obj_rel_no_that	expected	The officers the officer exercises scape	5.37905034434516e-05	5.37905034434516e-05	14.231012344360352	14.231012344360352
3052	gpt2	3053	1527	16	scare	obj_rel_no_that	unexpected	The officers the officer exercises scares	2.1065229560690568e-08	2.1065229560690568e-08	25.500560760498047	25.500560760498047
3053	gpt2	3054	1527	16	scare	obj_rel_no_that	expected	The officers the officer exercises scare	8.94508445981046e-07	8.94508445981046e-07	20.0924015045166	20.0924015045166
3054	gpt2	3055	1528	16	schedule	obj_rel_no_that	unexpected	The officers the officer exercises schedules	2.3668739856930188e-08	2.3668739856930188e-08	25.33244132995605	25.33244132995605
3055	gpt2	3056	1528	16	schedule	obj_rel_no_that	expected	The officers the officer exercises schedule	8.455949540575602e-08	8.455949540575602e-08	23.495458602905277	23.495458602905277
3056	gpt2	3057	1529	16	school	obj_rel_no_that	unexpected	The officers the officer exercises schools	1.939312852528019e-07	1.939312852528019e-07	22.297950744628903	22.297950744628903
3057	gpt2	3058	1529	16	school	obj_rel_no_that	expected	The officers the officer exercises school	1.023187542159576e-05	1.023187542159576e-05	16.576570510864258	16.576570510864258
3058	gpt2	3059	1530	16	scold	obj_rel_no_that	unexpected	The officers the officer exercises scolds	0.0001878815091913206	0.0001878815091913206	13.074265480041504	13.074265480041504
3059	gpt2	3060	1530	16	scold	obj_rel_no_that	expected	The officers the officer exercises scold	0.0003397347609279206	0.0003397347609279206	12.609504699707031	12.609504699707031
3060	gpt2	3061	1531	16	scorn	obj_rel_no_that	unexpected	The officers the officer exercises scorns	4.073736090504099e-05	4.073736090504099e-05	14.583497047424316	14.583497047424316
3061	gpt2	3062	1531	16	scorn	obj_rel_no_that	expected	The officers the officer exercises scorn	1.0431373084429651e-05	1.0431373084429651e-05	16.5487117767334	16.5487117767334
3062	gpt2	3063	1532	16	scour	obj_rel_no_that	unexpected	The officers the officer exercises scours	3.7296509617590345e-05	3.7296509617590345e-05	14.71452283859253	14.71452283859253
3063	gpt2	3064	1532	16	scour	obj_rel_no_that	expected	The officers the officer exercises scour	0.0003403280425118206	0.0003403280425118206	12.60816764831543	12.60816764831543
3064	gpt2	3065	1533	16	scout	obj_rel_no_that	unexpected	The officers the officer exercises scouts	1.4091334321619797e-07	1.4091334321619797e-07	22.75868797302246	22.75868797302246
3065	gpt2	3066	1533	16	scout	obj_rel_no_that	expected	The officers the officer exercises scout	3.553659837507439e-07	3.553659837507439e-07	21.424190521240234	21.424190521240234
3066	gpt2	3067	1534	16	scrap	obj_rel_no_that	unexpected	The officers the officer exercises scraps	2.347154914872362e-09	2.347154914872362e-09	28.666439056396484	28.666439056396484
3067	gpt2	3068	1534	16	scrap	obj_rel_no_that	expected	The officers the officer exercises scrap	2.3888432565399853e-08	2.3888432565399853e-08	25.31911277770996	25.31911277770996
3068	gpt2	3069	1535	16	screen	obj_rel_no_that	unexpected	The officers the officer exercises screens	9.78403420504037e-08	9.78403420504037e-08	23.284996032714844	23.284996032714844
3069	gpt2	3070	1535	16	screen	obj_rel_no_that	expected	The officers the officer exercises screen	1.096414325729711e-05	1.096414325729711e-05	16.47684669494629	16.47684669494629
3070	gpt2	3071	1536	16	scrutinize	obj_rel_no_that	unexpected	The officers the officer exercises scrutinizes	0.005292314851885707	0.005292314851885707	12.143688917160034	12.143688917160034
3071	gpt2	3072	1536	16	scrutinize	obj_rel_no_that	expected	The officers the officer exercises scrutinize	0.15991093060210915	0.15991093060210915	9.684771716594696	9.684771716594696
3072	gpt2	3073	1537	16	scurry	obj_rel_no_that	unexpected	The officers the officer exercises scurries	0.005004712506585414	0.005004712506585414	10.35554043451945	10.35554043451945
3073	gpt2	3074	1537	16	scurry	obj_rel_no_that	expected	The officers the officer exercises scurry	0.0003104139323113206	0.0003104139323113206	12.678892135620117	12.678892135620117
3074	gpt2	3075	1538	16	scuttle	obj_rel_no_that	unexpected	The officers the officer exercises scuttles	0.005812801362480914	0.005812801362480914	10.499236742655436	10.499236742655436
3075	gpt2	3076	1538	16	scuttle	obj_rel_no_that	expected	The officers the officer exercises scuttle	0.31543324112620513	0.31543324112620513	8.135881858567396	8.135881858567396
3076	gpt2	3077	1539	16	seal	obj_rel_no_that	unexpected	The officers the officer exercises seals	3.526838838752156e-07	3.526838838752156e-07	21.435121536254883	21.435121536254883
3077	gpt2	3078	1539	16	seal	obj_rel_no_that	expected	The officers the officer exercises seal	6.5372059907531366e-06	6.5372059907531366e-06	17.2228946685791	17.2228946685791
3078	gpt2	3079	1540	16	search	obj_rel_no_that	unexpected	The officers the officer exercises searches	1.2253802196937611e-05	1.2253802196937611e-05	16.316410064697266	16.316410064697266
3079	gpt2	3080	1540	16	search	obj_rel_no_that	expected	The officers the officer exercises search	0.0002885991998482	0.0002885991998482	11.758645057678224	11.758645057678224
3080	gpt2	3081	1541	16	secure	obj_rel_no_that	unexpected	The officers the officer exercises secures	0.005637810088217024	0.005637810088217024	12.930840015411377	12.930840015411377
3081	gpt2	3082	1541	16	secure	obj_rel_no_that	expected	The officers the officer exercises secure	1.3005846085434314e-05	1.3005846085434314e-05	16.230480194091797	16.230480194091797
3082	gpt2	3083	1542	16	seduce	obj_rel_no_that	unexpected	The officers the officer exercises seduces	9.14818201635803e-05	9.14818201635803e-05	14.033352375030518	14.033352375030518
3083	gpt2	3084	1542	16	seduce	obj_rel_no_that	expected	The officers the officer exercises seduce	0.0004342325019024303	0.0004342325019024303	12.835582256317139	12.835582256317139
3084	gpt2	3085	1543	16	seek	obj_rel_no_that	unexpected	The officers the officer exercises seeks	4.3678423367055085e-07	4.3678423367055085e-07	21.126575469970703	21.126575469970703
3085	gpt2	3086	1543	16	seek	obj_rel_no_that	expected	The officers the officer exercises seek	4.243047442287207e-06	4.243047442287207e-06	17.846467971801758	17.846467971801758
3086	gpt2	3087	1544	16	seem	obj_rel_no_that	unexpected	The officers the officer exercises seems	1.331295061390847e-05	1.331295061390847e-05	16.196809768676758	16.196809768676758
3087	gpt2	3088	1544	16	seem	obj_rel_no_that	expected	The officers the officer exercises seem	8.966412133304402e-05	8.966412133304402e-05	13.445109367370604	13.445109367370604
3088	gpt2	3089	1545	16	see	obj_rel_no_that	unexpected	The officers the officer exercises sees	2.898841842124966e-07	2.898841842124966e-07	21.718019485473636	21.718019485473636
3089	gpt2	3090	1545	16	see	obj_rel_no_that	expected	The officers the officer exercises see	1.1605207873799372e-05	1.1605207873799372e-05	16.394868850708008	16.394868850708008
3090	gpt2	3091	1546	16	segregate	obj_rel_no_that	unexpected	The officers the officer exercises segregates	0.020428786308368488	0.020428786308368488	14.216218233108522	14.216218233108522
3091	gpt2	3092	1546	16	segregate	obj_rel_no_that	expected	The officers the officer exercises segregate	0.15229167442103272	0.15229167442103272	12.767136394977571	12.767136394977571
3092	gpt2	3093	1547	16	seize	obj_rel_no_that	unexpected	The officers the officer exercises seizes	0.0007175796536102977	0.0007175796536102977	12.40017032623291	12.40017032623291
3093	gpt2	3094	1547	16	seize	obj_rel_no_that	expected	The officers the officer exercises seize	1.370251993648708e-06	1.370251993648708e-06	19.477127075195312	19.477127075195312
3094	gpt2	3095	1548	16	select	obj_rel_no_that	unexpected	The officers the officer exercises selects	4.61921842997981e-08	4.61921842997981e-08	24.36777687072754	24.36777687072754
3095	gpt2	3096	1548	16	select	obj_rel_no_that	expected	The officers the officer exercises select	2.083853723888751e-05	2.083853723888751e-05	15.550386428833008	15.550386428833008
3096	gpt2	3097	1549	16	self-reinsure	obj_rel_no_that	unexpected	The officers the officer exercises self-reinsures	0.43471835122909397	0.43471835122909397	4.129699520766735	4.129699520766735
3097	gpt2	3098	1549	16	self-reinsure	obj_rel_no_that	expected	The officers the officer exercises self-reinsure	0.43471835122909397	0.43471835122909397	4.129699520766735	4.129699520766735
3098	gpt2	3099	1550	16	sell	obj_rel_no_that	unexpected	The officers the officer exercises sells	7.897066112150242e-09	7.897066112150242e-09	26.91603660583496	26.91603660583496
3099	gpt2	3100	1550	16	sell	obj_rel_no_that	expected	The officers the officer exercises sell	1.4312148266526492e-07	1.4312148266526492e-07	22.736255645751957	22.736255645751957
3100	gpt2	3101	1551	16	send	obj_rel_no_that	unexpected	The officers the officer exercises sends	1.374475999682545e-07	1.374475999682545e-07	22.79461479187012	22.79461479187012
3101	gpt2	3102	1551	16	send	obj_rel_no_that	expected	The officers the officer exercises send	8.958334092312725e-07	8.958334092312725e-07	20.09026527404785	20.09026527404785
3102	gpt2	3103	1552	16	sense	obj_rel_no_that	unexpected	The officers the officer exercises senses	7.714827006566338e-06	7.714827006566338e-06	16.98393440246582	16.98393440246582
3103	gpt2	3104	1552	16	sense	obj_rel_no_that	expected	The officers the officer exercises sense	4.606121001415886e-05	4.606121001415886e-05	14.406087875366213	14.406087875366213
3104	gpt2	3105	1553	16	sensitize	obj_rel_no_that	unexpected	The officers the officer exercises sensitizes	0.07673682845143044	0.07673682845143044	10.505547205607096	10.505547205607096
3105	gpt2	3106	1553	16	sensitize	obj_rel_no_that	expected	The officers the officer exercises sensitize	0.0007460966728416303	0.0007460966728416303	16.099181175231934	16.099181175231934
3106	gpt2	3107	1554	16	separate	obj_rel_no_that	unexpected	The officers the officer exercises separates	3.911188457550452e-07	3.911188457550452e-07	21.285888671875	21.285888671875
3107	gpt2	3108	1554	16	separate	obj_rel_no_that	expected	The officers the officer exercises separate	1.667882861511316e-05	1.667882861511316e-05	15.871622085571287	15.871622085571287
3108	gpt2	3109	1555	16	sequester	obj_rel_no_that	unexpected	The officers the officer exercises sequesters	0.0006940990961261569	0.0006940990961261569	16.787371158599854	16.787371158599854
3109	gpt2	3110	1555	16	sequester	obj_rel_no_that	expected	The officers the officer exercises sequester	0.15720771088219365	0.15720771088219365	12.875684797763824	12.875684797763824
3110	gpt2	3111	1556	16	serve	obj_rel_no_that	unexpected	The officers the officer exercises serves	1.4859539305689395e-06	1.4859539305689395e-06	19.360179901123047	19.360179901123047
3111	gpt2	3112	1556	16	serve	obj_rel_no_that	expected	The officers the officer exercises serve	3.5347351513337344e-05	3.5347351513337344e-05	14.78803825378418	14.78803825378418
3112	gpt2	3113	1557	16	service	obj_rel_no_that	unexpected	The officers the officer exercises services	8.350121788680553e-06	8.350121788680553e-06	16.86977195739746	16.86977195739746
3113	gpt2	3114	1557	16	service	obj_rel_no_that	expected	The officers the officer exercises service	0.0001901827927213	0.0001901827927213	12.360325813293455	12.360325813293455
3114	gpt2	3115	1558	16	settle	obj_rel_no_that	unexpected	The officers the officer exercises settles	4.952577015160386e-09	4.952577015160386e-09	27.589174270629883	27.589174270629883
3115	gpt2	3116	1558	16	settle	obj_rel_no_that	expected	The officers the officer exercises settle	3.2204560795889854e-08	3.2204560795889854e-08	24.888158798217773	24.888158798217773
3116	gpt2	3117	1559	16	set	obj_rel_no_that	unexpected	The officers the officer exercises sets	3.377654138603248e-07	3.377654138603248e-07	21.49747467041016	21.49747467041016
3117	gpt2	3118	1559	16	set	obj_rel_no_that	expected	The officers the officer exercises set	9.99393978418084e-06	9.99393978418084e-06	16.610515594482422	16.610515594482422
3118	gpt2	3119	1560	16	sever	obj_rel_no_that	unexpected	The officers the officer exercises severs	0.002748337316916148	0.002748337316916148	11.422389507293701	11.422389507293701
3119	gpt2	3120	1560	16	sever	obj_rel_no_that	expected	The officers the officer exercises sever	1.9437800347077427e-06	1.9437800347077427e-06	18.97270393371582	18.97270393371582
3120	gpt2	3121	1561	16	shadow	obj_rel_no_that	unexpected	The officers the officer exercises shadows	1.440317589640472e-07	1.440317589640472e-07	22.727109909057617	22.727109909057617
3121	gpt2	3122	1561	16	shadow	obj_rel_no_that	expected	The officers the officer exercises shadow	3.580699740268756e-06	3.580699740268756e-06	18.091327667236328	18.091327667236328
3122	gpt2	3123	1562	16	shake	obj_rel_no_that	unexpected	The officers the officer exercises shakes	4.676022058447416e-08	4.676022058447416e-08	24.350143432617188	24.350143432617188
3123	gpt2	3124	1562	16	shake	obj_rel_no_that	expected	The officers the officer exercises shake	3.75484461301312e-07	3.75484461301312e-07	21.34474372863769	21.34474372863769
3124	gpt2	3125	1563	16	shape	obj_rel_no_that	unexpected	The officers the officer exercises shapes	1.4484425214789098e-08	1.4484425214789098e-08	26.040922164916992	26.040922164916992
3125	gpt2	3126	1563	16	shape	obj_rel_no_that	expected	The officers the officer exercises shape	2.062806743197143e-06	2.062806743197143e-06	18.88695907592773	18.88695907592773
3126	gpt2	3127	1564	17	share	obj_rel_no_that	unexpected	The managers the senators funnel shares	1.0510876791158807e-06	1.0510876791158807e-06	19.85968589782715	19.85968589782715
3127	gpt2	3128	1564	17	share	obj_rel_no_that	expected	The managers the senators funnel share	9.576584488968363e-06	9.576584488968363e-06	16.67205810546875	16.67205810546875
3128	gpt2	3129	1565	17	sharpen	obj_rel_no_that	unexpected	The managers the senators funnel sharpens	4.550266544356419e-05	4.550266544356419e-05	17.095350742340088	17.095350742340088
3129	gpt2	3130	1565	17	sharpen	obj_rel_no_that	expected	The managers the senators funnel sharpen	0.04571270988278186	0.04571270988278186	13.315675258636475	13.315675258636475
3130	gpt2	3131	1566	17	shave	obj_rel_no_that	unexpected	The managers the senators funnel shaves	0.001506043152858157	0.001506043152858157	12.760392189025879	12.760392189025879
3131	gpt2	3132	1566	17	shave	obj_rel_no_that	expected	The managers the senators funnel shave	2.326527415164037e-09	2.326527415164037e-09	28.679174423217773	28.679174423217773
3132	gpt2	3133	1567	17	shed	obj_rel_no_that	unexpected	The managers the senators funnel sheds	1.018609108172086e-08	1.018609108172086e-08	26.54882431030273	26.54882431030273
3133	gpt2	3134	1567	17	shed	obj_rel_no_that	expected	The managers the senators funnel shed	2.777338750092895e-07	2.777338750092895e-07	21.77979278564453	21.77979278564453
3134	gpt2	3135	1568	17	shell	obj_rel_no_that	unexpected	The managers the senators funnel shells	8.30477063118451e-07	8.30477063118451e-07	20.199556350708008	20.199556350708008
3135	gpt2	3136	1568	17	shell	obj_rel_no_that	expected	The managers the senators funnel shell	4.682484359364025e-06	4.682484359364025e-06	17.704294204711914	17.704294204711914
3136	gpt2	3137	1569	17	shield	obj_rel_no_that	unexpected	The managers the senators funnel shields	3.9461163225951175e-08	3.9461163225951175e-08	24.59499168395996	24.59499168395996
3137	gpt2	3138	1569	17	shield	obj_rel_no_that	expected	The managers the senators funnel shield	2.4626515937598015e-07	2.4626515937598015e-07	21.953283309936523	21.953283309936523
3138	gpt2	3139	1570	17	shift	obj_rel_no_that	unexpected	The managers the senators funnel shifts	1.1106489239409713e-07	1.1106489239409713e-07	23.102094650268555	23.102094650268555
3139	gpt2	3140	1570	17	shift	obj_rel_no_that	expected	The managers the senators funnel shift	3.579475844617264e-07	3.579475844617264e-07	21.413747787475582	21.413747787475582
3140	gpt2	3141	1571	17	shine	obj_rel_no_that	unexpected	The managers the senators funnel shines	5.377612577461832e-09	5.377612577461832e-09	27.470386505126957	27.470386505126957
3141	gpt2	3142	1571	17	shine	obj_rel_no_that	expected	The managers the senators funnel shine	5.4062258669773655e-08	5.4062258669773655e-08	24.14080238342285	24.14080238342285
3142	gpt2	3143	1572	17	ship	obj_rel_no_that	unexpected	The managers the senators funnel ships	1.4134005823507325e-06	1.4134005823507325e-06	19.432397842407227	19.432397842407227
3143	gpt2	3144	1572	17	ship	obj_rel_no_that	expected	The managers the senators funnel ship	4.973158866050653e-06	4.973158866050653e-06	17.617406845092773	17.617406845092773
3144	gpt2	3145	1573	17	shirk	obj_rel_no_that	unexpected	The managers the senators funnel shirks	0.07320177145114333	0.07320177145114333	8.866610209147135	8.866610209147135
3145	gpt2	3146	1573	17	shirk	obj_rel_no_that	expected	The managers the senators funnel shirk	0.000744843002848907	0.000744843002848907	13.269967079162598	13.269967079162598
3146	gpt2	3147	1574	17	shock	obj_rel_no_that	unexpected	The managers the senators funnel shocks	1.0674606087945904e-08	1.0674606087945904e-08	26.48124122619629	26.48124122619629
3147	gpt2	3148	1574	17	shock	obj_rel_no_that	expected	The managers the senators funnel shock	1.016311443891027e-06	1.016311443891027e-06	19.908226013183597	19.908226013183597
3148	gpt2	3149	1575	17	shoe-horn	obj_rel_no_that	unexpected	The managers the senators funnel shoe-horns	0.05150488111492986	0.05150488111492986	13.710751414299011	13.710751414299011
3149	gpt2	3150	1575	17	shoe-horn	obj_rel_no_that	expected	The managers the senators funnel shoe-horn	0.05150488111492986	0.05150488111492986	13.710751414299011	13.710751414299011
3150	gpt2	3151	1576	17	shoot	obj_rel_no_that	unexpected	The managers the senators funnel shoots	4.554513566290552e-08	4.554513566290552e-08	24.38812828063965	24.38812828063965
3151	gpt2	3152	1576	17	shoot	obj_rel_no_that	expected	The managers the senators funnel shoot	1.4347980936690874e-07	1.4347980936690874e-07	22.732648849487305	22.732648849487305
3152	gpt2	3153	1577	17	shop	obj_rel_no_that	unexpected	The managers the senators funnel shops	8.645915983152008e-08	8.645915983152008e-08	23.46340560913086	23.46340560913086
3153	gpt2	3154	1577	17	shop	obj_rel_no_that	expected	The managers the senators funnel shop	1.2124648947064998e-06	1.2124648947064998e-06	19.65362548828125	19.65362548828125
3154	gpt2	3155	1578	17	shore	obj_rel_no_that	unexpected	The managers the senators funnel shores	1.5779708650853763e-09	1.5779708650853763e-09	29.239282608032227	29.239282608032227
3155	gpt2	3156	1578	17	shore	obj_rel_no_that	expected	The managers the senators funnel shore	5.0814310981195376e-08	5.0814310981195376e-08	24.23019027709961	24.23019027709961
3156	gpt2	3157	1579	17	shorn	obj_rel_no_that	unexpected	The managers the senators funnel shorns	1.889854729597573e-05	1.889854729597573e-05	16.062591075897217	16.062591075897217
3157	gpt2	3158	1579	17	shorn	obj_rel_no_that	expected	The managers the senators funnel shorn	0.002251375370633457	0.002251375370633457	12.469821214675903	12.469821214675903
3158	gpt2	3159	1580	17	shorten	obj_rel_no_that	unexpected	The managers the senators funnel shortens	0.0002625977076604537	0.0002625977076604537	14.647643566131592	14.647643566131592
3159	gpt2	3160	1580	17	shorten	obj_rel_no_that	expected	The managers the senators funnel shorten	1.0678841810829454e-08	1.0678841810829454e-08	26.480669021606445	26.480669021606445
3160	gpt2	3161	1581	17	short	obj_rel_no_that	unexpected	The managers the senators funnel shorts	7.965442527790856e-09	7.965442527790856e-09	26.90359878540039	26.90359878540039
3161	gpt2	3162	1581	17	short	obj_rel_no_that	expected	The managers the senators funnel short	2.906223016907461e-06	2.906223016907461e-06	18.392423629760746	18.392423629760746
3162	gpt2	3163	1582	17	shoulder	obj_rel_no_that	unexpected	The managers the senators funnel shoulders	1.2091248891010764e-07	1.2091248891010764e-07	22.97953414916992	22.97953414916992
3163	gpt2	3164	1582	17	shoulder	obj_rel_no_that	expected	The managers the senators funnel shoulder	3.581688474696421e-07	3.581688474696421e-07	21.412857055664062	21.412857055664062
3164	gpt2	3165	1583	17	shout	obj_rel_no_that	unexpected	The managers the senators funnel shouts	1.6716686701556682e-08	1.6716686701556682e-08	25.834135055541992	25.834135055541992
3165	gpt2	3166	1583	17	shout	obj_rel_no_that	expected	The managers the senators funnel shout	3.169304818584351e-07	3.169304818584351e-07	21.589330673217773	21.589330673217773
3166	gpt2	3167	1584	17	shove	obj_rel_no_that	unexpected	The managers the senators funnel shoves	0.002388443701875057	0.002388443701875057	12.427125453948975	12.427125453948975
3167	gpt2	3168	1584	17	shove	obj_rel_no_that	expected	The managers the senators funnel shove	2.687386135846737e-08	2.687386135846737e-08	25.14922142028809	25.14922142028809
3168	gpt2	3169	1585	17	shower	obj_rel_no_that	unexpected	The managers the senators funnel showers	2.4238902440743004e-08	2.4238902440743004e-08	25.298099517822266	25.298099517822266
3169	gpt2	3170	1585	17	shower	obj_rel_no_that	expected	The managers the senators funnel shower	1.4496303890609854e-07	1.4496303890609854e-07	22.717811584472656	22.717811584472656
3170	gpt2	3171	1586	17	show	obj_rel_no_that	unexpected	The managers the senators funnel shows	1.239599328073382e-06	1.239599328073382e-06	19.621694564819336	19.621694564819336
3171	gpt2	3172	1586	17	show	obj_rel_no_that	expected	The managers the senators funnel show	8.565618372813333e-06	8.565618372813333e-06	16.833011627197266	16.833011627197266
3172	gpt2	3173	1587	17	shrink	obj_rel_no_that	unexpected	The managers the senators funnel shrinks	0.38697316602363685	0.38697316602363685	10.803655460476875	10.803655460476875
3173	gpt2	3174	1587	17	shrink	obj_rel_no_that	expected	The managers the senators funnel shrink	7.927343403935083e-08	7.927343403935083e-08	23.588586807250977	23.588586807250977
3174	gpt2	3175	1588	17	shun	obj_rel_no_that	unexpected	The managers the senators funnel shuns	0.002071241985049707	0.002071241985049707	12.530072927474976	12.530072927474976
3175	gpt2	3176	1588	17	shun	obj_rel_no_that	expected	The managers the senators funnel shun	2.647830967816845e-07	2.647830967816845e-07	21.84868621826172	21.84868621826172
3176	gpt2	3177	1589	17	shut	obj_rel_no_that	unexpected	The managers the senators funnel shuts	2.2735623161906915e-08	2.2735623161906915e-08	25.390470504760746	25.390470504760746
3177	gpt2	3178	1589	17	shut	obj_rel_no_that	expected	The managers the senators funnel shut	4.758327577292221e-06	4.758327577292221e-06	17.681114196777344	17.681114196777344
3178	gpt2	3179	1590	17	shy	obj_rel_no_that	unexpected	The managers the senators funnel shies	0.001909785575207907	0.001909785575207907	12.588717460632324	12.588717460632324
3179	gpt2	3180	1590	17	shy	obj_rel_no_that	expected	The managers the senators funnel shy	9.008005577015864e-07	9.008005577015864e-07	20.08228874206543	20.08228874206543
3180	gpt2	3181	1591	17	sidetrack	obj_rel_no_that	unexpected	The managers the senators funnel sidetracks	0.1347930998316542	0.1347930998316542	8.714574774106344	8.714574774106344
3181	gpt2	3182	1591	17	sidetrack	obj_rel_no_that	expected	The managers the senators funnel sidetrack	0.12533730350048697	0.12533730350048697	9.619091788927713	9.619091788927713
3182	gpt2	3183	1592	17	side	obj_rel_no_that	unexpected	The managers the senators funnel sides	5.947027830188745e-07	5.947027830188745e-07	20.68132781982422	20.68132781982422
3183	gpt2	3184	1592	17	side	obj_rel_no_that	expected	The managers the senators funnel side	4.442055796971545e-06	4.442055796971545e-06	17.78034019470215	17.78034019470215
3184	gpt2	3185	1593	17	sift	obj_rel_no_that	unexpected	The managers the senators funnel sifts	0.007070873893212565	0.007070873893212565	12.414192914962767	12.414192914962767
3185	gpt2	3186	1593	17	sift	obj_rel_no_that	expected	The managers the senators funnel sift	0.008108663867574214	0.008108663867574214	12.31538963317871	12.31538963317871
3186	gpt2	3187	1594	17	signal	obj_rel_no_that	unexpected	The managers the senators funnel signals	2.9153279683669098e-06	2.9153279683669098e-06	18.387910842895508	18.387910842895508
3187	gpt2	3188	1594	17	signal	obj_rel_no_that	expected	The managers the senators funnel signal	3.071340188398608e-06	3.071340188398608e-06	18.312700271606445	18.312700271606445
3188	gpt2	3189	1595	17	signify	obj_rel_no_that	unexpected	The managers the senators funnel signifies	2.291446676849773e-08	2.291446676849773e-08	25.379165649414062	25.379165649414062
3189	gpt2	3190	1595	17	signify	obj_rel_no_that	expected	The managers the senators funnel signify	8.483736024800238e-08	8.483736024800238e-08	23.490724563598636	23.490724563598636
3190	gpt2	3191	1596	17	sign	obj_rel_no_that	unexpected	The managers the senators funnel signs	4.449328798727948e-07	4.449328798727948e-07	21.09990882873535	21.09990882873535
3191	gpt2	3192	1596	17	sign	obj_rel_no_that	expected	The managers the senators funnel sign	4.061514118802734e-06	4.061514118802734e-06	17.9095516204834	17.9095516204834
3192	gpt2	3193	1597	17	simplify	obj_rel_no_that	unexpected	The managers the senators funnel simplifies	0.1054523643477152	0.1054523643477152	14.325414776802063	14.325414776802063
3193	gpt2	3194	1597	17	simplify	obj_rel_no_that	expected	The managers the senators funnel simplify	7.795811995947588e-08	7.795811995947588e-08	23.61272621154785	23.61272621154785
3194	gpt2	3195	1598	17	sing	obj_rel_no_that	unexpected	The managers the senators funnel sings	6.304357480502176e-09	6.304357480502176e-09	27.241003036499023	27.241003036499023
3195	gpt2	3196	1598	17	sing	obj_rel_no_that	expected	The managers the senators funnel sing	3.205489349511481e-07	3.205489349511481e-07	21.57295227050781	21.57295227050781
3196	gpt2	3197	1599	17	sink	obj_rel_no_that	unexpected	The managers the senators funnel sinks	7.248413869120894e-09	7.248413869120894e-09	27.03968811035156	27.03968811035156
3197	gpt2	3198	1599	17	sink	obj_rel_no_that	expected	The managers the senators funnel sink	1.219556793330412e-07	1.219556793330412e-07	22.967140197753903	22.967140197753903
3198	gpt2	3199	1600	17	sit	obj_rel_no_that	unexpected	The managers the senators funnel sits	2.3020731987344334e-07	2.3020731987344334e-07	22.05056381225586	22.05056381225586
3199	gpt2	3200	1600	17	sit	obj_rel_no_that	expected	The managers the senators funnel sit	4.9743352974473964e-06	4.9743352974473964e-06	17.6170654296875	17.6170654296875
3200	gpt2	3201	1601	17	skid	obj_rel_no_that	unexpected	The managers the senators funnel skids	0.005872101669126516	0.005872101669126516	12.713748693466187	12.713748693466187
3201	gpt2	3202	1601	17	skid	obj_rel_no_that	expected	The managers the senators funnel skid	0.002083838830628765	0.002083838830628765	13.461276054382324	13.461276054382324
3202	gpt2	3203	1602	17	skim	obj_rel_no_that	unexpected	The managers the senators funnel skims	0.0029499618401018653	0.0029499618401018653	13.210453748703003	13.210453748703003
3203	gpt2	3204	1602	17	skim	obj_rel_no_that	expected	The managers the senators funnel skim	4.2939068407577e-06	4.2939068407577e-06	17.82927703857422	17.82927703857422
3204	gpt2	3205	1603	17	skipper	obj_rel_no_that	unexpected	The managers the senators funnel skippers	0.0015404225857196154	0.0015404225857196154	13.679349899291992	13.679349899291992
3205	gpt2	3206	1603	17	skipper	obj_rel_no_that	expected	The managers the senators funnel skipper	0.004232991167270915	0.004232991167270915	12.949893236160278	12.949893236160278
3206	gpt2	3207	1604	17	skip	obj_rel_no_that	unexpected	The managers the senators funnel skips	0.024011357833558115	0.024011357833558115	11.697776794433594	11.697776794433594
3207	gpt2	3208	1604	17	skip	obj_rel_no_that	expected	The managers the senators funnel skip	1.708694554736212e-07	1.708694554736212e-07	22.480602264404297	22.480602264404297
3208	gpt2	3209	1605	17	ski	obj_rel_no_that	unexpected	The managers the senators funnel skis	0.004809653066956765	0.004809653066956765	12.857746124267578	12.857746124267578
3209	gpt2	3210	1605	17	ski	obj_rel_no_that	expected	The managers the senators funnel ski	1.3883066003472775e-06	1.3883066003472775e-06	19.45824241638184	19.45824241638184
3210	gpt2	3211	1606	17	slack	obj_rel_no_that	unexpected	The managers the senators funnel slacks	0.0014903473374943113	0.0014903473374943113	13.091973781585693	13.091973781585693
3211	gpt2	3212	1606	17	slack	obj_rel_no_that	expected	The managers the senators funnel slack	8.779084126331327e-09	8.779084126331327e-09	26.763282775878903	26.763282775878903
3212	gpt2	3213	1607	17	slam-dunk	obj_rel_no_that	unexpected	The managers the senators funnel slam-dunks	0.007817560513728932	0.007817560513728932	13.896354198455812	13.896354198455812
3213	gpt2	3214	1607	17	slam-dunk	obj_rel_no_that	expected	The managers the senators funnel slam-dunk	0.007817560513728932	0.007817560513728932	13.896354198455812	13.896354198455812
3214	gpt2	3215	1608	17	slash	obj_rel_no_that	unexpected	The managers the senators funnel slashes	0.007849350705328061	0.007849350705328061	11.892646789550781	11.892646789550781
3215	gpt2	3216	1608	17	slash	obj_rel_no_that	expected	The managers the senators funnel slash	7.778998423191298e-08	7.778998423191298e-08	23.615840911865234	23.615840911865234
3216	gpt2	3217	1609	17	sleep	obj_rel_no_that	unexpected	The managers the senators funnel sleeps	3.09166270362482e-09	3.09166270362482e-09	28.268970489501957	28.268970489501957
3217	gpt2	3218	1609	17	sleep	obj_rel_no_that	expected	The managers the senators funnel sleep	1.9133487967337715e-06	1.9133487967337715e-06	18.99546813964844	18.99546813964844
3218	gpt2	3219	1610	17	slide	obj_rel_no_that	unexpected	The managers the senators funnel slides	1.8499308751529497e-08	1.8499308751529497e-08	25.68795394897461	25.68795394897461
3219	gpt2	3220	1610	17	slide	obj_rel_no_that	expected	The managers the senators funnel slide	2.027948795557677e-07	2.027948795557677e-07	22.233474731445312	22.233474731445312
3220	gpt2	3221	1611	17	slip	obj_rel_no_that	unexpected	The managers the senators funnel slips	3.7629820326401386e-07	3.7629820326401386e-07	21.34161949157715	21.34161949157715
3221	gpt2	3222	1611	17	slip	obj_rel_no_that	expected	The managers the senators funnel slip	3.0069855938563705e-07	3.0069855938563705e-07	21.665178298950195	21.665178298950195
3222	gpt2	3223	1612	17	slog	obj_rel_no_that	unexpected	The managers the senators funnel slogs	9.259535272576138e-05	9.259535272576138e-05	15.112563610076904	15.112563610076904
3223	gpt2	3224	1612	17	slog	obj_rel_no_that	expected	The managers the senators funnel slog	5.3194060711803104e-08	5.3194060711803104e-08	24.164159774780277	24.164159774780277
3224	gpt2	3225	1613	17	slow	obj_rel_no_that	unexpected	The managers the senators funnel slows	4.72904844173172e-08	4.72904844173172e-08	24.33387565612793	24.33387565612793
3225	gpt2	3226	1613	17	slow	obj_rel_no_that	expected	The managers the senators funnel slow	5.858759664079116e-07	5.858759664079116e-07	20.70290184020996	20.70290184020996
3226	gpt2	3227	1614	17	slump	obj_rel_no_that	unexpected	The managers the senators funnel slumps	0.00022251898462851137	0.00022251898462851137	14.469910144805908	14.469910144805908
3227	gpt2	3228	1614	17	slump	obj_rel_no_that	expected	The managers the senators funnel slump	1.977211505632681e-09	1.977211505632681e-09	28.91388511657715	28.91388511657715
3228	gpt2	3229	1615	17	smash	obj_rel_no_that	unexpected	The managers the senators funnel smashes	0.004917809573697689	0.004917809573697689	13.967162609100342	13.967162609100342
3229	gpt2	3230	1615	17	smash	obj_rel_no_that	expected	The managers the senators funnel smash	1.816815569100072e-07	1.816815569100072e-07	22.3920841217041	22.3920841217041
3230	gpt2	3231	1616	17	smoke	obj_rel_no_that	unexpected	The managers the senators funnel smokes	1.9832027575716893e-08	1.9832027575716893e-08	25.58759307861328	25.58759307861328
3231	gpt2	3232	1616	17	smoke	obj_rel_no_that	expected	The managers the senators funnel smoke	4.297708528611111e-06	4.297708528611111e-06	17.828001022338867	17.828001022338867
3232	gpt2	3233	1617	17	smooth	obj_rel_no_that	unexpected	The managers the senators funnel smooths	0.005039348916056948	0.005039348916056948	13.744755029678343	13.744755029678343
3233	gpt2	3234	1617	17	smooth	obj_rel_no_that	expected	The managers the senators funnel smooth	5.265640083962353e-07	5.265640083962353e-07	20.85688781738281	20.85688781738281
3234	gpt2	3235	1618	17	smother	obj_rel_no_that	unexpected	The managers the senators funnel smothers	0.019789514331610757	0.019789514331610757	10.706117630004883	10.706117630004883
3235	gpt2	3236	1618	17	smother	obj_rel_no_that	expected	The managers the senators funnel smother	0.005621902478623039	0.005621902478623039	13.870637655258179	13.870637655258179
3236	gpt2	3237	1619	17	smuggle	obj_rel_no_that	unexpected	The managers the senators funnel smuggles	0.031762146193493365	0.031762146193493365	13.813239216804504	13.813239216804504
3237	gpt2	3238	1619	17	smuggle	obj_rel_no_that	expected	The managers the senators funnel smuggle	0.2838431082553754	0.2838431082553754	12.23338183760643	12.23338183760643
3238	gpt2	3239	1620	17	snatch	obj_rel_no_that	unexpected	The managers the senators funnel snatches	0.007313233951037975	0.007313233951037975	12.798117637634277	12.798117637634277
3239	gpt2	3240	1620	17	snatch	obj_rel_no_that	expected	The managers the senators funnel snatch	3.9703660803525054e-08	3.9703660803525054e-08	24.586153030395508	24.586153030395508
3240	gpt2	3241	1621	17	sniff	obj_rel_no_that	unexpected	The managers the senators funnel sniffs	0.0025071277394203744	0.0025071277394203744	13.57048225402832	13.57048225402832
3241	gpt2	3242	1621	17	sniff	obj_rel_no_that	expected	The managers the senators funnel sniff	3.9901653536844606e-08	3.9901653536844606e-08	24.578975677490234	24.578975677490234
3242	gpt2	3243	1622	17	soak	obj_rel_no_that	unexpected	The managers the senators funnel soaks	0.00012009288548135	0.00012009288548135	13.02968692779541	13.02968692779541
3243	gpt2	3244	1622	17	soak	obj_rel_no_that	expected	The managers the senators funnel soak	1.4228458411480462e-08	1.4228458411480462e-08	26.0666446685791	26.0666446685791
3244	gpt2	3245	1623	17	soar	obj_rel_no_that	unexpected	The managers the senators funnel soars	9.647031038181251e-05	9.647031038181251e-05	13.439286231994629	13.439286231994629
3245	gpt2	3246	1623	17	soar	obj_rel_no_that	expected	The managers the senators funnel soar	6.152661313763019e-08	6.152661313763019e-08	23.954214096069336	23.954214096069336
3246	gpt2	3247	1624	17	sob	obj_rel_no_that	unexpected	The managers the senators funnel sobs	7.934548284534924e-05	7.934548284534924e-05	14.021985530853271	14.021985530853271
3247	gpt2	3248	1624	17	sob	obj_rel_no_that	expected	The managers the senators funnel sob	4.227077710083904e-08	4.227077710083904e-08	24.495763778686523	24.495763778686523
3248	gpt2	3249	1625	17	socialize	obj_rel_no_that	unexpected	The managers the senators funnel socializes	9.811222071220982e-06	9.811222071220982e-06	16.773030281066895	16.773030281066895
3249	gpt2	3250	1625	17	socialize	obj_rel_no_that	expected	The managers the senators funnel socialize	0.0002475338148996893	0.0002475338148996893	14.203009128570557	14.203009128570557
3250	gpt2	3251	1626	17	sock	obj_rel_no_that	unexpected	The managers the senators funnel socks	5.1401134015804935e-08	5.1401134015804935e-08	24.213624954223636	24.213624954223636
3251	gpt2	3252	1626	17	sock	obj_rel_no_that	expected	The managers the senators funnel sock	4.352067151103256e-07	4.352067151103256e-07	21.13179588317871	21.13179588317871
3252	gpt2	3253	1627	17	soften	obj_rel_no_that	unexpected	The managers the senators funnel softens	0.00017641423679037622	0.00017641423679037622	15.809942722320555	15.809942722320555
3253	gpt2	3254	1627	17	soften	obj_rel_no_that	expected	The managers the senators funnel soften	5.991867624288716e-08	5.991867624288716e-08	23.99241828918457	23.99241828918457
3254	gpt2	3255	1628	17	solicit	obj_rel_no_that	unexpected	The managers the senators funnel solicits	0.0023939877444263146	0.0023939877444263146	13.66964340209961	13.66964340209961
3255	gpt2	3256	1628	17	solicit	obj_rel_no_that	expected	The managers the senators funnel solicit	8.982887038655463e-07	8.982887038655463e-07	20.08631706237793	20.08631706237793
3256	gpt2	3257	1629	17	solidify	obj_rel_no_that	unexpected	The managers the senators funnel solidifies	0.0006228074861951061	0.0006228074861951061	15.28249454498291	15.28249454498291
3257	gpt2	3258	1629	17	solidify	obj_rel_no_that	expected	The managers the senators funnel solidify	0.0004968012298718061	0.0004968012298718061	15.445627689361572	15.445627689361572
3258	gpt2	3259	1630	17	solve	obj_rel_no_that	unexpected	The managers the senators funnel solves	3.415298932551991e-09	3.415298932551991e-09	28.125341415405277	28.125341415405277
3259	gpt2	3260	1630	17	solve	obj_rel_no_that	expected	The managers the senators funnel solve	1.196598162778173e-07	1.196598162778173e-07	22.994558334350582	22.994558334350582
3260	gpt2	3261	1631	17	soothe	obj_rel_no_that	unexpected	The managers the senators funnel soothes	6.8144460556107e-05	6.8144460556107e-05	15.23139476776123	15.23139476776123
3261	gpt2	3262	1631	17	soothe	obj_rel_no_that	expected	The managers the senators funnel soothe	0.00029221153818065	0.00029221153818065	12.001968383789062	12.001968383789062
3262	gpt2	3263	1632	17	sort	obj_rel_no_that	unexpected	The managers the senators funnel sorts	6.314851930255827e-07	6.314851930255827e-07	20.59474754333496	20.59474754333496
3263	gpt2	3264	1632	17	sort	obj_rel_no_that	expected	The managers the senators funnel sort	2.080107833535294e-06	2.080107833535294e-06	18.874910354614254	18.874910354614254
3264	gpt2	3265	1633	17	sound	obj_rel_no_that	unexpected	The managers the senators funnel sounds	5.135152605362236e-07	5.135152605362236e-07	20.893089294433597	20.893089294433597
3265	gpt2	3266	1633	17	sound	obj_rel_no_that	expected	The managers the senators funnel sound	5.451829565572552e-06	5.451829565572552e-06	17.48482894897461	17.48482894897461
3266	gpt2	3267	1634	17	sour	obj_rel_no_that	unexpected	The managers the senators funnel sours	0.0002511834028382147	0.0002511834028382147	14.825026512145994	14.825026512145994
3267	gpt2	3268	1634	17	sour	obj_rel_no_that	expected	The managers the senators funnel sour	1.0129329552910349e-07	1.0129329552910349e-07	23.23495864868164	23.23495864868164
3268	gpt2	3269	1635	17	sow	obj_rel_no_that	unexpected	The managers the senators funnel sows	0.0011136971007772148	0.0011136971007772148	13.748106956481932	13.748106956481932
3269	gpt2	3270	1635	17	sow	obj_rel_no_that	expected	The managers the senators funnel sow	2.8343769997718482e-08	2.8343769997718482e-08	25.0723934173584	25.0723934173584
3270	gpt2	3271	1636	17	spare	obj_rel_no_that	unexpected	The managers the senators funnel spares	0.014335536255998692	0.014335536255998692	11.650592088699339	11.650592088699339
3271	gpt2	3272	1636	17	spare	obj_rel_no_that	expected	The managers the senators funnel spare	3.0923234817237244e-07	3.0923234817237244e-07	21.624805450439453	21.624805450439453
3272	gpt2	3273	1637	17	spark	obj_rel_no_that	unexpected	The managers the senators funnel sparks	7.3082184748329845e-09	7.3082184748329845e-09	27.02783203125	27.02783203125
3273	gpt2	3274	1637	17	spark	obj_rel_no_that	expected	The managers the senators funnel spark	5.331798647034702e-08	5.331798647034702e-08	24.160802841186523	24.160802841186523
3274	gpt2	3275	1638	17	spawn	obj_rel_no_that	unexpected	The managers the senators funnel spawns	3.576745566391537e-09	3.576745566391537e-09	28.058704376220703	28.058704376220703
3275	gpt2	3276	1638	17	spawn	obj_rel_no_that	expected	The managers the senators funnel spawn	2.300967025803402e-07	2.300967025803402e-07	22.05125617980957	22.05125617980957
3276	gpt2	3277	1639	17	speak	obj_rel_no_that	unexpected	The managers the senators funnel speaks	1.779460774287145e-07	1.779460774287145e-07	22.42205619812012	22.42205619812012
3277	gpt2	3278	1639	17	speak	obj_rel_no_that	expected	The managers the senators funnel speak	2.8497288440121338e-06	2.8497288440121338e-06	18.420743942260746	18.420743942260746
3278	gpt2	3279	1640	17	specialize	obj_rel_no_that	unexpected	The managers the senators funnel specializes	1.152584871988438e-07	1.152584871988438e-07	23.04862403869629	23.04862403869629
3279	gpt2	3280	1640	17	specialize	obj_rel_no_that	expected	The managers the senators funnel specialize	2.0869183003924266e-07	2.0869183003924266e-07	22.192123413085938	22.192123413085938
3280	gpt2	3281	1641	17	specify	obj_rel_no_that	unexpected	The managers the senators funnel specifies	2.3260405157543573e-08	2.3260405157543573e-08	25.35754776000977	25.35754776000977
3281	gpt2	3282	1641	17	specify	obj_rel_no_that	expected	The managers the senators funnel specify	1.371069515698764e-07	1.371069515698764e-07	22.798194885253903	22.798194885253903
3282	gpt2	3283	1642	17	speculate	obj_rel_no_that	unexpected	The managers the senators funnel speculates	0.04474475303442914	0.04474475303442914	13.005333304405212	13.005333304405212
3283	gpt2	3284	1642	17	speculate	obj_rel_no_that	expected	The managers the senators funnel speculate	3.088621554070415e-07	3.088621554070415e-07	21.62653350830078	21.62653350830078
3284	gpt2	3285	1643	17	speed	obj_rel_no_that	unexpected	The managers the senators funnel speeds	4.502379269410994e-08	4.502379269410994e-08	24.40473747253418	24.40473747253418
3285	gpt2	3286	1643	17	speed	obj_rel_no_that	expected	The managers the senators funnel speed	9.441965289624932e-07	9.441965289624932e-07	20.0144100189209	20.0144100189209
3286	gpt2	3287	1644	17	spell	obj_rel_no_that	unexpected	The managers the senators funnel spells	2.2576503511118065e-07	2.2576503511118065e-07	22.07867431640625	22.07867431640625
3287	gpt2	3288	1644	17	spell	obj_rel_no_that	expected	The managers the senators funnel spell	2.1006560757541592e-07	2.1006560757541592e-07	22.18265724182129	22.18265724182129
3288	gpt2	3289	1645	17	spend	obj_rel_no_that	unexpected	The managers the senators funnel spends	7.791022085257282e-07	7.791022085257282e-07	20.291683197021484	20.291683197021484
3289	gpt2	3290	1645	17	spend	obj_rel_no_that	expected	The managers the senators funnel spend	2.548943120928016e-05	2.548943120928016e-05	15.259740829467772	15.259740829467772
3290	gpt2	3291	1646	17	spill	obj_rel_no_that	unexpected	The managers the senators funnel spills	4.0010174728877246e-08	4.0010174728877246e-08	24.57505798339844	24.57505798339844
3291	gpt2	3292	1646	17	spill	obj_rel_no_that	expected	The managers the senators funnel spill	1.2453384101718257e-07	1.2453384101718257e-07	22.93695831298828	22.93695831298828
3292	gpt2	3293	1647	17	spin	obj_rel_no_that	unexpected	The managers the senators funnel spins	4.3165705676528894e-08	4.3165705676528894e-08	24.465539932250977	24.465539932250977
3293	gpt2	3294	1647	17	spin	obj_rel_no_that	expected	The managers the senators funnel spin	1.0319065495423274e-06	1.0319065495423274e-06	19.886255264282227	19.886255264282227
3294	gpt2	3295	1648	17	split	obj_rel_no_that	unexpected	The managers the senators funnel splits	6.597591362123012e-09	6.597591362123012e-09	27.175413131713867	27.175413131713867
3295	gpt2	3296	1648	17	split	obj_rel_no_that	expected	The managers the senators funnel split	1.4639072105637752e-06	1.4639072105637752e-06	19.381744384765625	19.381744384765625
3296	gpt2	3297	1649	17	sponsor	obj_rel_no_that	unexpected	The managers the senators funnel sponsors	3.463687221483269e-07	3.463687221483269e-07	21.4611873626709	21.4611873626709
3297	gpt2	3298	1649	17	sponsor	obj_rel_no_that	expected	The managers the senators funnel sponsor	1.7437919552776293e-07	1.7437919552776293e-07	22.451269149780277	22.451269149780277
3298	gpt2	3299	1650	17	spotlight	obj_rel_no_that	unexpected	The managers the senators funnel spotlights	0.02668970720176132	0.02668970720176132	13.519935131072998	13.519935131072998
3299	gpt2	3300	1650	17	spotlight	obj_rel_no_that	expected	The managers the senators funnel spotlight	7.717957828390354e-07	7.717957828390354e-07	20.30527687072754	20.30527687072754
3300	gpt2	3301	1651	17	spot	obj_rel_no_that	unexpected	The managers the senators funnel spots	4.76264929716308e-08	4.76264929716308e-08	24.323659896850582	24.323659896850582
3301	gpt2	3302	1651	17	spot	obj_rel_no_that	expected	The managers the senators funnel spot	1.3577350443938485e-07	1.3577350443938485e-07	22.812294006347656	22.812294006347656
3302	gpt2	3303	1652	17	spread	obj_rel_no_that	unexpected	The managers the senators funnel spreads	2.150333244799185e-08	2.150333244799185e-08	25.47086524963379	25.47086524963379
3303	gpt2	3304	1652	17	spread	obj_rel_no_that	expected	The managers the senators funnel spread	1.142713244917104e-06	1.142713244917104e-06	19.73910522460937	19.73910522460937
3304	gpt2	3305	1653	17	spring	obj_rel_no_that	unexpected	The managers the senators funnel springs	7.205737340143514e-09	7.205737340143514e-09	27.048206329345703	27.048206329345703
3305	gpt2	3306	1653	17	spring	obj_rel_no_that	expected	The managers the senators funnel spring	1.4106750541031945e-06	1.4106750541031945e-06	19.435182571411133	19.435182571411133
3306	gpt2	3307	1654	17	sprout	obj_rel_no_that	unexpected	The managers the senators funnel sprouts	0.052069033232864805	0.052069033232864805	13.423339962959288	13.423339962959288
3307	gpt2	3308	1654	17	sprout	obj_rel_no_that	expected	The managers the senators funnel sprout	0.046266487536367855	0.046266487536367855	13.508569002151487	13.508569002151487
3308	gpt2	3309	1655	17	spruce	obj_rel_no_that	unexpected	The managers the senators funnel spruces	0.023109940717328428	0.023109940717328428	9.527528603871662	9.527528603871662
3309	gpt2	3310	1655	17	spruce	obj_rel_no_that	expected	The managers the senators funnel spruce	0.0014379342063648428	0.0014379342063648428	13.310117244720457	13.310117244720457
3310	gpt2	3311	1656	17	spurn	obj_rel_no_that	unexpected	The managers the senators funnel spurns	0.07143961287260933	0.07143961287260933	9.301135381062824	9.301135381062824
3311	gpt2	3312	1656	17	spurn	obj_rel_no_that	expected	The managers the senators funnel spurn	0.002829945038570243	0.002829945038570243	12.82131242752075	12.82131242752075
3312	gpt2	3313	1657	17	spur	obj_rel_no_that	unexpected	The managers the senators funnel spurs	0.010923872559828842	0.010923872559828842	11.846674203872679	11.846674203872679
3313	gpt2	3314	1657	17	spur	obj_rel_no_that	expected	The managers the senators funnel spur	1.1451695058894985e-07	1.1451695058894985e-07	23.05793571472168	23.05793571472168
3314	gpt2	3315	1658	17	spy	obj_rel_no_that	unexpected	The managers the senators funnel spies	1.749215101654045e-07	1.749215101654045e-07	22.4467887878418	22.4467887878418
3315	gpt2	3316	1658	17	spy	obj_rel_no_that	expected	The managers the senators funnel spy	8.286606316687539e-07	8.286606316687539e-07	20.202714920043945	20.202714920043945
3316	gpt2	3317	1659	17	square	obj_rel_no_that	unexpected	The managers the senators funnel squares	7.00570668143996e-09	7.00570668143996e-09	27.08882141113281	27.08882141113281
3317	gpt2	3318	1659	17	square	obj_rel_no_that	expected	The managers the senators funnel square	1.0390684934691309e-07	1.0390684934691309e-07	23.198205947875977	23.198205947875977
3318	gpt2	3319	1660	17	squeeze	obj_rel_no_that	unexpected	The managers the senators funnel squeezes	0.1666174120029282	0.1666174120029282	12.097616910934448	12.097616910934448
3319	gpt2	3320	1660	17	squeeze	obj_rel_no_that	expected	The managers the senators funnel squeeze	1.830171072469966e-07	1.830171072469966e-07	22.38151741027832	22.38151741027832
3320	gpt2	3321	1661	18	stabilize	obj_rel_no_that	unexpected	The manager the surgeon narrows stabilize	8.620093083777647e-09	8.620093083777647e-09	26.789649963378903	26.789649963378903
3321	gpt2	3322	1661	18	stabilize	obj_rel_no_that	expected	The manager the surgeon narrows stabilizes	0.009124116962873071	0.009124116962873071	14.783518314361574	14.783518314361574
3322	gpt2	3323	1662	18	stack	obj_rel_no_that	unexpected	The manager the surgeon narrows stack	1.0063859008369036e-06	1.0063859008369036e-06	19.92238426208496	19.92238426208496
3323	gpt2	3324	1662	18	stack	obj_rel_no_that	expected	The manager the surgeon narrows stacks	3.678006351037766e-06	3.678006351037766e-06	18.052644729614254	18.052644729614254
3324	gpt2	3325	1663	18	staff	obj_rel_no_that	unexpected	The manager the surgeon narrows staff	5.979226989438757e-05	5.979226989438757e-05	14.029681205749512	14.029681205749512
3325	gpt2	3326	1663	18	staff	obj_rel_no_that	expected	The manager the surgeon narrows staffs	0.009832099760387744	0.009832099760387744	9.851179599761963	9.851179599761963
3326	gpt2	3327	1664	18	stage	obj_rel_no_that	unexpected	The manager the surgeon narrows stage	2.8825204481108813e-06	2.8825204481108813e-06	18.404237747192383	18.404237747192383
3327	gpt2	3328	1664	18	stage	obj_rel_no_that	expected	The manager the surgeon narrows stages	2.6726453938863415e-07	2.6726453938863415e-07	21.835227966308597	21.835227966308597
3328	gpt2	3329	1665	18	stain	obj_rel_no_that	unexpected	The manager the surgeon narrows stain	7.331398421683843e-08	7.331398421683843e-08	23.701335906982425	23.701335906982425
3329	gpt2	3330	1665	18	stain	obj_rel_no_that	expected	The manager the surgeon narrows stains	2.187132110975654e-07	2.187132110975654e-07	22.12445640563965	22.12445640563965
3330	gpt2	3331	1666	18	stall	obj_rel_no_that	unexpected	The manager the surgeon narrows stall	1.4510377468468505e-06	1.4510377468468505e-06	19.39448356628418	19.39448356628418
3331	gpt2	3332	1666	18	stall	obj_rel_no_that	expected	The manager the surgeon narrows stalls	9.62485955824377e-07	9.62485955824377e-07	19.986730575561523	19.986730575561523
3332	gpt2	3333	1667	18	stampede	obj_rel_no_that	unexpected	The manager the surgeon narrows stampede	0.1917184620283301	0.1917184620283301	13.063236534595491	13.063236534595491
3333	gpt2	3334	1667	18	stampede	obj_rel_no_that	expected	The manager the surgeon narrows stampedes	0.034677739360159145	0.034677739360159145	14.296690583229067	14.296690583229067
3334	gpt2	3335	1668	18	stamp	obj_rel_no_that	unexpected	The manager the surgeon narrows stamp	4.9723048789473985e-08	4.9723048789473985e-08	24.261510848999023	24.261510848999023
3335	gpt2	3336	1668	18	stamp	obj_rel_no_that	expected	The manager the surgeon narrows stamps	6.480211567350126e-08	6.480211567350126e-08	23.879383087158203	23.879383087158203
3336	gpt2	3337	1669	18	stanch	obj_rel_no_that	unexpected	The manager the surgeon narrows stanch	0.005878409069282477	0.005878409069282477	11.505400896072388	11.505400896072388
3337	gpt2	3338	1669	18	stanch	obj_rel_no_that	expected	The manager the surgeon narrows stanches	4.0710089251660975e-05	4.0710089251660975e-05	15.186991214752197	15.186991214752197
3338	gpt2	3339	1670	18	standardize	obj_rel_no_that	unexpected	The manager the surgeon narrows standardize	0.0030270109467664653	0.0030270109467664653	13.172468900680544	13.172468900680544
3339	gpt2	3340	1670	18	standardize	obj_rel_no_that	expected	The manager the surgeon narrows standardizes	0.000948213918832115	0.000948213918832115	14.010280132293703	14.010280132293703
3340	gpt2	3341	1671	18	stand	obj_rel_no_that	unexpected	The manager the surgeon narrows stand	3.765326255233959e-07	3.765326255233959e-07	21.340721130371094	21.340721130371094
3341	gpt2	3342	1671	18	stand	obj_rel_no_that	expected	The manager the surgeon narrows stands	1.59169678681792e-06	1.59169678681792e-06	19.26100349426269	19.26100349426269
3342	gpt2	3343	1672	18	start	obj_rel_no_that	unexpected	The manager the surgeon narrows start	2.9639188596775057e-06	2.9639188596775057e-06	18.364063262939453	18.364063262939453
3343	gpt2	3344	1672	18	start	obj_rel_no_that	expected	The manager the surgeon narrows starts	5.279767719912343e-06	5.279767719912343e-06	17.53109359741211	17.53109359741211
3344	gpt2	3345	1673	18	star	obj_rel_no_that	unexpected	The manager the surgeon narrows star	1.8763073512673143e-06	1.8763073512673143e-06	19.02367210388184	19.02367210388184
3345	gpt2	3346	1673	18	star	obj_rel_no_that	expected	The manager the surgeon narrows stars	1.0011019639932783e-06	1.0011019639932783e-06	19.92997932434082	19.92997932434082
3346	gpt2	3347	1674	18	starve	obj_rel_no_that	unexpected	The manager the surgeon narrows starve	2.074220439851615e-08	2.074220439851615e-08	25.522855758666992	25.522855758666992
3347	gpt2	3348	1674	18	starve	obj_rel_no_that	expected	The manager the surgeon narrows starves	0.009224770902505933	0.009224770902505933	12.39204502105713	12.39204502105713
3348	gpt2	3349	1675	18	stash	obj_rel_no_that	unexpected	The manager the surgeon narrows stash	9.701818015628303e-09	9.701818015628303e-09	26.619096755981445	26.619096755981445
3349	gpt2	3350	1675	18	stash	obj_rel_no_that	expected	The manager the surgeon narrows stashes	0.0008442837756774268	0.0008442837756774268	12.90891170501709	12.90891170501709
3350	gpt2	3351	1676	18	state	obj_rel_no_that	unexpected	The manager the surgeon narrows state	7.286739219125593e-06	7.286739219125593e-06	17.066295623779297	17.066295623779297
3351	gpt2	3352	1676	18	state	obj_rel_no_that	expected	The manager the surgeon narrows states	2.074064241242013e-06	2.074064241242013e-06	18.87910842895508	18.87910842895508
3352	gpt2	3353	1677	18	stave	obj_rel_no_that	unexpected	The manager the surgeon narrows stave	0.002264987608668877	0.002264987608668877	12.194349765777588	12.194349765777588
3353	gpt2	3354	1677	18	stave	obj_rel_no_that	expected	The manager the surgeon narrows staves	0.008221920278174326	0.008221920278174326	11.263199806213379	11.263199806213379
3354	gpt2	3355	1678	18	stay	obj_rel_no_that	unexpected	The manager the surgeon narrows stay	3.669793613880756e-06	3.669793613880756e-06	18.055870056152344	18.055870056152344
3355	gpt2	3356	1678	18	stay	obj_rel_no_that	expected	The manager the surgeon narrows stays	3.3587652978894766e-06	3.3587652978894766e-06	18.183637619018555	18.183637619018555
3356	gpt2	3357	1679	18	steal	obj_rel_no_that	unexpected	The manager the surgeon narrows steal	7.150265446398407e-08	7.150265446398407e-08	23.737428665161133	23.737428665161133
3357	gpt2	3358	1679	18	steal	obj_rel_no_that	expected	The manager the surgeon narrows steals	1.5126029495604598e-07	1.5126029495604598e-07	22.656463623046875	22.656463623046875
3358	gpt2	3359	1680	18	steer	obj_rel_no_that	unexpected	The manager the surgeon narrows steer	3.4429160677973414e-07	3.4429160677973414e-07	21.469865798950195	21.469865798950195
3359	gpt2	3360	1680	18	steer	obj_rel_no_that	expected	The manager the surgeon narrows steers	0.02688236039685417	0.02688236039685417	12.11613726615906	12.11613726615906
3360	gpt2	3361	1681	18	stem	obj_rel_no_that	unexpected	The manager the surgeon narrows stem	2.69368047156604e-06	2.69368047156604e-06	18.501989364624023	18.501989364624023
3361	gpt2	3362	1681	18	stem	obj_rel_no_that	expected	The manager the surgeon narrows stems	1.268885512217821e-06	1.268885512217821e-06	19.5880069732666	19.5880069732666
3362	gpt2	3363	1682	18	step	obj_rel_no_that	unexpected	The manager the surgeon narrows step	4.727015493699582e-06	4.727015493699582e-06	17.69063949584961	17.69063949584961
3363	gpt2	3364	1682	18	step	obj_rel_no_that	expected	The manager the surgeon narrows steps	1.4234668924473226e-05	1.4234668924473226e-05	16.100231170654297	16.100231170654297
3364	gpt2	3365	1683	18	sterilize	obj_rel_no_that	unexpected	The manager the surgeon narrows sterilize	0.010223411113258857	0.010223411113258857	13.37982988357544	13.37982988357544
3365	gpt2	3366	1683	18	sterilize	obj_rel_no_that	expected	The manager the surgeon narrows sterilizes	0.008390937090155108	0.008390937090155108	13.522319555282593	13.522319555282593
3366	gpt2	3367	1684	18	stick	obj_rel_no_that	unexpected	The manager the surgeon narrows stick	6.379723913596536e-07	6.379723913596536e-07	20.580001831054688	20.580001831054688
3367	gpt2	3368	1684	18	stick	obj_rel_no_that	expected	The manager the surgeon narrows sticks	1.6233008182098274e-06	1.6233008182098274e-06	19.232637405395508	19.232637405395508
3368	gpt2	3369	1685	18	stifle	obj_rel_no_that	unexpected	The manager the surgeon narrows stifle	0.0006815239216848268	0.0006815239216848268	13.064427852630615	13.064427852630615
3369	gpt2	3370	1685	18	stifle	obj_rel_no_that	expected	The manager the surgeon narrows stifles	0.0007610036304867768	0.0007610036304867768	12.984297752380371	12.984297752380371
3370	gpt2	3371	1686	18	stimulate	obj_rel_no_that	unexpected	The manager the surgeon narrows stimulate	3.5228538308729185e-08	3.5228538308729185e-08	24.75868034362793	24.75868034362793
3371	gpt2	3372	1686	18	stimulate	obj_rel_no_that	expected	The manager the surgeon narrows stimulates	1.1174186909101993e-07	1.1174186909101993e-07	23.09332656860352	23.09332656860352
3372	gpt2	3373	1687	18	stipulate	obj_rel_no_that	unexpected	The manager the surgeon narrows stipulate	0.0077009459224299465	0.0077009459224299465	14.194093942642214	14.194093942642214
3373	gpt2	3374	1687	18	stipulate	obj_rel_no_that	expected	The manager the surgeon narrows stipulates	0.014320814256812746	0.014320814256812746	13.746587038040163	13.746587038040163
3374	gpt2	3375	1688	18	stir	obj_rel_no_that	unexpected	The manager the surgeon narrows stir	1.5032038902518252e-07	1.5032038902518252e-07	22.665456771850582	22.665456771850582
3375	gpt2	3376	1688	18	stir	obj_rel_no_that	expected	The manager the surgeon narrows stirs	0.04127156054847346	0.04127156054847346	13.132083773612974	13.132083773612974
3376	gpt2	3377	1689	18	stockpile	obj_rel_no_that	unexpected	The manager the surgeon narrows stockpile	3.2415801154428436e-09	3.2415801154428436e-09	28.200654983520508	28.200654983520508
3377	gpt2	3378	1689	18	stockpile	obj_rel_no_that	expected	The manager the surgeon narrows stockpiles	0.481552461116686	0.481552461116686	12.869687885046005	12.869687885046005
3378	gpt2	3379	1690	18	stock	obj_rel_no_that	unexpected	The manager the surgeon narrows stock	3.6707176604977576e-06	3.6707176604977576e-06	18.05550575256348	18.05550575256348
3379	gpt2	3380	1690	18	stock	obj_rel_no_that	expected	The manager the surgeon narrows stocks	2.3568484266434098e-06	2.3568484266434098e-06	18.69470977783203	18.69470977783203
3380	gpt2	3381	1691	18	stomach	obj_rel_no_that	unexpected	The manager the surgeon narrows stomach	8.364300811081193e-06	8.364300811081193e-06	16.86732292175293	16.86732292175293
3381	gpt2	3382	1691	18	stomach	obj_rel_no_that	expected	The manager the surgeon narrows stomaches	0.13434796465329177	0.13434796465329177	8.625423550605774	8.625423550605774
3382	gpt2	3383	1692	18	stop	obj_rel_no_that	unexpected	The manager the surgeon narrows stop	1.728073812046205e-06	1.728073812046205e-06	19.14240455627441	19.14240455627441
3383	gpt2	3384	1692	18	stop	obj_rel_no_that	expected	The manager the surgeon narrows stops	1.400568976350769e-06	1.400568976350769e-06	19.445554733276367	19.445554733276367
3384	gpt2	3385	1693	18	store	obj_rel_no_that	unexpected	The manager the surgeon narrows store	1.3319230447450536e-06	1.3319230447450536e-06	19.51805877685547	19.51805877685547
3385	gpt2	3386	1693	18	store	obj_rel_no_that	expected	The manager the surgeon narrows stores	8.770556974013743e-07	8.770556974013743e-07	20.12082862854004	20.12082862854004
3386	gpt2	3387	1694	18	strafe	obj_rel_no_that	unexpected	The manager the surgeon narrows strafe	0.0006525580200786445	0.0006525580200786445	14.319899559020998	14.319899559020998
3387	gpt2	3388	1694	18	strafe	obj_rel_no_that	expected	The manager the surgeon narrows strafes	0.23074549931023589	0.23074549931023589	10.095935861269636	10.095935861269636
3388	gpt2	3389	1695	18	straighten	obj_rel_no_that	unexpected	The manager the surgeon narrows straighten	0.002429705296890447	0.002429705296890447	11.380318880081177	11.380318880081177
3389	gpt2	3390	1695	18	straighten	obj_rel_no_that	expected	The manager the surgeon narrows straightens	0.006480575024397647	0.006480575024397647	10.669934272766113	10.669934272766113
3390	gpt2	3391	1696	18	strain	obj_rel_no_that	unexpected	The manager the surgeon narrows strain	6.427259791053075e-07	6.427259791053075e-07	20.569292068481445	20.569292068481445
3391	gpt2	3392	1696	18	strain	obj_rel_no_that	expected	The manager the surgeon narrows strains	8.674132914165966e-07	8.674132914165966e-07	20.136777877807617	20.136777877807617
3392	gpt2	3393	1697	18	stray	obj_rel_no_that	unexpected	The manager the surgeon narrows stray	1.6338869954779511e-06	1.6338869954779511e-06	19.2232608795166	19.2232608795166
3393	gpt2	3394	1697	18	stray	obj_rel_no_that	expected	The manager the surgeon narrows strays	0.01278913246233055	0.01278913246233055	11.08565092086792	11.08565092086792
3394	gpt2	3395	1698	18	streamline	obj_rel_no_that	unexpected	The manager the surgeon narrows streamline	0.006288109938964184	0.006288109938964184	12.569778680801392	12.569778680801392
3395	gpt2	3396	1698	18	streamline	obj_rel_no_that	expected	The manager the surgeon narrows streamlines	0.0008107366835474339	0.0008107366835474339	14.04827356338501	14.04827356338501
3396	gpt2	3397	1699	18	streetspeak	obj_rel_no_that	unexpected	The manager the surgeon narrows streetspeak	4.60526592860333e-06	4.60526592860333e-06	18.992704391479492	18.992704391479492
3397	gpt2	3398	1699	18	streetspeak	obj_rel_no_that	expected	The manager the surgeon narrows streetspeaks	0.03475722811284259	0.03475722811284259	12.214694420496622	12.214694420496622
3398	gpt2	3399	1700	18	strengthen	obj_rel_no_that	unexpected	The manager the surgeon narrows strengthen	2.0785451582128193e-08	2.0785451582128193e-08	25.51984977722168	25.51984977722168
3399	gpt2	3400	1700	18	strengthen	obj_rel_no_that	expected	The manager the surgeon narrows strengthens	4.59305518063502e-08	4.59305518063502e-08	24.3759708404541	24.3759708404541
3400	gpt2	3401	1701	18	stress	obj_rel_no_that	unexpected	The manager the surgeon narrows stress	1.5314207075789454e-06	1.5314207075789454e-06	19.31669807434082	19.31669807434082
3401	gpt2	3402	1701	18	stress	obj_rel_no_that	expected	The manager the surgeon narrows stresses	1.3734002379806046e-07	1.3734002379806046e-07	22.795743942260746	22.795743942260746
3402	gpt2	3403	1702	18	stretch	obj_rel_no_that	unexpected	The manager the surgeon narrows stretch	1.66657025602035e-06	1.66657025602035e-06	19.19468688964844	19.19468688964844
3403	gpt2	3404	1702	18	stretch	obj_rel_no_that	expected	The manager the surgeon narrows stretches	1.9459666873444803e-06	1.9459666873444803e-06	18.971080780029297	18.971080780029297
3404	gpt2	3405	1703	18	strike	obj_rel_no_that	unexpected	The manager the surgeon narrows strike	1.1375914255040698e-05	1.1375914255040698e-05	16.42365837097168	16.42365837097168
3405	gpt2	3406	1703	18	strike	obj_rel_no_that	expected	The manager the surgeon narrows strikes	2.4802393454592675e-05	2.4802393454592675e-05	15.299160957336426	15.299160957336426
3406	gpt2	3407	1704	18	strip	obj_rel_no_that	unexpected	The manager the surgeon narrows strip	1.9480314676911803e-06	1.9480314676911803e-06	18.96955108642578	18.96955108642578
3407	gpt2	3408	1704	18	strip	obj_rel_no_that	expected	The manager the surgeon narrows strips	5.13778604727122e-06	5.13778604727122e-06	17.57042121887207	17.57042121887207
3408	gpt2	3409	1705	18	stroll	obj_rel_no_that	unexpected	The manager the surgeon narrows stroll	1.9096454195732806e-07	1.9096454195732806e-07	22.320192337036133	22.320192337036133
3409	gpt2	3410	1705	18	stroll	obj_rel_no_that	expected	The manager the surgeon narrows strolls	0.3279755772308519	0.3279755772308519	11.464266240596771	11.464266240596771
3410	gpt2	3411	1706	18	structure	obj_rel_no_that	unexpected	The manager the surgeon narrows structure	1.9636460990568596e-07	1.9636460990568596e-07	22.27996253967285	22.27996253967285
3411	gpt2	3412	1706	18	structure	obj_rel_no_that	expected	The manager the surgeon narrows structures	3.2711724884393334e-07	3.2711724884393334e-07	21.54368782043457	21.54368782043457
3412	gpt2	3413	1707	18	struggle	obj_rel_no_that	unexpected	The manager the surgeon narrows struggle	4.395299981752032e-07	4.395299981752032e-07	21.11753463745117	21.11753463745117
3413	gpt2	3414	1707	18	struggle	obj_rel_no_that	expected	The manager the surgeon narrows struggles	1.1046663530578371e-06	1.1046663530578371e-06	19.7879581451416	19.7879581451416
3414	gpt2	3415	1708	18	study	obj_rel_no_that	unexpected	The manager the surgeon narrows study	7.417656433972297e-06	7.417656433972297e-06	17.040605545043945	17.040605545043945
3415	gpt2	3416	1708	18	study	obj_rel_no_that	expected	The manager the surgeon narrows studies	5.404190233093686e-06	5.404190233093686e-06	17.49748992919922	17.49748992919922
3416	gpt2	3417	1709	18	stumble	obj_rel_no_that	unexpected	The manager the surgeon narrows stumble	2.9809925194967946e-08	2.9809925194967946e-08	24.999631881713867	24.999631881713867
3417	gpt2	3418	1709	18	stumble	obj_rel_no_that	expected	The manager the surgeon narrows stumbles	0.007523731027049477	0.007523731027049477	11.3272545337677	11.3272545337677
3418	gpt2	3419	1710	18	subcontract	obj_rel_no_that	unexpected	The manager the surgeon narrows subcontract	4.3946439376441055e-08	4.3946439376441055e-08	24.439678192138672	24.439678192138672
3419	gpt2	3420	1710	18	subcontract	obj_rel_no_that	expected	The manager the surgeon narrows subcontracts	0.03675944320258214	0.03675944320258214	14.102710127830505	14.102710127830505
3420	gpt2	3421	1711	18	subject	obj_rel_no_that	unexpected	The manager the surgeon narrows subject	2.5197093691531336e-06	2.5197093691531336e-06	18.59831047058105	18.59831047058105
3421	gpt2	3422	1711	18	subject	obj_rel_no_that	expected	The manager the surgeon narrows subjects	3.909516181010986e-06	3.909516181010986e-06	17.96457862854004	17.96457862854004
3422	gpt2	3423	1712	18	sublet	obj_rel_no_that	unexpected	The manager the surgeon narrows sublet	0.0010054670219687715	0.0010054670219687715	13.229053020477295	13.229053020477295
3423	gpt2	3424	1712	18	sublet	obj_rel_no_that	expected	The manager the surgeon narrows sublets	0.0002743366876529715	0.0002743366876529715	14.171179294586182	14.171179294586182
3424	gpt2	3425	1713	18	submit	obj_rel_no_that	unexpected	The manager the surgeon narrows submit	1.7459701950883757e-07	1.7459701950883757e-07	22.4494686126709	22.4494686126709
3425	gpt2	3426	1713	18	submit	obj_rel_no_that	expected	The manager the surgeon narrows submits	0.0011451464324636214	0.0011451464324636214	13.134982585906982	13.134982585906982
3426	gpt2	3427	1714	18	subordinate	obj_rel_no_that	unexpected	The manager the surgeon narrows subordinate	2.0289865787503917e-08	2.0289865787503917e-08	25.554664611816406	25.554664611816406
3427	gpt2	3428	1714	18	subordinate	obj_rel_no_that	expected	The manager the surgeon narrows subordinates	5.9464662172104e-07	5.9464662172104e-07	20.68146324157715	20.68146324157715
3428	gpt2	3429	1715	18	subpoena	obj_rel_no_that	unexpected	The manager the surgeon narrows subpoena	4.9317659289727096e-08	4.9317659289727096e-08	24.2733211517334	24.2733211517334
3429	gpt2	3430	1715	18	subpoena	obj_rel_no_that	expected	The manager the surgeon narrows subpoenas	0.4671251571489172	0.4671251571489172	11.848220463842154	11.848220463842154
3430	gpt2	3431	1716	18	subscribe	obj_rel_no_that	unexpected	The manager the surgeon narrows subscribe	4.1532167927016423e-08	4.1532167927016423e-08	24.521196365356445	24.521196365356445
3431	gpt2	3432	1716	18	subscribe	obj_rel_no_that	expected	The manager the surgeon narrows subscribes	0.4754200638511268	0.4754200638511268	13.183295279741289	13.183295279741289
3432	gpt2	3433	1717	18	subsidize	obj_rel_no_that	unexpected	The manager the surgeon narrows subsidize	0.020983879945184424	0.020983879945184424	15.554047346115112	15.554047346115112
3433	gpt2	3434	1717	18	subsidize	obj_rel_no_that	expected	The manager the surgeon narrows subsidizes	0.013186494379247874	0.013186494379247874	15.889157772064209	15.889157772064209
3434	gpt2	3435	1718	18	substantiate	obj_rel_no_that	unexpected	The manager the surgeon narrows substantiate	0.0054015536082845225	0.0054015536082845225	16.140438318252563	16.140438318252563
3435	gpt2	3436	1718	18	substantiate	obj_rel_no_that	expected	The manager the surgeon narrows substantiates	0.0018685709441017223	0.0018685709441017223	16.906160354614258	16.906160354614258
3436	gpt2	3437	1719	18	substitute	obj_rel_no_that	unexpected	The manager the surgeon narrows substitute	7.151029279839349e-08	7.151029279839349e-08	23.737274169921875	23.737274169921875
3437	gpt2	3438	1719	18	substitute	obj_rel_no_that	expected	The manager the surgeon narrows substitutes	2.31809487161172e-08	2.31809487161172e-08	25.36248588562012	25.36248588562012
3438	gpt2	3439	1720	18	subtract	obj_rel_no_that	unexpected	The manager the surgeon narrows subtract	2.4229381168083822e-08	2.4229381168083822e-08	25.298667907714844	25.298667907714844
3439	gpt2	3440	1720	18	subtract	obj_rel_no_that	expected	The manager the surgeon narrows subtracts	0.3897130312473047	0.3897130312473047	12.829091921448708	12.829091921448708
3440	gpt2	3441	1721	18	subvert	obj_rel_no_that	unexpected	The manager the surgeon narrows subvert	0.0001809811456041215	0.0001809811456041215	14.474947452545166	14.474947452545166
3441	gpt2	3442	1721	18	subvert	obj_rel_no_that	expected	The manager the surgeon narrows subverts	0.0001475611006753715	0.0001475611006753715	14.624693393707275	14.624693393707275
3442	gpt2	3443	1722	18	succeed	obj_rel_no_that	unexpected	The manager the surgeon narrows succeed	1.1782859843378901e-07	1.1782859843378901e-07	23.016807556152344	23.016807556152344
3443	gpt2	3444	1722	18	succeed	obj_rel_no_that	expected	The manager the surgeon narrows succeeds	2.1543739592289057e-07	2.1543739592289057e-07	22.146228790283203	22.146228790283203
3444	gpt2	3445	1723	18	sue	obj_rel_no_that	unexpected	The manager the surgeon narrows sue	3.3457183690188685e-08	3.3457183690188685e-08	24.83310890197754	24.83310890197754
3445	gpt2	3446	1723	18	sue	obj_rel_no_that	expected	The manager the surgeon narrows sues	0.0004102627567590302	0.0004102627567590302	13.680824756622314	13.680824756622314
3446	gpt2	3447	1724	18	suffer	obj_rel_no_that	unexpected	The manager the surgeon narrows suffer	3.466373641458631e-07	3.466373641458631e-07	21.46006965637207	21.46006965637207
3447	gpt2	3448	1724	18	suffer	obj_rel_no_that	expected	The manager the surgeon narrows suffers	4.582923907037184e-07	4.582923907037184e-07	21.057228088378903	21.057228088378903
3448	gpt2	3449	1725	18	suffice	obj_rel_no_that	unexpected	The manager the surgeon narrows suffice	7.947539160113594e-08	7.947539160113594e-08	23.584917068481445	23.584917068481445
3449	gpt2	3450	1725	18	suffice	obj_rel_no_that	expected	The manager the surgeon narrows suffices	0.0009284819909680211	0.0009284819909680211	13.953223705291748	13.953223705291748
3450	gpt2	3451	1726	18	suggest	obj_rel_no_that	unexpected	The manager the surgeon narrows suggest	2.718330506468192e-06	2.718330506468192e-06	18.488847732543945	18.488847732543945
3451	gpt2	3452	1726	18	suggest	obj_rel_no_that	expected	The manager the surgeon narrows suggests	2.6643504043022403e-06	2.6643504043022403e-06	18.517784118652344	18.517784118652344
3452	gpt2	3453	1727	18	suit	obj_rel_no_that	unexpected	The manager the surgeon narrows suit	1.5119237104954664e-05	1.5119237104954664e-05	16.013254165649414	16.013254165649414
3453	gpt2	3454	1727	18	suit	obj_rel_no_that	expected	The manager the surgeon narrows suits	1.0041234190794055e-06	1.0041234190794055e-06	19.92563247680664	19.92563247680664
3454	gpt2	3455	1728	18	summarize	obj_rel_no_that	unexpected	The manager the surgeon narrows summarize	1.4052019992050193e-08	1.4052019992050193e-08	26.084646224975582	26.084646224975582
3455	gpt2	3456	1728	18	summarize	obj_rel_no_that	expected	The manager the surgeon narrows summarizes	2.065771376180692e-08	2.065771376180692e-08	25.528743743896484	25.528743743896484
3456	gpt2	3457	1729	18	summon	obj_rel_no_that	unexpected	The manager the surgeon narrows summon	2.138724752853705e-08	2.138724752853705e-08	25.478673934936523	25.478673934936523
3457	gpt2	3458	1729	18	summon	obj_rel_no_that	expected	The manager the surgeon narrows summons	3.419367899937242e-08	3.419367899937242e-08	24.80169486999512	24.80169486999512
3458	gpt2	3459	1730	18	sum	obj_rel_no_that	unexpected	The manager the surgeon narrows sum	1.0722652632466634e-06	1.0722652632466634e-06	19.83090591430664	19.83090591430664
3459	gpt2	3460	1730	18	sum	obj_rel_no_that	expected	The manager the surgeon narrows sums	4.0118402466760017e-07	4.0118402466760017e-07	21.24923324584961	21.24923324584961
3460	gpt2	3461	1731	18	supersede	obj_rel_no_that	unexpected	The manager the surgeon narrows supersede	0.004997234450835103	0.004997234450835103	15.496541023254396	15.496541023254396
3461	gpt2	3462	1731	18	supersede	obj_rel_no_that	expected	The manager the surgeon narrows supersedes	0.3327587757314821	0.3327587757314821	10.13890893974652	10.13890893974652
3462	gpt2	3463	1732	18	supervise	obj_rel_no_that	unexpected	The manager the surgeon narrows supervise	0.046506374753832326	0.046506374753832326	13.173144221305849	13.173144221305849
3463	gpt2	3464	1732	18	supervise	obj_rel_no_that	expected	The manager the surgeon narrows supervises	0.19330093605053378	0.19330093605053378	12.145469427108766	12.145469427108766
3464	gpt2	3465	1733	18	supplement	obj_rel_no_that	unexpected	The manager the surgeon narrows supplement	4.8099195737449925e-08	4.8099195737449925e-08	24.30941200256348	24.30941200256348
3465	gpt2	3466	1733	18	supplement	obj_rel_no_that	expected	The manager the surgeon narrows supplements	8.42314378246556e-08	8.42314378246556e-08	23.501066207885746	23.501066207885746
3466	gpt2	3467	1734	18	supply	obj_rel_no_that	unexpected	The manager the surgeon narrows supply	2.276767190778628e-06	2.276767190778628e-06	18.74458122253418	18.74458122253418
3467	gpt2	3468	1734	18	supply	obj_rel_no_that	expected	The manager the surgeon narrows supplies	3.842127625830472e-06	3.842127625830472e-06	17.98966407775879	17.98966407775879
3468	gpt2	3469	1735	18	support	obj_rel_no_that	unexpected	The manager the surgeon narrows support	6.106207820266718e-06	6.106207820266718e-06	17.321290969848633	17.321290969848633
3469	gpt2	3470	1735	18	support	obj_rel_no_that	expected	The manager the surgeon narrows supports	3.08571571849825e-07	3.08571571849825e-07	21.627891540527344	21.627891540527344
3470	gpt2	3471	1736	18	suppose	obj_rel_no_that	unexpected	The manager the surgeon narrows suppose	5.7257270036359395e-09	5.7257270036359395e-09	27.3798942565918	27.3798942565918
3471	gpt2	3472	1736	18	suppose	obj_rel_no_that	expected	The manager the surgeon narrows supposes	0.011361388487003389	0.011361388487003389	13.422525644302368	13.422525644302368
3472	gpt2	3473	1737	18	suppress	obj_rel_no_that	unexpected	The manager the surgeon narrows suppress	4.3019564799351435e-08	4.3019564799351435e-08	24.47043228149414	24.47043228149414
3473	gpt2	3474	1737	18	suppress	obj_rel_no_that	expected	The manager the surgeon narrows suppresses	0.12467114999630269	0.12467114999630269	11.694556832313538	11.694556832313538
3474	gpt2	3475	1738	18	surface	obj_rel_no_that	unexpected	The manager the surgeon narrows surface	3.6433311834116477e-07	3.6433311834116477e-07	21.38823890686035	21.38823890686035
3475	gpt2	3476	1738	18	surface	obj_rel_no_that	expected	The manager the surgeon narrows surfaces	1.3113277930187905e-07	1.3113277930187905e-07	22.862468719482425	22.862468719482425
3476	gpt2	3477	1739	18	surge	obj_rel_no_that	unexpected	The manager the surgeon narrows surge	2.8416197395131352e-08	2.8416197395131352e-08	25.06871032714844	25.06871032714844
3477	gpt2	3478	1739	18	surge	obj_rel_no_that	expected	The manager the surgeon narrows surges	5.5562829004429666e-08	5.5562829004429666e-08	24.10130500793457	24.10130500793457
3478	gpt2	3479	1740	18	surpass	obj_rel_no_that	unexpected	The manager the surgeon narrows surpass	1.0658904869842445e-07	1.0658904869842445e-07	23.16143798828125	23.16143798828125
3479	gpt2	3480	1740	18	surpass	obj_rel_no_that	expected	The manager the surgeon narrows surpasses	0.3917341765245048	0.3917341765245048	11.756745621562004	11.756745621562004
3480	gpt2	3481	1741	18	surprise	obj_rel_no_that	unexpected	The manager the surgeon narrows surprise	3.968477358284872e-06	3.968477358284872e-06	17.942983627319336	17.942983627319336
3481	gpt2	3482	1741	18	surprise	obj_rel_no_that	expected	The manager the surgeon narrows surprises	1.6021067494875754e-07	1.6021067494875754e-07	22.57352638244629	22.57352638244629
3482	gpt2	3483	1742	18	surrender	obj_rel_no_that	unexpected	The manager the surgeon narrows surrender	1.658483341770989e-07	1.658483341770989e-07	22.523632049560547	22.523632049560547
3483	gpt2	3484	1742	18	surrender	obj_rel_no_that	expected	The manager the surgeon narrows surrenders	0.33001365545097394	0.33001365545097394	9.448067486907044	9.448067486907044
3484	gpt2	3485	1743	18	survey	obj_rel_no_that	unexpected	The manager the surgeon narrows survey	3.792819370573852e-06	3.792819370573852e-06	18.008296966552734	18.008296966552734
3485	gpt2	3486	1743	18	survey	obj_rel_no_that	expected	The manager the surgeon narrows surveys	1.995049615288736e-06	1.995049615288736e-06	18.93514442443848	18.93514442443848
3486	gpt2	3487	1744	18	survive	obj_rel_no_that	unexpected	The manager the surgeon narrows survive	5.1252136756829714e-08	5.1252136756829714e-08	24.21781349182129	24.21781349182129
3487	gpt2	3488	1744	18	survive	obj_rel_no_that	expected	The manager the surgeon narrows survives	4.7037701733643196e-08	4.7037701733643196e-08	24.34160614013672	24.34160614013672
3488	gpt2	3489	1745	18	suspect	obj_rel_no_that	unexpected	The manager the surgeon narrows suspect	1.4040567748452304e-06	1.4040567748452304e-06	19.441967010498047	19.441967010498047
3489	gpt2	3490	1745	18	suspect	obj_rel_no_that	expected	The manager the surgeon narrows suspects	2.7825178676721407e-06	2.7825178676721407e-06	18.455177307128903	18.455177307128903
3490	gpt2	3491	1746	18	suspend	obj_rel_no_that	unexpected	The manager the surgeon narrows suspend	4.5458672381926135e-09	4.5458672381926135e-09	27.712797164916992	27.712797164916992
3491	gpt2	3492	1746	18	suspend	obj_rel_no_that	expected	The manager the surgeon narrows suspends	0.017254674069754075	0.017254674069754075	13.467767715454102	13.467767715454102
3492	gpt2	3493	1747	18	sustain	obj_rel_no_that	unexpected	The manager the surgeon narrows sustain	4.225546135216973e-08	4.225546135216973e-08	24.496286392211918	24.496286392211918
3493	gpt2	3494	1747	18	sustain	obj_rel_no_that	expected	The manager the surgeon narrows sustains	0.04517040315811727	0.04517040315811727	13.970022082328796	13.970022082328796
3494	gpt2	3495	1748	18	swallow	obj_rel_no_that	unexpected	The manager the surgeon narrows swallow	9.974305470450417e-08	9.974305470450417e-08	23.2572078704834	23.2572078704834
3495	gpt2	3496	1748	18	swallow	obj_rel_no_that	expected	The manager the surgeon narrows swallows	0.49600952288042066	0.49600952288042066	11.261305836495014	11.261305836495014
3496	gpt2	3497	1749	18	swamp	obj_rel_no_that	unexpected	The manager the surgeon narrows swamp	6.380231809544057e-08	6.380231809544057e-08	23.90181541442871	23.90181541442871
3497	gpt2	3498	1749	18	swamp	obj_rel_no_that	expected	The manager the surgeon narrows swamps	0.0006439799535655653	0.0006439799535655653	12.76533842086792	12.76533842086792
3498	gpt2	3499	1750	18	swap	obj_rel_no_that	unexpected	The manager the surgeon narrows swap	2.0588796445508706e-08	2.0588796445508706e-08	25.533565521240234	25.533565521240234
3499	gpt2	3500	1750	18	swap	obj_rel_no_that	expected	The manager the surgeon narrows swaps	1.8934324330643904e-08	1.8934324330643904e-08	25.654420852661133	25.654420852661133
3500	gpt2	3501	1751	18	sway	obj_rel_no_that	unexpected	The manager the surgeon narrows sway	2.945017172351072e-07	2.945017172351072e-07	21.695220947265625	21.695220947265625
3501	gpt2	3502	1751	18	sway	obj_rel_no_that	expected	The manager the surgeon narrows sways	0.0016655231265758296	0.0016655231265758296	10.919941425323486	10.919941425323486
3502	gpt2	3503	1752	18	swear	obj_rel_no_that	unexpected	The manager the surgeon narrows swear	2.9680697366529785e-07	2.9680697366529785e-07	21.683971405029297	21.683971405029297
3503	gpt2	3504	1752	18	swear	obj_rel_no_that	expected	The manager the surgeon narrows swears	0.007813967843503616	0.007813967843503616	10.956460952758789	10.956460952758789
3504	gpt2	3505	1753	18	sweat	obj_rel_no_that	unexpected	The manager the surgeon narrows sweat	8.15375528873119e-07	8.15375528873119e-07	20.22603225708008	20.22603225708008
3505	gpt2	3506	1753	18	sweat	obj_rel_no_that	expected	The manager the surgeon narrows sweats	9.859455474270362e-08	9.859455474270362e-08	23.27391624450684	23.27391624450684
3506	gpt2	3507	1754	18	sweeten	obj_rel_no_that	unexpected	The manager the surgeon narrows sweeten	0.0021088109253923583	0.0021088109253923583	12.689241170883179	12.689241170883179
3507	gpt2	3508	1754	18	sweeten	obj_rel_no_that	expected	The manager the surgeon narrows sweetens	0.0016948826280440584	0.0016948826280440584	12.847090721130371	12.847090721130371
3508	gpt2	3509	1755	18	swell	obj_rel_no_that	unexpected	The manager the surgeon narrows swell	5.619720155891628e-08	5.619720155891628e-08	24.08492660522461	24.08492660522461
3509	gpt2	3510	1755	18	swell	obj_rel_no_that	expected	The manager the surgeon narrows swells	0.013539070342631016	0.013539070342631016	10.559643268585205	10.559643268585205
3510	gpt2	3511	1756	18	swing	obj_rel_no_that	unexpected	The manager the surgeon narrows swing	4.553438941456989e-07	4.553438941456989e-07	21.066539764404297	21.066539764404297
3511	gpt2	3512	1756	18	swing	obj_rel_no_that	expected	The manager the surgeon narrows swings	5.408067409007344e-06	5.408067409007344e-06	17.496456146240234	17.496456146240234
3512	gpt2	3513	1757	18	switch	obj_rel_no_that	unexpected	The manager the surgeon narrows switch	5.034893320043921e-07	5.034893320043921e-07	20.92153549194336	20.92153549194336
3513	gpt2	3514	1757	18	switch	obj_rel_no_that	expected	The manager the surgeon narrows switches	3.214394439510216e-07	3.214394439510216e-07	21.56894874572754	21.56894874572754
3514	gpt2	3515	1758	19	synthesize	obj_rel_no_that	unexpected	The consultant the officers implement synthesize	0.03622071163971441	0.03622071163971441	11.903485417366028	11.903485417366028
3515	gpt2	3516	1758	19	synthesize	obj_rel_no_that	expected	The consultant the officers implement synthesizes	0.09911526086051481	0.09911526086051481	11.177333354949951	11.177333354949951
3516	gpt2	3517	1759	19	tackle	obj_rel_no_that	unexpected	The consultant the officers implement tackle	6.058533017494483e-06	6.058533017494483e-06	17.332599639892578	17.332599639892578
3517	gpt2	3518	1759	19	tackle	obj_rel_no_that	expected	The consultant the officers implement tackles	1.1331877431075554e-05	1.1331877431075554e-05	16.42925262451172	16.42925262451172
3518	gpt2	3519	1760	19	tag	obj_rel_no_that	unexpected	The consultant the officers implement tag	5.140925054547552e-07	5.140925054547552e-07	20.891468048095703	20.891468048095703
3519	gpt2	3520	1760	19	tag	obj_rel_no_that	expected	The consultant the officers implement tags	3.090112272730039e-07	3.090112272730039e-07	21.625837326049805	21.625837326049805
3520	gpt2	3521	1761	19	take	obj_rel_no_that	unexpected	The consultant the officers implement take	0.0004484157543629	0.0004484157543629	11.122875213623049	11.122875213623049
3521	gpt2	3522	1761	19	take	obj_rel_no_that	expected	The consultant the officers implement takes	0.0011297882301732	0.0011297882301732	9.789731979370115	9.789731979370115
3522	gpt2	3523	1762	19	talk	obj_rel_no_that	unexpected	The consultant the officers implement talk	9.80546828941442e-05	9.80546828941442e-05	13.316054344177246	13.316054344177246
3523	gpt2	3524	1762	19	talk	obj_rel_no_that	expected	The consultant the officers implement talks	5.471656913869083e-05	5.471656913869083e-05	14.157662391662598	14.157662391662598
3524	gpt2	3525	1763	19	tamper	obj_rel_no_that	unexpected	The consultant the officers implement tamper	0.3273561131967142	0.3273561131967142	10.613506197929382	10.613506197929382
3525	gpt2	3526	1763	19	tamper	obj_rel_no_that	expected	The consultant the officers implement tampers	0.005260788257757551	0.005260788257757551	14.857768774032593	14.857768774032593
3526	gpt2	3527	1764	19	tandy	obj_rel_no_that	unexpected	The consultant the officers implement tandy	3.883147019223543e-05	3.883147019223543e-05	14.831974506378174	14.831974506378174
3527	gpt2	3528	1764	19	tandy	obj_rel_no_that	expected	The consultant the officers implement tandies	0.0007929999198191882	0.0007929999198191882	11.675753593444824	11.675753593444824
3528	gpt2	3529	1765	19	tap	obj_rel_no_that	unexpected	The consultant the officers implement tap	1.585644099577621e-06	1.585644099577621e-06	19.266498565673828	19.266498565673828
3529	gpt2	3530	1765	19	tap	obj_rel_no_that	expected	The consultant the officers implement taps	2.1397002001322107e-06	2.1397002001322107e-06	18.83415985107422	18.83415985107422
3530	gpt2	3531	1766	19	target	obj_rel_no_that	unexpected	The consultant the officers implement target	5.415796476881951e-05	5.415796476881951e-05	14.172467231750488	14.172467231750488
3531	gpt2	3532	1766	19	target	obj_rel_no_that	expected	The consultant the officers implement targets	4.434701622813009e-05	4.434701622813009e-05	14.460803031921388	14.460803031921388
3532	gpt2	3533	1767	19	tarnish	obj_rel_no_that	unexpected	The consultant the officers implement tarnish	0.027168303652935315	0.027168303652935315	13.78020453453064	13.78020453453064
3533	gpt2	3534	1767	19	tarnish	obj_rel_no_that	expected	The consultant the officers implement tarnishes	0.09397815346651582	0.09397815346651582	12.885003089904785	12.885003089904785
3534	gpt2	3535	1768	19	taste	obj_rel_no_that	unexpected	The consultant the officers implement taste	1.363390310871182e-06	1.363390310871182e-06	19.4843692779541	19.4843692779541
3535	gpt2	3536	1768	19	taste	obj_rel_no_that	expected	The consultant the officers implement tastes	1.1961219570366666e-06	1.1961219570366666e-06	19.67320442199707	19.67320442199707
3536	gpt2	3537	1769	19	tax	obj_rel_no_that	unexpected	The consultant the officers implement tax	5.494892775459448e-06	5.494892775459448e-06	17.47347640991211	17.47347640991211
3537	gpt2	3538	1769	19	tax	obj_rel_no_that	expected	The consultant the officers implement taxes	5.128333214088343e-06	5.128333214088343e-06	17.573078155517578	17.573078155517578
3538	gpt2	3539	1770	19	teach	obj_rel_no_that	unexpected	The consultant the officers implement teach	3.650697908597067e-05	3.650697908597067e-05	14.74146842956543	14.74146842956543
3539	gpt2	3540	1770	19	teach	obj_rel_no_that	expected	The consultant the officers implement teaches	5.6318378483410925e-05	5.6318378483410925e-05	14.116034507751465	14.116034507751465
3540	gpt2	3541	1771	19	team	obj_rel_no_that	unexpected	The consultant the officers implement team	3.34792239300441e-05	3.34792239300441e-05	14.866374015808104	14.866374015808104
3541	gpt2	3542	1771	19	team	obj_rel_no_that	expected	The consultant the officers implement teams	1.1792280929512344e-05	1.1792280929512344e-05	16.371797561645508	16.371797561645508
3542	gpt2	3543	1772	19	tear	obj_rel_no_that	unexpected	The consultant the officers implement tear	1.4422921594814395e-06	1.4422921594814395e-06	19.40320587158203	19.40320587158203
3543	gpt2	3544	1772	19	tear	obj_rel_no_that	expected	The consultant the officers implement tears	2.6694789312387e-07	2.6694789312387e-07	21.836938858032227	21.836938858032227
3544	gpt2	3545	1773	19	tell	obj_rel_no_that	unexpected	The consultant the officers implement tell	0.0003451421216595	0.0003451421216595	11.500521659851074	11.500521659851074
3545	gpt2	3546	1773	19	tell	obj_rel_no_that	expected	The consultant the officers implement tells	0.0011134525993838	0.0011134525993838	9.810744285583496	9.810744285583496
3546	gpt2	3547	1774	19	tender	obj_rel_no_that	unexpected	The consultant the officers implement tender	3.943518720461725e-07	3.943518720461725e-07	21.27401351928711	21.27401351928711
3547	gpt2	3548	1774	19	tender	obj_rel_no_that	expected	The consultant the officers implement tenders	0.014084479596931451	0.014084479596931451	7.551812171936035	7.551812171936035
3548	gpt2	3549	1775	19	tend	obj_rel_no_that	unexpected	The consultant the officers implement tend	0.0010472215944901	0.0010472215944901	9.89921760559082	9.89921760559082
3549	gpt2	3550	1775	19	tend	obj_rel_no_that	expected	The consultant the officers implement tends	0.000306928763166	0.000306928763166	11.669808387756348	11.669808387756348
3550	gpt2	3551	1776	19	terminate	obj_rel_no_that	unexpected	The consultant the officers implement terminate	4.223926680424484e-06	4.223926680424484e-06	17.852983474731445	17.852983474731445
3551	gpt2	3552	1776	19	terminate	obj_rel_no_that	expected	The consultant the officers implement terminates	0.19309410900496005	0.19309410900496005	9.524003624916077	9.524003624916077
3552	gpt2	3553	1777	19	term	obj_rel_no_that	unexpected	The consultant the officers implement term	8.87463193066651e-06	8.87463193066651e-06	16.78188133239746	16.78188133239746
3553	gpt2	3554	1777	19	term	obj_rel_no_that	expected	The consultant the officers implement terms	1.9981142031610943e-05	1.9981142031610943e-05	15.611001014709473	15.611001014709473
3554	gpt2	3555	1778	19	test-drive	obj_rel_no_that	unexpected	The consultant the officers implement test-drive	0.030481350262562	0.030481350262562	8.637758731842041	8.637758731842041
3555	gpt2	3556	1778	19	test-drive	obj_rel_no_that	expected	The consultant the officers implement test-drives	0.030481350262562	0.030481350262562	8.637758731842041	8.637758731842041
3556	gpt2	3557	1779	19	testify	obj_rel_no_that	unexpected	The consultant the officers implement testify	2.3743947167531587e-05	2.3743947167531587e-05	15.362080574035645	15.362080574035645
3557	gpt2	3558	1779	19	testify	obj_rel_no_that	expected	The consultant the officers implement testifies	0.0286966624007618	0.0286966624007618	8.68135690689087	8.68135690689087
3558	gpt2	3559	1780	19	test	obj_rel_no_that	unexpected	The consultant the officers implement test	0.0001035679670167	0.0001035679670167	13.23713493347168	13.23713493347168
3559	gpt2	3560	1780	19	test	obj_rel_no_that	expected	The consultant the officers implement tests	5.048423918196932e-05	5.048423918196932e-05	14.273807525634766	14.273807525634766
3560	gpt2	3561	1781	19	thank	obj_rel_no_that	unexpected	The consultant the officers implement thank	8.11052268545609e-06	8.11052268545609e-06	16.911773681640625	16.911773681640625
3561	gpt2	3562	1781	19	thank	obj_rel_no_that	expected	The consultant the officers implement thanks	5.585173312283587e-06	5.585173312283587e-06	17.449966430664062	17.449966430664062
3562	gpt2	3563	1782	19	the	obj_rel_no_that	unexpected	The consultant the officers implement the	0.0097203468903899	0.0097203468903899	6.684776306152344	6.684776306152344
3563	gpt2	3564	1782	19	the	obj_rel_no_that	expected	The consultant the officers implement thes	0.004862867625206481	0.004862867625206481	12.093249320983887	12.093249320983887
3564	gpt2	3565	1783	19	think	obj_rel_no_that	unexpected	The consultant the officers implement think	0.0002174160617869	0.0002174160617869	12.167253494262695	12.167253494262695
3565	gpt2	3566	1783	19	think	obj_rel_no_that	expected	The consultant the officers implement thinks	0.0001309052022406	0.0001309052022406	12.899189949035645	12.899189949035645
3566	gpt2	3567	1784	19	thrash	obj_rel_no_that	unexpected	The consultant the officers implement thrash	0.004907109185182849	0.004907109185182849	13.431248664855957	13.431248664855957
3567	gpt2	3568	1784	19	thrash	obj_rel_no_that	expected	The consultant the officers implement thrashes	0.0014414683608947488	0.0014414683608947488	14.3150634765625	14.3150634765625
3568	gpt2	3569	1785	19	threaten	obj_rel_no_that	unexpected	The consultant the officers implement threaten	2.220815076725557e-06	2.220815076725557e-06	18.780479431152344	18.780479431152344
3569	gpt2	3570	1785	19	threaten	obj_rel_no_that	expected	The consultant the officers implement threatens	9.895156836137176e-06	9.895156836137176e-06	16.624845504760742	16.624845504760742
3570	gpt2	3571	1786	19	thrive	obj_rel_no_that	unexpected	The consultant the officers implement thrive	1.2351175655567204e-06	1.2351175655567204e-06	19.62692070007324	19.62692070007324
3571	gpt2	3572	1786	19	thrive	obj_rel_no_that	expected	The consultant the officers implement thrives	0.4508520470225221	0.4508520470225221	9.26209357380867	9.26209357380867
3572	gpt2	3573	1787	19	throw	obj_rel_no_that	unexpected	The consultant the officers implement throw	1.1357967650837963e-06	1.1357967650837963e-06	19.74786376953125	19.74786376953125
3573	gpt2	3574	1787	19	throw	obj_rel_no_that	expected	The consultant the officers implement throws	3.081908744206885e-06	3.081908744206885e-06	18.3077449798584	18.3077449798584
3574	gpt2	3575	1788	19	thwart	obj_rel_no_that	unexpected	The consultant the officers implement thwart	3.540669695212273e-07	3.540669695212273e-07	21.429473876953125	21.429473876953125
3575	gpt2	3576	1788	19	thwart	obj_rel_no_that	expected	The consultant the officers implement thwarts	0.0021484300216342996	0.0021484300216342996	13.229412794113157	13.229412794113157
3576	gpt2	3577	1789	19	tick	obj_rel_no_that	unexpected	The consultant the officers implement tick	1.453315917387954e-06	1.453315917387954e-06	19.39221954345703	19.39221954345703
3577	gpt2	3578	1789	19	tick	obj_rel_no_that	expected	The consultant the officers implement ticks	1.9275123008810627e-07	1.9275123008810627e-07	22.3067569732666	22.3067569732666
3578	gpt2	3579	1790	19	tie	obj_rel_no_that	unexpected	The consultant the officers implement tie	1.7831276863944368e-06	1.7831276863944368e-06	19.09715843200684	19.09715843200684
3579	gpt2	3580	1790	19	tie	obj_rel_no_that	expected	The consultant the officers implement ties	9.568788300384767e-06	9.568788300384767e-06	16.673233032226562	16.673233032226562
3580	gpt2	3581	1791	19	tighten	obj_rel_no_that	unexpected	The consultant the officers implement tighten	3.55772897364659e-07	3.55772897364659e-07	21.42254066467285	21.42254066467285
3581	gpt2	3582	1791	19	tighten	obj_rel_no_that	expected	The consultant the officers implement tightens	0.004280157804885185	0.004280157804885185	13.159335613250732	13.159335613250732
3582	gpt2	3583	1792	19	tilt	obj_rel_no_that	unexpected	The consultant the officers implement tilt	2.430680865472823e-07	2.430680865472823e-07	21.97213554382324	21.97213554382324
3583	gpt2	3584	1792	19	tilt	obj_rel_no_that	expected	The consultant the officers implement tilts	0.1650195510294736	0.1650195510294736	11.596148371696472	11.596148371696472
3584	gpt2	3585	1793	19	time	obj_rel_no_that	unexpected	The consultant the officers implement time	2.91224496322684e-05	2.91224496322684e-05	15.067508697509766	15.067508697509766
3585	gpt2	3586	1793	19	time	obj_rel_no_that	expected	The consultant the officers implement times	5.537039214686956e-06	5.537039214686956e-06	17.462453842163086	17.462453842163086
3586	gpt2	3587	1794	19	tiptoe	obj_rel_no_that	unexpected	The consultant the officers implement tiptoe	0.2781573900471509	0.2781573900471509	8.084387570619583	8.084387570619583
3587	gpt2	3588	1794	19	tiptoe	obj_rel_no_that	expected	The consultant the officers implement tiptoes	0.02893327115877276	0.02893327115877276	9.187626441319784	9.187626441319784
3588	gpt2	3589	1795	19	tolerate	obj_rel_no_that	unexpected	The consultant the officers implement tolerate	1.7287084119743668e-06	1.7287084119743668e-06	19.14187431335449	19.14187431335449
3589	gpt2	3590	1795	19	tolerate	obj_rel_no_that	expected	The consultant the officers implement tolerates	0.047690054292303295	0.047690054292303295	12.156994104385376	12.156994104385376
3590	gpt2	3591	1796	19	topple	obj_rel_no_that	unexpected	The consultant the officers implement topple	1.7633521309790012e-08	1.7633521309790012e-08	25.757104873657227	25.757104873657227
3591	gpt2	3592	1796	19	topple	obj_rel_no_that	expected	The consultant the officers implement topples	0.01882959707803876	0.01882959707803876	14.137160778045654	14.137160778045654
3592	gpt2	3593	1797	19	top	obj_rel_no_that	unexpected	The consultant the officers implement top	2.0499584934441373e-05	2.0499584934441373e-05	15.57404613494873	15.57404613494873
3593	gpt2	3594	1797	19	top	obj_rel_no_that	expected	The consultant the officers implement tops	2.5717818061821163e-06	2.5717818061821163e-06	18.56879997253418	18.56879997253418
3594	gpt2	3595	1798	19	torment	obj_rel_no_that	unexpected	The consultant the officers implement torment	8.412675356339605e-08	8.412675356339605e-08	23.50286102294922	23.50286102294922
3595	gpt2	3596	1798	19	torment	obj_rel_no_that	expected	The consultant the officers implement torments	0.016276636493017773	0.016276636493017773	12.555119276046755	12.555119276046755
3596	gpt2	3597	1799	19	torpedo	obj_rel_no_that	unexpected	The consultant the officers implement torpedo	2.9592387207344476e-08	2.9592387207344476e-08	25.01019859313965	25.01019859313965
3597	gpt2	3598	1799	19	torpedo	obj_rel_no_that	expected	The consultant the officers implement torpedoes	0.4914668574672532	0.4914668574672532	13.014907022006811	13.014907022006811
3598	gpt2	3599	1800	19	torture	obj_rel_no_that	unexpected	The consultant the officers implement torture	1.0740675406850642e-06	1.0740675406850642e-06	19.82848358154297	19.82848358154297
3599	gpt2	3600	1800	19	torture	obj_rel_no_that	expected	The consultant the officers implement tortures	0.002097991519548257	0.002097991519548257	14.167404651641846	14.167404651641846
3600	gpt2	3601	1801	19	toss	obj_rel_no_that	unexpected	The consultant the officers implement toss	5.584872155850462e-07	5.584872155850462e-07	20.77197265625	20.77197265625
3601	gpt2	3602	1801	19	toss	obj_rel_no_that	expected	The consultant the officers implement tosses	0.4569259694177106	0.4569259694177106	10.450970619916916	10.450970619916916
3602	gpt2	3603	1802	19	total	obj_rel_no_that	unexpected	The consultant the officers implement total	6.926429705345072e-06	6.926429705345072e-06	17.139455795288086	17.139455795288086
3603	gpt2	3604	1802	19	total	obj_rel_no_that	expected	The consultant the officers implement totals	9.557255680192611e-07	9.557255680192611e-07	19.99690055847168	19.99690055847168
3604	gpt2	3605	1803	19	totter	obj_rel_no_that	unexpected	The consultant the officers implement totter	0.00029166931068400607	0.00029166931068400607	15.767477035522463	15.767477035522463
3605	gpt2	3606	1803	19	totter	obj_rel_no_that	expected	The consultant the officers implement totters	0.001650931144979456	0.001650931144979456	14.516478061676027	14.516478061676027
3606	gpt2	3607	1804	19	touch	obj_rel_no_that	unexpected	The consultant the officers implement touch	2.6806352252606302e-05	2.6806352252606302e-05	15.18706512451172	15.18706512451172
3607	gpt2	3608	1804	19	touch	obj_rel_no_that	expected	The consultant the officers implement touches	1.4434817785513587e-05	1.4434817785513587e-05	16.080087661743164	16.080087661743164
3608	gpt2	3609	1805	19	toughen	obj_rel_no_that	unexpected	The consultant the officers implement toughen	0.41101114495640445	0.41101114495640445	11.054063782095911	11.054063782095911
3609	gpt2	3610	1805	19	toughen	obj_rel_no_that	expected	The consultant the officers implement toughens	0.01603964946215796	0.01603964946215796	13.393801212310793	13.393801212310793
3610	gpt2	3611	1806	19	tough	obj_rel_no_that	unexpected	The consultant the officers implement tough	6.97965901963471e-07	6.97965901963471e-07	20.450340270996094	20.450340270996094
3611	gpt2	3612	1806	19	tough	obj_rel_no_that	expected	The consultant the officers implement toughs	0.00022819993210983173	0.00022819993210983173	15.774981021881104	15.774981021881104
3612	gpt2	3613	1807	19	tour	obj_rel_no_that	unexpected	The consultant the officers implement tour	3.4368981687293854e-06	3.4368981687293854e-06	18.15046119689941	18.15046119689941
3613	gpt2	3614	1807	19	tour	obj_rel_no_that	expected	The consultant the officers implement tours	5.834285275341244e-06	5.834285275341244e-06	17.387012481689453	17.387012481689453
3614	gpt2	3615	1808	19	tout	obj_rel_no_that	unexpected	The consultant the officers implement tout	0.005355355583560594	0.005355355583560594	11.057175159454346	11.057175159454346
3615	gpt2	3616	1808	19	tout	obj_rel_no_that	expected	The consultant the officers implement touts	0.0021545482077271936	0.0021545482077271936	11.716042041778564	11.716042041778564
3616	gpt2	3617	1809	19	tower	obj_rel_no_that	unexpected	The consultant the officers implement tower	1.1168961009389022e-06	1.1168961009389022e-06	19.77207374572754	19.77207374572754
3617	gpt2	3618	1809	19	tower	obj_rel_no_that	expected	The consultant the officers implement towers	1.0947086366286385e-06	1.0947086366286385e-06	19.80102157592773	19.80102157592773
3618	gpt2	3619	1810	19	trace	obj_rel_no_that	unexpected	The consultant the officers implement trace	2.4466830836900044e-06	2.4466830836900044e-06	18.6407413482666	18.6407413482666
3619	gpt2	3620	1810	19	trace	obj_rel_no_that	expected	The consultant the officers implement traces	4.873017587669892e-06	4.873017587669892e-06	17.646753311157227	17.646753311157227
3620	gpt2	3621	1811	19	track	obj_rel_no_that	unexpected	The consultant the officers implement track	2.8064965590601787e-05	2.8064965590601787e-05	15.120869636535645	15.120869636535645
3621	gpt2	3622	1811	19	track	obj_rel_no_that	expected	The consultant the officers implement tracks	1.991136923606973e-05	1.991136923606973e-05	15.616047859191896	15.616047859191896
3622	gpt2	3623	1812	19	trade	obj_rel_no_that	unexpected	The consultant the officers implement trade	5.037340542912716e-06	5.037340542912716e-06	17.598905563354492	17.598905563354492
3623	gpt2	3624	1812	19	trade	obj_rel_no_that	expected	The consultant the officers implement trades	5.264447736408329e-06	5.264447736408329e-06	17.53528594970703	17.53528594970703
3624	gpt2	3625	1813	19	traduce	obj_rel_no_that	unexpected	The consultant the officers implement traduce	0.0034677582183206684	0.0034677582183206684	15.871604919433594	15.871604919433594
3625	gpt2	3626	1813	19	traduce	obj_rel_no_that	expected	The consultant the officers implement traduces	0.003948956760140719	0.003948956760140719	15.777870416641235	15.777870416641235
3626	gpt2	3627	1814	19	trail	obj_rel_no_that	unexpected	The consultant the officers implement trail	1.1740656873371336e-06	1.1740656873371336e-06	19.700056076049805	19.700056076049805
3627	gpt2	3628	1814	19	trail	obj_rel_no_that	expected	The consultant the officers implement trails	1.2138787042204058e-06	1.2138787042204058e-06	19.651945114135746	19.651945114135746
3628	gpt2	3629	1815	19	train	obj_rel_no_that	unexpected	The consultant the officers implement train	3.396768079255708e-05	3.396768079255708e-05	14.845478057861328	14.845478057861328
3629	gpt2	3630	1815	19	train	obj_rel_no_that	expected	The consultant the officers implement trains	1.8695154722081497e-05	1.8695154722081497e-05	15.706975936889648	15.706975936889648
3630	gpt2	3631	1816	19	transact	obj_rel_no_that	unexpected	The consultant the officers implement transact	5.935955869063037e-07	5.935955869063037e-07	20.684017181396484	20.684017181396484
3631	gpt2	3632	1816	19	transact	obj_rel_no_that	expected	The consultant the officers implement transacts	0.00038027934516548465	0.00038027934516548465	14.719296932220459	14.719296932220459
3632	gpt2	3633	1817	19	transfer	obj_rel_no_that	unexpected	The consultant the officers implement transfer	1.558194162498694e-05	1.558194162498694e-05	15.969765663146973	15.969765663146973
3633	gpt2	3634	1817	19	transfer	obj_rel_no_that	expected	The consultant the officers implement transfers	1.690371755103115e-05	1.690371755103115e-05	15.852299690246582	15.852299690246582
3634	gpt2	3635	1818	19	transform	obj_rel_no_that	unexpected	The consultant the officers implement transform	1.0318652812202345e-06	1.0318652812202345e-06	19.886314392089844	19.886314392089844
3635	gpt2	3636	1818	19	transform	obj_rel_no_that	expected	The consultant the officers implement transforms	2.8720303362206323e-06	2.8720303362206323e-06	18.40949821472168	18.40949821472168
3636	gpt2	3637	1819	19	translate	obj_rel_no_that	unexpected	The consultant the officers implement translate	5.719519776903326e-06	5.719519776903326e-06	17.415674209594727	17.415674209594727
3637	gpt2	3638	1819	19	translate	obj_rel_no_that	expected	The consultant the officers implement translates	2.179473995056469e-05	2.179473995056469e-05	15.485660552978516	15.485660552978516
3638	gpt2	3639	1820	19	transmit	obj_rel_no_that	unexpected	The consultant the officers implement transmit	3.9179403756861575e-06	3.9179403756861575e-06	17.96147346496582	17.96147346496582
3639	gpt2	3640	1820	19	transmit	obj_rel_no_that	expected	The consultant the officers implement transmits	0.3392251086365832	0.3392251086365832	9.391261875629425	9.391261875629425
3640	gpt2	3641	1821	19	transplant	obj_rel_no_that	unexpected	The consultant the officers implement transplant	3.1876314210421697e-07	3.1876314210421697e-07	21.581010818481445	21.581010818481445
3641	gpt2	3642	1821	19	transplant	obj_rel_no_that	expected	The consultant the officers implement transplants	0.4778647261252331	0.4778647261252331	10.273523427546024	10.273523427546024
3642	gpt2	3643	1822	19	transport	obj_rel_no_that	unexpected	The consultant the officers implement transport	5.0022599680232815e-06	5.0022599680232815e-06	17.60898780822754	17.60898780822754
3643	gpt2	3644	1822	19	transport	obj_rel_no_that	expected	The consultant the officers implement transports	3.33741377289698e-06	3.33741377289698e-06	18.19283866882324	18.19283866882324
3644	gpt2	3645	1823	19	trash	obj_rel_no_that	unexpected	The consultant the officers implement trash	2.2461694015873945e-07	2.2461694015873945e-07	22.08602905273437	22.08602905273437
3645	gpt2	3646	1823	19	trash	obj_rel_no_that	expected	The consultant the officers implement trashes	0.005677442762589594	0.005677442762589594	12.457122564315796	12.457122564315796
3646	gpt2	3647	1824	19	travel	obj_rel_no_that	unexpected	The consultant the officers implement travel	2.410011074971408e-05	2.410011074971408e-05	15.340600967407228	15.340600967407228
3647	gpt2	3648	1824	19	travel	obj_rel_no_that	expected	The consultant the officers implement travels	1.2778202290064655e-05	1.2778202290064655e-05	16.25595474243164	16.25595474243164
3648	gpt2	3649	1825	19	tread	obj_rel_no_that	unexpected	The consultant the officers implement tread	1.5248815543600358e-06	1.5248815543600358e-06	19.322872161865234	19.322872161865234
3649	gpt2	3650	1825	19	tread	obj_rel_no_that	expected	The consultant the officers implement treads	0.05673868084750208	0.05673868084750208	11.231207609176636	11.231207609176636
3650	gpt2	3651	1826	19	treat	obj_rel_no_that	unexpected	The consultant the officers implement treat	1.792690636648331e-05	1.792690636648331e-05	15.7675142288208	15.7675142288208
3651	gpt2	3652	1826	19	treat	obj_rel_no_that	expected	The consultant the officers implement treats	7.073911547195166e-05	7.073911547195166e-05	13.787132263183594	13.787132263183594
3652	gpt2	3653	1827	19	trend	obj_rel_no_that	unexpected	The consultant the officers implement trend	4.072255421760929e-07	4.072255421760929e-07	21.22766876220703	21.22766876220703
3653	gpt2	3654	1827	19	trend	obj_rel_no_that	expected	The consultant the officers implement trends	1.4324608628157876e-06	1.4324608628157876e-06	19.41307258605957	19.41307258605957
3654	gpt2	3655	1828	19	trickle	obj_rel_no_that	unexpected	The consultant the officers implement trickle	5.55793633338908e-08	5.55793633338908e-08	24.100875854492188	24.100875854492188
3655	gpt2	3656	1828	19	trickle	obj_rel_no_that	expected	The consultant the officers implement trickles	0.08670909970786056	0.08670909970786056	11.614515423774721	11.614515423774721
3656	gpt2	3657	1829	19	trick	obj_rel_no_that	unexpected	The consultant the officers implement trick	5.865054504283762e-07	5.865054504283762e-07	20.70135307312012	20.70135307312012
3657	gpt2	3658	1829	19	trick	obj_rel_no_that	expected	The consultant the officers implement tricks	2.069608854071703e-06	2.069608854071703e-06	18.88220977783203	18.88220977783203
3658	gpt2	3659	1830	19	trigger	obj_rel_no_that	unexpected	The consultant the officers implement trigger	1.7538831116326037e-06	1.7538831116326037e-06	19.12101554870605	19.12101554870605
3659	gpt2	3660	1830	19	trigger	obj_rel_no_that	expected	The consultant the officers implement triggers	1.1624747457972262e-05	1.1624747457972262e-05	16.392440795898438	16.392440795898438
3660	gpt2	3661	1831	19	trim	obj_rel_no_that	unexpected	The consultant the officers implement trim	1.935610072223426e-07	1.935610072223426e-07	22.300708770751957	22.300708770751957
3661	gpt2	3662	1831	19	trim	obj_rel_no_that	expected	The consultant the officers implement trims	0.008964244972503345	0.008964244972503345	12.12758731842041	12.12758731842041
3662	gpt2	3663	1832	19	triple	obj_rel_no_that	unexpected	The consultant the officers implement triple	5.24922427302954e-07	5.24922427302954e-07	20.86139297485352	20.86139297485352
3663	gpt2	3664	1832	19	triple	obj_rel_no_that	expected	The consultant the officers implement triples	0.0006863030612293769	0.0006863030612293769	13.235716819763184	13.235716819763184
3664	gpt2	3665	1833	19	trivialize	obj_rel_no_that	unexpected	The consultant the officers implement trivialize	0.007726657410094223	0.007726657410094223	15.194141626358032	15.194141626358032
3665	gpt2	3666	1833	19	trivialize	obj_rel_no_that	expected	The consultant the officers implement trivializes	0.0020549357598067227	0.0020549357598067227	16.14952325820923	16.14952325820923
3666	gpt2	3667	1834	19	trust	obj_rel_no_that	unexpected	The consultant the officers implement trust	0.0002837447100318	0.0002837447100318	11.783119201660156	11.783119201660156
3667	gpt2	3668	1834	19	trust	obj_rel_no_that	expected	The consultant the officers implement trusts	4.8831985623110086e-05	4.8831985623110086e-05	14.321813583374023	14.321813583374023
3668	gpt2	3669	1835	19	try	obj_rel_no_that	unexpected	The consultant the officers implement try	8.708696987014264e-05	8.708696987014264e-05	13.487183570861816	13.487183570861816
3669	gpt2	3670	1835	19	try	obj_rel_no_that	expected	The consultant the officers implement tries	6.527590448968112e-05	6.527590448968112e-05	13.90308952331543	13.90308952331543
3670	gpt2	3671	1836	19	tumble	obj_rel_no_that	unexpected	The consultant the officers implement tumble	4.6461330782676675e-08	4.6461330782676675e-08	24.359394073486328	24.359394073486328
3671	gpt2	3672	1836	19	tumble	obj_rel_no_that	expected	The consultant the officers implement tumbles	0.0003440611681071436	0.0003440611681071436	13.057837009429932	13.057837009429932
3672	gpt2	3673	1837	19	turn	obj_rel_no_that	unexpected	The consultant the officers implement turn	4.957374039804563e-05	4.957374039804563e-05	14.300064086914062	14.300064086914062
3673	gpt2	3674	1837	19	turn	obj_rel_no_that	expected	The consultant the officers implement turns	6.898403080413118e-05	6.898403080413118e-05	13.82337760925293	13.82337760925293
3674	gpt2	3675	1838	19	twitch	obj_rel_no_that	unexpected	The consultant the officers implement twitch	2.5412328241714025e-08	2.5412328241714025e-08	25.22989654541016	25.22989654541016
3675	gpt2	3676	1838	19	twitch	obj_rel_no_that	expected	The consultant the officers implement twitches	0.0070705635005623175	0.0070705635005623175	13.578372240066527	13.578372240066527
3676	gpt2	3677	1839	19	unblock	obj_rel_no_that	unexpected	The consultant the officers implement unblock	0.0014574537781299743	0.0014574537781299743	12.07127571105957	12.07127571105957
3677	gpt2	3678	1839	19	unblock	obj_rel_no_that	expected	The consultant the officers implement unblocks	0.00011718889436447429	0.00011718889436447429	13.944708824157715	13.944708824157715
3678	gpt2	3679	1840	19	uncover	obj_rel_no_that	unexpected	The consultant the officers implement uncover	1.6899904267120291e-06	1.6899904267120291e-06	19.17455291748047	19.17455291748047
3679	gpt2	3680	1840	19	uncover	obj_rel_no_that	expected	The consultant the officers implement uncovers	0.030376671629104113	0.030376671629104113	8.300691763559977	8.300691763559977
3680	gpt2	3681	1841	19	undercut	obj_rel_no_that	unexpected	The consultant the officers implement undercut	8.027430453694252e-08	8.027430453694252e-08	23.570486068725582	23.570486068725582
3681	gpt2	3682	1841	19	undercut	obj_rel_no_that	expected	The consultant the officers implement undercuts	0.0012141049664932502	0.0012141049664932502	10.542392253875732	10.542392253875732
3682	gpt2	3683	1842	19	undergo	obj_rel_no_that	unexpected	The consultant the officers implement undergo	0.0001415838487446	0.0001415838487446	12.786055564880373	12.786055564880373
3683	gpt2	3684	1842	19	undergo	obj_rel_no_that	expected	The consultant the officers implement undergoes	0.32013834663666785	0.32013834663666785	6.714803576469422	6.714803576469422
3684	gpt2	3685	1843	19	underlie	obj_rel_no_that	unexpected	The consultant the officers implement underlie	0.001202321567689	0.001202321567689	10.631895065307617	10.631895065307617
3685	gpt2	3686	1843	19	underlie	obj_rel_no_that	expected	The consultant the officers implement underlies	0.0011362609475326923	0.0011362609475326923	11.605272769927979	11.605272769927979
3686	gpt2	3687	1844	19	underline	obj_rel_no_that	unexpected	The consultant the officers implement underline	0.00116082127351544	0.00116082127351544	11.083436012268066	11.083436012268066
3687	gpt2	3688	1844	19	underline	obj_rel_no_that	expected	The consultant the officers implement underlines	0.00119874488154885	0.00119874488154885	10.661415576934814	10.661415576934814
3688	gpt2	3689	1845	19	undermine	obj_rel_no_that	unexpected	The consultant the officers implement undermine	1.5592577256029472e-06	1.5592577256029472e-06	19.29070854187012	19.29070854187012
3689	gpt2	3690	1845	19	undermine	obj_rel_no_that	expected	The consultant the officers implement undermines	7.75829903432168e-06	7.75829903432168e-06	16.975828170776367	16.975828170776367
3690	gpt2	3691	1846	19	underperform	obj_rel_no_that	unexpected	The consultant the officers implement underperform	0.017588963732123337	0.017588963732123337	9.647489229838053	9.647489229838053
3691	gpt2	3692	1846	19	underperform	obj_rel_no_that	expected	The consultant the officers implement underperforms	0.031134959931174874	0.031134959931174874	9.363665660222372	9.363665660222372
3692	gpt2	3693	1847	19	underpin	obj_rel_no_that	unexpected	The consultant the officers implement underpin	6.988397558416182e-07	6.988397558416182e-07	20.44853401184082	20.44853401184082
3693	gpt2	3694	1847	19	underpin	obj_rel_no_that	expected	The consultant the officers implement underpins	0.0011295207259535988	0.0011295207259535988	11.853654384613037	11.853654384613037
3694	gpt2	3695	1848	19	underscore	obj_rel_no_that	unexpected	The consultant the officers implement underscore	4.821886250283569e-07	4.821886250283569e-07	20.9838981628418	20.9838981628418
3695	gpt2	3696	1848	19	underscore	obj_rel_no_that	expected	The consultant the officers implement underscores	2.080881813526503e-06	2.080881813526503e-06	18.87437438964844	18.87437438964844
3696	gpt2	3697	1849	19	understand	obj_rel_no_that	unexpected	The consultant the officers implement understand	0.0002073024224955	0.0002073024224955	12.23597526550293	12.23597526550293
3697	gpt2	3698	1849	19	understand	obj_rel_no_that	expected	The consultant the officers implement understands	0.0001083434617612	0.0001083434617612	13.172100067138672	13.172100067138672
3698	gpt2	3699	1850	19	undertake	obj_rel_no_that	unexpected	The consultant the officers implement undertake	3.910593932232587e-06	3.910593932232587e-06	17.96417999267578	17.96417999267578
3699	gpt2	3700	1850	19	undertake	obj_rel_no_that	expected	The consultant the officers implement undertakes	0.49217954136781833	0.49217954136781833	9.427361253648996	9.427361253648996
3700	gpt2	3701	1851	19	underwrite	obj_rel_no_that	unexpected	The consultant the officers implement underwrite	0.0011284986994723756	0.0011284986994723756	11.900075912475586	11.900075912475586
3701	gpt2	3702	1851	19	underwrite	obj_rel_no_that	expected	The consultant the officers implement underwrites	0.3333377560963224	0.3333377560963224	8.224268914433196	8.224268914433196
3702	gpt2	3703	1852	19	undo	obj_rel_no_that	unexpected	The consultant the officers implement undo	1.1537880340029005e-07	1.1537880340029005e-07	23.047119140625	23.047119140625
3703	gpt2	3704	1852	19	undo	obj_rel_no_that	expected	The consultant the officers implement undoes	0.00516901196056096	0.00516901196056096	13.036428689956665	13.036428689956665
3704	gpt2	3705	1853	19	undulate	obj_rel_no_that	unexpected	The consultant the officers implement undulate	0.00051830693223561	0.00051830693223561	14.696292400360107	14.696292400360107
3705	gpt2	3706	1853	19	undulate	obj_rel_no_that	expected	The consultant the officers implement undulates	0.00208918874227491	0.00208918874227491	13.690042495727539	13.690042495727539
3706	gpt2	3707	1854	19	unfold	obj_rel_no_that	unexpected	The consultant the officers implement unfold	2.073994096463139e-07	2.073994096463139e-07	22.20108413696289	22.20108413696289
3707	gpt2	3708	1854	19	unfold	obj_rel_no_that	expected	The consultant the officers implement unfolds	8.013704473341932e-07	8.013704473341932e-07	20.25102806091309	20.25102806091309
3708	gpt2	3709	1855	20	unite	obj_rel_no_that	unexpected	The pilot the pilot functions unite	6.969830934622223e-08	6.969830934622223e-08	23.774301528930664	23.774301528930664
3709	gpt2	3710	1855	20	unite	obj_rel_no_that	expected	The pilot the pilot functions unites	0.00024837342789395	0.00024837342789395	12.05158805847168	12.05158805847168
3710	gpt2	3711	1856	20	unleash	obj_rel_no_that	unexpected	The pilot the pilot functions unleash	6.914800110280339e-08	6.914800110280339e-08	23.785737991333008	23.785737991333008
3711	gpt2	3712	1856	20	unleash	obj_rel_no_that	expected	The pilot the pilot functions unleashes	0.47979819747917674	0.47979819747917674	11.03136876411736	11.03136876411736
3712	gpt2	3713	1857	20	unload	obj_rel_no_that	unexpected	The pilot the pilot functions unload	0.00032530327735	0.00032530327735	11.77349853515625	11.77349853515625
3713	gpt2	3714	1857	20	unload	obj_rel_no_that	expected	The pilot the pilot functions unloads	0.00010696713070499936	0.00010696713070499936	13.493908405303955	13.493908405303955
3714	gpt2	3715	1858	20	unmask	obj_rel_no_that	unexpected	The pilot the pilot functions unmask	0.08231181267774441	0.08231181267774441	10.522236824035643	10.522236824035643
3715	gpt2	3716	1858	20	unmask	obj_rel_no_that	expected	The pilot the pilot functions unmasks	0.2905858376373847	0.2905858376373847	8.431634570161501	8.431634570161501
3716	gpt2	3717	1859	20	unplug	obj_rel_no_that	unexpected	The pilot the pilot functions unplug	0.0098631327418843	0.0098631327418843	9.100706577301025	9.100706577301025
3717	gpt2	3718	1859	20	unplug	obj_rel_no_that	expected	The pilot the pilot functions unplugs	0.018950601350904067	0.018950601350904067	8.943572998046875	8.943572998046875
3718	gpt2	3719	1860	20	unravel	obj_rel_no_that	unexpected	The pilot the pilot functions unravel	1.959622153435703e-07	1.959622153435703e-07	22.282920837402344	22.282920837402344
3719	gpt2	3720	1860	20	unravel	obj_rel_no_that	expected	The pilot the pilot functions unravels	0.24260866009296223	0.24260866009296223	11.663109242916107	11.663109242916107
3720	gpt2	3721	1861	20	unveil	obj_rel_no_that	unexpected	The pilot the pilot functions unveil	5.224602084297203e-09	5.224602084297203e-09	27.51203155517578	27.51203155517578
3721	gpt2	3722	1861	20	unveil	obj_rel_no_that	expected	The pilot the pilot functions unveils	0.48560462045478303	0.48560462045478303	13.126735327765346	13.126735327765346
3722	gpt2	3723	1862	20	unwind	obj_rel_no_that	unexpected	The pilot the pilot functions unwind	0.038353310950753894	0.038353310950753894	11.86068332195282	11.86068332195282
3723	gpt2	3724	1862	20	unwind	obj_rel_no_that	expected	The pilot the pilot functions unwinds	0.10848719506009273	0.10848719506009273	8.576189835866293	8.576189835866293
3724	gpt2	3725	1863	20	update	obj_rel_no_that	unexpected	The pilot the pilot functions update	1.176746991404798e-06	1.176746991404798e-06	19.69676399230957	19.69676399230957
3725	gpt2	3726	1863	20	update	obj_rel_no_that	expected	The pilot the pilot functions updates	5.406646437222662e-07	5.406646437222662e-07	20.818761825561523	20.818761825561523
3726	gpt2	3727	1864	20	upgrade	obj_rel_no_that	unexpected	The pilot the pilot functions upgrade	3.371642378624529e-07	3.371642378624529e-07	21.500045776367188	21.500045776367188
3727	gpt2	3728	1864	20	upgrade	obj_rel_no_that	expected	The pilot the pilot functions upgrades	4.363229493264953e-07	4.363229493264953e-07	21.12809944152832	21.12809944152832
3728	gpt2	3729	1865	20	uphold	obj_rel_no_that	unexpected	The pilot the pilot functions uphold	1.3270800991449505e-07	1.3270800991449505e-07	22.84524154663086	22.84524154663086
3729	gpt2	3730	1865	20	uphold	obj_rel_no_that	expected	The pilot the pilot functions upholds	0.4393182166359111	0.4393182166359111	11.51595176011324	11.51595176011324
3730	gpt2	3731	1866	20	upset	obj_rel_no_that	unexpected	The pilot the pilot functions upset	2.353103525365441e-07	2.353103525365441e-07	22.018932342529297	22.018932342529297
3731	gpt2	3732	1866	20	upset	obj_rel_no_that	expected	The pilot the pilot functions upsets	0.021041766235533964	0.021041766235533964	13.418233394622805	13.418233394622805
3732	gpt2	3733	1867	20	urge	obj_rel_no_that	unexpected	The pilot the pilot functions urge	1.7888633863094586e-07	1.7888633863094586e-07	22.414453506469727	22.414453506469727
3733	gpt2	3734	1867	20	urge	obj_rel_no_that	expected	The pilot the pilot functions urges	3.4669852766455733e-07	3.4669852766455733e-07	21.459814071655277	21.459814071655277
3734	gpt2	3735	1868	20	use	obj_rel_no_that	unexpected	The pilot the pilot functions use	0.0001686051255092	0.0001686051255092	12.534064292907717	12.534064292907717
3735	gpt2	3736	1868	20	use	obj_rel_no_that	expected	The pilot the pilot functions uses	9.811118070501834e-05	9.811118070501834e-05	13.31522274017334	13.31522274017334
3736	gpt2	3737	1869	20	usurp	obj_rel_no_that	unexpected	The pilot the pilot functions usurp	0.09506473256551382	0.09506473256551382	13.94560956954956	13.94560956954956
3737	gpt2	3738	1869	20	usurp	obj_rel_no_that	expected	The pilot the pilot functions usurps	0.075292240216366	0.075292240216366	14.113814115524292	14.113814115524292
3738	gpt2	3739	1870	20	utilize	obj_rel_no_that	unexpected	The pilot the pilot functions utilize	5.378200057748472e-06	5.378200057748472e-06	17.504444122314453	17.504444122314453
3739	gpt2	3740	1870	20	utilize	obj_rel_no_that	expected	The pilot the pilot functions utilizes	5.382920789998025e-06	5.382920789998025e-06	17.5031795501709	17.5031795501709
3740	gpt2	3741	1871	20	vacate	obj_rel_no_that	unexpected	The pilot the pilot functions vacate	0.004406919146049385	0.004406919146049385	13.371479749679567	13.371479749679567
3741	gpt2	3742	1871	20	vacate	obj_rel_no_that	expected	The pilot the pilot functions vacates	0.00016298571040348505	0.00016298571040348505	15.752112865448	15.752112865448
3742	gpt2	3743	1872	20	vacillate	obj_rel_no_that	unexpected	The pilot the pilot functions vacillate	0.08306692876052083	0.08306692876052083	9.313659509023031	9.313659509023031
3743	gpt2	3744	1872	20	vacillate	obj_rel_no_that	expected	The pilot the pilot functions vacillates	0.09520237917831759	0.09520237917831759	8.75349505742391	8.75349505742391
3744	gpt2	3745	1873	20	vacuum	obj_rel_no_that	unexpected	The pilot the pilot functions vacuum	2.376858674324467e-06	2.376858674324467e-06	18.682512283325195	18.682512283325195
3745	gpt2	3746	1873	20	vacuum	obj_rel_no_that	expected	The pilot the pilot functions vacuums	0.11531424423189189	0.11531424423189189	8.349798679351808	8.349798679351808
3746	gpt2	3747	1874	20	value	obj_rel_no_that	unexpected	The pilot the pilot functions value	2.324333081560326e-06	2.324333081560326e-06	18.714752197265625	18.714752197265625
3747	gpt2	3748	1874	20	value	obj_rel_no_that	expected	The pilot the pilot functions values	1.2941007980771246e-06	1.2941007980771246e-06	19.55961799621582	19.55961799621582
3748	gpt2	3749	1875	20	vanish	obj_rel_no_that	unexpected	The pilot the pilot functions vanish	1.4252164248773624e-07	1.4252164248773624e-07	22.7423152923584	22.7423152923584
3749	gpt2	3750	1875	20	vanish	obj_rel_no_that	expected	The pilot the pilot functions vanishes	0.2825031767321775	0.2825031767321775	9.967255562543869	9.967255562543869
3750	gpt2	3751	1876	20	vary	obj_rel_no_that	unexpected	The pilot the pilot functions vary	1.861048076534644e-05	1.861048076534644e-05	15.71352481842041	15.71352481842041
3751	gpt2	3752	1876	20	vary	obj_rel_no_that	expected	The pilot the pilot functions varies	3.877218841807917e-05	3.877218841807917e-05	14.654618263244627	14.654618263244627
3752	gpt2	3753	1877	20	vault	obj_rel_no_that	unexpected	The pilot the pilot functions vault	6.166124677520203e-08	6.166124677520203e-08	23.951061248779297	23.951061248779297
3753	gpt2	3754	1877	20	vault	obj_rel_no_that	expected	The pilot the pilot functions vaults	0.0017841436983871866	0.0017841436983871866	11.477437019348145	11.477437019348145
3754	gpt2	3755	1878	20	veer	obj_rel_no_that	unexpected	The pilot the pilot functions veer	0.04791741602100785	0.04791741602100785	12.269916653633118	12.269916653633118
3755	gpt2	3756	1878	20	veer	obj_rel_no_that	expected	The pilot the pilot functions veers	0.0038010831268167036	0.0038010831268167036	14.09798789024353	14.09798789024353
3756	gpt2	3757	1879	20	venture	obj_rel_no_that	unexpected	The pilot the pilot functions venture	5.2644775649923765e-08	5.2644775649923765e-08	24.179134368896484	24.179134368896484
3757	gpt2	3758	1879	20	venture	obj_rel_no_that	expected	The pilot the pilot functions ventures	3.579067708869843e-08	3.579067708869843e-08	24.735841751098636	24.735841751098636
3758	gpt2	3759	1880	20	vent	obj_rel_no_that	unexpected	The pilot the pilot functions vent	1.2696710882664777e-06	1.2696710882664777e-06	19.587114334106445	19.587114334106445
3759	gpt2	3760	1880	20	vent	obj_rel_no_that	expected	The pilot the pilot functions vents	7.681129687853172e-08	7.681129687853172e-08	23.634105682373047	23.634105682373047
3760	gpt2	3761	1881	20	verify	obj_rel_no_that	unexpected	The pilot the pilot functions verify	9.496056918578688e-07	9.496056918578688e-07	20.00616836547852	20.00616836547852
3761	gpt2	3762	1881	20	verify	obj_rel_no_that	expected	The pilot the pilot functions verifies	8.870770545852283e-05	8.870770545852283e-05	15.631537437438965	15.631537437438965
3762	gpt2	3763	1882	20	veto	obj_rel_no_that	unexpected	The pilot the pilot functions veto	8.865985279271626e-08	8.865985279271626e-08	23.427143096923828	23.427143096923828
3763	gpt2	3764	1882	20	veto	obj_rel_no_that	expected	The pilot the pilot functions vetoes	0.029021113737389446	0.029021113737389446	13.76694917678833	13.76694917678833
3764	gpt2	3765	1883	20	view	obj_rel_no_that	unexpected	The pilot the pilot functions view	1.1031983376597054e-05	1.1031983376597054e-05	16.46794891357422	16.46794891357422
3765	gpt2	3766	1883	20	view	obj_rel_no_that	expected	The pilot the pilot functions views	5.004719696444226e-07	5.004719696444226e-07	20.93020820617676	20.93020820617676
3766	gpt2	3767	1884	20	violate	obj_rel_no_that	unexpected	The pilot the pilot functions violate	9.909453524414857e-08	9.909453524414857e-08	23.26661872863769	23.26661872863769
3767	gpt2	3768	1884	20	violate	obj_rel_no_that	expected	The pilot the pilot functions violates	7.111946729310148e-07	7.111946729310148e-07	20.42325210571289	20.42325210571289
3768	gpt2	3769	1885	20	visit	obj_rel_no_that	unexpected	The pilot the pilot functions visit	6.191235684127605e-07	6.191235684127605e-07	20.62327003479004	20.62327003479004
3769	gpt2	3770	1885	20	visit	obj_rel_no_that	expected	The pilot the pilot functions visits	2.6215539605800586e-07	2.6215539605800586e-07	21.863073348999023	21.863073348999023
3770	gpt2	3771	1886	20	visualize	obj_rel_no_that	unexpected	The pilot the pilot functions visualize	5.7439095257905144e-08	5.7439095257905144e-08	24.05339241027832	24.05339241027832
3771	gpt2	3772	1886	20	visualize	obj_rel_no_that	expected	The pilot the pilot functions visualizes	0.002743203349609719	0.002743203349609719	12.408394813537598	12.408394813537598
3772	gpt2	3773	1887	20	vitiate	obj_rel_no_that	unexpected	The pilot the pilot functions vitiate	0.007129868001356923	0.007129868001356923	9.96475330988566	9.96475330988566
3773	gpt2	3774	1887	20	vitiate	obj_rel_no_that	expected	The pilot the pilot functions vitiates	0.01660471857151906	0.01660471857151906	9.538214365641275	9.538214365641275
3774	gpt2	3775	1888	20	voice	obj_rel_no_that	unexpected	The pilot the pilot functions voice	1.85068365681218e-05	1.85068365681218e-05	15.721582412719728	15.721582412719728
3775	gpt2	3776	1888	20	voice	obj_rel_no_that	expected	The pilot the pilot functions voices	1.0427230563436751e-06	1.0427230563436751e-06	19.871212005615234	19.871212005615234
3776	gpt2	3777	1889	20	void	obj_rel_no_that	unexpected	The pilot the pilot functions void	9.208991286868695e-06	9.208991286868695e-06	16.728525161743164	16.728525161743164
3777	gpt2	3778	1889	20	void	obj_rel_no_that	expected	The pilot the pilot functions voids	0.0020931705735165343	0.0020931705735165343	12.315898418426514	12.315898418426514
3778	gpt2	3779	1890	20	volunteer	obj_rel_no_that	unexpected	The pilot the pilot functions volunteer	9.758925898495363e-07	9.758925898495363e-07	19.966773986816406	19.966773986816406
3779	gpt2	3780	1890	20	volunteer	obj_rel_no_that	expected	The pilot the pilot functions volunteers	6.757799155820976e-07	6.757799155820976e-07	20.4969425201416	20.4969425201416
3780	gpt2	3781	1891	20	vote	obj_rel_no_that	unexpected	The pilot the pilot functions vote	3.6904458511344274e-07	3.6904458511344274e-07	21.369701385498047	21.369701385498047
3781	gpt2	3782	1891	20	vote	obj_rel_no_that	expected	The pilot the pilot functions votes	1.867574894731661e-07	1.867574894731661e-07	22.352331161499023	22.352331161499023
3782	gpt2	3783	1892	20	wade	obj_rel_no_that	unexpected	The pilot the pilot functions wade	8.670729403090422e-05	8.670729403090422e-05	13.81825876235962	13.81825876235962
3783	gpt2	3784	1892	20	wade	obj_rel_no_that	expected	The pilot the pilot functions wades	4.6395969548029825e-05	4.6395969548029825e-05	14.444683074951172	14.444683074951172
3784	gpt2	3785	1893	20	wad	obj_rel_no_that	unexpected	The pilot the pilot functions wad	0.00014198929238770422	0.00014198929238770422	13.395896911621094	13.395896911621094
3785	gpt2	3786	1893	20	wad	obj_rel_no_that	expected	The pilot the pilot functions wads	3.929672675440088e-05	3.929672675440088e-05	14.6460542678833	14.6460542678833
3786	gpt2	3787	1894	20	wage	obj_rel_no_that	unexpected	The pilot the pilot functions wage	5.5964871847891124e-08	5.5964871847891124e-08	24.09090232849121	24.09090232849121
3787	gpt2	3788	1894	20	wage	obj_rel_no_that	expected	The pilot the pilot functions wages	7.078023855910942e-08	7.078023855910942e-08	23.75207901000977	23.75207901000977
3788	gpt2	3789	1895	20	wail	obj_rel_no_that	unexpected	The pilot the pilot functions wail	0.00010916542487390422	0.00010916542487390422	13.616167068481445	13.616167068481445
3789	gpt2	3790	1895	20	wail	obj_rel_no_that	expected	The pilot the pilot functions wails	2.691955705813598e-05	2.691955705813598e-05	15.240602016448975	15.240602016448975
3790	gpt2	3791	1896	20	wait	obj_rel_no_that	unexpected	The pilot the pilot functions wait	1.8741201301963883e-06	1.8741201301963883e-06	19.025354385375977	19.025354385375977
3791	gpt2	3792	1896	20	wait	obj_rel_no_that	expected	The pilot the pilot functions waits	1.9083655899976293e-07	1.9083655899976293e-07	22.32115936279297	22.32115936279297
3792	gpt2	3793	1897	20	waive	obj_rel_no_that	unexpected	The pilot the pilot functions waive	1.3109020535750917e-08	1.3109020535750917e-08	26.184864044189453	26.184864044189453
3793	gpt2	3794	1897	20	waive	obj_rel_no_that	expected	The pilot the pilot functions waives	0.007574149451102122	0.007574149451102122	12.514702081680298	12.514702081680298
3794	gpt2	3795	1898	20	walk	obj_rel_no_that	unexpected	The pilot the pilot functions walk	6.359638973663095e-06	6.359638973663095e-06	17.262622833251953	17.262622833251953
3795	gpt2	3796	1898	20	walk	obj_rel_no_that	expected	The pilot the pilot functions walks	2.2131275727588218e-06	2.2131275727588218e-06	18.78548240661621	18.78548240661621
3796	gpt2	3797	1899	20	wall	obj_rel_no_that	unexpected	The pilot the pilot functions wall	2.752169336872612e-07	2.752169336872612e-07	21.79292678833008	21.79292678833008
3797	gpt2	3798	1899	20	wall	obj_rel_no_that	expected	The pilot the pilot functions walls	1.0846352438420581e-07	1.0846352438420581e-07	23.13628578186035	23.13628578186035
3798	gpt2	3799	1900	20	wander	obj_rel_no_that	unexpected	The pilot the pilot functions wander	6.326090584707346e-08	6.326090584707346e-08	23.91411018371582	23.91411018371582
3799	gpt2	3800	1900	20	wander	obj_rel_no_that	expected	The pilot the pilot functions wanders	0.32288167420961145	0.32288167420961145	10.184647977352144	10.184647977352144
3800	gpt2	3801	1901	20	wane	obj_rel_no_that	unexpected	The pilot the pilot functions wane	5.2930017773178406e-05	5.2930017773178406e-05	14.298770427703857	14.298770427703857
3801	gpt2	3802	1901	20	wane	obj_rel_no_that	expected	The pilot the pilot functions wanes	4.0110322515829466e-05	4.0110322515829466e-05	14.61991262435913	14.61991262435913
3802	gpt2	3803	1902	20	want	obj_rel_no_that	unexpected	The pilot the pilot functions want	1.6932888684095815e-05	1.6932888684095815e-05	15.849812507629396	15.849812507629396
3803	gpt2	3804	1902	20	want	obj_rel_no_that	expected	The pilot the pilot functions wants	6.9493494265771005e-06	6.9493494265771005e-06	17.13469123840332	17.13469123840332
3804	gpt2	3805	1903	20	ward	obj_rel_no_that	unexpected	The pilot the pilot functions ward	1.723827836030978e-07	1.723827836030978e-07	22.46788024902344	22.46788024902344
3805	gpt2	3806	1903	20	ward	obj_rel_no_that	expected	The pilot the pilot functions wards	2.7659993406814465e-07	2.7659993406814465e-07	21.78569602966309	21.78569602966309
3806	gpt2	3807	1904	20	warm	obj_rel_no_that	unexpected	The pilot the pilot functions warm	4.420039658725727e-06	4.420039658725727e-06	17.78750991821289	17.78750991821289
3807	gpt2	3808	1904	20	warm	obj_rel_no_that	expected	The pilot the pilot functions warms	0.0003040806050193867	0.0003040806050193867	15.190743923187256	15.190743923187256
3808	gpt2	3809	1905	20	warn	obj_rel_no_that	unexpected	The pilot the pilot functions warn	3.9942526086633734e-07	3.9942526086633734e-07	21.255571365356445	21.255571365356445
3809	gpt2	3810	1905	20	warn	obj_rel_no_that	expected	The pilot the pilot functions warns	5.903212922930834e-07	5.903212922930834e-07	20.69199562072754	20.69199562072754
3810	gpt2	3811	1906	20	warrant	obj_rel_no_that	unexpected	The pilot the pilot functions warrant	8.152580903697526e-07	8.152580903697526e-07	20.22624015808105	20.22624015808105
3811	gpt2	3812	1906	20	warrant	obj_rel_no_that	expected	The pilot the pilot functions warrants	2.607411602184584e-07	2.607411602184584e-07	21.87087821960449	21.87087821960449
3812	gpt2	3813	1907	20	wash	obj_rel_no_that	unexpected	The pilot the pilot functions wash	1.88090169217503e-07	1.88090169217503e-07	22.342071533203125	22.342071533203125
3813	gpt2	3814	1907	20	wash	obj_rel_no_that	expected	The pilot the pilot functions washes	0.0016460277502119188	0.0016460277502119188	11.803679466247559	11.803679466247559
3814	gpt2	3815	1908	20	waste	obj_rel_no_that	unexpected	The pilot the pilot functions waste	5.124223889652058e-07	5.124223889652058e-07	20.896163940429688	20.896163940429688
3815	gpt2	3816	1908	20	waste	obj_rel_no_that	expected	The pilot the pilot functions wastes	1.852066020546772e-07	1.852066020546772e-07	22.36436080932617	22.36436080932617
3816	gpt2	3817	1909	20	watch	obj_rel_no_that	unexpected	The pilot the pilot functions watch	3.389157427591272e-05	3.389157427591272e-05	14.848713874816896	14.848713874816896
3817	gpt2	3818	1909	20	watch	obj_rel_no_that	expected	The pilot the pilot functions watches	8.43479938339442e-06	8.43479938339442e-06	16.855215072631836	16.855215072631836
3818	gpt2	3819	1910	20	water	obj_rel_no_that	unexpected	The pilot the pilot functions water	3.289359028713079e-06	3.289359028713079e-06	18.213762283325195	18.213762283325195
3819	gpt2	3820	1910	20	water	obj_rel_no_that	expected	The pilot the pilot functions waters	1.7537550434099106e-07	1.7537550434099106e-07	22.44304847717285	22.44304847717285
3820	gpt2	3821	1911	20	weaken	obj_rel_no_that	unexpected	The pilot the pilot functions weaken	6.407962160892566e-09	6.407962160892566e-09	27.21748733520508	27.21748733520508
3821	gpt2	3822	1911	20	weaken	obj_rel_no_that	expected	The pilot the pilot functions weakens	0.0005766084117624193	0.0005766084117624193	14.908088207244873	14.908088207244873
3822	gpt2	3823	1912	20	wear	obj_rel_no_that	unexpected	The pilot the pilot functions wear	1.3187346667109525e-05	1.3187346667109525e-05	16.210485458374023	16.210485458374023
3823	gpt2	3824	1912	20	wear	obj_rel_no_that	expected	The pilot the pilot functions wears	7.609748990944354e-06	7.609748990944354e-06	17.003719329833984	17.003719329833984
3824	gpt2	3825	1913	20	weather	obj_rel_no_that	unexpected	The pilot the pilot functions weather	7.582362400171405e-07	7.582362400171405e-07	20.330848693847656	20.330848693847656
3825	gpt2	3826	1913	20	weather	obj_rel_no_that	expected	The pilot the pilot functions weathers	0.00026380076886310856	0.00026380076886310856	15.610593318939209	15.610593318939209
3826	gpt2	3827	1914	20	wedge	obj_rel_no_that	unexpected	The pilot the pilot functions wedge	1.1572173264084996e-07	1.1572173264084996e-07	23.042837142944336	23.042837142944336
3827	gpt2	3828	1914	20	wedge	obj_rel_no_that	expected	The pilot the pilot functions wedges	0.03983947577081713	0.03983947577081713	13.838911294937134	13.838911294937134
3828	gpt2	3829	1915	20	weight	obj_rel_no_that	unexpected	The pilot the pilot functions weight	2.0484956166910706e-06	2.0484956166910706e-06	18.897003173828125	18.897003173828125
3829	gpt2	3830	1915	20	weight	obj_rel_no_that	expected	The pilot the pilot functions weights	2.177942519665521e-07	2.177942519665521e-07	22.13053131103516	22.13053131103516
3830	gpt2	3831	1916	20	weigh	obj_rel_no_that	unexpected	The pilot the pilot functions weigh	4.346318291936768e-07	4.346318291936768e-07	21.133703231811523	21.133703231811523
3831	gpt2	3832	1916	20	weigh	obj_rel_no_that	expected	The pilot the pilot functions weighs	8.976841172625427e-07	8.976841172625427e-07	20.08728790283203	20.08728790283203
3832	gpt2	3833	1917	20	welcome	obj_rel_no_that	unexpected	The pilot the pilot functions welcome	4.894644689557026e-07	4.894644689557026e-07	20.962291717529297	20.962291717529297
3833	gpt2	3834	1917	20	welcome	obj_rel_no_that	expected	The pilot the pilot functions welcomes	1.4181877361352238e-07	1.4181877361352238e-07	22.74944877624512	22.74944877624512
3834	gpt2	3835	1918	20	whack	obj_rel_no_that	unexpected	The pilot the pilot functions whack	0.008217277182893667	0.008217277182893667	12.664421558380127	12.664421558380127
3835	gpt2	3836	1918	20	whack	obj_rel_no_that	expected	The pilot the pilot functions whacks	0.0005992879189306676	0.0005992879189306676	14.553897380828857	14.553897380828857
3836	gpt2	3837	1919	20	whip	obj_rel_no_that	unexpected	The pilot the pilot functions whip	2.023478486989916e-07	2.023478486989916e-07	22.23666000366211	22.23666000366211
3837	gpt2	3838	1919	20	whip	obj_rel_no_that	expected	The pilot the pilot functions whips	0.05811545922483672	0.05811545922483672	11.25327217578888	11.25327217578888
3838	gpt2	3839	1920	20	widen	obj_rel_no_that	unexpected	The pilot the pilot functions widen	3.3063971560665087e-09	3.3063971560665087e-09	28.17209243774414	28.17209243774414
3839	gpt2	3840	1920	20	widen	obj_rel_no_that	expected	The pilot the pilot functions widens	0.06777247733261935	0.06777247733261935	13.967833161354065	13.967833161354065
3840	gpt2	3841	1921	20	will	obj_rel_no_that	unexpected	The pilot the pilot functions will	0.0026261825114488	0.0026261825114488	8.572816848754883	8.572816848754883
3841	gpt2	3842	1921	20	will	obj_rel_no_that	expected	The pilot the pilot functions wills	4.0348044194615806e-07	4.0348044194615806e-07	21.240997314453125	21.240997314453125
3842	gpt2	3843	1922	20	wimp	obj_rel_no_that	unexpected	The pilot the pilot functions wimp	2.753019998635864e-05	2.753019998635864e-05	15.196425914764404	15.196425914764404
3843	gpt2	3844	1922	20	wimp	obj_rel_no_that	expected	The pilot the pilot functions wimps	0.0336489962537598	0.0336489962537598	9.944130261739096	9.944130261739096
3844	gpt2	3845	1923	20	wind	obj_rel_no_that	unexpected	The pilot the pilot functions wind	5.3826333896722645e-06	5.3826333896722645e-06	17.50325584411621	17.50325584411621
3845	gpt2	3846	1923	20	wind	obj_rel_no_that	expected	The pilot the pilot functions winds	2.871032052098599e-07	2.871032052098599e-07	21.7319278717041	21.7319278717041
3846	gpt2	3847	1924	20	win	obj_rel_no_that	unexpected	The pilot the pilot functions win	3.884337729687104e-06	3.884337729687104e-06	17.973899841308594	17.973899841308594
3847	gpt2	3848	1924	20	win	obj_rel_no_that	expected	The pilot the pilot functions wins	1.618911710465909e-06	1.618911710465909e-06	19.236543655395508	19.236543655395508
3848	gpt2	3849	1925	20	wipe	obj_rel_no_that	unexpected	The pilot the pilot functions wipe	4.198776792918579e-08	4.198776792918579e-08	24.505455017089844	24.505455017089844
3849	gpt2	3850	1925	20	wipe	obj_rel_no_that	expected	The pilot the pilot functions wipes	1.371049229703658e-08	1.371049229703658e-08	26.12014389038086	26.12014389038086
3850	gpt2	3851	1926	20	wire	obj_rel_no_that	unexpected	The pilot the pilot functions wire	5.426505595096387e-06	5.426505595096387e-06	17.491544723510742	17.491544723510742
3851	gpt2	3852	1926	20	wire	obj_rel_no_that	expected	The pilot the pilot functions wires	8.544614047423238e-07	8.544614047423238e-07	20.15848159790039	20.15848159790039
3852	gpt2	3853	1927	20	wish	obj_rel_no_that	unexpected	The pilot the pilot functions wish	2.0050308648933424e-06	2.0050308648933424e-06	18.92794418334961	18.92794418334961
3853	gpt2	3854	1927	20	wish	obj_rel_no_that	expected	The pilot the pilot functions wishes	4.918377953799791e-07	4.918377953799791e-07	20.95531463623047	20.95531463623047
3854	gpt2	3855	1928	20	withdraw	obj_rel_no_that	unexpected	The pilot the pilot functions withdraw	4.686100396611437e-07	4.686100396611437e-07	21.025108337402344	21.025108337402344
3855	gpt2	3856	1928	20	withdraw	obj_rel_no_that	expected	The pilot the pilot functions withdraws	0.3753786641946988	0.3753786641946988	10.719345331192017	10.719345331192017
3856	gpt2	3857	1929	20	withhold	obj_rel_no_that	unexpected	The pilot the pilot functions withhold	2.557395539781737e-08	2.557395539781737e-08	25.220748901367188	25.220748901367188
3857	gpt2	3858	1929	20	withhold	obj_rel_no_that	expected	The pilot the pilot functions withholds	0.38765109864055436	0.38765109864055436	12.793959155678749	12.793959155678749
3858	gpt2	3859	1930	20	withstand	obj_rel_no_that	unexpected	The pilot the pilot functions withstand	1.7175437960759158e-08	1.7175437960759158e-08	25.79507827758789	25.79507827758789
3859	gpt2	3860	1930	20	withstand	obj_rel_no_that	expected	The pilot the pilot functions withstands	0.38164753580558397	0.38164753580558397	13.092382773756981	13.092382773756981
3860	gpt2	3861	1931	20	witness	obj_rel_no_that	unexpected	The pilot the pilot functions witness	3.4086286859746906e-07	3.4086286859746906e-07	21.484304428100582	21.484304428100582
3861	gpt2	3862	1931	20	witness	obj_rel_no_that	expected	The pilot the pilot functions witnesses	1.2612372302100996e-07	1.2612372302100996e-07	22.918657302856445	22.918657302856445
3862	gpt2	3863	1932	20	wonder	obj_rel_no_that	unexpected	The pilot the pilot functions wonder	3.554188481302845e-07	3.554188481302845e-07	21.42397689819336	21.42397689819336
3863	gpt2	3864	1932	20	wonder	obj_rel_no_that	expected	The pilot the pilot functions wonders	2.278055262650014e-06	2.278055262650014e-06	18.743764877319336	18.743764877319336
3864	gpt2	3865	1933	20	woo	obj_rel_no_that	unexpected	The pilot the pilot functions woo	1.2636354540518369e-07	1.2636354540518369e-07	22.915916442871094	22.915916442871094
3865	gpt2	3866	1933	20	woo	obj_rel_no_that	expected	The pilot the pilot functions wooes	3.253097847277786e-05	3.253097847277786e-05	18.413273811340332	18.413273811340332
3866	gpt2	3867	1934	20	work	obj_rel_no_that	unexpected	The pilot the pilot functions work	1.055268421623623e-05	1.055268421623623e-05	16.53203010559082	16.53203010559082
3867	gpt2	3868	1934	20	work	obj_rel_no_that	expected	The pilot the pilot functions works	1.4089681826590096e-05	1.4089681826590096e-05	16.115001678466797	16.115001678466797
3868	gpt2	3869	1935	20	worry	obj_rel_no_that	unexpected	The pilot the pilot functions worry	1.645296833885368e-06	1.645296833885368e-06	19.21322059631348	19.21322059631348
3869	gpt2	3870	1935	20	worry	obj_rel_no_that	expected	The pilot the pilot functions worries	8.63928946159831e-08	8.63928946159831e-08	23.46451187133789	23.46451187133789
3870	gpt2	3871	1936	20	worsen	obj_rel_no_that	unexpected	The pilot the pilot functions worsen	1.4545609161586981e-08	1.4545609161586981e-08	26.034841537475582	26.034841537475582
3871	gpt2	3872	1936	20	worsen	obj_rel_no_that	expected	The pilot the pilot functions worsens	0.02263926753038079	0.02263926753038079	15.196281671524048	15.196281671524048
3872	gpt2	3873	1937	20	wound	obj_rel_no_that	unexpected	The pilot the pilot functions wound	1.7227498005922828e-07	1.7227498005922828e-07	22.46878433227539	22.46878433227539
3873	gpt2	3874	1937	20	wound	obj_rel_no_that	expected	The pilot the pilot functions wounds	3.415014049323872e-08	3.415014049323872e-08	24.80353355407715	24.80353355407715
3874	gpt2	3875	1938	20	wrap	obj_rel_no_that	unexpected	The pilot the pilot functions wrap	4.7386375712221707e-08	4.7386375712221707e-08	24.330951690673828	24.330951690673828
3875	gpt2	3876	1938	20	wrap	obj_rel_no_that	expected	The pilot the pilot functions wraps	3.0508232384818263e-08	3.0508232384818263e-08	24.96622657775879	24.96622657775879
3876	gpt2	3877	1939	20	wreak	obj_rel_no_that	unexpected	The pilot the pilot functions wreak	0.15119008685408095	0.15119008685408095	12.87118524312973	12.87118524312973
3877	gpt2	3878	1939	20	wreak	obj_rel_no_that	expected	The pilot the pilot functions wreaks	0.04198943416533929	0.04198943416533929	13.795318245887756	13.795318245887756
3878	gpt2	3879	1940	20	wreck	obj_rel_no_that	unexpected	The pilot the pilot functions wreck	1.202067778649507e-07	1.202067778649507e-07	22.987977981567383	22.987977981567383
3879	gpt2	3880	1940	20	wreck	obj_rel_no_that	expected	The pilot the pilot functions wrecks	0.12970508600531083	0.12970508600531083	12.981749475002289	12.981749475002289
3880	gpt2	3881	1941	20	wrestle	obj_rel_no_that	unexpected	The pilot the pilot functions wrestle	3.7651788353798565e-09	3.7651788353798565e-09	27.984634399414062	27.984634399414062
3881	gpt2	3882	1941	20	wrestle	obj_rel_no_that	expected	The pilot the pilot functions wrestles	0.14209151712532142	0.14209151712532142	14.280095279216766	14.280095279216766
3882	gpt2	3883	1942	20	wrest	obj_rel_no_that	unexpected	The pilot the pilot functions wrest	8.890535418970558e-09	8.890535418970558e-09	26.74508285522461	26.74508285522461
3883	gpt2	3884	1942	20	wrest	obj_rel_no_that	expected	The pilot the pilot functions wrests	0.01142373380537131	0.01142373380537131	16.0984525680542	16.0984525680542
3884	gpt2	3885	1943	20	wring	obj_rel_no_that	unexpected	The pilot the pilot functions wring	0.008935942723127248	0.008935942723127248	13.895029544830322	13.895029544830322
3885	gpt2	3886	1943	20	wring	obj_rel_no_that	expected	The pilot the pilot functions wrings	0.0021372043422331483	0.0021372043422331483	14.927007913589478	14.927007913589478
3886	gpt2	3887	1944	20	write	obj_rel_no_that	unexpected	The pilot the pilot functions write	3.26660097016429e-06	3.26660097016429e-06	18.223777770996094	18.223777770996094
3887	gpt2	3888	1944	20	write	obj_rel_no_that	expected	The pilot the pilot functions writes	2.47510820372554e-06	2.47510820372554e-06	18.62407684326172	18.62407684326172
3888	gpt2	3889	1945	20	yank	obj_rel_no_that	unexpected	The pilot the pilot functions yank	0.005872388736292984	0.005872388736292984	12.453232288360594	12.453232288360594
3889	gpt2	3890	1945	20	yank	obj_rel_no_that	expected	The pilot the pilot functions yanks	0.002749129564449484	0.002749129564449484	13.000907659530638	13.000907659530638
3890	gpt2	3891	1946	20	yield	obj_rel_no_that	unexpected	The pilot the pilot functions yield	8.257264028088684e-08	8.257264028088684e-08	23.529760360717773	23.529760360717773
3891	gpt2	3892	1946	20	yield	obj_rel_no_that	expected	The pilot the pilot functions yields	1.573015708800085e-07	1.573015708800085e-07	22.599964141845703	22.599964141845703
3892	gpt2	3893	1947	20	zero	obj_rel_no_that	unexpected	The pilot the pilot functions zero	6.1598830143339e-06	6.1598830143339e-06	17.308666229248047	17.308666229248047
3893	gpt2	3894	1947	20	zero	obj_rel_no_that	expected	The pilot the pilot functions zeroes	0.27410464547870106	0.27410464547870106	7.790299673875173	7.790299673875173
3894	gpt2	3895	1948	20	zip	obj_rel_no_that	unexpected	The pilot the pilot functions zip	4.842273142457998e-07	4.842273142457998e-07	20.97781181335449	20.97781181335449
3895	gpt2	3896	1948	20	zip	obj_rel_no_that	expected	The pilot the pilot functions zips	0.0010515564398474444	0.0010515564398474444	13.567376613616943	13.567376613616943
3896	gpt2	3897	1949	20	zoom	obj_rel_no_that	unexpected	The pilot the pilot functions zoom	2.10696015301437e-07	2.10696015301437e-07	22.178333282470703	22.178333282470703
3897	gpt2	3898	1949	20	zoom	obj_rel_no_that	expected	The pilot the pilot functions zooms	0.3550272003033399	0.3550272003033399	11.0787533223629	11.0787533223629
3898	gpt2	3899	1950	20	were	obj_rel_no_that	unexpected	The pilot the pilot functions were	0.0006492253160104	0.0006492253160104	10.588993072509766	10.588993072509766
3899	gpt2	3900	1950	20	were	obj_rel_no_that	expected	The pilot the pilot functions was	0.0032681124284863	0.0032681124284863	8.25732707977295	8.25732707977295
3900	gpt2	3901	1951	20	staunch	obj_rel_no_that	unexpected	The pilot the pilot functions staunch	5.0486811176142516e-08	5.0486811176142516e-08	24.23951911926269	24.23951911926269
3901	gpt2	3902	1951	20	staunch	obj_rel_no_that	expected	The pilot the pilot functions staunches	0.0029879266444367957	0.0029879266444367957	11.803231398264566	11.803231398264566
