	model	sentid	pairid	contextid	lemma	condition	comparison	sentence	probsum	probmean	surpsum	surpmean
0	gpt2	1	1	1	abandon	obj_rel	unexpected	The surgeon that the authors dampen abandon	1.3639651115227025e-06	1.3639651115227025e-06	19.483760833740234	19.483760833740234
1	gpt2	2	1	1	abandon	obj_rel	expected	The surgeon that the authors dampen abandons	0.3337863716994131	0.3337863716994131	7.420535364188254	7.420535364188254
2	gpt2	3	2	1	abate	obj_rel	unexpected	The surgeon that the authors dampen abate	0.0016487190614497777	0.0016487190614497777	11.7669358253479	11.7669358253479
3	gpt2	4	2	1	abate	obj_rel	expected	The surgeon that the authors dampen abates	0.005547480063796678	0.005547480063796678	10.88780426979065	10.88780426979065
4	gpt2	5	3	1	abide	obj_rel	unexpected	The surgeon that the authors dampen abide	1.0004409745079101e-07	1.0004409745079101e-07	23.25286102294922	23.25286102294922
5	gpt2	6	3	1	abide	obj_rel	expected	The surgeon that the authors dampen abides	0.0038051243054723774	0.0038051243054723774	11.160500049591064	11.160500049591064
6	gpt2	7	4	1	abolish	obj_rel	unexpected	The surgeon that the authors dampen abolish	1.243577258946971e-07	1.243577258946971e-07	22.939001083374023	22.939001083374023
7	gpt2	8	4	1	abolish	obj_rel	expected	The surgeon that the authors dampen abolishes	0.2071481709386056	0.2071481709386056	12.49474823474884	12.49474823474884
8	gpt2	9	5	1	absorb	obj_rel	unexpected	The surgeon that the authors dampen absorb	2.058446852970519e-07	2.058446852970519e-07	22.21194076538086	22.21194076538086
9	gpt2	10	5	1	absorb	obj_rel	expected	The surgeon that the authors dampen absorbs	1.0901604952096022e-07	1.0901604952096022e-07	23.128955841064453	23.128955841064453
10	gpt2	11	6	1	abuse	obj_rel	unexpected	The surgeon that the authors dampen abuse	4.660994090954773e-05	4.660994090954773e-05	14.389002799987791	14.389002799987791
11	gpt2	12	6	1	abuse	obj_rel	expected	The surgeon that the authors dampen abuses	8.115056516544428e-06	8.115056516544428e-06	16.910966873168945	16.910966873168945
12	gpt2	13	7	1	accede	obj_rel	unexpected	The surgeon that the authors dampen accede	0.0005464127634695306	0.0005464127634695306	12.808294296264648	12.808294296264648
13	gpt2	14	7	1	accede	obj_rel	expected	The surgeon that the authors dampen accedes	0.0003696755911732806	0.0003696755911732806	13.095987319946289	13.095987319946289
14	gpt2	15	8	1	accelerate	obj_rel	unexpected	The surgeon that the authors dampen accelerate	6.202097324603528e-07	6.202097324603528e-07	20.62074089050293	20.62074089050293
15	gpt2	16	8	1	accelerate	obj_rel	expected	The surgeon that the authors dampen accelerates	0.2176385194627528	0.2176385194627528	10.2809077501297	10.2809077501297
16	gpt2	17	9	1	accept	obj_rel	unexpected	The surgeon that the authors dampen accept	9.074367881112266e-06	9.074367881112266e-06	16.749771118164062	16.749771118164062
17	gpt2	18	9	1	accept	obj_rel	expected	The surgeon that the authors dampen accepts	8.151730071404018e-06	8.151730071404018e-06	16.904462814331055	16.904462814331055
18	gpt2	19	10	1	access	obj_rel	unexpected	The surgeon that the authors dampen access	9.29037996684201e-05	9.29037996684201e-05	13.393902778625488	13.393902778625488
19	gpt2	20	10	1	access	obj_rel	expected	The surgeon that the authors dampen accesses	0.00029300473761391003	0.00029300473761391003	12.189859390258789	12.189859390258789
20	gpt2	21	11	1	acclaim	obj_rel	unexpected	The surgeon that the authors dampen acclaim	2.832809968822403e-06	2.832809968822403e-06	18.42933464050293	18.42933464050293
21	gpt2	22	11	1	acclaim	obj_rel	expected	The surgeon that the authors dampen acclaims	0.0020018253505895613	0.0020018253505895613	13.197412014007568	13.197412014007568
22	gpt2	23	12	1	accommodate	obj_rel	unexpected	The surgeon that the authors dampen accommodate	6.604063287340978e-07	6.604063287340978e-07	20.530141830444336	20.530141830444336
23	gpt2	24	12	1	accommodate	obj_rel	expected	The surgeon that the authors dampen accommodates	0.1947911612978714	0.1947911612978714	10.584064185619354	10.584064185619354
24	gpt2	25	13	1	accomodate	obj_rel	unexpected	The surgeon that the authors dampen accomodate	0.25762014425117735	0.25762014425117735	6.9977978490060195	6.9977978490060195
25	gpt2	26	13	1	accomodate	obj_rel	expected	The surgeon that the authors dampen accomodates	0.25483544807639186	0.25483544807639186	7.240175130194984	7.240175130194984
26	gpt2	27	14	1	accompany	obj_rel	unexpected	The surgeon that the authors dampen accompany	9.611715086066397e-07	9.611715086066397e-07	19.98870277404785	19.98870277404785
27	gpt2	28	14	1	accompany	obj_rel	expected	The surgeon that the authors dampen accompanies	2.286740027557244e-06	2.286740027557244e-06	18.7382755279541	18.7382755279541
28	gpt2	29	15	1	accomplish	obj_rel	unexpected	The surgeon that the authors dampen accomplish	1.508769969404966e-06	1.508769969404966e-06	19.33819580078125	19.33819580078125
29	gpt2	30	15	1	accomplish	obj_rel	expected	The surgeon that the authors dampen accomplishes	0.46777751639842796	0.46777751639842796	9.507190354168415	9.507190354168415
30	gpt2	31	16	1	accord	obj_rel	unexpected	The surgeon that the authors dampen accord	1.3455467069434237e-06	1.3455467069434237e-06	19.50337600708008	19.50337600708008
31	gpt2	32	16	1	accord	obj_rel	expected	The surgeon that the authors dampen accords	0.05818716220073838	0.05818716220073838	9.429085850715637	9.429085850715637
32	gpt2	33	17	1	account	obj_rel	unexpected	The surgeon that the authors dampen account	2.333774318685755e-05	2.333774318685755e-05	15.386975288391112	15.386975288391112
33	gpt2	34	17	1	account	obj_rel	expected	The surgeon that the authors dampen accounts	2.6036523195216432e-05	2.6036523195216432e-05	15.229104042053224	15.229104042053224
34	gpt2	35	18	1	accrue	obj_rel	unexpected	The surgeon that the authors dampen accrue	0.0006424995835913806	0.0006424995835913806	12.689629077911377	12.689629077911377
35	gpt2	36	18	1	accrue	obj_rel	expected	The surgeon that the authors dampen accrues	0.13925023853456267	0.13925023853456267	7.349354823430379	7.349354823430379
36	gpt2	37	19	1	accuse	obj_rel	unexpected	The surgeon that the authors dampen accuse	3.177465487169684e-06	3.177465487169684e-06	18.26369285583496	18.26369285583496
37	gpt2	38	19	1	accuse	obj_rel	expected	The surgeon that the authors dampen accuses	7.119129804777913e-06	7.119129804777913e-06	17.09986686706543	17.09986686706543
38	gpt2	39	20	1	achieve	obj_rel	unexpected	The surgeon that the authors dampen achieve	3.650132157417829e-06	3.650132157417829e-06	18.06361961364746	18.06361961364746
39	gpt2	40	20	1	achieve	obj_rel	expected	The surgeon that the authors dampen achieves	4.265060852048919e-06	4.265060852048919e-06	17.83900260925293	17.83900260925293
40	gpt2	41	21	1	acknowledge	obj_rel	unexpected	The surgeon that the authors dampen acknowledge	3.446622213232331e-05	3.446622213232331e-05	14.824457168579102	14.824457168579102
41	gpt2	42	21	1	acknowledge	obj_rel	expected	The surgeon that the authors dampen acknowledges	2.9249986255308613e-05	2.9249986255308613e-05	15.06120491027832	15.06120491027832
42	gpt2	43	22	1	acquire	obj_rel	unexpected	The surgeon that the authors dampen acquire	1.0469263855839017e-07	1.0469263855839017e-07	23.187335968017575	23.187335968017575
43	gpt2	44	22	1	acquire	obj_rel	expected	The surgeon that the authors dampen acquires	0.46691102186925093	0.46691102186925093	11.02573261782527	11.02573261782527
44	gpt2	45	23	1	acquit	obj_rel	unexpected	The surgeon that the authors dampen acquit	0.0016609096364987583	0.0016609096364987583	15.09330129623413	15.09330129623413
45	gpt2	46	23	1	acquit	obj_rel	expected	The surgeon that the authors dampen acquits	0.0023293062277076585	0.0023293062277076585	14.849322319030762	14.849322319030762
46	gpt2	47	24	1	act	obj_rel	unexpected	The surgeon that the authors dampen act	8.77627644513268e-06	8.77627644513268e-06	16.79796028137207	16.79796028137207
47	gpt2	48	24	1	act	obj_rel	expected	The surgeon that the authors dampen acts	1.618680835235864e-05	1.618680835235864e-05	15.91482162475586	15.91482162475586
48	gpt2	49	25	1	adapt	obj_rel	unexpected	The surgeon that the authors dampen adapt	4.884973350272048e-07	4.884973350272048e-07	20.965145111083984	20.965145111083984
49	gpt2	50	25	1	adapt	obj_rel	expected	The surgeon that the authors dampen adapts	0.039234483856716865	0.039234483856716865	12.318444013595581	12.318444013595581
50	gpt2	51	26	1	address	obj_rel	unexpected	The surgeon that the authors dampen address	1.189105023513548e-05	1.189105023513548e-05	16.359764099121094	16.359764099121094
51	gpt2	52	26	1	address	obj_rel	expected	The surgeon that the authors dampen addresses	7.519357041019248e-06	7.519357041019248e-06	17.020959854125977	17.020959854125977
52	gpt2	53	27	1	add	obj_rel	unexpected	The surgeon that the authors dampen add	1.169473398476839e-05	1.169473398476839e-05	16.38378143310547	16.38378143310547
53	gpt2	54	27	1	add	obj_rel	expected	The surgeon that the authors dampen adds	2.4977071007015184e-05	2.4977071007015184e-05	15.28903579711914	15.28903579711914
54	gpt2	55	28	1	adhere	obj_rel	unexpected	The surgeon that the authors dampen adhere	1.001842065306846e-06	1.001842065306846e-06	19.92891311645508	19.92891311645508
55	gpt2	56	28	1	adhere	obj_rel	expected	The surgeon that the authors dampen adheres	0.003896494792570567	0.003896494792570567	10.488306283950806	10.488306283950806
56	gpt2	57	29	1	adjust	obj_rel	unexpected	The surgeon that the authors dampen adjust	4.335943515343388e-07	4.335943515343388e-07	21.137149810791016	21.137149810791016
57	gpt2	58	29	1	adjust	obj_rel	expected	The surgeon that the authors dampen adjusts	4.637224719772348e-07	4.637224719772348e-07	21.04023551940918	21.04023551940918
58	gpt2	59	30	1	administer	obj_rel	unexpected	The surgeon that the authors dampen administer	2.1150017346371897e-06	2.1150017346371897e-06	18.850910186767575	18.850910186767575
59	gpt2	60	30	1	administer	obj_rel	expected	The surgeon that the authors dampen administers	0.15055329866864042	0.15055329866864042	11.716124534606932	11.716124534606932
60	gpt2	61	31	1	admit	obj_rel	unexpected	The surgeon that the authors dampen admit	3.153689976898022e-05	3.153689976898022e-05	14.95259952545166	14.95259952545166
61	gpt2	62	31	1	admit	obj_rel	expected	The surgeon that the authors dampen admits	4.833189086639322e-05	4.833189086639322e-05	14.336665153503418	14.336665153503418
62	gpt2	63	32	1	adopt	obj_rel	unexpected	The surgeon that the authors dampen adopt	3.679490191643709e-06	3.679490191643709e-06	18.05206298828125	18.05206298828125
63	gpt2	64	32	1	adopt	obj_rel	expected	The surgeon that the authors dampen adopts	0.4944926413711528	0.4944926413711528	9.821883756667376	9.821883756667376
64	gpt2	65	33	1	adorn	obj_rel	unexpected	The surgeon that the authors dampen adorn	0.0051995615249324665	0.0051995615249324665	10.278735160827637	10.278735160827637
65	gpt2	66	33	1	adorn	obj_rel	expected	The surgeon that the authors dampen adorns	0.0011906264589924668	0.0011906264589924668	11.356953620910645	11.356953620910645
66	gpt2	67	34	1	advance	obj_rel	unexpected	The surgeon that the authors dampen advance	5.97987991568516e-06	5.97987991568516e-06	17.351451873779297	17.351451873779297
67	gpt2	68	34	1	advance	obj_rel	expected	The surgeon that the authors dampen advances	4.660887498175725e-05	4.660887498175725e-05	14.389036178588867	14.389036178588867
68	gpt2	69	35	1	advantage	obj_rel	unexpected	The surgeon that the authors dampen advantage	5.592219167738222e-06	5.592219167738222e-06	17.44814682006836	17.44814682006836
69	gpt2	70	35	1	advantage	obj_rel	expected	The surgeon that the authors dampen advantages	3.8660127188450133e-07	3.8660127188450133e-07	21.30265045166016	21.30265045166016
70	gpt2	71	36	1	advise	obj_rel	unexpected	The surgeon that the authors dampen advise	1.1117554095108062e-05	1.1117554095108062e-05	16.45680046081543	16.45680046081543
71	gpt2	72	36	1	advise	obj_rel	expected	The surgeon that the authors dampen advises	1.0156608368561136e-05	1.0156608368561136e-05	16.587221145629883	16.587221145629883
72	gpt2	73	37	1	affect	obj_rel	unexpected	The surgeon that the authors dampen affect	9.51297624851577e-06	9.51297624851577e-06	16.681671142578125	16.681671142578125
73	gpt2	74	37	1	affect	obj_rel	expected	The surgeon that the authors dampen affects	9.570047950546725e-06	9.570047950546725e-06	16.67304229736328	16.67304229736328
74	gpt2	75	38	1	afford	obj_rel	unexpected	The surgeon that the authors dampen afford	5.724897391701234e-07	5.724897391701234e-07	20.73624610900879	20.73624610900879
75	gpt2	76	38	1	afford	obj_rel	expected	The surgeon that the authors dampen affords	0.06385312869451808	0.06385312869451808	10.435927391052246	10.435927391052246
76	gpt2	77	39	1	aggravate	obj_rel	unexpected	The surgeon that the authors dampen aggravate	0.02574486310874131	0.02574486310874131	11.832200527191164	11.832200527191164
77	gpt2	78	39	1	aggravate	obj_rel	expected	The surgeon that the authors dampen aggravates	0.08492085363064916	0.08492085363064916	10.971269130706789	10.971269130706789
78	gpt2	79	40	1	agonize	obj_rel	unexpected	The surgeon that the authors dampen agonize	0.002175500865632769	0.002175500865632769	11.567644357681274	11.567644357681274
79	gpt2	80	40	1	agonize	obj_rel	expected	The surgeon that the authors dampen agonizes	0.007730632803941219	0.007730632803941219	10.650024890899658	10.650024890899658
80	gpt2	81	41	1	agree	obj_rel	unexpected	The surgeon that the authors dampen agree	0.0002185807097703	0.0002185807097703	12.1595458984375	12.1595458984375
81	gpt2	82	41	1	agree	obj_rel	expected	The surgeon that the authors dampen agrees	6.864055467303842e-05	6.864055467303842e-05	13.830578804016112	13.830578804016112
82	gpt2	83	42	1	aid	obj_rel	unexpected	The surgeon that the authors dampen aid	1.2321041140239686e-05	1.2321041140239686e-05	16.308515548706055	16.308515548706055
83	gpt2	84	42	1	aid	obj_rel	expected	The surgeon that the authors dampen aids	1.097047629627923e-06	1.097047629627923e-06	19.79794311523437	19.79794311523437
84	gpt2	85	43	1	aim	obj_rel	unexpected	The surgeon that the authors dampen aim	5.926919584453572e-06	5.926919584453572e-06	17.364286422729492	17.364286422729492
85	gpt2	86	43	1	aim	obj_rel	expected	The surgeon that the authors dampen aims	7.948752681841142e-06	7.948752681841142e-06	16.940839767456055	16.940839767456055
86	gpt2	87	44	1	air	obj_rel	unexpected	The surgeon that the authors dampen air	1.9664048522827212e-05	1.9664048522827212e-05	15.634079933166504	15.634079933166504
87	gpt2	88	44	1	air	obj_rel	expected	The surgeon that the authors dampen airs	2.837417241607909e-06	2.837417241607909e-06	18.426990509033203	18.426990509033203
88	gpt2	89	45	1	alert	obj_rel	unexpected	The surgeon that the authors dampen alert	1.439261041014106e-06	1.439261041014106e-06	19.40624046325684	19.40624046325684
89	gpt2	90	45	1	alert	obj_rel	expected	The surgeon that the authors dampen alerts	8.700304192643671e-07	8.700304192643671e-07	20.13243103027344	20.13243103027344
90	gpt2	91	46	1	alienate	obj_rel	unexpected	The surgeon that the authors dampen alienate	6.499319044903762e-05	6.499319044903762e-05	16.309815406799316	16.309815406799316
91	gpt2	92	46	1	alienate	obj_rel	expected	The surgeon that the authors dampen alienates	2.7227878149460594e-05	2.7227878149460594e-05	16.946613311767578	16.946613311767578
92	gpt2	93	47	1	allay	obj_rel	unexpected	The surgeon that the authors dampen allay	0.0009803800785448	0.0009803800785448	10.41310453414917	10.41310453414917
93	gpt2	94	47	1	allay	obj_rel	expected	The surgeon that the authors dampen allays	0.0008330926702910604	0.0008330926702910604	12.026692390441895	12.026692390441895
94	gpt2	95	48	1	allege	obj_rel	unexpected	The surgeon that the authors dampen allege	8.08452932687942e-06	8.08452932687942e-06	16.916404724121094	16.916404724121094
95	gpt2	96	48	1	allege	obj_rel	expected	The surgeon that the authors dampen alleges	1.5292658645194024e-05	1.5292658645194024e-05	15.996801376342772	15.996801376342772
96	gpt2	97	49	1	alleviate	obj_rel	unexpected	The surgeon that the authors dampen alleviate	8.346661957148171e-07	8.346661957148171e-07	20.192296981811523	20.192296981811523
97	gpt2	98	49	1	alleviate	obj_rel	expected	The surgeon that the authors dampen alleviates	0.2116256871053679	0.2116256871053679	10.487661242485045	10.487661242485045
98	gpt2	99	50	1	allocate	obj_rel	unexpected	The surgeon that the authors dampen allocate	1.4649343427208805e-07	1.4649343427208805e-07	22.702661514282227	22.702661514282227
99	gpt2	100	50	1	allocate	obj_rel	expected	The surgeon that the authors dampen allocates	0.4266241179531818	0.4266241179531818	10.618512876331806	10.618512876331806
100	gpt2	101	51	1	allowed	obj_rel	unexpected	The surgeon that the authors dampen allowed	5.220623279456049e-05	5.220623279456049e-05	14.225418090820312	14.225418090820312
101	gpt2	102	51	1	allowed	obj_rel	expected	The surgeon that the authors dampen alloweds	2.704549353893526e-05	2.704549353893526e-05	16.621305465698242	16.621305465698242
102	gpt2	103	52	1	allow	obj_rel	unexpected	The surgeon that the authors dampen allow	5.05689240526408e-06	5.05689240526408e-06	17.59331703186035	17.59331703186035
103	gpt2	104	52	1	allow	obj_rel	expected	The surgeon that the authors dampen allows	9.985575161408631e-06	9.985575161408631e-06	16.611722946166992	16.611722946166992
104	gpt2	105	53	1	ally	obj_rel	unexpected	The surgeon that the authors dampen ally	2.141148343071109e-07	2.141148343071109e-07	22.15511131286621	22.15511131286621
105	gpt2	106	53	1	ally	obj_rel	expected	The surgeon that the authors dampen allies	8.197159218070738e-07	8.197159218070738e-07	20.218372344970703	20.218372344970703
106	gpt2	107	54	1	alter	obj_rel	unexpected	The surgeon that the authors dampen alter	3.813342175362777e-07	3.813342175362777e-07	21.32244110107422	21.32244110107422
107	gpt2	108	54	1	alter	obj_rel	expected	The surgeon that the authors dampen alters	6.556470566465578e-07	6.556470566465578e-07	20.540576934814453	20.540576934814453
108	gpt2	109	55	1	amalgamate	obj_rel	unexpected	The surgeon that the authors dampen amalgamate	0.007669454537747804	0.007669454537747804	13.739495992660522	13.739495992660522
109	gpt2	110	55	1	amalgamate	obj_rel	expected	The surgeon that the authors dampen amalgamates	0.2579016891025295	0.2579016891025295	8.762694219748179	8.762694219748179
110	gpt2	111	56	1	amass	obj_rel	unexpected	The surgeon that the authors dampen amass	0.00046949357056285	0.00046949357056285	11.541784286499023	11.541784286499023
111	gpt2	112	56	1	amass	obj_rel	expected	The surgeon that the authors dampen amasses	9.024613609650836e-05	9.024613609650836e-05	13.709723472595215	13.709723472595215
112	gpt2	113	57	1	amaze	obj_rel	unexpected	The surgeon that the authors dampen amaze	0.00030831824551565	0.00030831824551565	11.915022373199463	11.915022373199463
113	gpt2	114	57	1	amaze	obj_rel	expected	The surgeon that the authors dampen amazes	0.00017923173436424998	0.00017923173436424998	12.479521751403809	12.479521751403809
114	gpt2	115	58	1	amble	obj_rel	unexpected	The surgeon that the authors dampen amble	0.00052048691577505	0.00052048691577505	11.455028057098389	11.455028057098389
115	gpt2	116	58	1	amble	obj_rel	expected	The surgeon that the authors dampen ambles	0.0013322304853317932	0.0013322304853317932	12.628346920013428	12.628346920013428
116	gpt2	117	59	1	amend	obj_rel	unexpected	The surgeon that the authors dampen amend	1.834497851405104e-07	1.834497851405104e-07	22.37811088562012	22.37811088562012
117	gpt2	118	59	1	amend	obj_rel	expected	The surgeon that the authors dampen amends	0.002366467124375	0.002366467124375	10.279470205307007	10.279470205307007
118	gpt2	119	60	1	amortize	obj_rel	unexpected	The surgeon that the authors dampen amortize	0.0328013752053569	0.0328013752053569	8.88629158337911	8.88629158337911
119	gpt2	120	60	1	amortize	obj_rel	expected	The surgeon that the authors dampen amortizes	0.003185407981315267	0.003185407981315267	10.047167936960856	10.047167936960856
120	gpt2	121	61	1	amount	obj_rel	unexpected	The surgeon that the authors dampen amount	4.934927801514277e-06	4.934927801514277e-06	17.6285400390625	17.6285400390625
121	gpt2	122	61	1	amount	obj_rel	expected	The surgeon that the authors dampen amounts	1.0618970918585546e-05	1.0618970918585546e-05	16.52299690246582	16.52299690246582
122	gpt2	123	62	1	amplify	obj_rel	unexpected	The surgeon that the authors dampen amplify	2.5000222194648813e-06	2.5000222194648813e-06	18.60962677001953	18.60962677001953
123	gpt2	124	62	1	amplify	obj_rel	expected	The surgeon that the authors dampen amplifies	0.39853672975058885	0.39853672975058885	10.460754126310349	10.460754126310349
124	gpt2	125	63	1	analyze	obj_rel	unexpected	The surgeon that the authors dampen analyze	2.0374097857711604e-06	2.0374097857711604e-06	18.90483283996582	18.90483283996582
125	gpt2	126	63	1	analyze	obj_rel	expected	The surgeon that the authors dampen analyzes	0.38334842794438373	0.38334842794438373	9.744040071964264	9.744040071964264
126	gpt2	127	64	1	anchor	obj_rel	unexpected	The surgeon that the authors dampen anchor	2.1622192889481084e-06	2.1622192889481084e-06	18.819055557250977	18.819055557250977
127	gpt2	128	64	1	anchor	obj_rel	expected	The surgeon that the authors dampen anchors	3.102023242718133e-07	3.102023242718133e-07	21.62028694152832	21.62028694152832
128	gpt2	129	65	1	announce	obj_rel	unexpected	The surgeon that the authors dampen announce	9.459811280976282e-07	9.459811280976282e-07	20.01168441772461	20.01168441772461
129	gpt2	130	65	1	announce	obj_rel	expected	The surgeon that the authors dampen announces	3.0679091196361696e-06	3.0679091196361696e-06	18.31431198120117	18.31431198120117
130	gpt2	131	66	1	answer	obj_rel	unexpected	The surgeon that the authors dampen answer	1.435856302123284e-05	1.435856302123284e-05	16.08772850036621	16.08772850036621
131	gpt2	132	66	1	answer	obj_rel	expected	The surgeon that the authors dampen answers	3.176073369104415e-05	3.176073369104415e-05	14.94239616394043	14.94239616394043
132	gpt2	133	67	1	antagonize	obj_rel	unexpected	The surgeon that the authors dampen antagonize	0.020163415565320964	0.020163415565320964	11.43675184249878	11.43675184249878
133	gpt2	134	67	1	antagonize	obj_rel	expected	The surgeon that the authors dampen antagonizes	0.022624351649710616	0.022624351649710616	11.35367727279663	11.35367727279663
134	gpt2	135	68	1	anticipate	obj_rel	unexpected	The surgeon that the authors dampen anticipate	3.407700660318369e-06	3.407700660318369e-06	18.162769317626957	18.162769317626957
135	gpt2	136	68	1	anticipate	obj_rel	expected	The surgeon that the authors dampen anticipates	0.493407632015078	0.493407632015078	7.144939295016229	7.144939295016229
136	gpt2	137	69	1	apologize	obj_rel	unexpected	The surgeon that the authors dampen apologize	6.574381131940754e-06	6.574381131940754e-06	17.21471405029297	17.21471405029297
137	gpt2	138	69	1	apologize	obj_rel	expected	The surgeon that the authors dampen apologizes	0.31654567980922366	0.31654567980922366	8.873392134904861	8.873392134904861
138	gpt2	139	70	1	appeal	obj_rel	unexpected	The surgeon that the authors dampen appeal	2.027045957220253e-05	2.027045957220253e-05	15.590261459350586	15.590261459350586
139	gpt2	140	70	1	appeal	obj_rel	expected	The surgeon that the authors dampen appeals	1.1576667020563036e-05	1.1576667020563036e-05	16.398420333862305	16.398420333862305
140	gpt2	141	71	1	appear	obj_rel	unexpected	The surgeon that the authors dampen appear	1.6145737390615977e-05	1.6145737390615977e-05	15.918487548828123	15.918487548828123
141	gpt2	142	71	1	appear	obj_rel	expected	The surgeon that the authors dampen appears	7.82376155257225e-05	7.82376155257225e-05	13.641777992248535	13.641777992248535
142	gpt2	143	72	1	appease	obj_rel	unexpected	The surgeon that the authors dampen appease	4.2718812665043526e-07	4.2718812665043526e-07	21.15862464904785	21.15862464904785
143	gpt2	144	72	1	appease	obj_rel	expected	The surgeon that the authors dampen appeases	0.07580435508209146	0.07580435508209146	12.610921144485474	12.610921144485474
144	gpt2	145	73	1	append	obj_rel	unexpected	The surgeon that the authors dampen append	4.342053216532804e-06	4.342053216532804e-06	17.813190460205078	17.813190460205078
145	gpt2	146	73	1	append	obj_rel	expected	The surgeon that the authors dampen appends	0.004907753125053166	0.004907753125053166	12.129107236862183	12.129107236862183
146	gpt2	147	74	1	applaud	obj_rel	unexpected	The surgeon that the authors dampen applaud	1.1716614608303644e-05	1.1716614608303644e-05	16.381084442138672	16.381084442138672
147	gpt2	148	74	1	applaud	obj_rel	expected	The surgeon that the authors dampen applauds	0.4379475287250898	0.4379475287250898	8.286136910319328	8.286136910319328
148	gpt2	149	75	1	apply	obj_rel	unexpected	The surgeon that the authors dampen apply	4.531309514277382e-06	4.531309514277382e-06	17.75164031982422	17.75164031982422
149	gpt2	150	75	1	apply	obj_rel	expected	The surgeon that the authors dampen applies	1.0205309990851674e-05	1.0205309990851674e-05	16.580320358276367	16.580320358276367
150	gpt2	151	76	1	appoint	obj_rel	unexpected	The surgeon that the authors dampen appoint	7.396369028356276e-07	7.396369028356276e-07	20.366680145263672	20.366680145263672
151	gpt2	152	76	1	appoint	obj_rel	expected	The surgeon that the authors dampen appoints	0.24884074655318497	0.24884074655318497	10.686693847179413	10.686693847179413
152	gpt2	153	77	1	appraise	obj_rel	unexpected	The surgeon that the authors dampen appraise	0.03041495869729259	0.03041495869729259	10.386072874069214	10.386072874069214
153	gpt2	154	77	1	appraise	obj_rel	expected	The surgeon that the authors dampen appraises	0.16336187834713198	0.16336187834713198	9.173375070095062	9.173375070095062
154	gpt2	155	78	1	appreciate	obj_rel	unexpected	The surgeon that the authors dampen appreciate	9.529610906611197e-06	9.529610906611197e-06	16.67915153503418	16.67915153503418
155	gpt2	156	78	1	appreciate	obj_rel	expected	The surgeon that the authors dampen appreciates	0.24121838309565644	0.24121838309565644	8.085535168647766	8.085535168647766
156	gpt2	157	79	1	approach	obj_rel	unexpected	The surgeon that the authors dampen approach	1.557478026370518e-05	1.557478026370518e-05	15.970428466796877	15.970428466796877
157	gpt2	158	79	1	approach	obj_rel	expected	The surgeon that the authors dampen approaches	1.3960930118628312e-05	1.3960930118628312e-05	16.128246307373047	16.128246307373047
158	gpt2	159	80	1	approve	obj_rel	unexpected	The surgeon that the authors dampen approve	1.0837916306627449e-05	1.0837916306627449e-05	16.493553161621094	16.493553161621094
159	gpt2	160	80	1	approve	obj_rel	expected	The surgeon that the authors dampen approves	8.136134965752717e-06	8.136134965752717e-06	16.907224655151367	16.907224655151367
160	gpt2	161	81	1	argue	obj_rel	unexpected	The surgeon that the authors dampen argue	7.073435881466139e-06	7.073435881466139e-06	17.10915756225586	17.10915756225586
161	gpt2	162	81	1	argue	obj_rel	expected	The surgeon that the authors dampen argues	1.5928684661048464e-05	1.5928684661048464e-05	15.938013076782228	15.938013076782228
162	gpt2	163	82	1	arise	obj_rel	unexpected	The surgeon that the authors dampen arise	6.75345631862001e-07	6.75345631862001e-07	20.49787139892578	20.49787139892578
163	gpt2	164	82	1	arise	obj_rel	expected	The surgeon that the authors dampen arises	2.990126631630119e-06	2.990126631630119e-06	18.351362228393555	18.351362228393555
164	gpt2	165	83	1	arm	obj_rel	unexpected	The surgeon that the authors dampen arm	3.4679345844779164e-05	3.4679345844779164e-05	14.815564155578612	14.815564155578612
165	gpt2	166	83	1	arm	obj_rel	expected	The surgeon that the authors dampen arms	1.0528699021961074e-05	1.0528699021961074e-05	16.53531265258789	16.53531265258789
166	gpt2	167	84	1	arouse	obj_rel	unexpected	The surgeon that the authors dampen arouse	0.00513293794938355	0.00513293794938355	8.803096294403076	8.803096294403076
167	gpt2	168	84	1	arouse	obj_rel	expected	The surgeon that the authors dampen arouses	0.36909903433377167	0.36909903433377167	11.142249628901482	11.142249628901482
168	gpt2	169	85	1	arrange	obj_rel	unexpected	The surgeon that the authors dampen arrange	1.340571316177375e-07	1.340571316177375e-07	22.83064842224121	22.83064842224121
169	gpt2	170	85	1	arrange	obj_rel	expected	The surgeon that the authors dampen arranges	0.0016959186758640397	0.0016959186758640397	14.090274333953857	14.090274333953857
170	gpt2	171	86	1	arrest	obj_rel	unexpected	The surgeon that the authors dampen arrest	1.265741957467981e-06	1.265741957467981e-06	19.59158515930176	19.59158515930176
171	gpt2	172	86	1	arrest	obj_rel	expected	The surgeon that the authors dampen arrests	5.572518375629443e-07	5.572518375629443e-07	20.77516746520996	20.77516746520996
172	gpt2	173	87	1	arrive	obj_rel	unexpected	The surgeon that the authors dampen arrive	7.734374207757355e-07	7.734374207757355e-07	20.30221176147461	20.30221176147461
173	gpt2	174	87	1	arrive	obj_rel	expected	The surgeon that the authors dampen arrives	3.27465454574849e-06	3.27465454574849e-06	18.2202262878418	18.2202262878418
174	gpt2	175	88	1	articulate	obj_rel	unexpected	The surgeon that the authors dampen articulate	5.488283477461664e-06	5.488283477461664e-06	17.4752140045166	17.4752140045166
175	gpt2	176	88	1	articulate	obj_rel	expected	The surgeon that the authors dampen articulates	0.02898062908423068	0.02898062908423068	11.517650127410889	11.517650127410889
176	gpt2	177	89	1	ask	obj_rel	unexpected	The surgeon that the authors dampen ask	1.5835383237572387e-05	1.5835383237572387e-05	15.946488380432127	15.946488380432127
177	gpt2	178	89	1	ask	obj_rel	expected	The surgeon that the authors dampen asks	3.561786070349626e-05	3.561786070349626e-05	14.777039527893066	14.777039527893066
178	gpt2	179	90	1	assassinate	obj_rel	unexpected	The surgeon that the authors dampen assassinate	1.5323827540214554e-07	1.5323827540214554e-07	22.637720108032227	22.637720108032227
179	gpt2	180	90	1	assassinate	obj_rel	expected	The surgeon that the authors dampen assassinates	0.0005434565546024793	0.0005434565546024793	16.1213059425354	16.1213059425354
180	gpt2	181	91	1	assemble	obj_rel	unexpected	The surgeon that the authors dampen assemble	3.776975177061104e-07	3.776975177061104e-07	21.336265563964844	21.336265563964844
181	gpt2	182	91	1	assemble	obj_rel	expected	The surgeon that the authors dampen assembles	0.1590770303770341	0.1590770303770341	11.844633579254149	11.844633579254149
182	gpt2	183	92	1	assert	obj_rel	unexpected	The surgeon that the authors dampen assert	5.658484042214695e-06	5.658484042214695e-06	17.43115234375	17.43115234375
183	gpt2	184	92	1	assert	obj_rel	expected	The surgeon that the authors dampen asserts	3.788564526985283e-06	3.788564526985283e-06	18.009916305541992	18.009916305541992
184	gpt2	185	93	1	assess	obj_rel	unexpected	The surgeon that the authors dampen assess	2.7209542167838663e-05	2.7209542167838663e-05	15.16552734375	15.16552734375
185	gpt2	186	93	1	assess	obj_rel	expected	The surgeon that the authors dampen assesses	0.39278270305294427	0.39278270305294427	7.756886973977089	7.756886973977089
186	gpt2	187	94	1	assign	obj_rel	unexpected	The surgeon that the authors dampen assign	2.092291879307595e-06	2.092291879307595e-06	18.86648368835449	18.86648368835449
187	gpt2	188	94	1	assign	obj_rel	expected	The surgeon that the authors dampen assigns	2.3625532321602805e-06	2.3625532321602805e-06	18.691221237182617	18.691221237182617
188	gpt2	189	95	1	assimilate	obj_rel	unexpected	The surgeon that the authors dampen assimilate	0.03471566282824763	0.03471566282824763	13.201615571975708	13.201615571975708
189	gpt2	190	95	1	assimilate	obj_rel	expected	The surgeon that the authors dampen assimilates	0.13529389270262013	0.13529389270262013	12.220395267009735	12.220395267009735
190	gpt2	191	96	1	assist	obj_rel	unexpected	The surgeon that the authors dampen assist	5.159109605301637e-06	5.159109605301637e-06	17.56444549560547	17.56444549560547
191	gpt2	192	96	1	assist	obj_rel	expected	The surgeon that the authors dampen assists	5.179104391572764e-06	5.179104391572764e-06	17.558866500854492	17.558866500854492
192	gpt2	193	97	1	assuage	obj_rel	unexpected	The surgeon that the authors dampen assuage	0.01555158868965612	0.01555158868965612	8.623632907867432	8.623632907867432
193	gpt2	194	97	1	assuage	obj_rel	expected	The surgeon that the authors dampen assuages	0.04279277089275028	0.04279277089275028	7.955446879069011	7.955446879069011
194	gpt2	195	98	1	assume	obj_rel	unexpected	The surgeon that the authors dampen assume	2.9225671823951416e-05	2.9225671823951416e-05	15.06240463256836	15.06240463256836
195	gpt2	196	98	1	assume	obj_rel	expected	The surgeon that the authors dampen assumes	1.6189525922527537e-05	1.6189525922527537e-05	15.914579391479492	15.914579391479492
196	gpt2	197	99	2	assure	obj_rel	unexpected	The consultants that the teachers eclipse assures	7.9096088256847e-07	7.9096088256847e-07	20.26988983154297	20.26988983154297
197	gpt2	198	99	2	assure	obj_rel	expected	The consultants that the teachers eclipse assure	1.1077209819632117e-05	1.1077209819632117e-05	16.462045669555664	16.462045669555664
198	gpt2	199	100	2	atone	obj_rel	unexpected	The consultants that the teachers eclipse atones	0.005079185662053077	0.005079185662053077	15.562198638916016	15.562198638916016
199	gpt2	200	100	2	atone	obj_rel	expected	The consultants that the teachers eclipse atone	0.005079401025938025	0.005079401025938025	13.816758155822754	13.816758155822754
200	gpt2	201	101	2	attach	obj_rel	unexpected	The consultants that the teachers eclipse attaches	1.6748568754110238e-08	1.6748568754110238e-08	25.83138656616211	25.83138656616211
201	gpt2	202	101	2	attach	obj_rel	expected	The consultants that the teachers eclipse attach	2.3165127913671317e-06	2.3165127913671317e-06	18.719614028930664	18.719614028930664
202	gpt2	203	102	2	attack	obj_rel	unexpected	The consultants that the teachers eclipse attacks	1.3916364878241438e-06	1.3916364878241438e-06	19.45478630065918	19.45478630065918
203	gpt2	204	102	2	attack	obj_rel	expected	The consultants that the teachers eclipse attack	1.308824084844673e-05	1.308824084844673e-05	16.22136878967285	16.22136878967285
204	gpt2	205	103	2	attain	obj_rel	unexpected	The consultants that the teachers eclipse attains	0.0033902009452048978	0.0033902009452048978	12.487058877944946	12.487058877944946
205	gpt2	206	103	2	attain	obj_rel	expected	The consultants that the teachers eclipse attain	3.3448489489273925e-07	3.3448489489273925e-07	21.511554718017575	21.511554718017575
206	gpt2	207	104	2	attempt	obj_rel	unexpected	The consultants that the teachers eclipse attempts	1.4846478961771936e-06	1.4846478961771936e-06	19.361448287963867	19.361448287963867
207	gpt2	208	104	2	attempt	obj_rel	expected	The consultants that the teachers eclipse attempt	1.5881541912676767e-05	1.5881541912676767e-05	15.942289352416992	15.942289352416992
208	gpt2	209	105	2	attend	obj_rel	unexpected	The consultants that the teachers eclipse attends	6.53312667964201e-07	6.53312667964201e-07	20.54572296142578	20.54572296142578
209	gpt2	210	105	2	attend	obj_rel	expected	The consultants that the teachers eclipse attend	5.110262281959877e-05	5.110262281959877e-05	14.256242752075195	14.256242752075195
210	gpt2	211	106	2	attention	obj_rel	unexpected	The consultants that the teachers eclipse attentions	0.010281812368418738	0.010281812368418738	13.487337589263916	13.487337589263916
211	gpt2	212	106	2	attention	obj_rel	expected	The consultants that the teachers eclipse attention	4.828874352824641e-06	4.828874352824641e-06	17.659881591796875	17.659881591796875
212	gpt2	213	107	2	attest	obj_rel	unexpected	The consultants that the teachers eclipse attests	0.07317492742708964	0.07317492742708964	10.27065098285675	10.27065098285675
213	gpt2	214	107	2	attest	obj_rel	expected	The consultants that the teachers eclipse attest	5.583458460023394e-06	5.583458460023394e-06	17.450408935546875	17.450408935546875
214	gpt2	215	108	2	attract	obj_rel	unexpected	The consultants that the teachers eclipse attracts	4.618951834345353e-07	4.618951834345353e-07	21.04593086242676	21.04593086242676
215	gpt2	216	108	2	attract	obj_rel	expected	The consultants that the teachers eclipse attract	1.0967217349389102e-05	1.0967217349389102e-05	16.476442337036133	16.476442337036133
216	gpt2	217	109	2	attribute	obj_rel	unexpected	The consultants that the teachers eclipse attributes	1.8311845906282544e-06	1.8311845906282544e-06	19.05879211425781	19.05879211425781
217	gpt2	218	109	2	attribute	obj_rel	expected	The consultants that the teachers eclipse attribute	1.0645049769664183e-05	1.0645049769664183e-05	16.51945686340332	16.51945686340332
218	gpt2	219	110	2	auction	obj_rel	unexpected	The consultants that the teachers eclipse auctions	3.6065952002672936e-08	3.6065952002672936e-08	24.72478675842285	24.72478675842285
219	gpt2	220	110	2	auction	obj_rel	expected	The consultants that the teachers eclipse auction	1.1952712384299955e-06	1.1952712384299955e-06	19.674230575561523	19.674230575561523
220	gpt2	221	111	2	audition	obj_rel	unexpected	The consultants that the teachers eclipse auditions	0.01928145185411267	0.01928145185411267	10.586098432540894	10.586098432540894
221	gpt2	222	111	2	audition	obj_rel	expected	The consultants that the teachers eclipse audition	8.083538318715e-07	8.083538318715e-07	20.238510131835938	20.238510131835938
222	gpt2	223	112	2	audit	obj_rel	unexpected	The consultants that the teachers eclipse audits	5.682795176653599e-07	5.682795176653599e-07	20.74689674377441	20.74689674377441
223	gpt2	224	112	2	audit	obj_rel	expected	The consultants that the teachers eclipse audit	7.714988896623254e-06	7.714988896623254e-06	16.983903884887695	16.983903884887695
224	gpt2	225	113	2	augment	obj_rel	unexpected	The consultants that the teachers eclipse augments	0.029297725567886308	0.029297725567886308	12.290092468261719	12.290092468261719
225	gpt2	226	113	2	augment	obj_rel	expected	The consultants that the teachers eclipse augment	1.3016429534218332e-07	1.3016429534218332e-07	22.8731632232666	22.8731632232666
226	gpt2	227	114	2	authorize	obj_rel	unexpected	The consultants that the teachers eclipse authorizes	0.001793223896356682	0.001793223896356682	12.73425006866455	12.73425006866455
227	gpt2	228	114	2	authorize	obj_rel	expected	The consultants that the teachers eclipse authorize	3.5706266316992696e-06	3.5706266316992696e-06	18.09539031982422	18.09539031982422
228	gpt2	229	115	2	autograph	obj_rel	unexpected	The consultants that the teachers eclipse autographs	0.019858453749435494	0.019858453749435494	12.47278141975403	12.47278141975403
229	gpt2	230	115	2	autograph	obj_rel	expected	The consultants that the teachers eclipse autograph	0.04467379148186974	0.04467379148186974	11.887935757637026	11.887935757637026
230	gpt2	231	116	2	average	obj_rel	unexpected	The consultants that the teachers eclipse averages	7.097542038536631e-07	7.097542038536631e-07	20.426177978515625	20.426177978515625
231	gpt2	232	116	2	average	obj_rel	expected	The consultants that the teachers eclipse average	6.51725276838988e-05	6.51725276838988e-05	13.905376434326172	13.905376434326172
232	gpt2	233	117	2	avert	obj_rel	unexpected	The consultants that the teachers eclipse averts	0.001159694859722995	0.001159694859722995	14.092481613159181	14.092481613159181
233	gpt2	234	117	2	avert	obj_rel	expected	The consultants that the teachers eclipse avert	1.2139458931414993e-06	1.2139458931414993e-06	19.651865005493164	19.651865005493164
234	gpt2	235	118	2	avoid	obj_rel	unexpected	The consultants that the teachers eclipse avoids	6.832099757048127e-07	6.832099757048127e-07	20.48116683959961	20.48116683959961
235	gpt2	236	118	2	avoid	obj_rel	expected	The consultants that the teachers eclipse avoid	3.192094300175086e-05	3.192094300175086e-05	14.935136795043944	14.935136795043944
236	gpt2	237	119	2	await	obj_rel	unexpected	The consultants that the teachers eclipse awaits	5.4488666023644334e-08	5.4488666023644334e-08	24.12946891784668	24.12946891784668
237	gpt2	238	119	2	await	obj_rel	expected	The consultants that the teachers eclipse await	2.6819993763638195e-06	2.6819993763638195e-06	18.50825881958008	18.50825881958008
238	gpt2	239	120	2	backfire	obj_rel	unexpected	The consultants that the teachers eclipse backfires	0.00033022531715682485	0.00033022531715682485	12.212687492370605	12.212687492370605
239	gpt2	240	120	2	backfire	obj_rel	expected	The consultants that the teachers eclipse backfire	0.00039339243812710003	0.00039339243812710003	11.505957126617432	11.505957126617432
240	gpt2	241	121	2	back	obj_rel	unexpected	The consultants that the teachers eclipse backs	7.63729985919781e-07	7.63729985919781e-07	20.3204345703125	20.3204345703125
241	gpt2	242	121	2	back	obj_rel	expected	The consultants that the teachers eclipse back	0.000584517372772	0.000584517372772	10.740466117858888	10.740466117858888
242	gpt2	243	122	2	bail	obj_rel	unexpected	The consultants that the teachers eclipse bails	0.0011206204926565988	0.0011206204926565988	11.908147811889648	11.908147811889648
243	gpt2	244	122	2	bail	obj_rel	expected	The consultants that the teachers eclipse bail	4.0875778495319537e-07	4.0875778495319537e-07	21.22224998474121	21.22224998474121
244	gpt2	245	123	2	balance	obj_rel	unexpected	The consultants that the teachers eclipse balances	1.332103920503869e-07	1.332103920503869e-07	22.83979034423828	22.83979034423828
245	gpt2	246	123	2	balance	obj_rel	expected	The consultants that the teachers eclipse balance	2.123903414030792e-06	2.123903414030792e-06	18.844850540161133	18.844850540161133
246	gpt2	247	124	2	balk	obj_rel	unexpected	The consultants that the teachers eclipse balks	0.02716133815447104	0.02716133815447104	13.50849461555481	13.50849461555481
247	gpt2	248	124	2	balk	obj_rel	expected	The consultants that the teachers eclipse balk	3.3627234188315924e-06	3.3627234188315924e-06	18.18193817138672	18.18193817138672
248	gpt2	249	125	2	balloon	obj_rel	unexpected	The consultants that the teachers eclipse balloons	1.1262117283195042e-07	1.1262117283195042e-07	23.08201789855957	23.08201789855957
249	gpt2	250	125	2	balloon	obj_rel	expected	The consultants that the teachers eclipse balloon	9.653567758505233e-07	9.653567758505233e-07	19.98243522644043	19.98243522644043
250	gpt2	251	126	2	band	obj_rel	unexpected	The consultants that the teachers eclipse bands	5.412971404439304e-07	5.412971404439304e-07	20.81707572937012	20.81707572937012
251	gpt2	252	126	2	band	obj_rel	expected	The consultants that the teachers eclipse band	5.911271728109568e-06	5.911271728109568e-06	17.368099212646484	17.368099212646484
252	gpt2	253	127	2	banish	obj_rel	unexpected	The consultants that the teachers eclipse banishes	0.00010863168904506678	0.00010863168904506678	15.029849529266357	15.029849529266357
253	gpt2	254	127	2	banish	obj_rel	expected	The consultants that the teachers eclipse banish	0.001967809888128567	0.001967809888128567	12.927021741867065	12.927021741867065
254	gpt2	255	128	2	bankroll	obj_rel	unexpected	The consultants that the teachers eclipse bankrolls	0.07498108175332162	0.07498108175332162	7.954077959060669	7.954077959060669
255	gpt2	256	128	2	bankroll	obj_rel	expected	The consultants that the teachers eclipse bankroll	0.042598513170105434	0.042598513170105434	10.511557579040527	10.511557579040527
256	gpt2	257	129	2	bankrupt	obj_rel	unexpected	The consultants that the teachers eclipse bankrupts	0.038126668255586076	0.038126668255586076	11.75386667251587	11.75386667251587
257	gpt2	258	129	2	bankrupt	obj_rel	expected	The consultants that the teachers eclipse bankrupt	1.0995488537446365e-06	1.0995488537446365e-06	19.79465675354004	19.79465675354004
258	gpt2	259	130	2	bank	obj_rel	unexpected	The consultants that the teachers eclipse banks	2.4295929961226648e-06	2.4295929961226648e-06	18.650854110717773	18.650854110717773
259	gpt2	260	130	2	bank	obj_rel	expected	The consultants that the teachers eclipse bank	5.508271897269879e-06	5.508271897269879e-06	17.469968795776367	17.469968795776367
260	gpt2	261	131	2	ban	obj_rel	unexpected	The consultants that the teachers eclipse bans	1.5488558346987705e-07	1.5488558346987705e-07	22.62229347229004	22.62229347229004
261	gpt2	262	131	2	ban	obj_rel	expected	The consultants that the teachers eclipse ban	4.1937987589335535e-06	4.1937987589335535e-06	17.863311767578125	17.863311767578125
262	gpt2	263	132	2	bargain	obj_rel	unexpected	The consultants that the teachers eclipse bargains	0.35355695759915307	0.35355695759915307	9.401277214288712	9.401277214288712
263	gpt2	264	132	2	bargain	obj_rel	expected	The consultants that the teachers eclipse bargain	3.007342684213654e-06	3.007342684213654e-06	18.34307861328125	18.34307861328125
264	gpt2	265	133	2	bar	obj_rel	unexpected	The consultants that the teachers eclipse bars	3.874353922128648e-07	3.874353922128648e-07	21.299541473388672	21.299541473388672
265	gpt2	266	133	2	bar	obj_rel	expected	The consultants that the teachers eclipse bar	2.485103550498025e-06	2.485103550498025e-06	18.618263244628903	18.618263244628903
266	gpt2	267	134	2	base	obj_rel	unexpected	The consultants that the teachers eclipse bases	4.156194677307212e-07	4.156194677307212e-07	21.19823265075684	21.19823265075684
267	gpt2	268	134	2	base	obj_rel	expected	The consultants that the teachers eclipse base	1.089798843167955e-05	1.089798843167955e-05	16.485578536987305	16.485578536987305
268	gpt2	269	135	2	bash	obj_rel	unexpected	The consultants that the teachers eclipse bashes	0.02000179511469465	0.02000179511469465	12.254708290100096	12.254708290100096
269	gpt2	270	135	2	bash	obj_rel	expected	The consultants that the teachers eclipse bash	2.690759686174715e-07	2.690759686174715e-07	21.825483322143555	21.825483322143555
270	gpt2	271	136	2	batter	obj_rel	unexpected	The consultants that the teachers eclipse batters	1.709242098968389e-07	1.709242098968389e-07	22.48014068603516	22.48014068603516
271	gpt2	272	136	2	batter	obj_rel	expected	The consultants that the teachers eclipse batter	3.3422981005060137e-07	3.3422981005060137e-07	21.51265525817871	21.51265525817871
272	gpt2	273	137	2	battle	obj_rel	unexpected	The consultants that the teachers eclipse battles	7.411762226183782e-07	7.411762226183782e-07	20.363679885864254	20.363679885864254
273	gpt2	274	137	2	battle	obj_rel	expected	The consultants that the teachers eclipse battle	1.1329953849781305e-05	1.1329953849781305e-05	16.42949867248535	16.42949867248535
274	gpt2	275	138	2	bear	obj_rel	unexpected	The consultants that the teachers eclipse bears	2.026813035627129e-06	2.026813035627129e-06	18.912355422973636	18.912355422973636
275	gpt2	276	138	2	bear	obj_rel	expected	The consultants that the teachers eclipse bear	2.0550203771563247e-05	2.0550203771563247e-05	15.57048797607422	15.57048797607422
276	gpt2	277	139	2	beat	obj_rel	unexpected	The consultants that the teachers eclipse beats	3.499359593206464e-07	3.499359593206464e-07	21.4464054107666	21.4464054107666
277	gpt2	278	139	2	beat	obj_rel	expected	The consultants that the teachers eclipse beat	3.9776601624907926e-05	3.9776601624907926e-05	14.617720603942873	14.617720603942873
278	gpt2	279	140	2	become	obj_rel	unexpected	The consultants that the teachers eclipse becomes	2.732331722654635e-06	2.732331722654635e-06	18.48143577575684	18.48143577575684
279	gpt2	280	140	2	become	obj_rel	expected	The consultants that the teachers eclipse become	0.0001295972033403	0.0001295972033403	12.913678169250488	12.913678169250488
280	gpt2	281	141	2	bedevil	obj_rel	unexpected	The consultants that the teachers eclipse bedevils	0.11631144181831132	0.11631144181831132	8.859445095062258	8.859445095062258
281	gpt2	282	141	2	bedevil	obj_rel	expected	The consultants that the teachers eclipse bedevil	0.0005088466895699309	0.0005088466895699309	14.80615282058716	14.80615282058716
282	gpt2	283	142	2	beef	obj_rel	unexpected	The consultants that the teachers eclipse beefs	0.00835269130426749	0.00835269130426749	14.108555316925049	14.108555316925049
283	gpt2	284	142	2	beef	obj_rel	expected	The consultants that the teachers eclipse beef	1.918456575822347e-07	1.918456575822347e-07	22.31355094909668	22.31355094909668
284	gpt2	285	143	2	begin	obj_rel	unexpected	The consultants that the teachers eclipse begins	2.8446675059967674e-06	2.8446675059967674e-06	18.423309326171875	18.423309326171875
285	gpt2	286	143	2	begin	obj_rel	expected	The consultants that the teachers eclipse begin	8.087803144007921e-05	8.087803144007921e-05	13.593892097473145	13.593892097473145
286	gpt2	287	144	2	behave	obj_rel	unexpected	The consultants that the teachers eclipse behaves	3.168030815459133e-08	3.168030815459133e-08	24.91183853149414	24.91183853149414
287	gpt2	288	144	2	behave	obj_rel	expected	The consultants that the teachers eclipse behave	2.0003592453576857e-06	2.0003592453576857e-06	18.93130874633789	18.93130874633789
288	gpt2	289	145	2	belie	obj_rel	unexpected	The consultants that the teachers eclipse belies	0.006715676758858501	0.006715676758858501	12.027840852737427	12.027840852737427
289	gpt2	290	145	2	belie	obj_rel	expected	The consultants that the teachers eclipse belie	1.004659316095058e-05	1.004659316095058e-05	16.602933883666992	16.602933883666992
290	gpt2	291	146	2	believe	obj_rel	unexpected	The consultants that the teachers eclipse believes	1.572024484630674e-05	1.572024484630674e-05	15.957016944885254	15.957016944885254
291	gpt2	292	146	2	believe	obj_rel	expected	The consultants that the teachers eclipse believe	0.0009807063033804	0.0009807063033804	9.993890762329102	9.993890762329102
292	gpt2	293	147	2	bellow	obj_rel	unexpected	The consultants that the teachers eclipse bellows	0.005362924236209193	0.005362924236209193	13.379035711288452	13.379035711288452
293	gpt2	294	147	2	bellow	obj_rel	expected	The consultants that the teachers eclipse bellow	0.012356321375221992	0.012356321375221992	12.776925802230835	12.776925802230835
294	gpt2	295	148	2	belong	obj_rel	unexpected	The consultants that the teachers eclipse belongs	4.715070645033848e-06	4.715070645033848e-06	17.69428825378418	17.69428825378418
295	gpt2	296	148	2	belong	obj_rel	expected	The consultants that the teachers eclipse belong	0.0001080316651496	0.0001080316651496	13.176258087158203	13.176258087158203
296	gpt2	297	149	2	bend	obj_rel	unexpected	The consultants that the teachers eclipse bends	1.5247767493065112e-08	1.5247767493065112e-08	25.966827392578125	25.966827392578125
297	gpt2	298	149	2	bend	obj_rel	expected	The consultants that the teachers eclipse bend	1.1192099691470505e-06	1.1192099691470505e-06	19.769088745117188	19.769088745117188
298	gpt2	299	150	2	benefit	obj_rel	unexpected	The consultants that the teachers eclipse benefits	6.909606327099027e-06	6.909606327099027e-06	17.14296531677246	17.14296531677246
299	gpt2	300	150	2	benefit	obj_rel	expected	The consultants that the teachers eclipse benefit	2.9287835786817595e-05	2.9287835786817595e-05	15.059338569641112	15.059338569641112
300	gpt2	301	151	2	bet	obj_rel	unexpected	The consultants that the teachers eclipse bets	2.2136288180263366e-07	2.2136288180263366e-07	22.10708236694336	22.10708236694336
301	gpt2	302	151	2	bet	obj_rel	expected	The consultants that the teachers eclipse bet	2.7283023882773705e-05	2.7283023882773705e-05	15.16163730621338	15.16163730621338
302	gpt2	303	152	2	are	obj_rel	unexpected	The consultants that the teachers eclipse is	0.0030215026345103	0.0030215026345103	8.37051773071289	8.37051773071289
303	gpt2	304	152	2	are	obj_rel	expected	The consultants that the teachers eclipse are	0.1809751540422439	0.1809751540422439	2.4661364555358887	2.4661364555358887
304	gpt2	305	153	2	bid	obj_rel	unexpected	The consultants that the teachers eclipse bids	2.815583229676122e-06	2.815583229676122e-06	18.438135147094727	18.438135147094727
305	gpt2	306	153	2	bid	obj_rel	expected	The consultants that the teachers eclipse bid	2.9085867936373688e-05	2.9085867936373688e-05	15.069321632385254	15.069321632385254
306	gpt2	307	154	2	bill	obj_rel	unexpected	The consultants that the teachers eclipse bills	2.162854570997297e-06	2.162854570997297e-06	18.81863212585449	18.81863212585449
307	gpt2	308	154	2	bill	obj_rel	expected	The consultants that the teachers eclipse bill	2.0665132979047485e-05	2.0665132979047485e-05	15.5624418258667	15.5624418258667
308	gpt2	309	155	2	bite	obj_rel	unexpected	The consultants that the teachers eclipse bites	2.0791359744976038e-08	2.0791359744976038e-08	25.519439697265625	25.519439697265625
309	gpt2	310	155	2	bite	obj_rel	expected	The consultants that the teachers eclipse bite	1.1891083318005259e-07	1.1891083318005259e-07	23.00361633300781	23.00361633300781
310	gpt2	311	156	2	blackmail	obj_rel	unexpected	The consultants that the teachers eclipse blackmails	3.7700699976994656e-05	3.7700699976994656e-05	14.823306560516357	14.823306560516357
311	gpt2	312	156	2	blackmail	obj_rel	expected	The consultants that the teachers eclipse blackmail	5.8218351028926925e-08	5.8218351028926925e-08	24.033950805664062	24.033950805664062
312	gpt2	313	157	2	blame	obj_rel	unexpected	The consultants that the teachers eclipse blames	1.6812615513117637e-06	1.6812615513117637e-06	19.182024002075195	19.182024002075195
313	gpt2	314	157	2	blame	obj_rel	expected	The consultants that the teachers eclipse blame	0.0001075850377674	0.0001075850377674	13.18223476409912	13.18223476409912
314	gpt2	315	158	2	blast	obj_rel	unexpected	The consultants that the teachers eclipse blasts	4.04348092786222e-08	4.04348092786222e-08	24.55982780456543	24.55982780456543
315	gpt2	316	158	2	blast	obj_rel	expected	The consultants that the teachers eclipse blast	2.806970371693751e-07	2.806970371693751e-07	21.764482498168945	21.764482498168945
316	gpt2	317	159	2	bleed	obj_rel	unexpected	The consultants that the teachers eclipse bleeds	0.010188720506789612	0.010188720506789612	13.296329021453856	13.296329021453856
317	gpt2	318	159	2	bleed	obj_rel	expected	The consultants that the teachers eclipse bleed	5.500814950210042e-07	5.500814950210042e-07	20.793851852416992	20.793851852416992
318	gpt2	319	160	2	blend	obj_rel	unexpected	The consultants that the teachers eclipse blends	2.1795310445327232e-08	2.1795310445327232e-08	25.45140647888184	25.45140647888184
319	gpt2	320	160	2	blend	obj_rel	expected	The consultants that the teachers eclipse blend	4.979477807864896e-07	4.979477807864896e-07	20.937501907348636	20.937501907348636
320	gpt2	321	161	2	bless	obj_rel	unexpected	The consultants that the teachers eclipse blesses	0.0016464051788033954	0.0016464051788033954	13.454267501831055	13.454267501831055
321	gpt2	322	161	2	bless	obj_rel	expected	The consultants that the teachers eclipse bless	2.4125440631905803e-06	2.4125440631905803e-06	18.661012649536133	18.661012649536133
322	gpt2	323	162	2	blink	obj_rel	unexpected	The consultants that the teachers eclipse blinks	0.0031059885836838916	0.0031059885836838916	12.235221147537231	12.235221147537231
323	gpt2	324	162	2	blink	obj_rel	expected	The consultants that the teachers eclipse blink	7.483869239877095e-07	7.483869239877095e-07	20.34971237182617	20.34971237182617
324	gpt2	325	163	2	block	obj_rel	unexpected	The consultants that the teachers eclipse blocks	3.159261723340024e-07	3.159261723340024e-07	21.593908309936523	21.593908309936523
325	gpt2	326	163	2	block	obj_rel	expected	The consultants that the teachers eclipse block	6.395169748429908e-06	6.395169748429908e-06	17.25458526611328	17.25458526611328
326	gpt2	327	164	2	blow	obj_rel	unexpected	The consultants that the teachers eclipse blows	3.196794864379626e-07	3.196794864379626e-07	21.57686996459961	21.57686996459961
327	gpt2	328	164	2	blow	obj_rel	expected	The consultants that the teachers eclipse blow	2.9681591513508465e-06	2.9681591513508465e-06	18.36199951171875	18.36199951171875
328	gpt2	329	165	2	blunder	obj_rel	unexpected	The consultants that the teachers eclipse blunders	0.022401563913717792	0.022401563913717792	10.809289932250977	10.809289932250977
329	gpt2	330	165	2	blunder	obj_rel	expected	The consultants that the teachers eclipse blunder	0.008130389356210792	0.008130389356210792	11.540587425231934	11.540587425231934
330	gpt2	331	166	2	blunt	obj_rel	unexpected	The consultants that the teachers eclipse blunts	0.008476854392483791	0.008476854392483791	11.510472536087036	11.510472536087036
331	gpt2	332	166	2	blunt	obj_rel	expected	The consultants that the teachers eclipse blunt	9.876616786641534e-07	9.876616786641534e-07	19.94948005676269	19.94948005676269
332	gpt2	333	167	2	blur	obj_rel	unexpected	The consultants that the teachers eclipse blurs	0.010657045149400792	0.010657045149400792	11.345308780670166	11.345308780670166
333	gpt2	334	167	2	blur	obj_rel	expected	The consultants that the teachers eclipse blur	7.500674428229104e-07	7.500674428229104e-07	20.34647560119629	20.34647560119629
334	gpt2	335	168	2	board	obj_rel	unexpected	The consultants that the teachers eclipse boards	1.247797513315163e-06	1.247797513315163e-06	19.612184524536133	19.612184524536133
335	gpt2	336	168	2	board	obj_rel	expected	The consultants that the teachers eclipse board	2.034692261076998e-05	2.034692261076998e-05	15.584829330444336	15.584829330444336
336	gpt2	337	169	2	boast	obj_rel	unexpected	The consultants that the teachers eclipse boasts	1.6926647958825924e-06	1.6926647958825924e-06	19.172271728515625	19.172271728515625
337	gpt2	338	169	2	boast	obj_rel	expected	The consultants that the teachers eclipse boast	2.850284727173857e-05	2.850284727173857e-05	15.09853458404541	15.09853458404541
338	gpt2	339	170	2	bode	obj_rel	unexpected	The consultants that the teachers eclipse bodes	0.002851541938070999	0.002851541938070999	11.228384971618652	11.228384971618652
339	gpt2	340	170	2	bode	obj_rel	expected	The consultants that the teachers eclipse bode	0.014605566246245849	0.014605566246245849	10.046905517578125	10.046905517578125
340	gpt2	341	171	2	bog	obj_rel	unexpected	The consultants that the teachers eclipse bogs	0.0009209891704812987	0.0009209891704812987	12.051837921142578	12.051837921142578
341	gpt2	342	171	2	bog	obj_rel	expected	The consultants that the teachers eclipse bog	1.1050936166157045e-07	1.1050936166157045e-07	23.10932731628418	23.10932731628418
342	gpt2	343	172	2	bolster	obj_rel	unexpected	The consultants that the teachers eclipse bolsters	0.39784916620784117	0.39784916620784117	11.743353158235548	11.743353158235548
343	gpt2	344	172	2	bolster	obj_rel	expected	The consultants that the teachers eclipse bolster	9.368742212245706e-06	9.368742212245706e-06	16.703712463378906	16.703712463378906
344	gpt2	345	173	2	bomb	obj_rel	unexpected	The consultants that the teachers eclipse bombs	3.6103394052133815e-08	3.6103394052133815e-08	24.723289489746094	24.723289489746094
345	gpt2	346	173	2	bomb	obj_rel	expected	The consultants that the teachers eclipse bomb	3.340309717714263e-07	3.340309717714263e-07	21.51351547241211	21.51351547241211
346	gpt2	347	174	2	boom	obj_rel	unexpected	The consultants that the teachers eclipse booms	0.03316471431048738	0.03316471431048738	12.370055198669434	12.370055198669434
347	gpt2	348	174	2	boom	obj_rel	expected	The consultants that the teachers eclipse boom	5.433825549516769e-07	5.433825549516769e-07	20.8115291595459	20.8115291595459
348	gpt2	349	175	2	boost	obj_rel	unexpected	The consultants that the teachers eclipse boosts	7.567542326114562e-08	7.567542326114562e-08	23.65559959411621	23.65559959411621
349	gpt2	350	175	2	boost	obj_rel	expected	The consultants that the teachers eclipse boost	2.0269521883165e-06	2.0269521883165e-06	18.912256240844727	18.912256240844727
350	gpt2	351	176	2	borrow	obj_rel	unexpected	The consultants that the teachers eclipse borrows	0.03507646339994605	0.03507646339994605	11.343228936195374	11.343228936195374
351	gpt2	352	176	2	borrow	obj_rel	expected	The consultants that the teachers eclipse borrow	2.1118494260008447e-06	2.1118494260008447e-06	18.85306167602539	18.85306167602539
352	gpt2	353	177	2	bother	obj_rel	unexpected	The consultants that the teachers eclipse bothers	1.857163454133115e-07	1.857163454133115e-07	22.360395431518555	22.360395431518555
353	gpt2	354	177	2	bother	obj_rel	expected	The consultants that the teachers eclipse bother	1.130874693444639e-06	1.130874693444639e-06	19.75412940979004	19.75412940979004
354	gpt2	355	178	2	bottle	obj_rel	unexpected	The consultants that the teachers eclipse bottles	4.1429711217233496e-08	4.1429711217233496e-08	24.52475929260254	24.52475929260254
355	gpt2	356	178	2	bottle	obj_rel	expected	The consultants that the teachers eclipse bottle	4.8693006959865677e-08	4.8693006959865677e-08	24.291709899902344	24.291709899902344
356	gpt2	357	179	2	bounce	obj_rel	unexpected	The consultants that the teachers eclipse bounces	4.419398536015252e-08	4.419398536015252e-08	24.43157386779785	24.43157386779785
357	gpt2	358	179	2	bounce	obj_rel	expected	The consultants that the teachers eclipse bounce	3.5683935948327417e-06	3.5683935948327417e-06	18.09629440307617	18.09629440307617
358	gpt2	359	180	2	bow	obj_rel	unexpected	The consultants that the teachers eclipse bows	2.125747400327782e-08	2.125747400327782e-08	25.487455368041992	25.487455368041992
359	gpt2	360	180	2	bow	obj_rel	expected	The consultants that the teachers eclipse bow	4.868138034908043e-07	4.868138034908043e-07	20.97012710571289	20.97012710571289
360	gpt2	361	181	2	brace	obj_rel	unexpected	The consultants that the teachers eclipse braces	1.888401079952473e-08	1.888401079952473e-08	25.658260345458984	25.658260345458984
361	gpt2	362	181	2	brace	obj_rel	expected	The consultants that the teachers eclipse brace	1.9670855522235803e-07	1.9670855522235803e-07	22.277437210083008	22.277437210083008
362	gpt2	363	182	2	brag	obj_rel	unexpected	The consultants that the teachers eclipse brags	0.0199905437342522	0.0199905437342522	11.615029096603394	11.615029096603394
363	gpt2	364	182	2	brag	obj_rel	expected	The consultants that the teachers eclipse brag	0.04239903100949505	0.04239903100949505	11.072648167610168	11.072648167610168
364	gpt2	365	183	2	branch	obj_rel	unexpected	The consultants that the teachers eclipse branches	2.3197391385565427e-07	2.3197391385565427e-07	22.039533615112305	22.039533615112305
365	gpt2	366	183	2	branch	obj_rel	expected	The consultants that the teachers eclipse branch	1.254814378626179e-06	1.254814378626179e-06	19.60409545898437	19.60409545898437
366	gpt2	367	184	2	brave	obj_rel	unexpected	The consultants that the teachers eclipse braves	0.06688366441639458	0.06688366441639458	11.799610257148744	11.799610257148744
367	gpt2	368	184	2	brave	obj_rel	expected	The consultants that the teachers eclipse brave	1.3747729781243834e-06	1.3747729781243834e-06	19.472375869750977	19.472375869750977
368	gpt2	369	185	2	brazen	obj_rel	unexpected	The consultants that the teachers eclipse brazens	0.0007835714483613992	0.0007835714483613992	11.54318650563558	11.54318650563558
369	gpt2	370	185	2	brazen	obj_rel	expected	The consultants that the teachers eclipse brazen	3.4385422509330965e-07	3.4385422509330965e-07	21.471698760986328	21.471698760986328
370	gpt2	371	186	2	breach	obj_rel	unexpected	The consultants that the teachers eclipse breaches	1.2748932576300833e-08	1.2748932576300833e-08	26.225048065185547	26.225048065185547
371	gpt2	372	186	2	breach	obj_rel	expected	The consultants that the teachers eclipse breach	9.076184426248801e-08	9.076184426248801e-08	23.39333915710449	23.39333915710449
372	gpt2	373	187	2	break	obj_rel	unexpected	The consultants that the teachers eclipse breaks	1.6493397936301338e-07	1.6493397936301338e-07	22.53160858154297	22.53160858154297
373	gpt2	374	187	2	break	obj_rel	expected	The consultants that the teachers eclipse break	5.022307504987111e-06	5.022307504987111e-06	17.60321807861328	17.60321807861328
374	gpt2	375	188	2	breed	obj_rel	unexpected	The consultants that the teachers eclipse breeds	8.475762314219537e-08	8.475762314219537e-08	23.49208068847656	23.49208068847656
375	gpt2	376	188	2	breed	obj_rel	expected	The consultants that the teachers eclipse breed	1.485055690864101e-06	1.485055690864101e-06	19.36105155944824	19.36105155944824
376	gpt2	377	189	2	brew	obj_rel	unexpected	The consultants that the teachers eclipse brews	0.020307395768860172	0.020307395768860172	13.563612222671507	13.563612222671507
377	gpt2	378	189	2	brew	obj_rel	expected	The consultants that the teachers eclipse brew	1.6796131774299286e-07	1.6796131774299286e-07	22.50536727905273	22.50536727905273
378	gpt2	379	190	2	bribe	obj_rel	unexpected	The consultants that the teachers eclipse bribes	1.748401246004505e-07	1.748401246004505e-07	22.447460174560547	22.447460174560547
379	gpt2	380	190	2	bribe	obj_rel	expected	The consultants that the teachers eclipse bribe	5.168286634216201e-07	5.168286634216201e-07	20.88381004333496	20.88381004333496
380	gpt2	381	191	2	bridge	obj_rel	unexpected	The consultants that the teachers eclipse bridges	5.548316721615265e-07	5.548316721615265e-07	20.78144645690918	20.78144645690918
381	gpt2	382	191	2	bridge	obj_rel	expected	The consultants that the teachers eclipse bridge	4.707845619122963e-06	4.707845619122963e-06	17.696500778198242	17.696500778198242
382	gpt2	383	192	2	brief	obj_rel	unexpected	The consultants that the teachers eclipse briefs	7.621311226557738e-08	7.621311226557738e-08	23.6453857421875	23.6453857421875
383	gpt2	384	192	2	brief	obj_rel	expected	The consultants that the teachers eclipse brief	1.2732919003610732e-06	1.2732919003610732e-06	19.583005905151367	19.583005905151367
384	gpt2	385	193	2	bring	obj_rel	unexpected	The consultants that the teachers eclipse brings	4.537484528555069e-06	4.537484528555069e-06	17.749675750732422	17.749675750732422
385	gpt2	386	193	2	bring	obj_rel	expected	The consultants that the teachers eclipse bring	6.645692337770015e-05	6.645692337770015e-05	13.87722110748291	13.87722110748291
386	gpt2	387	194	2	broadcast	obj_rel	unexpected	The consultants that the teachers eclipse broadcasts	3.437343565337869e-08	3.437343565337869e-08	24.794130325317383	24.794130325317383
387	gpt2	388	194	2	broadcast	obj_rel	expected	The consultants that the teachers eclipse broadcast	5.312349458108656e-06	5.312349458108656e-06	17.522218704223633	17.522218704223633
388	gpt2	389	195	2	broaden	obj_rel	unexpected	The consultants that the teachers eclipse broadens	0.00012969935073668714	0.00012969935073668714	14.918281078338623	14.918281078338623
389	gpt2	390	195	2	broaden	obj_rel	expected	The consultants that the teachers eclipse broaden	4.1192598132511193e-07	4.1192598132511193e-07	21.211111068725582	21.211111068725582
390	gpt2	391	196	2	browbeat	obj_rel	unexpected	The consultants that the teachers eclipse browbeats	0.16796588833132375	0.16796588833132375	9.030988454818726	9.030988454818726
391	gpt2	392	196	2	browbeat	obj_rel	expected	The consultants that the teachers eclipse browbeat	0.10881993450222892	0.10881993450222892	12.285606861114502	12.285606861114502
392	gpt2	393	197	3	brush	obj_rel	unexpected	The managers that the surgeons progress brushes	4.948793019821096e-08	4.948793019821096e-08	24.268348693847656	24.268348693847656
393	gpt2	394	197	3	brush	obj_rel	expected	The managers that the surgeons progress brush	1.64359121868074e-07	1.64359121868074e-07	22.536645889282227	22.536645889282227
394	gpt2	395	198	3	buckle	obj_rel	unexpected	The managers that the surgeons progress buckles	0.0022667246445066958	0.0022667246445066958	15.23115801811218	15.23115801811218
395	gpt2	396	198	3	buckle	obj_rel	expected	The managers that the surgeons progress buckle	4.3911164482324245e-08	4.3911164482324245e-08	24.440837860107425	24.440837860107425
396	gpt2	397	199	3	buck	obj_rel	unexpected	The managers that the surgeons progress bucks	4.141483600506035e-09	4.141483600506035e-09	27.847204208374023	27.847204208374023
397	gpt2	398	199	3	buck	obj_rel	expected	The managers that the surgeons progress buck	1.4911275059148468e-07	1.4911275059148468e-07	22.67709350585937	22.67709350585937
398	gpt2	399	200	3	budge	obj_rel	unexpected	The managers that the surgeons progress budges	0.009806014574621671	0.009806014574621671	14.574664592742918	14.574664592742918
399	gpt2	400	200	3	budge	obj_rel	expected	The managers that the surgeons progress budge	0.01771117372021532	0.01771117372021532	14.148202419281004	14.148202419281004
400	gpt2	401	201	3	buffer	obj_rel	unexpected	The managers that the surgeons progress buffers	5.3120352561109037e-08	5.3120352561109037e-08	24.166160583496094	24.166160583496094
401	gpt2	402	201	3	buffer	obj_rel	expected	The managers that the surgeons progress buffer	8.721658417698563e-08	8.721658417698563e-08	23.450822830200195	23.450822830200195
402	gpt2	403	202	3	buffet	obj_rel	unexpected	The managers that the surgeons progress buffets	0.008634504750858684	0.008634504750858684	14.45213317871094	14.45213317871094
403	gpt2	404	202	3	buffet	obj_rel	expected	The managers that the surgeons progress buffet	1.1878553252131496e-08	1.1878553252131496e-08	26.32706642150879	26.32706642150879
404	gpt2	405	203	3	build	obj_rel	unexpected	The managers that the surgeons progress builds	5.171772272660746e-07	5.171772272660746e-07	20.882837295532227	20.882837295532227
405	gpt2	406	203	3	build	obj_rel	expected	The managers that the surgeons progress build	9.67406049312558e-06	9.67406049312558e-06	16.657447814941406	16.657447814941406
406	gpt2	407	204	3	bumble	obj_rel	unexpected	The managers that the surgeons progress bumbles	8.267270777649308e-05	8.267270777649308e-05	15.05953311920166	15.05953311920166
407	gpt2	408	204	3	bumble	obj_rel	expected	The managers that the surgeons progress bumble	0.009018757114517894	0.009018757114517894	11.651288509368896	11.651288509368896
408	gpt2	409	205	3	bump	obj_rel	unexpected	The managers that the surgeons progress bumps	3.317790628898365e-07	3.317790628898365e-07	21.523273468017575	21.523273468017575
409	gpt2	410	205	3	bump	obj_rel	expected	The managers that the surgeons progress bump	2.8303875296842307e-06	2.8303875296842307e-06	18.43056869506836	18.43056869506836
410	gpt2	411	206	3	buoy	obj_rel	unexpected	The managers that the surgeons progress buoys	0.03040340652576034	0.03040340652576034	13.68107533454895	13.68107533454895
411	gpt2	412	206	3	buoy	obj_rel	expected	The managers that the surgeons progress buoy	1.7748346792245684e-08	1.7748346792245684e-08	25.74773979187012	25.74773979187012
412	gpt2	413	207	3	burn	obj_rel	unexpected	The managers that the surgeons progress burns	3.3030408985723625e-07	3.3030408985723625e-07	21.52970123291016	21.52970123291016
413	gpt2	414	207	3	burn	obj_rel	expected	The managers that the surgeons progress burn	6.385777851392049e-06	6.385777851392049e-06	17.25670623779297	17.25670623779297
414	gpt2	415	208	3	bury	obj_rel	unexpected	The managers that the surgeons progress buries	0.09926684946614724	0.09926684946614724	11.542289733886719	11.542289733886719
415	gpt2	416	208	3	bury	obj_rel	expected	The managers that the surgeons progress bury	7.442860550099796e-08	7.442860550099796e-08	23.679567337036133	23.679567337036133
416	gpt2	417	209	3	buttress	obj_rel	unexpected	The managers that the surgeons progress buttresses	0.050554223802528477	0.050554223802528477	12.799495220184326	12.799495220184326
417	gpt2	418	209	3	buttress	obj_rel	expected	The managers that the surgeons progress buttress	0.041391704675397975	0.041391704675397975	12.943740487098694	12.943740487098694
418	gpt2	419	210	3	butt	obj_rel	unexpected	The managers that the surgeons progress butts	0.00013160420803612962	0.00013160420803612962	13.735514163970945	13.735514163970945
419	gpt2	420	210	3	butt	obj_rel	expected	The managers that the surgeons progress butt	1.9460289024664237e-07	1.9460289024664237e-07	22.2929630279541	22.2929630279541
420	gpt2	421	211	3	buy-back	obj_rel	unexpected	The managers that the surgeons progress buy-backs	0.0015693345660565423	0.0015693345660565423	13.31203842163086	13.31203842163086
421	gpt2	422	211	3	buy-back	obj_rel	expected	The managers that the surgeons progress buy-back	0.0015693345660565423	0.0015693345660565423	13.31203842163086	13.31203842163086
422	gpt2	423	212	3	buy	obj_rel	unexpected	The managers that the surgeons progress buys	2.312949654026397e-08	2.312949654026397e-08	25.36569023132324	25.36569023132324
423	gpt2	424	212	3	buy	obj_rel	expected	The managers that the surgeons progress buy	3.0834403332846705e-06	3.0834403332846705e-06	18.30702781677246	18.30702781677246
424	gpt2	425	213	3	buzz	obj_rel	unexpected	The managers that the surgeons progress buzzes	0.0061817987472991675	0.0061817987472991675	14.687581300735474	14.687581300735474
425	gpt2	426	213	3	buzz	obj_rel	expected	The managers that the surgeons progress buzz	1.1615925643582162e-07	1.1615925643582162e-07	23.037391662597656	23.037391662597656
426	gpt2	427	214	3	bypass	obj_rel	unexpected	The managers that the surgeons progress bypasses	0.025229593611072673	0.025229593611072673	11.686177968978882	11.686177968978882
427	gpt2	428	214	3	bypass	obj_rel	expected	The managers that the surgeons progress bypass	1.825136564548302e-06	1.825136564548302e-06	19.06356430053711	19.06356430053711
428	gpt2	429	215	3	calculate	obj_rel	unexpected	The managers that the surgeons progress calculates	2.4197746029130943e-08	2.4197746029130943e-08	25.300552368164062	25.300552368164062
429	gpt2	430	215	3	calculate	obj_rel	expected	The managers that the surgeons progress calculate	1.130084456235636e-06	1.130084456235636e-06	19.7551383972168	19.7551383972168
430	gpt2	431	216	3	call	obj_rel	unexpected	The managers that the surgeons progress calls	2.50152720582264e-06	2.50152720582264e-06	18.6087589263916	18.6087589263916
431	gpt2	432	216	3	call	obj_rel	expected	The managers that the surgeons progress call	2.4954571927082725e-05	2.4954571927082725e-05	15.29033660888672	15.29033660888672
432	gpt2	433	217	3	calm	obj_rel	unexpected	The managers that the surgeons progress calms	0.0188827557145643	0.0188827557145643	13.792974710464478	13.792974710464478
433	gpt2	434	217	3	calm	obj_rel	expected	The managers that the surgeons progress calm	2.00008159367826e-07	2.00008159367826e-07	22.253437042236328	22.253437042236328
434	gpt2	435	218	3	cancel	obj_rel	unexpected	The managers that the surgeons progress cancels	0.0358274119523969	0.0358274119523969	12.243466973304749	12.243466973304749
435	gpt2	436	218	3	cancel	obj_rel	expected	The managers that the surgeons progress cancel	5.935485773989058e-07	5.935485773989058e-07	20.68412971496582	20.68412971496582
436	gpt2	437	219	3	capitalize	obj_rel	unexpected	The managers that the surgeons progress capitalizes	0.004067655154699393	0.004067655154699393	13.091021299362183	13.091021299362183
437	gpt2	438	219	3	capitalize	obj_rel	expected	The managers that the surgeons progress capitalize	3.563204131751263e-08	3.563204131751263e-08	24.742250442504883	24.742250442504883
438	gpt2	439	220	3	capture	obj_rel	unexpected	The managers that the surgeons progress captures	1.243172231824019e-08	1.243172231824019e-08	26.261398315429688	26.261398315429688
439	gpt2	440	220	3	capture	obj_rel	expected	The managers that the surgeons progress capture	1.7278068753512343e-06	1.7278068753512343e-06	19.14262580871582	19.14262580871582
440	gpt2	441	221	3	cap	obj_rel	unexpected	The managers that the surgeons progress caps	6.501444005380108e-08	6.501444005380108e-08	23.874664306640625	23.874664306640625
441	gpt2	442	221	3	cap	obj_rel	expected	The managers that the surgeons progress cap	1.227771804224176e-06	1.227771804224176e-06	19.63552665710449	19.63552665710449
442	gpt2	443	222	3	careen	obj_rel	unexpected	The managers that the surgeons progress careens	0.00013426810801318536	0.00013426810801318536	13.74938678741455	13.74938678741455
443	gpt2	444	222	3	careen	obj_rel	expected	The managers that the surgeons progress careen	0.00013033781760894383	0.00013033781760894383	14.080991268157959	14.080991268157959
444	gpt2	445	223	3	care	obj_rel	unexpected	The managers that the surgeons progress cares	4.0522226640860026e-07	4.0522226640860026e-07	21.234783172607425	21.234783172607425
445	gpt2	446	223	3	care	obj_rel	expected	The managers that the surgeons progress care	0.0002472065389156	0.0002472065389156	11.981995582580566	11.981995582580566
446	gpt2	447	224	3	caricature	obj_rel	unexpected	The managers that the surgeons progress caricatures	0.0998619013094384	0.0998619013094384	13.49883222579956	13.49883222579956
447	gpt2	448	224	3	caricature	obj_rel	expected	The managers that the surgeons progress caricature	5.4501527735340005e-09	5.4501527735340005e-09	27.4510555267334	27.4510555267334
448	gpt2	449	225	3	carry	obj_rel	unexpected	The managers that the surgeons progress carries	1.0758523103504558e-06	1.0758523103504558e-06	19.82608795166016	19.82608795166016
449	gpt2	450	225	3	carry	obj_rel	expected	The managers that the surgeons progress carry	2.9841428840882145e-05	2.9841428840882145e-05	15.032323837280272	15.032323837280272
450	gpt2	451	226	3	cash	obj_rel	unexpected	The managers that the surgeons progress cashes	0.043949620716972476	0.043949620716972476	12.659523487091066	12.659523487091066
451	gpt2	452	226	3	cash	obj_rel	expected	The managers that the surgeons progress cash	1.9016391661352827e-06	1.9016391661352827e-06	19.00432586669922	19.00432586669922
452	gpt2	453	227	3	cast	obj_rel	unexpected	The managers that the surgeons progress casts	6.681874253899879e-08	6.681874253899879e-08	23.83517265319824	23.83517265319824
453	gpt2	454	227	3	cast	obj_rel	expected	The managers that the surgeons progress cast	3.497569650789956e-06	3.497569650789956e-06	18.125215530395508	18.125215530395508
454	gpt2	455	228	3	catapult	obj_rel	unexpected	The managers that the surgeons progress catapults	0.33106272796293484	0.33106272796293484	9.175510708242655	9.175510708242655
455	gpt2	456	228	3	catapult	obj_rel	expected	The managers that the surgeons progress catapult	2.1687904805389732e-08	2.1687904805389732e-08	25.458534240722656	25.458534240722656
456	gpt2	457	229	3	catch	obj_rel	unexpected	The managers that the surgeons progress catches	1.2193968501605925e-08	1.2193968501605925e-08	26.289257049560547	26.289257049560547
457	gpt2	458	229	3	catch	obj_rel	expected	The managers that the surgeons progress catch	5.060223315922485e-07	5.060223315922485e-07	20.914295196533203	20.914295196533203
458	gpt2	459	230	3	cater	obj_rel	unexpected	The managers that the surgeons progress caters	0.0009927277658192564	0.0009927277658192564	15.266504764556885	15.266504764556885
459	gpt2	460	230	3	cater	obj_rel	expected	The managers that the surgeons progress cater	2.927068862845772e-07	2.927068862845772e-07	21.70404052734375	21.70404052734375
460	gpt2	461	231	3	cause	obj_rel	unexpected	The managers that the surgeons progress causes	1.687885287537938e-06	1.687885287537938e-06	19.17635154724121	19.17635154724121
461	gpt2	462	231	3	cause	obj_rel	expected	The managers that the surgeons progress cause	4.459745832718909e-05	4.459745832718909e-05	14.452678680419922	14.452678680419922
462	gpt2	463	232	3	caution	obj_rel	unexpected	The managers that the surgeons progress cautions	0.18456492478961195	0.18456492478961195	11.078538239002228	11.078538239002228
463	gpt2	464	232	3	caution	obj_rel	expected	The managers that the surgeons progress caution	3.024872796686396e-07	3.024872796686396e-07	21.6566219329834	21.6566219329834
464	gpt2	465	233	3	cease	obj_rel	unexpected	The managers that the surgeons progress ceases	7.015270853116817e-08	7.015270853116817e-08	23.76492500305176	23.76492500305176
465	gpt2	466	233	3	cease	obj_rel	expected	The managers that the surgeons progress cease	2.401833398835152e-07	2.401833398835152e-07	21.98936080932617	21.98936080932617
466	gpt2	467	234	3	cede	obj_rel	unexpected	The managers that the surgeons progress cedes	0.0007443412217753232	0.0007443412217753232	14.233197212219238	14.233197212219238
467	gpt2	468	234	3	cede	obj_rel	expected	The managers that the surgeons progress cede	0.0010799516934411732	0.0010799516934411732	13.964458465576172	13.964458465576172
468	gpt2	469	235	3	celebrate	obj_rel	unexpected	The managers that the surgeons progress celebrates	2.9546181057327203e-09	2.9546181057327203e-09	28.334381103515625	28.334381103515625
469	gpt2	470	235	3	celebrate	obj_rel	expected	The managers that the surgeons progress celebrate	1.0888285117971465e-07	1.0888285117971465e-07	23.130720138549805	23.130720138549805
470	gpt2	471	236	3	cement	obj_rel	unexpected	The managers that the surgeons progress cements	0.0011249151324363733	0.0011249151324363733	13.935009479522705	13.935009479522705
471	gpt2	472	236	3	cement	obj_rel	expected	The managers that the surgeons progress cement	5.299145300341479e-07	5.299145300341479e-07	20.847736358642575	20.847736358642575
472	gpt2	473	237	3	centralize	obj_rel	unexpected	The managers that the surgeons progress centralizes	0.0004992922542044197	0.0004992922542044197	15.146418571472168	15.146418571472168
473	gpt2	474	237	3	centralize	obj_rel	expected	The managers that the surgeons progress centralize	0.007025568315981419	0.007025568315981419	13.238577604293823	13.238577604293823
474	gpt2	475	238	3	certify	obj_rel	unexpected	The managers that the surgeons progress certifies	0.24989577530001839	0.24989577530001839	10.931599795818329	10.931599795818329
475	gpt2	476	238	3	certify	obj_rel	expected	The managers that the surgeons progress certify	4.2196930394311494e-07	4.2196930394311494e-07	21.176359176635746	21.176359176635746
476	gpt2	477	239	3	challenge	obj_rel	unexpected	The managers that the surgeons progress challenges	6.483639367615979e-07	6.483639367615979e-07	20.55669212341309	20.55669212341309
477	gpt2	478	239	3	challenge	obj_rel	expected	The managers that the surgeons progress challenge	5.302987347022281e-07	5.302987347022281e-07	20.8466911315918	20.8466911315918
478	gpt2	479	240	3	change	obj_rel	unexpected	The managers that the surgeons progress changes	5.738035270042019e-06	5.738035270042019e-06	17.411012649536133	17.411012649536133
479	gpt2	480	240	3	change	obj_rel	expected	The managers that the surgeons progress change	1.560771488584578e-05	1.560771488584578e-05	15.967381477355955	15.967381477355955
480	gpt2	481	241	3	channel	obj_rel	unexpected	The managers that the surgeons progress channels	2.342778628872111e-07	2.342778628872111e-07	22.02527618408203	22.02527618408203
481	gpt2	482	241	3	channel	obj_rel	expected	The managers that the surgeons progress channel	3.117846176792227e-07	3.117846176792227e-07	21.612947463989254	21.612947463989254
482	gpt2	483	242	3	characterize	obj_rel	unexpected	The managers that the surgeons progress characterizes	0.006122190989799466	0.006122190989799466	11.822012186050415	11.822012186050415
483	gpt2	484	242	3	characterize	obj_rel	expected	The managers that the surgeons progress characterize	4.443472789716907e-07	4.443472789716907e-07	21.101808547973636	21.101808547973636
484	gpt2	485	243	3	charge	obj_rel	unexpected	The managers that the surgeons progress charges	1.3243411558505611e-06	1.3243411558505611e-06	19.52629280090332	19.52629280090332
485	gpt2	486	243	3	charge	obj_rel	expected	The managers that the surgeons progress charge	9.441025213163812e-06	9.441025213163812e-06	16.692625045776367	16.692625045776367
486	gpt2	487	244	3	chart	obj_rel	unexpected	The managers that the surgeons progress charts	4.818857064492477e-07	4.818857064492477e-07	20.984806060791016	20.984806060791016
487	gpt2	488	244	3	chart	obj_rel	expected	The managers that the surgeons progress chart	1.595207208993088e-06	1.595207208993088e-06	19.2578239440918	19.2578239440918
488	gpt2	489	245	3	chase	obj_rel	unexpected	The managers that the surgeons progress chases	0.003234289909755704	0.003234289909755704	12.981212377548218	12.981212377548218
489	gpt2	490	245	3	chase	obj_rel	expected	The managers that the surgeons progress chase	2.426292269319674e-07	2.426292269319674e-07	21.974742889404297	21.974742889404297
490	gpt2	491	246	3	chat	obj_rel	unexpected	The managers that the surgeons progress chats	2.7963855231405432e-08	2.7963855231405432e-08	25.09186172485352	25.09186172485352
491	gpt2	492	246	3	chat	obj_rel	expected	The managers that the surgeons progress chat	5.601370389740623e-07	5.601370389740623e-07	20.767717361450195	20.767717361450195
492	gpt2	493	247	3	chauffeur	obj_rel	unexpected	The managers that the surgeons progress chauffeurs	0.3489486104441574	0.3489486104441574	9.720933442314466	9.720933442314466
493	gpt2	494	247	3	chauffeur	obj_rel	expected	The managers that the surgeons progress chauffeur	0.4759801081014565	0.4759801081014565	9.025329197446506	9.025329197446506
494	gpt2	495	248	3	cheat	obj_rel	unexpected	The managers that the surgeons progress cheats	0.01043613999112833	0.01043613999112833	13.561471939086916	13.561471939086916
495	gpt2	496	248	3	cheat	obj_rel	expected	The managers that the surgeons progress cheat	1.1889121509511825e-07	1.1889121509511825e-07	23.003854751586918	23.003854751586918
496	gpt2	497	249	3	check	obj_rel	unexpected	The managers that the surgeons progress checks	4.057623300468549e-06	4.057623300468549e-06	17.910934448242188	17.910934448242188
497	gpt2	498	249	3	check	obj_rel	expected	The managers that the surgeons progress check	2.435289206914604e-05	2.435289206914604e-05	15.325547218322754	15.325547218322754
498	gpt2	499	250	3	cheer	obj_rel	unexpected	The managers that the surgeons progress cheers	3.1989127791121064e-08	3.1989127791121064e-08	24.89784240722656	24.89784240722656
499	gpt2	500	250	3	cheer	obj_rel	expected	The managers that the surgeons progress cheer	2.634972815940273e-06	2.634972815940273e-06	18.533781051635746	18.533781051635746
500	gpt2	501	251	3	chew	obj_rel	unexpected	The managers that the surgeons progress chews	0.00996968242301928	0.00996968242301928	13.594456911087038	13.594456911087038
501	gpt2	502	251	3	chew	obj_rel	expected	The managers that the surgeons progress chew	7.95443924062056e-08	7.95443924062056e-08	23.583663940429688	23.583663940429688
502	gpt2	503	252	3	chill	obj_rel	unexpected	The managers that the surgeons progress chills	0.013273831314450004	0.013273831314450004	11.962480783462524	11.962480783462524
503	gpt2	504	252	3	chill	obj_rel	expected	The managers that the surgeons progress chill	2.0041207804410988e-08	2.0041207804410988e-08	25.57245445251465	25.57245445251465
504	gpt2	505	253	3	chisel	obj_rel	unexpected	The managers that the surgeons progress chisels	0.0189044375264681	0.0189044375264681	9.695160547892252	9.695160547892252
505	gpt2	506	253	3	chisel	obj_rel	expected	The managers that the surgeons progress chisel	0.002924838659396254	0.002924838659396254	13.053786277770996	13.053786277770996
506	gpt2	507	254	3	choke	obj_rel	unexpected	The managers that the surgeons progress chokes	0.002879379873206704	0.002879379873206704	13.065090417861938	13.065090417861938
507	gpt2	508	254	3	choke	obj_rel	expected	The managers that the surgeons progress choke	3.2777975889075606e-08	3.2777975889075606e-08	24.86269760131836	24.86269760131836
508	gpt2	509	255	3	choose	obj_rel	unexpected	The managers that the surgeons progress chooses	1.4866519393308408e-07	1.4866519393308408e-07	22.68142890930176	22.68142890930176
509	gpt2	510	255	3	choose	obj_rel	expected	The managers that the surgeons progress choose	7.574510163976811e-06	7.574510163976811e-06	17.01041603088379	17.01041603088379
510	gpt2	511	256	3	chop	obj_rel	unexpected	The managers that the surgeons progress chops	1.4922136415407294e-08	1.4922136415407294e-08	25.997970581054688	25.997970581054688
511	gpt2	512	256	3	chop	obj_rel	expected	The managers that the surgeons progress chop	1.2236051816216786e-07	1.2236051816216786e-07	22.962358474731445	22.962358474731445
512	gpt2	513	257	3	churn	obj_rel	unexpected	The managers that the surgeons progress churns	0.0022179388931639846	0.0022179388931639846	15.619542360305786	15.619542360305786
513	gpt2	514	257	3	churn	obj_rel	expected	The managers that the surgeons progress churn	8.894627256950116e-08	8.894627256950116e-08	23.4224910736084	23.4224910736084
514	gpt2	515	258	3	cinch	obj_rel	unexpected	The managers that the surgeons progress cinches	0.00016529702804742318	0.00016529702804742318	15.321737289428711	15.321737289428711
515	gpt2	516	258	3	cinch	obj_rel	expected	The managers that the surgeons progress cinch	0.006984884898315573	0.006984884898315573	12.617311239242554	12.617311239242554
516	gpt2	517	259	3	circulate	obj_rel	unexpected	The managers that the surgeons progress circulates	0.02693730489170319	0.02693730489170319	12.561049699783325	12.561049699783325
517	gpt2	518	259	3	circulate	obj_rel	expected	The managers that the surgeons progress circulate	5.1065857320509174e-08	5.1065857320509174e-08	24.22306632995605	24.22306632995605
518	gpt2	519	260	3	circumvent	obj_rel	unexpected	The managers that the surgeons progress circumvents	0.23480328969795514	0.23480328969795514	8.53295656045278	8.53295656045278
519	gpt2	520	260	3	circumvent	obj_rel	expected	The managers that the surgeons progress circumvent	7.553784797664775e-08	7.553784797664775e-08	23.658226013183597	23.658226013183597
520	gpt2	521	261	3	cite	obj_rel	unexpected	The managers that the surgeons progress cites	1.192691598816964e-07	1.192691598816964e-07	22.99927520751953	22.99927520751953
521	gpt2	522	261	3	cite	obj_rel	expected	The managers that the surgeons progress cite	3.478223788988544e-06	3.478223788988544e-06	18.13321685791016	18.13321685791016
522	gpt2	523	262	3	claim	obj_rel	unexpected	The managers that the surgeons progress claims	4.54574410468922e-06	4.54574410468922e-06	17.747051239013672	17.747051239013672
523	gpt2	524	262	3	claim	obj_rel	expected	The managers that the surgeons progress claim	3.3661872294032946e-05	3.3661872294032946e-05	14.858525276184082	14.858525276184082
524	gpt2	525	263	3	clamp	obj_rel	unexpected	The managers that the surgeons progress clamps	0.01585890847684365	0.01585890847684365	11.621442317962645	11.621442317962645
525	gpt2	526	263	3	clamp	obj_rel	expected	The managers that the surgeons progress clamp	2.704586599122649e-08	2.704586599122649e-08	25.140016555786133	25.140016555786133
526	gpt2	527	264	3	clarify	obj_rel	unexpected	The managers that the surgeons progress clarifies	0.21555164072961475	0.21555164072961475	12.379148960113525	12.379148960113525
527	gpt2	528	264	3	clarify	obj_rel	expected	The managers that the surgeons progress clarify	1.3094158646254073e-07	1.3094158646254073e-07	22.86457252502441	22.86457252502441
528	gpt2	529	265	3	clash	obj_rel	unexpected	The managers that the surgeons progress clashes	1.5409211684414004e-08	1.5409211684414004e-08	25.951631546020508	25.951631546020508
529	gpt2	530	265	3	clash	obj_rel	expected	The managers that the surgeons progress clash	3.1901389974109406e-08	3.1901389974109406e-08	24.901805877685547	24.901805877685547
530	gpt2	531	266	3	classify	obj_rel	unexpected	The managers that the surgeons progress classifies	0.04071157944645165	0.04071157944645165	10.291608095169067	10.291608095169067
531	gpt2	532	266	3	classify	obj_rel	expected	The managers that the surgeons progress classify	6.537234185088892e-07	6.537234185088892e-07	20.544816970825195	20.544816970825195
532	gpt2	533	267	3	cleanse	obj_rel	unexpected	The managers that the surgeons progress cleanses	0.09992006081570536	0.09992006081570536	12.462345600128174	12.462345600128174
533	gpt2	534	267	3	cleanse	obj_rel	expected	The managers that the surgeons progress cleanse	0.0024415629868598915	0.0024415629868598915	12.223424196243286	12.223424196243286
534	gpt2	535	268	3	clean	obj_rel	unexpected	The managers that the surgeons progress cleans	1.5712240042375925e-07	1.5712240042375925e-07	22.601608276367188	22.601608276367188
535	gpt2	536	268	3	clean	obj_rel	expected	The managers that the surgeons progress clean	8.971514034783468e-06	8.971514034783468e-06	16.766216278076172	16.766216278076172
536	gpt2	537	269	3	clear	obj_rel	unexpected	The managers that the surgeons progress clears	5.833372540564597e-08	5.833372540564597e-08	24.03109359741211	24.03109359741211
537	gpt2	538	269	3	clear	obj_rel	expected	The managers that the surgeons progress clear	2.404255974397529e-05	2.404255974397529e-05	15.344049453735352	15.344049453735352
538	gpt2	539	270	3	climb	obj_rel	unexpected	The managers that the surgeons progress climbs	1.1614419292982349e-07	1.1614419292982349e-07	23.037580490112305	23.037580490112305
539	gpt2	540	270	3	climb	obj_rel	expected	The managers that the surgeons progress climb	3.6658689168689303e-06	3.6658689168689303e-06	18.05741310119629	18.05741310119629
540	gpt2	541	271	3	cling	obj_rel	unexpected	The managers that the surgeons progress clings	0.0031587421564154	0.0031587421564154	12.785668373107908	12.785668373107908
541	gpt2	542	271	3	cling	obj_rel	expected	The managers that the surgeons progress cling	3.660124150428601e-07	3.660124150428601e-07	21.3816032409668	21.3816032409668
542	gpt2	543	272	3	clip	obj_rel	unexpected	The managers that the surgeons progress clips	4.9113676681145086e-08	4.9113676681145086e-08	24.279300689697266	24.279300689697266
543	gpt2	544	272	3	clip	obj_rel	expected	The managers that the surgeons progress clip	6.699843169144516e-08	6.699843169144516e-08	23.831296920776367	23.831296920776367
544	gpt2	545	273	3	clobber	obj_rel	unexpected	The managers that the surgeons progress clobbers	0.022298053723185735	0.022298053723185735	9.510257403055826	9.510257403055826
545	gpt2	546	273	3	clobber	obj_rel	expected	The managers that the surgeons progress clobber	0.18593815423211404	0.18593815423211404	7.846333146095275	7.846333146095275
546	gpt2	547	274	3	close	obj_rel	unexpected	The managers that the surgeons progress closes	1.023749689466058e-07	1.023749689466058e-07	23.219633102416992	23.219633102416992
547	gpt2	548	274	3	close	obj_rel	expected	The managers that the surgeons progress close	5.485999645316042e-05	5.485999645316042e-05	14.153885841369627	14.153885841369627
548	gpt2	549	275	3	cloud	obj_rel	unexpected	The managers that the surgeons progress clouds	3.8307888416966314e-08	3.8307888416966314e-08	24.63778305053711	24.63778305053711
549	gpt2	550	275	3	cloud	obj_rel	expected	The managers that the surgeons progress cloud	8.114854921359439e-08	8.114854921359439e-08	23.554859161376957	23.554859161376957
550	gpt2	551	276	3	clutter	obj_rel	unexpected	The managers that the surgeons progress clutters	0.00030214351360412624	0.00030214351360412624	18.1477952003479	18.1477952003479
551	gpt2	552	276	3	clutter	obj_rel	expected	The managers that the surgeons progress clutter	9.346516449681984e-09	9.346516449681984e-09	26.672924041748047	26.672924041748047
552	gpt2	553	277	3	coach	obj_rel	unexpected	The managers that the surgeons progress coaches	4.151452799305844e-07	4.151452799305844e-07	21.199880599975582	21.199880599975582
553	gpt2	554	277	3	coach	obj_rel	expected	The managers that the surgeons progress coach	8.659965260449098e-07	8.659965260449098e-07	20.139135360717773	20.139135360717773
554	gpt2	555	278	3	coax	obj_rel	unexpected	The managers that the surgeons progress coaxes	0.004199692411567909	0.004199692411567909	14.50406551361084	14.50406551361084
555	gpt2	556	278	3	coax	obj_rel	expected	The managers that the surgeons progress coax	2.205189986170808e-07	2.205189986170808e-07	22.112592697143555	22.112592697143555
556	gpt2	557	279	3	code	obj_rel	unexpected	The managers that the surgeons progress codes	3.346543167026539e-07	3.346543167026539e-07	21.51082420349121	21.51082420349121
557	gpt2	558	279	3	code	obj_rel	expected	The managers that the surgeons progress code	4.130461547902087e-06	4.130461547902087e-06	17.885265350341797	17.885265350341797
558	gpt2	559	280	3	co-exist	obj_rel	unexpected	The managers that the surgeons progress co-exists	0.241101145139055	0.241101145139055	8.979885637760162	8.979885637760162
559	gpt2	560	280	3	co-exist	obj_rel	expected	The managers that the surgeons progress co-exist	0.241101145139055	0.241101145139055	8.979885637760162	8.979885637760162
560	gpt2	561	281	3	cohere	obj_rel	unexpected	The managers that the surgeons progress coheres	0.0003017049516528964	0.0003017049516528964	13.81080675125122	13.81080675125122
561	gpt2	562	281	3	cohere	obj_rel	expected	The managers that the surgeons progress cohere	0.003005527984441846	0.003005527984441846	12.14378833770752	12.14378833770752
562	gpt2	563	282	3	co-host	obj_rel	unexpected	The managers that the surgeons progress co-hosts	0.241101145139055	0.241101145139055	8.979885637760162	8.979885637760162
563	gpt2	564	282	3	co-host	obj_rel	expected	The managers that the surgeons progress co-host	0.241101145139055	0.241101145139055	8.979885637760162	8.979885637760162
564	gpt2	565	283	3	coincide	obj_rel	unexpected	The managers that the surgeons progress coincides	3.639085832674027e-08	3.639085832674027e-08	24.711849212646484	24.711849212646484
565	gpt2	566	283	3	coincide	obj_rel	expected	The managers that the surgeons progress coincide	1.439462096186617e-07	1.439462096186617e-07	22.72796630859375	22.72796630859375
566	gpt2	567	284	3	collaborate	obj_rel	unexpected	The managers that the surgeons progress collaborates	7.509629631382921e-05	7.509629631382921e-05	15.819161415100096	15.819161415100096
567	gpt2	568	284	3	collaborate	obj_rel	expected	The managers that the surgeons progress collaborate	2.658039761627151e-07	2.658039761627151e-07	21.8431339263916	21.8431339263916
568	gpt2	569	285	3	collapse	obj_rel	unexpected	The managers that the surgeons progress collapses	2.593426096098028e-08	2.593426096098028e-08	25.20056533813477	25.20056533813477
569	gpt2	570	285	3	collapse	obj_rel	expected	The managers that the surgeons progress collapse	2.826059812832682e-07	2.826059812832682e-07	21.75470542907715	21.75470542907715
570	gpt2	571	286	3	collect	obj_rel	unexpected	The managers that the surgeons progress collects	9.374479503776457e-08	9.374479503776457e-08	23.3466854095459	23.3466854095459
571	gpt2	572	286	3	collect	obj_rel	expected	The managers that the surgeons progress collect	7.951050065457821e-06	7.951050065457821e-06	16.9404239654541	16.9404239654541
572	gpt2	573	287	3	combat	obj_rel	unexpected	The managers that the surgeons progress combats	0.001607440854485244	0.001607440854485244	14.235652446746826	14.235652446746826
573	gpt2	574	287	3	combat	obj_rel	expected	The managers that the surgeons progress combat	9.306363608629908e-06	9.306363608629908e-06	16.713350296020508	16.713350296020508
574	gpt2	575	288	3	combine	obj_rel	unexpected	The managers that the surgeons progress combines	1.7014276920690466e-07	1.7014276920690466e-07	22.486751556396484	22.486751556396484
575	gpt2	576	288	3	combine	obj_rel	expected	The managers that the surgeons progress combine	4.230606919009006e-06	4.230606919009006e-06	17.850704193115234	17.850704193115234
576	gpt2	577	289	3	come	obj_rel	unexpected	The managers that the surgeons progress comes	1.1214745427423622e-05	1.1214745427423622e-05	16.444244384765625	16.444244384765625
577	gpt2	578	289	3	come	obj_rel	expected	The managers that the surgeons progress come	8.04167939350009e-05	8.04167939350009e-05	13.602143287658691	13.602143287658691
578	gpt2	579	290	3	command	obj_rel	unexpected	The managers that the surgeons progress commands	5.953516847512219e-06	5.953516847512219e-06	17.357826232910156	17.357826232910156
579	gpt2	580	290	3	command	obj_rel	expected	The managers that the surgeons progress command	1.1731362064892892e-05	1.1731362064892892e-05	16.379270553588867	16.379270553588867
580	gpt2	581	291	3	commemorate	obj_rel	unexpected	The managers that the surgeons progress commemorates	0.02326429280847096	0.02326429280847096	15.195565223693848	15.195565223693848
581	gpt2	582	291	3	commemorate	obj_rel	expected	The managers that the surgeons progress commemorate	3.4632858358918384e-08	3.4632858358918384e-08	24.783283233642575	24.783283233642575
582	gpt2	583	292	3	commend	obj_rel	unexpected	The managers that the surgeons progress commends	0.006532977324013675	0.006532977324013675	12.529006958007812	12.529006958007812
583	gpt2	584	292	3	commend	obj_rel	expected	The managers that the surgeons progress commend	4.644407738396694e-07	4.644407738396694e-07	21.03800201416016	21.03800201416016
584	gpt2	585	293	3	comment	obj_rel	unexpected	The managers that the surgeons progress comments	4.7438578576475276e-07	4.7438578576475276e-07	21.007436752319336	21.007436752319336
585	gpt2	586	293	3	comment	obj_rel	expected	The managers that the surgeons progress comment	8.399227908739704e-07	8.399227908739704e-07	20.18324089050293	20.18324089050293
586	gpt2	587	294	3	commercialize	obj_rel	unexpected	The managers that the surgeons progress commercializes	0.0010651089552026923	0.0010651089552026923	14.706807613372803	14.706807613372803
587	gpt2	588	294	3	commercialize	obj_rel	expected	The managers that the surgeons progress commercialize	0.03906252284750164	0.03906252284750164	12.108235239982605	12.108235239982605
588	gpt2	589	295	4	commit	obj_rel	unexpected	The pilots that the pilots replace commits	7.164917974478158e-07	7.164917974478158e-07	20.412546157836918	20.412546157836918
589	gpt2	590	295	4	commit	obj_rel	expected	The pilots that the pilots replace commit	1.290464660996804e-05	1.290464660996804e-05	16.241750717163086	16.241750717163086
590	gpt2	591	296	4	communicate	obj_rel	unexpected	The pilots that the pilots replace communicates	3.336193401537457e-07	3.336193401537457e-07	21.51529312133789	21.51529312133789
591	gpt2	592	296	4	communicate	obj_rel	expected	The pilots that the pilots replace communicate	1.2028361197735649e-05	1.2028361197735649e-05	16.34320068359375	16.34320068359375
592	gpt2	593	297	4	compare	obj_rel	unexpected	The pilots that the pilots replace compares	3.4899844081337505e-07	3.4899844081337505e-07	21.450275421142575	21.450275421142575
593	gpt2	594	297	4	compare	obj_rel	expected	The pilots that the pilots replace compare	7.193979399744421e-06	7.193979399744421e-06	17.08477783203125	17.08477783203125
594	gpt2	595	298	4	compel	obj_rel	unexpected	The pilots that the pilots replace compels	0.001044550781898563	0.001044550781898563	13.852226257324219	13.852226257324219
595	gpt2	596	298	4	compel	obj_rel	expected	The pilots that the pilots replace compel	8.609925572500289e-08	8.609925572500289e-08	23.469423294067383	23.469423294067383
596	gpt2	597	299	4	compensate	obj_rel	unexpected	The pilots that the pilots replace compensates	0.35866672947661016	0.35866672947661016	10.797355070710182	10.797355070710182
597	gpt2	598	299	4	compensate	obj_rel	expected	The pilots that the pilots replace compensate	6.286248208198231e-06	6.286248208198231e-06	17.279369354248047	17.279369354248047
598	gpt2	599	300	4	compete	obj_rel	unexpected	The pilots that the pilots replace competes	0.3268102467728795	0.3268102467728795	9.4676733314991	9.4676733314991
599	gpt2	600	300	4	compete	obj_rel	expected	The pilots that the pilots replace compete	1.7246797142433934e-05	1.7246797142433934e-05	15.823311805725098	15.823311805725098
600	gpt2	601	301	4	compile	obj_rel	unexpected	The pilots that the pilots replace compiles	0.005616669763639913	0.005616669763639913	12.63819408416748	12.63819408416748
601	gpt2	602	301	4	compile	obj_rel	expected	The pilots that the pilots replace compile	3.142587274851394e-07	3.142587274851394e-07	21.601543426513672	21.601543426513672
602	gpt2	603	302	4	complain	obj_rel	unexpected	The pilots that the pilots replace complains	9.82471306087973e-07	9.82471306087973e-07	19.957080841064453	19.957080841064453
603	gpt2	604	302	4	complain	obj_rel	expected	The pilots that the pilots replace complain	5.741694621974602e-05	5.741694621974602e-05	14.088163375854492	14.088163375854492
604	gpt2	605	303	4	complement	obj_rel	unexpected	The pilots that the pilots replace complements	0.11664832436792948	0.11664832436792948	10.888275265693666	10.888275265693666
605	gpt2	606	303	4	complement	obj_rel	expected	The pilots that the pilots replace complement	1.8336224911763568e-06	1.8336224911763568e-06	19.05687141418457	19.05687141418457
606	gpt2	607	304	4	complete	obj_rel	unexpected	The pilots that the pilots replace completes	4.55356911288618e-07	4.55356911288618e-07	21.066499710083008	21.066499710083008
607	gpt2	608	304	4	complete	obj_rel	expected	The pilots that the pilots replace complete	3.58870456693694e-05	3.58870456693694e-05	14.7661771774292	14.7661771774292
608	gpt2	609	305	4	complicate	obj_rel	unexpected	The pilots that the pilots replace complicates	0.05295191234637286	0.05295191234637286	11.535951018333435	11.535951018333435
609	gpt2	610	305	4	complicate	obj_rel	expected	The pilots that the pilots replace complicate	4.430913520536706e-07	4.430913520536706e-07	21.105892181396484	21.105892181396484
610	gpt2	611	306	4	comply	obj_rel	unexpected	The pilots that the pilots replace complies	0.3222285797326663	0.3222285797326663	10.233280032873154	10.233280032873154
611	gpt2	612	306	4	comply	obj_rel	expected	The pilots that the pilots replace comply	1.6326697732438333e-05	1.6326697732438333e-05	15.9024076461792	15.9024076461792
612	gpt2	613	307	4	compound	obj_rel	unexpected	The pilots that the pilots replace compounds	1.6329296670392068e-07	1.6329296670392068e-07	22.54603385925293	22.54603385925293
613	gpt2	614	307	4	compound	obj_rel	expected	The pilots that the pilots replace compound	3.0731638389625004e-07	3.0731638389625004e-07	21.633771896362305	21.633771896362305
614	gpt2	615	308	4	comprise	obj_rel	unexpected	The pilots that the pilots replace comprises	1.7505360574432416e-06	1.7505360574432416e-06	19.12377166748047	19.12377166748047
615	gpt2	616	308	4	comprise	obj_rel	expected	The pilots that the pilots replace comprise	4.457398608792573e-05	4.457398608792573e-05	14.453438758850098	14.453438758850098
616	gpt2	617	309	4	compromise	obj_rel	unexpected	The pilots that the pilots replace compromises	1.903524271540391e-08	1.903524271540391e-08	25.646751403808597	25.646751403808597
617	gpt2	618	309	4	compromise	obj_rel	expected	The pilots that the pilots replace compromise	8.57825668276746e-08	8.57825668276746e-08	23.474740982055664	23.474740982055664
618	gpt2	619	310	4	computerize	obj_rel	unexpected	The pilots that the pilots replace computerizes	0.00019473716076841082	0.00019473716076841082	14.749175071716309	14.749175071716309
619	gpt2	620	310	4	computerize	obj_rel	expected	The pilots that the pilots replace computerize	0.002185191912417361	0.002185191912417361	12.999305248260498	12.999305248260498
620	gpt2	621	311	4	compute	obj_rel	unexpected	The pilots that the pilots replace computes	0.002265220030039913	0.002265220030039913	13.293434143066406	13.293434143066406
621	gpt2	622	311	4	compute	obj_rel	expected	The pilots that the pilots replace compute	6.836708053015172e-07	6.836708053015172e-07	20.480194091796875	20.480194091796875
622	gpt2	623	312	4	conceal	obj_rel	unexpected	The pilots that the pilots replace conceals	0.014096546931604332	0.014096546931604332	14.328101634979248	14.328101634979248
623	gpt2	624	312	4	conceal	obj_rel	expected	The pilots that the pilots replace conceal	4.1354570612384123e-07	4.1354570612384123e-07	21.2054500579834	21.2054500579834
624	gpt2	625	313	4	concede	obj_rel	unexpected	The pilots that the pilots replace concedes	1.06351656370407e-07	1.06351656370407e-07	23.16465377807617	23.16465377807617
625	gpt2	626	313	4	concede	obj_rel	expected	The pilots that the pilots replace concede	7.287138714673347e-07	7.287138714673347e-07	20.38814353942871	20.38814353942871
626	gpt2	627	314	4	conceive	obj_rel	unexpected	The pilots that the pilots replace conceives	0.0005077573721692317	0.0005077573721692317	16.725688457489014	16.725688457489014
627	gpt2	628	314	4	conceive	obj_rel	expected	The pilots that the pilots replace conceive	6.249304647099052e-07	6.249304647099052e-07	20.60980033874512	20.60980033874512
628	gpt2	629	315	4	concentrate	obj_rel	unexpected	The pilots that the pilots replace concentrates	0.34842107144417156	0.34842107144417156	11.7086683511734	11.7086683511734
629	gpt2	630	315	4	concentrate	obj_rel	expected	The pilots that the pilots replace concentrate	1.7462807591073215e-06	1.7462807591073215e-06	19.12728309631348	19.12728309631348
630	gpt2	631	316	4	concern	obj_rel	unexpected	The pilots that the pilots replace concerns	1.0505615364309051e-06	1.0505615364309051e-06	19.860408782958984	19.860408782958984
631	gpt2	632	316	4	concern	obj_rel	expected	The pilots that the pilots replace concern	8.246805009548552e-06	8.246805009548552e-06	16.887733459472656	16.887733459472656
632	gpt2	633	317	4	conclude	obj_rel	unexpected	The pilots that the pilots replace concludes	2.833940584423545e-07	2.833940584423545e-07	21.75068664550781	21.75068664550781
633	gpt2	634	317	4	conclude	obj_rel	expected	The pilots that the pilots replace conclude	9.447076990909409e-06	9.447076990909409e-06	16.691699981689453	16.691699981689453
634	gpt2	635	318	4	condemn	obj_rel	unexpected	The pilots that the pilots replace condemns	2.101181983960032e-08	2.101181983960032e-08	25.504222869873047	25.504222869873047
635	gpt2	636	318	4	condemn	obj_rel	expected	The pilots that the pilots replace condemn	2.1588617471479665e-07	2.1588617471479665e-07	22.14322662353516	22.14322662353516
636	gpt2	637	319	4	condone	obj_rel	unexpected	The pilots that the pilots replace condones	0.00046516651420343736	0.00046516651420343736	16.235230445861816	16.235230445861816
637	gpt2	638	319	4	condone	obj_rel	expected	The pilots that the pilots replace condone	1.7461933055074041e-07	1.7461933055074041e-07	22.44928359985352	22.44928359985352
638	gpt2	639	320	4	conduct	obj_rel	unexpected	The pilots that the pilots replace conducts	3.162164716741245e-07	3.162164716741245e-07	21.59258460998535	21.59258460998535
639	gpt2	640	320	4	conduct	obj_rel	expected	The pilots that the pilots replace conduct	4.400544639793225e-06	4.400544639793225e-06	17.793886184692383	17.793886184692383
640	gpt2	641	321	4	confer	obj_rel	unexpected	The pilots that the pilots replace confers	0.004862829947626309	0.004862829947626309	13.096770286560059	13.096770286560059
641	gpt2	642	321	4	confer	obj_rel	expected	The pilots that the pilots replace confer	5.720177114199032e-07	5.720177114199032e-07	20.737436294555664	20.737436294555664
642	gpt2	643	322	4	confirm	obj_rel	unexpected	The pilots that the pilots replace confirms	1.43399859098281e-06	1.43399859098281e-06	19.41152572631836	19.41152572631836
643	gpt2	644	322	4	confirm	obj_rel	expected	The pilots that the pilots replace confirm	1.291962053073803e-05	1.291962053073803e-05	16.240076065063477	16.240076065063477
644	gpt2	645	323	4	confiscate	obj_rel	unexpected	The pilots that the pilots replace confiscates	0.004906252253924448	0.004906252253924448	14.903569221496582	14.903569221496582
645	gpt2	646	323	4	confiscate	obj_rel	expected	The pilots that the pilots replace confiscate	0.41858025849250424	0.41858025849250424	11.696191787719727	11.696191787719727
646	gpt2	647	324	4	conform	obj_rel	unexpected	The pilots that the pilots replace conforms	0.021648827052899805	0.021648827052899805	11.49184274673462	11.49184274673462
647	gpt2	648	324	4	conform	obj_rel	expected	The pilots that the pilots replace conform	2.7847424917126773e-06	2.7847424917126773e-06	18.454025268554688	18.454025268554688
648	gpt2	649	325	4	confront	obj_rel	unexpected	The pilots that the pilots replace confronts	2.702824417610828e-07	2.702824417610828e-07	21.81902885437012	21.81902885437012
649	gpt2	650	325	4	confront	obj_rel	expected	The pilots that the pilots replace confront	3.984397153544705e-06	3.984397153544705e-06	17.937206268310547	17.937206268310547
650	gpt2	651	326	4	confuse	obj_rel	unexpected	The pilots that the pilots replace confuses	0.00841070748657556	0.00841070748657556	12.701512813568115	12.701512813568115
651	gpt2	652	326	4	confuse	obj_rel	expected	The pilots that the pilots replace confuse	3.355787612235872e-06	3.355787612235872e-06	18.18491744995117	18.18491744995117
652	gpt2	653	327	4	congratulate	obj_rel	unexpected	The pilots that the pilots replace congratulates	0.03911199337874644	0.03911199337874644	13.185222268104553	13.185222268104553
653	gpt2	654	327	4	congratulate	obj_rel	expected	The pilots that the pilots replace congratulate	1.23584459288395e-06	1.23584459288395e-06	19.62607192993164	19.62607192993164
654	gpt2	655	328	4	connect	obj_rel	unexpected	The pilots that the pilots replace connects	1.530850539666062e-07	1.530850539666062e-07	22.639163970947266	22.639163970947266
655	gpt2	656	328	4	connect	obj_rel	expected	The pilots that the pilots replace connect	4.450616870599333e-06	4.450616870599333e-06	17.777563095092773	17.777563095092773
656	gpt2	657	329	4	connote	obj_rel	unexpected	The pilots that the pilots replace connotes	0.0001985399175054912	0.0001985399175054912	14.999397277832033	14.999397277832033
657	gpt2	658	329	4	connote	obj_rel	expected	The pilots that the pilots replace connote	0.0022678990243320913	0.0022678990243320913	13.238542556762697	13.238542556762697
658	gpt2	659	330	4	conquer	obj_rel	unexpected	The pilots that the pilots replace conquers	0.2242950476748424	0.2242950476748424	13.195256233215332	13.195256233215332
659	gpt2	660	330	4	conquer	obj_rel	expected	The pilots that the pilots replace conquer	1.5287379540041004e-07	1.5287379540041004e-07	22.64115524291992	22.64115524291992
660	gpt2	661	331	4	consent	obj_rel	unexpected	The pilots that the pilots replace consents	0.0008495572629953704	0.0008495572629953704	13.99145793914795	13.99145793914795
661	gpt2	662	331	4	consent	obj_rel	expected	The pilots that the pilots replace consent	3.970572493017244e-07	3.970572493017244e-07	21.264148712158203	21.264148712158203
662	gpt2	663	332	4	conserve	obj_rel	unexpected	The pilots that the pilots replace conserves	0.019518705658128927	0.019518705658128927	12.758022546768188	12.758022546768188
663	gpt2	664	332	4	conserve	obj_rel	expected	The pilots that the pilots replace conserve	3.134733219667396e-07	3.134733219667396e-07	21.605154037475582	21.605154037475582
664	gpt2	665	333	4	consider	obj_rel	unexpected	The pilots that the pilots replace considers	9.307956361226388e-07	9.307956361226388e-07	20.035032272338867	20.035032272338867
665	gpt2	666	333	4	consider	obj_rel	expected	The pilots that the pilots replace consider	2.1860791093786247e-05	2.1860791093786247e-05	15.481294631958008	15.481294631958008
666	gpt2	667	334	4	consist	obj_rel	unexpected	The pilots that the pilots replace consists	6.53968527331017e-05	6.53968527331017e-05	13.900419235229492	13.900419235229492
667	gpt2	668	334	4	consist	obj_rel	expected	The pilots that the pilots replace consist	0.0003010223736055	0.0003010223736055	11.69784164428711	11.69784164428711
668	gpt2	669	335	4	console	obj_rel	unexpected	The pilots that the pilots replace consoles	3.692153143219912e-07	3.692153143219912e-07	21.36903381347656	21.36903381347656
669	gpt2	670	335	4	console	obj_rel	expected	The pilots that the pilots replace console	9.052882887772284e-07	9.052882887772284e-07	20.075119018554688	20.075119018554688
670	gpt2	671	336	4	consolidate	obj_rel	unexpected	The pilots that the pilots replace consolidates	0.08260076709591856	0.08260076709591856	13.700965523719788	13.700965523719788
671	gpt2	672	336	4	consolidate	obj_rel	expected	The pilots that the pilots replace consolidate	1.1724728921080897e-07	1.1724728921080897e-07	23.02394294738769	23.02394294738769
672	gpt2	673	337	4	constitute	obj_rel	unexpected	The pilots that the pilots replace constitutes	3.927279124127381e-07	3.927279124127381e-07	21.27996635437012	21.27996635437012
673	gpt2	674	337	4	constitute	obj_rel	expected	The pilots that the pilots replace constitute	1.5458632333320566e-05	1.5458632333320566e-05	15.98122787475586	15.98122787475586
674	gpt2	675	338	4	constrain	obj_rel	unexpected	The pilots that the pilots replace constrains	0.32217017435656686	0.32217017435656686	8.797178640961647	8.797178640961647
675	gpt2	676	338	4	constrain	obj_rel	expected	The pilots that the pilots replace constrain	0.023004678057532132	0.023004678057532132	12.628589630126953	12.628589630126953
676	gpt2	677	339	4	construct	obj_rel	unexpected	The pilots that the pilots replace constructs	2.4303945522774484e-08	2.4303945522774484e-08	25.294233322143555	25.294233322143555
677	gpt2	678	339	4	construct	obj_rel	expected	The pilots that the pilots replace construct	1.845031192715396e-06	1.845031192715396e-06	19.047924041748047	19.047924041748047
678	gpt2	679	340	4	construe	obj_rel	unexpected	The pilots that the pilots replace construes	0.09526395765321162	0.09526395765321162	9.745947162310282	9.745947162310282
679	gpt2	680	340	4	construe	obj_rel	expected	The pilots that the pilots replace construe	0.012396685758631032	0.012396685758631032	13.074583292007446	13.074583292007446
680	gpt2	681	341	4	consult	obj_rel	unexpected	The pilots that the pilots replace consults	0.020778437921052263	0.020778437921052263	12.50599718093872	12.50599718093872
681	gpt2	682	341	4	consult	obj_rel	expected	The pilots that the pilots replace consult	7.112197977221513e-07	7.112197977221513e-07	20.423200607299805	20.423200607299805
682	gpt2	683	342	4	consume	obj_rel	unexpected	The pilots that the pilots replace consumes	6.061240469534823e-07	6.061240469534823e-07	20.65388298034668	20.65388298034668
683	gpt2	684	342	4	consume	obj_rel	expected	The pilots that the pilots replace consume	7.1463869062426966e-06	7.1463869062426966e-06	17.0943546295166	17.0943546295166
684	gpt2	685	343	4	contact	obj_rel	unexpected	The pilots that the pilots replace contacts	6.894640591781354e-07	6.894640591781354e-07	20.468021392822266	20.468021392822266
685	gpt2	686	343	4	contact	obj_rel	expected	The pilots that the pilots replace contact	4.75143278890755e-05	4.75143278890755e-05	14.36127758026123	14.36127758026123
686	gpt2	687	344	4	contain	obj_rel	unexpected	The pilots that the pilots replace contains	1.700689608696848e-05	1.700689608696848e-05	15.843520164489746	15.843520164489746
687	gpt2	688	344	4	contain	obj_rel	expected	The pilots that the pilots replace contain	0.0001657679385971	0.0001657679385971	12.558547019958496	12.558547019958496
688	gpt2	689	345	4	contemplate	obj_rel	unexpected	The pilots that the pilots replace contemplates	0.31274655214484426	0.31274655214484426	11.35356017947197	11.35356017947197
689	gpt2	690	345	4	contemplate	obj_rel	expected	The pilots that the pilots replace contemplate	3.528672607444605e-07	3.528672607444605e-07	21.434371948242188	21.434371948242188
690	gpt2	691	346	4	contemporize	obj_rel	unexpected	The pilots that the pilots replace contemporizes	3.242711549944488e-06	3.242711549944488e-06	20.133727073669434	20.133727073669434
691	gpt2	692	346	4	contemporize	obj_rel	expected	The pilots that the pilots replace contemporize	4.7226058136118354e-05	4.7226058136118354e-05	18.18915605545044	18.18915605545044
692	gpt2	693	347	4	contend	obj_rel	unexpected	The pilots that the pilots replace contends	2.543896471252083e-07	2.543896471252083e-07	21.906455993652344	21.906455993652344
693	gpt2	694	347	4	contend	obj_rel	expected	The pilots that the pilots replace contend	5.874333055544412e-06	5.874333055544412e-06	17.37714385986328	17.37714385986328
694	gpt2	695	348	4	content	obj_rel	unexpected	The pilots that the pilots replace contents	1.1709174430052373e-07	1.1709174430052373e-07	23.02585792541504	23.02585792541504
695	gpt2	696	348	4	content	obj_rel	expected	The pilots that the pilots replace content	2.3936302113725105e-06	2.3936302113725105e-06	18.6723690032959	18.6723690032959
696	gpt2	697	349	4	continue	obj_rel	unexpected	The pilots that the pilots replace continues	6.7457549448590726e-06	6.7457549448590726e-06	17.177589416503906	17.177589416503906
697	gpt2	698	349	4	continue	obj_rel	expected	The pilots that the pilots replace continue	0.000234656559769	0.000234656559769	12.057161331176758	12.057161331176758
698	gpt2	699	350	4	contract	obj_rel	unexpected	The pilots that the pilots replace contracts	8.857661669026129e-06	8.857661669026129e-06	16.784643173217773	16.784643173217773
699	gpt2	700	350	4	contract	obj_rel	expected	The pilots that the pilots replace contract	2.784563366731163e-05	2.784563366731163e-05	15.132189750671388	15.132189750671388
700	gpt2	701	351	4	contrast	obj_rel	unexpected	The pilots that the pilots replace contrasts	6.222180548576261e-09	6.222180548576261e-09	27.25993156433105	27.25993156433105
701	gpt2	702	351	4	contrast	obj_rel	expected	The pilots that the pilots replace contrast	3.5016930155507e-07	3.5016930155507e-07	21.445444107055664	21.445444107055664
702	gpt2	703	352	4	contribute	obj_rel	unexpected	The pilots that the pilots replace contributes	4.512552322921693e-07	4.512552322921693e-07	21.079553604125977	21.079553604125977
703	gpt2	704	352	4	contribute	obj_rel	expected	The pilots that the pilots replace contribute	1.1213120160391554e-05	1.1213120160391554e-05	16.4444522857666	16.4444522857666
704	gpt2	705	353	4	control	obj_rel	unexpected	The pilots that the pilots replace controls	4.848971457249718e-06	4.848971457249718e-06	17.65389060974121	17.65389060974121
705	gpt2	706	353	4	control	obj_rel	expected	The pilots that the pilots replace control	6.256275810301304e-05	6.256275810301304e-05	13.964336395263672	13.964336395263672
706	gpt2	707	354	4	con	obj_rel	unexpected	The pilots that the pilots replace cons	2.221511977040791e-06	2.221511977040791e-06	18.780027389526367	18.780027389526367
707	gpt2	708	354	4	con	obj_rel	expected	The pilots that the pilots replace con	2.361433644182398e-06	2.361433644182398e-06	18.6919059753418	18.6919059753418
708	gpt2	709	355	4	convene	obj_rel	unexpected	The pilots that the pilots replace convenes	0.027893816379005863	0.027893816379005863	12.624687671661377	12.624687671661377
709	gpt2	710	355	4	convene	obj_rel	expected	The pilots that the pilots replace convene	0.332700030204947	0.332700030204947	10.836580038070679	10.836580038070679
710	gpt2	711	356	4	convert	obj_rel	unexpected	The pilots that the pilots replace converts	7.208727765828371e-07	7.208727765828371e-07	20.403751373291016	20.403751373291016
711	gpt2	712	356	4	convert	obj_rel	expected	The pilots that the pilots replace convert	3.834623385046143e-06	3.834623385046143e-06	17.992483139038086	17.992483139038086
712	gpt2	713	357	4	convey	obj_rel	unexpected	The pilots that the pilots replace conveys	0.25974945212375644	0.25974945212375644	11.605005741119385	11.605005741119385
713	gpt2	714	357	4	convey	obj_rel	expected	The pilots that the pilots replace convey	4.878657819062937e-06	4.878657819062937e-06	17.645084381103516	17.645084381103516
714	gpt2	715	358	4	convict	obj_rel	unexpected	The pilots that the pilots replace convicts	0.04045282977651251	0.04045282977651251	12.191677570343018	12.191677570343018
715	gpt2	716	358	4	convict	obj_rel	expected	The pilots that the pilots replace convict	7.792794320948816e-08	7.792794320948816e-08	23.613283157348636	23.613283157348636
716	gpt2	717	359	4	convince	obj_rel	unexpected	The pilots that the pilots replace convinces	0.4867093302462848	0.4867093302462848	11.934141064062715	11.934141064062715
717	gpt2	718	359	4	convince	obj_rel	expected	The pilots that the pilots replace convince	1.0757620430013048e-06	1.0757620430013048e-06	19.826210021972656	19.826210021972656
718	gpt2	719	360	4	cook	obj_rel	unexpected	The pilots that the pilots replace cooks	5.024139682063833e-07	5.024139682063833e-07	20.924619674682617	20.924619674682617
719	gpt2	720	360	4	cook	obj_rel	expected	The pilots that the pilots replace cook	3.0424760097957915e-06	3.0424760097957915e-06	18.326322555541992	18.326322555541992
720	gpt2	721	361	4	cool	obj_rel	unexpected	The pilots that the pilots replace cools	0.005263622316988387	0.005263622316988387	12.807945728302004	12.807945728302004
721	gpt2	722	361	4	cool	obj_rel	expected	The pilots that the pilots replace cool	1.847608928073896e-06	1.847608928073896e-06	19.0459098815918	19.0459098815918
722	gpt2	723	362	4	cooperate	obj_rel	unexpected	The pilots that the pilots replace cooperates	0.01620089497947672	0.01620089497947672	12.680438756942749	12.680438756942749
723	gpt2	724	362	4	cooperate	obj_rel	expected	The pilots that the pilots replace cooperate	4.413638805544906e-07	4.413638805544906e-07	21.111528396606445	21.111528396606445
724	gpt2	725	363	4	coordinate	obj_rel	unexpected	The pilots that the pilots replace coordinates	1.585191284902976e-07	1.585191284902976e-07	22.58884048461914	22.58884048461914
725	gpt2	726	363	4	coordinate	obj_rel	expected	The pilots that the pilots replace coordinate	9.383965675624496e-07	9.383965675624496e-07	20.023298263549805	20.023298263549805
726	gpt2	727	364	4	cope	obj_rel	unexpected	The pilots that the pilots replace copes	0.0024735813676670434	0.0024735813676670434	12.738321781158447	12.738321781158447
727	gpt2	728	364	4	cope	obj_rel	expected	The pilots that the pilots replace cope	8.17604075109557e-07	8.17604075109557e-07	20.22209358215332	20.22209358215332
728	gpt2	729	365	4	co-produce	obj_rel	unexpected	The pilots that the pilots replace co-produces	0.40564570739161354	0.40564570739161354	8.23980464041233	8.23980464041233
729	gpt2	730	365	4	co-produce	obj_rel	expected	The pilots that the pilots replace co-produce	0.40564570739161354	0.40564570739161354	8.23980464041233	8.23980464041233
730	gpt2	731	366	4	copy	obj_rel	unexpected	The pilots that the pilots replace copies	1.7822045492721372e-06	1.7822045492721372e-06	19.0979061126709	19.0979061126709
731	gpt2	732	366	4	copy	obj_rel	expected	The pilots that the pilots replace copy	2.532057351345429e-06	2.532057351345429e-06	18.591259002685547	18.591259002685547
732	gpt2	733	367	4	corner	obj_rel	unexpected	The pilots that the pilots replace corners	1.6984446915557785e-07	1.6984446915557785e-07	22.489282608032227	22.489282608032227
733	gpt2	734	367	4	corner	obj_rel	expected	The pilots that the pilots replace corner	3.678853488509049e-07	3.678853488509049e-07	21.37424087524414	21.37424087524414
734	gpt2	735	368	4	corral	obj_rel	unexpected	The pilots that the pilots replace corrals	0.032487616150945045	0.032487616150945045	12.301567316055298	12.301567316055298
735	gpt2	736	368	4	corral	obj_rel	expected	The pilots that the pilots replace corral	0.028230291067927696	0.028230291067927696	12.402891159057617	12.402891159057617
736	gpt2	737	369	4	correct	obj_rel	unexpected	The pilots that the pilots replace corrects	0.002066503710011569	0.002066503710011569	11.76915192604065	11.76915192604065
737	gpt2	738	369	4	correct	obj_rel	expected	The pilots that the pilots replace correct	1.9957242329837754e-05	1.9957242329837754e-05	15.612728118896484	15.612728118896484
738	gpt2	739	370	4	correspond	obj_rel	unexpected	The pilots that the pilots replace corresponds	1.0430144357087556e-06	1.0430144357087556e-06	19.87080955505371	19.87080955505371
739	gpt2	740	370	4	correspond	obj_rel	expected	The pilots that the pilots replace correspond	7.595110673719319e-06	7.595110673719319e-06	17.006498336791992	17.006498336791992
740	gpt2	741	371	4	co-sponsor	obj_rel	unexpected	The pilots that the pilots replace co-sponsors	0.40564570739161354	0.40564570739161354	8.23980464041233	8.23980464041233
741	gpt2	742	371	4	co-sponsor	obj_rel	expected	The pilots that the pilots replace co-sponsor	0.40564570739161354	0.40564570739161354	8.23980464041233	8.23980464041233
742	gpt2	743	372	4	cost	obj_rel	unexpected	The pilots that the pilots replace costs	1.7756297893356532e-05	1.7756297893356532e-05	15.781310081481934	15.781310081481934
743	gpt2	744	372	4	cost	obj_rel	expected	The pilots that the pilots replace cost	0.0002636403078213	0.0002636403078213	11.889141082763672	11.889141082763672
744	gpt2	745	373	4	cough	obj_rel	unexpected	The pilots that the pilots replace coughs	0.10208596826630865	0.10208596826630865	12.311480522155762	12.311480522155762
745	gpt2	746	373	4	cough	obj_rel	expected	The pilots that the pilots replace cough	1.895633943149733e-07	1.895633943149733e-07	22.3308162689209	22.3308162689209
746	gpt2	747	374	4	countenance	obj_rel	unexpected	The pilots that the pilots replace countenances	0.18033634133219797	0.18033634133219797	9.707074264685312	9.707074264685312
747	gpt2	748	374	4	countenance	obj_rel	expected	The pilots that the pilots replace countenance	9.016434705699267e-05	9.016434705699267e-05	13.988816738128662	13.988816738128662
748	gpt2	749	375	4	counteract	obj_rel	unexpected	The pilots that the pilots replace counteracts	0.0008205517165151744	0.0008205517165151744	13.822706699371338	13.822706699371338
749	gpt2	750	375	4	counteract	obj_rel	expected	The pilots that the pilots replace counteract	5.779750154033536e-07	5.779750154033536e-07	20.722490310668945	20.722490310668945
750	gpt2	751	376	4	counterprogram	obj_rel	unexpected	The pilots that the pilots replace counterprograms	0.007701342407320483	0.007701342407320483	11.41081428527832	11.41081428527832
751	gpt2	752	376	4	counterprogram	obj_rel	expected	The pilots that the pilots replace counterprogram	0.00038286407061602443	0.00038286407061602443	14.374053001403809	14.374053001403809
752	gpt2	753	377	4	counter	obj_rel	unexpected	The pilots that the pilots replace counters	3.301327922144992e-07	3.301327922144992e-07	21.53045082092285	21.53045082092285
753	gpt2	754	377	4	counter	obj_rel	expected	The pilots that the pilots replace counter	2.9076063583488576e-06	2.9076063583488576e-06	18.39173698425293	18.39173698425293
754	gpt2	755	378	4	count	obj_rel	unexpected	The pilots that the pilots replace counts	1.3878022855351446e-06	1.3878022855351446e-06	19.45876693725586	19.45876693725586
755	gpt2	756	378	4	count	obj_rel	expected	The pilots that the pilots replace count	2.423926343908533e-05	2.423926343908533e-05	15.332294464111328	15.332294464111328
756	gpt2	757	379	4	court	obj_rel	unexpected	The pilots that the pilots replace courts	2.956763580641564e-07	2.956763580641564e-07	21.689477920532227	21.689477920532227
757	gpt2	758	379	4	court	obj_rel	expected	The pilots that the pilots replace court	2.1514060790650547e-06	2.1514060790650547e-06	18.8262882232666	18.8262882232666
758	gpt2	759	380	4	cover	obj_rel	unexpected	The pilots that the pilots replace covers	6.936933914403198e-06	6.936933914403198e-06	17.137269973754883	17.137269973754883
759	gpt2	760	380	4	cover	obj_rel	expected	The pilots that the pilots replace cover	9.886002953862771e-05	9.886002953862771e-05	13.304253578186035	13.304253578186035
760	gpt2	761	381	4	crack	obj_rel	unexpected	The pilots that the pilots replace cracks	8.688517283417242e-08	8.688517283417242e-08	23.456314086914062	23.456314086914062
761	gpt2	762	381	4	crack	obj_rel	expected	The pilots that the pilots replace crack	1.427275037713116e-06	1.427275037713116e-06	19.41830444335937	19.41830444335937
762	gpt2	763	382	4	craft	obj_rel	unexpected	The pilots that the pilots replace crafts	1.6170730532394373e-07	1.6170730532394373e-07	22.56011199951172	22.56011199951172
763	gpt2	764	382	4	craft	obj_rel	expected	The pilots that the pilots replace craft	4.27717850470799e-06	4.27717850470799e-06	17.834909439086914	17.834909439086914
764	gpt2	765	383	4	crank	obj_rel	unexpected	The pilots that the pilots replace cranks	0.01431462012419615	0.01431462012419615	11.35351037979126	11.35351037979126
765	gpt2	766	383	4	crank	obj_rel	expected	The pilots that the pilots replace crank	7.354048534580215e-07	7.354048534580215e-07	20.37495803833008	20.37495803833008
766	gpt2	767	384	4	crash	obj_rel	unexpected	The pilots that the pilots replace crashes	3.720900167536456e-06	3.720900167536456e-06	18.03591728210449	18.03591728210449
767	gpt2	768	384	4	crash	obj_rel	expected	The pilots that the pilots replace crash	2.2858233933220617e-05	2.2858233933220617e-05	15.416926383972168	15.416926383972168
768	gpt2	769	385	4	crawl	obj_rel	unexpected	The pilots that the pilots replace crawls	0.01249579807589815	0.01249579807589815	15.309969902038574	15.309969902038574
769	gpt2	770	385	4	crawl	obj_rel	expected	The pilots that the pilots replace crawl	1.7515303341042457e-07	1.7515303341042457e-07	22.444881439208984	22.444881439208984
770	gpt2	771	386	4	creak	obj_rel	unexpected	The pilots that the pilots replace creaks	0.002962717520176702	0.002962717520176702	13.815497398376465	13.815497398376465
771	gpt2	772	386	4	creak	obj_rel	expected	The pilots that the pilots replace creak	0.0179145652466559	0.0179145652466559	12.51734471321106	12.51734471321106
772	gpt2	773	387	4	create	obj_rel	unexpected	The pilots that the pilots replace creates	6.063070486561628e-06	6.063070486561628e-06	17.331520080566406	17.331520080566406
773	gpt2	774	387	4	create	obj_rel	expected	The pilots that the pilots replace create	4.703965896624141e-05	4.703965896624141e-05	14.375762939453123	14.375762939453123
774	gpt2	775	388	4	credit	obj_rel	unexpected	The pilots that the pilots replace credits	1.6497165233886335e-06	1.6497165233886335e-06	19.2093505859375	19.2093505859375
775	gpt2	776	388	4	credit	obj_rel	expected	The pilots that the pilots replace credit	4.410897417983506e-06	4.410897417983506e-06	17.790496826171875	17.790496826171875
776	gpt2	777	389	4	crest	obj_rel	unexpected	The pilots that the pilots replace crests	0.0543783269488358	0.0543783269488358	11.716384410858154	11.716384410858154
777	gpt2	778	389	4	crest	obj_rel	expected	The pilots that the pilots replace crest	4.1773287051682935e-08	4.1773287051682935e-08	24.51284408569336	24.51284408569336
778	gpt2	779	390	4	criminalize	obj_rel	unexpected	The pilots that the pilots replace criminalizes	0.0004654217149493352	0.0004654217149493352	15.396873950958252	15.396873950958252
779	gpt2	780	390	4	criminalize	obj_rel	expected	The pilots that the pilots replace criminalize	0.003163437165682085	0.003163437165682085	14.014050722122192	14.014050722122192
780	gpt2	781	391	4	crimp	obj_rel	unexpected	The pilots that the pilots replace crimps	0.04687258935683935	0.04687258935683935	13.814477443695068	13.814477443695068
781	gpt2	782	391	4	crimp	obj_rel	expected	The pilots that the pilots replace crimp	0.1137183044027683	0.1137183044027683	13.175153136253357	13.175153136253357
782	gpt2	783	392	4	criticize	obj_rel	unexpected	The pilots that the pilots replace criticizes	0.007967104204951137	0.007967104204951137	13.544560194015505	13.544560194015505
783	gpt2	784	392	4	criticize	obj_rel	expected	The pilots that the pilots replace criticize	7.045499614832806e-07	7.045499614832806e-07	20.43679428100586	20.43679428100586
784	gpt2	785	393	5	crop	obj_rel	unexpected	The farmers that the authors alienate crops	1.2477308928282582e-06	1.2477308928282582e-06	19.612260818481445	19.612260818481445
785	gpt2	786	393	5	crop	obj_rel	expected	The farmers that the authors alienate crop	1.3412324733508283e-05	1.3412324733508283e-05	16.186080932617188	16.186080932617188
786	gpt2	787	394	5	cross	obj_rel	unexpected	The farmers that the authors alienate crosses	1.2302290031129814e-07	1.2302290031129814e-07	22.95456886291504	22.95456886291504
787	gpt2	788	394	5	cross	obj_rel	expected	The farmers that the authors alienate cross	1.7654261682764627e-05	1.7654261682764627e-05	15.789624214172363	15.789624214172363
788	gpt2	789	395	5	crumble	obj_rel	unexpected	The farmers that the authors alienate crumbles	0.004859366829236926	0.004859366829236926	12.537025928497314	12.537025928497314
789	gpt2	790	395	5	crumble	obj_rel	expected	The farmers that the authors alienate crumble	7.51998413761612e-07	7.51998413761612e-07	20.3427677154541	20.3427677154541
790	gpt2	791	396	5	crunch	obj_rel	unexpected	The farmers that the authors alienate crunches	0.07600309600600968	0.07600309600600968	8.509553591410318	8.509553591410318
791	gpt2	792	396	5	crunch	obj_rel	expected	The farmers that the authors alienate crunch	1.605770165724607e-07	1.605770165724607e-07	22.57023048400879	22.57023048400879
792	gpt2	793	397	5	crush	obj_rel	unexpected	The farmers that the authors alienate crushes	0.07222664021207947	0.07222664021207947	10.589978694915771	10.589978694915771
793	gpt2	794	397	5	crush	obj_rel	expected	The farmers that the authors alienate crush	2.3254729057953227e-06	2.3254729057953227e-06	18.71404457092285	18.71404457092285
794	gpt2	795	398	5	cry	obj_rel	unexpected	The farmers that the authors alienate cries	6.878648832753242e-07	6.878648832753242e-07	20.471370697021484	20.471370697021484
795	gpt2	796	398	5	cry	obj_rel	expected	The farmers that the authors alienate cry	1.820327634050045e-05	1.820327634050045e-05	15.745442390441896	15.745442390441896
796	gpt2	797	399	5	cuff	obj_rel	unexpected	The farmers that the authors alienate cuffs	3.39561182727266e-05	3.39561182727266e-05	16.329224109649658	16.329224109649658
797	gpt2	798	399	5	cuff	obj_rel	expected	The farmers that the authors alienate cuff	1.5504436845503733e-08	1.5504436845503733e-08	25.9427433013916	25.9427433013916
798	gpt2	799	400	5	curb	obj_rel	unexpected	The farmers that the authors alienate curbs	0.0970717572190267	0.0970717572190267	12.109283089637756	12.109283089637756
799	gpt2	800	400	5	curb	obj_rel	expected	The farmers that the authors alienate curb	3.71466171600332e-07	3.71466171600332e-07	21.360265731811523	21.360265731811523
800	gpt2	801	401	5	cure	obj_rel	unexpected	The farmers that the authors alienate cures	9.610999107678708e-09	9.610999107678708e-09	26.632665634155277	26.632665634155277
801	gpt2	802	401	5	cure	obj_rel	expected	The farmers that the authors alienate cure	3.389755249827431e-07	3.389755249827431e-07	21.4923152923584	21.4923152923584
802	gpt2	803	402	5	curl	obj_rel	unexpected	The farmers that the authors alienate curls	2.033910151411078e-09	2.033910151411078e-09	28.873096466064453	28.873096466064453
803	gpt2	804	402	5	curl	obj_rel	expected	The farmers that the authors alienate curl	2.006694046485791e-07	2.006694046485791e-07	22.248676300048828	22.248676300048828
804	gpt2	805	403	5	curry	obj_rel	unexpected	The farmers that the authors alienate curries	0.002864880631903994	0.002864880631903994	14.650567770004272	14.650567770004272
805	gpt2	806	403	5	curry	obj_rel	expected	The farmers that the authors alienate curry	2.0469283867896598e-07	2.0469283867896598e-07	22.22003555297852	22.22003555297852
806	gpt2	807	404	5	curtail	obj_rel	unexpected	The farmers that the authors alienate curtails	0.0011982518762749439	0.0011982518762749439	15.279386043548584	15.279386043548584
807	gpt2	808	404	5	curtail	obj_rel	expected	The farmers that the authors alienate curtail	3.441061551257008e-07	3.441061551257008e-07	21.47064208984375	21.47064208984375
808	gpt2	809	405	5	cushion	obj_rel	unexpected	The farmers that the authors alienate cushions	0.11389163293029192	0.11389163293029192	13.495072722434996	13.495072722434996
809	gpt2	810	405	5	cushion	obj_rel	expected	The farmers that the authors alienate cushion	2.478717497922389e-08	2.478717497922389e-08	25.265830993652344	25.265830993652344
810	gpt2	811	406	5	cut	obj_rel	unexpected	The farmers that the authors alienate cuts	3.142122864119301e-07	3.142122864119301e-07	21.601757049560547	21.601757049560547
811	gpt2	812	406	5	cut	obj_rel	expected	The farmers that the authors alienate cut	7.987785647856072e-05	7.987785647856072e-05	13.611845016479492	13.611845016479492
812	gpt2	813	407	5	dabble	obj_rel	unexpected	The farmers that the authors alienate dabbles	0.013145193158228064	0.013145193158228064	9.806159019470215	9.806159019470215
813	gpt2	814	407	5	dabble	obj_rel	expected	The farmers that the authors alienate dabble	0.40779573545610504	0.40779573545610504	10.822204306721687	10.822204306721687
814	gpt2	815	408	5	damage	obj_rel	unexpected	The farmers that the authors alienate damages	2.821936675445613e-07	2.821936675445613e-07	21.756811141967773	21.756811141967773
815	gpt2	816	408	5	damage	obj_rel	expected	The farmers that the authors alienate damage	2.1343807929952163e-06	2.1343807929952163e-06	18.837751388549805	18.837751388549805
816	gpt2	817	409	5	dampen	obj_rel	unexpected	The farmers that the authors alienate dampens	0.0027384301713766104	0.0027384301713766104	14.134092807769775	14.134092807769775
817	gpt2	818	409	5	dampen	obj_rel	expected	The farmers that the authors alienate dampen	0.20118847420170027	0.20118847420170027	11.034492135047913	11.034492135047913
818	gpt2	819	410	5	damp	obj_rel	unexpected	The farmers that the authors alienate damps	8.062949405029661e-05	8.062949405029661e-05	15.227139472961426	15.227139472961426
819	gpt2	820	410	5	damp	obj_rel	expected	The farmers that the authors alienate damp	5.648603860208823e-07	5.648603860208823e-07	20.75560188293457	20.75560188293457
820	gpt2	821	411	5	dance	obj_rel	unexpected	The farmers that the authors alienate dances	4.100344508373155e-09	4.100344508373155e-09	27.861608505249023	27.861608505249023
821	gpt2	822	411	5	dance	obj_rel	expected	The farmers that the authors alienate dance	8.882772704055242e-07	8.882772704055242e-07	20.10248565673828	20.10248565673828
822	gpt2	823	412	5	dare	obj_rel	unexpected	The farmers that the authors alienate dares	0.011285570932386647	0.011285570932386647	11.643158674240112	11.643158674240112
823	gpt2	824	412	5	dare	obj_rel	expected	The farmers that the authors alienate dare	2.98120880870556e-06	2.98120880870556e-06	18.35567092895508	18.35567092895508
824	gpt2	825	413	5	dash	obj_rel	unexpected	The farmers that the authors alienate dashes	0.0003340309942813966	0.0003340309942813966	14.1868896484375	14.1868896484375
825	gpt2	826	413	5	dash	obj_rel	expected	The farmers that the authors alienate dash	2.53549927720087e-07	2.53549927720087e-07	21.911226272583008	21.911226272583008
826	gpt2	827	414	5	date	obj_rel	unexpected	The farmers that the authors alienate dates	4.248592802014173e-07	4.248592802014173e-07	21.16651153564453	21.16651153564453
827	gpt2	828	414	5	date	obj_rel	expected	The farmers that the authors alienate date	7.771676609991118e-05	7.771676609991118e-05	13.65141487121582	13.65141487121582
828	gpt2	829	415	5	deal	obj_rel	unexpected	The farmers that the authors alienate deals	2.304947884113062e-06	2.304947884113062e-06	18.72683525085449	18.72683525085449
829	gpt2	830	415	5	deal	obj_rel	expected	The farmers that the authors alienate deal	0.0001742989843478	0.0001742989843478	12.4861478805542	12.4861478805542
830	gpt2	831	416	5	debate	obj_rel	unexpected	The farmers that the authors alienate debates	7.246645168379473e-07	7.246645168379473e-07	20.396183013916016	20.396183013916016
831	gpt2	832	416	5	debate	obj_rel	expected	The farmers that the authors alienate debate	2.3037271603243425e-05	2.3037271603243425e-05	15.405670166015623	15.405670166015623
832	gpt2	833	417	5	debunk	obj_rel	unexpected	The farmers that the authors alienate debunks	0.009631434333968483	0.009631434333968483	13.52039098739624	13.52039098739624
833	gpt2	834	417	5	debunk	obj_rel	expected	The farmers that the authors alienate debunk	2.072962843158166e-06	2.072962843158166e-06	18.87987518310547	18.87987518310547
834	gpt2	835	418	5	debut	obj_rel	unexpected	The farmers that the authors alienate debuts	0.000579494628581732	0.000579494628581732	15.548052787780762	15.548052787780762
835	gpt2	836	418	5	debut	obj_rel	expected	The farmers that the authors alienate debut	1.2432879259449692e-07	1.2432879259449692e-07	22.9393367767334	22.9393367767334
836	gpt2	837	419	5	deceive	obj_rel	unexpected	The farmers that the authors alienate deceives	0.3121199388886122	0.3121199388886122	13.297113835811615	13.297113835811615
837	gpt2	838	419	5	deceive	obj_rel	expected	The farmers that the authors alienate deceive	4.923380174659542e-07	4.923380174659542e-07	20.95384788513184	20.95384788513184
838	gpt2	839	420	5	decide	obj_rel	unexpected	The farmers that the authors alienate decides	3.028535502380692e-07	3.028535502380692e-07	21.65487670898437	21.65487670898437
839	gpt2	840	420	5	decide	obj_rel	expected	The farmers that the authors alienate decide	2.352858973608818e-05	2.352858973608818e-05	15.375226020812988	15.375226020812988
840	gpt2	841	421	5	declare	obj_rel	unexpected	The farmers that the authors alienate declares	7.18646731456829e-07	7.18646731456829e-07	20.4082145690918	20.4082145690918
841	gpt2	842	421	5	declare	obj_rel	expected	The farmers that the authors alienate declare	2.385739207966253e-05	2.385739207966253e-05	15.35520362854004	15.35520362854004
842	gpt2	843	422	5	decline	obj_rel	unexpected	The farmers that the authors alienate declines	1.9414706287079758e-07	1.9414706287079758e-07	22.29634666442871	22.29634666442871
843	gpt2	844	422	5	decline	obj_rel	expected	The farmers that the authors alienate decline	5.448710908240173e-06	5.448710908240173e-06	17.485652923583984	17.485652923583984
844	gpt2	845	423	5	decrease	obj_rel	unexpected	The farmers that the authors alienate decreases	1.0465291211403382e-07	1.0465291211403382e-07	23.187883377075195	23.187883377075195
845	gpt2	846	423	5	decrease	obj_rel	expected	The farmers that the authors alienate decrease	3.307080305603449e-06	3.307080305603449e-06	18.206010818481445	18.206010818481445
846	gpt2	847	424	5	deduct	obj_rel	unexpected	The farmers that the authors alienate deducts	0.009296631374791527	0.009296631374791527	14.613867998123167	14.613867998123167
847	gpt2	848	424	5	deduct	obj_rel	expected	The farmers that the authors alienate deduct	8.555021935308106e-08	8.555021935308106e-08	23.47865295410156	23.47865295410156
848	gpt2	849	425	5	default	obj_rel	unexpected	The farmers that the authors alienate defaults	4.701339406665284e-08	4.701339406665284e-08	24.34235191345215	24.34235191345215
849	gpt2	850	425	5	default	obj_rel	expected	The farmers that the authors alienate default	4.654382337321295e-06	4.654382337321295e-06	17.71297836303711	17.71297836303711
850	gpt2	851	426	5	defeat	obj_rel	unexpected	The farmers that the authors alienate defeats	2.32958790036264e-08	2.32958790036264e-08	25.35535049438477	25.35535049438477
851	gpt2	852	426	5	defeat	obj_rel	expected	The farmers that the authors alienate defeat	2.744951871136436e-06	2.744951871136436e-06	18.47478675842285	18.47478675842285
852	gpt2	853	427	5	defect	obj_rel	unexpected	The farmers that the authors alienate defects	3.2209413802775095e-08	3.2209413802775095e-08	24.887941360473636	24.887941360473636
853	gpt2	854	427	5	defect	obj_rel	expected	The farmers that the authors alienate defect	4.952539711666759e-07	4.952539711666759e-07	20.945327758789062	20.945327758789062
854	gpt2	855	428	5	defend	obj_rel	unexpected	The farmers that the authors alienate defends	1.8062011974961933e-07	1.8062011974961933e-07	22.400537490844727	22.400537490844727
855	gpt2	856	428	5	defend	obj_rel	expected	The farmers that the authors alienate defend	5.815612166770734e-05	5.815612166770734e-05	14.069709777832031	14.069709777832031
856	gpt2	857	429	5	defer	obj_rel	unexpected	The farmers that the authors alienate defers	0.015295465087547169	0.015295465087547169	10.799793720245361	10.799793720245361
857	gpt2	858	429	5	defer	obj_rel	expected	The farmers that the authors alienate defer	3.660811671579722e-07	3.660811671579722e-07	21.381332397460938	21.381332397460938
858	gpt2	859	430	5	define	obj_rel	unexpected	The farmers that the authors alienate defines	5.28221733020473e-07	5.28221733020473e-07	20.852352142333984	20.852352142333984
859	gpt2	860	430	5	define	obj_rel	expected	The farmers that the authors alienate define	6.032165765645914e-05	6.032165765645914e-05	14.016963958740234	14.016963958740234
860	gpt2	861	431	5	deflect	obj_rel	unexpected	The farmers that the authors alienate deflects	0.005992822418363597	0.005992822418363597	13.561261892318727	13.561261892318727
861	gpt2	862	431	5	deflect	obj_rel	expected	The farmers that the authors alienate deflect	5.71039322494471e-07	5.71039322494471e-07	20.73990631103516	20.73990631103516
862	gpt2	863	432	5	defraud	obj_rel	unexpected	The farmers that the authors alienate defrauds	0.006707064547905845	0.006707064547905845	10.017124017079672	10.017124017079672
863	gpt2	864	432	5	defraud	obj_rel	expected	The farmers that the authors alienate defraud	0.003177232185407768	0.003177232185407768	11.934350967407227	11.934350967407227
864	gpt2	865	433	5	defuse	obj_rel	unexpected	The farmers that the authors alienate defuses	0.0016638484848954182	0.0016638484848954182	12.402039051055908	12.402039051055908
865	gpt2	866	433	5	defuse	obj_rel	expected	The farmers that the authors alienate defuse	0.027259760146989716	0.027259760146989716	10.382852792739868	10.382852792739868
866	gpt2	867	434	5	degenerate	obj_rel	unexpected	The farmers that the authors alienate degenerates	0.027743354168961776	0.027743354168961776	12.586682319641112	12.586682319641112
867	gpt2	868	434	5	degenerate	obj_rel	expected	The farmers that the authors alienate degenerate	0.45458912822348907	0.45458912822348907	10.569502033293245	10.569502033293245
868	gpt2	869	435	5	delay	obj_rel	unexpected	The farmers that the authors alienate delays	1.8004545410121864e-08	1.8004545410121864e-08	25.72706413269043	25.72706413269043
869	gpt2	870	435	5	delay	obj_rel	expected	The farmers that the authors alienate delay	5.870571726518392e-07	5.870571726518392e-07	20.699995040893555	20.699995040893555
870	gpt2	871	436	5	delegate	obj_rel	unexpected	The farmers that the authors alienate delegates	8.363011829715106e-07	8.363011829715106e-07	20.18947410583496	20.18947410583496
871	gpt2	872	436	5	delegate	obj_rel	expected	The farmers that the authors alienate delegate	6.350072112581984e-07	6.350072112581984e-07	20.58672332763672	20.58672332763672
872	gpt2	873	437	5	deliberate	obj_rel	unexpected	The farmers that the authors alienate deliberates	0.011280436986311284	0.011280436986311284	14.7131450176239	14.7131450176239
873	gpt2	874	437	5	deliberate	obj_rel	expected	The farmers that the authors alienate deliberate	6.895568276377162e-07	6.895568276377162e-07	20.46782684326172	20.46782684326172
874	gpt2	875	438	5	delight	obj_rel	unexpected	The farmers that the authors alienate delights	0.1240585379853485	0.1240585379853485	11.21136248111725	11.21136248111725
875	gpt2	876	438	5	delight	obj_rel	expected	The farmers that the authors alienate delight	1.016145233734278e-05	1.016145233734278e-05	16.58653450012207	16.58653450012207
876	gpt2	877	439	5	deliver	obj_rel	unexpected	The farmers that the authors alienate delivers	2.5958448190976924e-07	2.5958448190976924e-07	21.87729263305664	21.87729263305664
877	gpt2	878	439	5	deliver	obj_rel	expected	The farmers that the authors alienate deliver	5.522223727894016e-05	5.522223727894016e-05	14.144391059875488	14.144391059875488
878	gpt2	879	440	5	demand	obj_rel	unexpected	The farmers that the authors alienate demands	2.808460521919187e-06	2.808460521919187e-06	18.441789627075195	18.441789627075195
879	gpt2	880	440	5	demand	obj_rel	expected	The farmers that the authors alienate demand	0.0003613794979173	0.0003613794979173	11.434197425842283	11.434197425842283
880	gpt2	881	441	5	demilitarize	obj_rel	unexpected	The farmers that the authors alienate demilitarizes	0.25273183711516367	0.25273183711516367	8.358439122792333	8.358439122792333
881	gpt2	882	441	5	demilitarize	obj_rel	expected	The farmers that the authors alienate demilitarize	0.2712876955204706	0.2712876955204706	7.668696557637303	7.668696557637303
882	gpt2	883	442	5	demobilize	obj_rel	unexpected	The farmers that the authors alienate demobilizes	0.006012237574168408	0.006012237574168408	10.86862325668335	10.86862325668335
883	gpt2	884	442	5	demobilize	obj_rel	expected	The farmers that the authors alienate demobilize	0.078416465725013	0.078416465725013	9.092272520065306	9.092272520065306
884	gpt2	885	443	5	democratize	obj_rel	unexpected	The farmers that the authors alienate democratizes	0.009685709033925929	0.009685709033925929	14.944260835647583	14.944260835647583
885	gpt2	886	443	5	democratize	obj_rel	expected	The farmers that the authors alienate democratize	0.30654859159590764	0.30654859159590764	12.452201873064041	12.452201873064041
886	gpt2	887	444	5	demolish	obj_rel	unexpected	The farmers that the authors alienate demolishes	0.014633094376975447	0.014633094376975447	13.171725511550903	13.171725511550903
887	gpt2	888	444	5	demolish	obj_rel	expected	The farmers that the authors alienate demolish	0.4711700300193371	0.4711700300193371	10.667245354503393	10.667245354503393
888	gpt2	889	445	5	demonstrate	obj_rel	unexpected	The farmers that the authors alienate demonstrates	3.6014055240229936e-06	3.6014055240229936e-06	18.0830078125	18.0830078125
889	gpt2	890	445	5	demonstrate	obj_rel	expected	The farmers that the authors alienate demonstrate	0.0003463811299297	0.0003463811299297	11.495351791381836	11.495351791381836
890	gpt2	891	446	5	denude	obj_rel	unexpected	The farmers that the authors alienate denudes	0.00020443153312042035	0.00020443153312042035	15.276798248291017	15.276798248291017
891	gpt2	892	446	5	denude	obj_rel	expected	The farmers that the authors alienate denude	0.0036084876626318704	0.0036084876626318704	13.203347682952883	13.203347682952883
892	gpt2	893	447	5	deny	obj_rel	unexpected	The farmers that the authors alienate denies	5.494313768394932e-07	5.494313768394932e-07	20.795557022094727	20.795557022094727
893	gpt2	894	447	5	deny	obj_rel	expected	The farmers that the authors alienate deny	9.229868737747891e-05	9.229868737747891e-05	13.403329849243164	13.403329849243164
894	gpt2	895	448	5	depart	obj_rel	unexpected	The farmers that the authors alienate departs	0.010235835920866505	0.010235835920866505	12.057714462280273	12.057714462280273
895	gpt2	896	448	5	depart	obj_rel	expected	The farmers that the authors alienate depart	3.5800646855932428e-06	3.5800646855932428e-06	18.091583251953125	18.091583251953125
896	gpt2	897	449	5	depend	obj_rel	unexpected	The farmers that the authors alienate depends	3.495334021863528e-05	3.495334021863528e-05	14.80420970916748	14.80420970916748
897	gpt2	898	449	5	depend	obj_rel	expected	The farmers that the authors alienate depend	0.0009427259792573	0.0009427259792573	10.050873756408691	10.050873756408691
898	gpt2	899	450	5	depict	obj_rel	unexpected	The farmers that the authors alienate depicts	4.800898523171782e-07	4.800898523171782e-07	20.99019241333008	20.99019241333008
899	gpt2	900	450	5	depict	obj_rel	expected	The farmers that the authors alienate depict	4.79394911963027e-05	4.79394911963027e-05	14.34842586517334	14.34842586517334
900	gpt2	901	451	5	deposit	obj_rel	unexpected	The farmers that the authors alienate deposits	1.4456543340202188e-07	1.4456543340202188e-07	22.721773147583008	22.721773147583008
901	gpt2	902	451	5	deposit	obj_rel	expected	The farmers that the authors alienate deposit	2.077633780572796e-06	2.077633780572796e-06	18.87662696838379	18.87662696838379
902	gpt2	903	452	5	depress	obj_rel	unexpected	The farmers that the authors alienate depresses	0.009315264534052355	0.009315264534052355	12.125704050064087	12.125704050064087
903	gpt2	904	452	5	depress	obj_rel	expected	The farmers that the authors alienate depress	4.557031445528992e-07	4.557031445528992e-07	21.06540298461914	21.06540298461914
904	gpt2	905	453	5	deprive	obj_rel	unexpected	The farmers that the authors alienate deprives	0.3506132691910864	0.3506132691910864	11.080864638090135	11.080864638090135
905	gpt2	906	453	5	deprive	obj_rel	expected	The farmers that the authors alienate deprive	2.456938545947196e-06	2.456938545947196e-06	18.634706497192383	18.634706497192383
906	gpt2	907	454	5	derail	obj_rel	unexpected	The farmers that the authors alienate derails	0.0017829761179654858	0.0017829761179654858	12.894226551055908	12.894226551055908
907	gpt2	908	454	5	derail	obj_rel	expected	The farmers that the authors alienate derail	8.99394905218287e-08	8.99394905218287e-08	23.406469345092773	23.406469345092773
908	gpt2	909	455	5	deregulate	obj_rel	unexpected	The farmers that the authors alienate deregulates	0.006124935139647854	0.006124935139647854	11.240803400675455	11.240803400675455
909	gpt2	910	455	5	deregulate	obj_rel	expected	The farmers that the authors alienate deregulate	0.30377087713721573	0.30377087713721573	9.301569228370985	9.301569228370985
910	gpt2	911	456	5	describe	obj_rel	unexpected	The farmers that the authors alienate describes	4.614252247847617e-06	4.614252247847617e-06	17.72547149658203	17.72547149658203
911	gpt2	912	456	5	describe	obj_rel	expected	The farmers that the authors alienate describe	0.0007400331669487	0.0007400331669487	10.40012264251709	10.40012264251709
912	gpt2	913	457	5	desert	obj_rel	unexpected	The farmers that the authors alienate deserts	8.64154685586982e-08	8.64154685586982e-08	23.464134216308597	23.464134216308597
913	gpt2	914	457	5	desert	obj_rel	expected	The farmers that the authors alienate desert	7.898633498371055e-07	7.898633498371055e-07	20.27189445495605	20.27189445495605
914	gpt2	915	458	5	deserve	obj_rel	unexpected	The farmers that the authors alienate deserves	6.241594746825285e-06	6.241594746825285e-06	17.289653778076172	17.289653778076172
915	gpt2	916	458	5	deserve	obj_rel	expected	The farmers that the authors alienate deserve	0.0014763538492843	0.0014763538492843	9.403745651245115	9.403745651245115
916	gpt2	917	459	5	designate	obj_rel	unexpected	The farmers that the authors alienate designates	0.012528948363751609	0.012528948363751609	11.432844161987305	11.432844161987305
917	gpt2	918	459	5	designate	obj_rel	expected	The farmers that the authors alienate designate	2.85042460745899e-06	2.85042460745899e-06	18.420391082763672	18.420391082763672
918	gpt2	919	460	5	design	obj_rel	unexpected	The farmers that the authors alienate designs	1.66463621553703e-07	1.66463621553703e-07	22.51828956604004	22.51828956604004
919	gpt2	920	460	5	design	obj_rel	expected	The farmers that the authors alienate design	5.2226127991161775e-06	5.2226127991161775e-06	17.546796798706055	17.546796798706055
920	gpt2	921	461	5	desist	obj_rel	unexpected	The farmers that the authors alienate desists	0.010326007149615155	0.010326007149615155	12.254628181457521	12.254628181457521
921	gpt2	922	461	5	desist	obj_rel	expected	The farmers that the authors alienate desist	0.039082647069790255	0.039082647069790255	11.294453144073488	11.294453144073488
922	gpt2	923	462	5	destabilize	obj_rel	unexpected	The farmers that the authors alienate destabilizes	0.016134786492308702	0.016134786492308702	13.806224346160889	13.806224346160889
923	gpt2	924	462	5	destabilize	obj_rel	expected	The farmers that the authors alienate destabilize	0.34701193969520006	0.34701193969520006	11.5928515791893	11.5928515791893
924	gpt2	925	463	5	destroy	obj_rel	unexpected	The farmers that the authors alienate destroys	1.345802758123682e-07	1.345802758123682e-07	22.825029373168945	22.825029373168945
925	gpt2	926	463	5	destroy	obj_rel	expected	The farmers that the authors alienate destroy	1.1480312423373109e-05	1.1480312423373109e-05	16.410478591918945	16.410478591918945
926	gpt2	927	464	5	detect	obj_rel	unexpected	The farmers that the authors alienate detects	4.8249980011405575e-08	4.8249980011405575e-08	24.304895401000977	24.304895401000977
927	gpt2	928	464	5	detect	obj_rel	expected	The farmers that the authors alienate detect	1.1548658221727235e-05	1.1548658221727235e-05	16.401914596557617	16.401914596557617
928	gpt2	929	465	5	deteriorate	obj_rel	unexpected	The farmers that the authors alienate deteriorates	0.004732547612505281	0.004732547612505281	15.186241149902344	15.186241149902344
929	gpt2	930	465	5	deteriorate	obj_rel	expected	The farmers that the authors alienate deteriorate	0.4908063493721357	0.4908063493721357	11.838038884103298	11.838038884103298
930	gpt2	931	466	5	determine	obj_rel	unexpected	The farmers that the authors alienate determines	3.573309186322149e-07	3.573309186322149e-07	21.416234970092773	21.416234970092773
931	gpt2	932	466	5	determine	obj_rel	expected	The farmers that the authors alienate determine	2.30699861276662e-05	2.30699861276662e-05	15.403623580932615	15.403623580932615
932	gpt2	933	467	5	deter	obj_rel	unexpected	The farmers that the authors alienate deters	0.0013224204346897273	0.0013224204346897273	13.178234100341797	13.178234100341797
933	gpt2	934	467	5	deter	obj_rel	expected	The farmers that the authors alienate deter	8.477617825519701e-07	8.477617825519701e-07	20.16983795166016	20.16983795166016
934	gpt2	935	468	5	detract	obj_rel	unexpected	The farmers that the authors alienate detracts	0.01629343689489815	0.01629343689489815	12.09183144569397	12.09183144569397
935	gpt2	936	468	5	detract	obj_rel	expected	The farmers that the authors alienate detract	1.6105375379993347e-06	1.6105375379993347e-06	19.24402618408203	19.24402618408203
936	gpt2	937	469	5	develop	obj_rel	unexpected	The farmers that the authors alienate develops	4.01998043741969e-08	4.01998043741969e-08	24.568235397338867	24.568235397338867
937	gpt2	938	469	5	develop	obj_rel	expected	The farmers that the authors alienate develop	5.376633635023609e-05	5.376633635023609e-05	14.182937622070312	14.182937622070312
938	gpt2	939	470	5	devise	obj_rel	unexpected	The farmers that the authors alienate devises	0.0003576646645342017	0.0003576646645342017	13.590882778167725	13.590882778167725
939	gpt2	940	470	5	devise	obj_rel	expected	The farmers that the authors alienate devise	1.523756395727105e-06	1.523756395727105e-06	19.323936462402344	19.323936462402344
940	gpt2	941	471	5	devote	obj_rel	unexpected	The farmers that the authors alienate devotes	0.03347677630654285	0.03347677630654285	10.307334899902344	10.307334899902344
941	gpt2	942	471	5	devote	obj_rel	expected	The farmers that the authors alienate devote	1.4321091839519797e-05	1.4321091839519797e-05	16.09149932861328	16.09149932861328
942	gpt2	943	472	5	dial	obj_rel	unexpected	The farmers that the authors alienate dials	0.011331150922302408	0.011331150922302408	13.72249698638916	13.72249698638916
943	gpt2	944	472	5	dial	obj_rel	expected	The farmers that the authors alienate dial	2.415093263152812e-07	2.415093263152812e-07	21.981416702270508	21.981416702270508
944	gpt2	945	473	5	dictate	obj_rel	unexpected	The farmers that the authors alienate dictates	4.777488626928061e-08	4.777488626928061e-08	24.319171905517575	24.319171905517575
945	gpt2	946	473	5	dictate	obj_rel	expected	The farmers that the authors alienate dictate	3.458236278675031e-06	3.458236278675031e-06	18.14153289794922	18.14153289794922
946	gpt2	947	474	5	die	obj_rel	unexpected	The farmers that the authors alienate dies	1.0934611793800288e-07	1.0934611793800288e-07	23.12459373474121	23.12459373474121
947	gpt2	948	474	5	die	obj_rel	expected	The farmers that the authors alienate die	1.2657135812332854e-05	1.2657135812332854e-05	16.269689559936523	16.269689559936523
948	gpt2	949	475	5	differentiate	obj_rel	unexpected	The farmers that the authors alienate differentiates	0.0107795974940927	0.0107795974940927	11.840583801269531	11.840583801269531
949	gpt2	950	475	5	differentiate	obj_rel	expected	The farmers that the authors alienate differentiate	4.171556611254346e-06	4.171556611254346e-06	17.870983123779297	17.870983123779297
950	gpt2	951	476	5	differ	obj_rel	unexpected	The farmers that the authors alienate differs	1.8103754655385276e-06	1.8103754655385276e-06	19.075279235839844	19.075279235839844
951	gpt2	952	476	5	differ	obj_rel	expected	The farmers that the authors alienate differ	0.0001096124251489	0.0001096124251489	13.155301094055176	13.155301094055176
952	gpt2	953	477	5	digest	obj_rel	unexpected	The farmers that the authors alienate digests	0.0006386333157024438	0.0006386333157024438	13.941441059112549	13.941441059112549
953	gpt2	954	477	5	digest	obj_rel	expected	The farmers that the authors alienate digest	3.240529338199849e-07	3.240529338199849e-07	21.55726623535156	21.55726623535156
954	gpt2	955	478	5	dignify	obj_rel	unexpected	The farmers that the authors alienate dignifies	0.0017672921461730632	0.0017672921461730632	15.65263557434082	15.65263557434082
955	gpt2	956	478	5	dignify	obj_rel	expected	The farmers that the authors alienate dignify	0.006402646882992963	0.006402646882992963	14.724056005477905	14.724056005477905
956	gpt2	957	479	5	dig	obj_rel	unexpected	The farmers that the authors alienate digs	1.1785258990926197e-08	1.1785258990926197e-08	26.338441848754883	26.338441848754883
957	gpt2	958	479	5	dig	obj_rel	expected	The farmers that the authors alienate dig	3.171132448187564e-06	3.171132448187564e-06	18.266571044921875	18.266571044921875
958	gpt2	959	480	5	dilute	obj_rel	unexpected	The farmers that the authors alienate dilutes	0.050935981183641836	0.050935981183641836	11.867723345756529	11.867723345756529
959	gpt2	960	480	5	dilute	obj_rel	expected	The farmers that the authors alienate dilute	0.4115734932416615	0.4115734932416615	10.36052246391773	10.36052246391773
960	gpt2	961	481	5	diminish	obj_rel	unexpected	The farmers that the authors alienate diminishes	0.37154223980279255	0.37154223980279255	11.466202870011331	11.466202870011331
961	gpt2	962	481	5	diminish	obj_rel	expected	The farmers that the authors alienate diminish	5.767072707385523e-06	5.767072707385523e-06	17.403728485107422	17.403728485107422
962	gpt2	963	482	5	dip	obj_rel	unexpected	The farmers that the authors alienate dips	3.308346485653146e-09	3.308346485653146e-09	28.171241760253903	28.171241760253903
963	gpt2	964	482	5	dip	obj_rel	expected	The farmers that the authors alienate dip	6.77097204970778e-07	6.77097204970778e-07	20.49413299560547	20.49413299560547
964	gpt2	965	483	5	direct	obj_rel	unexpected	The farmers that the authors alienate directs	7.266593371468845e-08	7.266593371468845e-08	23.71414566040039	23.71414566040039
965	gpt2	966	483	5	direct	obj_rel	expected	The farmers that the authors alienate direct	1.9011777112609707e-05	1.9011777112609707e-05	15.682746887207031	15.682746887207031
966	gpt2	967	484	5	disagree	obj_rel	unexpected	The farmers that the authors alienate disagrees	1.230243697136757e-06	1.230243697136757e-06	19.63262367248535	19.63262367248535
967	gpt2	968	484	5	disagree	obj_rel	expected	The farmers that the authors alienate disagree	4.490152787184343e-05	4.490152787184343e-05	14.442875862121582	14.442875862121582
968	gpt2	969	485	5	disappear	obj_rel	unexpected	The farmers that the authors alienate disappears	7.504011989567516e-08	7.504011989567516e-08	23.667762756347656	23.667762756347656
969	gpt2	970	485	5	disappear	obj_rel	expected	The farmers that the authors alienate disappear	4.29652845923556e-06	4.29652845923556e-06	17.828397750854492	17.828397750854492
970	gpt2	971	486	5	disappoint	obj_rel	unexpected	The farmers that the authors alienate disappoints	0.005485164018125457	0.005485164018125457	12.783974647521974	12.783974647521974
971	gpt2	972	486	5	disappoint	obj_rel	expected	The farmers that the authors alienate disappoint	1.8328759097130387e-06	1.8328759097130387e-06	19.05745887756348	19.05745887756348
972	gpt2	973	487	5	disarm	obj_rel	unexpected	The farmers that the authors alienate disarms	0.0007438108627866075	0.0007438108627866075	12.841073989868164	12.841073989868164
973	gpt2	974	487	5	disarm	obj_rel	expected	The farmers that the authors alienate disarm	3.385103468644957e-07	3.385103468644957e-07	21.49429702758789	21.49429702758789
974	gpt2	975	488	5	disassemble	obj_rel	unexpected	The farmers that the authors alienate disassembles	0.02772066499922704	0.02772066499922704	10.78596305847168	10.78596305847168
975	gpt2	976	488	5	disassemble	obj_rel	expected	The farmers that the authors alienate disassemble	0.33120503704685694	0.33120503704685694	8.143543681440255	8.143543681440255
976	gpt2	977	489	5	disassociate	obj_rel	unexpected	The farmers that the authors alienate disassociates	0.049609675488909454	0.049609675488909454	7.525311887264252	7.525311887264252
977	gpt2	978	489	5	disassociate	obj_rel	expected	The farmers that the authors alienate disassociate	0.3432723770508042	0.3432723770508042	6.920641530305147	6.920641530305147
978	gpt2	979	490	5	disband	obj_rel	unexpected	The farmers that the authors alienate disbands	2.7575326839723857e-05	2.7575326839723857e-05	15.398651123046875	15.398651123046875
979	gpt2	980	490	5	disband	obj_rel	expected	The farmers that the authors alienate disband	2.2476017491612765e-08	2.2476017491612765e-08	25.40703773498535	25.40703773498535
980	gpt2	981	491	6	discard	obj_rel	unexpected	The senators that the consultant thrashes discards	0.03366144089011411	0.03366144089011411	11.91747581958771	11.91747581958771
981	gpt2	982	491	6	discard	obj_rel	expected	The senators that the consultant thrashes discard	1.3636789617521572e-06	1.3636789617521572e-06	19.48406410217285	19.48406410217285
982	gpt2	983	492	6	discern	obj_rel	unexpected	The senators that the consultant thrashes discerns	0.005721713130405691	0.005721713130405691	14.430749893188477	14.430749893188477
983	gpt2	984	492	6	discern	obj_rel	expected	The senators that the consultant thrashes discern	1.7917351158303066e-07	1.7917351158303066e-07	22.412139892578125	22.412139892578125
984	gpt2	985	493	6	disclose	obj_rel	unexpected	The senators that the consultant thrashes discloses	0.4556321878156666	0.4556321878156666	10.149923272430897	10.149923272430897
985	gpt2	986	493	6	disclose	obj_rel	expected	The senators that the consultant thrashes disclose	4.279418590158457e-06	4.279418590158457e-06	17.83415412902832	17.83415412902832
986	gpt2	987	494	6	discomfit	obj_rel	unexpected	The senators that the consultant thrashes discomfits	0.007164282536299013	0.007164282536299013	9.544508616129557	9.544508616129557
987	gpt2	988	494	6	discomfit	obj_rel	expected	The senators that the consultant thrashes discomfit	0.044731523653657214	0.044731523653657214	8.19983720779419	8.19983720779419
988	gpt2	989	495	6	disconnect	obj_rel	unexpected	The senators that the consultant thrashes disconnects	0.024655308074642335	0.024655308074642335	13.109111309051514	13.109111309051514
989	gpt2	990	495	6	disconnect	obj_rel	expected	The senators that the consultant thrashes disconnect	2.597707293716667e-07	2.597707293716667e-07	21.876256942749023	21.876256942749023
990	gpt2	991	496	6	discontinue	obj_rel	unexpected	The senators that the consultant thrashes discontinues	0.021306744951147	0.021306744951147	13.26961660385132	13.26961660385132
991	gpt2	992	496	6	discontinue	obj_rel	expected	The senators that the consultant thrashes discontinue	0.363276989373702	0.363276989373702	11.223768815398218	11.223768815398218
992	gpt2	993	497	6	discount	obj_rel	unexpected	The senators that the consultant thrashes discounts	1.3172332273825305e-06	1.3172332273825305e-06	19.5340576171875	19.5340576171875
993	gpt2	994	497	6	discount	obj_rel	expected	The senators that the consultant thrashes discount	2.5048238967428915e-06	2.5048238967428915e-06	18.60685920715332	18.60685920715332
994	gpt2	995	498	6	discourage	obj_rel	unexpected	The senators that the consultant thrashes discourages	0.43753347923322394	0.43753347923322394	10.408633403480053	10.408633403480053
995	gpt2	996	498	6	discourage	obj_rel	expected	The senators that the consultant thrashes discourage	3.003421852554311e-06	3.003421852554311e-06	18.34496116638184	18.34496116638184
996	gpt2	997	499	6	discover	obj_rel	unexpected	The senators that the consultant thrashes discovers	1.408599359820073e-06	1.408599359820073e-06	19.43730735778809	19.43730735778809
997	gpt2	998	499	6	discover	obj_rel	expected	The senators that the consultant thrashes discover	1.3641160876431968e-06	1.3641160876431968e-06	19.48360252380371	19.48360252380371
998	gpt2	999	500	6	discredit	obj_rel	unexpected	The senators that the consultant thrashes discredits	0.01629159314541081	0.01629159314541081	12.4409716129303	12.4409716129303
999	gpt2	1000	500	6	discredit	obj_rel	expected	The senators that the consultant thrashes discredit	1.1406973499106243e-05	1.1406973499106243e-05	16.419723510742188	16.419723510742188
1000	gpt2	1001	501	6	discuss	obj_rel	unexpected	The senators that the consultant thrashes discusses	6.937708349141758e-06	6.937708349141758e-06	17.137109756469727	17.137109756469727
1001	gpt2	1002	501	6	discuss	obj_rel	expected	The senators that the consultant thrashes discuss	3.3283315133303404e-05	3.3283315133303404e-05	14.874841690063477	14.874841690063477
1002	gpt2	1003	502	6	disdain	obj_rel	unexpected	The senators that the consultant thrashes disdains	0.047822754952600584	0.047822754952600584	8.184657017389933	8.184657017389933
1003	gpt2	1004	502	6	disdain	obj_rel	expected	The senators that the consultant thrashes disdain	8.30930639494909e-06	8.30930639494909e-06	16.876840591430664	16.876840591430664
1004	gpt2	1005	503	6	disengage	obj_rel	unexpected	The senators that the consultant thrashes disengages	0.014209088607330484	0.014209088607330484	13.109940052032472	13.109940052032472
1005	gpt2	1006	503	6	disengage	obj_rel	expected	The senators that the consultant thrashes disengage	0.10820784579833284	0.10820784579833284	11.645470619201662	11.645470619201662
1006	gpt2	1007	504	6	disguise	obj_rel	unexpected	The senators that the consultant thrashes disguises	0.4489181103054847	0.4489181103054847	11.94273390620947	11.94273390620947
1007	gpt2	1008	504	6	disguise	obj_rel	expected	The senators that the consultant thrashes disguise	2.6728681490340026e-08	2.6728681490340026e-08	25.15703582763672	25.15703582763672
1008	gpt2	1009	505	6	dish	obj_rel	unexpected	The senators that the consultant thrashes dishes	4.282503027752682e-07	4.282503027752682e-07	21.15504264831543	21.15504264831543
1009	gpt2	1010	505	6	dish	obj_rel	expected	The senators that the consultant thrashes dish	2.3252675873663975e-07	2.3252675873663975e-07	22.03610038757324	22.03610038757324
1010	gpt2	1011	506	6	dislike	obj_rel	unexpected	The senators that the consultant thrashes dislikes	0.18968756805475093	0.18968756805475093	9.583755850791931	9.583755850791931
1011	gpt2	1012	506	6	dislike	obj_rel	expected	The senators that the consultant thrashes dislike	7.411455044348258e-06	7.411455044348258e-06	17.041810989379883	17.041810989379883
1012	gpt2	1013	507	6	dismantle	obj_rel	unexpected	The senators that the consultant thrashes dismantles	0.42979347171591087	0.42979347171591087	10.97451613098383	10.97451613098383
1013	gpt2	1014	507	6	dismantle	obj_rel	expected	The senators that the consultant thrashes dismantle	1.891144165711012e-06	1.891144165711012e-06	19.01231002807617	19.01231002807617
1014	gpt2	1015	508	6	dismember	obj_rel	unexpected	The senators that the consultant thrashes dismembers	4.857418934989255e-05	4.857418934989255e-05	14.559884071350098	14.559884071350098
1015	gpt2	1016	508	6	dismember	obj_rel	expected	The senators that the consultant thrashes dismember	0.014506932828510307	0.014506932828510307	12.5859739780426	12.5859739780426
1016	gpt2	1017	509	6	dismiss	obj_rel	unexpected	The senators that the consultant thrashes dismisses	0.008718956054508401	0.008718956054508401	9.529845952987671	9.529845952987671
1017	gpt2	1018	509	6	dismiss	obj_rel	expected	The senators that the consultant thrashes dismiss	0.0001055854881997	0.0001055854881997	13.209300994873049	13.209300994873049
1018	gpt2	1019	510	6	disobey	obj_rel	unexpected	The senators that the consultant thrashes disobeys	0.24500549084647597	0.24500549084647597	7.826815048853557	7.826815048853557
1019	gpt2	1020	510	6	disobey	obj_rel	expected	The senators that the consultant thrashes disobey	0.270038299867565	0.270038299867565	9.905543476343153	9.905543476343153
1020	gpt2	1021	511	6	disparage	obj_rel	unexpected	The senators that the consultant thrashes disparages	0.03534272001206771	0.03534272001206771	10.331270456314087	10.331270456314087
1021	gpt2	1022	511	6	disparage	obj_rel	expected	The senators that the consultant thrashes disparage	0.2518056339126815	0.2518056339126815	8.914782881736755	8.914782881736755
1022	gpt2	1023	512	6	dispatch	obj_rel	unexpected	The senators that the consultant thrashes dispatches	0.01917358165951554	0.01917358165951554	11.029078960418701	11.029078960418701
1023	gpt2	1024	512	6	dispatch	obj_rel	expected	The senators that the consultant thrashes dispatch	3.107994643869461e-06	3.107994643869461e-06	18.295583724975582	18.295583724975582
1024	gpt2	1025	513	6	dispel	obj_rel	unexpected	The senators that the consultant thrashes dispels	0.0023181455151188423	0.0023181455151188423	12.553935050964355	12.553935050964355
1025	gpt2	1026	513	6	dispel	obj_rel	expected	The senators that the consultant thrashes dispel	1.3345962202038208e-07	1.3345962202038208e-07	22.837093353271484	22.837093353271484
1026	gpt2	1027	514	6	dispense	obj_rel	unexpected	The senators that the consultant thrashes dispenses	0.012421031057556292	0.012421031057556292	11.342307567596436	11.342307567596436
1027	gpt2	1028	514	6	dispense	obj_rel	expected	The senators that the consultant thrashes dispense	0.12578395618470495	0.12578395618470495	9.67210578918457	9.67210578918457
1028	gpt2	1029	515	6	displace	obj_rel	unexpected	The senators that the consultant thrashes displaces	0.32817202140709867	0.32817202140709867	11.567076176404955	11.567076176404955
1029	gpt2	1030	515	6	displace	obj_rel	expected	The senators that the consultant thrashes displace	0.004125137065784621	0.004125137065784621	11.16128134727478	11.16128134727478
1030	gpt2	1031	516	6	display	obj_rel	unexpected	The senators that the consultant thrashes displays	1.6025460354285317e-06	1.6025460354285317e-06	19.251203536987305	19.251203536987305
1031	gpt2	1032	516	6	display	obj_rel	expected	The senators that the consultant thrashes display	2.371736627537757e-06	2.371736627537757e-06	18.685625076293945	18.685625076293945
1032	gpt2	1033	517	6	dispose	obj_rel	unexpected	The senators that the consultant thrashes disposes	0.000755974100684371	0.000755974100684371	12.394410610198975	12.394410610198975
1033	gpt2	1034	517	6	dispose	obj_rel	expected	The senators that the consultant thrashes dispose	6.370501068886369e-07	6.370501068886369e-07	20.582090377807617	20.582090377807617
1034	gpt2	1035	518	6	disprove	obj_rel	unexpected	The senators that the consultant thrashes disproves	0.07844394957032819	0.07844394957032819	9.950899720191956	9.950899720191956
1035	gpt2	1036	518	6	disprove	obj_rel	expected	The senators that the consultant thrashes disprove	0.307166343083054	0.307166343083054	8.966234415769577	8.966234415769577
1036	gpt2	1037	519	6	dispute	obj_rel	unexpected	The senators that the consultant thrashes disputes	4.528803401626647e-06	4.528803401626647e-06	17.752437591552734	17.752437591552734
1037	gpt2	1038	519	6	dispute	obj_rel	expected	The senators that the consultant thrashes dispute	8.973952390078921e-06	8.973952390078921e-06	16.765825271606445	16.765825271606445
1038	gpt2	1039	520	6	disqualify	obj_rel	unexpected	The senators that the consultant thrashes disqualifies	0.07399540182180428	0.07399540182180428	11.53195869922638	11.53195869922638
1039	gpt2	1040	520	6	disqualify	obj_rel	expected	The senators that the consultant thrashes disqualify	0.3948921540004733	0.3948921540004733	10.323980063199997	10.323980063199997
1040	gpt2	1041	521	6	disregard	obj_rel	unexpected	The senators that the consultant thrashes disregards	0.008765077612451884	0.008765077612451884	12.060692071914673	12.060692071914673
1041	gpt2	1042	521	6	disregard	obj_rel	expected	The senators that the consultant thrashes disregard	8.086437333076901e-07	8.086437333076901e-07	20.237993240356445	20.237993240356445
1042	gpt2	1043	522	6	disrupt	obj_rel	unexpected	The senators that the consultant thrashes disrupts	0.02516391136032322	0.02516391136032322	11.212658882141113	11.212658882141113
1043	gpt2	1044	522	6	disrupt	obj_rel	expected	The senators that the consultant thrashes disrupt	3.528004526742734e-06	3.528004526742734e-06	18.112716674804688	18.112716674804688
1044	gpt2	1045	523	6	dissipate	obj_rel	unexpected	The senators that the consultant thrashes dissipates	0.0054524872733167805	0.0054524872733167805	13.10349106788635	13.10349106788635
1045	gpt2	1046	523	6	dissipate	obj_rel	expected	The senators that the consultant thrashes dissipate	0.19830381463299318	0.19830381463299318	10.511087894439695	10.511087894439695
1046	gpt2	1047	524	6	dissociate	obj_rel	unexpected	The senators that the consultant thrashes dissociates	0.20357302989380818	0.20357302989380818	9.037862559159597	9.037862559159597
1047	gpt2	1048	524	6	dissociate	obj_rel	expected	The senators that the consultant thrashes dissociate	0.007545430122945617	0.007545430122945617	12.241293907165527	12.241293907165527
1048	gpt2	1049	525	6	dissolve	obj_rel	unexpected	The senators that the consultant thrashes dissolves	0.010267255737517167	0.010267255737517167	12.019070386886597	12.019070386886597
1049	gpt2	1050	525	6	dissolve	obj_rel	expected	The senators that the consultant thrashes dissolve	3.272604658377532e-07	3.272604658377532e-07	21.54305648803711	21.54305648803711
1050	gpt2	1051	526	6	dissuade	obj_rel	unexpected	The senators that the consultant thrashes dissuades	0.011050903742614042	0.011050903742614042	13.06552267074585	13.06552267074585
1051	gpt2	1052	526	6	dissuade	obj_rel	expected	The senators that the consultant thrashes dissuade	0.4049661853736666	0.4049661853736666	10.467720553278923	10.467720553278923
1052	gpt2	1053	527	6	distance	obj_rel	unexpected	The senators that the consultant thrashes distances	5.150887432137097e-07	5.150887432137097e-07	20.888675689697266	20.888675689697266
1053	gpt2	1054	527	6	distance	obj_rel	expected	The senators that the consultant thrashes distance	6.641377581217967e-07	6.641377581217967e-07	20.52201461791992	20.52201461791992
1054	gpt2	1055	528	6	distinguish	obj_rel	unexpected	The senators that the consultant thrashes distinguishes	4.535042137376877e-07	4.535042137376877e-07	21.07238006591797	21.07238006591797
1055	gpt2	1056	528	6	distinguish	obj_rel	expected	The senators that the consultant thrashes distinguish	7.444234597642208e-07	7.444234597642208e-07	20.357372283935547	20.357372283935547
1056	gpt2	1057	529	6	distort	obj_rel	unexpected	The senators that the consultant thrashes distorts	0.03699337923171696	0.03699337923171696	10.504576802253723	10.504576802253723
1057	gpt2	1058	529	6	distort	obj_rel	expected	The senators that the consultant thrashes distort	3.961380116379587e-06	3.961380116379587e-06	17.945566177368164	17.945566177368164
1058	gpt2	1059	530	6	distract	obj_rel	unexpected	The senators that the consultant thrashes distracts	0.012631319484967199	0.012631319484967199	11.89712119102478	11.89712119102478
1059	gpt2	1060	530	6	distract	obj_rel	expected	The senators that the consultant thrashes distract	2.721367991398438e-06	2.721367991398438e-06	18.48723602294922	18.48723602294922
1060	gpt2	1061	531	6	distribute	obj_rel	unexpected	The senators that the consultant thrashes distributes	0.005796766366984208	0.005796766366984208	11.841886281967163	11.841886281967163
1061	gpt2	1062	531	6	distribute	obj_rel	expected	The senators that the consultant thrashes distribute	2.9194234230089933e-06	2.9194234230089933e-06	18.38588523864746	18.38588523864746
1062	gpt2	1063	532	6	disturb	obj_rel	unexpected	The senators that the consultant thrashes disturbs	0.4946385865849266	0.4946385865849266	9.608800602145493	9.608800602145493
1063	gpt2	1064	532	6	disturb	obj_rel	expected	The senators that the consultant thrashes disturb	1.3662616993315169e-06	1.3662616993315169e-06	19.481334686279297	19.481334686279297
1064	gpt2	1065	533	6	diverge	obj_rel	unexpected	The senators that the consultant thrashes diverges	0.0031103582057596664	0.0031103582057596664	13.769365787506104	13.769365787506104
1065	gpt2	1066	533	6	diverge	obj_rel	expected	The senators that the consultant thrashes diverge	0.05277138826730261	0.05277138826730261	11.726974248886108	11.726974248886108
1066	gpt2	1067	534	6	diversify	obj_rel	unexpected	The senators that the consultant thrashes diversifies	0.00177207072184156	0.00177207072184156	14.327497959136963	14.327497959136963
1067	gpt2	1068	534	6	diversify	obj_rel	expected	The senators that the consultant thrashes diversify	0.01818213281140401	0.01818213281140401	12.647868394851685	12.647868394851685
1068	gpt2	1069	535	6	divert	obj_rel	unexpected	The senators that the consultant thrashes diverts	0.03127942485096467	0.03127942485096467	12.104249119758606	12.104249119758606
1069	gpt2	1070	535	6	divert	obj_rel	expected	The senators that the consultant thrashes divert	6.765859552615439e-07	6.765859552615439e-07	20.49522399902344	20.49522399902344
1070	gpt2	1071	536	6	divest	obj_rel	unexpected	The senators that the consultant thrashes divests	0.0026526577761387367	0.0026526577761387367	14.258138656616211	14.258138656616211
1071	gpt2	1072	536	6	divest	obj_rel	expected	The senators that the consultant thrashes divest	7.566459458985264e-08	7.566459458985264e-08	23.655805587768555	23.655805587768555
1072	gpt2	1073	537	6	divide	obj_rel	unexpected	The senators that the consultant thrashes divides	2.662152098764637e-07	2.662152098764637e-07	21.840904235839844	21.840904235839844
1073	gpt2	1074	537	6	divide	obj_rel	expected	The senators that the consultant thrashes divide	8.206263828469673e-07	8.206263828469673e-07	20.21677017211914	20.21677017211914
1074	gpt2	1075	538	6	doctor	obj_rel	unexpected	The senators that the consultant thrashes doctors	6.315409336821176e-06	6.315409336821176e-06	17.27269172668457	17.27269172668457
1075	gpt2	1076	538	6	doctor	obj_rel	expected	The senators that the consultant thrashes doctor	2.0819973087782277e-06	2.0819973087782277e-06	18.87360000610352	18.87360000610352
1076	gpt2	1077	539	6	document	obj_rel	unexpected	The senators that the consultant thrashes documents	7.729187018412631e-06	7.729187018412631e-06	16.981252670288086	16.981252670288086
1077	gpt2	1078	539	6	document	obj_rel	expected	The senators that the consultant thrashes document	1.764462467690464e-06	1.764462467690464e-06	19.11233901977539	19.11233901977539
1078	gpt2	1079	540	6	dole	obj_rel	unexpected	The senators that the consultant thrashes doles	0.0006033511381246923	0.0006033511381246923	11.860748291015625	11.860748291015625
1079	gpt2	1080	540	6	dole	obj_rel	expected	The senators that the consultant thrashes dole	0.0011770743294619	0.0011770743294619	9.731151580810547	9.731151580810547
1080	gpt2	1081	541	6	dominate	obj_rel	unexpected	The senators that the consultant thrashes dominates	1.1329299240969704e-06	1.1329299240969704e-06	19.751510620117188	19.751510620117188
1081	gpt2	1082	541	6	dominate	obj_rel	expected	The senators that the consultant thrashes dominate	1.1154809726576786e-05	1.1154809726576786e-05	16.451974868774414	16.451974868774414
1082	gpt2	1083	542	6	donate	obj_rel	unexpected	The senators that the consultant thrashes donates	0.0007566812510049143	0.0007566812510049143	11.779963970184326	11.779963970184326
1083	gpt2	1084	542	6	donate	obj_rel	expected	The senators that the consultant thrashes donate	1.4492605941995862e-06	1.4492605941995862e-06	19.3962516784668	19.3962516784668
1084	gpt2	1085	543	6	don	obj_rel	unexpected	The senators that the consultant thrashes dons	0.005630614970868892	0.005630614970868892	10.214877128601074	10.214877128601074
1085	gpt2	1086	543	6	don	obj_rel	expected	The senators that the consultant thrashes don	0.001457896316424	0.001457896316424	9.42189598083496	9.42189598083496
1086	gpt2	1087	544	6	double	obj_rel	unexpected	The senators that the consultant thrashes doubles	5.138641085977724e-07	5.138641085977724e-07	20.892108917236328	20.892108917236328
1087	gpt2	1088	544	6	double	obj_rel	expected	The senators that the consultant thrashes double	2.907775524363388e-06	2.907775524363388e-06	18.39165306091309	18.39165306091309
1088	gpt2	1089	545	6	doubt	obj_rel	unexpected	The senators that the consultant thrashes doubts	2.905203245973098e-06	2.905203245973098e-06	18.39292907714844	18.39292907714844
1089	gpt2	1090	545	6	doubt	obj_rel	expected	The senators that the consultant thrashes doubt	7.041479420877295e-06	7.041479420877295e-06	17.115690231323242	17.115690231323242
1090	gpt2	1091	546	6	do	obj_rel	unexpected	The senators that the consultant thrashes does	0.0002303104411112	0.0002303104411112	12.084132194519045	12.084132194519045
1091	gpt2	1092	546	6	do	obj_rel	expected	The senators that the consultant thrashes do	0.0012102440232411	0.0012102440232411	9.690485954284668	9.690485954284668
1092	gpt2	1093	547	6	downsize	obj_rel	unexpected	The senators that the consultant thrashes downsizes	2.123403845644134e-05	2.123403845644134e-05	18.244109630584717	18.244109630584717
1093	gpt2	1094	547	6	downsize	obj_rel	expected	The senators that the consultant thrashes downsize	0.002519089394581893	0.002519089394581893	12.849880933761597	12.849880933761597
1094	gpt2	1095	548	6	draft	obj_rel	unexpected	The senators that the consultant thrashes drafts	7.5244934123475105e-06	7.5244934123475105e-06	17.019973754882812	17.019973754882812
1095	gpt2	1096	548	6	draft	obj_rel	expected	The senators that the consultant thrashes draft	3.151344935758971e-05	3.151344935758971e-05	14.953672409057615	14.953672409057615
1096	gpt2	1097	549	6	drag	obj_rel	unexpected	The senators that the consultant thrashes drags	0.30587830356739687	0.30587830356739687	9.262178391218185	9.262178391218185
1097	gpt2	1098	549	6	drag	obj_rel	expected	The senators that the consultant thrashes drag	4.62983871329925e-06	4.62983871329925e-06	17.720605850219727	17.720605850219727
1098	gpt2	1099	550	6	drain	obj_rel	unexpected	The senators that the consultant thrashes drains	8.165793587977532e-07	8.165793587977532e-07	20.22390365600586	20.22390365600586
1099	gpt2	1100	550	6	drain	obj_rel	expected	The senators that the consultant thrashes drain	7.900200102994859e-07	7.900200102994859e-07	20.2716064453125	20.2716064453125
1100	gpt2	1101	551	6	drape	obj_rel	unexpected	The senators that the consultant thrashes drapes	0.24832716183057826	0.24832716183057826	7.243258665005366	7.243258665005366
1101	gpt2	1102	551	6	drape	obj_rel	expected	The senators that the consultant thrashes drape	0.0016096552499220422	0.0016096552499220422	11.128393650054932	11.128393650054932
1102	gpt2	1103	552	6	draw	obj_rel	unexpected	The senators that the consultant thrashes draws	4.059345428686356e-06	4.059345428686356e-06	17.910322189331055	17.910322189331055
1103	gpt2	1104	552	6	draw	obj_rel	expected	The senators that the consultant thrashes draw	7.062461918394547e-06	7.062461918394547e-06	17.11139678955078	17.11139678955078
1104	gpt2	1105	553	6	dream	obj_rel	unexpected	The senators that the consultant thrashes dreams	1.1130666280223522e-05	1.1130666280223522e-05	16.455101013183594	16.455101013183594
1105	gpt2	1106	553	6	dream	obj_rel	expected	The senators that the consultant thrashes dream	2.207289981015492e-05	2.207289981015492e-05	15.467364311218262	15.467364311218262
1106	gpt2	1107	554	6	dress	obj_rel	unexpected	The senators that the consultant thrashes dresses	6.731876283083693e-07	6.731876283083693e-07	20.502487182617188	20.502487182617188
1107	gpt2	1108	554	6	dress	obj_rel	expected	The senators that the consultant thrashes dress	1.2826617421524134e-06	1.2826617421524134e-06	19.57242774963379	19.57242774963379
1108	gpt2	1109	555	6	drift	obj_rel	unexpected	The senators that the consultant thrashes drifts	0.04716961048029588	0.04716961048029588	10.61072051525116	10.61072051525116
1109	gpt2	1110	555	6	drift	obj_rel	expected	The senators that the consultant thrashes drift	2.028227328310095e-07	2.028227328310095e-07	22.2332763671875	22.2332763671875
1110	gpt2	1111	556	6	drill	obj_rel	unexpected	The senators that the consultant thrashes drills	4.941103952660342e-07	4.941103952660342e-07	20.94866371154785	20.94866371154785
1111	gpt2	1112	556	6	drill	obj_rel	expected	The senators that the consultant thrashes drill	4.773469299834687e-07	4.773469299834687e-07	20.998458862304688	20.998458862304688
1112	gpt2	1113	557	6	drink	obj_rel	unexpected	The senators that the consultant thrashes drinks	1.5926489140838385e-06	1.5926489140838385e-06	19.26013946533203	19.26013946533203
1113	gpt2	1114	557	6	drink	obj_rel	expected	The senators that the consultant thrashes drink	1.576281192683382e-06	1.576281192683382e-06	19.275043487548828	19.275043487548828
1114	gpt2	1115	558	6	drive	obj_rel	unexpected	The senators that the consultant thrashes drives	4.588834599417169e-06	4.588834599417169e-06	17.733440399169922	17.733440399169922
1115	gpt2	1116	558	6	drive	obj_rel	expected	The senators that the consultant thrashes drive	1.1919615644728763e-05	1.1919615644728763e-05	16.35630226135254	16.35630226135254
1116	gpt2	1117	559	6	drop	obj_rel	unexpected	The senators that the consultant thrashes drops	1.5907302213236107e-06	1.5907302213236107e-06	19.26187896728516	19.26187896728516
1117	gpt2	1118	559	6	drop	obj_rel	expected	The senators that the consultant thrashes drop	7.204284429462859e-06	7.204284429462859e-06	17.082714080810547	17.082714080810547
1118	gpt2	1119	560	6	drown	obj_rel	unexpected	The senators that the consultant thrashes drowns	0.005093770059630706	0.005093770059630706	13.646578311920164	13.646578311920164
1119	gpt2	1120	560	6	drown	obj_rel	expected	The senators that the consultant thrashes drown	5.968936989120266e-07	5.968936989120266e-07	20.67602157592773	20.67602157592773
1120	gpt2	1121	561	6	drum	obj_rel	unexpected	The senators that the consultant thrashes drums	2.551461420807754e-06	2.551461420807754e-06	18.58024406433105	18.58024406433105
1121	gpt2	1122	561	6	drum	obj_rel	expected	The senators that the consultant thrashes drum	9.114298336498903e-06	9.114298336498903e-06	16.743436813354492	16.743436813354492
1122	gpt2	1123	562	6	dry	obj_rel	unexpected	The senators that the consultant thrashes dries	0.009191160194689005	0.009191160194689005	13.333477020263672	13.333477020263672
1123	gpt2	1124	562	6	dry	obj_rel	expected	The senators that the consultant thrashes dry	6.218067483132472e-06	6.218067483132472e-06	17.295103073120117	17.295103073120117
1124	gpt2	1125	563	6	dump	obj_rel	unexpected	The senators that the consultant thrashes dumps	3.473531364761584e-07	3.473531364761584e-07	21.457094192504883	21.457094192504883
1125	gpt2	1126	563	6	dump	obj_rel	expected	The senators that the consultant thrashes dump	2.4408705030509736e-06	2.4408705030509736e-06	18.64417266845703	18.64417266845703
1126	gpt2	1127	564	6	duplicate	obj_rel	unexpected	The senators that the consultant thrashes duplicates	0.05413463572995167	0.05413463572995167	11.535790920257568	11.535790920257568
1127	gpt2	1128	564	6	duplicate	obj_rel	expected	The senators that the consultant thrashes duplicate	6.28658654022729e-07	6.28658654022729e-07	20.601219177246094	20.601219177246094
1128	gpt2	1129	565	6	dwarf	obj_rel	unexpected	The senators that the consultant thrashes dwarfs	0.4090045386159886	0.4090045386159886	10.353707507252693	10.353707507252693
1129	gpt2	1130	565	6	dwarf	obj_rel	expected	The senators that the consultant thrashes dwarf	8.098291459646134e-07	8.098291459646134e-07	20.23587989807129	20.23587989807129
1130	gpt2	1131	566	6	earmark	obj_rel	unexpected	The senators that the consultant thrashes earmarks	0.023426139228831695	0.023426139228831695	10.162115097045898	10.162115097045898
1131	gpt2	1132	566	6	earmark	obj_rel	expected	The senators that the consultant thrashes earmark	0.10883809203733105	0.10883809203733105	9.053922295570374	9.053922295570374
1132	gpt2	1133	567	6	earn	obj_rel	unexpected	The senators that the consultant thrashes earns	4.51838104709168e-06	4.51838104709168e-06	17.755762100219727	17.755762100219727
1133	gpt2	1134	567	6	earn	obj_rel	expected	The senators that the consultant thrashes earn	1.6916392269195057e-05	1.6916392269195057e-05	15.851218223571776	15.851218223571776
1134	gpt2	1135	568	6	ease	obj_rel	unexpected	The senators that the consultant thrashes eases	0.003983200191214549	0.003983200191214549	11.00467848777771	11.00467848777771
1135	gpt2	1136	568	6	ease	obj_rel	expected	The senators that the consultant thrashes ease	9.606105777493212e-07	9.606105777493212e-07	19.98954391479492	19.98954391479492
1136	gpt2	1137	569	6	eat	obj_rel	unexpected	The senators that the consultant thrashes eats	3.6537522873913996e-07	3.6537522873913996e-07	21.384117126464844	21.384117126464844
1137	gpt2	1138	569	6	eat	obj_rel	expected	The senators that the consultant thrashes eat	1.0097694939759094e-05	1.0097694939759094e-05	16.59561538696289	16.59561538696289
1138	gpt2	1139	570	6	eavesdrop	obj_rel	unexpected	The senators that the consultant thrashes eavesdrops	0.008138018634895144	0.008138018634895144	13.088198184967041	13.088198184967041
1139	gpt2	1140	570	6	eavesdrop	obj_rel	expected	The senators that the consultant thrashes eavesdrop	0.038600984004119696	0.038600984004119696	11.96522581577301	11.96522581577301
1140	gpt2	1141	571	6	ebb	obj_rel	unexpected	The senators that the consultant thrashes ebbs	0.26462474411191295	0.26462474411191295	11.670893877744675	11.670893877744675
1141	gpt2	1142	571	6	ebb	obj_rel	expected	The senators that the consultant thrashes ebb	0.003354406811922649	0.003354406811922649	11.129122257232666	11.129122257232666
1142	gpt2	1143	572	6	echo	obj_rel	unexpected	The senators that the consultant thrashes echoes	5.118590252095601e-06	5.118590252095601e-06	17.575822830200195	17.575822830200195
1143	gpt2	1144	572	6	echo	obj_rel	expected	The senators that the consultant thrashes echo	1.0402345651527868e-05	1.0402345651527868e-05	16.552732467651367	16.552732467651367
1144	gpt2	1145	573	6	eclipse	obj_rel	unexpected	The senators that the consultant thrashes eclipses	0.023066786627730092	0.023066786627730092	13.28047299385071	13.28047299385071
1145	gpt2	1146	573	6	eclipse	obj_rel	expected	The senators that the consultant thrashes eclipse	1.1735971838788829e-07	1.1735971838788829e-07	23.022560119628903	23.022560119628903
1146	gpt2	1147	574	6	economize	obj_rel	unexpected	The senators that the consultant thrashes economizes	0.03337910955982078	0.03337910955982078	14.79277229309082	14.79277229309082
1147	gpt2	1148	574	6	economize	obj_rel	expected	The senators that the consultant thrashes economize	0.19111284053163402	0.19111284053163402	13.534068524837494	13.534068524837494
1148	gpt2	1149	575	6	edge	obj_rel	unexpected	The senators that the consultant thrashes edges	4.867691814069985e-07	4.867691814069985e-07	20.970258712768555	20.970258712768555
1149	gpt2	1150	575	6	edge	obj_rel	expected	The senators that the consultant thrashes edge	1.2495885357566294e-06	1.2495885357566294e-06	19.61011505126953	19.61011505126953
1150	gpt2	1151	576	6	edit	obj_rel	unexpected	The senators that the consultant thrashes edits	2.991631049553689e-07	2.991631049553689e-07	21.672563552856445	21.672563552856445
1151	gpt2	1152	576	6	edit	obj_rel	expected	The senators that the consultant thrashes edit	4.2422442447787045e-07	4.2422442447787045e-07	21.16866874694824	21.16866874694824
1152	gpt2	1153	577	6	educate	obj_rel	unexpected	The senators that the consultant thrashes educates	0.15164518015248515	0.15164518015248515	11.980918765068054	11.980918765068054
1153	gpt2	1154	577	6	educate	obj_rel	expected	The senators that the consultant thrashes educate	1.7456897012380068e-06	1.7456897012380068e-06	19.12777137756348	19.12777137756348
1154	gpt2	1155	578	6	effect	obj_rel	unexpected	The senators that the consultant thrashes effects	5.43129715424584e-07	5.43129715424584e-07	20.81220054626465	20.81220054626465
1155	gpt2	1156	578	6	effect	obj_rel	expected	The senators that the consultant thrashes effect	2.257574124087114e-06	2.257574124087114e-06	18.75679588317871	18.75679588317871
1156	gpt2	1157	579	6	elaborate	obj_rel	unexpected	The senators that the consultant thrashes elaborates	0.0156122041239541	0.0156122041239541	12.646010875701906	12.646010875701906
1157	gpt2	1158	579	6	elaborate	obj_rel	expected	The senators that the consultant thrashes elaborate	5.659819635184249e-07	5.659819635184249e-07	20.75274085998535	20.75274085998535
1158	gpt2	1159	580	6	elect	obj_rel	unexpected	The senators that the consultant thrashes elects	0.0043635891615849244	0.0043635891615849244	10.953972816467285	10.953972816467285
1159	gpt2	1160	580	6	elect	obj_rel	expected	The senators that the consultant thrashes elect	2.921686609624885e-05	2.921686609624885e-05	15.062838554382324	15.062838554382324
1160	gpt2	1161	581	6	eliminate	obj_rel	unexpected	The senators that the consultant thrashes eliminates	1.214251483361295e-06	1.214251483361295e-06	19.651500701904297	19.651500701904297
1161	gpt2	1162	581	6	eliminate	obj_rel	expected	The senators that the consultant thrashes eliminate	3.008742623933358e-06	3.008742623933358e-06	18.3424072265625	18.3424072265625
1162	gpt2	1163	582	6	elongate	obj_rel	unexpected	The senators that the consultant thrashes elongates	0.00928612157414928	0.00928612157414928	14.808309555053711	14.808309555053711
1163	gpt2	1164	582	6	elongate	obj_rel	expected	The senators that the consultant thrashes elongate	0.2323879777611353	0.2323879777611353	12.485649287700653	12.485649287700653
1164	gpt2	1165	583	6	emasculate	obj_rel	unexpected	The senators that the consultant thrashes emasculates	0.07138541086317214	0.07138541086317214	7.606791853904724	7.606791853904724
1165	gpt2	1166	583	6	emasculate	obj_rel	expected	The senators that the consultant thrashes emasculate	0.23391537579448138	0.23391537579448138	6.437473505735397	6.437473505735397
1166	gpt2	1167	584	6	embark	obj_rel	unexpected	The senators that the consultant thrashes embarks	0.17127842664208967	0.17127842664208967	11.717306196689606	11.717306196689606
1167	gpt2	1168	584	6	embark	obj_rel	expected	The senators that the consultant thrashes embark	2.1580156328582237e-07	2.1580156328582237e-07	22.14379119873047	22.14379119873047
1168	gpt2	1169	585	6	embarrass	obj_rel	unexpected	The senators that the consultant thrashes embarrasses	0.006126195863259867	0.006126195863259867	12.858331441879272	12.858331441879272
1169	gpt2	1170	585	6	embarrass	obj_rel	expected	The senators that the consultant thrashes embarrass	1.480282094235008e-06	1.480282094235008e-06	19.36569595336914	19.36569595336914
1170	gpt2	1171	586	6	embellish	obj_rel	unexpected	The senators that the consultant thrashes embellishes	0.0046715312762301755	0.0046715312762301755	15.174561262130737	15.174561262130737
1171	gpt2	1172	586	6	embellish	obj_rel	expected	The senators that the consultant thrashes embellish	0.17268216052410423	0.17268216052410423	12.570515513420105	12.570515513420105
1172	gpt2	1173	587	6	embrace	obj_rel	unexpected	The senators that the consultant thrashes embraces	3.605183849231253e-07	3.605183849231253e-07	21.40342330932617	21.40342330932617
1173	gpt2	1174	587	6	embrace	obj_rel	expected	The senators that the consultant thrashes embrace	1.7863241055238175e-06	1.7863241055238175e-06	19.09457397460937	19.09457397460937
1174	gpt2	1175	588	6	emerge	obj_rel	unexpected	The senators that the consultant thrashes emerges	6.052027856640052e-07	6.052027856640052e-07	20.656078338623047	20.656078338623047
1175	gpt2	1176	588	6	emerge	obj_rel	expected	The senators that the consultant thrashes emerge	2.075906650134129e-06	2.075906650134129e-06	18.877826690673828	18.877826690673828
1176	gpt2	1177	589	7	emote	obj_rel	unexpected	The senator that the consultant frets emote	0.005106802155864881	0.005106802155864881	12.65635061264038	12.65635061264038
1177	gpt2	1178	589	7	emote	obj_rel	expected	The senator that the consultant frets emotes	0.026073195965082615	0.026073195965082615	13.76677989959717	13.76677989959717
1178	gpt2	1179	590	7	empathize	obj_rel	unexpected	The senator that the consultant frets empathize	0.006940729941021564	0.006940729941021564	14.585053205490112	14.585053205490112
1179	gpt2	1180	590	7	empathize	obj_rel	expected	The senator that the consultant frets empathizes	0.3891779482613913	0.3891779482613913	11.680447801947594	11.680447801947594
1180	gpt2	1181	591	7	emphasize	obj_rel	unexpected	The senator that the consultant frets emphasize	1.0690600404927864e-08	1.0690600404927864e-08	26.479082107543945	26.479082107543945
1181	gpt2	1182	591	7	emphasize	obj_rel	expected	The senator that the consultant frets emphasizes	1.1489358087146685e-07	1.1489358087146685e-07	23.053197860717773	23.053197860717773
1182	gpt2	1183	592	7	emphaticize	obj_rel	unexpected	The senator that the consultant frets emphaticize	0.19295207698526262	0.19295207698526262	14.809426188468933	14.809426188468933
1183	gpt2	1184	592	7	emphaticize	obj_rel	expected	The senator that the consultant frets emphaticizes	0.1929565556262419	0.1929565556262419	14.168564677238464	14.168564677238464
1184	gpt2	1185	593	7	employ	obj_rel	unexpected	The senator that the consultant frets employ	1.678401133631269e-07	1.678401133631269e-07	22.50640869140625	22.50640869140625
1185	gpt2	1186	593	7	employ	obj_rel	expected	The senator that the consultant frets employs	1.9945434814871987e-06	1.9945434814871987e-06	18.935510635375977	18.935510635375977
1186	gpt2	1187	594	7	empty	obj_rel	unexpected	The senator that the consultant frets empty	5.131838634042651e-07	5.131838634042651e-07	20.894020080566406	20.894020080566406
1187	gpt2	1188	594	7	empty	obj_rel	expected	The senator that the consultant frets empties	0.2645957353558117	0.2645957353558117	10.524653553962708	10.524653553962708
1188	gpt2	1189	595	7	emulate	obj_rel	unexpected	The senator that the consultant frets emulate	1.5267266562091212e-08	1.5267266562091212e-08	25.964982986450195	25.964982986450195
1189	gpt2	1190	595	7	emulate	obj_rel	expected	The senator that the consultant frets emulates	0.00709315255437558	0.00709315255437558	12.41930079460144	12.41930079460144
1190	gpt2	1191	596	7	enable	obj_rel	unexpected	The senator that the consultant frets enable	1.746612099395861e-08	1.746612099395861e-08	25.77086639404297	25.77086639404297
1191	gpt2	1192	596	7	enable	obj_rel	expected	The senator that the consultant frets enables	4.185162367775775e-07	4.185162367775775e-07	21.188213348388672	21.188213348388672
1192	gpt2	1193	597	7	enact	obj_rel	unexpected	The senator that the consultant frets enact	9.835469683139308e-08	9.835469683139308e-08	23.27743148803711	23.27743148803711
1193	gpt2	1194	597	7	enact	obj_rel	expected	The senator that the consultant frets enacts	0.0008928310510327657	0.0008928310510327657	14.31300735473633	14.31300735473633
1194	gpt2	1195	598	7	encapsulate	obj_rel	unexpected	The senator that the consultant frets encapsulate	0.006775564622671432	0.006775564622671432	12.937196016311646	12.937196016311646
1195	gpt2	1196	598	7	encapsulate	obj_rel	expected	The senator that the consultant frets encapsulates	0.2697855868531178	0.2697855868531178	10.279469698667526	10.279469698667526
1196	gpt2	1197	599	7	encompass	obj_rel	unexpected	The senator that the consultant frets encompass	7.45297512594334e-08	7.45297512594334e-08	23.677608489990234	23.677608489990234
1197	gpt2	1198	599	7	encompass	obj_rel	expected	The senator that the consultant frets encompasses	7.107587407517713e-07	7.107587407517713e-07	20.42413711547852	20.42413711547852
1198	gpt2	1199	600	7	encounter	obj_rel	unexpected	The senator that the consultant frets encounter	4.390312469126911e-08	4.390312469126911e-08	24.44110107421875	24.44110107421875
1199	gpt2	1200	600	7	encounter	obj_rel	expected	The senator that the consultant frets encounters	2.416722395537363e-07	2.416722395537363e-07	21.980443954467773	21.980443954467773
1200	gpt2	1201	601	7	encourage	obj_rel	unexpected	The senator that the consultant frets encourage	1.4085328814417153e-07	1.4085328814417153e-07	22.75930404663086	22.75930404663086
1201	gpt2	1202	601	7	encourage	obj_rel	expected	The senator that the consultant frets encourages	1.3509045402315678e-06	1.3509045402315678e-06	19.497642517089844	19.497642517089844
1202	gpt2	1203	602	7	endanger	obj_rel	unexpected	The senator that the consultant frets endanger	4.847767058890895e-07	4.847767058890895e-07	20.97617721557617	20.97617721557617
1203	gpt2	1204	602	7	endanger	obj_rel	expected	The senator that the consultant frets endangers	0.012366865565581957	0.012366865565581957	11.164384126663208	11.164384126663208
1204	gpt2	1205	603	7	endeavor	obj_rel	unexpected	The senator that the consultant frets endeavor	4.488580618300375e-09	4.488580618300375e-09	27.73109436035156	27.73109436035156
1205	gpt2	1206	603	7	endeavor	obj_rel	expected	The senator that the consultant frets endeavors	1.9391288574865942e-08	1.9391288574865942e-08	25.62001609802246	25.62001609802246
1206	gpt2	1207	604	7	endorse	obj_rel	unexpected	The senator that the consultant frets endorse	1.1855426151896609e-07	1.1855426151896609e-07	23.00794982910156	23.00794982910156
1207	gpt2	1208	604	7	endorse	obj_rel	expected	The senator that the consultant frets endorses	0.3845711888648111	0.3845711888648111	8.684817880392075	8.684817880392075
1208	gpt2	1209	605	7	endure	obj_rel	unexpected	The senator that the consultant frets endure	8.577798382702896e-08	8.577798382702896e-08	23.474817276000977	23.474817276000977
1209	gpt2	1210	605	7	endure	obj_rel	expected	The senator that the consultant frets endures	0.037001827535732404	0.037001827535732404	10.373676538467407	10.373676538467407
1210	gpt2	1211	606	7	end	obj_rel	unexpected	The senator that the consultant frets end	7.67743131291354e-06	7.67743131291354e-06	16.990943908691406	16.990943908691406
1211	gpt2	1212	606	7	end	obj_rel	expected	The senator that the consultant frets ends	8.749725566303823e-06	8.749725566303823e-06	16.802330017089844	16.802330017089844
1212	gpt2	1213	607	7	enforce	obj_rel	unexpected	The senator that the consultant frets enforce	5.838626648824175e-08	5.838626648824175e-08	24.0297966003418	24.0297966003418
1213	gpt2	1214	607	7	enforce	obj_rel	expected	The senator that the consultant frets enforces	0.0009127032046762657	0.0009127032046762657	14.297116279602053	14.297116279602053
1214	gpt2	1215	608	7	engage	obj_rel	unexpected	The senator that the consultant frets engage	4.0266876055738976e-08	4.0266876055738976e-08	24.56583023071289	24.56583023071289
1215	gpt2	1216	608	7	engage	obj_rel	expected	The senator that the consultant frets engages	2.283485258658402e-07	2.283485258658402e-07	22.062259674072266	22.062259674072266
1216	gpt2	1217	609	7	engineer	obj_rel	unexpected	The senator that the consultant frets engineer	3.9242372906755925e-08	3.9242372906755925e-08	24.603012084960938	24.603012084960938
1217	gpt2	1218	609	7	engineer	obj_rel	expected	The senator that the consultant frets engineers	8.491976188906848e-08	8.491976188906848e-08	23.48932456970215	23.48932456970215
1218	gpt2	1219	610	7	enhance	obj_rel	unexpected	The senator that the consultant frets enhance	3.079427379759636e-09	3.079427379759636e-09	28.27469062805176	28.27469062805176
1219	gpt2	1220	610	7	enhance	obj_rel	expected	The senator that the consultant frets enhances	1.784918310931971e-07	1.784918310931971e-07	22.417638778686523	22.417638778686523
1220	gpt2	1221	611	7	enjoin	obj_rel	unexpected	The senator that the consultant frets enjoin	0.00026602351340441566	0.00026602351340441566	15.187713623046877	15.187713623046877
1221	gpt2	1222	611	7	enjoin	obj_rel	expected	The senator that the consultant frets enjoins	0.3302939214689407	0.3302939214689407	9.49121472425759	9.49121472425759
1222	gpt2	1223	612	7	enjoy	obj_rel	unexpected	The senator that the consultant frets enjoy	1.273367757903543e-07	1.273367757903543e-07	22.904848098754883	22.904848098754883
1223	gpt2	1224	612	7	enjoy	obj_rel	expected	The senator that the consultant frets enjoys	1.2364292842903524e-06	1.2364292842903524e-06	19.625389099121094	19.625389099121094
1224	gpt2	1225	613	7	enlarge	obj_rel	unexpected	The senator that the consultant frets enlarge	5.112232859261211e-10	5.112232859261211e-10	30.865327835083008	30.865327835083008
1225	gpt2	1226	613	7	enlarge	obj_rel	expected	The senator that the consultant frets enlarges	0.13720106653885364	0.13720106653885364	12.712339401245117	12.712339401245117
1226	gpt2	1227	614	7	enlist	obj_rel	unexpected	The senator that the consultant frets enlist	9.816204027401909e-08	9.816204027401909e-08	23.28026008605957	23.28026008605957
1227	gpt2	1228	614	7	enlist	obj_rel	expected	The senator that the consultant frets enlists	0.0011734720703770656	0.0011734720703770656	14.115714073181154	14.115714073181154
1228	gpt2	1229	615	7	enroll	obj_rel	unexpected	The senator that the consultant frets enroll	4.333095375841367e-07	4.333095375841367e-07	21.138097763061523	21.138097763061523
1229	gpt2	1230	615	7	enroll	obj_rel	expected	The senator that the consultant frets enrolls	0.08666157036208229	0.08666157036208229	11.833282589912415	11.833282589912415
1230	gpt2	1231	616	7	ensue	obj_rel	unexpected	The senator that the consultant frets ensue	0.008077389254452755	0.008077389254452755	13.3386766910553	13.3386766910553
1231	gpt2	1232	616	7	ensue	obj_rel	expected	The senator that the consultant frets ensues	0.1776034735806604	0.1776034735806604	11.109338641166689	11.109338641166689
1232	gpt2	1233	617	7	ensure	obj_rel	unexpected	The senator that the consultant frets ensure	1.1464140925454559e-07	1.1464140925454559e-07	23.056367874145508	23.056367874145508
1233	gpt2	1234	617	7	ensure	obj_rel	expected	The senator that the consultant frets ensures	4.825368478122982e-07	4.825368478122982e-07	20.98285675048828	20.98285675048828
1234	gpt2	1235	618	7	entail	obj_rel	unexpected	The senator that the consultant frets entail	1.3287017708307758e-08	1.3287017708307758e-08	26.165407180786133	26.165407180786133
1235	gpt2	1236	618	7	entail	obj_rel	expected	The senator that the consultant frets entails	1.0712166158555192e-06	1.0712166158555192e-06	19.83231735229492	19.83231735229492
1236	gpt2	1237	619	7	enter	obj_rel	unexpected	The senator that the consultant frets enter	1.6911778288886128e-07	1.6911778288886128e-07	22.49546813964844	22.49546813964844
1237	gpt2	1238	619	7	enter	obj_rel	expected	The senator that the consultant frets enters	8.339970349879877e-07	8.339970349879877e-07	20.19345474243164	20.19345474243164
1238	gpt2	1239	620	7	entice	obj_rel	unexpected	The senator that the consultant frets entice	0.006420399704040836	0.006420399704040836	13.770212650299072	13.770212650299072
1239	gpt2	1240	620	7	entice	obj_rel	expected	The senator that the consultant frets entices	0.009491901089461387	0.009491901089461387	13.48818850517273	13.48818850517273
1240	gpt2	1241	621	7	entitle	obj_rel	unexpected	The senator that the consultant frets entitle	9.869252970418074e-09	9.869252970418074e-09	26.594411849975582	26.594411849975582
1241	gpt2	1242	621	7	entitle	obj_rel	expected	The senator that the consultant frets entitles	0.49284730502381535	0.49284730502381535	10.476677824743092	10.476677824743092
1242	gpt2	1243	622	7	entrench	obj_rel	unexpected	The senator that the consultant frets entrench	0.001260415477702236	0.001260415477702236	14.94468641281128	14.94468641281128
1243	gpt2	1244	622	7	entrench	obj_rel	expected	The senator that the consultant frets entrenches	0.008705687885196736	0.008705687885196736	13.550559282302856	13.550559282302856
1244	gpt2	1245	623	7	entrust	obj_rel	unexpected	The senator that the consultant frets entrust	0.11443046311757143	0.11443046311757143	11.692359447479248	11.692359447479248
1245	gpt2	1246	623	7	entrust	obj_rel	expected	The senator that the consultant frets entrusts	0.3019379018427344	0.3019379018427344	7.98253059387207	7.98253059387207
1246	gpt2	1247	624	7	envision	obj_rel	unexpected	The senator that the consultant frets envision	3.634939389485226e-07	3.634939389485226e-07	21.391565322875977	21.391565322875977
1247	gpt2	1248	624	7	envision	obj_rel	expected	The senator that the consultant frets envisions	0.3130861725358258	0.3130861725358258	11.960671097040176	11.960671097040176
1248	gpt2	1249	625	7	equal	obj_rel	unexpected	The senator that the consultant frets equal	6.322390504465147e-07	6.322390504465147e-07	20.593027114868164	20.593027114868164
1249	gpt2	1250	625	7	equal	obj_rel	expected	The senator that the consultant frets equals	9.6502810720267e-07	9.6502810720267e-07	19.982925415039062	19.982925415039062
1250	gpt2	1251	626	7	equate	obj_rel	unexpected	The senator that the consultant frets equate	1.4030675288267958e-08	1.4030675288267958e-08	26.08683967590332	26.08683967590332
1251	gpt2	1252	626	7	equate	obj_rel	expected	The senator that the consultant frets equates	0.18009217961412102	0.18009217961412102	9.722157835960388	9.722157835960388
1252	gpt2	1253	627	7	equip	obj_rel	unexpected	The senator that the consultant frets equip	1.707068930656419e-09	1.707068930656419e-09	29.125831604003903	29.125831604003903
1253	gpt2	1254	627	7	equip	obj_rel	expected	The senator that the consultant frets equips	0.0005272948667424801	0.0005272948667424801	13.932772159576416	13.932772159576416
1254	gpt2	1255	628	7	eradicate	obj_rel	unexpected	The senator that the consultant frets eradicate	1.1697287582990155e-09	1.1697287582990155e-09	29.671178817749023	29.671178817749023
1255	gpt2	1256	628	7	eradicate	obj_rel	expected	The senator that the consultant frets eradicates	0.016726591529200936	0.016726591529200936	14.631881952285767	14.631881952285767
1256	gpt2	1257	629	7	erase	obj_rel	unexpected	The senator that the consultant frets erase	3.669627046676282e-09	3.669627046676282e-09	28.02171897888184	28.02171897888184
1257	gpt2	1258	629	7	erase	obj_rel	expected	The senator that the consultant frets erases	0.059070855196608776	0.059070855196608776	11.844970822334291	11.844970822334291
1258	gpt2	1259	630	7	erect	obj_rel	unexpected	The senator that the consultant frets erect	3.96994970230935e-08	3.96994970230935e-08	24.5863037109375	24.5863037109375
1259	gpt2	1260	630	7	erect	obj_rel	expected	The senator that the consultant frets erects	0.18940817314526545	0.18940817314526545	12.993366718292236	12.993366718292236
1260	gpt2	1261	631	7	erode	obj_rel	unexpected	The senator that the consultant frets erode	0.0066876772828834245	0.0066876772828834245	13.4164354801178	13.4164354801178
1261	gpt2	1262	631	7	erode	obj_rel	expected	The senator that the consultant frets erodes	0.030466437157286873	0.030466437157286873	12.32258725166321	12.32258725166321
1262	gpt2	1263	632	7	erupt	obj_rel	unexpected	The senator that the consultant frets erupt	1.558069158136277e-07	1.558069158136277e-07	22.61373710632324	22.61373710632324
1263	gpt2	1264	632	7	erupt	obj_rel	expected	The senator that the consultant frets erupts	0.4472916309239352	0.4472916309239352	11.387224823236464	11.387224823236464
1264	gpt2	1265	633	7	escalate	obj_rel	unexpected	The senator that the consultant frets escalate	2.5614131260454087e-08	2.5614131260454087e-08	25.21848487854004	25.21848487854004
1265	gpt2	1266	633	7	escalate	obj_rel	expected	The senator that the consultant frets escalates	0.48252278464592463	0.48252278464592463	12.050728112459183	12.050728112459183
1266	gpt2	1267	634	7	escape	obj_rel	unexpected	The senator that the consultant frets escape	7.369494028353074e-07	7.369494028353074e-07	20.371931076049805	20.371931076049805
1267	gpt2	1268	634	7	escape	obj_rel	expected	The senator that the consultant frets escapes	1.058736529557791e-06	1.058736529557791e-06	19.84922409057617	19.84922409057617
1268	gpt2	1269	635	7	establish	obj_rel	unexpected	The senator that the consultant frets establish	3.348239729916713e-08	3.348239729916713e-08	24.83202171325684	24.83202171325684
1269	gpt2	1270	635	7	establish	obj_rel	expected	The senator that the consultant frets establishes	1.3384034502905706e-07	1.3384034502905706e-07	22.832983016967773	22.832983016967773
1270	gpt2	1271	636	7	estimate	obj_rel	unexpected	The senator that the consultant frets estimate	4.23906740820712e-08	4.23906740820712e-08	24.49167823791504	24.49167823791504
1271	gpt2	1272	636	7	estimate	obj_rel	expected	The senator that the consultant frets estimates	2.239557943539694e-07	2.239557943539694e-07	22.090282440185547	22.090282440185547
1272	gpt2	1273	637	7	evade	obj_rel	unexpected	The senator that the consultant frets evade	5.0254764794033235e-09	5.0254764794033235e-09	27.568092346191406	27.568092346191406
1273	gpt2	1274	637	7	evade	obj_rel	expected	The senator that the consultant frets evades	0.04618224955970615	0.04618224955970615	10.654655575752258	10.654655575752258
1274	gpt2	1275	638	7	evaluate	obj_rel	unexpected	The senator that the consultant frets evaluate	7.895033071747548e-09	7.895033071747548e-09	26.916406631469727	26.916406631469727
1275	gpt2	1276	638	7	evaluate	obj_rel	expected	The senator that the consultant frets evaluates	1.1666678290112031e-08	1.1666678290112031e-08	26.353031158447266	26.353031158447266
1276	gpt2	1277	639	7	evaporate	obj_rel	unexpected	The senator that the consultant frets evaporate	0.005463505475631769	0.005463505475631769	14.05826473236084	14.05826473236084
1277	gpt2	1278	639	7	evaporate	obj_rel	expected	The senator that the consultant frets evaporates	0.1538051449086879	0.1538051449086879	11.650678217411041	11.650678217411041
1278	gpt2	1279	640	7	even	obj_rel	unexpected	The senator that the consultant frets even	0.0001349381345789	0.0001349381345789	12.855414390563965	12.855414390563965
1279	gpt2	1280	640	7	even	obj_rel	expected	The senator that the consultant frets evens	7.855392323103992e-05	7.855392323103992e-05	14.15823221206665	14.15823221206665
1280	gpt2	1281	641	7	evolve	obj_rel	unexpected	The senator that the consultant frets evolve	8.709917231897181e-09	8.709917231897181e-09	26.774694442749023	26.774694442749023
1281	gpt2	1282	641	7	evolve	obj_rel	expected	The senator that the consultant frets evolves	3.5458750602401785e-08	3.5458750602401785e-08	24.749282836914062	24.749282836914062
1282	gpt2	1283	642	7	exacerbate	obj_rel	unexpected	The senator that the consultant frets exacerbate	1.4643344314890784e-08	1.4643344314890784e-08	26.02517890930176	26.02517890930176
1283	gpt2	1284	642	7	exacerbate	obj_rel	expected	The senator that the consultant frets exacerbates	0.4645894103751971	0.4645894103751971	10.672518800944092	10.672518800944092
1284	gpt2	1285	643	7	exaggerate	obj_rel	unexpected	The senator that the consultant frets exaggerate	0.005126502217194678	0.005126502217194678	12.778886795043945	12.778886795043945
1285	gpt2	1286	643	7	exaggerate	obj_rel	expected	The senator that the consultant frets exaggerates	0.4651599566838058	0.4651599566838058	9.526945151388645	9.526945151388645
1286	gpt2	1287	644	7	examine	obj_rel	unexpected	The senator that the consultant frets examine	3.2776974023818184e-08	3.2776974023818184e-08	24.862741470336918	24.862741470336918
1287	gpt2	1288	644	7	examine	obj_rel	expected	The senator that the consultant frets examines	3.012183356077003e-07	3.012183356077003e-07	21.662687301635746	21.662687301635746
1288	gpt2	1289	645	7	exceed	obj_rel	unexpected	The senator that the consultant frets exceed	5.175008936930681e-07	5.175008936930681e-07	20.881935119628903	20.881935119628903
1289	gpt2	1290	645	7	exceed	obj_rel	expected	The senator that the consultant frets exceeds	1.594995046616532e-05	1.594995046616532e-05	15.93608856201172	15.93608856201172
1290	gpt2	1291	646	7	except	obj_rel	unexpected	The senator that the consultant frets except	1.3689261777471984e-06	1.3689261777471984e-06	19.47852325439453	19.47852325439453
1291	gpt2	1292	646	7	except	obj_rel	expected	The senator that the consultant frets excepts	0.019198159628217575	0.019198159628217575	12.090731382369995	12.090731382369995
1292	gpt2	1293	647	7	exchange	obj_rel	unexpected	The senator that the consultant frets exchange	1.874635842114003e-07	1.874635842114003e-07	22.346885681152344	22.346885681152344
1293	gpt2	1294	647	7	exchange	obj_rel	expected	The senator that the consultant frets exchanges	3.396547469947109e-07	3.396547469947109e-07	21.48942756652832	21.48942756652832
1294	gpt2	1295	648	7	exclude	obj_rel	unexpected	The senator that the consultant frets exclude	2.884689997983969e-08	2.884689997983969e-08	25.047008514404297	25.047008514404297
1295	gpt2	1296	648	7	exclude	obj_rel	expected	The senator that the consultant frets excludes	1.5781508864165517e-06	1.5781508864165517e-06	19.273332595825195	19.273332595825195
1296	gpt2	1297	649	7	excorciate	obj_rel	unexpected	The senator that the consultant frets excorciate	0.025777433104067847	0.025777433104067847	10.44053715467453	10.44053715467453
1297	gpt2	1298	649	7	excorciate	obj_rel	expected	The senator that the consultant frets excorciates	0.0504220780350266	0.0504220780350266	10.184438467025757	10.184438467025757
1298	gpt2	1299	650	7	excuse	obj_rel	unexpected	The senator that the consultant frets excuse	4.5111214319604194e-08	4.5111214319604194e-08	24.401939392089844	24.401939392089844
1299	gpt2	1300	650	7	excuse	obj_rel	expected	The senator that the consultant frets excuses	5.2849333087579e-07	5.2849333087579e-07	20.851612091064453	20.851612091064453
1300	gpt2	1301	651	7	execute	obj_rel	unexpected	The senator that the consultant frets execute	1.6695942406386166e-08	1.6695942406386166e-08	25.83592796325684	25.83592796325684
1301	gpt2	1302	651	7	execute	obj_rel	expected	The senator that the consultant frets executes	7.66975460919639e-08	7.66975460919639e-08	23.63624382019043	23.63624382019043
1302	gpt2	1303	652	7	exempt	obj_rel	unexpected	The senator that the consultant frets exempt	1.7876712377074e-07	1.7876712377074e-07	22.415414810180664	22.415414810180664
1303	gpt2	1304	652	7	exempt	obj_rel	expected	The senator that the consultant frets exempts	0.4719111025099352	0.4719111025099352	11.249414037913084	11.249414037913084
1304	gpt2	1305	653	7	exercise	obj_rel	unexpected	The senator that the consultant frets exercise	1.391481191603816e-06	1.391481191603816e-06	19.454946517944336	19.454946517944336
1305	gpt2	1306	653	7	exercise	obj_rel	expected	The senator that the consultant frets exercises	1.4433393289436935e-06	1.4433393289436935e-06	19.402158737182617	19.402158737182617
1306	gpt2	1307	654	7	exhaust	obj_rel	unexpected	The senator that the consultant frets exhaust	7.131269512683502e-07	7.131269512683502e-07	20.41933822631836	20.41933822631836
1307	gpt2	1308	654	7	exhaust	obj_rel	expected	The senator that the consultant frets exhausts	0.029061785766032234	0.029061785766032234	12.262044429779053	12.262044429779053
1308	gpt2	1309	655	7	exhibit	obj_rel	unexpected	The senator that the consultant frets exhibit	1.1288214096794037e-07	1.1288214096794037e-07	23.07868003845215	23.07868003845215
1309	gpt2	1310	655	7	exhibit	obj_rel	expected	The senator that the consultant frets exhibits	5.748702278651763e-07	5.748702278651763e-07	20.730260848999023	20.730260848999023
1310	gpt2	1311	656	7	exist	obj_rel	unexpected	The senator that the consultant frets exist	1.741172241054301e-06	1.741172241054301e-06	19.13150978088379	19.13150978088379
1311	gpt2	1312	656	7	exist	obj_rel	expected	The senator that the consultant frets exists	2.0681596652138975e-05	2.0681596652138975e-05	15.56129264831543	15.56129264831543
1312	gpt2	1313	657	7	exit	obj_rel	unexpected	The senator that the consultant frets exit	2.065744837409511e-07	2.065744837409511e-07	22.20683479309082	22.20683479309082
1313	gpt2	1314	657	7	exit	obj_rel	expected	The senator that the consultant frets exits	2.3203654109238414e-07	2.3203654109238414e-07	22.03914451599121	22.03914451599121
1314	gpt2	1315	658	7	exorcise	obj_rel	unexpected	The senator that the consultant frets exorcise	0.037241546723601325	0.037241546723601325	14.1337411403656	14.1337411403656
1315	gpt2	1316	658	7	exorcise	obj_rel	expected	The senator that the consultant frets exorcises	0.09056138834690762	0.09056138834690762	13.492749333381653	13.492749333381653
1316	gpt2	1317	659	7	expand	obj_rel	unexpected	The senator that the consultant frets expand	5.635466493458807e-08	5.635466493458807e-08	24.080888748168945	24.080888748168945
1317	gpt2	1318	659	7	expand	obj_rel	expected	The senator that the consultant frets expands	5.861414251739916e-07	5.861414251739916e-07	20.702247619628903	20.702247619628903
1318	gpt2	1319	660	7	expect	obj_rel	unexpected	The senator that the consultant frets expect	5.558416091844265e-07	5.558416091844265e-07	20.77882194519043	20.77882194519043
1319	gpt2	1320	660	7	expect	obj_rel	expected	The senator that the consultant frets expects	1.813670905903564e-06	1.813670905903564e-06	19.072656631469727	19.072656631469727
1320	gpt2	1321	661	7	expedite	obj_rel	unexpected	The senator that the consultant frets expedite	0.0170609694244419	0.0170609694244419	13.703357934951782	13.703357934951782
1321	gpt2	1322	661	7	expedite	obj_rel	expected	The senator that the consultant frets expedites	0.012817053523853851	0.012817053523853851	13.909676551818848	13.909676551818848
1322	gpt2	1323	662	7	expel	obj_rel	unexpected	The senator that the consultant frets expel	1.7892325843149592e-08	1.7892325843149592e-08	25.736083984375	25.736083984375
1323	gpt2	1324	662	7	expel	obj_rel	expected	The senator that the consultant frets expels	0.02805871996707761	0.02805871996707761	12.122533798217773	12.122533798217773
1324	gpt2	1325	663	7	experience	obj_rel	unexpected	The senator that the consultant frets experience	1.2437183727342926e-07	1.2437183727342926e-07	22.9388370513916	22.9388370513916
1325	gpt2	1326	663	7	experience	obj_rel	expected	The senator that the consultant frets experiences	2.239865466435731e-07	2.239865466435731e-07	22.09008407592773	22.09008407592773
1326	gpt2	1327	664	7	expire	obj_rel	unexpected	The senator that the consultant frets expire	3.948322202518284e-08	3.948322202518284e-08	24.59418487548828	24.59418487548828
1327	gpt2	1328	664	7	expire	obj_rel	expected	The senator that the consultant frets expires	4.5417377236844914e-07	4.5417377236844914e-07	21.07025146484375	21.07025146484375
1328	gpt2	1329	665	7	explain	obj_rel	unexpected	The senator that the consultant frets explain	1.385585193247607e-07	1.385585193247607e-07	22.78300094604492	22.78300094604492
1329	gpt2	1330	665	7	explain	obj_rel	expected	The senator that the consultant frets explains	1.5806572264409624e-06	1.5806572264409624e-06	19.27104377746582	19.27104377746582
1330	gpt2	1331	666	7	explode	obj_rel	unexpected	The senator that the consultant frets explode	3.1199029137951584e-08	3.1199029137951584e-08	24.93392372131348	24.93392372131348
1331	gpt2	1332	666	7	explode	obj_rel	expected	The senator that the consultant frets explodes	2.0142925905020093e-07	2.0142925905020093e-07	22.243223190307617	22.243223190307617
1332	gpt2	1333	667	7	exploit	obj_rel	unexpected	The senator that the consultant frets exploit	2.055353434116114e-07	2.055353434116114e-07	22.214109420776367	22.214109420776367
1333	gpt2	1334	667	7	exploit	obj_rel	expected	The senator that the consultant frets exploits	1.5122539309686545e-07	1.5122539309686545e-07	22.656795501708984	22.656795501708984
1334	gpt2	1335	668	7	explore	obj_rel	unexpected	The senator that the consultant frets explore	2.413284860836029e-08	2.413284860836029e-08	25.304426193237305	25.304426193237305
1335	gpt2	1336	668	7	explore	obj_rel	expected	The senator that the consultant frets explores	1.5603532688146518e-07	1.5603532688146518e-07	22.61162376403809	22.61162376403809
1336	gpt2	1337	669	7	export	obj_rel	unexpected	The senator that the consultant frets export	1.680989640817643e-07	1.680989640817643e-07	22.504186630249023	22.504186630249023
1337	gpt2	1338	669	7	export	obj_rel	expected	The senator that the consultant frets exports	6.494581157312496e-07	6.494581157312496e-07	20.55426025390625	20.55426025390625
1338	gpt2	1339	670	7	expose	obj_rel	unexpected	The senator that the consultant frets expose	3.931266405743372e-07	3.931266405743372e-07	21.27850341796875	21.27850341796875
1339	gpt2	1340	670	7	expose	obj_rel	expected	The senator that the consultant frets exposes	5.457421593746403e-06	5.457421593746403e-06	17.483348846435547	17.483348846435547
1340	gpt2	1341	671	7	express	obj_rel	unexpected	The senator that the consultant frets express	6.880032970002503e-07	6.880032970002503e-07	20.471080780029297	20.471080780029297
1341	gpt2	1342	671	7	express	obj_rel	expected	The senator that the consultant frets expresses	3.838545580947539e-06	3.838545580947539e-06	17.991008758544922	17.991008758544922
1342	gpt2	1343	672	7	expunge	obj_rel	unexpected	The senator that the consultant frets expunge	0.02112922082130807	0.02112922082130807	10.30119784673055	10.30119784673055
1343	gpt2	1344	672	7	expunge	obj_rel	expected	The senator that the consultant frets expunges	0.02626134558056487	0.02626134558056487	10.078458070755005	10.078458070755005
1344	gpt2	1345	673	7	extend	obj_rel	unexpected	The senator that the consultant frets extend	1.203477495437255e-07	1.203477495437255e-07	22.98628807067871	22.98628807067871
1345	gpt2	1346	673	7	extend	obj_rel	expected	The senator that the consultant frets extends	4.034748599224258e-06	4.034748599224258e-06	17.919090270996094	17.919090270996094
1346	gpt2	1347	674	7	extinguish	obj_rel	unexpected	The senator that the consultant frets extinguish	0.019648722287204358	0.019648722287204358	13.919432878494263	13.919432878494263
1347	gpt2	1348	674	7	extinguish	obj_rel	expected	The senator that the consultant frets extinguishes	0.293629043649819	0.293629043649819	11.968687444925308	11.968687444925308
1348	gpt2	1349	675	7	extort	obj_rel	unexpected	The senator that the consultant frets extort	0.003478969245492157	0.003478969245492157	13.60723853111267	13.60723853111267
1349	gpt2	1350	675	7	extort	obj_rel	expected	The senator that the consultant frets extorts	0.02230682739363486	0.02230682739363486	12.266780853271483	12.266780853271483
1350	gpt2	1351	676	7	extract	obj_rel	unexpected	The senator that the consultant frets extract	1.6434086091976496e-08	1.6434086091976496e-08	25.85873413085937	25.85873413085937
1351	gpt2	1352	676	7	extract	obj_rel	expected	The senator that the consultant frets extracts	1.3423405675894173e-07	1.3423405675894173e-07	22.828746795654297	22.828746795654297
1352	gpt2	1353	677	7	extricate	obj_rel	unexpected	The senator that the consultant frets extricate	0.02151158485145287	0.02151158485145287	10.116431713104246	10.116431713104246
1353	gpt2	1354	677	7	extricate	obj_rel	expected	The senator that the consultant frets extricates	0.05101124168267764	0.05101124168267764	9.22608431180318	9.22608431180318
1354	gpt2	1355	678	7	fabricate	obj_rel	unexpected	The senator that the consultant frets fabricate	0.030981685866725745	0.030981685866725745	14.21695899963379	14.21695899963379
1355	gpt2	1356	678	7	fabricate	obj_rel	expected	The senator that the consultant frets fabricates	0.1296459658938769	0.1296459658938769	13.184413671493532	13.184413671493532
1356	gpt2	1357	679	7	face	obj_rel	unexpected	The senator that the consultant frets face	1.5173173778748604e-05	1.5173173778748604e-05	16.00811767578125	16.00811767578125
1357	gpt2	1358	679	7	face	obj_rel	expected	The senator that the consultant frets faces	9.39718938752776e-06	9.39718938752776e-06	16.699338912963867	16.699338912963867
1358	gpt2	1359	680	7	facilitate	obj_rel	unexpected	The senator that the consultant frets facilitate	1.581620701074371e-08	1.581620701074371e-08	25.91402053833008	25.91402053833008
1359	gpt2	1360	680	7	facilitate	obj_rel	expected	The senator that the consultant frets facilitates	9.700139003143705e-08	9.700139003143705e-08	23.29741859436035	23.29741859436035
1360	gpt2	1361	681	7	factor	obj_rel	unexpected	The senator that the consultant frets factor	5.884195175553941e-08	5.884195175553941e-08	24.018579483032227	24.018579483032227
1361	gpt2	1362	681	7	factor	obj_rel	expected	The senator that the consultant frets factors	1.68034858916144e-07	1.68034858916144e-07	22.504735946655277	22.504735946655277
1362	gpt2	1363	682	7	fade	obj_rel	unexpected	The senator that the consultant frets fade	1.3627142969596662e-08	1.3627142969596662e-08	26.128942489624023	26.128942489624023
1363	gpt2	1364	682	7	fade	obj_rel	expected	The senator that the consultant frets fades	1.8142443991564505e-07	1.8142443991564505e-07	22.394126892089844	22.394126892089844
1364	gpt2	1365	683	7	fail	obj_rel	unexpected	The senator that the consultant frets fail	1.416410242427446e-07	1.416410242427446e-07	22.751256942749023	22.751256942749023
1365	gpt2	1366	683	7	fail	obj_rel	expected	The senator that the consultant frets fails	1.4236643437470775e-06	1.4236643437470775e-06	19.421958923339844	19.421958923339844
1366	gpt2	1367	684	7	fall	obj_rel	unexpected	The senator that the consultant frets fall	7.483776585104351e-07	7.483776585104351e-07	20.349729537963867	20.349729537963867
1367	gpt2	1368	684	7	fall	obj_rel	expected	The senator that the consultant frets falls	2.561396286182571e-06	2.561396286182571e-06	18.57463836669922	18.57463836669922
1368	gpt2	1369	685	7	falsify	obj_rel	unexpected	The senator that the consultant frets falsify	0.028217966332341856	0.028217966332341856	13.092816829681396	13.092816829681396
1369	gpt2	1370	685	7	falsify	obj_rel	expected	The senator that the consultant frets falsifies	0.1103777481608645	0.1103777481608645	12.108932852745056	12.108932852745056
1370	gpt2	1371	686	7	familiarize	obj_rel	unexpected	The senator that the consultant frets familiarize	0.008798621427185748	0.008798621427185748	14.704151630401611	14.704151630401611
1371	gpt2	1372	686	7	familiarize	obj_rel	expected	The senator that the consultant frets familiarizes	0.027589761484332297	0.027589761484332297	13.879757642745972	13.879757642745972
1372	gpt2	1373	687	8	fantasize	obj_rel	unexpected	The surgeons that the managers fend fantasizes	0.004484744979509084	0.004484744979509084	16.94607400894165	16.94607400894165
1373	gpt2	1374	687	8	fantasize	obj_rel	expected	The surgeons that the managers fend fantasize	0.3383469616570258	0.3383469616570258	13.827406674623488	13.827406674623488
1374	gpt2	1375	688	8	fare	obj_rel	unexpected	The surgeons that the managers fend fares	6.606343028181527e-09	6.606343028181527e-09	27.17350006103516	27.17350006103516
1375	gpt2	1376	688	8	fare	obj_rel	expected	The surgeons that the managers fend fare	2.0818660573240777e-08	2.0818660573240777e-08	25.517547607421875	25.517547607421875
1376	gpt2	1377	689	8	farm	obj_rel	unexpected	The surgeons that the managers fend farms	3.660357794643687e-09	3.660357794643687e-09	28.025367736816406	28.025367736816406
1377	gpt2	1378	689	8	farm	obj_rel	expected	The surgeons that the managers fend farm	3.60772354213168e-08	3.60772354213168e-08	24.724336624145508	24.724336624145508
1378	gpt2	1379	690	8	fashion	obj_rel	unexpected	The surgeons that the managers fend fashions	0.3233123893486436	0.3233123893486436	9.088353152076403	9.088353152076403
1379	gpt2	1380	690	8	fashion	obj_rel	expected	The surgeons that the managers fend fashion	8.299026177382984e-08	8.299026177382984e-08	23.52248191833496	23.52248191833496
1380	gpt2	1381	691	8	favor	obj_rel	unexpected	The surgeons that the managers fend favors	8.528563455456607e-08	8.528563455456607e-08	23.48312187194824	23.48312187194824
1381	gpt2	1382	691	8	favor	obj_rel	expected	The surgeons that the managers fend favor	2.5694478154036915e-06	2.5694478154036915e-06	18.57011032104492	18.57011032104492
1382	gpt2	1383	692	8	fear	obj_rel	unexpected	The surgeons that the managers fend fears	1.847916450969933e-07	1.847916450969933e-07	22.36759757995605	22.36759757995605
1383	gpt2	1384	692	8	fear	obj_rel	expected	The surgeons that the managers fend fear	6.381851108017145e-06	6.381851108017145e-06	17.257593154907227	17.257593154907227
1384	gpt2	1385	693	8	feature	obj_rel	unexpected	The surgeons that the managers fend features	1.1589756354624114e-07	1.1589756354624114e-07	23.040645599365234	23.040645599365234
1385	gpt2	1386	693	8	feature	obj_rel	expected	The surgeons that the managers fend feature	7.193090709733951e-07	7.193090709733951e-07	20.406885147094727	20.406885147094727
1386	gpt2	1387	694	8	feed	obj_rel	unexpected	The surgeons that the managers fend feeds	5.423212545707656e-09	5.423212545707656e-09	27.45820426940918	27.45820426940918
1387	gpt2	1388	694	8	feed	obj_rel	expected	The surgeons that the managers fend feed	3.5354883465288374e-08	3.5354883465288374e-08	24.753515243530277	24.753515243530277
1388	gpt2	1389	695	8	feel	obj_rel	unexpected	The surgeons that the managers fend feels	9.207725781834597e-08	9.207725781834597e-08	23.37257957458496	23.37257957458496
1389	gpt2	1390	695	8	feel	obj_rel	expected	The surgeons that the managers fend feel	2.868973751901649e-07	2.868973751901649e-07	21.73296165466309	21.73296165466309
1390	gpt2	1391	696	8	fend	obj_rel	unexpected	The surgeons that the managers fend fends	0.0007126470948719121	0.0007126470948719121	14.584581851959229	14.584581851959229
1391	gpt2	1392	696	8	fend	obj_rel	expected	The surgeons that the managers fend fend	1.1414862655101389e-07	1.1414862655101389e-07	23.062583923339844	23.062583923339844
1392	gpt2	1393	697	8	ferret	obj_rel	unexpected	The surgeons that the managers fend ferrets	0.002869679361765515	0.002869679361765515	13.454495668411257	13.454495668411257
1393	gpt2	1394	697	8	ferret	obj_rel	expected	The surgeons that the managers fend ferret	0.04025686020236206	0.04025686020236206	11.54919755458832	11.54919755458832
1394	gpt2	1395	698	8	ferry	obj_rel	unexpected	The surgeons that the managers fend ferries	0.0004334574061885651	0.0004334574061885651	14.818937301635746	14.818937301635746
1395	gpt2	1396	698	8	ferry	obj_rel	expected	The surgeons that the managers fend ferry	3.3174203384334078e-09	3.3174203384334078e-09	28.16729164123535	28.16729164123535
1396	gpt2	1397	699	8	fester	obj_rel	unexpected	The surgeons that the managers fend festers	0.0004196146831532121	0.0004196146831532121	14.96705436706543	14.96705436706543
1397	gpt2	1398	699	8	fester	obj_rel	expected	The surgeons that the managers fend fester	0.012078025836046863	0.012078025836046863	12.542500972747803	12.542500972747803
1398	gpt2	1399	700	8	fetch	obj_rel	unexpected	The surgeons that the managers fend fetches	0.0007863594430013159	0.0007863594430013159	17.152446269989014	17.152446269989014
1399	gpt2	1400	700	8	fetch	obj_rel	expected	The surgeons that the managers fend fetch	6.352025394562588e-08	6.352025394562588e-08	23.9082088470459	23.9082088470459
1400	gpt2	1401	701	8	field	obj_rel	unexpected	The surgeons that the managers fend fields	3.4903287371435e-08	3.4903287371435e-08	24.772062301635746	24.772062301635746
1401	gpt2	1402	701	8	field	obj_rel	expected	The surgeons that the managers fend field	1.0150929483643267e-06	1.0150929483643267e-06	19.909955978393555	19.909955978393555
1402	gpt2	1403	702	8	fight	obj_rel	unexpected	The surgeons that the managers fend fights	4.295878852644819e-07	4.295878852644819e-07	21.150543212890625	21.150543212890625
1403	gpt2	1404	702	8	fight	obj_rel	expected	The surgeons that the managers fend fight	1.0498033589101397e-06	1.0498033589101397e-06	19.8614501953125	19.8614501953125
1404	gpt2	1405	703	8	figure	obj_rel	unexpected	The surgeons that the managers fend figures	4.9876422991701475e-09	4.9876422991701475e-09	27.57899475097656	27.57899475097656
1405	gpt2	1406	703	8	figure	obj_rel	expected	The surgeons that the managers fend figure	4.680546084046e-08	4.680546084046e-08	24.34874725341797	24.34874725341797
1406	gpt2	1407	704	8	file	obj_rel	unexpected	The surgeons that the managers fend files	7.350174513476304e-08	7.350174513476304e-08	23.69764709472656	23.69764709472656
1407	gpt2	1408	704	8	file	obj_rel	expected	The surgeons that the managers fend file	5.232830062595895e-07	5.232830062595895e-07	20.86590576171875	20.86590576171875
1408	gpt2	1409	705	8	fill	obj_rel	unexpected	The surgeons that the managers fend fills	5.923875612268148e-09	5.923875612268148e-09	27.330810546875	27.330810546875
1409	gpt2	1410	705	8	fill	obj_rel	expected	The surgeons that the managers fend fill	6.933620255722418e-08	6.933620255722418e-08	23.781816482543945	23.781816482543945
1410	gpt2	1411	706	8	finance	obj_rel	unexpected	The surgeons that the managers fend finances	4.90049458790054e-08	4.90049458790054e-08	24.28249740600586	24.28249740600586
1411	gpt2	1412	706	8	finance	obj_rel	expected	The surgeons that the managers fend finance	4.9449621286612455e-08	4.9449621286612455e-08	24.26946449279785	24.26946449279785
1412	gpt2	1413	707	8	find	obj_rel	unexpected	The surgeons that the managers fend finds	3.746004750837528e-08	3.746004750837528e-08	24.670072555541992	24.670072555541992
1413	gpt2	1414	707	8	find	obj_rel	expected	The surgeons that the managers fend find	2.3811863059108878e-07	2.3811863059108878e-07	22.00181579589844	22.00181579589844
1414	gpt2	1415	708	8	fine-tune	obj_rel	unexpected	The surgeons that the managers fend fine-tunines	0.0021286435142968637	0.0021286435142968637	14.543816328048706	14.543816328048706
1415	gpt2	1416	708	8	fine-tune	obj_rel	expected	The surgeons that the managers fend fine-tune	0.0021286435142968637	0.0021286435142968637	14.543816328048706	14.543816328048706
1416	gpt2	1417	709	8	fine	obj_rel	unexpected	The surgeons that the managers fend fines	5.470735331414289e-08	5.470735331414289e-08	24.123689651489254	24.123689651489254
1417	gpt2	1418	709	8	fine	obj_rel	expected	The surgeons that the managers fend fine	4.117743799270102e-07	4.117743799270102e-07	21.21164321899414	21.21164321899414
1418	gpt2	1419	710	8	finger	obj_rel	unexpected	The surgeons that the managers fend fingers	1.1861793325351758e-07	1.1861793325351758e-07	23.007173538208008	23.007173538208008
1419	gpt2	1420	710	8	finger	obj_rel	expected	The surgeons that the managers fend finger	5.673470582223672e-07	5.673470582223672e-07	20.749265670776367	20.749265670776367
1420	gpt2	1421	711	8	finish	obj_rel	unexpected	The surgeons that the managers fend finishes	1.1377128128486902e-09	1.1377128128486902e-09	29.71121597290039	29.71121597290039
1421	gpt2	1422	711	8	finish	obj_rel	expected	The surgeons that the managers fend finish	4.148537868786661e-08	4.148537868786661e-08	24.5228214263916	24.5228214263916
1422	gpt2	1423	712	8	fire	obj_rel	unexpected	The surgeons that the managers fend fires	2.719432586673065e-06	2.719432586673065e-06	18.488262176513672	18.488262176513672
1423	gpt2	1424	712	8	fire	obj_rel	expected	The surgeons that the managers fend fire	1.9207102013751864e-05	1.9207102013751864e-05	15.66800022125244	15.66800022125244
1424	gpt2	1425	713	8	firm	obj_rel	unexpected	The surgeons that the managers fend firms	5.042531370236247e-08	5.042531370236247e-08	24.24127578735352	24.24127578735352
1425	gpt2	1426	713	8	firm	obj_rel	expected	The surgeons that the managers fend firm	5.048553362030361e-07	5.048553362030361e-07	20.917627334594727	20.917627334594727
1426	gpt2	1427	714	8	fit	obj_rel	unexpected	The surgeons that the managers fend fits	2.5889966082104365e-07	2.5889966082104365e-07	21.881103515625	21.881103515625
1427	gpt2	1428	714	8	fit	obj_rel	expected	The surgeons that the managers fend fit	3.754588760784827e-06	3.754588760784827e-06	18.022912979125977	18.022912979125977
1428	gpt2	1429	715	8	fix	obj_rel	unexpected	The surgeons that the managers fend fixes	3.712545293410585e-08	3.712545293410585e-08	24.683015823364254	24.683015823364254
1429	gpt2	1430	715	8	fix	obj_rel	expected	The surgeons that the managers fend fix	6.996003065751212e-08	6.996003065751212e-08	23.76889419555664	23.76889419555664
1430	gpt2	1431	716	8	flash	obj_rel	unexpected	The surgeons that the managers fend flashes	1.6487774701090533e-08	1.6487774701090533e-08	25.854028701782227	25.854028701782227
1431	gpt2	1432	716	8	flash	obj_rel	expected	The surgeons that the managers fend flash	1.6209563113989137e-07	1.6209563113989137e-07	22.5566520690918	22.5566520690918
1432	gpt2	1433	717	8	flatten	obj_rel	unexpected	The surgeons that the managers fend flattens	0.022091530973376877	0.022091530973376877	14.635299444198608	14.635299444198608
1433	gpt2	1434	717	8	flatten	obj_rel	expected	The surgeons that the managers fend flatten	0.3668337639070174	0.3668337639070174	12.608518421649933	12.608518421649933
1434	gpt2	1435	718	8	flaunt	obj_rel	unexpected	The surgeons that the managers fend flaunts	0.0005496946726281761	0.0005496946726281761	15.496289253234863	15.496289253234863
1435	gpt2	1436	718	8	flaunt	obj_rel	expected	The surgeons that the managers fend flaunt	0.009764485676242876	0.009764485676242876	13.420604467391968	13.420604467391968
1436	gpt2	1437	719	8	flay	obj_rel	unexpected	The surgeons that the managers fend flays	4.869805005114358e-05	4.869805005114358e-05	17.247518062591553	17.247518062591553
1437	gpt2	1438	719	8	flay	obj_rel	expected	The surgeons that the managers fend flay	0.004283224847569026	0.004283224847569026	14.015047788619995	14.015047788619995
1438	gpt2	1439	720	8	flee	obj_rel	unexpected	The surgeons that the managers fend flees	0.03648891146604601	0.03648891146604601	13.926308393478394	13.926308393478394
1439	gpt2	1440	720	8	flee	obj_rel	expected	The surgeons that the managers fend flee	4.18691676884464e-08	4.18691676884464e-08	24.509536743164062	24.509536743164062
1440	gpt2	1441	721	8	flinch	obj_rel	unexpected	The surgeons that the managers fend flinches	0.0003240780827411261	0.0003240780827411261	15.877628326416016	15.877628326416016
1441	gpt2	1442	721	8	flinch	obj_rel	expected	The surgeons that the managers fend flinch	0.024916660655691175	0.024916660655691175	12.744847536087036	12.744847536087036
1442	gpt2	1443	722	8	flip	obj_rel	unexpected	The surgeons that the managers fend flips	8.485273639280423e-08	8.485273639280423e-08	23.490463256835938	23.490463256835938
1443	gpt2	1444	722	8	flip	obj_rel	expected	The surgeons that the managers fend flip	6.834252985754574e-08	6.834252985754574e-08	23.802640914916992	23.802640914916992
1444	gpt2	1445	723	8	float	obj_rel	unexpected	The surgeons that the managers fend floats	1.4519961899495115e-09	1.4519961899495115e-09	29.359315872192383	29.359315872192383
1445	gpt2	1446	723	8	float	obj_rel	expected	The surgeons that the managers fend float	2.1093011781658788e-08	2.1093011781658788e-08	25.498659133911133	25.498659133911133
1446	gpt2	1447	724	8	flood	obj_rel	unexpected	The surgeons that the managers fend floods	2.4563712841541022e-08	2.4563712841541022e-08	25.27889633178711	25.27889633178711
1447	gpt2	1448	724	8	flood	obj_rel	expected	The surgeons that the managers fend flood	3.708327511731113e-08	3.708327511731113e-08	24.68465614318848	24.68465614318848
1448	gpt2	1449	725	8	flounder	obj_rel	unexpected	The surgeons that the managers fend flounders	0.03009048424687912	0.03009048424687912	10.749334494272867	10.749334494272867
1449	gpt2	1450	725	8	flounder	obj_rel	expected	The surgeons that the managers fend flounder	0.10568612854954533	0.10568612854954533	8.942812283833822	8.942812283833822
1450	gpt2	1451	726	8	flourish	obj_rel	unexpected	The surgeons that the managers fend flourishes	0.2625989710344463	0.2625989710344463	13.293608337640762	13.293608337640762
1451	gpt2	1452	726	8	flourish	obj_rel	expected	The surgeons that the managers fend flourish	2.1203281352910608e-09	2.1203281352910608e-09	28.813064575195312	28.813064575195312
1452	gpt2	1453	727	8	flow	obj_rel	unexpected	The surgeons that the managers fend flows	1.344250488699572e-09	1.344250488699572e-09	29.47055053710937	29.47055053710937
1453	gpt2	1454	727	8	flow	obj_rel	expected	The surgeons that the managers fend flow	9.493593466913808e-09	9.493593466913808e-09	26.65039825439453	26.65039825439453
1454	gpt2	1455	728	8	fluctuate	obj_rel	unexpected	The surgeons that the managers fend fluctuates	0.03260805366896945	0.03260805366896945	13.578325748443604	13.578325748443604
1455	gpt2	1456	728	8	fluctuate	obj_rel	expected	The surgeons that the managers fend fluctuate	0.36413531659507115	0.36413531659507115	11.837737515568733	11.837737515568733
1456	gpt2	1457	729	8	flush	obj_rel	unexpected	The surgeons that the managers fend flushes	0.0005604082582806261	0.0005604082582806261	15.482359886169434	15.482359886169434
1457	gpt2	1458	729	8	flush	obj_rel	expected	The surgeons that the managers fend flush	7.520002043293061e-08	7.520002043293061e-08	23.664691925048828	23.664691925048828
1458	gpt2	1459	730	8	fly	obj_rel	unexpected	The surgeons that the managers fend flies	1.306425900793329e-07	1.306425900793329e-07	22.867870330810547	22.867870330810547
1459	gpt2	1460	730	8	fly	obj_rel	expected	The surgeons that the managers fend fly	4.646831257559825e-07	4.646831257559825e-07	21.037248611450195	21.037248611450195
1460	gpt2	1461	731	8	focus	obj_rel	unexpected	The surgeons that the managers fend focuses	1.0335670097560978e-08	1.0335670097560978e-08	26.52779197692871	26.52779197692871
1461	gpt2	1462	731	8	focus	obj_rel	expected	The surgeons that the managers fend focus	4.934840944770258e-07	4.934840944770258e-07	20.95049285888672	20.95049285888672
1462	gpt2	1463	732	8	fog	obj_rel	unexpected	The surgeons that the managers fend fogs	5.068336332666215e-05	5.068336332666215e-05	16.499120235443115	16.499120235443115
1463	gpt2	1464	732	8	fog	obj_rel	expected	The surgeons that the managers fend fog	2.319805458839141e-09	2.319805458839141e-09	28.683349609375	28.683349609375
1464	gpt2	1465	733	8	foil	obj_rel	unexpected	The surgeons that the managers fend foils	0.010438960563988029	0.010438960563988029	10.655949354171753	10.655949354171753
1465	gpt2	1466	733	8	foil	obj_rel	expected	The surgeons that the managers fend foil	2.5028514372138492e-08	2.5028514372138492e-08	25.25185203552246	25.25185203552246
1466	gpt2	1467	734	8	fold	obj_rel	unexpected	The surgeons that the managers fend folds	2.942266985606068e-10	2.942266985606068e-10	31.662353515625	31.662353515625
1467	gpt2	1468	734	8	fold	obj_rel	expected	The surgeons that the managers fend fold	1.9231569670097315e-09	1.9231569670097315e-09	28.953876495361328	28.953876495361328
1468	gpt2	1469	735	8	follow	obj_rel	unexpected	The surgeons that the managers fend follows	4.7525496427169855e-08	4.7525496427169855e-08	24.326723098754883	24.326723098754883
1469	gpt2	1470	735	8	follow	obj_rel	expected	The surgeons that the managers fend follow	4.945846967530088e-07	4.945846967530088e-07	20.94727897644043	20.94727897644043
1470	gpt2	1471	736	8	fool	obj_rel	unexpected	The surgeons that the managers fend fools	7.138747264434642e-07	7.138747264434642e-07	20.41782569885254	20.41782569885254
1471	gpt2	1472	736	8	fool	obj_rel	expected	The surgeons that the managers fend fool	1.204362689577465e-07	1.204362689577465e-07	22.985227584838867	22.985227584838867
1472	gpt2	1473	737	8	foot	obj_rel	unexpected	The surgeons that the managers fend foots	0.004172139866170696	0.004172139866170696	13.051327466964722	13.051327466964722
1473	gpt2	1474	737	8	foot	obj_rel	expected	The surgeons that the managers fend foot	1.663472289692436e-06	1.663472289692436e-06	19.197370529174805	19.197370529174805
1474	gpt2	1475	738	8	force	obj_rel	unexpected	The surgeons that the managers fend forces	3.561028165677272e-07	3.561028165677272e-07	21.42120361328125	21.42120361328125
1475	gpt2	1476	738	8	force	obj_rel	expected	The surgeons that the managers fend force	1.421404931534198e-07	1.421404931534198e-07	22.74617958068848	22.74617958068848
1476	gpt2	1477	739	8	forecast	obj_rel	unexpected	The surgeons that the managers fend forecasts	1.1120495635452698e-08	1.1120495635452698e-08	26.422203063964844	26.422203063964844
1477	gpt2	1478	739	8	forecast	obj_rel	expected	The surgeons that the managers fend forecast	2.4340408799616853e-08	2.4340408799616853e-08	25.292070388793945	25.292070388793945
1478	gpt2	1479	740	8	foresee	obj_rel	unexpected	The surgeons that the managers fend foresees	0.33257363638311216	0.33257363638311216	9.394401990187665	9.394401990187665
1479	gpt2	1480	740	8	foresee	obj_rel	expected	The surgeons that the managers fend foresee	1.2191689435780972e-08	1.2191689435780972e-08	26.289525985717773	26.289525985717773
1480	gpt2	1481	741	8	forfeit	obj_rel	unexpected	The surgeons that the managers fend forfeits	0.009754890764407153	0.009754890764407153	15.376721382141115	15.376721382141115
1481	gpt2	1482	741	8	forfeit	obj_rel	expected	The surgeons that the managers fend forfeit	3.5068509873781295e-08	3.5068509873781295e-08	24.765249252319336	24.765249252319336
1482	gpt2	1483	742	8	forget	obj_rel	unexpected	The surgeons that the managers fend forgets	0.07615127409886745	0.07615127409886745	13.358603477478027	13.358603477478027
1483	gpt2	1484	742	8	forget	obj_rel	expected	The surgeons that the managers fend forget	1.0970580888169934e-06	1.0970580888169934e-06	19.797927856445312	19.797927856445312
1484	gpt2	1485	743	8	forge	obj_rel	unexpected	The surgeons that the managers fend forges	0.3247510580508788	0.3247510580508788	10.785237342119219	10.785237342119219
1485	gpt2	1486	743	8	forge	obj_rel	expected	The surgeons that the managers fend forge	4.2638323094479353e-08	4.2638323094479353e-08	24.483274459838867	24.483274459838867
1486	gpt2	1487	744	8	forgive	obj_rel	unexpected	The surgeons that the managers fend forgives	0.010485259770268443	0.010485259770268443	14.78885793685913	14.78885793685913
1487	gpt2	1488	744	8	forgive	obj_rel	expected	The surgeons that the managers fend forgive	5.531929758717524e-08	5.531929758717524e-08	24.107641220092773	24.107641220092773
1488	gpt2	1489	745	8	forgo	obj_rel	unexpected	The surgeons that the managers fend forgoes	0.217839974664552	0.217839974664552	10.141161779562632	10.141161779562632
1489	gpt2	1490	745	8	forgo	obj_rel	expected	The surgeons that the managers fend forgo	0.3247509439053431	0.3247509439053431	11.232095748186111	11.232095748186111
1490	gpt2	1491	746	8	formulate	obj_rel	unexpected	The surgeons that the managers fend formulates	0.0021179241463187186	0.0021179241463187186	13.748324394226074	13.748324394226074
1491	gpt2	1492	746	8	formulate	obj_rel	expected	The surgeons that the managers fend formulate	3.149388749790205e-09	3.149388749790205e-09	28.242280960083008	28.242280960083008
1492	gpt2	1493	747	8	form	obj_rel	unexpected	The surgeons that the managers fend forms	1.6190103480084872e-08	1.6190103480084872e-08	25.880311965942383	25.880311965942383
1493	gpt2	1494	747	8	form	obj_rel	expected	The surgeons that the managers fend form	1.2470147794374498e-06	1.2470147794374498e-06	19.61309051513672	19.61309051513672
1494	gpt2	1495	748	8	foster	obj_rel	unexpected	The surgeons that the managers fend fosters	0.008809985681393665	0.008809985681393665	15.248942852020264	15.248942852020264
1495	gpt2	1496	748	8	foster	obj_rel	expected	The surgeons that the managers fend foster	9.180159565858048e-08	9.180159565858048e-08	23.37690544128418	23.37690544128418
1496	gpt2	1497	749	8	frame	obj_rel	unexpected	The surgeons that the managers fend frames	2.145011057663737e-09	2.145011057663737e-09	28.796367645263672	28.796367645263672
1497	gpt2	1498	749	8	frame	obj_rel	expected	The surgeons that the managers fend frame	6.288808407362012e-08	6.288808407362012e-08	23.922637939453125	23.922637939453125
1498	gpt2	1499	750	8	franchise	obj_rel	unexpected	The surgeons that the managers fend franchises	1.0831075059059005e-07	1.0831075059059005e-07	23.13832092285156	23.13832092285156
1499	gpt2	1500	750	8	franchise	obj_rel	expected	The surgeons that the managers fend franchise	3.720128347595164e-07	3.720128347595164e-07	21.35814476013184	21.35814476013184
1500	gpt2	1501	751	8	free	obj_rel	unexpected	The surgeons that the managers fend frees	0.0041334546604865205	0.0041334546604865205	15.040929555892944	15.040929555892944
1501	gpt2	1502	751	8	free	obj_rel	expected	The surgeons that the managers fend free	2.4987983124447052e-05	2.4987983124447052e-05	15.288406372070312	15.288406372070312
1502	gpt2	1503	752	8	freeze	obj_rel	unexpected	The surgeons that the managers fend freezes	1.0373861769608084e-09	1.0373861769608084e-09	29.84440040588379	29.84440040588379
1503	gpt2	1504	752	8	freeze	obj_rel	expected	The surgeons that the managers fend freeze	6.641364347359513e-09	6.641364347359513e-09	27.16587257385254	27.16587257385254
1504	gpt2	1505	753	8	freight	obj_rel	unexpected	The surgeons that the managers fend freights	0.0013012414766215708	0.0013012414766215708	15.874679565429688	15.874679565429688
1505	gpt2	1506	753	8	freight	obj_rel	expected	The surgeons that the managers fend freight	6.478295944134517e-08	6.478295944134517e-08	23.879810333251957	23.879810333251957
1506	gpt2	1507	754	8	fret	obj_rel	unexpected	The surgeons that the managers fend frets	0.002780258326392721	0.002780258326392721	15.326998710632324	15.326998710632324
1507	gpt2	1508	754	8	fret	obj_rel	expected	The surgeons that the managers fend fret	1.6437840599792253e-07	1.6437840599792253e-07	22.536476135253903	22.536476135253903
1508	gpt2	1509	755	8	frighten	obj_rel	unexpected	The surgeons that the managers fend frightens	0.001296108281254118	0.001296108281254118	16.37194013595581	16.37194013595581
1509	gpt2	1510	755	8	frighten	obj_rel	expected	The surgeons that the managers fend frighten	0.08548337667716231	0.08548337667716231	13.350232481956482	13.350232481956482
1510	gpt2	1511	756	8	frolic	obj_rel	unexpected	The surgeons that the managers fend frolics	0.031093698401339964	0.031093698401339964	9.411431471506754	9.411431471506754
1511	gpt2	1512	756	8	frolic	obj_rel	expected	The surgeons that the managers fend frolic	0.04351958786560314	0.04351958786560314	10.455250024795532	10.455250024795532
1512	gpt2	1513	757	8	frustrate	obj_rel	unexpected	The surgeons that the managers fend frustrates	0.006365930382373065	0.006365930382373065	16.531341552734375	16.531341552734375
1513	gpt2	1514	757	8	frustrate	obj_rel	expected	The surgeons that the managers fend frustrate	0.49336818298346025	0.49336818298346025	13.393266272731125	13.393266272731125
1514	gpt2	1515	758	8	fudge	obj_rel	unexpected	The surgeons that the managers fend fudges	0.005640245037473775	0.005640245037473775	11.1668594678243	11.1668594678243
1515	gpt2	1516	758	8	fudge	obj_rel	expected	The surgeons that the managers fend fudge	0.005135840262767012	0.005135840262767012	13.159404039382935	13.159404039382935
1516	gpt2	1517	759	8	fuel	obj_rel	unexpected	The surgeons that the managers fend fuels	1.988614606318606e-09	1.988614606318606e-09	28.90558815002441	28.90558815002441
1517	gpt2	1518	759	8	fuel	obj_rel	expected	The surgeons that the managers fend fuel	1.5195739777595918e-08	1.5195739777595918e-08	25.971757888793945	25.971757888793945
1518	gpt2	1519	760	8	fulfill	obj_rel	unexpected	The surgeons that the managers fend fulfills	0.3447537135263816	0.3447537135263816	14.641131550073625	14.641131550073625
1519	gpt2	1520	760	8	fulfill	obj_rel	expected	The surgeons that the managers fend fulfill	9.330663353068758e-09	9.330663353068758e-09	26.675373077392575	26.675373077392575
1520	gpt2	1521	761	8	function	obj_rel	unexpected	The surgeons that the managers fend functions	1.3939076559665864e-08	1.3939076559665864e-08	26.096290588378903	26.096290588378903
1521	gpt2	1522	761	8	function	obj_rel	expected	The surgeons that the managers fend function	7.558310244348831e-08	7.558310244348831e-08	23.657360076904297	23.657360076904297
1522	gpt2	1523	762	8	fund	obj_rel	unexpected	The surgeons that the managers fend funds	1.0416699325332957e-07	1.0416699325332957e-07	23.194599151611328	23.194599151611328
1523	gpt2	1524	762	8	fund	obj_rel	expected	The surgeons that the managers fend fund	3.966284793932573e-07	3.966284793932573e-07	21.265708923339844	21.265708923339844
1524	gpt2	1525	763	8	funnel	obj_rel	unexpected	The surgeons that the managers fend funnels	0.007251655255572554	0.007251655255572554	12.568747282028198	12.568747282028198
1525	gpt2	1526	763	8	funnel	obj_rel	expected	The surgeons that the managers fend funnel	1.8748698149551046e-09	1.8748698149551046e-09	28.990562438964844	28.990562438964844
1526	gpt2	1527	764	8	furnish	obj_rel	unexpected	The surgeons that the managers fend furnishes	0.1419740035667096	0.1419740035667096	15.091876029968262	15.091876029968262
1527	gpt2	1528	764	8	furnish	obj_rel	expected	The surgeons that the managers fend furnish	1.8591302941572958e-09	1.8591302941572958e-09	29.00272560119629	29.00272560119629
1528	gpt2	1529	765	8	further	obj_rel	unexpected	The surgeons that the managers fend furthers	0.0001360782761139313	0.0001360782761139313	15.420205593109129	15.420205593109129
1529	gpt2	1530	765	8	further	obj_rel	expected	The surgeons that the managers fend further	1.924750677062548e-06	1.924750677062548e-06	18.986896514892575	18.986896514892575
1530	gpt2	1531	766	8	gain	obj_rel	unexpected	The surgeons that the managers fend gains	6.368134819467741e-08	6.368134819467741e-08	23.90455436706543	23.90455436706543
1531	gpt2	1532	766	8	gain	obj_rel	expected	The surgeons that the managers fend gain	1.9765894876400125e-07	1.9765894876400125e-07	22.270483016967773	22.270483016967773
1532	gpt2	1533	767	8	galvanize	obj_rel	unexpected	The surgeons that the managers fend galvanizes	0.0022987844350010707	0.0022987844350010707	17.34004783630371	17.34004783630371
1533	gpt2	1534	767	8	galvanize	obj_rel	expected	The surgeons that the managers fend galvanize	0.08939812727479342	0.08939812727479342	14.699395895004272	14.699395895004272
1534	gpt2	1535	768	8	gamble	obj_rel	unexpected	The surgeons that the managers fend gambles	0.014328571079799325	0.014328571079799325	15.060386180877686	15.060386180877686
1535	gpt2	1536	768	8	gamble	obj_rel	expected	The surgeons that the managers fend gamble	4.852204682492811e-08	4.852204682492811e-08	24.296783447265625	24.296783447265625
1536	gpt2	1537	769	8	garden	obj_rel	unexpected	The surgeons that the managers fend gardens	4.757011495826191e-08	4.757011495826191e-08	24.325368881225582	24.325368881225582
1537	gpt2	1538	769	8	garden	obj_rel	expected	The surgeons that the managers fend garden	4.3634145185933455e-08	4.3634145185933455e-08	24.449966430664062	24.449966430664062
1538	gpt2	1539	770	8	garner	obj_rel	unexpected	The surgeons that the managers fend garners	0.012132109552933156	0.012132109552933156	14.742653131484987	14.742653131484987
1539	gpt2	1540	770	8	garner	obj_rel	expected	The surgeons that the managers fend garner	1.2716583341898513e-08	1.2716583341898513e-08	26.22871398925781	26.22871398925781
1540	gpt2	1541	771	8	gasp	obj_rel	unexpected	The surgeons that the managers fend gasps	0.06615686328196088	0.06615686328196088	12.26691436767578	12.26691436767578
1541	gpt2	1542	771	8	gasp	obj_rel	expected	The surgeons that the managers fend gasp	9.88066695128964e-09	9.88066695128964e-09	26.592744827270508	26.592744827270508
1542	gpt2	1543	772	8	gather	obj_rel	unexpected	The surgeons that the managers fend gathers	7.532659829223576e-09	7.532659829223576e-09	26.984193801879883	26.984193801879883
1543	gpt2	1544	772	8	gather	obj_rel	expected	The surgeons that the managers fend gather	1.1510096697975315e-07	1.1510096697975315e-07	23.050596237182617	23.050596237182617
1544	gpt2	1545	773	8	gauge	obj_rel	unexpected	The surgeons that the managers fend gauges	0.03290201216690301	0.03290201216690301	15.785512089729307	15.785512089729307
1545	gpt2	1546	773	8	gauge	obj_rel	expected	The surgeons that the managers fend gauge	5.744070996627215e-09	5.744070996627215e-09	27.37527847290039	27.37527847290039
1546	gpt2	1547	774	8	gender	obj_rel	unexpected	The surgeons that the managers fend genders	3.037554430207478e-09	3.037554430207478e-09	28.294443130493164	28.294443130493164
1547	gpt2	1548	774	8	gender	obj_rel	expected	The surgeons that the managers fend gender	2.8496893378360255e-07	2.8496893378360255e-07	21.742691040039062	21.742691040039062
1548	gpt2	1549	775	8	generalize	obj_rel	unexpected	The surgeons that the managers fend generalizes	0.01030884750889525	0.01030884750889525	11.964000940322876	11.964000940322876
1549	gpt2	1550	775	8	generalize	obj_rel	expected	The surgeons that the managers fend generalize	0.08070835445778356	0.08070835445778356	10.479490637779236	10.479490637779236
1550	gpt2	1551	776	8	generate	obj_rel	unexpected	The surgeons that the managers fend generates	2.8528992501719586e-08	2.8528992501719586e-08	25.06299591064453	25.06299591064453
1551	gpt2	1552	776	8	generate	obj_rel	expected	The surgeons that the managers fend generate	9.496967123823197e-08	9.496967123823197e-08	23.327957153320312	23.327957153320312
1552	gpt2	1553	777	8	get	obj_rel	unexpected	The surgeons that the managers fend gets	3.829267427590821e-07	3.829267427590821e-07	21.31642723083496	21.31642723083496
1553	gpt2	1554	777	8	get	obj_rel	expected	The surgeons that the managers fend get	2.7910889457416488e-06	2.7910889457416488e-06	18.450740814208984	18.450740814208984
1554	gpt2	1555	778	8	give	obj_rel	unexpected	The surgeons that the managers fend gives	4.838285008190724e-07	4.838285008190724e-07	20.97900009155273	20.97900009155273
1555	gpt2	1556	778	8	give	obj_rel	expected	The surgeons that the managers fend give	3.1064478207554203e-06	3.1064478207554203e-06	18.29630279541016	18.29630279541016
1556	gpt2	1557	779	8	glamorize	obj_rel	unexpected	The surgeons that the managers fend glamorizes	0.1457815867295835	0.1457815867295835	11.143919547398886	11.143919547398886
1557	gpt2	1558	779	8	glamorize	obj_rel	expected	The surgeons that the managers fend glamorize	0.16717153780532115	0.16717153780532115	9.346820910771688	9.346820910771688
1558	gpt2	1559	780	8	glaze	obj_rel	unexpected	The surgeons that the managers fend glazes	0.00012516651355552082	0.00012516651355552082	16.34821367263794	16.34821367263794
1559	gpt2	1560	780	8	glaze	obj_rel	expected	The surgeons that the managers fend glaze	0.0039141614443565205	0.0039141614443565205	13.863215684890745	13.863215684890745
1560	gpt2	1561	781	8	glean	obj_rel	unexpected	The surgeons that the managers fend gleans	0.00018957746294744697	0.00018957746294744697	14.931425094604492	14.931425094604492
1561	gpt2	1562	781	8	glean	obj_rel	expected	The surgeons that the managers fend glean	1.78903469816305e-08	1.78903469816305e-08	25.73624420166016	25.73624420166016
1562	gpt2	1563	782	8	glide	obj_rel	unexpected	The surgeons that the managers fend glides	0.004811313793709321	0.004811313793709321	13.71434187889099	13.71434187889099
1563	gpt2	1564	782	8	glide	obj_rel	expected	The surgeons that the managers fend glide	5.1583883831085595e-09	5.1583883831085595e-09	27.530431747436523	27.530431747436523
1564	gpt2	1565	783	8	gloat	obj_rel	unexpected	The surgeons that the managers fend gloats	0.02218408500694598	0.02218408500694598	10.366018613179524	10.366018613179524
1565	gpt2	1566	783	8	gloat	obj_rel	expected	The surgeons that the managers fend gloat	0.01204758961563352	0.01204758961563352	13.05219507217407	13.05219507217407
1566	gpt2	1567	784	8	gloss	obj_rel	unexpected	The surgeons that the managers fend glosses	0.0024795732119229177	0.0024795732119229177	17.24878978729248	17.24878978729248
1567	gpt2	1568	784	8	gloss	obj_rel	expected	The surgeons that the managers fend gloss	8.313565835749161e-09	8.313565835749161e-09	26.84188461303711	26.84188461303711
1568	gpt2	1569	785	9	glut	obj_rel	unexpected	The customers that the teacher limits gluts	0.0010457360707504953	0.0010457360707504953	13.495453357696533	13.495453357696533
1569	gpt2	1570	785	9	glut	obj_rel	expected	The customers that the teacher limits glut	1.948706795928956e-07	1.948706795928956e-07	22.290979385375977	22.290979385375977
1570	gpt2	1571	786	9	gon	obj_rel	unexpected	The customers that the teacher limits gons	0.00012833046594093846	0.00012833046594093846	14.116132736206055	14.116132736206055
1571	gpt2	1572	786	9	gon	obj_rel	expected	The customers that the teacher limits gon	2.9500094456125225e-07	2.9500094456125225e-07	21.692777633666992	21.692777633666992
1572	gpt2	1573	787	9	gore	obj_rel	unexpected	The customers that the teacher limits gores	0.00031360933598988843	0.00031360933598988843	13.449164867401123	13.449164867401123
1573	gpt2	1574	787	9	gore	obj_rel	expected	The customers that the teacher limits gore	7.152315220082528e-07	7.152315220082528e-07	20.41508674621582	20.41508674621582
1574	gpt2	1575	788	9	go	obj_rel	unexpected	The customers that the teacher limits goes	5.254073039395735e-05	5.254073039395735e-05	14.216204643249512	14.216204643249512
1575	gpt2	1576	788	9	go	obj_rel	expected	The customers that the teacher limits go	0.000299241481116	0.000299241481116	11.706401824951172	11.706401824951172
1576	gpt2	1577	789	9	govern	obj_rel	unexpected	The customers that the teacher limits governs	3.9052065403666347e-07	3.9052065403666347e-07	21.2880973815918	21.2880973815918
1577	gpt2	1578	789	9	govern	obj_rel	expected	The customers that the teacher limits govern	5.251943662187841e-07	5.251943662187841e-07	20.860645294189453	20.860645294189453
1578	gpt2	1579	790	9	grab	obj_rel	unexpected	The customers that the teacher limits grabs	2.190254662082225e-07	2.190254662082225e-07	22.122398376464844	22.122398376464844
1579	gpt2	1580	790	9	grab	obj_rel	expected	The customers that the teacher limits grab	6.652109050264698e-07	6.652109050264698e-07	20.519683837890625	20.519683837890625
1580	gpt2	1581	791	9	grace	obj_rel	unexpected	The customers that the teacher limits graces	0.002592087521406937	0.002592087521406937	12.241206169128418	12.241206169128418
1581	gpt2	1582	791	9	grace	obj_rel	expected	The customers that the teacher limits grace	1.0918263797066174e-05	1.0918263797066174e-05	16.48289680480957	16.48289680480957
1582	gpt2	1583	792	9	grant	obj_rel	unexpected	The customers that the teacher limits grants	2.0128391042817384e-05	2.0128391042817384e-05	15.600408554077148	15.600408554077148
1583	gpt2	1584	792	9	grant	obj_rel	expected	The customers that the teacher limits grant	0.0001060226932168	0.0001060226932168	13.203339576721191	13.203339576721191
1584	gpt2	1585	793	9	grapple	obj_rel	unexpected	The customers that the teacher limits grapples	0.09389528625784749	0.09389528625784749	11.80294668674469	11.80294668674469
1585	gpt2	1586	793	9	grapple	obj_rel	expected	The customers that the teacher limits grapple	1.306390458921669e-06	1.306390458921669e-06	19.545982360839844	19.545982360839844
1586	gpt2	1587	794	9	grasp	obj_rel	unexpected	The customers that the teacher limits grasps	0.33080739293291117	0.33080739293291117	8.724569487385452	8.724569487385452
1587	gpt2	1588	794	9	grasp	obj_rel	expected	The customers that the teacher limits grasp	7.18282876732701e-07	7.18282876732701e-07	20.408945083618164	20.408945083618164
1588	gpt2	1589	795	9	grimace	obj_rel	unexpected	The customers that the teacher limits grimaces	0.051022912794641294	0.051022912794641294	13.658864259719849	13.658864259719849
1589	gpt2	1590	795	9	grimace	obj_rel	expected	The customers that the teacher limits grimace	0.060177042568019694	0.060177042568019694	13.539830207824707	13.539830207824707
1590	gpt2	1591	796	9	ground	obj_rel	unexpected	The customers that the teacher limits grounds	5.527218149836699e-07	5.527218149836699e-07	20.786943435668945	20.786943435668945
1591	gpt2	1592	796	9	ground	obj_rel	expected	The customers that the teacher limits ground	3.486386731310631e-06	3.486386731310631e-06	18.12983512878418	18.12983512878418
1592	gpt2	1593	797	9	group	obj_rel	unexpected	The customers that the teacher limits groups	6.42775630694814e-05	6.42775630694814e-05	13.925325393676758	13.925325393676758
1593	gpt2	1594	797	9	group	obj_rel	expected	The customers that the teacher limits group	7.597128569614142e-05	7.597128569614142e-05	13.684185981750488	13.684185981750488
1594	gpt2	1595	798	9	growth	obj_rel	unexpected	The customers that the teacher limits growths	0.00012893998791695002	0.00012893998791695002	12.922043323516846	12.922043323516846
1595	gpt2	1596	798	9	growth	obj_rel	expected	The customers that the teacher limits growth	0.0001240666169906	0.0001240666169906	12.97659683227539	12.97659683227539
1596	gpt2	1597	799	9	grow	obj_rel	unexpected	The customers that the teacher limits grows	2.740612444540602e-06	2.740612444540602e-06	18.477069854736328	18.477069854736328
1597	gpt2	1598	799	9	grow	obj_rel	expected	The customers that the teacher limits grow	8.82432796061039e-05	8.82432796061039e-05	13.468153953552246	13.468153953552246
1598	gpt2	1599	800	9	guarantee	obj_rel	unexpected	The customers that the teacher limits guarantees	1.925586047946126e-06	1.925586047946126e-06	18.986270904541016	18.986270904541016
1599	gpt2	1600	800	9	guarantee	obj_rel	expected	The customers that the teacher limits guarantee	5.741111635870766e-06	5.741111635870766e-06	17.41023826599121	17.41023826599121
1600	gpt2	1601	801	9	guard	obj_rel	unexpected	The customers that the teacher limits guards	1.591259774613718e-06	1.591259774613718e-06	19.261398315429688	19.261398315429688
1601	gpt2	1602	801	9	guard	obj_rel	expected	The customers that the teacher limits guard	2.0006586964882445e-06	2.0006586964882445e-06	18.931093215942383	18.931093215942383
1602	gpt2	1603	802	9	guess	obj_rel	unexpected	The customers that the teacher limits guesses	1.2017915196338438e-07	1.2017915196338438e-07	22.98830986022949	22.98830986022949
1603	gpt2	1604	802	9	guess	obj_rel	expected	The customers that the teacher limits guess	3.6299579164733597e-07	3.6299579164733597e-07	21.393543243408203	21.393543243408203
1604	gpt2	1605	803	9	guide	obj_rel	unexpected	The customers that the teacher limits guides	2.011617425523582e-06	2.011617425523582e-06	18.9232120513916	18.9232120513916
1605	gpt2	1606	803	9	guide	obj_rel	expected	The customers that the teacher limits guide	1.0546154953772202e-05	1.0546154953772202e-05	16.532922744750977	16.532922744750977
1606	gpt2	1607	804	9	gut	obj_rel	unexpected	The customers that the teacher limits guts	1.1013879941401684e-07	1.1013879941401684e-07	23.11417388916016	23.11417388916016
1607	gpt2	1608	804	9	gut	obj_rel	expected	The customers that the teacher limits gut	4.366388850485237e-07	4.366388850485237e-07	21.12705612182617	21.12705612182617
1608	gpt2	1609	805	9	guzzle	obj_rel	unexpected	The customers that the teacher limits guzzles	0.07072149383312383	0.07072149383312383	9.604731559753418	9.604731559753418
1609	gpt2	1610	805	9	guzzle	obj_rel	expected	The customers that the teacher limits guzzle	0.0063326225397872474	0.0063326225397872474	13.09444808959961	13.09444808959961
1610	gpt2	1611	806	9	hack	obj_rel	unexpected	The customers that the teacher limits hacks	3.5808703557904664e-08	3.5808703557904664e-08	24.73511505126953	24.73511505126953
1611	gpt2	1612	806	9	hack	obj_rel	expected	The customers that the teacher limits hack	8.551612040719193e-08	8.551612040719193e-08	23.479228973388672	23.479228973388672
1612	gpt2	1613	807	9	halt	obj_rel	unexpected	The customers that the teacher limits halts	0.10130717522736175	0.10130717522736175	10.646609306335451	10.646609306335451
1613	gpt2	1614	807	9	halt	obj_rel	expected	The customers that the teacher limits halt	3.069303602387663e-07	3.069303602387663e-07	21.63558578491211	21.63558578491211
1614	gpt2	1615	808	9	halve	obj_rel	unexpected	The customers that the teacher limits halves	5.853490137042173e-08	5.853490137042173e-08	24.026126861572266	24.026126861572266
1615	gpt2	1616	808	9	halve	obj_rel	expected	The customers that the teacher limits halve	0.0050450462036906035	0.0050450462036906035	12.810602188110353	12.810602188110353
1616	gpt2	1617	809	9	hammer	obj_rel	unexpected	The customers that the teacher limits hammers	0.27054092232037874	0.27054092232037874	10.15112566947937	10.15112566947937
1617	gpt2	1618	809	9	hammer	obj_rel	expected	The customers that the teacher limits hammer	3.414782895561075e-06	3.414782895561075e-06	18.15977478027344	18.15977478027344
1618	gpt2	1619	810	9	hamper	obj_rel	unexpected	The customers that the teacher limits hampers	0.336847977160384	0.336847977160384	7.478978946805	7.478978946805
1619	gpt2	1620	810	9	hamper	obj_rel	expected	The customers that the teacher limits hamper	0.1376198831003421	0.1376198831003421	10.094282805919647	10.094282805919647
1620	gpt2	1621	811	9	handicap	obj_rel	unexpected	The customers that the teacher limits handicaps	0.11102727656816568	0.11102727656816568	10.569865465164183	10.569865465164183
1621	gpt2	1622	811	9	handicap	obj_rel	expected	The customers that the teacher limits handicap	0.19877873962377632	0.19877873962377632	10.149737954139708	10.149737954139708
1622	gpt2	1623	812	9	handle	obj_rel	unexpected	The customers that the teacher limits handles	9.173110129268024e-07	9.173110129268024e-07	20.05608558654785	20.05608558654785
1623	gpt2	1624	812	9	handle	obj_rel	expected	The customers that the teacher limits handle	2.965162821055856e-06	2.965162821055856e-06	18.36345672607422	18.36345672607422
1624	gpt2	1625	813	9	hand	obj_rel	unexpected	The customers that the teacher limits hands	3.219945210730657e-05	3.219945210730657e-05	14.92260456085205	14.92260456085205
1625	gpt2	1626	813	9	hand	obj_rel	expected	The customers that the teacher limits hand	4.2457657400518656e-05	4.2457657400518656e-05	14.523615837097168	14.523615837097168
1626	gpt2	1627	814	9	hang	obj_rel	unexpected	The customers that the teacher limits hangs	2.095431881343757e-07	2.095431881343757e-07	22.186248779296875	22.186248779296875
1627	gpt2	1628	814	9	hang	obj_rel	expected	The customers that the teacher limits hang	1.07414489320945e-05	1.07414489320945e-05	16.506452560424805	16.506452560424805
1628	gpt2	1629	815	9	happen	obj_rel	unexpected	The customers that the teacher limits happens	7.645006007805932e-06	7.645006007805932e-06	16.997051239013672	16.997051239013672
1629	gpt2	1630	815	9	happen	obj_rel	expected	The customers that the teacher limits happen	4.207649908494204e-05	4.207649908494204e-05	14.536625862121582	14.536625862121582
1630	gpt2	1631	816	9	harass	obj_rel	unexpected	The customers that the teacher limits harasses	0.024628092132275008	0.024628092132275008	11.935381174087524	11.935381174087524
1631	gpt2	1632	816	9	harass	obj_rel	expected	The customers that the teacher limits harass	1.323535570918466e-06	1.323535570918466e-06	19.527172088623047	19.527172088623047
1632	gpt2	1633	817	9	harm	obj_rel	unexpected	The customers that the teacher limits harms	1.0862962653845898e-06	1.0862962653845898e-06	19.812150955200195	19.812150955200195
1633	gpt2	1634	817	9	harm	obj_rel	expected	The customers that the teacher limits harm	9.12289851839887e-06	9.12289851839887e-06	16.742076873779297	16.742076873779297
1634	gpt2	1635	818	9	hasten	obj_rel	unexpected	The customers that the teacher limits hastens	0.004611985947676081	0.004611985947676081	14.170437574386598	14.170437574386598
1635	gpt2	1636	818	9	hasten	obj_rel	expected	The customers that the teacher limits hasten	0.2503072425757722	0.2503072425757722	11.289329051971437	11.289329051971437
1636	gpt2	1637	819	9	hate	obj_rel	unexpected	The customers that the teacher limits hates	1.112888753596053e-06	1.112888753596053e-06	19.77725982666016	19.77725982666016
1637	gpt2	1638	819	9	hate	obj_rel	expected	The customers that the teacher limits hate	4.303292735130526e-05	4.303292735130526e-05	14.504199028015137	14.504199028015137
1638	gpt2	1639	820	9	haul	obj_rel	unexpected	The customers that the teacher limits hauls	0.019625002268185157	0.019625002268185157	10.259930849075317	10.259930849075317
1639	gpt2	1640	820	9	haul	obj_rel	expected	The customers that the teacher limits haul	5.892003400731483e-07	5.892003400731483e-07	20.694738388061523	20.694738388061523
1640	gpt2	1641	821	9	haunt	obj_rel	unexpected	The customers that the teacher limits haunts	0.4763993441766337	0.4763993441766337	12.69761238992214	12.69761238992214
1641	gpt2	1642	821	9	haunt	obj_rel	expected	The customers that the teacher limits haunt	8.40157881043524e-08	8.40157881043524e-08	23.50476455688477	23.50476455688477
1642	gpt2	1643	822	9	have	obj_rel	unexpected	The customers that the teacher limits haves	0.007722899533291607	0.007722899533291607	10.93315052986145	10.93315052986145
1643	gpt2	1644	822	9	have	obj_rel	expected	The customers that the teacher limits have	0.0100548230111598	0.0100548230111598	6.6359686851501465	6.6359686851501465
1644	gpt2	1645	823	9	head	obj_rel	unexpected	The customers that the teacher limits heads	1.0345917189624745e-06	1.0345917189624745e-06	19.88250732421875	19.88250732421875
1645	gpt2	1646	823	9	head	obj_rel	expected	The customers that the teacher limits head	5.555210373131558e-05	5.555210373131558e-05	14.135798454284668	14.135798454284668
1646	gpt2	1647	824	9	heal	obj_rel	unexpected	The customers that the teacher limits heals	1.3865818004887842e-07	1.3865818004887842e-07	22.781963348388672	22.781963348388672
1647	gpt2	1648	824	9	heal	obj_rel	expected	The customers that the teacher limits heal	1.6040705759223783e-06	1.6040705759223783e-06	19.24983024597168	19.24983024597168
1648	gpt2	1649	825	9	hear	obj_rel	unexpected	The customers that the teacher limits hears	4.772618353854341e-07	4.772618353854341e-07	20.99871635437012	20.99871635437012
1649	gpt2	1650	825	9	hear	obj_rel	expected	The customers that the teacher limits hear	6.733941063430393e-06	6.733941063430393e-06	17.180116653442383	17.180116653442383
1650	gpt2	1651	826	9	heat	obj_rel	unexpected	The customers that the teacher limits heats	7.380222655228863e-08	7.380222655228863e-08	23.691761016845703	23.691761016845703
1651	gpt2	1652	826	9	heat	obj_rel	expected	The customers that the teacher limits heat	1.2171192793175578e-05	1.2171192793175578e-05	16.326169967651367	16.326169967651367
1652	gpt2	1653	827	9	hedge	obj_rel	unexpected	The customers that the teacher limits hedges	0.12212065803711879	0.12212065803711879	12.00502371788025	12.00502371788025
1653	gpt2	1654	827	9	hedge	obj_rel	expected	The customers that the teacher limits hedge	2.830251162322384e-07	2.830251162322384e-07	21.75256729125977	21.75256729125977
1654	gpt2	1655	828	9	heed	obj_rel	unexpected	The customers that the teacher limits heeds	0.0006055853591533	0.0006055853591533	10.994491577148438	10.994491577148438
1655	gpt2	1656	828	9	heed	obj_rel	expected	The customers that the teacher limits heed	5.527681992134603e-07	5.527681992134603e-07	20.786821365356445	20.786821365356445
1656	gpt2	1657	829	9	heighten	obj_rel	unexpected	The customers that the teacher limits heightens	8.149633140418669e-05	8.149633140418669e-05	13.92133617401123	13.92133617401123
1657	gpt2	1658	829	9	heighten	obj_rel	expected	The customers that the teacher limits heighten	0.0001753806827764367	0.0001753806827764367	13.281054496765137	13.281054496765137
1658	gpt2	1659	830	9	help	obj_rel	unexpected	The customers that the teacher limits helps	9.200695785693824e-06	9.200695785693824e-06	16.729825973510742	16.729825973510742
1659	gpt2	1660	830	9	help	obj_rel	expected	The customers that the teacher limits help	0.0003449534124229	0.0003449534124229	11.50131130218506	11.50131130218506
1660	gpt2	1661	831	9	herald	obj_rel	unexpected	The customers that the teacher limits heralds	0.004508287176147218	0.004508287176147218	14.89666152000427	14.89666152000427
1661	gpt2	1662	831	9	herald	obj_rel	expected	The customers that the teacher limits herald	1.192011538364568e-07	1.192011538364568e-07	23.000099182128903	23.000099182128903
1662	gpt2	1663	832	9	hesitate	obj_rel	unexpected	The customers that the teacher limits hesitates	0.03425636658460006	0.03425636658460006	11.381110310554504	11.381110310554504
1663	gpt2	1664	832	9	hesitate	obj_rel	expected	The customers that the teacher limits hesitate	1.71775513990724e-06	1.71775513990724e-06	19.15104484558105	19.15104484558105
1664	gpt2	1665	833	9	hide	obj_rel	unexpected	The customers that the teacher limits hides	7.467332352462108e-08	7.467332352462108e-08	23.67483139038086	23.67483139038086
1665	gpt2	1666	833	9	hide	obj_rel	expected	The customers that the teacher limits hide	5.948326702309714e-07	5.948326702309714e-07	20.681013107299805	20.681013107299805
1666	gpt2	1667	834	9	highlight	obj_rel	unexpected	The customers that the teacher limits highlights	4.600284228217788e-06	4.600284228217788e-06	17.72984504699707	17.72984504699707
1667	gpt2	1668	834	9	highlight	obj_rel	expected	The customers that the teacher limits highlight	8.77568163559772e-06	8.77568163559772e-06	16.798057556152344	16.798057556152344
1668	gpt2	1669	835	9	hinder	obj_rel	unexpected	The customers that the teacher limits hinders	0.35411738451462327	0.35411738451462327	11.132717728614807	11.132717728614807
1669	gpt2	1670	835	9	hinder	obj_rel	expected	The customers that the teacher limits hinder	2.3515142402175115e-06	2.3515142402175115e-06	18.697978973388672	18.697978973388672
1670	gpt2	1671	836	9	hinge	obj_rel	unexpected	The customers that the teacher limits hinges	5.535911782317271e-07	5.535911782317271e-07	20.78467559814453	20.78467559814453
1671	gpt2	1672	836	9	hinge	obj_rel	expected	The customers that the teacher limits hinge	4.818645606974314e-07	4.818645606974314e-07	20.9848690032959	20.9848690032959
1672	gpt2	1673	837	9	hint	obj_rel	unexpected	The customers that the teacher limits hints	1.4196756410456146e-06	1.4196756410456146e-06	19.426006317138672	19.426006317138672
1673	gpt2	1674	837	9	hint	obj_rel	expected	The customers that the teacher limits hint	6.341242624330334e-07	6.341242624330334e-07	20.58873176574707	20.58873176574707
1674	gpt2	1675	838	9	hire	obj_rel	unexpected	The customers that the teacher limits hires	1.2200292076158805e-05	1.2200292076158805e-05	16.322725296020508	16.322725296020508
1675	gpt2	1676	838	9	hire	obj_rel	expected	The customers that the teacher limits hire	5.085743759991601e-05	5.085743759991601e-05	14.263181686401367	14.263181686401367
1676	gpt2	1677	839	9	hit	obj_rel	unexpected	The customers that the teacher limits hits	2.413291895209113e-06	2.413291895209113e-06	18.66056632995605	18.66056632995605
1677	gpt2	1678	839	9	hit	obj_rel	expected	The customers that the teacher limits hit	2.5858777007670145e-05	2.5858777007670145e-05	15.238986015319824	15.238986015319824
1678	gpt2	1679	840	9	hoe	obj_rel	unexpected	The customers that the teacher limits hoes	0.0029375102467383567	0.0029375102467383567	11.875289678573608	11.875289678573608
1679	gpt2	1680	840	9	hoe	obj_rel	expected	The customers that the teacher limits hoe	0.007305858293875606	0.007305858293875606	11.21717119216919	11.21717119216919
1680	gpt2	1681	841	9	hold	obj_rel	unexpected	The customers that the teacher limits holds	9.953334483725484e-06	9.953334483725484e-06	16.61638832092285	16.61638832092285
1681	gpt2	1682	841	9	hold	obj_rel	expected	The customers that the teacher limits hold	0.0001309215585933	0.0001309215585933	12.899009704589844	12.899009704589844
1682	gpt2	1683	842	9	holler	obj_rel	unexpected	The customers that the teacher limits hollers	0.07565922871253858	0.07565922871253858	8.633602301279703	8.633602301279703
1683	gpt2	1684	842	9	holler	obj_rel	expected	The customers that the teacher limits holler	0.0024911203518058565	0.0024911203518058565	11.994455575942993	11.994455575942993
1684	gpt2	1685	843	9	homer	obj_rel	unexpected	The customers that the teacher limits homers	4.4357585693433066e-07	4.4357585693433066e-07	21.10431480407715	21.10431480407715
1685	gpt2	1686	843	9	homer	obj_rel	expected	The customers that the teacher limits homer	1.6978519568056075e-07	1.6978519568056075e-07	22.48978614807129	22.48978614807129
1686	gpt2	1687	844	9	hone	obj_rel	unexpected	The customers that the teacher limits hones	0.0026585281457300563	0.0026585281457300563	11.947428703308105	11.947428703308105
1687	gpt2	1688	844	9	hone	obj_rel	expected	The customers that the teacher limits hone	3.008674980264914e-07	3.008674980264914e-07	21.66436767578125	21.66436767578125
1688	gpt2	1689	845	9	honor	obj_rel	unexpected	The customers that the teacher limits honors	7.705344842179329e-07	7.705344842179329e-07	20.307636260986328	20.307636260986328
1689	gpt2	1690	845	9	honor	obj_rel	expected	The customers that the teacher limits honor	7.109366833901731e-06	7.109366833901731e-06	17.10184669494629	17.10184669494629
1690	gpt2	1691	846	9	hope	obj_rel	unexpected	The customers that the teacher limits hopes	7.750954864604864e-06	7.750954864604864e-06	16.97719383239746	16.97719383239746
1691	gpt2	1692	846	9	hope	obj_rel	expected	The customers that the teacher limits hope	3.238126009819098e-05	3.238126009819098e-05	14.914481163024902	14.914481163024902
1692	gpt2	1693	847	9	host	obj_rel	unexpected	The customers that the teacher limits hosts	6.746922736056149e-07	6.746922736056149e-07	20.499267578125	20.499267578125
1693	gpt2	1694	847	9	host	obj_rel	expected	The customers that the teacher limits host	3.921913958038203e-06	3.921913958038203e-06	17.960010528564453	17.960010528564453
1694	gpt2	1695	848	9	house	obj_rel	unexpected	The customers that the teacher limits houses	7.000023742875783e-07	7.000023742875783e-07	20.44613647460937	20.44613647460937
1695	gpt2	1696	848	9	house	obj_rel	expected	The customers that the teacher limits house	1.934089777932968e-05	1.934089777932968e-05	15.65798568725586	15.65798568725586
1696	gpt2	1697	849	9	hum	obj_rel	unexpected	The customers that the teacher limits hums	0.01087631291900943	0.01087631291900943	13.086830139160156	13.086830139160156
1697	gpt2	1698	849	9	hum	obj_rel	expected	The customers that the teacher limits hum	6.073565259612224e-07	6.073565259612224e-07	20.65095329284668	20.65095329284668
1698	gpt2	1699	850	9	hurry	obj_rel	unexpected	The customers that the teacher limits hurries	0.03420431738002701	0.03420431738002701	13.888306975364685	13.888306975364685
1699	gpt2	1700	850	9	hurry	obj_rel	expected	The customers that the teacher limits hurry	2.1329492483346257e-07	2.1329492483346257e-07	22.160646438598636	22.160646438598636
1700	gpt2	1701	851	9	hurt	obj_rel	unexpected	The customers that the teacher limits hurts	7.657523610760109e-07	7.657523610760109e-07	20.31661796569824	20.31661796569824
1701	gpt2	1702	851	9	hurt	obj_rel	expected	The customers that the teacher limits hurt	8.16294050309807e-06	8.16294050309807e-06	16.90247917175293	16.90247917175293
1702	gpt2	1703	852	9	identify	obj_rel	unexpected	The customers that the teacher limits identifies	1.082887024494994e-06	1.082887024494994e-06	19.816686630249023	19.816686630249023
1703	gpt2	1704	852	9	identify	obj_rel	expected	The customers that the teacher limits identify	1.7951251720660366e-05	1.7951251720660366e-05	15.76555633544922	15.76555633544922
1704	gpt2	1705	853	9	idle	obj_rel	unexpected	The customers that the teacher limits idles	0.013201375237599646	0.013201375237599646	11.917633533477785	11.917633533477785
1705	gpt2	1706	853	9	idle	obj_rel	expected	The customers that the teacher limits idle	3.608420513501187e-07	3.608420513501187e-07	21.40212821960449	21.40212821960449
1706	gpt2	1707	854	9	ignite	obj_rel	unexpected	The customers that the teacher limits ignites	0.22949192247356007	0.22949192247356007	12.488292396068573	12.488292396068573
1707	gpt2	1708	854	9	ignite	obj_rel	expected	The customers that the teacher limits ignite	4.5734037001921024e-08	4.5734037001921024e-08	24.382156372070312	24.382156372070312
1708	gpt2	1709	855	9	ignore	obj_rel	unexpected	The customers that the teacher limits ignores	1.7727422800817294e-06	1.7727422800817294e-06	19.1055850982666	19.1055850982666
1709	gpt2	1710	855	9	ignore	obj_rel	expected	The customers that the teacher limits ignore	1.0179580385738518e-05	1.0179580385738518e-05	16.583961486816406	16.583961486816406
1710	gpt2	1711	856	9	illuminate	obj_rel	unexpected	The customers that the teacher limits illuminates	0.24391840553107613	0.24391840553107613	9.648683398962019	9.648683398962019
1711	gpt2	1712	856	9	illuminate	obj_rel	expected	The customers that the teacher limits illuminate	3.175564415869303e-07	3.175564415869303e-07	21.586483001708984	21.586483001708984
1712	gpt2	1713	857	9	illustrate	obj_rel	unexpected	The customers that the teacher limits illustrates	5.192816274757206e-07	5.192816274757206e-07	20.87697982788086	20.87697982788086
1713	gpt2	1714	857	9	illustrate	obj_rel	expected	The customers that the teacher limits illustrate	1.0320497494831216e-05	1.0320497494831216e-05	16.56412696838379	16.56412696838379
1714	gpt2	1715	858	9	imagine	obj_rel	unexpected	The customers that the teacher limits imagines	0.4780526393324749	0.4780526393324749	10.9040397554636	10.9040397554636
1715	gpt2	1716	858	9	imagine	obj_rel	expected	The customers that the teacher limits imagine	9.15409430035652e-07	9.15409430035652e-07	20.059080123901367	20.059080123901367
1716	gpt2	1717	859	9	impact	obj_rel	unexpected	The customers that the teacher limits impacts	4.488407739700051e-06	4.488407739700051e-06	17.765365600585938	17.765365600585938
1717	gpt2	1718	859	9	impact	obj_rel	expected	The customers that the teacher limits impact	3.632288644439541e-05	3.632288644439541e-05	14.748761177062988	14.748761177062988
1718	gpt2	1719	860	9	impair	obj_rel	unexpected	The customers that the teacher limits impairs	0.018674219322065238	0.018674219322065238	11.22237253189087	11.22237253189087
1719	gpt2	1720	860	9	impair	obj_rel	expected	The customers that the teacher limits impair	5.697148139915953e-07	5.697148139915953e-07	20.743257522583008	20.743257522583008
1720	gpt2	1721	861	9	impede	obj_rel	unexpected	The customers that the teacher limits impedes	0.43653977863324656	0.43653977863324656	11.042818695306776	11.042818695306776
1721	gpt2	1722	861	9	impede	obj_rel	expected	The customers that the teacher limits impede	1.24628127196047e-06	1.24628127196047e-06	19.61393928527832	19.61393928527832
1722	gpt2	1723	862	9	implement	obj_rel	unexpected	The customers that the teacher limits implements	2.10572068226611e-07	2.10572068226611e-07	22.179182052612305	22.179182052612305
1723	gpt2	1724	862	9	implement	obj_rel	expected	The customers that the teacher limits implement	2.079118303299765e-06	2.079118303299765e-06	18.87559700012207	18.87559700012207
1724	gpt2	1725	863	9	implicate	obj_rel	unexpected	The customers that the teacher limits implicates	0.009687919713712741	0.009687919713712741	13.06449794769287	13.06449794769287
1725	gpt2	1726	863	9	implicate	obj_rel	expected	The customers that the teacher limits implicate	0.20775798855737548	0.20775798855737548	10.853186488151549	10.853186488151549
1726	gpt2	1727	864	9	imply	obj_rel	unexpected	The customers that the teacher limits implies	9.724282108436455e-07	9.724282108436455e-07	19.971904754638672	19.971904754638672
1727	gpt2	1728	864	9	imply	obj_rel	expected	The customers that the teacher limits imply	5.736076673201751e-06	5.736076673201751e-06	17.4115047454834	17.4115047454834
1728	gpt2	1729	865	9	import	obj_rel	unexpected	The customers that the teacher limits imports	5.028236046200618e-06	5.028236046200618e-06	17.601516723632812	17.601516723632812
1729	gpt2	1730	865	9	import	obj_rel	expected	The customers that the teacher limits import	4.315373189456295e-06	4.315373189456295e-06	17.82208251953125	17.82208251953125
1730	gpt2	1731	866	9	impose	obj_rel	unexpected	The customers that the teacher limits imposes	4.744683792523574e-06	4.744683792523574e-06	17.685256958007812	17.685256958007812
1731	gpt2	1732	866	9	impose	obj_rel	expected	The customers that the teacher limits impose	6.10739880357869e-05	6.10739880357869e-05	13.999082565307615	13.999082565307615
1732	gpt2	1733	867	9	impound	obj_rel	unexpected	The customers that the teacher limits impounds	0.003644184969971289	0.003644184969971289	12.40143609046936	12.40143609046936
1733	gpt2	1734	867	9	impound	obj_rel	expected	The customers that the teacher limits impound	0.03228242166028394	0.03228242166028394	10.827483773231506	10.827483773231506
1734	gpt2	1735	868	9	impress	obj_rel	unexpected	The customers that the teacher limits impresses	0.007015488726324289	0.007015488726324289	12.84168744087219	12.84168744087219
1735	gpt2	1736	868	9	impress	obj_rel	expected	The customers that the teacher limits impress	1.32277841657924e-06	1.32277841657924e-06	19.52799797058105	19.52799797058105
1736	gpt2	1737	869	9	imprison	obj_rel	unexpected	The customers that the teacher limits imprisons	0.3336434980181669	0.3336434980181669	8.728587825394547	8.728587825394547
1737	gpt2	1738	869	9	imprison	obj_rel	expected	The customers that the teacher limits imprison	4.055583957551789e-08	4.055583957551789e-08	24.55551528930664	24.55551528930664
1738	gpt2	1739	870	9	improve	obj_rel	unexpected	The customers that the teacher limits improves	1.0574146926956018e-06	1.0574146926956018e-06	19.85102653503418	19.85102653503418
1739	gpt2	1740	870	9	improve	obj_rel	expected	The customers that the teacher limits improve	1.3668161955138204e-05	1.3668161955138204e-05	16.15882110595703	16.15882110595703
1740	gpt2	1741	871	9	impugn	obj_rel	unexpected	The customers that the teacher limits impugns	0.02788076755693203	0.02788076755693203	9.18346087137858	9.18346087137858
1741	gpt2	1742	871	9	impugn	obj_rel	expected	The customers that the teacher limits impugn	0.0789973657060727	0.0789973657060727	8.613876342773438	8.613876342773438
1742	gpt2	1743	872	9	incarcerate	obj_rel	unexpected	The customers that the teacher limits incarcerates	0.1182391857615066	0.1182391857615066	12.649590134620667	12.649590134620667
1743	gpt2	1744	872	9	incarcerate	obj_rel	expected	The customers that the teacher limits incarcerate	0.22919533307462456	0.22919533307462456	12.172155261039734	12.172155261039734
1744	gpt2	1745	873	9	inch	obj_rel	unexpected	The customers that the teacher limits inches	2.60788681316626e-07	2.60788681316626e-07	21.870615005493164	21.870615005493164
1745	gpt2	1746	873	9	inch	obj_rel	expected	The customers that the teacher limits inch	6.170454014409188e-08	6.170454014409188e-08	23.950048446655277	23.950048446655277
1746	gpt2	1747	874	9	include	obj_rel	unexpected	The customers that the teacher limits includes	5.339418930816464e-05	5.339418930816464e-05	14.192957878112791	14.192957878112791
1747	gpt2	1748	874	9	include	obj_rel	expected	The customers that the teacher limits include	0.0031414730474352	0.0031414730474352	8.314343452453613	8.314343452453613
1748	gpt2	1749	875	9	incorporate	obj_rel	unexpected	The customers that the teacher limits incorporates	4.651757308238303e-07	4.651757308238303e-07	21.035720825195312	21.035720825195312
1749	gpt2	1750	875	9	incorporate	obj_rel	expected	The customers that the teacher limits incorporate	3.2493971957592294e-06	3.2493971957592294e-06	18.231395721435547	18.231395721435547
1750	gpt2	1751	876	9	increased	obj_rel	unexpected	The customers that the teacher limits increaseds	2.282335117342882e-05	2.282335117342882e-05	15.647044658660889	15.647044658660889
1751	gpt2	1752	876	9	increased	obj_rel	expected	The customers that the teacher limits increased	3.470266892691143e-05	3.470266892691143e-05	14.814593315124512	14.814593315124512
1752	gpt2	1753	877	9	increase	obj_rel	unexpected	The customers that the teacher limits increases	2.834857150446624e-05	2.834857150446624e-05	15.106364250183104	15.106364250183104
1753	gpt2	1754	877	9	increase	obj_rel	expected	The customers that the teacher limits increase	8.931208139983937e-05	8.931208139983937e-05	13.45078468322754	13.45078468322754
1754	gpt2	1755	878	9	incur	obj_rel	unexpected	The customers that the teacher limits incurs	0.005160500010788365	0.005160500010788365	11.225788593292236	11.225788593292236
1755	gpt2	1756	878	9	incur	obj_rel	expected	The customers that the teacher limits incur	7.138880391721614e-06	7.138880391721614e-06	17.095870971679688	17.095870971679688
1756	gpt2	1757	879	9	indemnify	obj_rel	unexpected	The customers that the teacher limits indemnifies	0.04861953035432974	0.04861953035432974	12.26723909378052	12.26723909378052
1757	gpt2	1758	879	9	indemnify	obj_rel	expected	The customers that the teacher limits indemnify	0.19021116495568435	0.19021116495568435	11.283239662647249	11.283239662647249
1758	gpt2	1759	880	9	indicate	obj_rel	unexpected	The customers that the teacher limits indicates	2.197545200033346e-06	2.197545200033346e-06	18.79567527770996	18.79567527770996
1759	gpt2	1760	880	9	indicate	obj_rel	expected	The customers that the teacher limits indicate	1.447174417990027e-05	1.447174417990027e-05	16.076400756835938	16.076400756835938
1760	gpt2	1761	881	9	indict	obj_rel	unexpected	The customers that the teacher limits indicts	0.005514938327848988	0.005514938327848988	13.018584489822388	13.018584489822388
1761	gpt2	1762	881	9	indict	obj_rel	expected	The customers that the teacher limits indict	3.3155810541529724e-08	3.3155810541529724e-08	24.846162796020508	24.846162796020508
1762	gpt2	1763	882	9	induce	obj_rel	unexpected	The customers that the teacher limits induces	4.395601536089089e-07	4.395601536089089e-07	21.117435455322266	21.117435455322266
1763	gpt2	1764	882	9	induce	obj_rel	expected	The customers that the teacher limits induce	6.8240351538406685e-06	6.8240351538406685e-06	17.16094398498535	17.16094398498535
1764	gpt2	1765	883	10	indulge	obj_rel	unexpected	The farmer that the teachers spot indulge	7.5440908631208e-07	7.5440908631208e-07	20.338150024414062	20.338150024414062
1765	gpt2	1766	883	10	indulge	obj_rel	expected	The farmer that the teachers spot indulges	0.06161061279294697	0.06161061279294697	10.288960218429565	10.288960218429565
1766	gpt2	1767	884	10	industrialize	obj_rel	unexpected	The farmer that the teachers spot industrialize	0.0006375123251700272	0.0006375123251700272	14.4307656288147	14.4307656288147
1767	gpt2	1768	884	10	industrialize	obj_rel	expected	The farmer that the teachers spot industrializes	0.0004137488052719772	0.0004137488052719772	14.743108272552492	14.743108272552492
1768	gpt2	1769	885	10	infiltrate	obj_rel	unexpected	The farmer that the teachers spot infiltrate	8.134423410410818e-07	8.134423410410818e-07	20.229455947875977	20.229455947875977
1769	gpt2	1770	885	10	infiltrate	obj_rel	expected	The farmer that the teachers spot infiltrates	0.4289373987799081	0.4289373987799081	10.034504853188992	10.034504853188992
1770	gpt2	1771	886	10	inflame	obj_rel	unexpected	The farmer that the teachers spot inflame	0.005437226125252433	0.005437226125252433	13.41983938217163	13.41983938217163
1771	gpt2	1772	886	10	inflame	obj_rel	expected	The farmer that the teachers spot inflames	0.040281563156497634	0.040281563156497634	11.975206971168518	11.975206971168518
1772	gpt2	1773	887	10	inflate	obj_rel	unexpected	The farmer that the teachers spot inflate	0.003243165048843353	0.003243165048843353	11.431607007980347	11.431607007980347
1773	gpt2	1774	887	10	inflate	obj_rel	expected	The farmer that the teachers spot inflates	0.2908075704213502	0.2908075704213502	10.549264460802078	10.549264460802078
1774	gpt2	1775	888	10	inflict	obj_rel	unexpected	The farmer that the teachers spot inflict	8.912832782925761e-08	8.912832782925761e-08	23.41954040527344	23.41954040527344
1775	gpt2	1776	888	10	inflict	obj_rel	expected	The farmer that the teachers spot inflicts	0.49730746867491865	0.49730746867491865	10.89671650226228	10.89671650226228
1776	gpt2	1777	889	10	influence	obj_rel	unexpected	The farmer that the teachers spot influence	4.911805717711104e-07	4.911805717711104e-07	20.95724296569824	20.95724296569824
1777	gpt2	1778	889	10	influence	obj_rel	expected	The farmer that the teachers spot influences	1.4409311006602366e-06	1.4409311006602366e-06	19.40456771850586	19.40456771850586
1778	gpt2	1779	890	10	inform	obj_rel	unexpected	The farmer that the teachers spot inform	9.365133337269071e-06	9.365133337269071e-06	16.704269409179688	16.704269409179688
1779	gpt2	1780	890	10	inform	obj_rel	expected	The farmer that the teachers spot informs	1.901750692923088e-05	1.901750692923088e-05	15.68231201171875	15.68231201171875
1780	gpt2	1781	891	10	infringe	obj_rel	unexpected	The farmer that the teachers spot infringe	0.016551178951658547	0.016551178951658547	11.334870100021362	11.334870100021362
1781	gpt2	1782	891	10	infringe	obj_rel	expected	The farmer that the teachers spot infringes	0.16863255116800244	0.16863255116800244	9.660342514514923	9.660342514514923
1782	gpt2	1783	892	10	infuriate	obj_rel	unexpected	The farmer that the teachers spot infuriate	0.2919298746965069	0.2919298746965069	6.963030527035396	6.963030527035396
1783	gpt2	1784	892	10	infuriate	obj_rel	expected	The farmer that the teachers spot infuriates	0.044319805708141716	0.044319805708141716	11.417948484420776	11.417948484420776
1784	gpt2	1785	893	10	infuse	obj_rel	unexpected	The farmer that the teachers spot infuse	0.001455175182854853	0.001455175182854853	12.012495517730713	12.012495517730713
1785	gpt2	1786	893	10	infuse	obj_rel	expected	The farmer that the teachers spot infuses	0.0337744673761335	0.0337744673761335	9.739336371421814	9.739336371421814
1786	gpt2	1787	894	10	ingest	obj_rel	unexpected	The farmer that the teachers spot ingest	1.9439680443156249e-07	1.9439680443156249e-07	22.294492721557617	22.294492721557617
1787	gpt2	1788	894	10	ingest	obj_rel	expected	The farmer that the teachers spot ingests	0.024745336352907536	0.024745336352907536	10.905524730682373	10.905524730682373
1788	gpt2	1789	895	10	ingratiate	obj_rel	unexpected	The farmer that the teachers spot ingratiate	0.3143556660930926	0.3143556660930926	5.863365887431428	5.863365887431428
1789	gpt2	1790	895	10	ingratiate	obj_rel	expected	The farmer that the teachers spot ingratiates	0.34345552911565846	0.34345552911565846	5.568608223227784	5.568608223227784
1790	gpt2	1791	896	10	inhibit	obj_rel	unexpected	The farmer that the teachers spot inhibit	2.3979048080491342e-08	2.3979048080491342e-08	25.313650131225582	25.313650131225582
1791	gpt2	1792	896	10	inhibit	obj_rel	expected	The farmer that the teachers spot inhibits	6.591931196453515e-07	6.591931196453515e-07	20.532794952392575	20.532794952392575
1792	gpt2	1793	897	10	initiate	obj_rel	unexpected	The farmer that the teachers spot initiate	6.466355557677161e-07	6.466355557677161e-07	20.56054306030273	20.56054306030273
1793	gpt2	1794	897	10	initiate	obj_rel	expected	The farmer that the teachers spot initiates	0.4955499678237629	0.4955499678237629	9.975650584325194	9.975650584325194
1794	gpt2	1795	898	10	inject	obj_rel	unexpected	The farmer that the teachers spot inject	1.825890421969234e-06	1.825890421969234e-06	19.062969207763672	19.062969207763672
1795	gpt2	1796	898	10	inject	obj_rel	expected	The farmer that the teachers spot injects	0.4557711968826652	0.4557711968826652	9.598295211791992	9.598295211791992
1796	gpt2	1797	899	10	injure	obj_rel	unexpected	The farmer that the teachers spot injure	3.3048590353246254e-07	3.3048590353246254e-07	21.528907775878903	21.528907775878903
1797	gpt2	1798	899	10	injure	obj_rel	expected	The farmer that the teachers spot injures	0.4891377503989922	0.4891377503989922	11.781215025112033	11.781215025112033
1798	gpt2	1799	900	10	innovate	obj_rel	unexpected	The farmer that the teachers spot innovate	1.332800394493461e-07	1.332800394493461e-07	22.839035034179688	22.839035034179688
1799	gpt2	1800	900	10	innovate	obj_rel	expected	The farmer that the teachers spot innovates	0.18530617581637898	0.18530617581637898	11.368500888347628	11.368500888347628
1800	gpt2	1801	901	10	insist	obj_rel	unexpected	The farmer that the teachers spot insist	9.758427950146142e-06	9.758427950146142e-06	16.644920349121094	16.644920349121094
1801	gpt2	1802	901	10	insist	obj_rel	expected	The farmer that the teachers spot insists	4.324649125919677e-05	4.324649125919677e-05	14.49705696105957	14.49705696105957
1802	gpt2	1803	902	10	inspect	obj_rel	unexpected	The farmer that the teachers spot inspect	1.0719253623392431e-05	1.0719253623392431e-05	16.509435653686523	16.509435653686523
1803	gpt2	1804	902	10	inspect	obj_rel	expected	The farmer that the teachers spot inspects	0.40859636185268755	0.40859636185268755	8.400353148579597	8.400353148579597
1804	gpt2	1805	903	10	inspire	obj_rel	unexpected	The farmer that the teachers spot inspire	2.597974742002407e-07	2.597974742002407e-07	21.876110076904297	21.876110076904297
1805	gpt2	1806	903	10	inspire	obj_rel	expected	The farmer that the teachers spot inspires	2.6380930648883805e-06	2.6380930648883805e-06	18.53207397460937	18.53207397460937
1806	gpt2	1807	904	10	install	obj_rel	unexpected	The farmer that the teachers spot install	7.841202886993415e-07	7.841202886993415e-07	20.282421112060547	20.282421112060547
1807	gpt2	1808	904	10	install	obj_rel	expected	The farmer that the teachers spot installs	6.99323777553218e-07	6.99323777553218e-07	20.44753646850586	20.44753646850586
1808	gpt2	1809	905	10	instill	obj_rel	unexpected	The farmer that the teachers spot instill	0.011854428206788677	0.011854428206788677	11.012218236923218	11.012218236923218
1809	gpt2	1810	905	10	instill	obj_rel	expected	The farmer that the teachers spot instills	0.009167701346086677	0.009167701346086677	11.19770359992981	11.19770359992981
1810	gpt2	1811	906	10	institute	obj_rel	unexpected	The farmer that the teachers spot institute	1.036734502690706e-07	1.036734502690706e-07	23.20145034790039	23.20145034790039
1811	gpt2	1812	906	10	institute	obj_rel	expected	The farmer that the teachers spot institutes	0.40967136028374895	0.40967136028374895	12.303803861141205	12.303803861141205
1812	gpt2	1813	907	10	insulate	obj_rel	unexpected	The farmer that the teachers spot insulate	0.0008057101036910929	0.0008057101036910929	13.787028789520264	13.787028789520264
1813	gpt2	1814	907	10	insulate	obj_rel	expected	The farmer that the teachers spot insulates	0.009334717538536094	0.009334717538536094	12.018617868423462	12.018617868423462
1814	gpt2	1815	908	10	insure	obj_rel	unexpected	The farmer that the teachers spot insure	2.0751137697061495e-07	2.0751137697061495e-07	22.200305938720703	22.200305938720703
1815	gpt2	1816	908	10	insure	obj_rel	expected	The farmer that the teachers spot insures	0.25116500876504233	0.25116500876504233	9.643559515476227	9.643559515476227
1816	gpt2	1817	909	10	integrate	obj_rel	unexpected	The farmer that the teachers spot integrate	5.450425888398058e-08	5.450425888398058e-08	24.12905502319336	24.12905502319336
1817	gpt2	1818	909	10	integrate	obj_rel	expected	The farmer that the teachers spot integrates	3.290568315605924e-07	3.290568315605924e-07	21.535160064697266	21.535160064697266
1818	gpt2	1819	910	10	intend	obj_rel	unexpected	The farmer that the teachers spot intend	3.193115844624117e-06	3.193115844624117e-06	18.2566032409668	18.2566032409668
1819	gpt2	1820	910	10	intend	obj_rel	expected	The farmer that the teachers spot intends	1.1841348168672994e-05	1.1841348168672994e-05	16.365806579589844	16.365806579589844
1820	gpt2	1821	911	10	intensify	obj_rel	unexpected	The farmer that the teachers spot intensify	4.785824359032632e-08	4.785824359032632e-08	24.31665802001953	24.31665802001953
1821	gpt2	1822	911	10	intensify	obj_rel	expected	The farmer that the teachers spot intensifies	0.4709471011297168	0.4709471011297168	11.143543500453234	11.143543500453234
1822	gpt2	1823	912	10	interconnect	obj_rel	unexpected	The farmer that the teachers spot interconnect	0.00019783015659409397	0.00019783015659409397	14.064723491668701	14.064723491668701
1823	gpt2	1824	912	10	interconnect	obj_rel	expected	The farmer that the teachers spot interconnects	0.24498782711301217	0.24498782711301217	9.5248264670372	9.5248264670372
1824	gpt2	1825	913	10	interest	obj_rel	unexpected	The farmer that the teachers spot interest	1.0179959645029156e-05	1.0179959645029156e-05	16.583908081054688	16.583908081054688
1825	gpt2	1826	913	10	interest	obj_rel	expected	The farmer that the teachers spot interests	5.823023457196541e-06	5.823023457196541e-06	17.389799118041992	17.389799118041992
1826	gpt2	1827	914	10	interfere	obj_rel	unexpected	The farmer that the teachers spot interfere	2.332063218091207e-07	2.332063218091207e-07	22.031888961791992	22.031888961791992
1827	gpt2	1828	914	10	interfere	obj_rel	expected	The farmer that the teachers spot interferes	0.4778427520150217	0.4778427520150217	5.999730561762893	5.999730561762893
1828	gpt2	1829	915	10	interpret	obj_rel	unexpected	The farmer that the teachers spot interpret	1.0292136494172157e-06	1.0292136494172157e-06	19.890026092529297	19.890026092529297
1829	gpt2	1830	915	10	interpret	obj_rel	expected	The farmer that the teachers spot interprets	0.494687935663876	0.494687935663876	9.97688359906897	9.97688359906897
1830	gpt2	1831	916	10	intervene	obj_rel	unexpected	The farmer that the teachers spot intervene	1.1937447652599076e-06	1.1937447652599076e-06	19.676074981689453	19.676074981689453
1831	gpt2	1832	916	10	intervene	obj_rel	expected	The farmer that the teachers spot intervenes	0.49723668283274947	0.49723668283274947	9.697763443924487	9.697763443924487
1832	gpt2	1833	917	10	interview	obj_rel	unexpected	The farmer that the teachers spot interview	7.390083737845998e-06	7.390083737845998e-06	17.045978546142578	17.045978546142578
1833	gpt2	1834	917	10	interview	obj_rel	expected	The farmer that the teachers spot interviews	3.983914666605415e-06	3.983914666605415e-06	17.937381744384766	17.937381744384766
1834	gpt2	1835	918	10	intimate	obj_rel	unexpected	The farmer that the teachers spot intimate	1.78082572688254e-07	1.78082572688254e-07	22.42094993591309	22.42094993591309
1835	gpt2	1836	918	10	intimate	obj_rel	expected	The farmer that the teachers spot intimates	0.21127722427799256	0.21127722427799256	11.496644794940948	11.496644794940948
1836	gpt2	1837	919	10	introduce	obj_rel	unexpected	The farmer that the teachers spot introduce	1.8962948615808277e-06	1.8962948615808277e-06	19.008384704589844	19.008384704589844
1837	gpt2	1838	919	10	introduce	obj_rel	expected	The farmer that the teachers spot introduces	2.364168176427484e-05	2.364168176427484e-05	15.368308067321776	15.368308067321776
1838	gpt2	1839	920	10	invade	obj_rel	unexpected	The farmer that the teachers spot invade	1.6412997183579137e-07	1.6412997183579137e-07	22.538658142089844	22.538658142089844
1839	gpt2	1840	920	10	invade	obj_rel	expected	The farmer that the teachers spot invades	0.09952868630534793	0.09952868630534793	10.204516530036926	10.204516530036926
1840	gpt2	1841	921	10	invent	obj_rel	unexpected	The farmer that the teachers spot invent	1.6682860177752443e-06	1.6682860177752443e-06	19.19320106506348	19.19320106506348
1841	gpt2	1842	921	10	invent	obj_rel	expected	The farmer that the teachers spot invents	0.045038693746391786	0.045038693746391786	10.776506066322327	10.776506066322327
1842	gpt2	1843	922	10	investigate	obj_rel	unexpected	The farmer that the teachers spot investigate	4.6432278395514e-06	4.6432278395514e-06	17.716440200805664	17.716440200805664
1843	gpt2	1844	922	10	investigate	obj_rel	expected	The farmer that the teachers spot investigates	7.960344191815238e-06	7.960344191815238e-06	16.938737869262695	16.938737869262695
1844	gpt2	1845	923	10	invest	obj_rel	unexpected	The farmer that the teachers spot invest	1.1828565220639575e-06	1.1828565220639575e-06	19.689292907714844	19.689292907714844
1845	gpt2	1846	923	10	invest	obj_rel	expected	The farmer that the teachers spot invests	2.801708433253225e-06	2.801708433253225e-06	18.445261001586918	18.445261001586918
1846	gpt2	1847	924	10	invite	obj_rel	unexpected	The farmer that the teachers spot invite	3.868537078233203e-06	3.868537078233203e-06	17.979780197143555	17.979780197143555
1847	gpt2	1848	924	10	invite	obj_rel	expected	The farmer that the teachers spot invites	1.942739436344709e-05	1.942739436344709e-05	15.651548385620115	15.651548385620115
1848	gpt2	1849	925	10	invoke	obj_rel	unexpected	The farmer that the teachers spot invoke	9.625950951885898e-07	9.625950951885898e-07	19.9865665435791	19.9865665435791
1849	gpt2	1850	925	10	invoke	obj_rel	expected	The farmer that the teachers spot invokes	0.31325246503001836	0.31325246503001836	9.377436876296997	9.377436876296997
1850	gpt2	1851	926	10	involve	obj_rel	unexpected	The farmer that the teachers spot involve	3.76510911337391e-06	3.76510911337391e-06	18.018877029418945	18.018877029418945
1851	gpt2	1852	926	10	involve	obj_rel	expected	The farmer that the teachers spot involves	4.052880103699863e-05	4.052880103699863e-05	14.590692520141602	14.590692520141602
1852	gpt2	1853	927	10	irk	obj_rel	unexpected	The farmer that the teachers spot irk	0.001167251138554066	0.001167251138554066	13.465484142303467	13.465484142303467
1853	gpt2	1854	927	10	irk	obj_rel	expected	The farmer that the teachers spot irks	0.042295828453802614	0.042295828453802614	10.874811887741089	10.874811887741089
1854	gpt2	1855	928	10	iron	obj_rel	unexpected	The farmer that the teachers spot iron	3.1007589313958306e-06	3.1007589313958306e-06	18.298946380615234	18.298946380615234
1855	gpt2	1856	928	10	iron	obj_rel	expected	The farmer that the teachers spot irons	0.004989650558286466	0.004989650558286466	12.416778087615967	12.416778087615967
1856	gpt2	1857	929	10	isolate	obj_rel	unexpected	The farmer that the teachers spot isolate	2.130670253563949e-07	2.130670253563949e-07	22.162189483642575	22.162189483642575
1857	gpt2	1858	929	10	isolate	obj_rel	expected	The farmer that the teachers spot isolates	0.49258247733364874	0.49258247733364874	11.16276574973017	11.16276574973017
1858	gpt2	1859	930	10	issue	obj_rel	unexpected	The farmer that the teachers spot issue	1.3825678252032958e-05	1.3825678252032958e-05	16.142290115356445	16.142290115356445
1859	gpt2	1860	930	10	issue	obj_rel	expected	The farmer that the teachers spot issues	2.7895630410057493e-05	2.7895630410057493e-05	15.12960147857666	15.12960147857666
1860	gpt2	1861	931	10	itemize	obj_rel	unexpected	The farmer that the teachers spot itemize	0.013888636340311634	0.013888636340311634	11.655019521713257	11.655019521713257
1861	gpt2	1862	931	10	itemize	obj_rel	expected	The farmer that the teachers spot itemizes	0.023030333888641483	0.023030333888641483	11.290168523788452	11.290168523788452
1862	gpt2	1863	932	10	jack	obj_rel	unexpected	The farmer that the teachers spot jack	7.167712965383544e-07	7.167712965383544e-07	20.411983489990234	20.411983489990234
1863	gpt2	1864	932	10	jack	obj_rel	expected	The farmer that the teachers spot jacks	0.010541120711422968	0.010541120711422968	10.188108682632446	10.188108682632446
1864	gpt2	1865	933	10	jeopardize	obj_rel	unexpected	The farmer that the teachers spot jeopardize	0.0020295028900818197	0.0020295028900818197	14.57638144493103	14.57638144493103
1865	gpt2	1866	933	10	jeopardize	obj_rel	expected	The farmer that the teachers spot jeopardizes	0.3070841707615273	0.3070841707615273	10.955626547336578	10.955626547336578
1866	gpt2	1867	934	10	join	obj_rel	unexpected	The farmer that the teachers spot join	1.2040675755997654e-05	1.2040675755997654e-05	16.341724395751953	16.341724395751953
1867	gpt2	1868	934	10	join	obj_rel	expected	The farmer that the teachers spot joins	1.8880167772294957e-05	1.8880167772294957e-05	15.692769050598145	15.692769050598145
1868	gpt2	1869	935	10	joke	obj_rel	unexpected	The farmer that the teachers spot joke	7.793939403200056e-06	7.793939403200056e-06	16.969215393066406	16.969215393066406
1869	gpt2	1870	935	10	joke	obj_rel	expected	The farmer that the teachers spot jokes	1.3886887245462276e-05	1.3886887245462276e-05	16.13591766357422	16.13591766357422
1870	gpt2	1871	936	10	jolt	obj_rel	unexpected	The farmer that the teachers spot jolt	0.0013060590063105183	0.0013060590063105183	11.70298719406128	11.70298719406128
1871	gpt2	1872	936	10	jolt	obj_rel	expected	The farmer that the teachers spot jolts	0.04445402894149688	0.04445402894149688	7.706288655598958	7.706288655598958
1872	gpt2	1873	937	10	judge	obj_rel	unexpected	The farmer that the teachers spot judge	1.2611632200787426e-06	1.2611632200787426e-06	19.596813201904297	19.596813201904297
1873	gpt2	1874	937	10	judge	obj_rel	expected	The farmer that the teachers spot judges	4.84385282106814e-07	4.84385282106814e-07	20.977340698242188	20.977340698242188
1874	gpt2	1875	938	10	juggle	obj_rel	unexpected	The farmer that the teachers spot juggle	0.01983106632791018	0.01983106632791018	13.134773254394533	13.134773254394533
1875	gpt2	1876	938	10	juggle	obj_rel	expected	The farmer that the teachers spot juggles	0.24390046981237387	0.24390046981237387	11.324538946151735	11.324538946151735
1876	gpt2	1877	939	10	jump	obj_rel	unexpected	The farmer that the teachers spot jump	1.3502419278665911e-05	1.3502419278665911e-05	16.176422119140625	16.176422119140625
1877	gpt2	1878	939	10	jump	obj_rel	expected	The farmer that the teachers spot jumps	1.8196680684923194e-05	1.8196680684923194e-05	15.745965003967283	15.745965003967283
1878	gpt2	1879	940	10	junk	obj_rel	unexpected	The farmer that the teachers spot junk	1.563280761729402e-06	1.563280761729402e-06	19.28699111938477	19.28699111938477
1879	gpt2	1880	940	10	junk	obj_rel	expected	The farmer that the teachers spot junks	0.06184926968556678	0.06184926968556678	12.404555559158325	12.404555559158325
1880	gpt2	1881	941	10	justify	obj_rel	unexpected	The farmer that the teachers spot justify	3.541865112310916e-07	3.541865112310916e-07	21.42898750305176	21.42898750305176
1881	gpt2	1882	941	10	justify	obj_rel	expected	The farmer that the teachers spot justifies	6.522444095935498e-07	6.522444095935498e-07	20.548084259033203	20.548084259033203
1882	gpt2	1883	942	10	keen	obj_rel	unexpected	The farmer that the teachers spot keen	6.546002623508684e-06	6.546002623508684e-06	17.22095489501953	17.22095489501953
1883	gpt2	1884	942	10	keen	obj_rel	expected	The farmer that the teachers spot keens	0.000792919324112473	0.000792919324112473	13.243556499481201	13.243556499481201
1884	gpt2	1885	943	10	keep	obj_rel	unexpected	The farmer that the teachers spot keep	3.700479646795429e-05	3.700479646795429e-05	14.721928596496582	14.721928596496582
1885	gpt2	1886	943	10	keep	obj_rel	expected	The farmer that the teachers spot keeps	0.0001249747147085	0.0001249747147085	12.966075897216797	12.966075897216797
1886	gpt2	1887	944	10	key	obj_rel	unexpected	The farmer that the teachers spot key	5.215624241827754e-06	5.215624241827754e-06	17.548728942871094	17.548728942871094
1887	gpt2	1888	944	10	key	obj_rel	expected	The farmer that the teachers spot keys	1.041417135638767e-06	1.041417135638767e-06	19.87302017211914	19.87302017211914
1888	gpt2	1889	945	10	kick	obj_rel	unexpected	The farmer that the teachers spot kick	4.463543064048281e-06	4.463543064048281e-06	17.773378372192383	17.773378372192383
1889	gpt2	1890	945	10	kick	obj_rel	expected	The farmer that the teachers spot kicks	1.795589196262881e-05	1.795589196262881e-05	15.765183448791504	15.765183448791504
1890	gpt2	1891	946	10	kidnap	obj_rel	unexpected	The farmer that the teachers spot kidnap	1.1360849612174206e-06	1.1360849612174206e-06	19.74749755859375	19.74749755859375
1891	gpt2	1892	946	10	kidnap	obj_rel	expected	The farmer that the teachers spot kidnaps	0.4673852945962836	0.4673852945962836	9.386158384382727	9.386158384382727
1892	gpt2	1893	947	10	kill	obj_rel	unexpected	The farmer that the teachers spot kill	1.876156238722615e-05	1.876156238722615e-05	15.701860427856444	15.701860427856444
1893	gpt2	1894	947	10	kill	obj_rel	expected	The farmer that the teachers spot kills	2.223405863333028e-05	2.223405863333028e-05	15.456869125366213	15.456869125366213
1894	gpt2	1895	948	10	kiss	obj_rel	unexpected	The farmer that the teachers spot kiss	4.021936547360383e-06	4.021936547360383e-06	17.923677444458008	17.923677444458008
1895	gpt2	1896	948	10	kiss	obj_rel	expected	The farmer that the teachers spot kisses	3.228168225177797e-06	3.228168225177797e-06	18.24085235595703	18.24085235595703
1896	gpt2	1897	949	10	knock	obj_rel	unexpected	The farmer that the teachers spot knock	2.434203679513302e-06	2.434203679513302e-06	18.64811897277832	18.64811897277832
1897	gpt2	1898	949	10	knock	obj_rel	expected	The farmer that the teachers spot knocks	3.436355837038718e-05	3.436355837038718e-05	14.828761100769045	14.828761100769045
1898	gpt2	1899	950	10	know	obj_rel	unexpected	The farmer that the teachers spot know	7.293159433174878e-05	7.293159433174878e-05	13.743096351623535	13.743096351623535
1899	gpt2	1900	950	10	know	obj_rel	expected	The farmer that the teachers spot knows	0.0001580648240633	0.0001580648240633	12.627196311950684	12.627196311950684
1900	gpt2	1901	951	10	kowtow	obj_rel	unexpected	The farmer that the teachers spot kowtow	0.26839248139185656	0.26839248139185656	6.368799607269466	6.368799607269466
1901	gpt2	1902	951	10	kowtow	obj_rel	expected	The farmer that the teachers spot kowtows	0.2826733556739782	0.2826733556739782	6.19515077304095	6.19515077304095
1902	gpt2	1903	952	10	label	obj_rel	unexpected	The farmer that the teachers spot label	1.216509417645284e-06	1.216509417645284e-06	19.648820877075195	19.648820877075195
1903	gpt2	1904	952	10	label	obj_rel	expected	The farmer that the teachers spot labels	1.6024544038373278e-06	1.6024544038373278e-06	19.25128555297852	19.25128555297852
1904	gpt2	1905	953	10	lag	obj_rel	unexpected	The farmer that the teachers spot lag	8.691811785865866e-07	8.691811785865866e-07	20.13384056091309	20.13384056091309
1905	gpt2	1906	953	10	lag	obj_rel	expected	The farmer that the teachers spot lags	0.014892294035234909	0.014892294035234909	9.467857599258423	9.467857599258423
1906	gpt2	1907	954	10	land	obj_rel	unexpected	The farmer that the teachers spot land	1.4788718544878066e-05	1.4788718544878066e-05	16.045143127441406	16.045143127441406
1907	gpt2	1908	954	10	land	obj_rel	expected	The farmer that the teachers spot lands	1.707946830720175e-05	1.707946830720175e-05	15.837377548217772	15.837377548217772
1908	gpt2	1909	955	10	languish	obj_rel	unexpected	The farmer that the teachers spot languish	0.009252562389121947	0.009252562389121947	12.580657482147217	12.580657482147217
1909	gpt2	1910	955	10	languish	obj_rel	expected	The farmer that the teachers spot languishes	0.18410587796603295	0.18410587796603295	10.423334777355194	10.423334777355194
1910	gpt2	1911	956	10	lash	obj_rel	unexpected	The farmer that the teachers spot lash	1.8444056593125427e-07	1.8444056593125427e-07	22.37034034729004	22.37034034729004
1911	gpt2	1912	956	10	lash	obj_rel	expected	The farmer that the teachers spot lashes	2.3215816327137877e-06	2.3215816327137877e-06	18.716461181640625	18.716461181640625
1912	gpt2	1913	957	10	last	obj_rel	unexpected	The farmer that the teachers spot last	0.0004360679886303	0.0004360679886303	11.163159370422363	11.163159370422363
1913	gpt2	1914	957	10	last	obj_rel	expected	The farmer that the teachers spot lasts	1.8945451074614537e-06	1.8945451074614537e-06	19.00971794128418	19.00971794128418
1914	gpt2	1915	958	10	laugh	obj_rel	unexpected	The farmer that the teachers spot laugh	2.1769437807961367e-05	2.1769437807961367e-05	15.48733615875244	15.48733615875244
1915	gpt2	1916	958	10	laugh	obj_rel	expected	The farmer that the teachers spot laughs	3.3951033401535824e-05	3.3951033401535824e-05	14.846184730529783	14.846184730529783
1916	gpt2	1917	959	10	launch	obj_rel	unexpected	The farmer that the teachers spot launch	1.1140006108689704e-06	1.1140006108689704e-06	19.77581787109375	19.77581787109375
1917	gpt2	1918	959	10	launch	obj_rel	expected	The farmer that the teachers spot launches	3.847403604595456e-06	3.847403604595456e-06	17.987682342529297	17.987682342529297
1918	gpt2	1919	960	10	launder	obj_rel	unexpected	The farmer that the teachers spot launder	0.00034075578878400836	0.00034075578878400836	12.265847206115723	12.265847206115723
1919	gpt2	1920	960	10	launder	obj_rel	expected	The farmer that the teachers spot launders	0.04100360465572801	0.04100360465572801	12.477620959281921	12.477620959281921
1920	gpt2	1921	961	10	lay	obj_rel	unexpected	The farmer that the teachers spot lay	6.748724990757182e-05	6.748724990757182e-05	13.855025291442873	13.855025291442873
1921	gpt2	1922	961	10	lay	obj_rel	expected	The farmer that the teachers spot lays	2.2980657377047464e-05	2.2980657377047464e-05	15.409220695495604	15.409220695495604
1922	gpt2	1923	962	10	lead	obj_rel	unexpected	The farmer that the teachers spot lead	3.303299308754504e-05	3.303299308754504e-05	14.885732650756836	14.885732650756836
1923	gpt2	1924	962	10	lead	obj_rel	expected	The farmer that the teachers spot leads	0.0002640209859237	0.0002640209859237	11.887059211730955	11.887059211730955
1924	gpt2	1925	963	10	lean	obj_rel	unexpected	The farmer that the teachers spot lean	8.299897672259249e-06	8.299897672259249e-06	16.878475189208984	16.878475189208984
1925	gpt2	1926	963	10	lean	obj_rel	expected	The farmer that the teachers spot leans	6.0361940995790064e-05	6.0361940995790064e-05	14.01600170135498	14.01600170135498
1926	gpt2	1927	964	10	leapfrog	obj_rel	unexpected	The farmer that the teachers spot leapfrog	0.014294576738052412	0.014294576738052412	12.492018938064575	12.492018938064575
1927	gpt2	1928	964	10	leapfrog	obj_rel	expected	The farmer that the teachers spot leapfrogs	0.11523191935073852	0.11523191935073852	8.880332668622335	8.880332668622335
1928	gpt2	1929	965	10	leap	obj_rel	unexpected	The farmer that the teachers spot leap	1.0540709354245337e-06	1.0540709354245337e-06	19.8555965423584	19.8555965423584
1929	gpt2	1930	965	10	leap	obj_rel	expected	The farmer that the teachers spot leaps	2.401003484919784e-06	2.401003484919784e-06	18.667930603027344	18.667930603027344
1930	gpt2	1931	966	10	learn	obj_rel	unexpected	The farmer that the teachers spot learn	8.742860700294841e-06	8.742860700294841e-06	16.803462982177734	16.803462982177734
1931	gpt2	1932	966	10	learn	obj_rel	expected	The farmer that the teachers spot learns	2.5336939870612696e-05	2.5336939870612696e-05	15.26839828491211	15.26839828491211
1932	gpt2	1933	967	10	lease	obj_rel	unexpected	The farmer that the teachers spot lease	6.63193418404262e-07	6.63193418404262e-07	20.524066925048828	20.524066925048828
1933	gpt2	1934	967	10	lease	obj_rel	expected	The farmer that the teachers spot leases	1.6353195633200812e-06	1.6353195633200812e-06	19.221996307373047	19.221996307373047
1934	gpt2	1935	968	10	leave	obj_rel	unexpected	The farmer that the teachers spot leave	2.404001497779973e-05	2.404001497779973e-05	15.344202995300291	15.344202995300291
1935	gpt2	1936	968	10	leave	obj_rel	expected	The farmer that the teachers spot leaves	0.0001411413832101	0.0001411413832101	12.790571212768556	12.790571212768556
1936	gpt2	1937	969	10	lecture	obj_rel	unexpected	The farmer that the teachers spot lecture	7.573790981041384e-07	7.573790981041384e-07	20.332481384277344	20.332481384277344
1937	gpt2	1938	969	10	lecture	obj_rel	expected	The farmer that the teachers spot lectures	1.8993209778273008e-06	1.8993209778273008e-06	19.006084442138672	19.006084442138672
1938	gpt2	1939	970	10	legislate	obj_rel	unexpected	The farmer that the teachers spot legislate	0.009507893987816351	0.009507893987816351	13.45973205566406	13.45973205566406
1939	gpt2	1940	970	10	legislate	obj_rel	expected	The farmer that the teachers spot legislates	0.0802005514808712	0.0802005514808712	11.92151093482971	11.92151093482971
1940	gpt2	1941	971	10	legitimize	obj_rel	unexpected	The farmer that the teachers spot legitimize	0.013040585913778071	0.013040585913778071	13.834162235260008	13.834162235260008
1941	gpt2	1942	971	10	legitimize	obj_rel	expected	The farmer that the teachers spot legitimizes	0.24177798675847126	0.24177798675847126	11.727856278419493	11.727856278419493
1942	gpt2	1943	972	10	lend	obj_rel	unexpected	The farmer that the teachers spot lend	1.7396070006725497e-06	1.7396070006725497e-06	19.1328067779541	19.1328067779541
1943	gpt2	1944	972	10	lend	obj_rel	expected	The farmer that the teachers spot lends	1.0614434359013105e-05	1.0614434359013105e-05	16.52361297607422	16.52361297607422
1944	gpt2	1945	973	10	lengthen	obj_rel	unexpected	The farmer that the teachers spot lengthen	0.1786222093545078	0.1786222093545078	12.148791015148165	12.148791015148165
1945	gpt2	1946	973	10	lengthen	obj_rel	expected	The farmer that the teachers spot lengthens	0.2982152485095142	0.2982152485095142	11.779069662094118	11.779069662094118
1946	gpt2	1947	974	10	lessen	obj_rel	unexpected	The farmer that the teachers spot lessen	5.833906868701889e-08	5.833906868701889e-08	24.030961990356445	24.030961990356445
1947	gpt2	1948	974	10	lessen	obj_rel	expected	The farmer that the teachers spot lessens	0.0013038359575147955	0.0013038359575147955	11.465882778167725	11.465882778167725
1948	gpt2	1949	975	10	let	obj_rel	unexpected	The farmer that the teachers spot let	8.975806122180074e-05	8.975806122180074e-05	13.443598747253418	13.443598747253418
1949	gpt2	1950	975	10	let	obj_rel	expected	The farmer that the teachers spot lets	1.1751797501347028e-05	1.1751797501347028e-05	16.376758575439453	16.376758575439453
1950	gpt2	1951	976	10	level	obj_rel	unexpected	The farmer that the teachers spot level	3.319960569569957e-06	3.319960569569957e-06	18.200403213500977	18.200403213500977
1951	gpt2	1952	976	10	level	obj_rel	expected	The farmer that the teachers spot levels	6.161019996397954e-07	6.161019996397954e-07	20.630327224731445	20.630327224731445
1952	gpt2	1953	977	10	levy	obj_rel	unexpected	The farmer that the teachers spot levy	7.419559011623279e-08	7.419559011623279e-08	23.684091567993164	23.684091567993164
1953	gpt2	1954	977	10	levy	obj_rel	expected	The farmer that the teachers spot levies	0.40457353341989233	0.40457353341989233	10.35333476960659	10.35333476960659
1954	gpt2	1955	978	10	liberalize	obj_rel	unexpected	The farmer that the teachers spot liberalize	0.0005959500549579297	0.0005959500549579297	14.487440586090088	14.487440586090088
1955	gpt2	1956	978	10	liberalize	obj_rel	expected	The farmer that the teachers spot liberalizes	0.0006433689841287297	0.0006433689841287297	14.432141780853271	14.432141780853271
1956	gpt2	1957	979	10	license	obj_rel	unexpected	The farmer that the teachers spot license	4.576455694405013e-07	4.576455694405013e-07	21.05926513671875	21.05926513671875
1957	gpt2	1958	979	10	license	obj_rel	expected	The farmer that the teachers spot licenses	4.536720723535837e-07	4.536720723535837e-07	21.07184600830078	21.07184600830078
1958	gpt2	1959	980	10	lie	obj_rel	unexpected	The farmer that the teachers spot lie	3.2665091566741467e-05	3.2665091566741467e-05	14.901890754699709	14.901890754699709
1959	gpt2	1960	980	10	lie	obj_rel	expected	The farmer that the teachers spot lies	0.0004126624844502	0.0004126624844502	11.24275016784668	11.24275016784668
1960	gpt2	1961	981	11	lift	obj_rel	unexpected	The author that the pilots bury lift	1.4777883734495845e-06	1.4777883734495845e-06	19.36812973022461	19.36812973022461
1961	gpt2	1962	981	11	lift	obj_rel	expected	The author that the pilots bury lifts	1.0734715942817274e-06	1.0734715942817274e-06	19.82928466796875	19.82928466796875
1962	gpt2	1963	982	11	lighten	obj_rel	unexpected	The author that the pilots bury lighten	0.002677714371202452	0.002677714371202452	11.414976119995117	11.414976119995117
1963	gpt2	1964	982	11	lighten	obj_rel	expected	The author that the pilots bury lightens	0.001725265675304352	0.001725265675304352	11.733950138092041	11.733950138092041
1964	gpt2	1965	983	11	light	obj_rel	unexpected	The author that the pilots bury light	2.5162311430904083e-05	2.5162311430904083e-05	15.278375625610352	15.278375625610352
1965	gpt2	1966	983	11	light	obj_rel	expected	The author that the pilots bury lights	4.75114529763232e-06	4.75114529763232e-06	17.683292388916016	17.683292388916016
1966	gpt2	1967	984	11	like	obj_rel	unexpected	The author that the pilots bury like	0.0006259006331674	0.0006259006331674	10.641778945922852	10.641778945922852
1967	gpt2	1968	984	11	like	obj_rel	expected	The author that the pilots bury likes	8.034262464207131e-06	8.034262464207131e-06	16.925403594970703	16.925403594970703
1968	gpt2	1969	985	11	limit	obj_rel	unexpected	The author that the pilots bury limit	1.4110564450220409e-07	1.4110564450220409e-07	22.75672149658203	22.75672149658203
1969	gpt2	1970	985	11	limit	obj_rel	expected	The author that the pilots bury limits	5.394995810092951e-07	5.394995810092951e-07	20.821874618530277	20.821874618530277
1970	gpt2	1971	986	11	line	obj_rel	unexpected	The author that the pilots bury line	1.449266892450396e-05	1.449266892450396e-05	16.074317932128906	16.074317932128906
1971	gpt2	1972	986	11	line	obj_rel	expected	The author that the pilots bury lines	7.134055067581357e-06	7.134055067581357e-06	17.096845626831055	17.096845626831055
1972	gpt2	1973	987	11	linger	obj_rel	unexpected	The author that the pilots bury linger	8.368501198674494e-07	8.368501198674494e-07	20.18852806091309	20.18852806091309
1973	gpt2	1974	987	11	linger	obj_rel	expected	The author that the pilots bury lingers	0.0856401778893314	0.0856401778893314	10.806821823120117	10.806821823120117
1974	gpt2	1975	988	11	link	obj_rel	unexpected	The author that the pilots bury link	5.715386578231119e-06	5.715386578231119e-06	17.416717529296875	17.416717529296875
1975	gpt2	1976	988	11	link	obj_rel	expected	The author that the pilots bury links	1.2310658348724246e-05	1.2310658348724246e-05	16.30973243713379	16.30973243713379
1976	gpt2	1977	989	11	liquefy	obj_rel	unexpected	The author that the pilots bury liquefy	0.31257803417577185	0.31257803417577185	10.457710221409798	10.457710221409798
1977	gpt2	1978	989	11	liquefy	obj_rel	expected	The author that the pilots bury liquefies	0.3116570960030837	0.3116570960030837	10.795766626795134	10.795766626795134
1978	gpt2	1979	990	11	liquidate	obj_rel	unexpected	The author that the pilots bury liquidate	7.576275720563859e-05	7.576275720563859e-05	15.323042869567871	15.323042869567871
1979	gpt2	1980	990	11	liquidate	obj_rel	expected	The author that the pilots bury liquidates	2.9126177196303615e-05	2.9126177196303615e-05	16.04494047164917	16.04494047164917
1980	gpt2	1981	991	11	listen	obj_rel	unexpected	The author that the pilots bury listen	2.7286862405162537e-06	2.7286862405162537e-06	18.483362197875977	18.483362197875977
1981	gpt2	1982	991	11	listen	obj_rel	expected	The author that the pilots bury listens	2.3841460006224224e-06	2.3841460006224224e-06	18.678096771240234	18.678096771240234
1982	gpt2	1983	992	11	list	obj_rel	unexpected	The author that the pilots bury list	8.453950613329653e-06	8.453950613329653e-06	16.85194206237793	16.85194206237793
1983	gpt2	1984	992	11	list	obj_rel	expected	The author that the pilots bury lists	9.577826858730988e-06	9.577826858730988e-06	16.6718692779541	16.6718692779541
1984	gpt2	1985	993	11	live	obj_rel	unexpected	The author that the pilots bury live	0.0001152599797933	0.0001152599797933	13.082820892333984	13.082820892333984
1985	gpt2	1986	993	11	live	obj_rel	expected	The author that the pilots bury lives	0.0001921880175359	0.0001921880175359	12.34519386291504	12.34519386291504
1986	gpt2	1987	994	11	load	obj_rel	unexpected	The author that the pilots bury load	4.331482159614097e-06	4.331482159614097e-06	17.816707611083984	17.816707611083984
1987	gpt2	1988	994	11	load	obj_rel	expected	The author that the pilots bury loads	2.2508420443045907e-05	2.2508420443045907e-05	15.439175605773926	15.439175605773926
1988	gpt2	1989	995	11	loan	obj_rel	unexpected	The author that the pilots bury loan	6.218419912329409e-07	6.218419912329409e-07	20.6169490814209	20.6169490814209
1989	gpt2	1990	995	11	loan	obj_rel	expected	The author that the pilots bury loans	3.077519181715616e-07	3.077519181715616e-07	21.63172912597656	21.63172912597656
1990	gpt2	1991	996	11	lobby	obj_rel	unexpected	The author that the pilots bury lobby	3.51458368186286e-07	3.51458368186286e-07	21.44014358520508	21.44014358520508
1991	gpt2	1992	996	11	lobby	obj_rel	expected	The author that the pilots bury lobbies	0.498094188429711	0.498094188429711	11.32039614045061	11.32039614045061
1992	gpt2	1993	997	11	locate	obj_rel	unexpected	The author that the pilots bury locate	7.396735668407928e-07	7.396735668407928e-07	20.366607666015625	20.366607666015625
1993	gpt2	1994	997	11	locate	obj_rel	expected	The author that the pilots bury locates	0.03090944242126169	0.03090944242126169	11.699569940567015	11.699569940567015
1994	gpt2	1995	998	11	lock	obj_rel	unexpected	The author that the pilots bury lock	9.797812481338042e-07	9.797812481338042e-07	19.961036682128903	19.961036682128903
1995	gpt2	1996	998	11	lock	obj_rel	expected	The author that the pilots bury locks	4.0907286802394083e-07	4.0907286802394083e-07	21.22113800048828	21.22113800048828
1996	gpt2	1997	999	11	lodge	obj_rel	unexpected	The author that the pilots bury lodge	6.393385660885542e-07	6.393385660885542e-07	20.5769157409668	20.5769157409668
1997	gpt2	1998	999	11	lodge	obj_rel	expected	The author that the pilots bury lodges	0.4180696091115408	0.4180696091115408	10.930163890123366	10.930163890123366
1998	gpt2	1999	1000	11	log	obj_rel	unexpected	The author that the pilots bury log	5.025642167311162e-06	5.025642167311162e-06	17.60226058959961	17.60226058959961
1999	gpt2	2000	1000	11	log	obj_rel	expected	The author that the pilots bury logs	2.7023657821700908e-05	2.7023657821700908e-05	15.17541790008545	15.17541790008545
2000	gpt2	2001	1001	11	look	obj_rel	unexpected	The author that the pilots bury look	1.576312024553772e-05	1.576312024553772e-05	15.953086853027344	15.953086853027344
2001	gpt2	2002	1001	11	look	obj_rel	expected	The author that the pilots bury looks	8.976456592790782e-05	8.976456592790782e-05	13.44349479675293	13.44349479675293
2002	gpt2	2003	1002	11	loom	obj_rel	unexpected	The author that the pilots bury loom	0.043611980389869125	0.043611980389869125	10.18995988368988	10.18995988368988
2003	gpt2	2004	1002	11	loom	obj_rel	expected	The author that the pilots bury looms	2.603988832561299e-06	2.603988832561299e-06	18.55084609985352	18.55084609985352
2004	gpt2	2005	1003	11	loosen	obj_rel	unexpected	The author that the pilots bury loosen	1.8773112842040973e-08	1.8773112842040973e-08	25.666757583618164	25.666757583618164
2005	gpt2	2006	1003	11	loosen	obj_rel	expected	The author that the pilots bury loosens	0.05452767891128471	0.05452767891128471	12.766387462615965	12.766387462615965
2006	gpt2	2007	1004	11	loose	obj_rel	unexpected	The author that the pilots bury loose	1.1497667401272338e-05	1.1497667401272338e-05	16.40829849243164	16.40829849243164
2007	gpt2	2008	1004	11	loose	obj_rel	expected	The author that the pilots bury looses	0.07968908489874592	0.07968908489874592	9.755099654197693	9.755099654197693
2008	gpt2	2009	1005	11	loot	obj_rel	unexpected	The author that the pilots bury loot	2.2653728137811413e-06	2.2653728137811413e-06	18.751819610595703	18.751819610595703
2009	gpt2	2010	1005	11	loot	obj_rel	expected	The author that the pilots bury loots	0.002892835052989507	0.002892835052989507	11.053815364837646	11.053815364837646
2010	gpt2	2011	1006	11	lose	obj_rel	unexpected	The author that the pilots bury lose	2.9658726816705894e-06	2.9658726816705894e-06	18.36311149597168	18.36311149597168
2011	gpt2	2012	1006	11	lose	obj_rel	expected	The author that the pilots bury loses	1.671446443651803e-05	1.671446443651803e-05	15.86854362487793	15.86854362487793
2012	gpt2	2013	1007	11	love	obj_rel	unexpected	The author that the pilots bury love	3.0591225367970765e-05	3.0591225367970765e-05	14.996522903442385	14.996522903442385
2013	gpt2	2014	1007	11	love	obj_rel	expected	The author that the pilots bury loves	1.066838376573287e-05	1.066838376573287e-05	16.516298294067383	16.516298294067383
2014	gpt2	2015	1008	11	lower	obj_rel	unexpected	The author that the pilots bury lower	1.1770596756832674e-05	1.1770596756832674e-05	16.374452590942383	16.374452590942383
2015	gpt2	2016	1008	11	lower	obj_rel	expected	The author that the pilots bury lowers	5.589254669757793e-06	5.589254669757793e-06	17.448911666870117	17.448911666870117
2016	gpt2	2017	1009	11	lunch	obj_rel	unexpected	The author that the pilots bury lunch	1.0118131285707932e-05	1.0118131285707932e-05	16.592697143554688	16.592697143554688
2017	gpt2	2018	1009	11	lunch	obj_rel	expected	The author that the pilots bury lunches	0.10925059982233164	0.10925059982233164	11.315401792526245	11.315401792526245
2018	gpt2	2019	1010	11	lure	obj_rel	unexpected	The author that the pilots bury lure	3.4445287155904225e-07	3.4445287155904225e-07	21.46919059753418	21.46919059753418
2019	gpt2	2020	1010	11	lure	obj_rel	expected	The author that the pilots bury lures	0.006169314716316857	0.006169314716316857	10.504940271377563	10.504940271377563
2020	gpt2	2021	1011	11	mail	obj_rel	unexpected	The author that the pilots bury mail	2.4724813556531444e-05	2.4724813556531444e-05	15.303680419921877	15.303680419921877
2021	gpt2	2022	1011	11	mail	obj_rel	expected	The author that the pilots bury mails	0.0012922539681312001	0.0012922539681312001	10.958130359649658	10.958130359649658
2022	gpt2	2023	1012	11	maintain	obj_rel	unexpected	The author that the pilots bury maintain	8.832292337501713e-07	8.832292337501713e-07	20.110708236694336	20.110708236694336
2023	gpt2	2024	1012	11	maintain	obj_rel	expected	The author that the pilots bury maintains	9.362169294035994e-06	9.362169294035994e-06	16.70472526550293	16.70472526550293
2024	gpt2	2025	1013	11	make	obj_rel	unexpected	The author that the pilots bury make	2.257807682326529e-05	2.257807682326529e-05	15.434718132019045	15.434718132019045
2025	gpt2	2026	1013	11	make	obj_rel	expected	The author that the pilots bury makes	0.0003257799835409	0.0003257799835409	11.58381462097168	11.58381462097168
2026	gpt2	2027	1014	11	manage	obj_rel	unexpected	The author that the pilots bury manage	3.079938437622332e-07	3.079938437622332e-07	21.63059425354004	21.63059425354004
2027	gpt2	2028	1014	11	manage	obj_rel	expected	The author that the pilots bury manages	5.615584541374119e-06	5.615584541374119e-06	17.4421329498291	17.4421329498291
2028	gpt2	2029	1015	11	mandate	obj_rel	unexpected	The author that the pilots bury mandate	4.920688212450841e-08	4.920688212450841e-08	24.27656555175781	24.27656555175781
2029	gpt2	2030	1015	11	mandate	obj_rel	expected	The author that the pilots bury mandates	1.6964584403922345e-07	1.6964584403922345e-07	22.490970611572266	22.490970611572266
2030	gpt2	2031	1016	11	maneuver	obj_rel	unexpected	The author that the pilots bury maneuver	1.4263130196923155e-06	1.4263130196923155e-06	19.41927719116211	19.41927719116211
2031	gpt2	2032	1016	11	maneuver	obj_rel	expected	The author that the pilots bury maneuvers	6.722689249727409e-07	6.722689249727409e-07	20.504457473754883	20.504457473754883
2032	gpt2	2033	1017	11	manipulate	obj_rel	unexpected	The author that the pilots bury manipulate	6.925900919441119e-08	6.925900919441119e-08	23.783422470092773	23.783422470092773
2033	gpt2	2034	1017	11	manipulate	obj_rel	expected	The author that the pilots bury manipulates	0.3474559230665619	0.3474559230665619	11.712553769350054	11.712553769350054
2034	gpt2	2035	1018	11	manufacture	obj_rel	unexpected	The author that the pilots bury manufacture	5.2198139144366e-08	5.2198139144366e-08	24.19142723083496	24.19142723083496
2035	gpt2	2036	1018	11	manufacture	obj_rel	expected	The author that the pilots bury manufactures	2.006495094519778e-07	2.006495094519778e-07	22.24881935119629	22.24881935119629
2036	gpt2	2037	1019	11	man	obj_rel	unexpected	The author that the pilots bury man	7.24615529179573e-05	7.24615529179573e-05	13.75242519378662	13.75242519378662
2037	gpt2	2038	1019	11	man	obj_rel	expected	The author that the pilots bury mans	8.810217764221306e-07	8.810217764221306e-07	20.11431884765625	20.11431884765625
2038	gpt2	2039	1020	11	march	obj_rel	unexpected	The author that the pilots bury march	8.532513220416149e-07	8.532513220416149e-07	20.16052627563477	20.16052627563477
2039	gpt2	2040	1020	11	march	obj_rel	expected	The author that the pilots bury marches	3.116410312031803e-07	3.116410312031803e-07	21.61361122131348	21.61361122131348
2040	gpt2	2041	1021	11	market	obj_rel	unexpected	The author that the pilots bury market	1.0170716677748717e-06	1.0170716677748717e-06	19.907146453857425	19.907146453857425
2041	gpt2	2042	1021	11	market	obj_rel	expected	The author that the pilots bury markets	2.8902456961077405e-07	2.8902456961077405e-07	21.72230529785156	21.72230529785156
2042	gpt2	2043	1022	11	mark	obj_rel	unexpected	The author that the pilots bury mark	6.545977612404386e-06	6.545977612404386e-06	17.22096061706543	17.22096061706543
2043	gpt2	2044	1022	11	mark	obj_rel	expected	The author that the pilots bury marks	9.212843724526464e-05	9.212843724526464e-05	13.405994415283203	13.405994415283203
2044	gpt2	2045	1023	11	marry	obj_rel	unexpected	The author that the pilots bury marry	4.603542720360565e-07	4.603542720360565e-07	21.050752639770508	21.050752639770508
2045	gpt2	2046	1023	11	marry	obj_rel	expected	The author that the pilots bury marries	0.0005950434076566554	0.0005950434076566554	14.37650203704834	14.37650203704834
2046	gpt2	2047	1024	11	marvel	obj_rel	unexpected	The author that the pilots bury marvel	1.3265417919683389e-06	1.3265417919683389e-06	19.52389907836914	19.52389907836914
2047	gpt2	2048	1024	11	marvel	obj_rel	expected	The author that the pilots bury marvels	0.3940976338290625	0.3940976338290625	9.933638244867325	9.933638244867325
2048	gpt2	2049	1025	11	massage	obj_rel	unexpected	The author that the pilots bury massage	6.599621116265554e-08	6.599621116265554e-08	23.85304069519043	23.85304069519043
2049	gpt2	2050	1025	11	massage	obj_rel	expected	The author that the pilots bury massages	0.0005086306864540833	0.0005086306864540833	13.009742259979248	13.009742259979248
2050	gpt2	2051	1026	11	master	obj_rel	unexpected	The author that the pilots bury master	4.31759190178127e-06	4.31759190178127e-06	17.82134246826172	17.82134246826172
2051	gpt2	2052	1026	11	master	obj_rel	expected	The author that the pilots bury masters	4.537603217613651e-07	4.537603217613651e-07	21.07156562805176	21.07156562805176
2052	gpt2	2053	1027	11	match	obj_rel	unexpected	The author that the pilots bury match	6.347435373754706e-06	6.347435373754706e-06	17.26539421081543	17.26539421081543
2053	gpt2	2054	1027	11	match	obj_rel	expected	The author that the pilots bury matches	2.1771846149931665e-05	2.1771846149931665e-05	15.487176895141602	15.487176895141602
2054	gpt2	2055	1028	11	materialize	obj_rel	unexpected	The author that the pilots bury materialize	1.0684780818337458e-05	1.0684780818337458e-05	16.58747959136963	16.58747959136963
2055	gpt2	2056	1028	11	materialize	obj_rel	expected	The author that the pilots bury materializes	1.8492087747290498e-05	1.8492087747290498e-05	15.766442775726318	15.766442775726318
2056	gpt2	2057	1029	11	matter	obj_rel	unexpected	The author that the pilots bury matter	1.7816089894040488e-05	1.7816089894040488e-05	15.776459693908691	15.776459693908691
2057	gpt2	2058	1029	11	matter	obj_rel	expected	The author that the pilots bury matters	0.0001081586669897	0.0001081586669897	13.17456340789795	13.17456340789795
2058	gpt2	2059	1030	11	mature	obj_rel	unexpected	The author that the pilots bury mature	1.530759277557081e-06	1.530759277557081e-06	19.31732177734375	19.31732177734375
2059	gpt2	2060	1030	11	mature	obj_rel	expected	The author that the pilots bury matures	0.010203293598351574	0.010203293598351574	11.870397567749023	11.870397567749023
2060	gpt2	2061	1031	11	maul	obj_rel	unexpected	The author that the pilots bury maul	0.00378488447313425	0.00378488447313425	10.16373586654663	10.16373586654663
2061	gpt2	2062	1031	11	maul	obj_rel	expected	The author that the pilots bury mauls	0.064470572246743	0.064470572246743	7.585107882817586	7.585107882817586
2062	gpt2	2063	1032	11	maximize	obj_rel	unexpected	The author that the pilots bury maximize	2.8896131709643672e-08	2.8896131709643672e-08	25.04454803466797	25.04454803466797
2063	gpt2	2064	1032	11	maximize	obj_rel	expected	The author that the pilots bury maximizes	0.11342304592985639	0.11342304592985639	12.614017605781553	12.614017605781553
2064	gpt2	2065	1033	11	mean	obj_rel	unexpected	The author that the pilots bury mean	2.3595180209667888e-06	2.3595180209667888e-06	18.693077087402344	18.693077087402344
2065	gpt2	2066	1033	11	mean	obj_rel	expected	The author that the pilots bury means	0.0001197262099594	0.0001197262099594	13.027973175048828	13.027973175048828
2066	gpt2	2067	1034	11	measure	obj_rel	unexpected	The author that the pilots bury measure	1.7082066960938391e-06	1.7082066960938391e-06	19.159086227416992	19.159086227416992
2067	gpt2	2068	1034	11	measure	obj_rel	expected	The author that the pilots bury measures	3.091063035753905e-06	3.091063035753905e-06	18.303464889526367	18.303464889526367
2068	gpt2	2069	1035	11	mediate	obj_rel	unexpected	The author that the pilots bury mediate	3.083392994085443e-05	3.083392994085443e-05	15.34375286102295	15.34375286102295
2069	gpt2	2070	1035	11	mediate	obj_rel	expected	The author that the pilots bury mediates	0.0017096302442353845	0.0017096302442353845	14.681684970855715	14.681684970855715
2070	gpt2	2071	1036	11	meet	obj_rel	unexpected	The author that the pilots bury meet	4.636944140656851e-06	4.636944140656851e-06	17.718393325805664	17.718393325805664
2071	gpt2	2072	1036	11	meet	obj_rel	expected	The author that the pilots bury meets	8.20955574454274e-06	8.20955574454274e-06	16.894264221191406	16.894264221191406
2072	gpt2	2073	1037	11	meld	obj_rel	unexpected	The author that the pilots bury meld	0.0008676349666529779	0.0008676349666529779	13.747879981994629	13.747879981994629
2073	gpt2	2074	1037	11	meld	obj_rel	expected	The author that the pilots bury melds	0.055302927861400016	0.055302927861400016	10.03415552775065	10.03415552775065
2074	gpt2	2075	1038	11	melt	obj_rel	unexpected	The author that the pilots bury melt	1.2001730453903292e-07	1.2001730453903292e-07	22.990253448486328	22.990253448486328
2075	gpt2	2076	1038	11	melt	obj_rel	expected	The author that the pilots bury melts	5.019106765757897e-07	5.019106765757897e-07	20.92606544494629	20.92606544494629
2076	gpt2	2077	1039	11	mention	obj_rel	unexpected	The author that the pilots bury mention	1.92168135981774e-05	1.92168135981774e-05	15.667271614074709	15.667271614074709
2077	gpt2	2078	1039	11	mention	obj_rel	expected	The author that the pilots bury mentions	3.053689215448685e-05	3.053689215448685e-05	14.9990873336792	14.9990873336792
2078	gpt2	2079	1040	11	merge	obj_rel	unexpected	The author that the pilots bury merge	1.3519155572794261e-07	1.3519155572794261e-07	22.818490982055664	22.818490982055664
2079	gpt2	2080	1040	11	merge	obj_rel	expected	The author that the pilots bury merges	0.09195947753028122	0.09195947753028122	10.218232989311218	10.218232989311218
2080	gpt2	2081	1041	11	merit	obj_rel	unexpected	The author that the pilots bury merit	6.229626592357818e-07	6.229626592357818e-07	20.614351272583008	20.614351272583008
2081	gpt2	2082	1041	11	merit	obj_rel	expected	The author that the pilots bury merits	1.116182716032199e-06	1.116182716032199e-06	19.772994995117188	19.772994995117188
2082	gpt2	2083	1042	11	mesh	obj_rel	unexpected	The author that the pilots bury mesh	4.384126555123658e-07	4.384126555123658e-07	21.121206283569336	21.121206283569336
2083	gpt2	2084	1042	11	mesh	obj_rel	expected	The author that the pilots bury meshes	1.1392697985002088e-07	1.1392697985002088e-07	23.06538772583008	23.06538772583008
2084	gpt2	2085	1043	11	migrate	obj_rel	unexpected	The author that the pilots bury migrate	2.6784565676507558e-08	2.6784565676507558e-08	25.154022216796875	25.154022216796875
2085	gpt2	2086	1043	11	migrate	obj_rel	expected	The author that the pilots bury migrates	0.0005470407659515359	0.0005470407659515359	15.490532398223877	15.490532398223877
2086	gpt2	2087	1044	11	militate	obj_rel	unexpected	The author that the pilots bury militate	6.457721713100445e-05	6.457721713100445e-05	15.99928617477417	15.99928617477417
2087	gpt2	2088	1044	11	militate	obj_rel	expected	The author that the pilots bury militates	5.4405926789504446e-05	5.4405926789504446e-05	16.124858379364014	16.124858379364014
2088	gpt2	2089	1045	11	milk	obj_rel	unexpected	The author that the pilots bury milk	2.10076132134418e-06	2.10076132134418e-06	18.86065673828125	18.86065673828125
2089	gpt2	2090	1045	11	milk	obj_rel	expected	The author that the pilots bury milks	0.03720743406405799	0.03720743406405799	12.668938398361206	12.668938398361206
2090	gpt2	2091	1046	11	mimic	obj_rel	unexpected	The author that the pilots bury mimic	1.524319657164597e-07	1.524319657164597e-07	22.64533042907715	22.64533042907715
2091	gpt2	2092	1046	11	mimic	obj_rel	expected	The author that the pilots bury mimics	0.3780643552092897	0.3780643552092897	9.251840561628342	9.251840561628342
2092	gpt2	2093	1047	11	mince	obj_rel	unexpected	The author that the pilots bury mince	0.00529105915484245	0.00529105915484245	9.919289350509644	9.919289350509644
2093	gpt2	2094	1047	11	mince	obj_rel	expected	The author that the pilots bury minces	0.0005840818257638578	0.0005840818257638578	13.563971996307373	13.563971996307373
2094	gpt2	2095	1048	11	mind	obj_rel	unexpected	The author that the pilots bury mind	1.2015302672807591e-05	1.2015302672807591e-05	16.34476661682129	16.34476661682129
2095	gpt2	2096	1048	11	mind	obj_rel	expected	The author that the pilots bury minds	2.555747641963535e-06	2.555747641963535e-06	18.577823638916016	18.577823638916016
2096	gpt2	2097	1049	11	minimize	obj_rel	unexpected	The author that the pilots bury minimize	9.395566280545609e-08	9.395566280545609e-08	23.34344482421875	23.34344482421875
2097	gpt2	2098	1049	11	minimize	obj_rel	expected	The author that the pilots bury minimizes	0.04849475261215727	0.04849475261215727	11.42112112045288	11.42112112045288
2098	gpt2	2099	1050	11	mirror	obj_rel	unexpected	The author that the pilots bury mirror	1.365719754176098e-06	1.365719754176098e-06	19.48190689086914	19.48190689086914
2099	gpt2	2100	1050	11	mirror	obj_rel	expected	The author that the pilots bury mirrors	6.5546732912480365e-06	6.5546732912480365e-06	17.219043731689453	17.219043731689453
2100	gpt2	2101	1051	11	misinterpret	obj_rel	unexpected	The author that the pilots bury misinterpret	5.7516821527769935e-08	5.7516821527769935e-08	24.051441192626957	24.051441192626957
2101	gpt2	2102	1051	11	misinterpret	obj_rel	expected	The author that the pilots bury misinterprets	0.3175159057570909	0.3175159057570909	6.973896813113242	6.973896813113242
2102	gpt2	2103	1052	11	misrepresent	obj_rel	unexpected	The author that the pilots bury misrepresent	5.303296006786695e-07	5.303296006786695e-07	20.846607208251957	20.846607208251957
2103	gpt2	2104	1052	11	misrepresent	obj_rel	expected	The author that the pilots bury misrepresents	0.3304789204651873	0.3304789204651873	8.687385440183181	8.687385440183181
2104	gpt2	2105	1053	11	miss	obj_rel	unexpected	The author that the pilots bury miss	5.745027465309249e-06	5.745027465309249e-06	17.40925407409668	17.40925407409668
2105	gpt2	2106	1053	11	miss	obj_rel	expected	The author that the pilots bury misses	7.070872925396543e-06	7.070872925396543e-06	17.10968017578125	17.10968017578125
2106	gpt2	2107	1054	11	mistreat	obj_rel	unexpected	The author that the pilots bury mistreat	0.0001025099486469054	0.0001025099486469054	14.504854679107666	14.504854679107666
2107	gpt2	2108	1054	11	mistreat	obj_rel	expected	The author that the pilots bury mistreats	0.06457832779688032	0.06457832779688032	10.459693511327108	10.459693511327108
2108	gpt2	2109	1055	11	mitigate	obj_rel	unexpected	The author that the pilots bury mitigate	2.1176214559659456e-08	2.1176214559659456e-08	25.49298095703125	25.49298095703125
2109	gpt2	2110	1055	11	mitigate	obj_rel	expected	The author that the pilots bury mitigates	0.3817852821668642	0.3817852821668642	7.5926582540075	7.5926582540075
2110	gpt2	2111	1056	11	mix	obj_rel	unexpected	The author that the pilots bury mix	3.421036467443628e-07	3.421036467443628e-07	21.479063034057617	21.479063034057617
2111	gpt2	2112	1056	11	mix	obj_rel	expected	The author that the pilots bury mixes	2.382390107413812e-07	2.382390107413812e-07	22.001087188720703	22.001087188720703
2112	gpt2	2113	1057	11	moan	obj_rel	unexpected	The author that the pilots bury moan	1.0960253149505661e-07	1.0960253149505661e-07	23.1212158203125	23.1212158203125
2113	gpt2	2114	1057	11	moan	obj_rel	expected	The author that the pilots bury moans	0.011180498376234022	0.011180498376234022	11.060681819915771	11.060681819915771
2114	gpt2	2115	1058	11	mobilize	obj_rel	unexpected	The author that the pilots bury mobilize	8.928005001962447e-09	8.928005001962447e-09	26.739015579223636	26.739015579223636
2115	gpt2	2116	1058	11	mobilize	obj_rel	expected	The author that the pilots bury mobilizes	0.1634362392281616	0.1634362392281616	13.089567720890043	13.089567720890043
2116	gpt2	2117	1059	11	model	obj_rel	unexpected	The author that the pilots bury model	1.8281555185239997e-06	1.8281555185239997e-06	19.061180114746094	19.061180114746094
2117	gpt2	2118	1059	11	model	obj_rel	expected	The author that the pilots bury models	3.309882231405936e-06	3.309882231405936e-06	18.20478820800781	18.20478820800781
2118	gpt2	2119	1060	11	moderate	obj_rel	unexpected	The author that the pilots bury moderate	2.934170595381147e-07	2.934170595381147e-07	21.700544357299805	21.700544357299805
2119	gpt2	2120	1060	11	moderate	obj_rel	expected	The author that the pilots bury moderates	4.332983678523306e-07	4.332983678523306e-07	21.13813591003418	21.13813591003418
2120	gpt2	2121	1061	11	modernize	obj_rel	unexpected	The author that the pilots bury modernize	0.00021910208829466354	0.00021910208829466354	14.37661075592041	14.37661075592041
2121	gpt2	2122	1061	11	modernize	obj_rel	expected	The author that the pilots bury modernizes	3.1017732680993504e-05	3.1017732680993504e-05	15.840301513671875	15.840301513671875
2122	gpt2	2123	1062	11	modify	obj_rel	unexpected	The author that the pilots bury modify	4.961400890124423e-08	4.961400890124423e-08	24.26467704772949	24.26467704772949
2123	gpt2	2124	1062	11	modify	obj_rel	expected	The author that the pilots bury modifies	0.1442168625716249	0.1442168625716249	10.835989892482758	10.835989892482758
2124	gpt2	2125	1063	11	mollify	obj_rel	unexpected	The author that the pilots bury mollify	0.0017684466486874	0.0017684466486874	10.367395401000977	10.367395401000977
2125	gpt2	2126	1063	11	mollify	obj_rel	expected	The author that the pilots bury mollifies	0.0014992838502317998	0.0014992838502317998	11.124254862467447	11.124254862467447
2126	gpt2	2127	1064	11	monitor	obj_rel	unexpected	The author that the pilots bury monitor	4.960783712704142e-07	4.960783712704142e-07	20.942928314208984	20.942928314208984
2127	gpt2	2128	1064	11	monitor	obj_rel	expected	The author that the pilots bury monitors	7.047576104923792e-07	7.047576104923792e-07	20.436368942260746	20.436368942260746
2128	gpt2	2129	1065	11	monopolize	obj_rel	unexpected	The author that the pilots bury monopolize	0.008248525363445216	0.008248525363445216	15.242043256759644	15.242043256759644
2129	gpt2	2130	1065	11	monopolize	obj_rel	expected	The author that the pilots bury monopolizes	0.020649842609703466	0.020649842609703466	14.58008098602295	14.58008098602295
2130	gpt2	2131	1066	11	mop	obj_rel	unexpected	The author that the pilots bury mop	0.00397652248648225	0.00397652248648225	10.127633094787598	10.127633094787598
2131	gpt2	2132	1066	11	mop	obj_rel	expected	The author that the pilots bury mops	0.0027234475201111503	0.0027234475201111503	10.404984712600708	10.404984712600708
2132	gpt2	2133	1067	11	mortgage	obj_rel	unexpected	The author that the pilots bury mortgage	3.960395815738593e-07	3.960395815738593e-07	21.267852783203125	21.267852783203125
2133	gpt2	2134	1067	11	mortgage	obj_rel	expected	The author that the pilots bury mortgages	1.582552329182363e-07	1.582552329182363e-07	22.591243743896484	22.591243743896484
2134	gpt2	2135	1068	11	motivate	obj_rel	unexpected	The author that the pilots bury motivate	4.7646391720945764e-08	4.7646391720945764e-08	24.323057174682617	24.323057174682617
2135	gpt2	2136	1068	11	motivate	obj_rel	expected	The author that the pilots bury motivates	0.4953117611837002	0.4953117611837002	10.52418619254604	10.52418619254604
2136	gpt2	2137	1069	11	mount	obj_rel	unexpected	The author that the pilots bury mount	8.798999715509126e-07	8.798999715509126e-07	20.11615753173828	20.11615753173828
2137	gpt2	2138	1069	11	mount	obj_rel	expected	The author that the pilots bury mounts	8.372843467441271e-07	8.372843467441271e-07	20.18777847290039	20.18777847290039
2138	gpt2	2139	1070	11	move	obj_rel	unexpected	The author that the pilots bury move	1.996471382881282e-06	1.996471382881282e-06	18.93411636352539	18.93411636352539
2139	gpt2	2140	1070	11	move	obj_rel	expected	The author that the pilots bury moves	5.854495611856692e-06	5.854495611856692e-06	17.382022857666016	17.382022857666016
2140	gpt2	2141	1071	11	mow	obj_rel	unexpected	The author that the pilots bury mow	0.00271640183200355	0.00271640183200355	10.406888961791992	10.406888961791992
2141	gpt2	2142	1071	11	mow	obj_rel	expected	The author that the pilots bury mows	0.0013876166267436502	0.0013876166267436502	10.904741764068604	10.904741764068604
2142	gpt2	2143	1072	11	mull	obj_rel	unexpected	The author that the pilots bury mull	4.462621632228547e-07	4.462621632228547e-07	21.095605850219727	21.095605850219727
2143	gpt2	2144	1072	11	mull	obj_rel	expected	The author that the pilots bury mulls	0.08353881499280646	0.08353881499280646	11.838509559631348	11.838509559631348
2144	gpt2	2145	1073	11	multiply	obj_rel	unexpected	The author that the pilots bury multiply	5.0512114491141355e-09	5.0512114491141355e-09	27.56072235107422	27.56072235107422
2145	gpt2	2146	1073	11	multiply	obj_rel	expected	The author that the pilots bury multiplies	0.22125780758811686	0.22125780758811686	12.067063927650453	12.067063927650453
2146	gpt2	2147	1074	11	muse	obj_rel	unexpected	The author that the pilots bury muse	5.189793483850736e-08	5.189793483850736e-08	24.19974708557129	24.19974708557129
2147	gpt2	2148	1074	11	muse	obj_rel	expected	The author that the pilots bury muses	0.004885593711151139	0.004885593711151139	11.697144269943237	11.697144269943237
2148	gpt2	2149	1075	11	muster	obj_rel	unexpected	The author that the pilots bury muster	3.265197676682874e-07	3.265197676682874e-07	21.54632568359375	21.54632568359375
2149	gpt2	2150	1075	11	muster	obj_rel	expected	The author that the pilots bury musters	0.00089736781956155	0.00089736781956155	10.368014812469482	10.368014812469482
2150	gpt2	2151	1076	11	mute	obj_rel	unexpected	The author that the pilots bury mute	1.1814901199613814e-06	1.1814901199613814e-06	19.690961837768555	19.690961837768555
2151	gpt2	2152	1076	11	mute	obj_rel	expected	The author that the pilots bury mutes	0.00067663880327015	0.00067663880327015	11.452262878417969	11.452262878417969
2152	gpt2	2153	1077	11	nail	obj_rel	unexpected	The author that the pilots bury nail	2.132427653123159e-06	2.132427653123159e-06	18.83907127380371	18.83907127380371
2153	gpt2	2154	1077	11	nail	obj_rel	expected	The author that the pilots bury nails	5.34785021955031e-06	5.34785021955031e-06	17.512609481811523	17.512609481811523
2154	gpt2	2155	1078	11	name	obj_rel	unexpected	The author that the pilots bury name	1.5864223314565606e-05	1.5864223314565606e-05	15.94386386871338	15.94386386871338
2155	gpt2	2156	1078	11	name	obj_rel	expected	The author that the pilots bury names	9.288360161008312e-05	9.288360161008312e-05	13.394216537475586	13.394216537475586
2156	gpt2	2157	1079	12	narrow	obj_rel	unexpected	The teachers that the customer spruces narrows	0.015836278406680997	0.015836278406680997	12.739484786987305	12.739484786987305
2157	gpt2	2158	1079	12	narrow	obj_rel	expected	The teachers that the customer spruces narrow	6.751376417923893e-07	6.751376417923893e-07	20.498315811157227	20.498315811157227
2158	gpt2	2159	1080	12	navigate	obj_rel	unexpected	The teachers that the customer spruces navigates	0.099372255553277	0.099372255553277	11.39800250530243	11.39800250530243
2159	gpt2	2160	1080	12	navigate	obj_rel	expected	The teachers that the customer spruces navigate	2.469927721904241e-06	2.469927721904241e-06	18.627099990844727	18.627099990844727
2160	gpt2	2161	1081	12	naysay	obj_rel	unexpected	The teachers that the customer spruces naysays	0.002518418574860913	0.002518418574860913	9.83964459101359	9.83964459101359
2161	gpt2	2162	1081	12	naysay	obj_rel	expected	The teachers that the customer spruces naysay	0.003339564835187013	0.003339564835187013	9.563191890716553	9.563191890716553
2162	gpt2	2163	1082	12	need	obj_rel	unexpected	The teachers that the customer spruces needs	0.0001928300334839	0.0001928300334839	12.34038257598877	12.34038257598877
2163	gpt2	2164	1082	12	need	obj_rel	expected	The teachers that the customer spruces need	0.0025364949833601	0.0025364949833601	8.622947692871094	8.622947692871094
2164	gpt2	2165	1083	12	negotiate	obj_rel	unexpected	The teachers that the customer spruces negotiates	0.4516449676040395	0.4516449676040395	10.54216945171356	10.54216945171356
2165	gpt2	2166	1083	12	negotiate	obj_rel	expected	The teachers that the customer spruces negotiate	1.86423676495906e-05	1.86423676495906e-05	15.711055755615234	15.711055755615234
2166	gpt2	2167	1084	12	net	obj_rel	unexpected	The teachers that the customer spruces nets	3.6471274711402657e-07	3.6471274711402657e-07	21.38673591613769	21.38673591613769
2167	gpt2	2168	1084	12	net	obj_rel	expected	The teachers that the customer spruces net	2.513670779080712e-06	2.513670779080712e-06	18.60177230834961	18.60177230834961
2168	gpt2	2169	1085	12	network	obj_rel	unexpected	The teachers that the customer spruces networks	4.977811158823897e-07	4.977811158823897e-07	20.93798446655273	20.93798446655273
2169	gpt2	2170	1085	12	network	obj_rel	expected	The teachers that the customer spruces network	2.1834653125551995e-06	2.1834653125551995e-06	18.80494880676269	18.80494880676269
2170	gpt2	2171	1086	12	nominate	obj_rel	unexpected	The teachers that the customer spruces nominates	0.0009691281315866714	0.0009691281315866714	15.081063270568848	15.081063270568848
2171	gpt2	2172	1086	12	nominate	obj_rel	expected	The teachers that the customer spruces nominate	4.945219416185864e-07	4.945219416185864e-07	20.94746208190918	20.94746208190918
2172	gpt2	2173	1087	12	normalize	obj_rel	unexpected	The teachers that the customer spruces normalizes	0.0010616231862740889	0.0010616231862740889	13.55256175994873	13.55256175994873
2173	gpt2	2174	1087	12	normalize	obj_rel	expected	The teachers that the customer spruces normalize	0.02970813421200089	0.02970813421200089	11.14823317527771	11.14823317527771
2174	gpt2	2175	1088	12	notch	obj_rel	unexpected	The teachers that the customer spruces notches	0.0006660485232714355	0.0006660485232714355	12.22498321533203	12.22498321533203
2175	gpt2	2176	1088	12	notch	obj_rel	expected	The teachers that the customer spruces notch	7.226634579637904e-08	7.226634579637904e-08	23.72210121154785	23.72210121154785
2176	gpt2	2177	1089	12	note	obj_rel	unexpected	The teachers that the customer spruces notes	4.3367767830204684e-06	4.3367767830204684e-06	17.814945220947266	17.814945220947266
2177	gpt2	2178	1089	12	note	obj_rel	expected	The teachers that the customer spruces note	8.028694537642878e-06	8.028694537642878e-06	16.926403045654297	16.926403045654297
2178	gpt2	2179	1090	12	notice	obj_rel	unexpected	The teachers that the customer spruces notices	5.150835931999609e-06	5.150835931999609e-06	17.566761016845703	17.566761016845703
2179	gpt2	2180	1090	12	notice	obj_rel	expected	The teachers that the customer spruces notice	1.7968584870686755e-05	1.7968584870686755e-05	15.764163970947266	15.764163970947266
2180	gpt2	2181	1091	12	notify	obj_rel	unexpected	The teachers that the customer spruces notifies	0.0007542517050750999	0.0007542517050750999	10.903099536895752	10.903099536895752
2181	gpt2	2182	1091	12	notify	obj_rel	expected	The teachers that the customer spruces notify	1.7780181451598764e-06	1.7780181451598764e-06	19.101299285888672	19.101299285888672
2182	gpt2	2183	1092	12	nudge	obj_rel	unexpected	The teachers that the customer spruces nudges	0.03843147482717767	0.03843147482717767	11.599002718925476	11.599002718925476
2183	gpt2	2184	1092	12	nudge	obj_rel	expected	The teachers that the customer spruces nudge	0.00902321949251927	0.00902321949251927	9.576311111450195	9.576311111450195
2184	gpt2	2185	1093	12	nullify	obj_rel	unexpected	The teachers that the customer spruces nullifies	0.044493971344763815	0.044493971344763815	10.98633623123169	10.98633623123169
2185	gpt2	2186	1093	12	nullify	obj_rel	expected	The teachers that the customer spruces nullify	0.12553928228908262	0.12553928228908262	10.238093316555023	10.238093316555023
2186	gpt2	2187	1094	12	nurture	obj_rel	unexpected	The teachers that the customer spruces nurtures	0.017637376556308437	0.017637376556308437	11.80012774467468	11.80012774467468
2187	gpt2	2188	1094	12	nurture	obj_rel	expected	The teachers that the customer spruces nurture	9.617629075364675e-07	9.617629075364675e-07	19.987815856933597	19.987815856933597
2188	gpt2	2189	1095	12	obfuscate	obj_rel	unexpected	The teachers that the customer spruces obfuscates	0.017220738801583438	0.017220738801583438	13.656476974487305	13.656476974487305
2189	gpt2	2190	1095	12	obfuscate	obj_rel	expected	The teachers that the customer spruces obfuscate	0.2709263241770117	0.2709263241770117	11.668632805347443	11.668632805347443
2190	gpt2	2191	1096	12	object	obj_rel	unexpected	The teachers that the customer spruces objects	1.1596612239372917e-05	1.1596612239372917e-05	16.395936965942383	16.395936965942383
2191	gpt2	2192	1096	12	object	obj_rel	expected	The teachers that the customer spruces object	7.840376383683179e-06	7.840376383683179e-06	16.96064567565918	16.96064567565918
2192	gpt2	2193	1097	12	obscure	obj_rel	unexpected	The teachers that the customer spruces obscures	0.008651733983555197	0.008651733983555197	13.347422122955322	13.347422122955322
2193	gpt2	2194	1097	12	obscure	obj_rel	expected	The teachers that the customer spruces obscure	5.124121571498108e-07	5.124121571498108e-07	20.89619255065918	20.89619255065918
2194	gpt2	2195	1098	12	observe	obj_rel	unexpected	The teachers that the customer spruces observes	5.90214881412976e-07	5.90214881412976e-07	20.692256927490234	20.692256927490234
2195	gpt2	2196	1098	12	observe	obj_rel	expected	The teachers that the customer spruces observe	9.395092092745472e-06	9.395092092745472e-06	16.699661254882812	16.699661254882812
2196	gpt2	2197	1099	12	obtain	obj_rel	unexpected	The teachers that the customer spruces obtains	0.06204214447802768	0.06204214447802768	10.565006136894226	10.565006136894226
2197	gpt2	2198	1099	12	obtain	obj_rel	expected	The teachers that the customer spruces obtain	3.969085082644597e-05	3.969085082644597e-05	14.620834350585938	14.620834350585938
2198	gpt2	2199	1100	12	obviate	obj_rel	unexpected	The teachers that the customer spruces obviates	0.05239542038286038	0.05239542038286038	8.545000712076822	8.545000712076822
2199	gpt2	2200	1100	12	obviate	obj_rel	expected	The teachers that the customer spruces obviate	0.2454339448217979	0.2454339448217979	7.343796888987224	7.343796888987224
2200	gpt2	2201	1101	12	occasion	obj_rel	unexpected	The teachers that the customer spruces occasions	1.7583555234068626e-07	1.7583555234068626e-07	22.43927001953125	22.43927001953125
2201	gpt2	2202	1101	12	occasion	obj_rel	expected	The teachers that the customer spruces occasion	1.1525909258125466e-06	1.1525909258125466e-06	19.72668838500977	19.72668838500977
2202	gpt2	2203	1102	12	occupy	obj_rel	unexpected	The teachers that the customer spruces occupies	4.035585448036727e-07	4.035585448036727e-07	21.24071884155273	21.24071884155273
2203	gpt2	2204	1102	12	occupy	obj_rel	expected	The teachers that the customer spruces occupy	1.2738913028442768e-05	1.2738913028442768e-05	16.260398864746094	16.260398864746094
2204	gpt2	2205	1103	12	occur	obj_rel	unexpected	The teachers that the customer spruces occurs	1.0672906682884786e-06	1.0672906682884786e-06	19.837615966796875	19.837615966796875
2205	gpt2	2206	1103	12	occur	obj_rel	expected	The teachers that the customer spruces occur	8.690631148056127e-06	8.690631148056127e-06	16.81210708618164	16.81210708618164
2206	gpt2	2207	1104	12	offend	obj_rel	unexpected	The teachers that the customer spruces offends	0.0012359390272535847	0.0012359390272535847	14.039739131927492	14.039739131927492
2207	gpt2	2208	1104	12	offend	obj_rel	expected	The teachers that the customer spruces offend	9.541587132844144e-06	9.541587132844144e-06	16.677339553833008	16.677339553833008
2208	gpt2	2209	1105	12	offer	obj_rel	unexpected	The teachers that the customer spruces offers	4.049066774314269e-05	4.049066774314269e-05	14.592050552368164	14.592050552368164
2209	gpt2	2210	1105	12	offer	obj_rel	expected	The teachers that the customer spruces offer	0.0004855670267716	0.0004855670267716	11.008042335510254	11.008042335510254
2210	gpt2	2211	1106	12	offset	obj_rel	unexpected	The teachers that the customer spruces offsets	1.831667475471477e-07	1.831667475471477e-07	22.38033866882324	22.38033866882324
2211	gpt2	2212	1106	12	offset	obj_rel	expected	The teachers that the customer spruces offset	1.8719391619015369e-06	1.8719391619015369e-06	19.027034759521484	19.027034759521484
2212	gpt2	2213	1107	12	omit	obj_rel	unexpected	The teachers that the customer spruces omits	0.0007537993387813892	0.0007537993387813892	12.003944873809814	12.003944873809814
2213	gpt2	2214	1107	12	omit	obj_rel	expected	The teachers that the customer spruces omit	1.5842762195461546e-06	1.5842762195461546e-06	19.26774406433105	19.26774406433105
2214	gpt2	2215	1108	12	ooze	obj_rel	unexpected	The teachers that the customer spruces oozes	0.011952645667250275	0.011952645667250275	13.494711875915527	13.494711875915527
2215	gpt2	2216	1108	12	ooze	obj_rel	expected	The teachers that the customer spruces ooze	0.07546055340329376	0.07546055340329376	7.593293905258179	7.593293905258179
2216	gpt2	2217	1109	12	open	obj_rel	unexpected	The teachers that the customer spruces opens	1.5578352758893743e-06	1.5578352758893743e-06	19.29202651977539	19.29202651977539
2217	gpt2	2218	1109	12	open	obj_rel	expected	The teachers that the customer spruces open	4.181743497611024e-05	4.181743497611024e-05	14.545536041259766	14.545536041259766
2218	gpt2	2219	1110	12	operate	obj_rel	unexpected	The teachers that the customer spruces operates	2.4424750790785765e-06	2.4424750790785765e-06	18.643224716186523	18.643224716186523
2219	gpt2	2220	1110	12	operate	obj_rel	expected	The teachers that the customer spruces operate	3.910622035618872e-05	3.910622035618872e-05	14.642242431640623	14.642242431640623
2220	gpt2	2221	1111	12	oppose	obj_rel	unexpected	The teachers that the customer spruces opposes	2.2054141481930856e-06	2.2054141481930856e-06	18.79051971435547	18.79051971435547
2221	gpt2	2222	1111	12	oppose	obj_rel	expected	The teachers that the customer spruces oppose	3.513330375426449e-05	3.513330375426449e-05	14.796801567077637	14.796801567077637
2222	gpt2	2223	1112	12	opt	obj_rel	unexpected	The teachers that the customer spruces opts	0.007679103169266454	0.007679103169266454	11.158656120300293	11.158656120300293
2223	gpt2	2224	1112	12	opt	obj_rel	expected	The teachers that the customer spruces opt	1.2469000466808213e-05	1.2469000466808213e-05	16.29129409790039	16.29129409790039
2224	gpt2	2225	1113	12	order	obj_rel	unexpected	The teachers that the customer spruces orders	3.643182208179496e-05	3.643182208179496e-05	14.744441032409668	14.744441032409668
2225	gpt2	2226	1113	12	order	obj_rel	expected	The teachers that the customer spruces order	5.589326974586584e-05	5.589326974586584e-05	14.126965522766112	14.126965522766112
2226	gpt2	2227	1114	12	organize	obj_rel	unexpected	The teachers that the customer spruces organizes	0.02536313969585532	0.02536313969585532	11.431264400482178	11.431264400482178
2227	gpt2	2228	1114	12	organize	obj_rel	expected	The teachers that the customer spruces organize	1.671524478297215e-05	1.671524478297215e-05	15.868475914001465	15.868475914001465
2228	gpt2	2229	1115	12	originate	obj_rel	unexpected	The teachers that the customer spruces originates	0.3349885157406902	0.3349885157406902	9.85072058439255	9.85072058439255
2229	gpt2	2230	1115	12	originate	obj_rel	expected	The teachers that the customer spruces originate	1.0354924597777426e-05	1.0354924597777426e-05	16.559324264526367	16.559324264526367
2230	gpt2	2231	1116	12	oust	obj_rel	unexpected	The teachers that the customer spruces ousts	0.0048086538904499225	0.0048086538904499225	12.831929922103882	12.831929922103882
2231	gpt2	2232	1116	12	oust	obj_rel	expected	The teachers that the customer spruces oust	1.956334926944692e-06	1.956334926944692e-06	18.963415145874023	18.963415145874023
2232	gpt2	2233	1117	12	outfit	obj_rel	unexpected	The teachers that the customer spruces outfits	2.327462880202802e-06	2.327462880202802e-06	18.712810516357425	18.712810516357425
2233	gpt2	2234	1117	12	outfit	obj_rel	expected	The teachers that the customer spruces outfit	1.7546777826282778e-06	1.7546777826282778e-06	19.120363235473636	19.120363235473636
2234	gpt2	2235	1118	12	outflank	obj_rel	unexpected	The teachers that the customer spruces outflanks	0.012434998861389582	0.012434998861389582	11.330623944600424	11.330623944600424
2235	gpt2	2236	1118	12	outflank	obj_rel	expected	The teachers that the customer spruces outflank	0.04120005948984345	0.04120005948984345	10.451085329055786	10.451085329055786
2236	gpt2	2237	1119	12	outfly	obj_rel	unexpected	The teachers that the customer spruces outflies	0.010398195558553506	0.010398195558553506	17.84556794166565	17.84556794166565
2237	gpt2	2238	1119	12	outfly	obj_rel	expected	The teachers that the customer spruces outfly	0.010398199798010486	0.010398199798010486	16.13028645515442	16.13028645515442
2238	gpt2	2239	1120	12	outlast	obj_rel	unexpected	The teachers that the customer spruces outlasts	0.021395419376801755	0.021395419376801755	12.749377727508545	12.749377727508545
2239	gpt2	2240	1120	12	outlast	obj_rel	expected	The teachers that the customer spruces outlast	0.010398684723838867	0.010398684723838867	12.774709939956665	12.774709939956665
2240	gpt2	2241	1121	12	outline	obj_rel	unexpected	The teachers that the customer spruces outlines	1.4018297633811017e-07	1.4018297633811017e-07	22.766185760498047	22.766185760498047
2241	gpt2	2242	1121	12	outline	obj_rel	expected	The teachers that the customer spruces outline	2.886744425723009e-07	2.886744425723009e-07	21.72405242919922	21.72405242919922
2242	gpt2	2243	1122	12	outpace	obj_rel	unexpected	The teachers that the customer spruces outpaces	0.0327094935357479	0.0327094935357479	12.071092128753664	12.071092128753664
2243	gpt2	2244	1122	12	outpace	obj_rel	expected	The teachers that the customer spruces outpace	0.010399757776212935	0.010399757776212935	11.9375479221344	11.9375479221344
2244	gpt2	2245	1123	12	outperform	obj_rel	unexpected	The teachers that the customer spruces outperforms	0.002150366970454311	0.002150366970454311	11.219441890716553	11.219441890716553
2245	gpt2	2246	1123	12	outperform	obj_rel	expected	The teachers that the customer spruces outperform	0.23598086154379416	0.23598086154379416	7.823574006557465	7.823574006557465
2246	gpt2	2247	1124	12	outsell	obj_rel	unexpected	The teachers that the customer spruces outsells	0.05705097075644971	0.05705097075644971	9.67379872004191	9.67379872004191
2247	gpt2	2248	1124	12	outsell	obj_rel	expected	The teachers that the customer spruces outsell	0.01039848858630421	0.01039848858630421	13.143924951553345	13.143924951553345
2248	gpt2	2249	1125	12	outshine	obj_rel	unexpected	The teachers that the customer spruces outshines	0.08354943942866082	0.08354943942866082	9.502650578816732	9.502650578816732
2249	gpt2	2250	1125	12	outshine	obj_rel	expected	The teachers that the customer spruces outshine	0.010398263635174486	0.010398263635174486	14.19331669807434	14.19331669807434
2250	gpt2	2251	1126	12	out-smart	obj_rel	unexpected	The teachers that the customer spruces out-smarts	0.01073051651474085	0.01073051651474085	8.071327924728394	8.071327924728394
2251	gpt2	2252	1126	12	out-smart	obj_rel	expected	The teachers that the customer spruces out-smart	0.01073051651474085	0.01073051651474085	8.071327924728394	8.071327924728394
2252	gpt2	2253	1127	12	outstrip	obj_rel	unexpected	The teachers that the customer spruces outstrips	0.13295700729418058	0.13295700729418058	9.842209140459698	9.842209140459698
2253	gpt2	2254	1127	12	outstrip	obj_rel	expected	The teachers that the customer spruces outstrip	0.01039820422181492	0.01039820422181492	15.649770021438597	15.649770021438597
2254	gpt2	2255	1128	12	out-trade	obj_rel	unexpected	The teachers that the customer spruces out-trades	0.01073051651474085	0.01073051651474085	8.071327924728394	8.071327924728394
2255	gpt2	2256	1128	12	out-trade	obj_rel	expected	The teachers that the customer spruces out-trade	0.01073051651474085	0.01073051651474085	8.071327924728394	8.071327924728394
2256	gpt2	2257	1129	12	outweigh	obj_rel	unexpected	The teachers that the customer spruces outweighs	0.02882777307331704	0.02882777307331704	9.841817140579224	9.841817140579224
2257	gpt2	2258	1129	12	outweigh	obj_rel	expected	The teachers that the customer spruces outweigh	2.0603913071681745e-05	2.0603913071681745e-05	15.56672191619873	15.56672191619873
2258	gpt2	2259	1130	12	overbid	obj_rel	unexpected	The teachers that the customer spruces overbids	0.0032462157196277795	0.0032462157196277795	10.527055740356445	10.527055740356445
2259	gpt2	2260	1130	12	overbid	obj_rel	expected	The teachers that the customer spruces overbid	0.0034603369474552883	0.0034603369474552883	12.24750804901123	12.24750804901123
2260	gpt2	2261	1131	12	overcome	obj_rel	unexpected	The teachers that the customer spruces overcomes	0.0034618393651726356	0.0034618393651726356	11.959238052368164	11.959238052368164
2261	gpt2	2262	1131	12	overcome	obj_rel	expected	The teachers that the customer spruces overcome	1.5332569091697223e-05	1.5332569091697223e-05	15.993041038513184	15.993041038513184
2262	gpt2	2263	1132	12	overemphasize	obj_rel	unexpected	The teachers that the customer spruces overemphasizes	0.360466932318161	0.360466932318161	6.393697748659179	6.393697748659179
2263	gpt2	2264	1132	12	overemphasize	obj_rel	expected	The teachers that the customer spruces overemphasize	0.4534139255052309	0.4534139255052309	5.612410912988707	5.612410912988707
2264	gpt2	2265	1133	12	overhaul	obj_rel	unexpected	The teachers that the customer spruces overhauls	0.017465861230789387	0.017465861230789387	12.054290533065794	12.054290533065794
2265	gpt2	2266	1133	12	overhaul	obj_rel	expected	The teachers that the customer spruces overhaul	1.5826815342734335e-06	1.5826815342734335e-06	19.269197463989254	19.269197463989254
2266	gpt2	2267	1134	12	overlook	obj_rel	unexpected	The teachers that the customer spruces overlooks	0.02464078894968223	0.02464078894968223	11.137183427810669	11.137183427810669
2267	gpt2	2268	1134	12	overlook	obj_rel	expected	The teachers that the customer spruces overlook	4.000350145361153e-06	4.000350145361153e-06	17.931442260742188	17.931442260742188
2268	gpt2	2269	1135	12	overpower	obj_rel	unexpected	The teachers that the customer spruces overpowers	0.0034574926584696178	0.0034574926584696178	14.1661958694458	14.1661958694458
2269	gpt2	2270	1135	12	overpower	obj_rel	expected	The teachers that the customer spruces overpower	9.846305601968195e-07	9.846305601968195e-07	19.953914642333984	19.953914642333984
2270	gpt2	2271	1136	12	overpurchase	obj_rel	unexpected	The teachers that the customer spruces overpurchases	0.01674530404716277	0.01674530404716277	8.60046660900116	8.60046660900116
2271	gpt2	2272	1136	12	overpurchase	obj_rel	expected	The teachers that the customer spruces overpurchase	0.003927853344672859	0.003927853344672859	10.310267607371012	10.310267607371012
2272	gpt2	2273	1137	12	overreact	obj_rel	unexpected	The teachers that the customer spruces overreacts	0.005151459442155687	0.005151459442155687	9.972875277201334	9.972875277201334
2273	gpt2	2274	1137	12	overreact	obj_rel	expected	The teachers that the customer spruces overreact	0.0034593991917972735	0.0034593991917972735	12.511662483215332	12.511662483215332
2274	gpt2	2275	1138	12	override	obj_rel	unexpected	The teachers that the customer spruces overrides	0.07522007695803268	0.07522007695803268	10.902019619941711	10.902019619941711
2275	gpt2	2276	1138	12	override	obj_rel	expected	The teachers that the customer spruces override	5.650678076563054e-07	5.650678076563054e-07	20.75507354736328	20.75507354736328
2276	gpt2	2277	1139	12	overrule	obj_rel	unexpected	The teachers that the customer spruces overrules	0.008971951561363727	0.008971951561363727	12.435895919799805	12.435895919799805
2277	gpt2	2278	1139	12	overrule	obj_rel	expected	The teachers that the customer spruces overrule	0.0034576627145384	0.0034576627145384	13.744263648986816	13.744263648986816
2278	gpt2	2279	1140	12	oversee	obj_rel	unexpected	The teachers that the customer spruces oversees	3.97043095290428e-06	3.97043095290428e-06	17.942272186279297	17.942272186279297
2279	gpt2	2280	1140	12	oversee	obj_rel	expected	The teachers that the customer spruces oversee	2.6758614694699645e-05	2.6758614694699645e-05	15.189637184143066	15.189637184143066
2280	gpt2	2281	1141	12	overstate	obj_rel	unexpected	The teachers that the customer spruces overstates	0.0034574715487281074	0.0034574715487281074	14.241130828857422	14.241130828857422
2281	gpt2	2282	1141	12	overstate	obj_rel	expected	The teachers that the customer spruces overstate	0.003458366998302153	0.003458366998302153	12.992828369140625	12.992828369140625
2282	gpt2	2283	1142	12	overthrow	obj_rel	unexpected	The teachers that the customer spruces overthrows	0.02285043006554588	0.02285043006554588	10.915237188339233	10.915237188339233
2283	gpt2	2284	1142	12	overthrow	obj_rel	expected	The teachers that the customer spruces overthrow	4.662952505896101e-06	4.662952505896101e-06	17.710325241088867	17.710325241088867
2284	gpt2	2285	1143	12	overturn	obj_rel	unexpected	The teachers that the customer spruces overturns	0.015691696772307726	0.015691696772307726	12.914199829101562	12.914199829101562
2285	gpt2	2286	1143	12	overturn	obj_rel	expected	The teachers that the customer spruces overturn	5.347914111553109e-07	5.347914111553109e-07	20.83452033996582	20.83452033996582
2286	gpt2	2287	1144	12	overwhelm	obj_rel	unexpected	The teachers that the customer spruces overwhelms	0.49133248803437374	0.49133248803437374	10.38417379464954	10.38417379464954
2287	gpt2	2288	1144	12	overwhelm	obj_rel	expected	The teachers that the customer spruces overwhelm	3.8648977351840585e-06	3.8648977351840585e-06	17.981138229370117	17.981138229370117
2288	gpt2	2289	1145	12	owe	obj_rel	unexpected	The teachers that the customer spruces owes	1.9043151041842062e-05	1.9043151041842062e-05	15.680368423461914	15.680368423461914
2289	gpt2	2290	1145	12	owe	obj_rel	expected	The teachers that the customer spruces owe	0.0001082950111594	0.0001082950111594	13.17274570465088	13.17274570465088
2290	gpt2	2291	1146	12	own	obj_rel	unexpected	The teachers that the customer spruces owns	1.7931335605680943e-05	1.7931335605680943e-05	15.767157554626465	15.767157554626465
2291	gpt2	2292	1146	12	own	obj_rel	expected	The teachers that the customer spruces own	0.0001771480019669	0.0001771480019669	12.462757110595703	12.462757110595703
2292	gpt2	2293	1147	12	pace	obj_rel	unexpected	The teachers that the customer spruces paces	0.0022003824851708114	0.0022003824851708114	10.810715913772583	10.810715913772583
2293	gpt2	2294	1147	12	pace	obj_rel	expected	The teachers that the customer spruces pace	1.772613813955104e-06	1.772613813955104e-06	19.105690002441406	19.105690002441406
2294	gpt2	2295	1148	12	package	obj_rel	unexpected	The teachers that the customer spruces packages	4.9187133299710695e-06	4.9187133299710695e-06	17.63328742980957	17.63328742980957
2295	gpt2	2296	1148	12	package	obj_rel	expected	The teachers that the customer spruces package	3.577037659852067e-06	3.577037659852067e-06	18.092803955078125	18.092803955078125
2296	gpt2	2297	1149	12	pack	obj_rel	unexpected	The teachers that the customer spruces packs	1.815093241930299e-06	1.815093241930299e-06	19.07152557373047	19.07152557373047
2297	gpt2	2298	1149	12	pack	obj_rel	expected	The teachers that the customer spruces pack	4.018765594082652e-06	4.018765594082652e-06	17.924816131591797	17.924816131591797
2298	gpt2	2299	1150	12	paint	obj_rel	unexpected	The teachers that the customer spruces paints	7.914358320704196e-06	7.914358320704196e-06	16.94709587097168	16.94709587097168
2299	gpt2	2300	1150	12	paint	obj_rel	expected	The teachers that the customer spruces paint	4.574387639877386e-05	4.574387639877386e-05	14.416061401367188	14.416061401367188
2300	gpt2	2301	1151	12	pair	obj_rel	unexpected	The teachers that the customer spruces pairs	8.792498533694015e-07	8.792498533694015e-07	20.117223739624023	20.117223739624023
2301	gpt2	2302	1151	12	pair	obj_rel	expected	The teachers that the customer spruces pair	1.4618439081459655e-06	1.4618439081459655e-06	19.38377952575684	19.38377952575684
2302	gpt2	2303	1152	12	pale	obj_rel	unexpected	The teachers that the customer spruces pales	0.0027343157707946115	0.0027343157707946115	10.651677370071411	10.651677370071411
2303	gpt2	2304	1152	12	pale	obj_rel	expected	The teachers that the customer spruces pale	6.282133426793735e-07	6.282133426793735e-07	20.60224151611328	20.60224151611328
2304	gpt2	2305	1153	12	palm	obj_rel	unexpected	The teachers that the customer spruces palms	2.127009821606407e-07	2.127009821606407e-07	22.164669036865234	22.164669036865234
2305	gpt2	2306	1153	12	palm	obj_rel	expected	The teachers that the customer spruces palm	5.440218728836044e-07	5.440218728836044e-07	20.80983161926269	20.80983161926269
2306	gpt2	2307	1154	12	panic	obj_rel	unexpected	The teachers that the customer spruces panics	0.02777576810217395	0.02777576810217395	10.848762035369873	10.848762035369873
2307	gpt2	2308	1154	12	panic	obj_rel	expected	The teachers that the customer spruces panic	1.620337343410938e-06	1.620337343410938e-06	19.235275268554688	19.235275268554688
2308	gpt2	2309	1155	12	pan	obj_rel	unexpected	The teachers that the customer spruces pans	7.006355531302688e-07	7.006355531302688e-07	20.44483184814453	20.44483184814453
2309	gpt2	2310	1155	12	pan	obj_rel	expected	The teachers that the customer spruces pan	5.293460617394885e-06	5.293460617394885e-06	17.52735710144043	17.52735710144043
2310	gpt2	2311	1156	12	parachute	obj_rel	unexpected	The teachers that the customer spruces parachutes	0.33687224140695093	0.33687224140695093	10.910957574844362	10.910957574844362
2311	gpt2	2312	1156	12	parachute	obj_rel	expected	The teachers that the customer spruces parachute	8.448017752016312e-08	8.448017752016312e-08	23.496810913085938	23.496810913085938
2312	gpt2	2313	1157	12	parallel	obj_rel	unexpected	The teachers that the customer spruces parallels	1.5683346532568978e-07	1.5683346532568978e-07	22.604263305664062	22.604263305664062
2313	gpt2	2314	1157	12	parallel	obj_rel	expected	The teachers that the customer spruces parallel	1.5603569636368777e-06	1.5603569636368777e-06	19.289691925048828	19.289691925048828
2314	gpt2	2315	1158	12	parcel	obj_rel	unexpected	The teachers that the customer spruces parcels	5.784768291050568e-07	5.784768291050568e-07	20.721237182617188	20.721237182617188
2315	gpt2	2316	1158	12	parcel	obj_rel	expected	The teachers that the customer spruces parcel	1.8943580926134018e-07	1.8943580926134018e-07	22.331787109375	22.331787109375
2316	gpt2	2317	1159	12	park	obj_rel	unexpected	The teachers that the customer spruces parks	2.298144465839869e-07	2.298144465839869e-07	22.05302619934082	22.05302619934082
2317	gpt2	2318	1159	12	park	obj_rel	expected	The teachers that the customer spruces park	1.053231926562148e-06	1.053231926562148e-06	19.85674476623535	19.85674476623535
2318	gpt2	2319	1160	12	parry	obj_rel	unexpected	The teachers that the customer spruces parries	0.00017090586879926517	0.00017090586879926517	13.726610660552979	13.726610660552979
2319	gpt2	2320	1160	12	parry	obj_rel	expected	The teachers that the customer spruces parry	0.0035103444952255653	0.0035103444952255653	11.511939764022827	11.511939764022827
2320	gpt2	2321	1161	12	partake	obj_rel	unexpected	The teachers that the customer spruces partakes	0.0002550665776652328	0.0002550665776652328	12.816521167755127	12.816521167755127
2321	gpt2	2322	1161	12	partake	obj_rel	expected	The teachers that the customer spruces partake	2.840181196006597e-06	2.840181196006597e-06	18.42558479309082	18.42558479309082
2322	gpt2	2323	1162	12	participate	obj_rel	unexpected	The teachers that the customer spruces participates	1.375928491142986e-06	1.375928491142986e-06	19.471162796020508	19.471162796020508
2323	gpt2	2324	1162	12	participate	obj_rel	expected	The teachers that the customer spruces participate	5.851445166626945e-05	5.851445166626945e-05	14.060847282409668	14.060847282409668
2324	gpt2	2325	1163	12	part	obj_rel	unexpected	The teachers that the customer spruces parts	1.1284415450063534e-05	1.1284415450063534e-05	16.4353084564209	16.4353084564209
2325	gpt2	2326	1163	12	part	obj_rel	expected	The teachers that the customer spruces part	4.095921030966565e-05	4.095921030966565e-05	14.57545280456543	14.57545280456543
2326	gpt2	2327	1164	12	pass	obj_rel	unexpected	The teachers that the customer spruces passes	8.201237506000325e-06	8.201237506000325e-06	16.895727157592773	16.895727157592773
2327	gpt2	2328	1164	12	pass	obj_rel	expected	The teachers that the customer spruces pass	4.9391539505450055e-05	4.9391539505450055e-05	14.305376052856444	14.305376052856444
2328	gpt2	2329	1165	12	patronize	obj_rel	unexpected	The teachers that the customer spruces patronizes	0.02955747899659398	0.02955747899659398	10.187782049179077	10.187782049179077
2329	gpt2	2330	1165	12	patronize	obj_rel	expected	The teachers that the customer spruces patronize	0.17357087639220478	0.17357087639220478	8.910691261291504	8.910691261291504
2330	gpt2	2331	1166	12	pave	obj_rel	unexpected	The teachers that the customer spruces paves	0.0012479653378249613	0.0012479653378249613	11.22896671295166	11.22896671295166
2331	gpt2	2332	1166	12	pave	obj_rel	expected	The teachers that the customer spruces pave	3.2326306609320454e-07	3.2326306609320454e-07	21.56078720092773	21.56078720092773
2332	gpt2	2333	1167	12	pay	obj_rel	unexpected	The teachers that the customer spruces pays	4.68283033114858e-05	4.68283033114858e-05	14.382259368896484	14.382259368896484
2333	gpt2	2334	1167	12	pay	obj_rel	expected	The teachers that the customer spruces pay	0.0006715711788274	0.0006715711788274	10.54017162322998	10.54017162322998
2334	gpt2	2335	1168	12	peak	obj_rel	unexpected	The teachers that the customer spruces peaks	1.924057784208344e-07	1.924057784208344e-07	22.309345245361328	22.309345245361328
2335	gpt2	2336	1168	12	peak	obj_rel	expected	The teachers that the customer spruces peak	2.3369289010588545e-06	2.3369289010588545e-06	18.706954956054688	18.706954956054688
2336	gpt2	2337	1169	12	pedal	obj_rel	unexpected	The teachers that the customer spruces pedals	2.1260849791815417e-07	2.1260849791815417e-07	22.16529655456543	22.16529655456543
2337	gpt2	2338	1169	12	pedal	obj_rel	expected	The teachers that the customer spruces pedal	2.70424237669431e-07	2.70424237669431e-07	21.81827163696289	21.81827163696289
2338	gpt2	2339	1170	12	peddle	obj_rel	unexpected	The teachers that the customer spruces peddles	0.006972983738705777	0.006972983738705777	10.974073886871338	10.974073886871338
2339	gpt2	2340	1170	12	peddle	obj_rel	expected	The teachers that the customer spruces peddle	0.2899314074575159	0.2899314074575159	8.284281700849533	8.284281700849533
2340	gpt2	2341	1171	12	peer	obj_rel	unexpected	The teachers that the customer spruces peers	3.0786627576162573e-06	3.0786627576162573e-06	18.30926513671875	18.30926513671875
2341	gpt2	2342	1171	12	peer	obj_rel	expected	The teachers that the customer spruces peer	3.3463215913798194e-06	3.3463215913798194e-06	18.18899154663086	18.18899154663086
2342	gpt2	2343	1172	12	penalize	obj_rel	unexpected	The teachers that the customer spruces penalizes	0.0170820795926829	0.0170820795926829	12.75846552848816	12.75846552848816
2343	gpt2	2344	1172	12	penalize	obj_rel	expected	The teachers that the customer spruces penalize	0.12670089984271726	0.12670089984271726	11.313018679618835	11.313018679618835
2344	gpt2	2345	1173	12	penetrate	obj_rel	unexpected	The teachers that the customer spruces penetrates	0.32752024296083704	0.32752024296083704	11.91352665424347	11.91352665424347
2345	gpt2	2346	1173	12	penetrate	obj_rel	expected	The teachers that the customer spruces penetrate	1.0542127029111723e-06	1.0542127029111723e-06	19.85540199279785	19.85540199279785
2346	gpt2	2347	1174	12	perform	obj_rel	unexpected	The teachers that the customer spruces performs	6.255425432755146e-06	6.255425432755146e-06	17.286460876464844	17.286460876464844
2347	gpt2	2348	1174	12	perform	obj_rel	expected	The teachers that the customer spruces perform	0.0002211701357737	0.0002211701357737	12.142556190490724	12.142556190490724
2348	gpt2	2349	1175	12	permit	obj_rel	unexpected	The teachers that the customer spruces permits	4.7157743665593443e-07	4.7157743665593443e-07	21.016002655029297	21.016002655029297
2349	gpt2	2350	1175	12	permit	obj_rel	expected	The teachers that the customer spruces permit	1.8304880313735337e-06	1.8304880313735337e-06	19.05933952331543	19.05933952331543
2350	gpt2	2351	1176	13	perpetuate	obj_rel	unexpected	The customer that the officers furnish perpetuate	2.948788733192487e-07	2.948788733192487e-07	21.693374633789062	21.693374633789062
2351	gpt2	2352	1176	13	perpetuate	obj_rel	expected	The customer that the officers furnish perpetuates	0.1683336687179633	0.1683336687179633	11.150763809680939	11.150763809680939
2352	gpt2	2353	1177	13	persist	obj_rel	unexpected	The customer that the officers furnish persist	1.1122076557512628e-06	1.1122076557512628e-06	19.77814292907715	19.77814292907715
2353	gpt2	2354	1177	13	persist	obj_rel	expected	The customer that the officers furnish persists	1.2280581358936615e-05	1.2280581358936615e-05	16.313261032104492	16.313261032104492
2354	gpt2	2355	1178	13	persuade	obj_rel	unexpected	The customer that the officers furnish persuade	3.799862895448314e-07	3.799862895448314e-07	21.32754898071289	21.32754898071289
2355	gpt2	2356	1178	13	persuade	obj_rel	expected	The customer that the officers furnish persuades	0.3774376099650283	0.3774376099650283	10.649184077978132	10.649184077978132
2356	gpt2	2357	1179	13	peruse	obj_rel	unexpected	The customer that the officers furnish peruse	0.009750555447681095	0.009750555447681095	9.965546131134033	9.965546131134033
2357	gpt2	2358	1179	13	peruse	obj_rel	expected	The customer that the officers furnish peruses	0.001941651284141694	0.001941651284141694	11.137359142303467	11.137359142303467
2358	gpt2	2359	1180	13	petition	obj_rel	unexpected	The customer that the officers furnish petition	2.240158210042864e-05	2.240158210042864e-05	15.446040153503418	15.446040153503418
2359	gpt2	2360	1180	13	petition	obj_rel	expected	The customer that the officers furnish petitions	1.0714010386436712e-05	1.0714010386436712e-05	16.510141372680664	16.510141372680664
2360	gpt2	2361	1181	13	phase	obj_rel	unexpected	The customer that the officers furnish phase	5.7951350385110345e-08	5.7951350385110345e-08	24.04058265686035	24.04058265686035
2361	gpt2	2362	1181	13	phase	obj_rel	expected	The customer that the officers furnish phases	3.5736039905032164e-08	3.5736039905032164e-08	24.73804473876953	24.73804473876953
2362	gpt2	2363	1182	13	pick	obj_rel	unexpected	The customer that the officers furnish pick	1.6378848158637993e-05	1.6378848158637993e-05	15.89780616760254	15.89780616760254
2363	gpt2	2364	1182	13	pick	obj_rel	expected	The customer that the officers furnish picks	0.0001499028876423	0.0001499028876423	12.703683853149414	12.703683853149414
2364	gpt2	2365	1183	13	piece	obj_rel	unexpected	The customer that the officers furnish piece	4.846456704399316e-06	4.846456704399316e-06	17.654638290405273	17.654638290405273
2365	gpt2	2366	1183	13	piece	obj_rel	expected	The customer that the officers furnish pieces	6.929898518137634e-06	6.929898518137634e-06	17.138734817504883	17.138734817504883
2366	gpt2	2367	1184	13	pile	obj_rel	unexpected	The customer that the officers furnish pile	1.7436106247714633e-07	1.7436106247714633e-07	22.451417922973636	22.451417922973636
2367	gpt2	2368	1184	13	pile	obj_rel	expected	The customer that the officers furnish piles	8.180283543879341e-07	8.180283543879341e-07	20.221345901489254	20.221345901489254
2368	gpt2	2369	1185	13	pinch	obj_rel	unexpected	The customer that the officers furnish pinch	1.6274324821097252e-07	1.6274324821097252e-07	22.550899505615234	22.550899505615234
2369	gpt2	2370	1185	13	pinch	obj_rel	expected	The customer that the officers furnish pinches	0.004854313736814173	0.004854313736814173	11.605272054672241	11.605272054672241
2370	gpt2	2371	1186	13	ping	obj_rel	unexpected	The customer that the officers furnish ping	1.913725640179109e-07	1.913725640179109e-07	22.31711196899414	22.31711196899414
2371	gpt2	2372	1186	13	ping	obj_rel	expected	The customer that the officers furnish pings	0.006403418896752523	0.006403418896752523	11.405293226242065	11.405293226242065
2372	gpt2	2373	1187	13	pinpoint	obj_rel	unexpected	The customer that the officers furnish pinpoint	2.920444046594639e-07	2.920444046594639e-07	21.70730972290039	21.70730972290039
2373	gpt2	2374	1187	13	pinpoint	obj_rel	expected	The customer that the officers furnish pinpoints	0.08238422323222491	0.08238422323222491	11.44685697555542	11.44685697555542
2374	gpt2	2375	1188	13	pin	obj_rel	unexpected	The customer that the officers furnish pin	7.788132734276587e-07	7.788132734276587e-07	20.292219161987305	20.292219161987305
2375	gpt2	2376	1188	13	pin	obj_rel	expected	The customer that the officers furnish pins	1.0347475836169906e-06	1.0347475836169906e-06	19.88228988647461	19.88228988647461
2376	gpt2	2377	1189	13	pitch	obj_rel	unexpected	The customer that the officers furnish pitch	1.1682277545332909e-06	1.1682277545332909e-06	19.707246780395508	19.707246780395508
2377	gpt2	2378	1189	13	pitch	obj_rel	expected	The customer that the officers furnish pitches	1.822103513404727e-06	1.822103513404727e-06	19.065963745117188	19.065963745117188
2378	gpt2	2379	1190	13	pit	obj_rel	unexpected	The customer that the officers furnish pit	2.518743713153526e-06	2.518743713153526e-06	18.59886360168457	18.59886360168457
2379	gpt2	2380	1190	13	pit	obj_rel	expected	The customer that the officers furnish pits	4.890897571385722e-07	4.890897571385722e-07	20.963397979736328	20.963397979736328
2380	gpt2	2381	1191	13	placate	obj_rel	unexpected	The customer that the officers furnish placate	0.000806552659184936	0.000806552659184936	14.536928176879883	14.536928176879883
2381	gpt2	2382	1191	13	placate	obj_rel	expected	The customer that the officers furnish placates	0.000759929312323486	0.000759929312323486	14.579909801483154	14.579909801483154
2382	gpt2	2383	1192	13	place	obj_rel	unexpected	The customer that the officers furnish place	8.0137779150391e-06	8.0137779150391e-06	16.929086685180664	16.929086685180664
2383	gpt2	2384	1192	13	place	obj_rel	expected	The customer that the officers furnish places	2.366927219554782e-05	2.366927219554782e-05	15.36662483215332	15.36662483215332
2384	gpt2	2385	1193	13	plague	obj_rel	unexpected	The customer that the officers furnish plague	1.280293844274638e-07	1.280293844274638e-07	22.897022247314453	22.897022247314453
2385	gpt2	2386	1193	13	plague	obj_rel	expected	The customer that the officers furnish plagues	0.005509674084009884	0.005509674084009884	12.67558765411377	12.67558765411377
2386	gpt2	2387	1194	13	plant	obj_rel	unexpected	The customer that the officers furnish plant	6.643879828516219e-07	6.643879828516219e-07	20.52147102355957	20.52147102355957
2387	gpt2	2388	1194	13	plant	obj_rel	expected	The customer that the officers furnish plants	2.793722842397983e-06	2.793722842397983e-06	18.44937896728516	18.44937896728516
2388	gpt2	2389	1195	13	plan	obj_rel	unexpected	The customer that the officers furnish plan	1.606928344699554e-05	1.606928344699554e-05	15.925334930419922	15.925334930419922
2389	gpt2	2390	1195	13	plan	obj_rel	expected	The customer that the officers furnish plans	3.944459240301512e-05	3.944459240301512e-05	14.629813194274902	14.629813194274902
2390	gpt2	2391	1196	13	play	obj_rel	unexpected	The customer that the officers furnish play	5.409294772107387e-06	5.409294772107387e-06	17.49612808227539	17.49612808227539
2391	gpt2	2392	1196	13	play	obj_rel	expected	The customer that the officers furnish plays	2.1889998606638983e-05	2.1889998606638983e-05	15.479368209838867	15.479368209838867
2392	gpt2	2393	1197	13	plead	obj_rel	unexpected	The customer that the officers furnish plead	8.742519639781676e-06	8.742519639781676e-06	16.80352020263672	16.80352020263672
2393	gpt2	2394	1197	13	plead	obj_rel	expected	The customer that the officers furnish pleads	0.46641715351631774	0.46641715351631774	9.492528475821018	9.492528475821018
2394	gpt2	2395	1198	13	please	obj_rel	unexpected	The customer that the officers furnish please	8.669096860103309e-05	8.669096860103309e-05	13.493759155273438	13.493759155273438
2395	gpt2	2396	1198	13	please	obj_rel	expected	The customer that the officers furnish pleases	0.031790004262234085	0.031790004262234085	11.430038213729858	11.430038213729858
2396	gpt2	2397	1199	13	plea	obj_rel	unexpected	The customer that the officers furnish plea	1.82803523784969e-06	1.82803523784969e-06	19.06127548217773	19.06127548217773
2397	gpt2	2398	1199	13	plea	obj_rel	expected	The customer that the officers furnish pleas	2.563136149547063e-06	2.563136149547063e-06	18.573657989501957	18.573657989501957
2398	gpt2	2399	1200	13	plot	obj_rel	unexpected	The customer that the officers furnish plot	4.015109027477593e-07	4.015109027477593e-07	21.2480583190918	21.2480583190918
2399	gpt2	2400	1200	13	plot	obj_rel	expected	The customer that the officers furnish plots	5.771686346633942e-07	5.771686346633942e-07	20.724504470825195	20.724504470825195
2400	gpt2	2401	1201	13	plow	obj_rel	unexpected	The customer that the officers furnish plow	0.002888875082703634	0.002888875082703634	13.141443252563477	13.141443252563477
2401	gpt2	2402	1201	13	plow	obj_rel	expected	The customer that the officers furnish plows	0.016535694245817432	0.016535694245817432	11.882722616195679	11.882722616195679
2402	gpt2	2403	1202	13	pluck	obj_rel	unexpected	The customer that the officers furnish pluck	0.0057040825491867335	0.0057040825491867335	12.650568962097168	12.650568962097168
2403	gpt2	2404	1202	13	pluck	obj_rel	expected	The customer that the officers furnish plucks	0.019507417921545284	0.019507417921545284	11.763495922088623	11.763495922088623
2404	gpt2	2405	1203	13	plug	obj_rel	unexpected	The customer that the officers furnish plug	4.073237960255938e-07	4.073237960255938e-07	21.227319717407227	21.227319717407227
2405	gpt2	2406	1203	13	plug	obj_rel	expected	The customer that the officers furnish plugs	2.421291355858557e-06	2.421291355858557e-06	18.655792236328125	18.655792236328125
2406	gpt2	2407	1204	13	plummet	obj_rel	unexpected	The customer that the officers furnish plummet	1.9370292037024228e-08	1.9370292037024228e-08	25.62157821655273	25.62157821655273
2407	gpt2	2408	1204	13	plummet	obj_rel	expected	The customer that the officers furnish plummets	0.33764838520475376	0.33764838520475376	8.242402798340967	8.242402798340967
2408	gpt2	2409	1205	13	plunge	obj_rel	unexpected	The customer that the officers furnish plunge	3.525186187403051e-08	3.525186187403051e-08	24.75772476196289	24.75772476196289
2409	gpt2	2410	1205	13	plunge	obj_rel	expected	The customer that the officers furnish plunges	0.4874032456302971	0.4874032456302971	11.211149550974369	11.211149550974369
2410	gpt2	2411	1206	13	pocket	obj_rel	unexpected	The customer that the officers furnish pocket	1.785252834451967e-06	1.785252834451967e-06	19.095439910888672	19.095439910888672
2411	gpt2	2412	1206	13	pocket	obj_rel	expected	The customer that the officers furnish pockets	9.424935001334234e-07	9.424935001334234e-07	20.017013549804688	20.017013549804688
2412	gpt2	2413	1207	13	point	obj_rel	unexpected	The customer that the officers furnish point	1.053865435096668e-05	1.053865435096668e-05	16.53394889831543	16.53394889831543
2413	gpt2	2414	1207	13	point	obj_rel	expected	The customer that the officers furnish points	7.9623147030361e-05	7.9623147030361e-05	13.61645221710205	13.61645221710205
2414	gpt2	2415	1208	13	police	obj_rel	unexpected	The customer that the officers furnish police	0.0001984739355975	0.0001984739355975	12.298762321472168	12.298762321472168
2415	gpt2	2416	1208	13	police	obj_rel	expected	The customer that the officers furnish polices	0.11025645652995306	0.11025645652995306	11.503714561462402	11.503714561462402
2416	gpt2	2417	1209	13	polish	obj_rel	unexpected	The customer that the officers furnish polish	2.1469861621881137e-07	2.1469861621881137e-07	22.15118408203125	22.15118408203125
2417	gpt2	2418	1209	13	polish	obj_rel	expected	The customer that the officers furnish polishes	0.10927748004183965	0.10927748004183965	11.510148167610168	11.510148167610168
2418	gpt2	2419	1210	13	pollinate	obj_rel	unexpected	The customer that the officers furnish pollinate	0.002470502700475637	0.002470502700475637	12.953901529312134	12.953901529312134
2419	gpt2	2420	1210	13	pollinate	obj_rel	expected	The customer that the officers furnish pollinates	0.003750315705133287	0.003750315705133287	12.652637481689453	12.652637481689453
2420	gpt2	2421	1211	13	pollute	obj_rel	unexpected	The customer that the officers furnish pollute	0.03666237283107419	0.03666237283107419	11.00775158405304	11.00775158405304
2421	gpt2	2422	1211	13	pollute	obj_rel	expected	The customer that the officers furnish pollutes	0.04757392320391314	0.04757392320391314	10.819808959960938	10.819808959960938
2422	gpt2	2423	1212	13	poll	obj_rel	unexpected	The customer that the officers furnish poll	3.216929371774313e-06	3.216929371774313e-06	18.24588394165039	18.24588394165039
2423	gpt2	2424	1212	13	poll	obj_rel	expected	The customer that the officers furnish polls	1.8747011836239835e-06	1.8747011836239835e-06	19.0249080657959	19.0249080657959
2424	gpt2	2425	1213	13	ponder	obj_rel	unexpected	The customer that the officers furnish ponder	4.5162870776493946e-08	4.5162870776493946e-08	24.400287628173828	24.400287628173828
2425	gpt2	2426	1213	13	ponder	obj_rel	expected	The customer that the officers furnish ponders	0.1242264196248186	0.1242264196248186	12.435757637023926	12.435757637023926
2426	gpt2	2427	1214	13	popularize	obj_rel	unexpected	The customer that the officers furnish popularize	0.02313844718491961	0.02313844718491961	12.640686273574829	12.640686273574829
2427	gpt2	2428	1214	13	popularize	obj_rel	expected	The customer that the officers furnish popularizes	0.013248029616534011	0.013248029616534011	13.042949438095093	13.042949438095093
2428	gpt2	2429	1215	13	populate	obj_rel	unexpected	The customer that the officers furnish populate	1.2253988757038314e-07	1.2253988757038314e-07	22.96024513244629	22.96024513244629
2429	gpt2	2430	1215	13	populate	obj_rel	expected	The customer that the officers furnish populates	0.263287992651442	0.263287992651442	10.729928523302078	10.729928523302078
2430	gpt2	2431	1216	13	pop	obj_rel	unexpected	The customer that the officers furnish pop	6.583833283002605e-07	6.583833283002605e-07	20.534568786621094	20.534568786621094
2431	gpt2	2432	1216	13	pop	obj_rel	expected	The customer that the officers furnish pops	9.717588227431406e-07	9.717588227431406e-07	19.972898483276367	19.972898483276367
2432	gpt2	2433	1217	13	portend	obj_rel	unexpected	The customer that the officers furnish portend	0.0008490103298299764	0.0008490103298299764	14.22361135482788	14.22361135482788
2433	gpt2	2434	1217	13	portend	obj_rel	expected	The customer that the officers furnish portends	0.008981162414556777	0.008981162414556777	12.521467208862305	12.521467208862305
2434	gpt2	2435	1218	13	portray	obj_rel	unexpected	The customer that the officers furnish portray	8.905258255254012e-07	8.905258255254012e-07	20.098838806152344	20.098838806152344
2435	gpt2	2436	1218	13	portray	obj_rel	expected	The customer that the officers furnish portrays	3.542444574122783e-06	3.542444574122783e-06	18.106822967529297	18.106822967529297
2436	gpt2	2437	1219	13	pose	obj_rel	unexpected	The customer that the officers furnish pose	5.014013822801644e-06	5.014013822801644e-06	17.605602264404297	17.605602264404297
2437	gpt2	2438	1219	13	pose	obj_rel	expected	The customer that the officers furnish poses	6.870859942864627e-05	6.870859942864627e-05	13.82914924621582	13.82914924621582
2438	gpt2	2439	1220	13	position	obj_rel	unexpected	The customer that the officers furnish position	2.858970447050524e-06	2.858970447050524e-06	18.416072845458984	18.416072845458984
2439	gpt2	2440	1220	13	position	obj_rel	expected	The customer that the officers furnish positions	5.756714926974382e-06	5.756714926974382e-06	17.406322479248047	17.406322479248047
2440	gpt2	2441	1221	13	possess	obj_rel	unexpected	The customer that the officers furnish possess	1.5191591046459507e-05	1.5191591046459507e-05	16.006366729736328	16.006366729736328
2441	gpt2	2442	1221	13	possess	obj_rel	expected	The customer that the officers furnish possesses	0.000129038162413	0.000129038162413	12.919914245605469	12.919914245605469
2442	gpt2	2443	1222	13	postpone	obj_rel	unexpected	The customer that the officers furnish postpone	4.7425345428564476e-08	4.7425345428564476e-08	24.32976722717285	24.32976722717285
2443	gpt2	2444	1222	13	postpone	obj_rel	expected	The customer that the officers furnish postpones	0.37621932502088384	0.37621932502088384	11.79800495505333	11.79800495505333
2444	gpt2	2445	1223	13	post	obj_rel	unexpected	The customer that the officers furnish post	8.133120718412101e-05	8.133120718412101e-05	13.58583164215088	13.58583164215088
2445	gpt2	2446	1223	13	post	obj_rel	expected	The customer that the officers furnish posts	8.542018804291729e-06	8.542018804291729e-06	16.836992263793945	16.836992263793945
2446	gpt2	2447	1224	13	pot	obj_rel	unexpected	The customer that the officers furnish pot	3.087277264057775e-06	3.087277264057775e-06	18.305233001708984	18.305233001708984
2447	gpt2	2448	1224	13	pot	obj_rel	expected	The customer that the officers furnish pots	1.1212081574285548e-07	1.1212081574285548e-07	23.088441848754883	23.088441848754883
2448	gpt2	2449	1225	13	pounce	obj_rel	unexpected	The customer that the officers furnish pounce	0.0005187648916944227	0.0005187648916944227	13.224963188171387	13.224963188171387
2449	gpt2	2450	1225	13	pounce	obj_rel	expected	The customer that the officers furnish pounces	0.008805302144992273	0.008805302144992273	11.175364971160889	11.175364971160889
2450	gpt2	2451	1226	13	pound	obj_rel	unexpected	The customer that the officers furnish pound	2.987648031194112e-07	2.987648031194112e-07	21.67448616027832	21.67448616027832
2451	gpt2	2452	1226	13	pound	obj_rel	expected	The customer that the officers furnish pounds	1.1504846497700782e-06	1.1504846497700782e-06	19.729326248168945	19.729326248168945
2452	gpt2	2453	1227	13	pour	obj_rel	unexpected	The customer that the officers furnish pour	5.671852818522893e-07	5.671852818522893e-07	20.749675750732425	20.749675750732425
2453	gpt2	2454	1227	13	pour	obj_rel	expected	The customer that the officers furnish pours	0.07267014606486552	0.07267014606486552	9.652523159980774	9.652523159980774
2454	gpt2	2455	1228	13	practice	obj_rel	unexpected	The customer that the officers furnish practice	1.124657046602806e-06	1.124657046602806e-06	19.762083053588867	19.762083053588867
2455	gpt2	2456	1228	13	practice	obj_rel	expected	The customer that the officers furnish practices	1.8384271243121475e-06	1.8384271243121475e-06	19.053096771240234	19.053096771240234
2456	gpt2	2457	1229	13	precede	obj_rel	unexpected	The customer that the officers furnish precede	0.023312209753385084	0.023312209753385084	10.800080299377441	10.800080299377441
2457	gpt2	2458	1229	13	precede	obj_rel	expected	The customer that the officers furnish precedes	0.4641938867252975	0.4641938867252975	8.642196126282215	8.642196126282215
2458	gpt2	2459	1230	13	preclude	obj_rel	unexpected	The customer that the officers furnish preclude	1.4449967977725464e-07	1.4449967977725464e-07	22.722431182861328	22.722431182861328
2459	gpt2	2460	1230	13	preclude	obj_rel	expected	The customer that the officers furnish precludes	0.052865307703541475	0.052865307703541475	9.075936079025269	9.075936079025269
2460	gpt2	2461	1231	13	predict	obj_rel	unexpected	The customer that the officers furnish predict	5.823836772833602e-07	5.823836772833602e-07	20.71152687072754	20.71152687072754
2461	gpt2	2462	1231	13	predict	obj_rel	expected	The customer that the officers furnish predicts	4.146342689637095e-06	4.146342689637095e-06	17.879728317260742	17.879728317260742
2462	gpt2	2463	1232	13	predispose	obj_rel	unexpected	The customer that the officers furnish predispose	0.013536916499631922	0.013536916499631922	13.778578042984007	13.778578042984007
2463	gpt2	2464	1232	13	predispose	obj_rel	expected	The customer that the officers furnish predisposes	0.47681653910656513	0.47681653910656513	11.209341645240782	11.209341645240782
2464	gpt2	2465	1233	13	pre-empt	obj_rel	unexpected	The customer that the officers furnish pre-empt	0.2649190723150241	0.2649190723150241	7.913179367780685	7.913179367780685
2465	gpt2	2466	1233	13	pre-empt	obj_rel	expected	The customer that the officers furnish pre-empts	0.2649190723150241	0.2649190723150241	7.913179367780685	7.913179367780685
2466	gpt2	2467	1234	13	prefer	obj_rel	unexpected	The customer that the officers furnish prefer	2.828639026120072e-06	2.828639026120072e-06	18.43146133422852	18.43146133422852
2467	gpt2	2468	1234	13	prefer	obj_rel	expected	The customer that the officers furnish prefers	1.0073023986478802e-05	1.0073023986478802e-05	16.599143981933594	16.599143981933594
2468	gpt2	2469	1235	13	premiere	obj_rel	unexpected	The customer that the officers furnish premiere	4.202857155632955e-07	4.202857155632955e-07	21.182126998901367	21.182126998901367
2469	gpt2	2470	1235	13	premiere	obj_rel	expected	The customer that the officers furnish premieres	0.40687805113763886	0.40687805113763886	10.755452901124954	10.755452901124954
2470	gpt2	2471	1236	13	prepare	obj_rel	unexpected	The customer that the officers furnish prepare	3.2897260098252445e-06	3.2897260098252445e-06	18.213600158691406	18.213600158691406
2471	gpt2	2472	1236	13	prepare	obj_rel	expected	The customer that the officers furnish prepares	1.6670956028974615e-05	1.6670956028974615e-05	15.87230396270752	15.87230396270752
2472	gpt2	2473	1237	13	prepay	obj_rel	unexpected	The customer that the officers furnish prepay	0.11787185769435382	0.11787185769435382	9.794573783874512	9.794573783874512
2473	gpt2	2474	1237	13	prepay	obj_rel	expected	The customer that the officers furnish prepays	0.002131345895122616	0.002131345895122616	12.690123558044434	12.690123558044434
2474	gpt2	2475	1238	13	pre-register	obj_rel	unexpected	The customer that the officers furnish pre-register	0.2649190723150241	0.2649190723150241	7.913179367780685	7.913179367780685
2475	gpt2	2476	1238	13	pre-register	obj_rel	expected	The customer that the officers furnish pre-registers	0.2649190723150241	0.2649190723150241	7.913179367780685	7.913179367780685
2476	gpt2	2477	1239	13	presage	obj_rel	unexpected	The customer that the officers furnish presage	0.0007725195157490656	0.0007725195157490656	13.671243667602539	13.671243667602539
2477	gpt2	2478	1239	13	presage	obj_rel	expected	The customer that the officers furnish presages	0.004234470789242516	0.004234470789242516	12.442517042160034	12.442517042160034
2478	gpt2	2479	1240	13	prescribe	obj_rel	unexpected	The customer that the officers furnish prescribe	6.193201897986e-07	6.193201897986e-07	20.62281036376953	20.62281036376953
2479	gpt2	2480	1240	13	prescribe	obj_rel	expected	The customer that the officers furnish prescribes	0.49702823926259043	0.49702823926259043	8.79743564222008	8.79743564222008
2480	gpt2	2481	1241	13	present	obj_rel	unexpected	The customer that the officers furnish present	2.572963057900779e-05	2.572963057900779e-05	15.246210098266602	15.246210098266602
2481	gpt2	2482	1241	13	present	obj_rel	expected	The customer that the officers furnish presents	0.0017004067776724	0.0017004067776724	9.199904441833496	9.199904441833496
2482	gpt2	2483	1242	13	preserve	obj_rel	unexpected	The customer that the officers furnish preserve	1.1573956726351753e-06	1.1573956726351753e-06	19.720685958862305	19.720685958862305
2483	gpt2	2484	1242	13	preserve	obj_rel	expected	The customer that the officers furnish preserves	3.7343233998399224e-06	3.7343233998399224e-06	18.03072166442871	18.03072166442871
2484	gpt2	2485	1243	13	pressure	obj_rel	unexpected	The customer that the officers furnish pressure	2.4641728941787733e-06	2.4641728941787733e-06	18.630464553833008	18.630464553833008
2485	gpt2	2486	1243	13	pressure	obj_rel	expected	The customer that the officers furnish pressures	5.371969109546626e-07	5.371969109546626e-07	20.828044891357425	20.828044891357425
2486	gpt2	2487	1244	13	press	obj_rel	unexpected	The customer that the officers furnish press	1.1202259884157684e-05	1.1202259884157684e-05	16.445850372314453	16.445850372314453
2487	gpt2	2488	1244	13	press	obj_rel	expected	The customer that the officers furnish presses	8.431779860984534e-07	8.431779860984534e-07	20.17765998840332	20.17765998840332
2488	gpt2	2489	1245	13	pretend	obj_rel	unexpected	The customer that the officers furnish pretend	6.209572234183725e-07	6.209572234183725e-07	20.61900329589844	20.61900329589844
2489	gpt2	2490	1245	13	pretend	obj_rel	expected	The customer that the officers furnish pretends	0.4098275143101091	0.4098275143101091	9.52980534732342	9.52980534732342
2490	gpt2	2491	1246	13	pre-try	obj_rel	unexpected	The customer that the officers furnish pre-try	0.2649190723150241	0.2649190723150241	7.913179367780685	7.913179367780685
2491	gpt2	2492	1246	13	pre-try	obj_rel	expected	The customer that the officers furnish pre-tries	0.2649190723150241	0.2649190723150241	7.913179367780685	7.913179367780685
2492	gpt2	2493	1247	13	prevail	obj_rel	unexpected	The customer that the officers furnish prevail	1.306840857751013e-07	1.306840857751013e-07	22.867412567138672	22.867412567138672
2493	gpt2	2494	1247	13	prevail	obj_rel	expected	The customer that the officers furnish prevails	0.4912659078782439	0.4912659078782439	9.571395698934793	9.571395698934793
2494	gpt2	2495	1248	13	prevent	obj_rel	unexpected	The customer that the officers furnish prevent	6.547694738401333e-06	6.547694738401333e-06	17.2205810546875	17.2205810546875
2495	gpt2	2496	1248	13	prevent	obj_rel	expected	The customer that the officers furnish prevents	2.872450750146527e-05	2.872450750146527e-05	15.087358474731444	15.087358474731444
2496	gpt2	2497	1249	13	price	obj_rel	unexpected	The customer that the officers furnish price	5.697726919606794e-06	5.697726919606794e-06	17.42118263244629	17.42118263244629
2497	gpt2	2498	1249	13	price	obj_rel	expected	The customer that the officers furnish prices	2.611527997942176e-05	2.611527997942176e-05	15.224746704101562	15.224746704101562
2498	gpt2	2499	1250	13	privatize	obj_rel	unexpected	The customer that the officers furnish privatize	0.018576316458464245	0.018576316458464245	13.679750919342041	13.679750919342041
2499	gpt2	2500	1250	13	privatize	obj_rel	expected	The customer that the officers furnish privatizes	0.07820777214813289	0.07820777214813289	12.64282488822937	12.64282488822937
2500	gpt2	2501	1251	13	probe	obj_rel	unexpected	The customer that the officers furnish probe	1.4501496252705692e-06	1.4501496252705692e-06	19.39536666870117	19.39536666870117
2501	gpt2	2502	1251	13	probe	obj_rel	expected	The customer that the officers furnish probes	1.1635222563199932e-06	1.1635222563199932e-06	19.713069915771484	19.713069915771484
2502	gpt2	2503	1252	13	proceed	obj_rel	unexpected	The customer that the officers furnish proceed	9.101469004235696e-06	9.101469004235696e-06	16.74547004699707	16.74547004699707
2503	gpt2	2504	1252	13	proceed	obj_rel	expected	The customer that the officers furnish proceeds	3.822371945716441e-05	3.822371945716441e-05	14.675171852111816	14.675171852111816
2504	gpt2	2505	1253	13	process	obj_rel	unexpected	The customer that the officers furnish process	4.999727480026195e-06	4.999727480026195e-06	17.609718322753906	17.609718322753906
2505	gpt2	2506	1253	13	process	obj_rel	expected	The customer that the officers furnish processes	1.5874007885940955e-06	1.5874007885940955e-06	19.264902114868164	19.264902114868164
2506	gpt2	2507	1254	13	proclaim	obj_rel	unexpected	The customer that the officers furnish proclaim	1.2350905080893426e-06	1.2350905080893426e-06	19.626951217651367	19.626951217651367
2507	gpt2	2508	1254	13	proclaim	obj_rel	expected	The customer that the officers furnish proclaims	0.43902336720765334	0.43902336720765334	9.907291792333126	9.907291792333126
2508	gpt2	2509	1255	13	produce	obj_rel	unexpected	The customer that the officers furnish produce	1.7657006537774578e-05	1.7657006537774578e-05	15.789400100708008	15.789400100708008
2509	gpt2	2510	1255	13	produce	obj_rel	expected	The customer that the officers furnish produces	3.566976738511585e-05	3.566976738511585e-05	14.774938583374023	14.774938583374023
2510	gpt2	2511	1256	13	prod	obj_rel	unexpected	The customer that the officers furnish prod	2.487527979155857e-07	2.487527979155857e-07	21.938783645629883	21.938783645629883
2511	gpt2	2512	1256	13	prod	obj_rel	expected	The customer that the officers furnish prods	0.0016354654962924262	0.0016354654962924262	11.625430583953857	11.625430583953857
2512	gpt2	2513	1257	13	profile	obj_rel	unexpected	The customer that the officers furnish profile	4.045382866024738e-06	4.045382866024738e-06	17.915292739868164	17.915292739868164
2513	gpt2	2514	1257	13	profile	obj_rel	expected	The customer that the officers furnish profiles	6.3156203395919874e-06	6.3156203395919874e-06	17.27264404296875	17.27264404296875
2514	gpt2	2515	1258	13	profit	obj_rel	unexpected	The customer that the officers furnish profit	4.78031915918109e-06	4.78031915918109e-06	17.674461364746094	17.674461364746094
2515	gpt2	2516	1258	13	profit	obj_rel	expected	The customer that the officers furnish profits	5.189066541788634e-06	5.189066541788634e-06	17.556093215942383	17.556093215942383
2516	gpt2	2517	1259	13	program	obj_rel	unexpected	The customer that the officers furnish program	2.973312575704768e-06	2.973312575704768e-06	18.3594970703125	18.3594970703125
2517	gpt2	2518	1259	13	program	obj_rel	expected	The customer that the officers furnish programs	1.8557745988800889e-06	1.8557745988800889e-06	19.03954696655273	19.03954696655273
2518	gpt2	2519	1260	13	progress	obj_rel	unexpected	The customer that the officers furnish progress	3.047573784442648e-07	3.047573784442648e-07	21.645835876464844	21.645835876464844
2519	gpt2	2520	1260	13	progress	obj_rel	expected	The customer that the officers furnish progresses	1.2381284477669396e-06	1.2381284477669396e-06	19.6234073638916	19.6234073638916
2520	gpt2	2521	1261	13	prohibit	obj_rel	unexpected	The customer that the officers furnish prohibit	2.5838501187536167e-06	2.5838501187536167e-06	18.56204605102539	18.56204605102539
2521	gpt2	2522	1261	13	prohibit	obj_rel	expected	The customer that the officers furnish prohibits	2.897631384257693e-05	2.897631384257693e-05	15.074766159057615	15.074766159057615
2522	gpt2	2523	1262	13	project	obj_rel	unexpected	The customer that the officers furnish project	1.593613660588744e-06	1.593613660588744e-06	19.259265899658203	19.259265899658203
2523	gpt2	2524	1262	13	project	obj_rel	expected	The customer that the officers furnish projects	2.26378961087903e-06	2.26378961087903e-06	18.75282859802246	18.75282859802246
2524	gpt2	2525	1263	13	prolong	obj_rel	unexpected	The customer that the officers furnish prolong	2.140084802704223e-07	2.140084802704223e-07	22.15582847595215	22.15582847595215
2525	gpt2	2526	1263	13	prolong	obj_rel	expected	The customer that the officers furnish prolongs	0.38427429170806704	0.38427429170806704	11.267810240387917	11.267810240387917
2526	gpt2	2527	1264	13	promise	obj_rel	unexpected	The customer that the officers furnish promise	2.198489528382197e-05	2.198489528382197e-05	15.473127365112305	15.473127365112305
2527	gpt2	2528	1264	13	promise	obj_rel	expected	The customer that the officers furnish promises	0.0001104041948565	0.0001104041948565	13.144917488098145	13.144917488098145
2528	gpt2	2529	1265	13	promote	obj_rel	unexpected	The customer that the officers furnish promote	6.561067493748851e-07	6.561067493748851e-07	20.539566040039062	20.539566040039062
2529	gpt2	2530	1265	13	promote	obj_rel	expected	The customer that the officers furnish promotes	7.744142749288585e-06	7.744142749288585e-06	16.97846221923828	16.97846221923828
2530	gpt2	2531	1266	13	prompt	obj_rel	unexpected	The customer that the officers furnish prompt	3.378367864570464e-06	3.378367864570464e-06	18.175241470336918	18.175241470336918
2531	gpt2	2532	1266	13	prompt	obj_rel	expected	The customer that the officers furnish prompts	1.1625334991549607e-05	1.1625334991549607e-05	16.39236831665039	16.39236831665039
2532	gpt2	2533	1267	13	propel	obj_rel	unexpected	The customer that the officers furnish propel	1.3056450143267284e-07	1.3056450143267284e-07	22.86873435974121	22.86873435974121
2533	gpt2	2534	1267	13	propel	obj_rel	expected	The customer that the officers furnish propels	0.02344626577360028	0.02344626577360028	10.715836524963379	10.715836524963379
2534	gpt2	2535	1268	13	propose	obj_rel	unexpected	The customer that the officers furnish propose	1.1844176697195508e-06	1.1844176697195508e-06	19.68739128112793	19.68739128112793
2535	gpt2	2536	1268	13	propose	obj_rel	expected	The customer that the officers furnish proposes	3.189109338563867e-05	3.189109338563867e-05	14.936487197875977	14.936487197875977
2536	gpt2	2537	1269	13	prop	obj_rel	unexpected	The customer that the officers furnish prop	7.540318620158359e-06	7.540318620158359e-06	17.016942977905273	17.016942977905273
2537	gpt2	2538	1269	13	prop	obj_rel	expected	The customer that the officers furnish props	4.413725491758669e-06	4.413725491758669e-06	17.78957176208496	17.78957176208496
2538	gpt2	2539	1270	13	prosper	obj_rel	unexpected	The customer that the officers furnish prosper	1.790106551879944e-08	1.790106551879944e-08	25.73538017272949	25.73538017272949
2539	gpt2	2540	1270	13	prosper	obj_rel	expected	The customer that the officers furnish prospers	0.29805551862348995	0.29805551862348995	6.910575568675995	6.910575568675995
2540	gpt2	2541	1271	13	protect	obj_rel	unexpected	The customer that the officers furnish protect	1.450332911190344e-05	1.450332911190344e-05	16.07325553894043	16.07325553894043
2541	gpt2	2542	1271	13	protect	obj_rel	expected	The customer that the officers furnish protects	4.848289609071799e-05	4.848289609071799e-05	14.332164764404297	14.332164764404297
2542	gpt2	2543	1272	13	protest	obj_rel	unexpected	The customer that the officers furnish protest	6.478080194938229e-06	6.478080194938229e-06	17.23600196838379	17.23600196838379
2543	gpt2	2544	1272	13	protest	obj_rel	expected	The customer that the officers furnish protests	6.914372079336317e-06	6.914372079336317e-06	17.141969680786133	17.141969680786133
2544	gpt2	2545	1273	14	prove	obj_rel	unexpected	The officer that the managers pre-empt prove	0.1315661966800689	0.1315661966800689	2.9261393547058105	2.9261393547058105
2545	gpt2	2546	1273	14	prove	obj_rel	expected	The officer that the managers pre-empt proves	0.1315661966800689	0.1315661966800689	2.9261393547058105	2.9261393547058105
2546	gpt2	2547	1274	14	provide	obj_rel	unexpected	The officer that the managers pre-empt provide	0.1315661966800689	0.1315661966800689	2.9261393547058105	2.9261393547058105
2547	gpt2	2548	1274	14	provide	obj_rel	expected	The officer that the managers pre-empt provides	0.1315661966800689	0.1315661966800689	2.9261393547058105	2.9261393547058105
2548	gpt2	2549	1275	14	provoke	obj_rel	unexpected	The officer that the managers pre-empt provoke	0.1315661966800689	0.1315661966800689	2.9261393547058105	2.9261393547058105
2549	gpt2	2550	1275	14	provoke	obj_rel	expected	The officer that the managers pre-empt provokes	0.1315661966800689	0.1315661966800689	2.9261393547058105	2.9261393547058105
2550	gpt2	2551	1276	14	prune	obj_rel	unexpected	The officer that the managers pre-empt prune	0.1315661966800689	0.1315661966800689	2.9261393547058105	2.9261393547058105
2551	gpt2	2552	1276	14	prune	obj_rel	expected	The officer that the managers pre-empt prunes	0.1315661966800689	0.1315661966800689	2.9261393547058105	2.9261393547058105
2552	gpt2	2553	1277	14	publicize	obj_rel	unexpected	The officer that the managers pre-empt publicize	0.1315661966800689	0.1315661966800689	2.9261393547058105	2.9261393547058105
2553	gpt2	2554	1277	14	publicize	obj_rel	expected	The officer that the managers pre-empt publicizes	0.1315661966800689	0.1315661966800689	2.9261393547058105	2.9261393547058105
2554	gpt2	2555	1278	14	publish	obj_rel	unexpected	The officer that the managers pre-empt publish	0.1315661966800689	0.1315661966800689	2.9261393547058105	2.9261393547058105
2555	gpt2	2556	1278	14	publish	obj_rel	expected	The officer that the managers pre-empt publishes	0.1315661966800689	0.1315661966800689	2.9261393547058105	2.9261393547058105
2556	gpt2	2557	1279	14	pull	obj_rel	unexpected	The officer that the managers pre-empt pull	0.1315661966800689	0.1315661966800689	2.9261393547058105	2.9261393547058105
2557	gpt2	2558	1279	14	pull	obj_rel	expected	The officer that the managers pre-empt pulls	0.1315661966800689	0.1315661966800689	2.9261393547058105	2.9261393547058105
2558	gpt2	2559	1280	14	pummel	obj_rel	unexpected	The officer that the managers pre-empt pummel	0.1315661966800689	0.1315661966800689	2.9261393547058105	2.9261393547058105
2559	gpt2	2560	1280	14	pummel	obj_rel	expected	The officer that the managers pre-empt pummels	0.1315661966800689	0.1315661966800689	2.9261393547058105	2.9261393547058105
2560	gpt2	2561	1281	14	pump	obj_rel	unexpected	The officer that the managers pre-empt pump	0.1315661966800689	0.1315661966800689	2.9261393547058105	2.9261393547058105
2561	gpt2	2562	1281	14	pump	obj_rel	expected	The officer that the managers pre-empt pumps	0.1315661966800689	0.1315661966800689	2.9261393547058105	2.9261393547058105
2562	gpt2	2563	1282	14	punch	obj_rel	unexpected	The officer that the managers pre-empt punch	0.1315661966800689	0.1315661966800689	2.9261393547058105	2.9261393547058105
2563	gpt2	2564	1282	14	punch	obj_rel	expected	The officer that the managers pre-empt punches	0.1315661966800689	0.1315661966800689	2.9261393547058105	2.9261393547058105
2564	gpt2	2565	1283	14	punish	obj_rel	unexpected	The officer that the managers pre-empt punish	0.1315661966800689	0.1315661966800689	2.9261393547058105	2.9261393547058105
2565	gpt2	2566	1283	14	punish	obj_rel	expected	The officer that the managers pre-empt punishes	0.1315661966800689	0.1315661966800689	2.9261393547058105	2.9261393547058105
2566	gpt2	2567	1284	14	purchase	obj_rel	unexpected	The officer that the managers pre-empt purchase	0.1315661966800689	0.1315661966800689	2.9261393547058105	2.9261393547058105
2567	gpt2	2568	1284	14	purchase	obj_rel	expected	The officer that the managers pre-empt purchases	0.1315661966800689	0.1315661966800689	2.9261393547058105	2.9261393547058105
2568	gpt2	2569	1285	14	pursue	obj_rel	unexpected	The officer that the managers pre-empt pursue	0.1315661966800689	0.1315661966800689	2.9261393547058105	2.9261393547058105
2569	gpt2	2570	1285	14	pursue	obj_rel	expected	The officer that the managers pre-empt pursues	0.1315661966800689	0.1315661966800689	2.9261393547058105	2.9261393547058105
2570	gpt2	2571	1286	14	push	obj_rel	unexpected	The officer that the managers pre-empt push	0.1315661966800689	0.1315661966800689	2.9261393547058105	2.9261393547058105
2571	gpt2	2572	1286	14	push	obj_rel	expected	The officer that the managers pre-empt pushes	0.1315661966800689	0.1315661966800689	2.9261393547058105	2.9261393547058105
2572	gpt2	2573	1287	14	put	obj_rel	unexpected	The officer that the managers pre-empt put	0.1315661966800689	0.1315661966800689	2.9261393547058105	2.9261393547058105
2573	gpt2	2574	1287	14	put	obj_rel	expected	The officer that the managers pre-empt puts	0.1315661966800689	0.1315661966800689	2.9261393547058105	2.9261393547058105
2574	gpt2	2575	1288	14	puzzle	obj_rel	unexpected	The officer that the managers pre-empt puzzle	0.1315661966800689	0.1315661966800689	2.9261393547058105	2.9261393547058105
2575	gpt2	2576	1288	14	puzzle	obj_rel	expected	The officer that the managers pre-empt puzzles	0.1315661966800689	0.1315661966800689	2.9261393547058105	2.9261393547058105
2576	gpt2	2577	1289	14	qualify	obj_rel	unexpected	The officer that the managers pre-empt qualify	0.1315661966800689	0.1315661966800689	2.9261393547058105	2.9261393547058105
2577	gpt2	2578	1289	14	qualify	obj_rel	expected	The officer that the managers pre-empt qualifies	0.1315661966800689	0.1315661966800689	2.9261393547058105	2.9261393547058105
2578	gpt2	2579	1290	14	quantify	obj_rel	unexpected	The officer that the managers pre-empt quantify	0.1315661966800689	0.1315661966800689	2.9261393547058105	2.9261393547058105
2579	gpt2	2580	1290	14	quantify	obj_rel	expected	The officer that the managers pre-empt quantifies	0.1315661966800689	0.1315661966800689	2.9261393547058105	2.9261393547058105
2580	gpt2	2581	1291	14	quarrel	obj_rel	unexpected	The officer that the managers pre-empt quarrel	0.1315661966800689	0.1315661966800689	2.9261393547058105	2.9261393547058105
2581	gpt2	2582	1291	14	quarrel	obj_rel	expected	The officer that the managers pre-empt quarrels	0.1315661966800689	0.1315661966800689	2.9261393547058105	2.9261393547058105
2582	gpt2	2583	1292	14	quell	obj_rel	unexpected	The officer that the managers pre-empt quell	0.1315661966800689	0.1315661966800689	2.9261393547058105	2.9261393547058105
2583	gpt2	2584	1292	14	quell	obj_rel	expected	The officer that the managers pre-empt quells	0.1315661966800689	0.1315661966800689	2.9261393547058105	2.9261393547058105
2584	gpt2	2585	1293	14	question	obj_rel	unexpected	The officer that the managers pre-empt question	0.1315661966800689	0.1315661966800689	2.9261393547058105	2.9261393547058105
2585	gpt2	2586	1293	14	question	obj_rel	expected	The officer that the managers pre-empt questions	0.1315661966800689	0.1315661966800689	2.9261393547058105	2.9261393547058105
2586	gpt2	2587	1294	14	quiet	obj_rel	unexpected	The officer that the managers pre-empt quiet	0.1315661966800689	0.1315661966800689	2.9261393547058105	2.9261393547058105
2587	gpt2	2588	1294	14	quiet	obj_rel	expected	The officer that the managers pre-empt quiets	0.1315661966800689	0.1315661966800689	2.9261393547058105	2.9261393547058105
2588	gpt2	2589	1295	14	quit	obj_rel	unexpected	The officer that the managers pre-empt quit	0.1315661966800689	0.1315661966800689	2.9261393547058105	2.9261393547058105
2589	gpt2	2590	1295	14	quit	obj_rel	expected	The officer that the managers pre-empt quits	0.1315661966800689	0.1315661966800689	2.9261393547058105	2.9261393547058105
2590	gpt2	2591	1296	14	quiz	obj_rel	unexpected	The officer that the managers pre-empt quiz	0.1315661966800689	0.1315661966800689	2.9261393547058105	2.9261393547058105
2591	gpt2	2592	1296	14	quiz	obj_rel	expected	The officer that the managers pre-empt quizes	0.1315661966800689	0.1315661966800689	2.9261393547058105	2.9261393547058105
2592	gpt2	2593	1297	14	quote	obj_rel	unexpected	The officer that the managers pre-empt quote	0.1315661966800689	0.1315661966800689	2.9261393547058105	2.9261393547058105
2593	gpt2	2594	1297	14	quote	obj_rel	expected	The officer that the managers pre-empt quotes	0.1315661966800689	0.1315661966800689	2.9261393547058105	2.9261393547058105
2594	gpt2	2595	1298	14	rage	obj_rel	unexpected	The officer that the managers pre-empt rage	0.1315661966800689	0.1315661966800689	2.9261393547058105	2.9261393547058105
2595	gpt2	2596	1298	14	rage	obj_rel	expected	The officer that the managers pre-empt rages	0.1315661966800689	0.1315661966800689	2.9261393547058105	2.9261393547058105
2596	gpt2	2597	1299	14	raid	obj_rel	unexpected	The officer that the managers pre-empt raid	0.1315661966800689	0.1315661966800689	2.9261393547058105	2.9261393547058105
2597	gpt2	2598	1299	14	raid	obj_rel	expected	The officer that the managers pre-empt raids	0.1315661966800689	0.1315661966800689	2.9261393547058105	2.9261393547058105
2598	gpt2	2599	1300	14	rain	obj_rel	unexpected	The officer that the managers pre-empt rain	0.1315661966800689	0.1315661966800689	2.9261393547058105	2.9261393547058105
2599	gpt2	2600	1300	14	rain	obj_rel	expected	The officer that the managers pre-empt rains	0.1315661966800689	0.1315661966800689	2.9261393547058105	2.9261393547058105
2600	gpt2	2601	1301	14	raise	obj_rel	unexpected	The officer that the managers pre-empt raise	0.1315661966800689	0.1315661966800689	2.9261393547058105	2.9261393547058105
2601	gpt2	2602	1301	14	raise	obj_rel	expected	The officer that the managers pre-empt raises	0.1315661966800689	0.1315661966800689	2.9261393547058105	2.9261393547058105
2602	gpt2	2603	1302	14	rally	obj_rel	unexpected	The officer that the managers pre-empt rally	0.1315661966800689	0.1315661966800689	2.9261393547058105	2.9261393547058105
2603	gpt2	2604	1302	14	rally	obj_rel	expected	The officer that the managers pre-empt rallies	0.1315661966800689	0.1315661966800689	2.9261393547058105	2.9261393547058105
2604	gpt2	2605	1303	14	ramp	obj_rel	unexpected	The officer that the managers pre-empt ramp	0.1315661966800689	0.1315661966800689	2.9261393547058105	2.9261393547058105
2605	gpt2	2606	1303	14	ramp	obj_rel	expected	The officer that the managers pre-empt ramps	0.1315661966800689	0.1315661966800689	2.9261393547058105	2.9261393547058105
2606	gpt2	2607	1304	14	range	obj_rel	unexpected	The officer that the managers pre-empt range	0.1315661966800689	0.1315661966800689	2.9261393547058105	2.9261393547058105
2607	gpt2	2608	1304	14	range	obj_rel	expected	The officer that the managers pre-empt ranges	0.1315661966800689	0.1315661966800689	2.9261393547058105	2.9261393547058105
2608	gpt2	2609	1305	14	rank	obj_rel	unexpected	The officer that the managers pre-empt rank	0.1315661966800689	0.1315661966800689	2.9261393547058105	2.9261393547058105
2609	gpt2	2610	1305	14	rank	obj_rel	expected	The officer that the managers pre-empt ranks	0.1315661966800689	0.1315661966800689	2.9261393547058105	2.9261393547058105
2610	gpt2	2611	1306	14	ratify	obj_rel	unexpected	The officer that the managers pre-empt ratify	0.1315661966800689	0.1315661966800689	2.9261393547058105	2.9261393547058105
2611	gpt2	2612	1306	14	ratify	obj_rel	expected	The officer that the managers pre-empt ratifies	0.1315661966800689	0.1315661966800689	2.9261393547058105	2.9261393547058105
2612	gpt2	2613	1307	14	rationalize	obj_rel	unexpected	The officer that the managers pre-empt rationalize	0.1315661966800689	0.1315661966800689	2.9261393547058105	2.9261393547058105
2613	gpt2	2614	1307	14	rationalize	obj_rel	expected	The officer that the managers pre-empt rationalizes	0.1315661966800689	0.1315661966800689	2.9261393547058105	2.9261393547058105
2614	gpt2	2615	1308	14	rattle	obj_rel	unexpected	The officer that the managers pre-empt rattle	0.1315661966800689	0.1315661966800689	2.9261393547058105	2.9261393547058105
2615	gpt2	2616	1308	14	rattle	obj_rel	expected	The officer that the managers pre-empt rattles	0.1315661966800689	0.1315661966800689	2.9261393547058105	2.9261393547058105
2616	gpt2	2617	1309	14	rat	obj_rel	unexpected	The officer that the managers pre-empt rat	0.1315661966800689	0.1315661966800689	2.9261393547058105	2.9261393547058105
2617	gpt2	2618	1309	14	rat	obj_rel	expected	The officer that the managers pre-empt rats	0.1315661966800689	0.1315661966800689	2.9261393547058105	2.9261393547058105
2618	gpt2	2619	1310	14	rave	obj_rel	unexpected	The officer that the managers pre-empt rave	0.1315661966800689	0.1315661966800689	2.9261393547058105	2.9261393547058105
2619	gpt2	2620	1310	14	rave	obj_rel	expected	The officer that the managers pre-empt raves	0.1315661966800689	0.1315661966800689	2.9261393547058105	2.9261393547058105
2620	gpt2	2621	1311	14	reach	obj_rel	unexpected	The officer that the managers pre-empt reach	0.1315661966800689	0.1315661966800689	2.9261393547058105	2.9261393547058105
2621	gpt2	2622	1311	14	reach	obj_rel	expected	The officer that the managers pre-empt reaches	0.1315661966800689	0.1315661966800689	2.9261393547058105	2.9261393547058105
2622	gpt2	2623	1312	14	react	obj_rel	unexpected	The officer that the managers pre-empt react	0.1315661966800689	0.1315661966800689	2.9261393547058105	2.9261393547058105
2623	gpt2	2624	1312	14	react	obj_rel	expected	The officer that the managers pre-empt reacts	0.1315661966800689	0.1315661966800689	2.9261393547058105	2.9261393547058105
2624	gpt2	2625	1313	14	readmit	obj_rel	unexpected	The officer that the managers pre-empt readmit	0.1315661966800689	0.1315661966800689	2.9261393547058105	2.9261393547058105
2625	gpt2	2626	1313	14	readmit	obj_rel	expected	The officer that the managers pre-empt readmits	0.1315661966800689	0.1315661966800689	2.9261393547058105	2.9261393547058105
2626	gpt2	2627	1314	14	read	obj_rel	unexpected	The officer that the managers pre-empt read	0.1315661966800689	0.1315661966800689	2.9261393547058105	2.9261393547058105
2627	gpt2	2628	1314	14	read	obj_rel	expected	The officer that the managers pre-empt reads	0.1315661966800689	0.1315661966800689	2.9261393547058105	2.9261393547058105
2628	gpt2	2629	1315	14	reaffirm	obj_rel	unexpected	The officer that the managers pre-empt reaffirm	0.1315661966800689	0.1315661966800689	2.9261393547058105	2.9261393547058105
2629	gpt2	2630	1315	14	reaffirm	obj_rel	expected	The officer that the managers pre-empt reaffirms	0.1315661966800689	0.1315661966800689	2.9261393547058105	2.9261393547058105
2630	gpt2	2631	1316	14	realign	obj_rel	unexpected	The officer that the managers pre-empt realign	0.1315661966800689	0.1315661966800689	2.9261393547058105	2.9261393547058105
2631	gpt2	2632	1316	14	realign	obj_rel	expected	The officer that the managers pre-empt realigns	0.1315661966800689	0.1315661966800689	2.9261393547058105	2.9261393547058105
2632	gpt2	2633	1317	14	realize	obj_rel	unexpected	The officer that the managers pre-empt realize	0.1315661966800689	0.1315661966800689	2.9261393547058105	2.9261393547058105
2633	gpt2	2634	1317	14	realize	obj_rel	expected	The officer that the managers pre-empt realizes	0.1315661966800689	0.1315661966800689	2.9261393547058105	2.9261393547058105
2634	gpt2	2635	1318	14	reappraise	obj_rel	unexpected	The officer that the managers pre-empt reappraise	0.1315661966800689	0.1315661966800689	2.9261393547058105	2.9261393547058105
2635	gpt2	2636	1318	14	reappraise	obj_rel	expected	The officer that the managers pre-empt reappraises	0.1315661966800689	0.1315661966800689	2.9261393547058105	2.9261393547058105
2636	gpt2	2637	1319	14	reap	obj_rel	unexpected	The officer that the managers pre-empt reap	0.1315661966800689	0.1315661966800689	2.9261393547058105	2.9261393547058105
2637	gpt2	2638	1319	14	reap	obj_rel	expected	The officer that the managers pre-empt reaps	0.1315661966800689	0.1315661966800689	2.9261393547058105	2.9261393547058105
2638	gpt2	2639	1320	14	rearm	obj_rel	unexpected	The officer that the managers pre-empt rearm	0.1315661966800689	0.1315661966800689	2.9261393547058105	2.9261393547058105
2639	gpt2	2640	1320	14	rearm	obj_rel	expected	The officer that the managers pre-empt rearms	0.1315661966800689	0.1315661966800689	2.9261393547058105	2.9261393547058105
2640	gpt2	2641	1321	14	rearrange	obj_rel	unexpected	The officer that the managers pre-empt rearrange	0.1315661966800689	0.1315661966800689	2.9261393547058105	2.9261393547058105
2641	gpt2	2642	1321	14	rearrange	obj_rel	expected	The officer that the managers pre-empt rearranges	0.1315661966800689	0.1315661966800689	2.9261393547058105	2.9261393547058105
2642	gpt2	2643	1322	14	reason	obj_rel	unexpected	The officer that the managers pre-empt reason	0.1315661966800689	0.1315661966800689	2.9261393547058105	2.9261393547058105
2643	gpt2	2644	1322	14	reason	obj_rel	expected	The officer that the managers pre-empt reasons	0.1315661966800689	0.1315661966800689	2.9261393547058105	2.9261393547058105
2644	gpt2	2645	1323	14	reassert	obj_rel	unexpected	The officer that the managers pre-empt reassert	0.1315661966800689	0.1315661966800689	2.9261393547058105	2.9261393547058105
2645	gpt2	2646	1323	14	reassert	obj_rel	expected	The officer that the managers pre-empt reasserts	0.1315661966800689	0.1315661966800689	2.9261393547058105	2.9261393547058105
2646	gpt2	2647	1324	14	reassess	obj_rel	unexpected	The officer that the managers pre-empt reassess	0.1315661966800689	0.1315661966800689	2.9261393547058105	2.9261393547058105
2647	gpt2	2648	1324	14	reassess	obj_rel	expected	The officer that the managers pre-empt reassesses	0.1315661966800689	0.1315661966800689	2.9261393547058105	2.9261393547058105
2648	gpt2	2649	1325	14	reassume	obj_rel	unexpected	The officer that the managers pre-empt reassume	0.1315661966800689	0.1315661966800689	2.9261393547058105	2.9261393547058105
2649	gpt2	2650	1325	14	reassume	obj_rel	expected	The officer that the managers pre-empt reassumes	0.1315661966800689	0.1315661966800689	2.9261393547058105	2.9261393547058105
2650	gpt2	2651	1326	14	reassure	obj_rel	unexpected	The officer that the managers pre-empt reassure	0.1315661966800689	0.1315661966800689	2.9261393547058105	2.9261393547058105
2651	gpt2	2652	1326	14	reassure	obj_rel	expected	The officer that the managers pre-empt reassures	0.1315661966800689	0.1315661966800689	2.9261393547058105	2.9261393547058105
2652	gpt2	2653	1327	14	reauthorize	obj_rel	unexpected	The officer that the managers pre-empt reauthorize	0.1315661966800689	0.1315661966800689	2.9261393547058105	2.9261393547058105
2653	gpt2	2654	1327	14	reauthorize	obj_rel	expected	The officer that the managers pre-empt reauthorizes	0.1315661966800689	0.1315661966800689	2.9261393547058105	2.9261393547058105
2654	gpt2	2655	1328	14	rebound	obj_rel	unexpected	The officer that the managers pre-empt rebound	0.1315661966800689	0.1315661966800689	2.9261393547058105	2.9261393547058105
2655	gpt2	2656	1328	14	rebound	obj_rel	expected	The officer that the managers pre-empt rebounds	0.1315661966800689	0.1315661966800689	2.9261393547058105	2.9261393547058105
2656	gpt2	2657	1329	14	rebuild	obj_rel	unexpected	The officer that the managers pre-empt rebuild	0.1315661966800689	0.1315661966800689	2.9261393547058105	2.9261393547058105
2657	gpt2	2658	1329	14	rebuild	obj_rel	expected	The officer that the managers pre-empt rebuilds	0.1315661966800689	0.1315661966800689	2.9261393547058105	2.9261393547058105
2658	gpt2	2659	1330	14	rebut	obj_rel	unexpected	The officer that the managers pre-empt rebut	0.1315661966800689	0.1315661966800689	2.9261393547058105	2.9261393547058105
2659	gpt2	2660	1330	14	rebut	obj_rel	expected	The officer that the managers pre-empt rebuts	0.1315661966800689	0.1315661966800689	2.9261393547058105	2.9261393547058105
2660	gpt2	2661	1331	14	recall	obj_rel	unexpected	The officer that the managers pre-empt recall	0.1315661966800689	0.1315661966800689	2.9261393547058105	2.9261393547058105
2661	gpt2	2662	1331	14	recall	obj_rel	expected	The officer that the managers pre-empt recalls	0.1315661966800689	0.1315661966800689	2.9261393547058105	2.9261393547058105
2662	gpt2	2663	1332	14	recapture	obj_rel	unexpected	The officer that the managers pre-empt recapture	0.1315661966800689	0.1315661966800689	2.9261393547058105	2.9261393547058105
2663	gpt2	2664	1332	14	recapture	obj_rel	expected	The officer that the managers pre-empt recaptures	0.1315661966800689	0.1315661966800689	2.9261393547058105	2.9261393547058105
2664	gpt2	2665	1333	14	receive	obj_rel	unexpected	The officer that the managers pre-empt receive	0.1315661966800689	0.1315661966800689	2.9261393547058105	2.9261393547058105
2665	gpt2	2666	1333	14	receive	obj_rel	expected	The officer that the managers pre-empt receives	0.1315661966800689	0.1315661966800689	2.9261393547058105	2.9261393547058105
2666	gpt2	2667	1334	14	reckon	obj_rel	unexpected	The officer that the managers pre-empt reckon	0.1315661966800689	0.1315661966800689	2.9261393547058105	2.9261393547058105
2667	gpt2	2668	1334	14	reckon	obj_rel	expected	The officer that the managers pre-empt reckons	0.1315661966800689	0.1315661966800689	2.9261393547058105	2.9261393547058105
2668	gpt2	2669	1335	14	reclaim	obj_rel	unexpected	The officer that the managers pre-empt reclaim	0.1315661966800689	0.1315661966800689	2.9261393547058105	2.9261393547058105
2669	gpt2	2670	1335	14	reclaim	obj_rel	expected	The officer that the managers pre-empt reclaims	0.1315661966800689	0.1315661966800689	2.9261393547058105	2.9261393547058105
2670	gpt2	2671	1336	14	recognize	obj_rel	unexpected	The officer that the managers pre-empt recognize	0.1315661966800689	0.1315661966800689	2.9261393547058105	2.9261393547058105
2671	gpt2	2672	1336	14	recognize	obj_rel	expected	The officer that the managers pre-empt recognizes	0.1315661966800689	0.1315661966800689	2.9261393547058105	2.9261393547058105
2672	gpt2	2673	1337	14	recommend	obj_rel	unexpected	The officer that the managers pre-empt recommend	0.1315661966800689	0.1315661966800689	2.9261393547058105	2.9261393547058105
2673	gpt2	2674	1337	14	recommend	obj_rel	expected	The officer that the managers pre-empt recommends	0.1315661966800689	0.1315661966800689	2.9261393547058105	2.9261393547058105
2674	gpt2	2675	1338	14	reconcile	obj_rel	unexpected	The officer that the managers pre-empt reconcile	0.1315661966800689	0.1315661966800689	2.9261393547058105	2.9261393547058105
2675	gpt2	2676	1338	14	reconcile	obj_rel	expected	The officer that the managers pre-empt reconciles	0.1315661966800689	0.1315661966800689	2.9261393547058105	2.9261393547058105
2676	gpt2	2677	1339	14	reconnect	obj_rel	unexpected	The officer that the managers pre-empt reconnect	0.1315661966800689	0.1315661966800689	2.9261393547058105	2.9261393547058105
2677	gpt2	2678	1339	14	reconnect	obj_rel	expected	The officer that the managers pre-empt reconnects	0.1315661966800689	0.1315661966800689	2.9261393547058105	2.9261393547058105
2678	gpt2	2679	1340	14	reconsider	obj_rel	unexpected	The officer that the managers pre-empt reconsider	0.1315661966800689	0.1315661966800689	2.9261393547058105	2.9261393547058105
2679	gpt2	2680	1340	14	reconsider	obj_rel	expected	The officer that the managers pre-empt reconsiders	0.1315661966800689	0.1315661966800689	2.9261393547058105	2.9261393547058105
2680	gpt2	2681	1341	14	reconstruct	obj_rel	unexpected	The officer that the managers pre-empt reconstruct	0.1315661966800689	0.1315661966800689	2.9261393547058105	2.9261393547058105
2681	gpt2	2682	1341	14	reconstruct	obj_rel	expected	The officer that the managers pre-empt reconstructs	0.1315661966800689	0.1315661966800689	2.9261393547058105	2.9261393547058105
2682	gpt2	2683	1342	14	record	obj_rel	unexpected	The officer that the managers pre-empt record	0.1315661966800689	0.1315661966800689	2.9261393547058105	2.9261393547058105
2683	gpt2	2684	1342	14	record	obj_rel	expected	The officer that the managers pre-empt records	0.1315661966800689	0.1315661966800689	2.9261393547058105	2.9261393547058105
2684	gpt2	2685	1343	14	recoup	obj_rel	unexpected	The officer that the managers pre-empt recoup	0.1315661966800689	0.1315661966800689	2.9261393547058105	2.9261393547058105
2685	gpt2	2686	1343	14	recoup	obj_rel	expected	The officer that the managers pre-empt recoups	0.1315661966800689	0.1315661966800689	2.9261393547058105	2.9261393547058105
2686	gpt2	2687	1344	14	recover	obj_rel	unexpected	The officer that the managers pre-empt recover	0.1315661966800689	0.1315661966800689	2.9261393547058105	2.9261393547058105
2687	gpt2	2688	1344	14	recover	obj_rel	expected	The officer that the managers pre-empt recovers	0.1315661966800689	0.1315661966800689	2.9261393547058105	2.9261393547058105
2688	gpt2	2689	1345	14	recraft	obj_rel	unexpected	The officer that the managers pre-empt recraft	0.1315661966800689	0.1315661966800689	2.9261393547058105	2.9261393547058105
2689	gpt2	2690	1345	14	recraft	obj_rel	expected	The officer that the managers pre-empt recrafts	0.1315661966800689	0.1315661966800689	2.9261393547058105	2.9261393547058105
2690	gpt2	2691	1346	14	recreate	obj_rel	unexpected	The officer that the managers pre-empt recreate	0.1315661966800689	0.1315661966800689	2.9261393547058105	2.9261393547058105
2691	gpt2	2692	1346	14	recreate	obj_rel	expected	The officer that the managers pre-empt recreates	0.1315661966800689	0.1315661966800689	2.9261393547058105	2.9261393547058105
2692	gpt2	2693	1347	14	recycle	obj_rel	unexpected	The officer that the managers pre-empt recycle	0.1315661966800689	0.1315661966800689	2.9261393547058105	2.9261393547058105
2693	gpt2	2694	1347	14	recycle	obj_rel	expected	The officer that the managers pre-empt recycles	0.1315661966800689	0.1315661966800689	2.9261393547058105	2.9261393547058105
2694	gpt2	2695	1348	14	redden	obj_rel	unexpected	The officer that the managers pre-empt redden	0.1315661966800689	0.1315661966800689	2.9261393547058105	2.9261393547058105
2695	gpt2	2696	1348	14	redden	obj_rel	expected	The officer that the managers pre-empt reddens	0.1315661966800689	0.1315661966800689	2.9261393547058105	2.9261393547058105
2696	gpt2	2697	1349	14	redeem	obj_rel	unexpected	The officer that the managers pre-empt redeem	0.1315661966800689	0.1315661966800689	2.9261393547058105	2.9261393547058105
2697	gpt2	2698	1349	14	redeem	obj_rel	expected	The officer that the managers pre-empt redeems	0.1315661966800689	0.1315661966800689	2.9261393547058105	2.9261393547058105
2698	gpt2	2699	1350	14	redefine	obj_rel	unexpected	The officer that the managers pre-empt redefine	0.1315661966800689	0.1315661966800689	2.9261393547058105	2.9261393547058105
2699	gpt2	2700	1350	14	redefine	obj_rel	expected	The officer that the managers pre-empt redefines	0.1315661966800689	0.1315661966800689	2.9261393547058105	2.9261393547058105
2700	gpt2	2701	1351	14	redesign	obj_rel	unexpected	The officer that the managers pre-empt redesign	0.1315661966800689	0.1315661966800689	2.9261393547058105	2.9261393547058105
2701	gpt2	2702	1351	14	redesign	obj_rel	expected	The officer that the managers pre-empt redesigns	0.1315661966800689	0.1315661966800689	2.9261393547058105	2.9261393547058105
2702	gpt2	2703	1352	14	redevelop	obj_rel	unexpected	The officer that the managers pre-empt redevelop	0.1315661966800689	0.1315661966800689	2.9261393547058105	2.9261393547058105
2703	gpt2	2704	1352	14	redevelop	obj_rel	expected	The officer that the managers pre-empt redevelops	0.1315661966800689	0.1315661966800689	2.9261393547058105	2.9261393547058105
2704	gpt2	2705	1353	14	redial	obj_rel	unexpected	The officer that the managers pre-empt redial	0.1315661966800689	0.1315661966800689	2.9261393547058105	2.9261393547058105
2705	gpt2	2706	1353	14	redial	obj_rel	expected	The officer that the managers pre-empt redials	0.1315661966800689	0.1315661966800689	2.9261393547058105	2.9261393547058105
2706	gpt2	2707	1354	14	rediscover	obj_rel	unexpected	The officer that the managers pre-empt rediscover	0.1315661966800689	0.1315661966800689	2.9261393547058105	2.9261393547058105
2707	gpt2	2708	1354	14	rediscover	obj_rel	expected	The officer that the managers pre-empt rediscovers	0.1315661966800689	0.1315661966800689	2.9261393547058105	2.9261393547058105
2708	gpt2	2709	1355	14	redound	obj_rel	unexpected	The officer that the managers pre-empt redound	0.1315661966800689	0.1315661966800689	2.9261393547058105	2.9261393547058105
2709	gpt2	2710	1355	14	redound	obj_rel	expected	The officer that the managers pre-empt redounds	0.1315661966800689	0.1315661966800689	2.9261393547058105	2.9261393547058105
2710	gpt2	2711	1356	14	redo	obj_rel	unexpected	The officer that the managers pre-empt redo	0.1315661966800689	0.1315661966800689	2.9261393547058105	2.9261393547058105
2711	gpt2	2712	1356	14	redo	obj_rel	expected	The officer that the managers pre-empt redoes	0.1315661966800689	0.1315661966800689	2.9261393547058105	2.9261393547058105
2712	gpt2	2713	1357	14	redraw	obj_rel	unexpected	The officer that the managers pre-empt redraw	0.1315661966800689	0.1315661966800689	2.9261393547058105	2.9261393547058105
2713	gpt2	2714	1357	14	redraw	obj_rel	expected	The officer that the managers pre-empt redraws	0.1315661966800689	0.1315661966800689	2.9261393547058105	2.9261393547058105
2714	gpt2	2715	1358	14	reduce	obj_rel	unexpected	The officer that the managers pre-empt reduce	0.1315661966800689	0.1315661966800689	2.9261393547058105	2.9261393547058105
2715	gpt2	2716	1358	14	reduce	obj_rel	expected	The officer that the managers pre-empt reduces	0.1315661966800689	0.1315661966800689	2.9261393547058105	2.9261393547058105
2716	gpt2	2717	1359	14	re-emerge	obj_rel	unexpected	The officer that the managers pre-empt re-emerge	0.1315661966800689	0.1315661966800689	2.9261393547058105	2.9261393547058105
2717	gpt2	2718	1359	14	re-emerge	obj_rel	expected	The officer that the managers pre-empt re-emerges	0.1315661966800689	0.1315661966800689	2.9261393547058105	2.9261393547058105
2718	gpt2	2719	1360	14	re-enter	obj_rel	unexpected	The officer that the managers pre-empt re-enter	0.1315661966800689	0.1315661966800689	2.9261393547058105	2.9261393547058105
2719	gpt2	2720	1360	14	re-enter	obj_rel	expected	The officer that the managers pre-empt re-enters	0.1315661966800689	0.1315661966800689	2.9261393547058105	2.9261393547058105
2720	gpt2	2721	1361	14	re-establish	obj_rel	unexpected	The officer that the managers pre-empt re-establish	0.1315661966800689	0.1315661966800689	2.9261393547058105	2.9261393547058105
2721	gpt2	2722	1361	14	re-establish	obj_rel	expected	The officer that the managers pre-empt re-establishes	0.1315661966800689	0.1315661966800689	2.9261393547058105	2.9261393547058105
2722	gpt2	2723	1362	14	reestablish	obj_rel	unexpected	The officer that the managers pre-empt reestablish	0.1315661966800689	0.1315661966800689	2.9261393547058105	2.9261393547058105
2723	gpt2	2724	1362	14	reestablish	obj_rel	expected	The officer that the managers pre-empt reestablishes	0.1315661966800689	0.1315661966800689	2.9261393547058105	2.9261393547058105
2724	gpt2	2725	1363	14	re-evaluate	obj_rel	unexpected	The officer that the managers pre-empt re-evaluate	0.1315661966800689	0.1315661966800689	2.9261393547058105	2.9261393547058105
2725	gpt2	2726	1363	14	re-evaluate	obj_rel	expected	The officer that the managers pre-empt re-evaluates	0.1315661966800689	0.1315661966800689	2.9261393547058105	2.9261393547058105
2726	gpt2	2727	1364	14	re-examine	obj_rel	unexpected	The officer that the managers pre-empt re-examine	0.1315661966800689	0.1315661966800689	2.9261393547058105	2.9261393547058105
2727	gpt2	2728	1364	14	re-examine	obj_rel	expected	The officer that the managers pre-empt re-examines	0.1315661966800689	0.1315661966800689	2.9261393547058105	2.9261393547058105
2728	gpt2	2729	1365	14	refer	obj_rel	unexpected	The officer that the managers pre-empt refer	0.1315661966800689	0.1315661966800689	2.9261393547058105	2.9261393547058105
2729	gpt2	2730	1365	14	refer	obj_rel	expected	The officer that the managers pre-empt refers	0.1315661966800689	0.1315661966800689	2.9261393547058105	2.9261393547058105
2730	gpt2	2731	1366	14	refinance	obj_rel	unexpected	The officer that the managers pre-empt refinance	0.1315661966800689	0.1315661966800689	2.9261393547058105	2.9261393547058105
2731	gpt2	2732	1366	14	refinance	obj_rel	expected	The officer that the managers pre-empt refinances	0.1315661966800689	0.1315661966800689	2.9261393547058105	2.9261393547058105
2732	gpt2	2733	1367	14	refine	obj_rel	unexpected	The officer that the managers pre-empt refine	0.1315661966800689	0.1315661966800689	2.9261393547058105	2.9261393547058105
2733	gpt2	2734	1367	14	refine	obj_rel	expected	The officer that the managers pre-empt refines	0.1315661966800689	0.1315661966800689	2.9261393547058105	2.9261393547058105
2734	gpt2	2735	1368	14	reflect	obj_rel	unexpected	The officer that the managers pre-empt reflect	0.1315661966800689	0.1315661966800689	2.9261393547058105	2.9261393547058105
2735	gpt2	2736	1368	14	reflect	obj_rel	expected	The officer that the managers pre-empt reflects	0.1315661966800689	0.1315661966800689	2.9261393547058105	2.9261393547058105
2736	gpt2	2737	1369	14	refocuses	obj_rel	unexpected	The officer that the managers pre-empt refocuses	0.1315661966800689	0.1315661966800689	2.9261393547058105	2.9261393547058105
2737	gpt2	2738	1369	14	refocuses	obj_rel	expected	The officer that the managers pre-empt refocuseses	0.1315661966800689	0.1315661966800689	2.9261393547058105	2.9261393547058105
2738	gpt2	2739	1370	15	refocus	obj_rel	unexpected	The officers that the surgeon swears refocuses	0.27609038514030243	0.27609038514030243	10.428266942501068	10.428266942501068
2739	gpt2	2740	1370	15	refocus	obj_rel	expected	The officers that the surgeon swears refocus	0.000331591756889784	0.000331591756889784	14.359851837158203	14.359851837158203
2740	gpt2	2741	1371	15	reform	obj_rel	unexpected	The officers that the surgeon swears reforms	3.534546237915493e-07	3.534546237915493e-07	21.43197250366211	21.43197250366211
2741	gpt2	2742	1371	15	reform	obj_rel	expected	The officers that the surgeon swears reform	1.4217106354408315e-06	1.4217106354408315e-06	19.423940658569336	19.423940658569336
2742	gpt2	2743	1372	15	refrain	obj_rel	unexpected	The officers that the surgeon swears refrains	0.3298098707263459	0.3298098707263459	8.259996386244893	8.259996386244893
2743	gpt2	2744	1372	15	refrain	obj_rel	expected	The officers that the surgeon swears refrain	9.932108469001832e-07	9.932108469001832e-07	19.94139671325684	19.94139671325684
2744	gpt2	2745	1373	15	refund	obj_rel	unexpected	The officers that the surgeon swears refunds	8.17301142319593e-08	8.17301142319593e-08	23.544557571411133	23.544557571411133
2745	gpt2	2746	1373	15	refund	obj_rel	expected	The officers that the surgeon swears refund	8.2901709674843e-07	8.2901709674843e-07	20.20209503173828	20.20209503173828
2746	gpt2	2747	1374	15	refurbish	obj_rel	unexpected	The officers that the surgeon swears refurbishes	0.0017705448261011252	0.0017705448261011252	15.826393604278564	15.826393604278564
2747	gpt2	2748	1374	15	refurbish	obj_rel	expected	The officers that the surgeon swears refurbish	0.014857907692018526	0.014857907692018526	14.291895627975464	14.291895627975464
2748	gpt2	2749	1375	15	refuse	obj_rel	unexpected	The officers that the surgeon swears refuses	6.127570486569312e-06	6.127570486569312e-06	17.316253662109375	17.316253662109375
2749	gpt2	2750	1375	15	refuse	obj_rel	expected	The officers that the surgeon swears refuse	3.1253275665221736e-05	3.1253275665221736e-05	14.965633392333984	14.965633392333984
2750	gpt2	2751	1376	15	refute	obj_rel	unexpected	The officers that the surgeon swears refutes	0.018630553735761134	0.018630553735761134	11.450119733810425	11.450119733810425
2751	gpt2	2752	1376	15	refute	obj_rel	expected	The officers that the surgeon swears refute	2.204425754825934e-06	2.204425754825934e-06	18.791166305541992	18.791166305541992
2752	gpt2	2753	1377	15	regain	obj_rel	unexpected	The officers that the surgeon swears regains	0.020684014607468226	0.020684014607468226	10.173017024993896	10.173017024993896
2753	gpt2	2754	1377	15	regain	obj_rel	expected	The officers that the surgeon swears regain	2.397695766376273e-07	2.397695766376273e-07	21.99184799194336	21.99184799194336
2754	gpt2	2755	1378	15	regard	obj_rel	unexpected	The officers that the surgeon swears regards	1.347137526863662e-06	1.347137526863662e-06	19.501670837402344	19.501670837402344
2755	gpt2	2756	1378	15	regard	obj_rel	expected	The officers that the surgeon swears regard	1.2893962093585287e-06	1.2893962093585287e-06	19.56487274169922	19.56487274169922
2756	gpt2	2757	1379	15	regenerate	obj_rel	unexpected	The officers that the surgeon swears regenerates	0.0289534084665206	0.0289534084665206	11.874524354934692	11.874524354934692
2757	gpt2	2758	1379	15	regenerate	obj_rel	expected	The officers that the surgeon swears regenerate	4.5879528443038e-07	4.5879528443038e-07	21.055646896362305	21.055646896362305
2758	gpt2	2759	1380	15	register	obj_rel	unexpected	The officers that the surgeon swears registers	6.695142218404726e-08	6.695142218404726e-08	23.83230972290039	23.83230972290039
2759	gpt2	2760	1380	15	register	obj_rel	expected	The officers that the surgeon swears register	5.534423053177306e-07	5.534423053177306e-07	20.785062789916992	20.785062789916992
2760	gpt2	2761	1381	15	regret	obj_rel	unexpected	The officers that the surgeon swears regrets	2.2645053832093254e-07	2.2645053832093254e-07	22.07430076599121	22.07430076599121
2761	gpt2	2762	1381	15	regret	obj_rel	expected	The officers that the surgeon swears regret	2.1723035388276912e-06	2.1723035388276912e-06	18.81234359741211	18.81234359741211
2762	gpt2	2763	1382	15	regroup	obj_rel	unexpected	The officers that the surgeon swears regroups	0.00026597790747472463	0.00026597790747472463	13.338268280029297	13.338268280029297
2763	gpt2	2764	1382	15	regroup	obj_rel	expected	The officers that the surgeon swears regroup	0.011427992556491474	0.011427992556491474	10.601245403289795	10.601245403289795
2764	gpt2	2765	1383	15	regulate	obj_rel	unexpected	The officers that the surgeon swears regulates	5.2893476265580837e-08	5.2893476265580837e-08	24.172334671020508	24.172334671020508
2765	gpt2	2766	1383	15	regulate	obj_rel	expected	The officers that the surgeon swears regulate	7.220782549666183e-07	7.220782549666183e-07	20.401342391967773	20.401342391967773
2766	gpt2	2767	1384	15	rehabilitate	obj_rel	unexpected	The officers that the surgeon swears rehabilitates	0.009421800830295974	0.009421800830295974	12.23240065574646	12.23240065574646
2767	gpt2	2768	1384	15	rehabilitate	obj_rel	expected	The officers that the surgeon swears rehabilitate	0.10125914831542103	0.10125914831542103	10.519368171691895	10.519368171691895
2768	gpt2	2769	1385	15	reignite	obj_rel	unexpected	The officers that the surgeon swears reignites	0.0012933733457742454	0.0012933733457742454	15.096201419830322	15.096201419830322
2769	gpt2	2770	1385	15	reignite	obj_rel	expected	The officers that the surgeon swears reignite	0.1362590726282491	0.1362590726282491	11.736579656600952	11.736579656600952
2770	gpt2	2771	1386	15	reimburse	obj_rel	unexpected	The officers that the surgeon swears reimburses	0.00887096589713108	0.00887096589713108	12.332858800888062	12.332858800888062
2771	gpt2	2772	1386	15	reimburse	obj_rel	expected	The officers that the surgeon swears reimburse	1.0043743259302571e-06	1.0043743259302571e-06	19.92527198791504	19.92527198791504
2772	gpt2	2773	1387	15	reimpose	obj_rel	unexpected	The officers that the surgeon swears reimposes	0.00103649056538299	0.00103649056538299	15.779238224029541	15.779238224029541
2773	gpt2	2774	1387	15	reimpose	obj_rel	expected	The officers that the surgeon swears reimpose	0.04566068751293524	0.04566068751293524	13.048599362373352	13.048599362373352
2774	gpt2	2775	1388	15	reinforce	obj_rel	unexpected	The officers that the surgeon swears reinforces	1.426778908353299e-07	1.426778908353299e-07	22.7407341003418	22.7407341003418
2775	gpt2	2776	1388	15	reinforce	obj_rel	expected	The officers that the surgeon swears reinforce	6.059483439457836e-07	6.059483439457836e-07	20.6543025970459	20.6543025970459
2776	gpt2	2777	1389	15	reinstate	obj_rel	unexpected	The officers that the surgeon swears reinstates	0.0036903125401295043	0.0036903125401295043	12.561773777008057	12.561773777008057
2777	gpt2	2778	1389	15	reinstate	obj_rel	expected	The officers that the surgeon swears reinstate	0.12893096256811987	0.12893096256811987	9.998065531253815	9.998065531253815
2778	gpt2	2779	1390	15	rein	obj_rel	unexpected	The officers that the surgeon swears reins	2.569684340869572e-07	2.569684340869572e-07	21.891904830932617	21.891904830932617
2779	gpt2	2780	1390	15	rein	obj_rel	expected	The officers that the surgeon swears rein	3.7083736970089376e-06	3.7083736970089376e-06	18.040781021118164	18.040781021118164
2780	gpt2	2781	1391	15	reinvent	obj_rel	unexpected	The officers that the surgeon swears reinvents	0.03229098792993074	0.03229098792993074	9.36394206682841	9.36394206682841
2781	gpt2	2782	1391	15	reinvent	obj_rel	expected	The officers that the surgeon swears reinvent	4.2577696035550616e-08	4.2577696035550616e-08	24.485326766967773	24.485326766967773
2782	gpt2	2783	1392	15	reinvest	obj_rel	unexpected	The officers that the surgeon swears reinvests	0.028868263691644303	0.028868263691644303	10.68349035580953	10.68349035580953
2783	gpt2	2784	1392	15	reinvest	obj_rel	expected	The officers that the surgeon swears reinvest	3.059781761294289e-07	3.059781761294289e-07	21.64006805419922	21.64006805419922
2784	gpt2	2785	1393	15	reinvigorate	obj_rel	unexpected	The officers that the surgeon swears reinvigorates	0.19333214332255008	0.19333214332255008	7.68310284614563	7.68310284614563
2785	gpt2	2786	1393	15	reinvigorate	obj_rel	expected	The officers that the surgeon swears reinvigorate	0.28973716633299773	0.28973716633299773	6.084750194102526	6.084750194102526
2786	gpt2	2787	1394	15	reject	obj_rel	unexpected	The officers that the surgeon swears rejects	2.990886684983707e-07	2.990886684983707e-07	21.672924041748047	21.672924041748047
2787	gpt2	2788	1394	15	reject	obj_rel	expected	The officers that the surgeon swears reject	2.637265424709767e-06	2.637265424709767e-06	18.53252601623535	18.53252601623535
2788	gpt2	2789	1395	15	rejoin	obj_rel	unexpected	The officers that the surgeon swears rejoins	0.0005218713768897073	0.0005218713768897073	15.04790449142456	15.04790449142456
2789	gpt2	2790	1395	15	rejoin	obj_rel	expected	The officers that the surgeon swears rejoin	0.004316876097618654	0.004316876097618654	11.23388934135437	11.23388934135437
2790	gpt2	2791	1396	15	rejuvenate	obj_rel	unexpected	The officers that the surgeon swears rejuvenates	0.0032197889337552596	0.0032197889337552596	15.32048988342285	15.32048988342285
2791	gpt2	2792	1396	15	rejuvenate	obj_rel	expected	The officers that the surgeon swears rejuvenate	0.03213320094405246	0.03213320094405246	13.660967111587523	13.660967111587523
2792	gpt2	2793	1397	15	rekindle	obj_rel	unexpected	The officers that the surgeon swears rekindles	0.0009270128266507029	0.0009270128266507029	11.549116134643555	11.549116134643555
2793	gpt2	2794	1397	15	rekindle	obj_rel	expected	The officers that the surgeon swears rekindle	0.01770451698454657	0.01770451698454657	9.876142183939615	9.876142183939615
2794	gpt2	2795	1398	15	relate	obj_rel	unexpected	The officers that the surgeon swears relates	1.9402998532314086e-06	1.9402998532314086e-06	18.97528839111328	18.97528839111328
2795	gpt2	2796	1398	15	relate	obj_rel	expected	The officers that the surgeon swears relate	2.1643721993314106e-05	2.1643721993314106e-05	15.495692253112791	15.495692253112791
2796	gpt2	2797	1399	15	relaunch	obj_rel	unexpected	The officers that the surgeon swears relaunches	0.0016828733705551574	0.0016828733705551574	11.980063120524088	11.980063120524088
2797	gpt2	2798	1399	15	relaunch	obj_rel	expected	The officers that the surgeon swears relaunch	0.0002471554057592361	0.0002471554057592361	14.818050861358643	14.818050861358643
2798	gpt2	2799	1400	15	relax	obj_rel	unexpected	The officers that the surgeon swears relaxes	0.0038095893783846755	0.0038095893783846755	14.621225357055664	14.621225357055664
2799	gpt2	2800	1400	15	relax	obj_rel	expected	The officers that the surgeon swears relax	2.066564519509484e-07	2.066564519509484e-07	22.206262588500977	22.206262588500977
2800	gpt2	2801	1401	15	release	obj_rel	unexpected	The officers that the surgeon swears releases	1.690777935436927e-07	1.690777935436927e-07	22.49580955505371	22.49580955505371
2801	gpt2	2802	1401	15	release	obj_rel	expected	The officers that the surgeon swears release	2.9272380288603017e-06	2.9272380288603017e-06	18.382028579711918	18.382028579711918
2802	gpt2	2803	1402	15	relieve	obj_rel	unexpected	The officers that the surgeon swears relieves	0.26826546610368496	0.26826546610368496	8.987685829401016	8.987685829401016
2803	gpt2	2804	1402	15	relieve	obj_rel	expected	The officers that the surgeon swears relieve	2.820557710947469e-06	2.820557710947469e-06	18.43558883666992	18.43558883666992
2804	gpt2	2805	1403	15	relinquish	obj_rel	unexpected	The officers that the surgeon swears relinquishes	0.0008603874507571018	0.0008603874507571018	13.924368858337402	13.924368858337402
2805	gpt2	2806	1403	15	relinquish	obj_rel	expected	The officers that the surgeon swears relinquish	0.06788436002398156	0.06788436002398156	10.772397279739378	10.772397279739378
2806	gpt2	2807	1404	15	relish	obj_rel	unexpected	The officers that the surgeon swears relishes	0.001074339993010636	0.001074339993010636	13.755324840545654	13.755324840545654
2807	gpt2	2808	1404	15	relish	obj_rel	expected	The officers that the surgeon swears relish	0.056292954980108334	0.056292954980108334	10.898805975914001	10.898805975914001
2808	gpt2	2809	1405	15	relocate	obj_rel	unexpected	The officers that the surgeon swears relocates	0.13954964646988322	0.13954964646988322	9.134955843289694	9.134955843289694
2809	gpt2	2810	1405	15	relocate	obj_rel	expected	The officers that the surgeon swears relocate	3.7341774117294335e-08	3.7341774117294335e-08	24.67463493347168	24.67463493347168
2810	gpt2	2811	1406	15	rely	obj_rel	unexpected	The officers that the surgeon swears relies	3.4036293072858825e-07	3.4036293072858825e-07	21.48642349243164	21.48642349243164
2811	gpt2	2812	1406	15	rely	obj_rel	expected	The officers that the surgeon swears rely	7.288949291250901e-06	7.288949291250901e-06	17.06585693359375	17.06585693359375
2812	gpt2	2813	1407	15	remake	obj_rel	unexpected	The officers that the surgeon swears remakes	0.00015516776500133282	0.00015516776500133282	15.410245418548584	15.410245418548584
2813	gpt2	2814	1407	15	remake	obj_rel	expected	The officers that the surgeon swears remake	4.43136762839913e-08	4.43136762839913e-08	24.42767333984375	24.42767333984375
2814	gpt2	2815	1408	15	remain	obj_rel	unexpected	The officers that the surgeon swears remains	6.544597908941796e-06	6.544597908941796e-06	17.221263885498047	17.221263885498047
2815	gpt2	2816	1408	15	remain	obj_rel	expected	The officers that the surgeon swears remain	4.849991455557756e-05	4.849991455557756e-05	14.331658363342283	14.331658363342283
2816	gpt2	2817	1409	15	remark	obj_rel	unexpected	The officers that the surgeon swears remarks	6.253501965147734e-07	6.253501965147734e-07	20.60883140563965	20.60883140563965
2817	gpt2	2818	1409	15	remark	obj_rel	expected	The officers that the surgeon swears remark	6.624089792239829e-07	6.624089792239829e-07	20.525774002075195	20.525774002075195
2818	gpt2	2819	1410	15	remedy	obj_rel	unexpected	The officers that the surgeon swears remedies	2.4709208901185775e-07	2.4709208901185775e-07	21.948448181152344	21.948448181152344
2819	gpt2	2820	1410	15	remedy	obj_rel	expected	The officers that the surgeon swears remedy	4.441303644853178e-07	4.441303644853178e-07	21.102514266967773	21.102514266967773
2820	gpt2	2821	1411	15	remember	obj_rel	unexpected	The officers that the surgeon swears remembers	1.984585878744838e-06	1.984585878744838e-06	18.94272994995117	18.94272994995117
2821	gpt2	2822	1411	15	remember	obj_rel	expected	The officers that the surgeon swears remember	2.4438135369564407e-05	2.4438135369564407e-05	15.32050609588623	15.32050609588623
2822	gpt2	2823	1412	15	remind	obj_rel	unexpected	The officers that the surgeon swears reminds	3.652954490007687e-07	3.652954490007687e-07	21.38443374633789	21.38443374633789
2823	gpt2	2824	1412	15	remind	obj_rel	expected	The officers that the surgeon swears remind	3.082711145907524e-06	3.082711145907524e-06	18.30736923217773	18.30736923217773
2824	gpt2	2825	1413	15	remove	obj_rel	unexpected	The officers that the surgeon swears removes	4.810187874682015e-07	4.810187874682015e-07	20.987403869628903	20.987403869628903
2825	gpt2	2826	1413	15	remove	obj_rel	expected	The officers that the surgeon swears remove	1.1787255061790349e-05	1.1787255061790349e-05	16.372411727905273	16.372411727905273
2826	gpt2	2827	1414	15	renege	obj_rel	unexpected	The officers that the surgeon swears reneges	0.012527593630390237	0.012527593630390237	10.426847139994303	10.426847139994303
2827	gpt2	2828	1414	15	renege	obj_rel	expected	The officers that the surgeon swears renege	0.023192033739784734	0.023192033739784734	8.43537982304891	8.43537982304891
2828	gpt2	2829	1415	15	renegotiate	obj_rel	unexpected	The officers that the surgeon swears renegotiates	0.0029573063048324733	0.0029573063048324733	15.916864871978762	15.916864871978762
2829	gpt2	2830	1415	15	renegotiate	obj_rel	expected	The officers that the surgeon swears renegotiate	0.021960444483791974	0.021960444483791974	14.47058439254761	14.47058439254761
2830	gpt2	2831	1416	15	renew	obj_rel	unexpected	The officers that the surgeon swears renews	0.004907051023735675	0.004907051023735675	14.614695549011232	14.614695549011232
2831	gpt2	2832	1416	15	renew	obj_rel	expected	The officers that the surgeon swears renew	1.6189494544960328e-07	1.6189494544960328e-07	22.558439254760746	22.558439254760746
2832	gpt2	2833	1417	15	renounce	obj_rel	unexpected	The officers that the surgeon swears renounces	0.0012044586646879608	0.0012044586646879608	13.95126247406006	13.95126247406006
2833	gpt2	2834	1417	15	renounce	obj_rel	expected	The officers that the surgeon swears renounce	0.09949351930390546	0.09949351930390546	10.766699790954592	10.766699790954592
2834	gpt2	2835	1418	15	renovate	obj_rel	unexpected	The officers that the surgeon swears renovates	0.00514371733037675	0.00514371733037675	15.643109560012817	15.643109560012817
2835	gpt2	2836	1418	15	renovate	obj_rel	expected	The officers that the surgeon swears renovate	0.3154759294618472	0.3154759294618472	12.673819541931152	12.673819541931152
2836	gpt2	2837	1419	15	rent	obj_rel	unexpected	The officers that the surgeon swears rents	2.955104427826427e-08	2.955104427826427e-08	25.01221466064453	25.01221466064453
2837	gpt2	2838	1419	15	rent	obj_rel	expected	The officers that the surgeon swears rent	2.6801134822562744e-07	2.6801134822562744e-07	21.831201553344727	21.831201553344727
2838	gpt2	2839	1420	15	reopen	obj_rel	unexpected	The officers that the surgeon swears reopens	0.00014908526736685427	0.00014908526736685427	13.710224628448486	13.710224628448486
2839	gpt2	2840	1420	15	reopen	obj_rel	expected	The officers that the surgeon swears reopen	2.690849498776515e-07	2.690849498776515e-07	21.82543563842773	21.82543563842773
2840	gpt2	2841	1421	15	reorganize	obj_rel	unexpected	The officers that the surgeon swears reorganizes	0.004948157161376085	0.004948157161376085	15.732724428176878	15.732724428176878
2841	gpt2	2842	1421	15	reorganize	obj_rel	expected	The officers that the surgeon swears reorganize	0.1975955090447279	0.1975955090447279	13.072964549064634	13.072964549064634
2842	gpt2	2843	1422	15	repair	obj_rel	unexpected	The officers that the surgeon swears repairs	1.1293345778540242e-06	1.1293345778540242e-06	19.75609588623047	19.75609588623047
2843	gpt2	2844	1422	15	repair	obj_rel	expected	The officers that the surgeon swears repair	2.012135610129917e-06	2.012135610129917e-06	18.922840118408203	18.922840118408203
2844	gpt2	2845	1423	15	repatriate	obj_rel	unexpected	The officers that the surgeon swears repatriates	0.00976111527575083	0.00976111527575083	13.245167970657349	13.245167970657349
2845	gpt2	2846	1423	15	repatriate	obj_rel	expected	The officers that the surgeon swears repatriate	0.03313484761906693	0.03313484761906693	12.363538265228271	12.363538265228271
2846	gpt2	2847	1424	15	repay	obj_rel	unexpected	The officers that the surgeon swears repays	0.0005803276462756687	0.0005803276462756687	12.8815016746521	12.8815016746521
2847	gpt2	2848	1424	15	repay	obj_rel	expected	The officers that the surgeon swears repay	3.276636562077329e-07	3.276636562077329e-07	21.54128074645996	21.54128074645996
2848	gpt2	2849	1425	15	repeal	obj_rel	unexpected	The officers that the surgeon swears repeals	0.00013852869051332784	0.00013852869051332784	14.373414039611816	14.373414039611816
2849	gpt2	2850	1425	15	repeal	obj_rel	expected	The officers that the surgeon swears repeal	4.896759833172837e-07	4.896759833172837e-07	20.961669921875	20.961669921875
2850	gpt2	2851	1426	15	repeat	obj_rel	unexpected	The officers that the surgeon swears repeats	4.273129761145356e-08	4.273129761145356e-08	24.480131149291992	24.480131149291992
2851	gpt2	2852	1426	15	repeat	obj_rel	expected	The officers that the surgeon swears repeat	1.5975213045749117e-06	1.5975213045749117e-06	19.255733489990234	19.255733489990234
2852	gpt2	2853	1427	15	repel	obj_rel	unexpected	The officers that the surgeon swears repels	0.0019414835869610686	0.0019414835869610686	12.003652572631836	12.003652572631836
2853	gpt2	2854	1427	15	repel	obj_rel	expected	The officers that the surgeon swears repel	0.011762082579480169	0.011762082579480169	10.701812744140625	10.701812744140625
2854	gpt2	2855	1428	15	replace	obj_rel	unexpected	The officers that the surgeon swears replaces	1.6927526758081513e-07	1.6927526758081513e-07	22.494125366210938	22.494125366210938
2855	gpt2	2856	1428	15	replace	obj_rel	expected	The officers that the surgeon swears replace	1.7340532849630108e-06	1.7340532849630108e-06	19.137420654296875	19.137420654296875
2856	gpt2	2857	1429	15	replaster	obj_rel	unexpected	The officers that the surgeon swears replasters	6.966316900046388e-05	6.966316900046388e-05	16.560489177703857	16.560489177703857
2857	gpt2	2858	1429	15	replaster	obj_rel	expected	The officers that the surgeon swears replaster	0.0002641687391076139	0.0002641687391076139	15.5960373878479	15.5960373878479
2858	gpt2	2859	1430	15	replenish	obj_rel	unexpected	The officers that the surgeon swears replenishes	0.003935350729918195	0.003935350729918195	14.719897985458376	14.719897985458376
2859	gpt2	2860	1430	15	replenish	obj_rel	expected	The officers that the surgeon swears replenish	0.055041672355329745	0.055041672355329745	12.81690299510956	12.81690299510956
2860	gpt2	2861	1431	15	replicate	obj_rel	unexpected	The officers that the surgeon swears replicates	0.014872403633802364	0.014872403633802364	12.687483310699463	12.687483310699463
2861	gpt2	2862	1431	15	replicate	obj_rel	expected	The officers that the surgeon swears replicate	2.755417938260507e-07	2.755417938260507e-07	21.79122543334961	21.79122543334961
2862	gpt2	2863	1432	15	reply	obj_rel	unexpected	The officers that the surgeon swears replies	2.848572648872505e-07	2.848572648872505e-07	21.743257522583008	21.743257522583008
2863	gpt2	2864	1432	15	reply	obj_rel	expected	The officers that the surgeon swears reply	1.4918330748514566e-07	1.4918330748514566e-07	22.676410675048828	22.676410675048828
2864	gpt2	2865	1433	15	repond	obj_rel	unexpected	The officers that the surgeon swears reponds	4.3521557927306276e-05	4.3521557927306276e-05	14.880220890045166	14.880220890045166
2865	gpt2	2866	1433	15	repond	obj_rel	expected	The officers that the surgeon swears repond	0.00017631970968066873	0.00017631970968066873	13.763313293457031	13.763313293457031
2866	gpt2	2867	1434	15	report	obj_rel	unexpected	The officers that the surgeon swears reports	6.842634320491925e-06	6.842634320491925e-06	17.15701675415039	17.15701675415039
2867	gpt2	2868	1434	15	report	obj_rel	expected	The officers that the surgeon swears report	5.1340368372621015e-05	5.1340368372621015e-05	14.249547004699709	14.249547004699709
2868	gpt2	2869	1435	15	reposition	obj_rel	unexpected	The officers that the surgeon swears repositions	0.03980433739282788	0.03980433739282788	9.458396911621094	9.458396911621094
2869	gpt2	2870	1435	15	reposition	obj_rel	expected	The officers that the surgeon swears reposition	0.0002324189290447687	0.0002324189290447687	13.556174278259277	13.556174278259277
2870	gpt2	2871	1436	15	repossess	obj_rel	unexpected	The officers that the surgeon swears repossesses	0.0028311666119406795	0.0028311666119406795	10.586623986562094	10.586623986562094
2871	gpt2	2872	1436	15	repossess	obj_rel	expected	The officers that the surgeon swears repossess	0.005697062706531113	0.005697062706531113	10.039097309112549	10.039097309112549
2872	gpt2	2873	1437	15	represent	obj_rel	unexpected	The officers that the surgeon swears represents	5.623532160825562e-06	5.623532160825562e-06	17.440092086791992	17.440092086791992
2873	gpt2	2874	1437	15	represent	obj_rel	expected	The officers that the surgeon swears represent	4.5446886360878125e-05	4.5446886360878125e-05	14.425458908081056	14.425458908081056
2874	gpt2	2875	1438	15	reproduce	obj_rel	unexpected	The officers that the surgeon swears reproduces	0.11613068518374799	0.11613068518374799	11.494317054748535	11.494317054748535
2875	gpt2	2876	1438	15	reproduce	obj_rel	expected	The officers that the surgeon swears reproduce	1.7545396246987369e-07	1.7545396246987369e-07	22.44240379333496	22.44240379333496
2876	gpt2	2877	1439	15	repurchase	obj_rel	unexpected	The officers that the surgeon swears repurchases	0.002576577676639591	0.002576577676639591	12.58651622136434	12.58651622136434
2877	gpt2	2878	1439	15	repurchase	obj_rel	expected	The officers that the surgeon swears repurchase	7.900529726611872e-05	7.900529726611872e-05	14.383964538574219	14.383964538574219
2878	gpt2	2879	1440	15	request	obj_rel	unexpected	The officers that the surgeon swears requests	8.724824169803469e-07	8.724824169803469e-07	20.12837028503418	20.12837028503418
2879	gpt2	2880	1440	15	request	obj_rel	expected	The officers that the surgeon swears request	1.9666044863697607e-06	1.9666044863697607e-06	18.95586204528809	18.95586204528809
2880	gpt2	2881	1441	15	require	obj_rel	unexpected	The officers that the surgeon swears requires	1.0779804142657667e-06	1.0779804142657667e-06	19.82323837280273	19.82323837280273
2881	gpt2	2882	1441	15	require	obj_rel	expected	The officers that the surgeon swears require	1.4099105101195164e-05	1.4099105101195164e-05	16.114036560058594	16.114036560058594
2882	gpt2	2883	1442	15	reschedule	obj_rel	unexpected	The officers that the surgeon swears reschedules	0.00048591627629924767	0.00048591627629924767	13.979511578877768	13.979511578877768
2883	gpt2	2884	1442	15	reschedule	obj_rel	expected	The officers that the surgeon swears reschedule	0.30490296101068753	0.30490296101068753	9.024255588650703	9.024255588650703
2884	gpt2	2885	1443	15	rescind	obj_rel	unexpected	The officers that the surgeon swears rescinds	0.0033912682972640613	0.0033912682972640613	12.797073602676393	12.797073602676393
2885	gpt2	2886	1443	15	rescind	obj_rel	expected	The officers that the surgeon swears rescind	2.9119796636223327e-06	2.9119796636223327e-06	18.389568328857425	18.389568328857425
2886	gpt2	2887	1444	15	rescue	obj_rel	unexpected	The officers that the surgeon swears rescues	0.078967901388296	0.078967901388296	9.787190198898315	9.787190198898315
2887	gpt2	2888	1444	15	rescue	obj_rel	expected	The officers that the surgeon swears rescue	1.275050817639567e-05	1.275050817639567e-05	16.25908660888672	16.25908660888672
2888	gpt2	2889	1445	15	research	obj_rel	unexpected	The officers that the surgeon swears researches	0.44378075495579195	0.44378075495579195	13.385453253984453	13.385453253984453
2889	gpt2	2890	1445	15	research	obj_rel	expected	The officers that the surgeon swears research	7.025585091469111e-07	7.025585091469111e-07	20.44087791442871	20.44087791442871
2890	gpt2	2891	1446	15	resell	obj_rel	unexpected	The officers that the surgeon swears resells	0.020109014205904895	0.020109014205904895	10.95667282740275	10.95667282740275
2891	gpt2	2892	1446	15	resell	obj_rel	expected	The officers that the surgeon swears resell	0.010617737088757892	0.010617737088757892	14.09650993347168	14.09650993347168
2892	gpt2	2893	1447	15	resemble	obj_rel	unexpected	The officers that the surgeon swears resembles	2.588218990240421e-07	2.588218990240421e-07	21.88153648376465	21.88153648376465
2893	gpt2	2894	1447	15	resemble	obj_rel	expected	The officers that the surgeon swears resemble	2.353789113840321e-06	2.353789113840321e-06	18.696582794189453	18.696582794189453
2894	gpt2	2895	1448	15	resent	obj_rel	unexpected	The officers that the surgeon swears resents	0.009388792908680407	0.009388792908680407	12.231415748596191	12.231415748596191
2895	gpt2	2896	1448	15	resent	obj_rel	expected	The officers that the surgeon swears resent	7.886251864874794e-07	7.886251864874794e-07	20.27415657043457	20.27415657043457
2896	gpt2	2897	1449	15	reserve	obj_rel	unexpected	The officers that the surgeon swears reserves	2.831476990650117e-07	2.831476990650117e-07	21.751941680908203	21.751941680908203
2897	gpt2	2898	1449	15	reserve	obj_rel	expected	The officers that the surgeon swears reserve	4.356797091986664e-07	4.356797091986664e-07	21.13022804260254	21.13022804260254
2898	gpt2	2899	1450	15	reset	obj_rel	unexpected	The officers that the surgeon swears resets	0.0001917225580427576	0.0001917225580427576	15.04259729385376	15.04259729385376
2899	gpt2	2900	1450	15	reset	obj_rel	expected	The officers that the surgeon swears reset	1.8866595041799886e-07	1.8866595041799886e-07	22.337661743164062	22.337661743164062
2900	gpt2	2901	1451	15	reshape	obj_rel	unexpected	The officers that the surgeon swears reshapes	0.004306493328755278	0.004306493328755278	14.04391860961914	14.04391860961914
2901	gpt2	2902	1451	15	reshape	obj_rel	expected	The officers that the surgeon swears reshape	0.16028364980766693	0.16028364980766693	11.4349005818367	11.4349005818367
2902	gpt2	2903	1452	15	reshuffle	obj_rel	unexpected	The officers that the surgeon swears reshuffles	0.04024245496954862	0.04024245496954862	9.78641684850057	9.78641684850057
2903	gpt2	2904	1452	15	reshuffle	obj_rel	expected	The officers that the surgeon swears reshuffle	0.011195891072844678	0.011195891072844678	13.354705810546875	13.354705810546875
2904	gpt2	2905	1453	15	reside	obj_rel	unexpected	The officers that the surgeon swears resides	6.029692372067075e-07	6.029692372067075e-07	20.661413192749023	20.661413192749023
2905	gpt2	2906	1453	15	reside	obj_rel	expected	The officers that the surgeon swears reside	3.1124170618568314e-06	3.1124170618568314e-06	18.293533325195312	18.293533325195312
2906	gpt2	2907	1454	15	resign	obj_rel	unexpected	The officers that the surgeon swears resigns	0.00770766042489864	0.00770766042489864	12.317544221878052	12.317544221878052
2907	gpt2	2908	1454	15	resign	obj_rel	expected	The officers that the surgeon swears resign	2.490102133378969e-06	2.490102133378969e-06	18.61536407470703	18.61536407470703
2908	gpt2	2909	1455	15	resist	obj_rel	unexpected	The officers that the surgeon swears resists	4.632022410078207e-07	4.632022410078207e-07	21.04185485839844	21.04185485839844
2909	gpt2	2910	1455	15	resist	obj_rel	expected	The officers that the surgeon swears resist	2.511566890461836e-06	2.511566890461836e-06	18.60298156738281	18.60298156738281
2910	gpt2	2911	1456	15	resolve	obj_rel	unexpected	The officers that the surgeon swears resolves	4.718950492588192e-07	4.718950492588192e-07	21.01502990722656	21.01502990722656
2911	gpt2	2912	1456	15	resolve	obj_rel	expected	The officers that the surgeon swears resolve	8.802046522760065e-07	8.802046522760065e-07	20.115657806396484	20.115657806396484
2912	gpt2	2913	1457	15	resort	obj_rel	unexpected	The officers that the surgeon swears resorts	1.9854622834714064e-08	1.9854622834714064e-08	25.5859489440918	25.5859489440918
2913	gpt2	2914	1457	15	resort	obj_rel	expected	The officers that the surgeon swears resort	5.50973481949768e-07	5.50973481949768e-07	20.791513442993164	20.791513442993164
2914	gpt2	2915	1458	15	respect	obj_rel	unexpected	The officers that the surgeon swears respects	3.1663789741287478e-06	3.1663789741287478e-06	18.268733978271484	18.268733978271484
2915	gpt2	2916	1458	15	respect	obj_rel	expected	The officers that the surgeon swears respect	6.303345344349509e-06	6.303345344349509e-06	17.27545166015625	17.27545166015625
2916	gpt2	2917	1459	15	respond	obj_rel	unexpected	The officers that the surgeon swears responds	6.075824785511941e-07	6.075824785511941e-07	20.650415420532227	20.650415420532227
2917	gpt2	2918	1459	15	respond	obj_rel	expected	The officers that the surgeon swears respond	1.1257521691732109e-05	1.1257521691732109e-05	16.438751220703125	16.438751220703125
2918	gpt2	2919	1460	15	restart	obj_rel	unexpected	The officers that the surgeon swears restarts	2.2769996292026917e-05	2.2769996292026917e-05	16.747779846191406	16.747779846191406
2919	gpt2	2920	1460	15	restart	obj_rel	expected	The officers that the surgeon swears restart	1.7447492837163736e-06	1.7447492837163736e-06	19.128549575805664	19.128549575805664
2920	gpt2	2921	1461	15	restate	obj_rel	unexpected	The officers that the surgeon swears restates	4.531186613121463e-05	4.531186613121463e-05	16.236014366149902	16.236014366149902
2921	gpt2	2922	1461	15	restate	obj_rel	expected	The officers that the surgeon swears restate	0.0005327868890958556	0.0005327868890958556	14.44428014755249	14.44428014755249
2922	gpt2	2923	1462	15	restore	obj_rel	unexpected	The officers that the surgeon swears restores	8.703710818736e-08	8.703710818736e-08	23.45379447937012	23.45379447937012
2923	gpt2	2924	1462	15	restore	obj_rel	expected	The officers that the surgeon swears restore	3.7063089166622376e-06	3.7063089166622376e-06	18.04158592224121	18.04158592224121
2924	gpt2	2925	1463	15	restrain	obj_rel	unexpected	The officers that the surgeon swears restrains	0.18539867480509045	0.18539867480509045	9.075477202733358	9.075477202733358
2925	gpt2	2926	1463	15	restrain	obj_rel	expected	The officers that the surgeon swears restrain	8.53895653563086e-06	8.53895653563086e-06	16.837509155273438	16.837509155273438
2926	gpt2	2927	1464	15	restrict	obj_rel	unexpected	The officers that the surgeon swears restricts	5.850373074878234e-09	5.850373074878234e-09	27.34882354736328	27.34882354736328
2927	gpt2	2928	1464	15	restrict	obj_rel	expected	The officers that the surgeon swears restrict	1.272765501880713e-07	1.272765501880713e-07	22.9055290222168	22.9055290222168
2928	gpt2	2929	1465	15	restructure	obj_rel	unexpected	The officers that the surgeon swears restructures	0.0007250547163159978	0.0007250547163159978	16.567333221435547	16.567333221435547
2929	gpt2	2930	1465	15	restructure	obj_rel	expected	The officers that the surgeon swears restructure	0.00028394809095285556	0.00028394809095285556	14.899370670318604	14.899370670318604
2930	gpt2	2931	1466	15	rest	obj_rel	unexpected	The officers that the surgeon swears rests	4.11716655435157e-07	4.11716655435157e-07	21.21184539794922	21.21184539794922
2931	gpt2	2932	1466	15	rest	obj_rel	expected	The officers that the surgeon swears rest	1.8917556872111163e-06	1.8917556872111163e-06	19.011842727661133	19.011842727661133
2932	gpt2	2933	1467	16	result	obj_rel	unexpected	The consultant that the customer implements result	5.93904189827299e-07	5.93904189827299e-07	20.68326568603516	20.68326568603516
2933	gpt2	2934	1467	16	result	obj_rel	expected	The consultant that the customer implements results	7.148844451876357e-05	7.148844451876357e-05	13.771930694580078	13.771930694580078
2934	gpt2	2935	1468	16	resume	obj_rel	unexpected	The consultant that the customer implements resume	9.7339500371163e-07	9.7339500371163e-07	19.9704704284668	19.9704704284668
2935	gpt2	2936	1468	16	resume	obj_rel	expected	The consultant that the customer implements resumes	5.618236173177138e-06	5.618236173177138e-06	17.441452026367188	17.441452026367188
2936	gpt2	2937	1469	16	resurrect	obj_rel	unexpected	The consultant that the customer implements resurrect	8.811448282131097e-08	8.811448282131097e-08	23.436044692993164	23.436044692993164
2937	gpt2	2938	1469	16	resurrect	obj_rel	expected	The consultant that the customer implements resurrects	0.3087917112802181	0.3087917112802181	12.065669506788254	12.065669506788254
2938	gpt2	2939	1470	16	retail	obj_rel	unexpected	The consultant that the customer implements retail	1.6079524357337505e-05	1.6079524357337505e-05	15.924415588378906	15.924415588378906
2939	gpt2	2940	1470	16	retail	obj_rel	expected	The consultant that the customer implements retails	0.047736193366290515	0.047736193366290515	9.146302580833435	9.146302580833435
2940	gpt2	2941	1471	16	retain	obj_rel	unexpected	The consultant that the customer implements retain	3.362053348610061e-06	3.362053348610061e-06	18.182226181030277	18.182226181030277
2941	gpt2	2942	1471	16	retain	obj_rel	expected	The consultant that the customer implements retains	5.497500751516782e-05	5.497500751516782e-05	14.150864601135254	14.150864601135254
2942	gpt2	2943	1472	16	rethink	obj_rel	unexpected	The consultant that the customer implements rethink	2.127281675257109e-07	2.127281675257109e-07	22.164485931396484	22.164485931396484
2943	gpt2	2944	1472	16	rethink	obj_rel	expected	The consultant that the customer implements rethinks	0.23039268718396969	0.23039268718396969	8.542026539643606	8.542026539643606
2944	gpt2	2945	1473	16	retire	obj_rel	unexpected	The consultant that the customer implements retire	4.89528417801921e-07	4.89528417801921e-07	20.96210479736328	20.96210479736328
2945	gpt2	2946	1473	16	retire	obj_rel	expected	The consultant that the customer implements retires	0.006572546750248866	0.006572546750248866	10.578128576278687	10.578128576278687
2946	gpt2	2947	1474	16	retreat	obj_rel	unexpected	The consultant that the customer implements retreat	1.9735559817490862e-06	1.9735559817490862e-06	18.95077133178711	18.95077133178711
2947	gpt2	2948	1474	16	retreat	obj_rel	expected	The consultant that the customer implements retreats	0.14270547362491467	0.14270547362491467	10.379834353923798	10.379834353923798
2948	gpt2	2949	1475	16	retrieve	obj_rel	unexpected	The consultant that the customer implements retrieve	2.548560132709099e-06	2.548560132709099e-06	18.581886291503903	18.581886291503903
2949	gpt2	2950	1475	16	retrieve	obj_rel	expected	The consultant that the customer implements retrieves	0.49909737287680406	0.49909737287680406	8.06965564773418	8.06965564773418
2950	gpt2	2951	1476	16	retrofit	obj_rel	unexpected	The consultant that the customer implements retrofit	0.0907242078260424	0.0907242078260424	9.979195475578308	9.979195475578308
2951	gpt2	2952	1476	16	retrofit	obj_rel	expected	The consultant that the customer implements retrofits	0.05609430409231206	0.05609430409231206	10.326025366783142	10.326025366783142
2952	gpt2	2953	1477	16	retry	obj_rel	unexpected	The consultant that the customer implements retry	0.008003101065696665	0.008003101065696665	10.435754537582397	10.435754537582397
2953	gpt2	2954	1477	16	retry	obj_rel	expected	The consultant that the customer implements retries	0.021476912625075766	0.021476912625075766	9.722752809524536	9.722752809524536
2954	gpt2	2955	1478	16	return	obj_rel	unexpected	The consultant that the customer implements return	2.544743620092049e-05	2.544743620092049e-05	15.262120246887209	15.262120246887209
2955	gpt2	2956	1478	16	return	obj_rel	expected	The consultant that the customer implements returns	0.0001867173414211	0.0001867173414211	12.386856079101562	12.386856079101562
2956	gpt2	2957	1479	16	reunite	obj_rel	unexpected	The consultant that the customer implements reunite	0.010625863813118008	0.010625863813118008	13.518754959106445	13.518754959106445
2957	gpt2	2958	1479	16	reunite	obj_rel	expected	The consultant that the customer implements reunites	0.0830808946790853	0.0830808946790853	12.035276532173157	12.035276532173157
2958	gpt2	2959	1480	16	revamp	obj_rel	unexpected	The consultant that the customer implements revamp	0.05307578699330404	0.05307578699330404	10.008326172828674	10.008326172828674
2959	gpt2	2960	1480	16	revamp	obj_rel	expected	The consultant that the customer implements revamps	0.05367045508364754	0.05367045508364754	10.000288367271423	10.000288367271423
2960	gpt2	2961	1481	16	reveal	obj_rel	unexpected	The consultant that the customer implements reveal	7.594064186378091e-07	7.594064186378091e-07	20.3286247253418	20.3286247253418
2961	gpt2	2962	1481	16	reveal	obj_rel	expected	The consultant that the customer implements reveals	7.00362361385487e-05	7.00362361385487e-05	13.801538467407228	13.801538467407228
2962	gpt2	2963	1482	16	reverberate	obj_rel	unexpected	The consultant that the customer implements reverberate	0.019435282365492374	0.019435282365492374	13.157089948654175	13.157089948654175
2963	gpt2	2964	1482	16	reverberate	obj_rel	expected	The consultant that the customer implements reverberates	0.22154105225305898	0.22154105225305898	11.401672601699829	11.401672601699829
2964	gpt2	2965	1483	16	reverse	obj_rel	unexpected	The consultant that the customer implements reverse	1.979648459382588e-06	1.979648459382588e-06	18.94632339477539	18.94632339477539
2965	gpt2	2966	1483	16	reverse	obj_rel	expected	The consultant that the customer implements reverses	0.2976045112018255	0.2976045112018255	9.823485136032103	9.823485136032103
2966	gpt2	2967	1484	16	review	obj_rel	unexpected	The consultant that the customer implements review	5.723915091948584e-05	5.723915091948584e-05	14.09263801574707	14.09263801574707
2967	gpt2	2968	1484	16	review	obj_rel	expected	The consultant that the customer implements reviews	0.0002367723209317	0.0002367723209317	12.044212341308594	12.044212341308594
2968	gpt2	2969	1485	16	revise	obj_rel	unexpected	The consultant that the customer implements revise	2.378011458858964e-07	2.378011458858964e-07	22.003740310668945	22.003740310668945
2969	gpt2	2970	1485	16	revise	obj_rel	expected	The consultant that the customer implements revises	0.11127270789484099	0.11127270789484099	9.474307537078857	9.474307537078857
2970	gpt2	2971	1486	16	revisit	obj_rel	unexpected	The consultant that the customer implements revisit	6.198351343300601e-08	6.198351343300601e-08	23.94354057312012	23.94354057312012
2971	gpt2	2972	1486	16	revisit	obj_rel	expected	The consultant that the customer implements revisits	0.3060574200929125	0.3060574200929125	10.359012633562088	10.359012633562088
2972	gpt2	2973	1487	16	revive	obj_rel	unexpected	The consultant that the customer implements revive	3.3800272802864135e-08	3.3800272802864135e-08	24.818389892578125	24.818389892578125
2973	gpt2	2974	1487	16	revive	obj_rel	expected	The consultant that the customer implements revives	0.006967001907923941	0.006967001907923941	11.473447799682617	11.473447799682617
2974	gpt2	2975	1488	16	revoke	obj_rel	unexpected	The consultant that the customer implements revoke	4.613488613358641e-07	4.613488613358641e-07	21.047637939453125	21.047637939453125
2975	gpt2	2976	1488	16	revoke	obj_rel	expected	The consultant that the customer implements revokes	0.030470870748558792	0.030470870748558792	10.408682584762573	10.408682584762573
2976	gpt2	2977	1489	16	revolutionize	obj_rel	unexpected	The consultant that the customer implements revolutionize	0.005936751465469545	0.005936751465469545	12.549826860427856	12.549826860427856
2977	gpt2	2978	1489	16	revolutionize	obj_rel	expected	The consultant that the customer implements revolutionizes	0.06767989867103094	0.06767989867103094	10.794206142425537	10.794206142425537
2978	gpt2	2979	1490	16	revolve	obj_rel	unexpected	The consultant that the customer implements revolve	0.011234796919325142	0.011234796919325142	11.128590822219849	11.128590822219849
2979	gpt2	2980	1490	16	revolve	obj_rel	expected	The consultant that the customer implements revolves	1.6755944670876488e-05	1.6755944670876488e-05	15.864967346191406	15.864967346191406
2980	gpt2	2981	1491	16	reward	obj_rel	unexpected	The consultant that the customer implements reward	2.040838126049493e-06	2.040838126049493e-06	18.902406692504883	18.902406692504883
2981	gpt2	2982	1491	16	reward	obj_rel	expected	The consultant that the customer implements rewards	2.098781988024712e-05	2.098781988024712e-05	15.540087699890137	15.540087699890137
2982	gpt2	2983	1492	16	rewrite	obj_rel	unexpected	The consultant that the customer implements rewrite	1.839871401898563e-07	1.839871401898563e-07	22.373891830444336	22.373891830444336
2983	gpt2	2984	1492	16	rewrite	obj_rel	expected	The consultant that the customer implements rewrites	0.3281871787488247	0.3281871787488247	6.522159681965907	6.522159681965907
2984	gpt2	2985	1493	16	ride	obj_rel	unexpected	The consultant that the customer implements ride	2.37488507082162e-06	2.37488507082162e-06	18.6837100982666	18.6837100982666
2985	gpt2	2986	1493	16	ride	obj_rel	expected	The consultant that the customer implements rides	3.427986302995123e-05	3.427986302995123e-05	14.832279205322266	14.832279205322266
2986	gpt2	2987	1494	16	rid	obj_rel	unexpected	The consultant that the customer implements rid	1.7041046476151678e-06	1.7041046476151678e-06	19.162553787231445	19.162553787231445
2987	gpt2	2988	1494	16	rid	obj_rel	expected	The consultant that the customer implements rids	0.0005291050324558306	0.0005291050324558306	13.021084785461426	13.021084785461426
2988	gpt2	2989	1495	16	ring	obj_rel	unexpected	The consultant that the customer implements ring	1.0507785191293806e-05	1.0507785191293806e-05	16.53818130493164	16.53818130493164
2989	gpt2	2990	1495	16	ring	obj_rel	expected	The consultant that the customer implements rings	3.2230480428552255e-05	3.2230480428552255e-05	14.921215057373049	14.921215057373049
2990	gpt2	2991	1496	16	rise	obj_rel	unexpected	The consultant that the customer implements rise	4.730250680040626e-07	4.730250680040626e-07	21.011579513549805	21.011579513549805
2991	gpt2	2992	1496	16	rise	obj_rel	expected	The consultant that the customer implements rises	5.613608664134517e-06	5.613608664134517e-06	17.44264030456543	17.44264030456543
2992	gpt2	2993	1497	16	risk	obj_rel	unexpected	The consultant that the customer implements risk	9.98176183202304e-05	9.98176183202304e-05	13.290346145629885	13.290346145629885
2993	gpt2	2994	1497	16	risk	obj_rel	expected	The consultant that the customer implements risks	9.7611038654577e-05	9.7611038654577e-05	13.322596549987791	13.322596549987791
2994	gpt2	2995	1498	16	rival	obj_rel	unexpected	The consultant that the customer implements rival	2.704938708575355e-07	2.704938708575355e-07	21.81789970397949	21.81789970397949
2995	gpt2	2996	1498	16	rival	obj_rel	expected	The consultant that the customer implements rivals	2.3468305698770567e-07	2.3468305698770567e-07	22.022783279418945	22.022783279418945
2996	gpt2	2997	1499	16	rock	obj_rel	unexpected	The consultant that the customer implements rock	1.0976702924381243e-06	1.0976702924381243e-06	19.797122955322266	19.797122955322266
2997	gpt2	2998	1499	16	rock	obj_rel	expected	The consultant that the customer implements rocks	5.175068054086296e-07	5.175068054086296e-07	20.88191795349121	20.88191795349121
2998	gpt2	2999	1500	16	roil	obj_rel	unexpected	The consultant that the customer implements roil	8.752399776312548e-05	8.752399776312548e-05	15.079446792602539	15.079446792602539
2999	gpt2	3000	1500	16	roil	obj_rel	expected	The consultant that the customer implements roils	0.00015277226088982547	0.00015277226088982547	14.668807029724121	14.668807029724121
3000	gpt2	3001	1501	16	roll	obj_rel	unexpected	The consultant that the customer implements roll	4.764935056300601e-06	4.764935056300601e-06	17.67911148071289	17.67911148071289
3001	gpt2	3002	1501	16	roll	obj_rel	expected	The consultant that the customer implements rolls	1.3903040780860463e-05	1.3903040780860463e-05	16.134239196777344	16.134239196777344
3002	gpt2	3003	1502	16	roost	obj_rel	unexpected	The consultant that the customer implements roost	0.0018036103112990254	0.0018036103112990254	12.877402782440186	12.877402782440186
3003	gpt2	3004	1502	16	roost	obj_rel	expected	The consultant that the customer implements roosts	0.07824221987614992	0.07824221987614992	9.28936497370402	9.28936497370402
3004	gpt2	3005	1503	16	root	obj_rel	unexpected	The consultant that the customer implements root	3.5752573239733465e-06	3.5752573239733465e-06	18.093521118164062	18.093521118164062
3005	gpt2	3006	1503	16	root	obj_rel	expected	The consultant that the customer implements roots	3.042567300326482e-07	3.042567300326482e-07	21.64820671081543	21.64820671081543
3006	gpt2	3007	1504	16	rotate	obj_rel	unexpected	The consultant that the customer implements rotate	1.0639345049412441e-07	1.0639345049412441e-07	23.164087295532227	23.164087295532227
3007	gpt2	3008	1504	16	rotate	obj_rel	expected	The consultant that the customer implements rotates	0.01564435235377458	0.01564435235377458	11.44186544418335	11.44186544418335
3008	gpt2	3009	1505	16	round	obj_rel	unexpected	The consultant that the customer implements round	7.057553830236429e-06	7.057553830236429e-06	17.11240005493164	17.11240005493164
3009	gpt2	3010	1505	16	round	obj_rel	expected	The consultant that the customer implements rounds	4.602609806170221e-06	4.602609806170221e-06	17.729116439819336	17.729116439819336
3010	gpt2	3011	1506	16	row	obj_rel	unexpected	The consultant that the customer implements row	1.312727363256272e-06	1.312727363256272e-06	19.53900146484375	19.53900146484375
3011	gpt2	3012	1506	16	row	obj_rel	expected	The consultant that the customer implements rows	1.5535594002358266e-06	1.5535594002358266e-06	19.295991897583008	19.295991897583008
3012	gpt2	3013	1507	16	rubber-stamp	obj_rel	unexpected	The consultant that the customer implements rubber-stamp	0.01472182569514753	0.01472182569514753	12.5601167678833	12.5601167678833
3013	gpt2	3014	1507	16	rubber-stamp	obj_rel	expected	The consultant that the customer implements rubber-stamps	0.01472182569514753	0.01472182569514753	12.5601167678833	12.5601167678833
3014	gpt2	3015	1508	16	rub	obj_rel	unexpected	The consultant that the customer implements rub	6.311329912023211e-07	6.311329912023211e-07	20.595552444458008	20.595552444458008
3015	gpt2	3016	1508	16	rub	obj_rel	expected	The consultant that the customer implements rubs	0.014444347319141551	0.014444347319141551	12.854467630386353	12.854467630386353
3016	gpt2	3017	1509	16	ruin	obj_rel	unexpected	The consultant that the customer implements ruin	6.342485647792273e-08	6.342485647792273e-08	23.910375595092773	23.910375595092773
3017	gpt2	3018	1509	16	ruin	obj_rel	expected	The consultant that the customer implements ruins	4.005303253507009e-07	4.005303253507009e-07	21.251585006713867	21.251585006713867
3018	gpt2	3019	1510	16	rule	obj_rel	unexpected	The consultant that the customer implements rule	6.4227901930280495e-06	6.4227901930280495e-06	17.248369216918945	17.248369216918945
3019	gpt2	3020	1510	16	rule	obj_rel	expected	The consultant that the customer implements rules	8.654261182527989e-05	8.654261182527989e-05	13.496230125427246	13.496230125427246
3020	gpt2	3021	1511	16	run	obj_rel	unexpected	The consultant that the customer implements run	1.6418194718426093e-05	1.6418194718426093e-05	15.8943452835083	15.8943452835083
3021	gpt2	3022	1511	16	run	obj_rel	expected	The consultant that the customer implements runs	0.0002519409172236	0.0002519409172236	11.95462703704834	11.95462703704834
3022	gpt2	3023	1512	16	rush	obj_rel	unexpected	The consultant that the customer implements rush	5.830127633998927e-07	5.830127633998927e-07	20.70996856689453	20.70996856689453
3023	gpt2	3024	1512	16	rush	obj_rel	expected	The consultant that the customer implements rushes	1.5698228708060924e-06	1.5698228708060924e-06	19.28096580505371	19.28096580505371
3024	gpt2	3025	1513	16	sabotage	obj_rel	unexpected	The consultant that the customer implements sabotage	9.383357451042684e-07	9.383357451042684e-07	20.02339172363281	20.02339172363281
3025	gpt2	3026	1513	16	sabotage	obj_rel	expected	The consultant that the customer implements sabotages	0.37851843258135887	0.37851843258135887	9.13607469201088	9.13607469201088
3026	gpt2	3027	1514	16	sacrifice	obj_rel	unexpected	The consultant that the customer implements sacrifice	1.0579008176136997e-06	1.0579008176136997e-06	19.850364685058597	19.850364685058597
3027	gpt2	3028	1514	16	sacrifice	obj_rel	expected	The consultant that the customer implements sacrifices	4.189861101622228e-06	4.189861101622228e-06	17.864665985107422	17.864665985107422
3028	gpt2	3029	1515	16	safeguard	obj_rel	unexpected	The consultant that the customer implements safeguard	1.4428273971134331e-06	1.4428273971134331e-06	19.40266990661621	19.40266990661621
3029	gpt2	3030	1515	16	safeguard	obj_rel	expected	The consultant that the customer implements safeguards	2.7001580747310072e-05	2.7001580747310072e-05	15.176596641540527	15.176596641540527
3030	gpt2	3031	1516	16	safety	obj_rel	unexpected	The consultant that the customer implements safety	2.7633048375719227e-05	2.7633048375719227e-05	15.143245697021484	15.143245697021484
3031	gpt2	3032	1516	16	safety	obj_rel	expected	The consultant that the customer implements safeties	0.10733878424281329	0.10733878424281329	10.714319705963135	10.714319705963135
3032	gpt2	3033	1517	16	salvage	obj_rel	unexpected	The consultant that the customer implements salvage	1.3820536537423322e-07	1.3820536537423322e-07	22.78668212890625	22.78668212890625
3033	gpt2	3034	1517	16	salvage	obj_rel	expected	The consultant that the customer implements salvages	0.10880179687521259	0.10880179687521259	11.421710133552551	11.421710133552551
3034	gpt2	3035	1518	16	sap	obj_rel	unexpected	The consultant that the customer implements sap	1.0128383109986316e-07	1.0128383109986316e-07	23.235092163085938	23.235092163085938
3035	gpt2	3036	1518	16	sap	obj_rel	expected	The consultant that the customer implements saps	0.020703950293011492	0.020703950293011492	12.410664319992065	12.410664319992065
3036	gpt2	3037	1519	16	satisfy	obj_rel	unexpected	The consultant that the customer implements satisfy	8.423452868555614e-07	8.423452868555614e-07	20.17908477783203	20.17908477783203
3037	gpt2	3038	1519	16	satisfy	obj_rel	expected	The consultant that the customer implements satisfies	1.8829012333299037e-05	1.8829012333299037e-05	15.696682929992676	15.696682929992676
3038	gpt2	3039	1520	16	saturate	obj_rel	unexpected	The consultant that the customer implements saturate	0.0037097184667657756	0.0037097184667657756	14.583074569702148	14.583074569702148
3039	gpt2	3040	1520	16	saturate	obj_rel	expected	The consultant that the customer implements saturates	0.48821853857769787	0.48821853857769787	11.063016146421432	11.063016146421432
3040	gpt2	3041	1521	16	save	obj_rel	unexpected	The consultant that the customer implements save	1.7185917386086658e-05	1.7185917386086658e-05	15.828413963317873	15.828413963317873
3041	gpt2	3042	1521	16	save	obj_rel	expected	The consultant that the customer implements saves	0.0002006764116231	0.0002006764116231	12.282841682434082	12.282841682434082
3042	gpt2	3043	1522	16	savor	obj_rel	unexpected	The consultant that the customer implements savor	0.010490350664539922	0.010490350664539922	13.63434386253357	13.63434386253357
3043	gpt2	3044	1522	16	savor	obj_rel	expected	The consultant that the customer implements savors	0.007193167001886972	0.007193167001886972	13.906530618667603	13.906530618667603
3044	gpt2	3045	1523	16	say	obj_rel	unexpected	The consultant that the customer implements say	8.699276077095419e-05	8.699276077095419e-05	13.488744735717772	13.488744735717772
3045	gpt2	3046	1523	16	say	obj_rel	expected	The consultant that the customer implements says	0.0034740106202661	0.0034740106202661	8.169181823730469	8.169181823730469
3046	gpt2	3047	1524	16	scale	obj_rel	unexpected	The consultant that the customer implements scale	1.6186291986741708e-06	1.6186291986741708e-06	19.23679542541504	19.23679542541504
3047	gpt2	3048	1524	16	scale	obj_rel	expected	The consultant that the customer implements scales	8.535797860531602e-06	8.535797860531602e-06	16.838043212890625	16.838043212890625
3048	gpt2	3049	1525	16	scan	obj_rel	unexpected	The consultant that the customer implements scan	3.5308016776980367e-06	3.5308016776980367e-06	18.111572265625	18.111572265625
3049	gpt2	3050	1525	16	scan	obj_rel	expected	The consultant that the customer implements scans	1.1776603059843184e-05	1.1776603059843184e-05	16.373716354370117	16.373716354370117
3050	gpt2	3051	1526	16	scape	obj_rel	unexpected	The consultant that the customer implements scape	0.00020717461666208448	0.00020717461666208448	13.130351543426514	13.130351543426514
3051	gpt2	3052	1526	16	scape	obj_rel	expected	The consultant that the customer implements scapes	0.0001242802500200845	0.0001242802500200845	13.541250228881836	13.541250228881836
3052	gpt2	3053	1527	16	scare	obj_rel	unexpected	The consultant that the customer implements scare	1.6390269763633114e-07	1.6390269763633114e-07	22.54065704345703	22.54065704345703
3053	gpt2	3054	1527	16	scare	obj_rel	expected	The consultant that the customer implements scares	3.0772243917454034e-06	3.0772243917454034e-06	18.309938430786133	18.309938430786133
3054	gpt2	3055	1528	16	schedule	obj_rel	unexpected	The consultant that the customer implements schedule	8.545832315576263e-06	8.545832315576263e-06	16.836347579956055	16.836347579956055
3055	gpt2	3056	1528	16	schedule	obj_rel	expected	The consultant that the customer implements schedules	1.841446101025213e-05	1.841446101025213e-05	15.728800773620604	15.728800773620604
3056	gpt2	3057	1529	16	school	obj_rel	unexpected	The consultant that the customer implements school	5.434051217889646e-06	5.434051217889646e-06	17.489540100097656	17.489540100097656
3057	gpt2	3058	1529	16	school	obj_rel	expected	The consultant that the customer implements schools	1.120396404985513e-06	1.120396404985513e-06	19.767559051513672	19.767559051513672
3058	gpt2	3059	1530	16	scold	obj_rel	unexpected	The consultant that the customer implements scold	0.00011686504512908448	0.00011686504512908448	13.592564105987549	13.592564105987549
3059	gpt2	3060	1530	16	scold	obj_rel	expected	The consultant that the customer implements scolds	0.00035177648896933447	0.00035177648896933447	12.723575115203857	12.723575115203857
3060	gpt2	3061	1531	16	scorn	obj_rel	unexpected	The consultant that the customer implements scorn	3.299577713278268e-07	3.299577713278268e-07	21.53121566772461	21.53121566772461
3061	gpt2	3062	1531	16	scorn	obj_rel	expected	The consultant that the customer implements scorns	0.00011041605830538448	0.00011041605830538448	13.640367031097412	13.640367031097412
3062	gpt2	3063	1532	16	scour	obj_rel	unexpected	The consultant that the customer implements scour	0.0015571734438708344	0.0015571734438708344	11.623860359191895	11.623860359191895
3063	gpt2	3064	1532	16	scour	obj_rel	expected	The consultant that the customer implements scours	0.0006857540029158844	0.0006857540029158844	12.225199699401855	12.225199699401855
3064	gpt2	3065	1533	16	scout	obj_rel	unexpected	The consultant that the customer implements scout	3.8154774983922845e-07	3.8154774983922845e-07	21.321632385253903	21.321632385253903
3065	gpt2	3066	1533	16	scout	obj_rel	expected	The consultant that the customer implements scouts	2.255702753473088e-07	2.255702753473088e-07	22.07991981506348	22.07991981506348
3066	gpt2	3067	1534	16	scrap	obj_rel	unexpected	The consultant that the customer implements scrap	2.507173121557571e-06	2.507173121557571e-06	18.605506896972656	18.605506896972656
3067	gpt2	3068	1534	16	scrap	obj_rel	expected	The consultant that the customer implements scraps	2.161836789582594e-07	2.161836789582594e-07	22.14123916625977	22.14123916625977
3068	gpt2	3069	1535	16	screen	obj_rel	unexpected	The consultant that the customer implements screen	1.9294802768854424e-05	1.9294802768854424e-05	15.661428451538086	15.661428451538086
3069	gpt2	3070	1535	16	screen	obj_rel	expected	The consultant that the customer implements screens	1.931011865963228e-05	1.931011865963228e-05	15.660283088684082	15.660283088684082
3070	gpt2	3071	1536	16	scrutinize	obj_rel	unexpected	The consultant that the customer implements scrutinize	0.009635335646976243	0.009635335646976243	12.161366939544676	12.161366939544676
3071	gpt2	3072	1536	16	scrutinize	obj_rel	expected	The consultant that the customer implements scrutinizes	0.34651668357889776	0.34651668357889776	9.577053815126417	9.577053815126417
3072	gpt2	3073	1537	16	scurry	obj_rel	unexpected	The consultant that the customer implements scurry	0.0004453282199392345	0.0004453282199392345	12.546149730682373	12.546149730682373
3073	gpt2	3074	1537	16	scurry	obj_rel	expected	The consultant that the customer implements scurries	0.02035794050364829	0.02035794050364829	8.779323736826578	8.779323736826578
3074	gpt2	3075	1538	16	scuttle	obj_rel	unexpected	The consultant that the customer implements scuttle	0.30857872264702263	0.30857872264702263	7.44734001159668	7.44734001159668
3075	gpt2	3076	1538	16	scuttle	obj_rel	expected	The consultant that the customer implements scuttles	0.2471593644028568	0.2471593644028568	7.9439652264118195	7.9439652264118195
3076	gpt2	3077	1539	16	seal	obj_rel	unexpected	The consultant that the customer implements seal	7.176488452387275e-07	7.176488452387275e-07	20.410219192504883	20.410219192504883
3077	gpt2	3078	1539	16	seal	obj_rel	expected	The consultant that the customer implements seals	3.2041555186879123e-06	3.2041555186879123e-06	18.25162506103516	18.25162506103516
3078	gpt2	3079	1540	16	search	obj_rel	unexpected	The consultant that the customer implements search	4.047329639433883e-05	4.047329639433883e-05	14.592670440673828	14.592670440673828
3079	gpt2	3080	1540	16	search	obj_rel	expected	The consultant that the customer implements searches	4.337813152233139e-05	4.337813152233139e-05	14.49267292022705	14.49267292022705
3080	gpt2	3081	1541	16	secure	obj_rel	unexpected	The consultant that the customer implements secure	9.484449947194662e-06	9.484449947194662e-06	16.686004638671875	16.686004638671875
3081	gpt2	3082	1541	16	secure	obj_rel	expected	The consultant that the customer implements secures	0.32162251185081914	0.32162251185081914	9.005771160125732	9.005771160125732
3082	gpt2	3083	1542	16	seduce	obj_rel	unexpected	The consultant that the customer implements seduce	0.01709248200131694	0.01709248200131694	11.215233087539673	11.215233087539673
3083	gpt2	3084	1542	16	seduce	obj_rel	expected	The consultant that the customer implements seduces	0.006372679770720387	0.006372679770720387	11.927111625671387	11.927111625671387
3084	gpt2	3085	1543	16	seek	obj_rel	unexpected	The consultant that the customer implements seek	9.577306627761573e-06	9.577306627761573e-06	16.67194938659668	16.67194938659668
3085	gpt2	3086	1543	16	seek	obj_rel	expected	The consultant that the customer implements seeks	0.0001685281313257	0.0001685281313257	12.534723281860352	12.534723281860352
3086	gpt2	3087	1544	16	seem	obj_rel	unexpected	The consultant that the customer implements seem	2.264827344333753e-05	2.264827344333753e-05	15.4302396774292	15.4302396774292
3087	gpt2	3088	1544	16	seem	obj_rel	expected	The consultant that the customer implements seems	0.0011897170916199	0.0011897170916199	9.715166091918944	9.715166091918944
3088	gpt2	3089	1545	16	see	obj_rel	unexpected	The consultant that the customer implements see	2.843331822077744e-05	2.843331822077744e-05	15.102058410644531	15.102058410644531
3089	gpt2	3090	1545	16	see	obj_rel	expected	The consultant that the customer implements sees	0.0001424149231752	0.0001424149231752	12.77761173248291	12.77761173248291
3090	gpt2	3091	1546	16	segregate	obj_rel	unexpected	The consultant that the customer implements segregate	0.015416232882500892	0.015416232882500892	12.713463783264158	12.713463783264158
3091	gpt2	3092	1546	16	segregate	obj_rel	expected	The consultant that the customer implements segregates	0.44286579081273203	0.44286579081273203	10.291273802518843	10.291273802518843
3092	gpt2	3093	1547	16	seize	obj_rel	unexpected	The consultant that the customer implements seize	1.1080400241780809e-07	1.1080400241780809e-07	23.10548591613769	23.10548591613769
3093	gpt2	3094	1547	16	seize	obj_rel	expected	The consultant that the customer implements seizes	0.001274633332741311	0.001274633332741311	12.414649963378906	12.414649963378906
3094	gpt2	3095	1548	16	select	obj_rel	unexpected	The consultant that the customer implements select	7.29943940314115e-06	7.29943940314115e-06	17.063783645629883	17.063783645629883
3095	gpt2	3096	1548	16	select	obj_rel	expected	The consultant that the customer implements selects	8.219736628234386e-05	8.219736628234386e-05	13.570548057556152	13.570548057556152
3096	gpt2	3097	1549	16	self-reinsure	obj_rel	unexpected	The consultant that the customer implements self-reinsure	0.46684758252013125	0.46684758252013125	6.921167619526387	6.921167619526387
3097	gpt2	3098	1549	16	self-reinsure	obj_rel	expected	The consultant that the customer implements self-reinsures	0.46684758252013125	0.46684758252013125	6.921167619526387	6.921167619526387
3098	gpt2	3099	1550	16	sell	obj_rel	unexpected	The consultant that the customer implements sell	2.061645318462979e-05	2.061645318462979e-05	15.565844535827637	15.565844535827637
3099	gpt2	3100	1550	16	sell	obj_rel	expected	The consultant that the customer implements sells	0.0001925415272125	0.0001925415272125	12.34254264831543	12.34254264831543
3100	gpt2	3101	1551	16	send	obj_rel	unexpected	The consultant that the customer implements send	1.858510040619876e-05	1.858510040619876e-05	15.715494155883787	15.715494155883787
3101	gpt2	3102	1551	16	send	obj_rel	expected	The consultant that the customer implements sends	0.0002990046923514	0.0002990046923514	11.707544326782228	11.707544326782228
3102	gpt2	3103	1552	16	sense	obj_rel	unexpected	The consultant that the customer implements sense	1.2465457984944806e-05	1.2465457984944806e-05	16.291704177856445	16.291704177856445
3103	gpt2	3104	1552	16	sense	obj_rel	expected	The consultant that the customer implements senses	6.453194146160968e-06	6.453194146160968e-06	17.241554260253906	17.241554260253906
3104	gpt2	3105	1553	16	sensitize	obj_rel	unexpected	The consultant that the customer implements sensitize	0.011990617384348912	0.011990617384348912	13.991555213928223	13.991555213928223
3105	gpt2	3106	1553	16	sensitize	obj_rel	expected	The consultant that the customer implements sensitizes	0.036053927725182136	0.036053927725182136	9.207169691721598	9.207169691721598
3106	gpt2	3107	1554	16	separate	obj_rel	unexpected	The consultant that the customer implements separate	1.8752232335828008e-06	1.8752232335828008e-06	19.02450561523437	19.02450561523437
3107	gpt2	3108	1554	16	separate	obj_rel	expected	The consultant that the customer implements separates	8.373574928555172e-06	8.373574928555172e-06	16.865724563598633	16.865724563598633
3108	gpt2	3109	1555	16	sequester	obj_rel	unexpected	The consultant that the customer implements sequester	0.060014753052882945	0.060014753052882945	11.958449006080626	11.958449006080626
3109	gpt2	3110	1555	16	sequester	obj_rel	expected	The consultant that the customer implements sequesters	0.008453105958096743	0.008453105958096743	13.372350215911863	13.372350215911863
3110	gpt2	3111	1556	16	serve	obj_rel	unexpected	The consultant that the customer implements serve	1.205550961458357e-05	1.205550961458357e-05	16.339948654174805	16.339948654174805
3111	gpt2	3112	1556	16	serve	obj_rel	expected	The consultant that the customer implements serves	0.0004859621694777	0.0004859621694777	11.006868362426758	11.006868362426758
3112	gpt2	3113	1557	16	service	obj_rel	unexpected	The consultant that the customer implements service	0.0006128952954895	0.0006128952954895	10.67207145690918	10.67207145690918
3113	gpt2	3114	1557	16	service	obj_rel	expected	The consultant that the customer implements services	0.001204025815241	0.001204025815241	9.697917938232422	9.697917938232422
3114	gpt2	3115	1558	16	settle	obj_rel	unexpected	The consultant that the customer implements settle	7.720541930211766e-07	7.720541930211766e-07	20.30479431152344	20.30479431152344
3115	gpt2	3116	1558	16	settle	obj_rel	expected	The consultant that the customer implements settles	5.760251497122226e-06	5.760251497122226e-06	17.405437469482422	17.405437469482422
3116	gpt2	3117	1559	16	set	obj_rel	unexpected	The consultant that the customer implements set	0.000135008682264	0.000135008682264	12.854660034179688	12.854660034179688
3117	gpt2	3118	1559	16	set	obj_rel	expected	The consultant that the customer implements sets	0.0001018523762468	0.0001018523762468	13.261232376098633	13.261232376098633
3118	gpt2	3119	1560	16	sever	obj_rel	unexpected	The consultant that the customer implements sever	1.4132051546766888e-06	1.4132051546766888e-06	19.432598114013672	19.432598114013672
3119	gpt2	3120	1560	16	sever	obj_rel	expected	The consultant that the customer implements severs	0.005426474376235961	0.005426474376235961	11.36681079864502	11.36681079864502
3120	gpt2	3121	1561	16	shadow	obj_rel	unexpected	The consultant that the customer implements shadow	1.7966279983738789e-06	1.7966279983738789e-06	19.08627700805664	19.08627700805664
3121	gpt2	3122	1561	16	shadow	obj_rel	expected	The consultant that the customer implements shadows	1.2052790907546296e-06	1.2052790907546296e-06	19.66220092773437	19.66220092773437
3122	gpt2	3123	1562	16	shake	obj_rel	unexpected	The consultant that the customer implements shake	1.7892881487568957e-07	1.7892881487568957e-07	22.41411018371582	22.41411018371582
3123	gpt2	3124	1562	16	shake	obj_rel	expected	The consultant that the customer implements shakes	4.096239081263775e-06	4.096239081263775e-06	17.897268295288086	17.897268295288086
3124	gpt2	3125	1563	16	shape	obj_rel	unexpected	The consultant that the customer implements shape	1.62367541634012e-06	1.62367541634012e-06	19.2323055267334	19.2323055267334
3125	gpt2	3126	1563	16	shape	obj_rel	expected	The consultant that the customer implements shapes	1.6164694898179732e-06	1.6164694898179732e-06	19.23872184753418	19.23872184753418
3126	gpt2	3127	1564	17	share	obj_rel	unexpected	The teacher that the customers pin share	2.0005156784463907e-06	2.0005156784463907e-06	18.931196212768555	18.931196212768555
3127	gpt2	3128	1564	17	share	obj_rel	expected	The teacher that the customers pin shares	4.989129593013786e-06	4.989129593013786e-06	17.61277961730957	17.61277961730957
3128	gpt2	3129	1565	17	sharpen	obj_rel	unexpected	The teacher that the customers pin sharpen	0.14813130489182044	0.14813130489182044	13.753102779388428	13.753102779388428
3129	gpt2	3130	1565	17	sharpen	obj_rel	expected	The teacher that the customers pin sharpens	0.008570217557917162	0.008570217557917162	12.49809217453003	12.49809217453003
3130	gpt2	3131	1566	17	shave	obj_rel	unexpected	The teacher that the customers pin shave	5.821624071700172e-08	5.821624071700172e-08	24.03400230407715	24.03400230407715
3131	gpt2	3132	1566	17	shave	obj_rel	expected	The teacher that the customers pin shaves	0.01198246070271123	0.01198246070271123	9.82621717453003	9.82621717453003
3132	gpt2	3133	1567	17	shed	obj_rel	unexpected	The teacher that the customers pin shed	6.845313009762322e-07	6.845313009762322e-07	20.47838020324707	20.47838020324707
3133	gpt2	3134	1567	17	shed	obj_rel	expected	The teacher that the customers pin sheds	2.3180452046744906e-07	2.3180452046744906e-07	22.04058837890625	22.04058837890625
3134	gpt2	3135	1568	17	shell	obj_rel	unexpected	The teacher that the customers pin shell	6.253447963899816e-07	6.253447963899816e-07	20.60884475708008	20.60884475708008
3135	gpt2	3136	1568	17	shell	obj_rel	expected	The teacher that the customers pin shells	3.747546770682675e-07	3.747546770682675e-07	21.34754943847656	21.34754943847656
3136	gpt2	3137	1569	17	shield	obj_rel	unexpected	The teacher that the customers pin shield	1.0500476719244034e-06	1.0500476719244034e-06	19.861114501953125	19.861114501953125
3137	gpt2	3138	1569	17	shield	obj_rel	expected	The teacher that the customers pin shields	1.149579816228652e-06	1.149579816228652e-06	19.73046112060547	19.73046112060547
3138	gpt2	3139	1570	17	shift	obj_rel	unexpected	The teacher that the customers pin shift	1.0128248106866523e-07	1.0128248106866523e-07	23.235111236572266	23.235111236572266
3139	gpt2	3140	1570	17	shift	obj_rel	expected	The teacher that the customers pin shifts	1.8888901820446333e-07	1.8888901820446333e-07	22.33595848083496	22.33595848083496
3140	gpt2	3141	1571	17	shine	obj_rel	unexpected	The teacher that the customers pin shine	6.231159659364494e-07	6.231159659364494e-07	20.613996505737305	20.613996505737305
3141	gpt2	3142	1571	17	shine	obj_rel	expected	The teacher that the customers pin shines	1.4161125818645814e-06	1.4161125818645814e-06	19.42963218688965	19.42963218688965
3142	gpt2	3143	1572	17	ship	obj_rel	unexpected	The teacher that the customers pin ship	1.4518308262267965e-06	1.4518308262267965e-06	19.393695831298828	19.393695831298828
3143	gpt2	3144	1572	17	ship	obj_rel	expected	The teacher that the customers pin ships	6.019574243509851e-07	6.019574243509851e-07	20.66383552551269	20.66383552551269
3144	gpt2	3145	1573	17	shirk	obj_rel	unexpected	The teacher that the customers pin shirk	0.00040505333890903045	0.00040505333890903045	12.314682483673096	12.314682483673096
3145	gpt2	3146	1573	17	shirk	obj_rel	expected	The teacher that the customers pin shirks	0.01860146237595472	0.01860146237595472	8.238622983296713	8.238622983296713
3146	gpt2	3147	1574	17	shock	obj_rel	unexpected	The teacher that the customers pin shock	6.474241445175721e-07	6.474241445175721e-07	20.55878448486328	20.55878448486328
3147	gpt2	3148	1574	17	shock	obj_rel	expected	The teacher that the customers pin shocks	2.7824832216083454e-08	2.7824832216083454e-08	25.09905242919922	25.09905242919922
3148	gpt2	3149	1575	17	shoe-horn	obj_rel	unexpected	The teacher that the customers pin shoe-horn	0.02441755989457304	0.02441755989457304	11.154021978378296	11.154021978378296
3149	gpt2	3150	1575	17	shoe-horn	obj_rel	expected	The teacher that the customers pin shoe-horns	0.02441755989457304	0.02441755989457304	11.154021978378296	11.154021978378296
3150	gpt2	3151	1576	17	shoot	obj_rel	unexpected	The teacher that the customers pin shoot	4.5597726057167165e-06	4.5597726057167165e-06	17.74260711669922	17.74260711669922
3151	gpt2	3152	1576	17	shoot	obj_rel	expected	The teacher that the customers pin shoots	9.610417691874318e-06	9.610417691874318e-06	16.666969299316406	16.666969299316406
3152	gpt2	3153	1577	17	shop	obj_rel	unexpected	The teacher that the customers pin shop	1.7453733107686276e-06	1.7453733107686276e-06	19.12803268432617	19.12803268432617
3153	gpt2	3154	1577	17	shop	obj_rel	expected	The teacher that the customers pin shops	1.94429912880878e-06	1.94429912880878e-06	18.972318649291992	18.972318649291992
3154	gpt2	3155	1578	17	shore	obj_rel	unexpected	The teacher that the customers pin shore	1.9046682453449648e-08	1.9046682453449648e-08	25.645885467529297	25.645885467529297
3155	gpt2	3156	1578	17	shore	obj_rel	expected	The teacher that the customers pin shores	1.347822387032238e-08	1.347822387032238e-08	26.144794464111328	26.144794464111328
3156	gpt2	3157	1579	17	shorn	obj_rel	unexpected	The teacher that the customers pin shorn	0.0014910485697327805	0.0014910485697327805	11.340330600738525	11.340330600738525
3157	gpt2	3158	1579	17	shorn	obj_rel	expected	The teacher that the customers pin shorns	6.0264857893344015e-05	6.0264857893344015e-05	14.036561489105225	14.036561489105225
3158	gpt2	3159	1580	17	shorten	obj_rel	unexpected	The teacher that the customers pin shorten	7.097270771083686e-09	7.097270771083686e-09	27.07008934020996	27.07008934020996
3159	gpt2	3160	1580	17	shorten	obj_rel	expected	The teacher that the customers pin shortens	0.001100798870538671	0.001100798870538671	13.282521724700928	13.282521724700928
3160	gpt2	3161	1581	17	short	obj_rel	unexpected	The teacher that the customers pin short	4.584504495142028e-06	4.584504495142028e-06	17.73480224609375	17.73480224609375
3161	gpt2	3162	1581	17	short	obj_rel	expected	The teacher that the customers pin shorts	1.169318366578409e-07	1.169318366578409e-07	23.02782821655273	23.02782821655273
3162	gpt2	3163	1582	17	shoulder	obj_rel	unexpected	The teacher that the customers pin shoulder	5.17855824000435e-07	5.17855824000435e-07	20.88094520568848	20.88094520568848
3163	gpt2	3164	1582	17	shoulder	obj_rel	expected	The teacher that the customers pin shoulders	5.3332225746771655e-08	5.3332225746771655e-08	24.16041755676269	24.16041755676269
3164	gpt2	3165	1583	17	shout	obj_rel	unexpected	The teacher that the customers pin shout	2.7503955379870604e-07	2.7503955379870604e-07	21.79385757446289	21.79385757446289
3165	gpt2	3166	1583	17	shout	obj_rel	expected	The teacher that the customers pin shouts	3.118913696198433e-07	3.118913696198433e-07	21.61245346069336	21.61245346069336
3166	gpt2	3167	1584	17	shove	obj_rel	unexpected	The teacher that the customers pin shove	1.1050029513626215e-07	1.1050029513626215e-07	23.10944557189941	23.10944557189941
3167	gpt2	3168	1584	17	shove	obj_rel	expected	The teacher that the customers pin shoves	0.04106568751012673	0.04106568751012673	8.936629295349121	8.936629295349121
3168	gpt2	3169	1585	17	shower	obj_rel	unexpected	The teacher that the customers pin shower	1.1499607666110025e-07	1.1499607666110025e-07	23.051912307739254	23.051912307739254
3169	gpt2	3170	1585	17	shower	obj_rel	expected	The teacher that the customers pin showers	6.907919214427238e-08	6.907919214427238e-08	23.78717422485352	23.78717422485352
3170	gpt2	3171	1586	17	show	obj_rel	unexpected	The teacher that the customers pin show	5.59447016712511e-06	5.59447016712511e-06	17.447566986083984	17.447566986083984
3171	gpt2	3172	1586	17	show	obj_rel	expected	The teacher that the customers pin shows	4.861359775532037e-05	4.861359775532037e-05	14.328280448913574	14.328280448913574
3172	gpt2	3173	1587	17	shrink	obj_rel	unexpected	The teacher that the customers pin shrink	3.257142395796109e-07	3.257142395796109e-07	21.54989051818848	21.54989051818848
3173	gpt2	3174	1587	17	shrink	obj_rel	expected	The teacher that the customers pin shrinks	0.11982656004329327	0.11982656004329327	11.358022928237917	11.358022928237917
3174	gpt2	3175	1588	17	shun	obj_rel	unexpected	The teacher that the customers pin shun	5.7317180335303426e-08	5.7317180335303426e-08	24.05645751953125	24.05645751953125
3175	gpt2	3176	1588	17	shun	obj_rel	expected	The teacher that the customers pin shuns	0.0027487412662594306	0.0027487412662594306	10.893417835235596	10.893417835235596
3176	gpt2	3177	1589	17	shut	obj_rel	unexpected	The teacher that the customers pin shut	4.6557761379517615e-06	4.6557761379517615e-06	17.712547302246094	17.712547302246094
3177	gpt2	3178	1589	17	shut	obj_rel	expected	The teacher that the customers pin shuts	3.966783879150171e-07	3.966783879150171e-07	21.265525817871094	21.265525817871094
3178	gpt2	3179	1590	17	shy	obj_rel	unexpected	The teacher that the customers pin shy	1.7673894490144448e-06	1.7673894490144448e-06	19.10994911193848	19.10994911193848
3179	gpt2	3180	1590	17	shy	obj_rel	expected	The teacher that the customers pin shies	0.0027271560029475807	0.0027271560029475807	10.899157762527466	10.899157762527466
3180	gpt2	3181	1591	17	sidetrack	obj_rel	unexpected	The teacher that the customers pin sidetrack	0.004876554123048461	0.004876554123048461	13.292751948038736	13.292751948038736
3181	gpt2	3182	1591	17	sidetrack	obj_rel	expected	The teacher that the customers pin sidetracks	0.009073869591190895	0.009073869591190895	12.476778189341227	12.476778189341227
3182	gpt2	3183	1592	17	side	obj_rel	unexpected	The teacher that the customers pin side	3.059862137888558e-06	3.059862137888558e-06	18.31810188293457	18.31810188293457
3183	gpt2	3184	1592	17	side	obj_rel	expected	The teacher that the customers pin sides	1.5253760921041248e-06	1.5253760921041248e-06	19.32240295410156	19.32240295410156
3184	gpt2	3185	1593	17	sift	obj_rel	unexpected	The teacher that the customers pin sift	0.0004607226617280915	0.0004607226617280915	13.858682632446289	13.858682632446289
3185	gpt2	3186	1593	17	sift	obj_rel	expected	The teacher that the customers pin sifts	0.0017463332949318915	0.0017463332949318915	12.894644260406494	12.894644260406494
3186	gpt2	3187	1594	17	signal	obj_rel	unexpected	The teacher that the customers pin signal	1.6201411199290303e-06	1.6201411199290303e-06	19.235448837280277	19.235448837280277
3187	gpt2	3188	1594	17	signal	obj_rel	expected	The teacher that the customers pin signals	7.296398052858422e-06	7.296398052858422e-06	17.06438446044922	17.06438446044922
3188	gpt2	3189	1595	17	signify	obj_rel	unexpected	The teacher that the customers pin signify	2.629817288379855e-07	2.629817288379855e-07	21.85853385925293	21.85853385925293
3189	gpt2	3190	1595	17	signify	obj_rel	expected	The teacher that the customers pin signifies	5.553644768951926e-06	5.553644768951926e-06	17.458133697509766	17.458133697509766
3190	gpt2	3191	1596	17	sign	obj_rel	unexpected	The teacher that the customers pin sign	2.742708056757692e-05	2.742708056757692e-05	15.15403938293457	15.15403938293457
3191	gpt2	3192	1596	17	sign	obj_rel	expected	The teacher that the customers pin signs	2.8750351702910848e-05	2.8750351702910848e-05	15.086060523986816	15.086060523986816
3192	gpt2	3193	1597	17	simplify	obj_rel	unexpected	The teacher that the customers pin simplify	1.3584038782710197e-08	1.3584038782710197e-08	26.13351249694824	26.13351249694824
3193	gpt2	3194	1597	17	simplify	obj_rel	expected	The teacher that the customers pin simplifies	0.44102317659994306	0.44102317659994306	13.289843328297138	13.289843328297138
3194	gpt2	3195	1598	17	sing	obj_rel	unexpected	The teacher that the customers pin sing	1.6927583601500371e-06	1.6927583601500371e-06	19.172191619873047	19.172191619873047
3195	gpt2	3196	1598	17	sing	obj_rel	expected	The teacher that the customers pin sings	2.299507059433381e-06	2.299507059433381e-06	18.730243682861328	18.730243682861328
3196	gpt2	3197	1599	17	sink	obj_rel	unexpected	The teacher that the customers pin sink	2.608973943551973e-07	2.608973943551973e-07	21.870014190673828	21.870014190673828
3197	gpt2	3198	1599	17	sink	obj_rel	expected	The teacher that the customers pin sinks	6.29552630471153e-07	6.29552630471153e-07	20.59916877746582	20.59916877746582
3198	gpt2	3199	1600	17	sit	obj_rel	unexpected	The teacher that the customers pin sit	2.1607638700515963e-06	2.1607638700515963e-06	18.82002639770508	18.82002639770508
3199	gpt2	3200	1600	17	sit	obj_rel	expected	The teacher that the customers pin sits	1.560293821967207e-05	1.560293821967207e-05	15.967823028564451	15.967823028564451
3200	gpt2	3201	1601	17	skid	obj_rel	unexpected	The teacher that the customers pin skid	0.0055262709280441	0.0055262709280441	12.44777846336365	12.44777846336365
3201	gpt2	3202	1601	17	skid	obj_rel	expected	The teacher that the customers pin skids	0.003883667733703049	0.003883667733703049	12.702301740646364	12.702301740646364
3202	gpt2	3203	1602	17	skim	obj_rel	unexpected	The teacher that the customers pin skim	3.9465888335143973e-07	3.9465888335143973e-07	21.272890090942383	21.272890090942383
3203	gpt2	3204	1602	17	skim	obj_rel	expected	The teacher that the customers pin skims	0.013332385314811249	0.013332385314811249	11.812389373779299	11.812389373779299
3204	gpt2	3205	1603	17	skipper	obj_rel	unexpected	The teacher that the customers pin skipper	0.0031840514635632492	0.0031840514635632492	12.845638990402223	12.845638990402223
3205	gpt2	3206	1603	17	skipper	obj_rel	expected	The teacher that the customers pin skippers	0.0014855224650318494	0.0014855224650318494	13.395961284637453	13.395961284637453
3206	gpt2	3207	1604	17	skip	obj_rel	unexpected	The teacher that the customers pin skip	1.551306780811501e-07	1.551306780811501e-07	22.620012283325195	22.620012283325195
3207	gpt2	3208	1604	17	skip	obj_rel	expected	The teacher that the customers pin skips	0.12185938351433374	0.12185938351433374	10.216214179992678	10.216214179992678
3208	gpt2	3209	1605	17	ski	obj_rel	unexpected	The teacher that the customers pin ski	1.260102862943313e-06	1.260102862943313e-06	19.59802627563477	19.59802627563477
3209	gpt2	3210	1605	17	ski	obj_rel	expected	The teacher that the customers pin skis	0.006801970979381599	0.006801970979381599	12.297919750213625	12.297919750213625
3210	gpt2	3211	1606	17	slack	obj_rel	unexpected	The teacher that the customers pin slack	3.855557650922492e-08	3.855557650922492e-08	24.62848472595215	24.62848472595215
3211	gpt2	3212	1606	17	slack	obj_rel	expected	The teacher that the customers pin slacks	0.007787065959746516	0.007787065959746516	11.581315755844116	11.581315755844116
3212	gpt2	3213	1607	17	slam-dunk	obj_rel	unexpected	The teacher that the customers pin slam-dunk	0.009779181352115494	0.009779181352115494	13.000046014785768	13.000046014785768
3213	gpt2	3214	1607	17	slam-dunk	obj_rel	expected	The teacher that the customers pin slam-dunks	0.009779181352115494	0.009779181352115494	13.000046014785768	13.000046014785768
3214	gpt2	3215	1608	17	slash	obj_rel	unexpected	The teacher that the customers pin slash	6.376460959245378e-08	6.376460959245378e-08	23.902667999267575	23.902667999267575
3215	gpt2	3216	1608	17	slash	obj_rel	expected	The teacher that the customers pin slashes	0.014742101456249617	0.014742101456249617	11.120771169662476	11.120771169662476
3216	gpt2	3217	1609	17	sleep	obj_rel	unexpected	The teacher that the customers pin sleep	5.777231422143814e-07	5.777231422143814e-07	20.72311782836914	20.72311782836914
3217	gpt2	3218	1609	17	sleep	obj_rel	expected	The teacher that the customers pin sleeps	1.102813200759556e-07	1.102813200759556e-07	23.112308502197266	23.112308502197266
3218	gpt2	3219	1610	17	slide	obj_rel	unexpected	The teacher that the customers pin slide	3.2713271593820537e-06	3.2713271593820537e-06	18.22169303894043	18.22169303894043
3219	gpt2	3220	1610	17	slide	obj_rel	expected	The teacher that the customers pin slides	2.412364665360656e-06	2.412364665360656e-06	18.661121368408203	18.661121368408203
3220	gpt2	3221	1611	17	slip	obj_rel	unexpected	The teacher that the customers pin slip	6.076447789382655e-06	6.076447789382655e-06	17.328340530395508	17.328340530395508
3221	gpt2	3222	1611	17	slip	obj_rel	expected	The teacher that the customers pin slips	5.795842753286706e-06	5.795842753286706e-06	17.396549224853516	17.396549224853516
3222	gpt2	3223	1612	17	slog	obj_rel	unexpected	The teacher that the customers pin slog	9.525066957394301e-08	9.525066957394301e-08	23.32369613647461	23.32369613647461
3223	gpt2	3224	1612	17	slog	obj_rel	expected	The teacher that the customers pin slogs	0.00015533280475206598	0.00015533280475206598	14.420884132385254	14.420884132385254
3224	gpt2	3225	1613	17	slow	obj_rel	unexpected	The teacher that the customers pin slow	2.3814133953692362e-07	2.3814133953692362e-07	22.001678466796875	22.001678466796875
3225	gpt2	3226	1613	17	slow	obj_rel	expected	The teacher that the customers pin slows	6.57701448858461e-08	6.57701448858461e-08	23.85799217224121	23.85799217224121
3226	gpt2	3227	1614	17	slump	obj_rel	unexpected	The teacher that the customers pin slump	1.2008376515382224e-08	1.2008376515382224e-08	26.311384201049805	26.311384201049805
3227	gpt2	3228	1614	17	slump	obj_rel	expected	The teacher that the customers pin slumps	0.0009045942288139159	0.0009045942288139159	13.136600494384766	13.136600494384766
3228	gpt2	3229	1615	17	smash	obj_rel	unexpected	The teacher that the customers pin smash	2.703296217987372e-07	2.703296217987372e-07	21.818777084350582	21.818777084350582
3229	gpt2	3230	1615	17	smash	obj_rel	expected	The teacher that the customers pin smashes	0.040584786744602745	0.040584786744602745	11.44840979576111	11.44840979576111
3230	gpt2	3231	1616	17	smoke	obj_rel	unexpected	The teacher that the customers pin smoke	2.0555710023018042e-07	2.0555710023018042e-07	22.213956832885746	22.213956832885746
3231	gpt2	3232	1616	17	smoke	obj_rel	expected	The teacher that the customers pin smokes	1.4265599190821376e-07	1.4265599190821376e-07	22.740955352783203	22.740955352783203
3232	gpt2	3233	1617	17	smooth	obj_rel	unexpected	The teacher that the customers pin smooth	3.439886882006249e-07	3.439886882006249e-07	21.47113609313965	21.47113609313965
3233	gpt2	3234	1617	17	smooth	obj_rel	expected	The teacher that the customers pin smooths	0.05372518736638195	0.05372518736638195	12.344699144363403	12.344699144363403
3234	gpt2	3235	1618	17	smother	obj_rel	unexpected	The teacher that the customers pin smother	0.0016148060753948435	0.0016148060753948435	13.774501323699953	13.774501323699953
3235	gpt2	3236	1618	17	smother	obj_rel	expected	The teacher that the customers pin smothers	0.10324149133066383	0.10324149133066383	9.751689275105795	9.751689275105795
3236	gpt2	3237	1619	17	smuggle	obj_rel	unexpected	The teacher that the customers pin smuggle	0.03245730027339451	0.03245730027339451	14.283482313156128	14.283482313156128
3237	gpt2	3238	1619	17	smuggle	obj_rel	expected	The teacher that the customers pin smuggles	0.29445241838476655	0.29445241838476655	12.692772209644318	12.692772209644318
3238	gpt2	3239	1620	17	snatch	obj_rel	unexpected	The teacher that the customers pin snatch	6.485266226263775e-07	6.485266226263775e-07	20.556331634521484	20.556331634521484
3239	gpt2	3240	1620	17	snatch	obj_rel	expected	The teacher that the customers pin snatches	0.009113556387546805	0.009113556387546805	11.618155479431152	11.618155479431152
3240	gpt2	3241	1621	17	sniff	obj_rel	unexpected	The teacher that the customers pin sniff	1.2911176554553094e-06	1.2911176554553094e-06	19.56294822692871	19.56294822692871
3241	gpt2	3242	1621	17	sniff	obj_rel	expected	The teacher that the customers pin sniffs	0.017398642058196856	0.017398642058196856	11.151606559753418	11.151606559753418
3242	gpt2	3243	1622	17	soak	obj_rel	unexpected	The teacher that the customers pin soak	5.0340460688858e-08	5.0340460688858e-08	24.24370574951172	24.24370574951172
3243	gpt2	3244	1622	17	soak	obj_rel	expected	The teacher that the customers pin soaks	0.0003048017206310658	0.0003048017206310658	12.382672309875488	12.382672309875488
3244	gpt2	3245	1623	17	soar	obj_rel	unexpected	The teacher that the customers pin soar	1.6809752878543804e-07	1.6809752878543804e-07	22.50419807434082	22.50419807434082
3245	gpt2	3246	1623	17	soar	obj_rel	expected	The teacher that the customers pin soars	0.0007321895100176	0.0007321895100176	10.464094638824463	10.464094638824463
3246	gpt2	3247	1624	17	sob	obj_rel	unexpected	The teacher that the customers pin sob	1.3580231552623443e-06	1.3580231552623443e-06	19.49006080627441	19.49006080627441
3247	gpt2	3248	1624	17	sob	obj_rel	expected	The teacher that the customers pin sobs	0.00037672200414815	0.00037672200414815	11.535389423370361	11.535389423370361
3248	gpt2	3249	1625	17	socialize	obj_rel	unexpected	The teacher that the customers pin socialize	0.00033692517308731614	0.00033692517308731614	13.757206439971924	13.757206439971924
3249	gpt2	3250	1625	17	socialize	obj_rel	expected	The teacher that the customers pin socializes	4.7925613671395695e-05	4.7925613671395695e-05	15.217039108276367	15.217039108276367
3250	gpt2	3251	1626	17	sock	obj_rel	unexpected	The teacher that the customers pin sock	5.146026751390309e-07	5.146026751390309e-07	20.890037536621094	20.890037536621094
3251	gpt2	3252	1626	17	sock	obj_rel	expected	The teacher that the customers pin socks	1.178377601718239e-06	1.178377601718239e-06	19.694766998291016	19.694766998291016
3252	gpt2	3253	1627	17	soften	obj_rel	unexpected	The teacher that the customers pin soften	1.171776986552686e-08	1.171776986552686e-08	26.34672737121582	26.34672737121582
3253	gpt2	3254	1627	17	soften	obj_rel	expected	The teacher that the customers pin softens	0.06171458646133486	0.06171458646133486	10.727715253829956	10.727715253829956
3254	gpt2	3255	1628	17	solicit	obj_rel	unexpected	The teacher that the customers pin solicit	9.136018519484425e-08	9.136018519484425e-08	23.38385963439941	23.38385963439941
3255	gpt2	3256	1628	17	solicit	obj_rel	expected	The teacher that the customers pin solicits	0.03767024694411347	0.03767024694411347	13.369010210037231	13.369010210037231
3256	gpt2	3257	1629	17	solidify	obj_rel	unexpected	The teacher that the customers pin solidify	0.002596941775919927	0.002596941775919927	13.859809875488281	13.859809875488281
3257	gpt2	3258	1629	17	solidify	obj_rel	expected	The teacher that the customers pin solidifies	0.004633907926546477	0.004633907926546477	13.442049026489258	13.442049026489258
3258	gpt2	3259	1630	17	solve	obj_rel	unexpected	The teacher that the customers pin solve	8.815835883524414e-08	8.815835883524414e-08	23.435327529907227	23.435327529907227
3259	gpt2	3260	1630	17	solve	obj_rel	expected	The teacher that the customers pin solves	5.005552239367717e-08	5.005552239367717e-08	24.251895904541016	24.251895904541016
3260	gpt2	3261	1631	17	soothe	obj_rel	unexpected	The teacher that the customers pin soothe	0.00047015742165965003	0.00047015742165965003	11.073232173919678	11.073232173919678
3261	gpt2	3262	1631	17	soothe	obj_rel	expected	The teacher that the customers pin soothes	0.0002916213179560043	0.0002916213179560043	12.763185977935791	12.763185977935791
3262	gpt2	3263	1632	17	sort	obj_rel	unexpected	The teacher that the customers pin sort	1.1187767086084932e-06	1.1187767086084932e-06	19.76964569091797	19.76964569091797
3263	gpt2	3264	1632	17	sort	obj_rel	expected	The teacher that the customers pin sorts	2.2171317937136337e-07	2.2171317937136337e-07	22.10480117797852	22.10480117797852
3264	gpt2	3265	1633	17	sound	obj_rel	unexpected	The teacher that the customers pin sound	7.562459245491482e-07	7.562459245491482e-07	20.334640502929688	20.334640502929688
3265	gpt2	3266	1633	17	sound	obj_rel	expected	The teacher that the customers pin sounds	1.7044606011040742e-06	1.7044606011040742e-06	19.16225242614746	19.16225242614746
3266	gpt2	3267	1634	17	sour	obj_rel	unexpected	The teacher that the customers pin sour	1.965154297067784e-07	1.965154297067784e-07	22.278854370117188	22.278854370117188
3267	gpt2	3268	1634	17	sour	obj_rel	expected	The teacher that the customers pin sours	0.00022701009925184146	0.00022701009925184146	14.373271465301514	14.373271465301514
3268	gpt2	3269	1635	17	sow	obj_rel	unexpected	The teacher that the customers pin sow	2.662671150233109e-08	2.662671150233109e-08	25.16254997253418	25.16254997253418
3269	gpt2	3270	1635	17	sow	obj_rel	expected	The teacher that the customers pin sows	0.0008945570186824415	0.0008945570186824415	13.37816047668457	13.37816047668457
3270	gpt2	3271	1636	17	spare	obj_rel	unexpected	The teacher that the customers pin spare	6.813701247665449e-08	6.813701247665449e-08	23.80698585510254	23.80698585510254
3271	gpt2	3272	1636	17	spare	obj_rel	expected	The teacher that the customers pin spares	0.021290736822152188	0.021290736822152188	11.504095315933228	11.504095315933228
3272	gpt2	3273	1637	17	spark	obj_rel	unexpected	The teacher that the customers pin spark	3.9630330661566404e-07	3.9630330661566404e-07	21.266891479492188	21.266891479492188
3273	gpt2	3274	1637	17	spark	obj_rel	expected	The teacher that the customers pin sparks	6.961816438888491e-07	6.961816438888491e-07	20.45403289794922	20.45403289794922
3274	gpt2	3275	1638	17	spawn	obj_rel	unexpected	The teacher that the customers pin spawn	8.015875323508226e-07	8.015875323508226e-07	20.25063705444336	20.25063705444336
3275	gpt2	3276	1638	17	spawn	obj_rel	expected	The teacher that the customers pin spawns	8.109930718092073e-07	8.109930718092073e-07	20.233806610107425	20.233806610107425
3276	gpt2	3277	1639	17	speak	obj_rel	unexpected	The teacher that the customers pin speak	3.53559471477638e-07	3.53559471477638e-07	21.431543350219727	21.431543350219727
3277	gpt2	3278	1639	17	speak	obj_rel	expected	The teacher that the customers pin speaks	2.24822792915802e-06	2.24822792915802e-06	18.76278114318848	18.76278114318848
3278	gpt2	3279	1640	17	specialize	obj_rel	unexpected	The teacher that the customers pin specialize	1.4279243565340494e-08	1.4279243565340494e-08	26.061504364013672	26.061504364013672
3279	gpt2	3280	1640	17	specialize	obj_rel	expected	The teacher that the customers pin specializes	3.749949257780827e-07	3.749949257780827e-07	21.34662628173828	21.34662628173828
3280	gpt2	3281	1641	17	specify	obj_rel	unexpected	The teacher that the customers pin specify	2.4474471160829125e-07	2.4474471160829125e-07	21.96221923828125	21.96221923828125
3281	gpt2	3282	1641	17	specify	obj_rel	expected	The teacher that the customers pin specifies	4.81810093333479e-06	4.81810093333479e-06	17.663103103637695	17.663103103637695
3282	gpt2	3283	1642	17	speculate	obj_rel	unexpected	The teacher that the customers pin speculate	4.424321957685607e-07	4.424321957685607e-07	21.10803985595703	21.10803985595703
3283	gpt2	3284	1642	17	speculate	obj_rel	expected	The teacher that the customers pin speculates	0.3935249514935748	0.3935249514935748	10.853677436709406	10.853677436709406
3284	gpt2	3285	1643	17	speed	obj_rel	unexpected	The teacher that the customers pin speed	2.243378958155517e-06	2.243378958155517e-06	18.76589584350586	18.76589584350586
3285	gpt2	3286	1643	17	speed	obj_rel	expected	The teacher that the customers pin speeds	6.110871026976383e-07	6.110871026976383e-07	20.64211845397949	20.64211845397949
3286	gpt2	3287	1644	17	spell	obj_rel	unexpected	The teacher that the customers pin spell	1.1707912506153663e-07	1.1707912506153663e-07	23.026012420654297	23.026012420654297
3287	gpt2	3288	1644	17	spell	obj_rel	expected	The teacher that the customers pin spells	3.877584617839602e-07	3.877584617839602e-07	21.298337936401367	21.298337936401367
3288	gpt2	3289	1645	17	spend	obj_rel	unexpected	The teacher that the customers pin spend	4.448963863978861e-07	4.448963863978861e-07	21.100027084350582	21.100027084350582
3289	gpt2	3290	1645	17	spend	obj_rel	expected	The teacher that the customers pin spends	1.4615106920246037e-06	1.4615106920246037e-06	19.38410758972168	19.38410758972168
3290	gpt2	3291	1646	17	spill	obj_rel	unexpected	The teacher that the customers pin spill	1.8408357504995365e-08	1.8408357504995365e-08	25.69506454467773	25.69506454467773
3291	gpt2	3292	1646	17	spill	obj_rel	expected	The teacher that the customers pin spills	1.0700581754008455e-07	1.0700581754008455e-07	23.155807495117188	23.155807495117188
3292	gpt2	3293	1647	17	spin	obj_rel	unexpected	The teacher that the customers pin spin	2.150944510503905e-06	2.150944510503905e-06	18.82659721374512	18.82659721374512
3293	gpt2	3294	1647	17	spin	obj_rel	expected	The teacher that the customers pin spins	1.3352564565138891e-06	1.3352564565138891e-06	19.51445198059082	19.51445198059082
3294	gpt2	3295	1648	17	split	obj_rel	unexpected	The teacher that the customers pin split	3.5969089822174283e-06	3.5969089822174283e-06	18.084810256958008	18.084810256958008
3295	gpt2	3296	1648	17	split	obj_rel	expected	The teacher that the customers pin splits	3.886648016759864e-07	3.886648016759864e-07	21.29496955871582	21.29496955871582
3296	gpt2	3297	1649	17	sponsor	obj_rel	unexpected	The teacher that the customers pin sponsor	2.197093493805369e-07	2.197093493805369e-07	22.117900848388672	22.117900848388672
3297	gpt2	3298	1649	17	sponsor	obj_rel	expected	The teacher that the customers pin sponsors	1.7915061789608447e-07	1.7915061789608447e-07	22.412322998046875	22.412322998046875
3298	gpt2	3299	1650	17	spotlight	obj_rel	unexpected	The teacher that the customers pin spotlight	4.6298981715153786e-07	4.6298981715153786e-07	21.042516708374023	21.042516708374023
3299	gpt2	3300	1650	17	spotlight	obj_rel	expected	The teacher that the customers pin spotlights	0.028134000938209155	0.028134000938209155	12.648392915725708	12.648392915725708
3300	gpt2	3301	1651	17	spot	obj_rel	unexpected	The teacher that the customers pin spot	4.311721966132609e-07	4.311721966132609e-07	21.145233154296875	21.145233154296875
3301	gpt2	3302	1651	17	spot	obj_rel	expected	The teacher that the customers pin spots	2.9505988550226903e-06	2.9505988550226903e-06	18.370561599731445	18.370561599731445
3302	gpt2	3303	1652	17	spread	obj_rel	unexpected	The teacher that the customers pin spread	8.132829862006474e-06	8.132829862006474e-06	16.90781021118164	16.90781021118164
3303	gpt2	3304	1652	17	spread	obj_rel	expected	The teacher that the customers pin spreads	5.624146410809772e-07	5.624146410809772e-07	20.76186180114746	20.76186180114746
3304	gpt2	3305	1653	17	spring	obj_rel	unexpected	The teacher that the customers pin spring	5.07454478793079e-06	5.07454478793079e-06	17.588289260864258	17.588289260864258
3305	gpt2	3306	1653	17	spring	obj_rel	expected	The teacher that the customers pin springs	2.8976824069104623e-06	2.8976824069104623e-06	18.396669387817383	18.396669387817383
3306	gpt2	3307	1654	17	sprout	obj_rel	unexpected	The teacher that the customers pin sprout	0.020994084977132812	0.020994084977132812	11.687691926956175	11.687691926956175
3307	gpt2	3308	1654	17	sprout	obj_rel	expected	The teacher that the customers pin sprouts	0.043354510419590014	0.043354510419590014	11.164572954177855	11.164572954177855
3308	gpt2	3309	1655	17	spruce	obj_rel	unexpected	The teacher that the customers pin spruce	0.0007317094967902386	0.0007317094967902386	13.936827182769775	13.936827182769775
3309	gpt2	3310	1655	17	spruce	obj_rel	expected	The teacher that the customers pin spruces	0.054896086510097995	0.054896086510097995	9.559146722157797	9.559146722157797
3310	gpt2	3311	1656	17	spurn	obj_rel	unexpected	The teacher that the customers pin spurn	0.0005077932981975886	0.0005077932981975886	14.200948715209961	14.200948715209961
3311	gpt2	3312	1656	17	spurn	obj_rel	expected	The teacher that the customers pin spurns	0.12753725480426206	0.12753725480426206	9.930592934290567	9.930592934290567
3312	gpt2	3313	1657	17	spur	obj_rel	unexpected	The teacher that the customers pin spur	2.2140891076105618e-07	2.2140891076105618e-07	22.106782913208008	22.106782913208008
3313	gpt2	3314	1657	17	spur	obj_rel	expected	The teacher that the customers pin spurs	0.01738931666102414	0.01738931666102414	11.650118112564087	11.650118112564087
3314	gpt2	3315	1658	17	spy	obj_rel	unexpected	The teacher that the customers pin spy	2.1411442219232413e-07	2.1411442219232413e-07	22.15511512756348	22.15511512756348
3315	gpt2	3316	1658	17	spy	obj_rel	expected	The teacher that the customers pin spies	1.5599350433603834e-07	1.5599350433603834e-07	22.612010955810547	22.612010955810547
3316	gpt2	3317	1659	17	square	obj_rel	unexpected	The teacher that the customers pin square	3.8052553463785443e-07	3.8052553463785443e-07	21.325502395629883	21.325502395629883
3317	gpt2	3318	1659	17	square	obj_rel	expected	The teacher that the customers pin squares	1.513475922365615e-07	1.513475922365615e-07	22.655630111694336	22.655630111694336
3318	gpt2	3319	1660	17	squeeze	obj_rel	unexpected	The teacher that the customers pin squeeze	1.0557671430433402e-06	1.0557671430433402e-06	19.8532772064209	19.8532772064209
3319	gpt2	3320	1660	17	squeeze	obj_rel	expected	The teacher that the customers pin squeezes	0.4348168331981128	0.4348168331981128	10.61331183463335	10.61331183463335
3320	gpt2	3321	1661	18	stabilize	obj_rel	unexpected	The authors that the customer cites stabilizes	0.011609414061908286	0.011609414061908286	13.795123338699343	13.795123338699343
3321	gpt2	3322	1661	18	stabilize	obj_rel	expected	The authors that the customer cites stabilize	1.626675185661952e-07	1.626675185661952e-07	22.551570892333984	22.551570892333984
3322	gpt2	3323	1662	18	stack	obj_rel	unexpected	The authors that the customer cites stacks	4.193504423710692e-07	4.193504423710692e-07	21.185340881347656	21.185340881347656
3323	gpt2	3324	1662	18	stack	obj_rel	expected	The authors that the customer cites stack	8.371015383090707e-07	8.371015383090707e-07	20.188093185424805	20.188093185424805
3324	gpt2	3325	1663	18	staff	obj_rel	unexpected	The authors that the customer cites staffs	0.001156635121617426	0.001156635121617426	13.886300563812258	13.886300563812258
3325	gpt2	3326	1663	18	staff	obj_rel	expected	The authors that the customer cites staff	1.8868691995521656e-06	1.8868691995521656e-06	19.015573501586918	19.015573501586918
3326	gpt2	3327	1664	18	stage	obj_rel	unexpected	The authors that the customer cites stages	8.053398232732434e-07	8.053398232732434e-07	20.243898391723636	20.243898391723636
3327	gpt2	3328	1664	18	stage	obj_rel	expected	The authors that the customer cites stage	1.1794760439443053e-06	1.1794760439443053e-06	19.693422317504883	19.693422317504883
3328	gpt2	3329	1665	18	stain	obj_rel	unexpected	The authors that the customer cites stains	1.3109452368098573e-07	1.3109452368098573e-07	22.86288833618164	22.86288833618164
3329	gpt2	3330	1665	18	stain	obj_rel	expected	The authors that the customer cites stain	5.118365464795716e-08	5.118365464795716e-08	24.219741821289062	24.219741821289062
3330	gpt2	3331	1666	18	stall	obj_rel	unexpected	The authors that the customer cites stalls	7.299459525711427e-08	7.299459525711427e-08	23.7076358795166	23.7076358795166
3331	gpt2	3332	1666	18	stall	obj_rel	expected	The authors that the customer cites stall	1.1321765924776629e-07	1.1321765924776629e-07	23.074398040771484	23.074398040771484
3332	gpt2	3333	1667	18	stampede	obj_rel	unexpected	The authors that the customer cites stampedes	0.04989263586139712	0.04989263586139712	11.280227899551393	11.280227899551393
3333	gpt2	3334	1667	18	stampede	obj_rel	expected	The authors that the customer cites stampede	0.10776416010594402	0.10776416010594402	10.724732279777529	10.724732279777529
3334	gpt2	3335	1668	18	stamp	obj_rel	unexpected	The authors that the customer cites stamps	9.991466640713045e-07	9.991466640713045e-07	19.93280029296875	19.93280029296875
3335	gpt2	3336	1668	18	stamp	obj_rel	expected	The authors that the customer cites stamp	4.946625153934292e-07	4.946625153934292e-07	20.947052001953125	20.947052001953125
3336	gpt2	3337	1669	18	stanch	obj_rel	unexpected	The authors that the customer cites stanches	4.4440096644393634e-05	4.4440096644393634e-05	14.799171924591064	14.799171924591064
3337	gpt2	3338	1669	18	stanch	obj_rel	expected	The authors that the customer cites stanch	0.0006170597798700069	0.0006170597798700069	12.756865501403809	12.756865501403809
3338	gpt2	3339	1670	18	standardize	obj_rel	unexpected	The authors that the customer cites standardizes	0.0006548773833401051	0.0006548773833401051	13.537944793701172	13.537944793701172
3339	gpt2	3340	1670	18	standardize	obj_rel	expected	The authors that the customer cites standardize	0.0019242518335431552	0.0019242518335431552	12.758469581604004	12.758469581604004
3340	gpt2	3341	1671	18	stand	obj_rel	unexpected	The authors that the customer cites stands	3.655411637737416e-05	3.655411637737416e-05	14.739606857299805	14.739606857299805
3341	gpt2	3342	1671	18	stand	obj_rel	expected	The authors that the customer cites stand	6.275493797147647e-05	6.275493797147647e-05	13.959911346435549	13.959911346435549
3342	gpt2	3343	1672	18	start	obj_rel	unexpected	The authors that the customer cites starts	1.2590428013936616e-05	1.2590428013936616e-05	16.277313232421875	16.277313232421875
3343	gpt2	3344	1672	18	start	obj_rel	expected	The authors that the customer cites start	3.3203770726686344e-05	3.3203770726686344e-05	14.87829303741455	14.87829303741455
3344	gpt2	3345	1673	18	star	obj_rel	unexpected	The authors that the customer cites stars	9.89323552857968e-07	9.89323552857968e-07	19.94705390930176	19.94705390930176
3345	gpt2	3346	1673	18	star	obj_rel	expected	The authors that the customer cites star	2.4122380182234338e-06	2.4122380182234338e-06	18.661195755004883	18.661195755004883
3346	gpt2	3347	1674	18	starve	obj_rel	unexpected	The authors that the customer cites starves	0.004638473559566562	0.004638473559566562	12.706852674484253	12.706852674484253
3347	gpt2	3348	1674	18	starve	obj_rel	expected	The authors that the customer cites starve	5.1620524743611895e-08	5.1620524743611895e-08	24.20747947692871	24.20747947692871
3348	gpt2	3349	1675	18	stash	obj_rel	unexpected	The authors that the customer cites stashes	0.002662377507476757	0.002662377507476757	11.694480419158936	11.694480419158936
3349	gpt2	3350	1675	18	stash	obj_rel	expected	The authors that the customer cites stash	4.173124068529432e-08	4.173124068529432e-08	24.51429748535156	24.51429748535156
3350	gpt2	3351	1676	18	state	obj_rel	unexpected	The authors that the customer cites states	5.571753717958927e-05	5.571753717958927e-05	14.131508827209473	14.131508827209473
3351	gpt2	3352	1676	18	state	obj_rel	expected	The authors that the customer cites state	3.710229066200554e-05	3.710229066200554e-05	14.718132019042969	14.718132019042969
3352	gpt2	3353	1677	18	stave	obj_rel	unexpected	The authors that the customer cites staves	0.0028921308285134568	0.0028921308285134568	11.634586334228516	11.634586334228516
3353	gpt2	3354	1677	18	stave	obj_rel	expected	The authors that the customer cites stave	0.002863803022592007	0.002863803022592007	11.64170789718628	11.64170789718628
3354	gpt2	3355	1678	18	stay	obj_rel	unexpected	The authors that the customer cites stays	1.6372155187127646e-06	1.6372155187127646e-06	19.22032356262207	19.22032356262207
3355	gpt2	3356	1678	18	stay	obj_rel	expected	The authors that the customer cites stay	4.869658823736245e-06	4.869658823736245e-06	17.647747039794922	17.647747039794922
3356	gpt2	3357	1679	18	steal	obj_rel	unexpected	The authors that the customer cites steals	1.784163600859756e-06	1.784163600859756e-06	19.09632110595703	19.09632110595703
3357	gpt2	3358	1679	18	steal	obj_rel	expected	The authors that the customer cites steal	2.2279107270151144e-06	2.2279107270151144e-06	18.775876998901367	18.775876998901367
3358	gpt2	3359	1680	18	steer	obj_rel	unexpected	The authors that the customer cites steers	0.020420171670991732	0.020420171670991732	12.187298774719237	12.187298774719237
3359	gpt2	3360	1680	18	steer	obj_rel	expected	The authors that the customer cites steer	1.712922767183045e-06	1.712922767183045e-06	19.155107498168945	19.155107498168945
3360	gpt2	3361	1681	18	stem	obj_rel	unexpected	The authors that the customer cites stems	1.3748457604378927e-05	1.3748457604378927e-05	16.150371551513672	16.150371551513672
3361	gpt2	3362	1681	18	stem	obj_rel	expected	The authors that the customer cites stem	1.6576468624407426e-05	1.6576468624407426e-05	15.88050365447998	15.88050365447998
3362	gpt2	3363	1682	18	step	obj_rel	unexpected	The authors that the customer cites steps	5.17665012012003e-06	5.17665012012003e-06	17.55954933166504	17.55954933166504
3363	gpt2	3364	1682	18	step	obj_rel	expected	The authors that the customer cites step	7.305985946004512e-06	7.305985946004512e-06	17.062490463256836	17.062490463256836
3364	gpt2	3365	1683	18	sterilize	obj_rel	unexpected	The authors that the customer cites sterilizes	0.0010996499147353231	0.0010996499147353231	16.322347164154053	16.322347164154053
3365	gpt2	3366	1683	18	sterilize	obj_rel	expected	The authors that the customer cites sterilize	0.0037427613094535733	0.0037427613094535733	15.438802242279053	15.438802242279053
3366	gpt2	3367	1684	18	stick	obj_rel	unexpected	The authors that the customer cites sticks	3.680256952520722e-07	3.680256952520722e-07	21.373689651489254	21.373689651489254
3367	gpt2	3368	1684	18	stick	obj_rel	expected	The authors that the customer cites stick	2.4012758785829647e-06	2.4012758785829647e-06	18.66776657104492	18.66776657104492
3368	gpt2	3369	1685	18	stifle	obj_rel	unexpected	The authors that the customer cites stifles	0.0029711616980421067	0.0029711616980421067	11.615082263946533	11.615082263946533
3369	gpt2	3370	1685	18	stifle	obj_rel	expected	The authors that the customer cites stifle	0.0021775386585431568	0.0021775386585431568	11.840008020401001	11.840008020401001
3370	gpt2	3371	1686	18	stimulate	obj_rel	unexpected	The authors that the customer cites stimulates	2.4253483843494905e-07	2.4253483843494905e-07	21.975305557250977	21.975305557250977
3371	gpt2	3372	1686	18	stimulate	obj_rel	expected	The authors that the customer cites stimulate	4.861507818532118e-07	4.861507818532118e-07	20.97209358215332	20.97209358215332
3372	gpt2	3373	1687	18	stipulate	obj_rel	unexpected	The authors that the customer cites stipulates	0.03827737022186282	0.03827737022186282	11.41749942302704	11.41749942302704
3373	gpt2	3374	1687	18	stipulate	obj_rel	expected	The authors that the customer cites stipulate	0.3770432261004544	0.3770432261004544	9.767401576042177	9.767401576042177
3374	gpt2	3375	1688	18	stir	obj_rel	unexpected	The authors that the customer cites stirs	0.08236366181654371	0.08236366181654371	11.562107920646667	11.562107920646667
3375	gpt2	3376	1688	18	stir	obj_rel	expected	The authors that the customer cites stir	6.63977516524028e-07	6.63977516524028e-07	20.522361755371094	20.522361755371094
3376	gpt2	3377	1689	18	stockpile	obj_rel	unexpected	The authors that the customer cites stockpiles	0.22998834459352935	0.22998834459352935	11.705658376216888	11.705658376216888
3377	gpt2	3378	1689	18	stockpile	obj_rel	expected	The authors that the customer cites stockpile	6.055020662643075e-08	6.055020662643075e-08	23.977293014526367	23.977293014526367
3378	gpt2	3379	1690	18	stock	obj_rel	unexpected	The authors that the customer cites stocks	6.125487175268063e-07	6.125487175268063e-07	20.638671875	20.638671875
3379	gpt2	3380	1690	18	stock	obj_rel	expected	The authors that the customer cites stock	1.6149224393302577e-06	1.6149224393302577e-06	19.240102767944336	19.240102767944336
3380	gpt2	3381	1691	18	stomach	obj_rel	unexpected	The authors that the customer cites stomaches	0.07196102932781888	0.07196102932781888	8.386618693669638	8.386618693669638
3381	gpt2	3382	1691	18	stomach	obj_rel	expected	The authors that the customer cites stomach	8.925489680677857e-08	8.925489680677857e-08	23.41749382019043	23.41749382019043
3382	gpt2	3383	1692	18	stop	obj_rel	unexpected	The authors that the customer cites stops	5.302444151311647e-06	5.302444151311647e-06	17.524911880493164	17.524911880493164
3383	gpt2	3384	1692	18	stop	obj_rel	expected	The authors that the customer cites stop	1.324164986726828e-05	1.324164986726828e-05	16.204557418823242	16.204557418823242
3384	gpt2	3385	1693	18	store	obj_rel	unexpected	The authors that the customer cites stores	3.7228594464977513e-06	3.7228594464977513e-06	18.035158157348636	18.035158157348636
3385	gpt2	3386	1693	18	store	obj_rel	expected	The authors that the customer cites store	9.238379789167084e-06	9.238379789167084e-06	16.723928451538086	16.723928451538086
3386	gpt2	3387	1694	18	strafe	obj_rel	unexpected	The authors that the customer cites strafes	0.024498949926578893	0.024498949926578893	11.390594005584717	11.390594005584717
3387	gpt2	3388	1694	18	strafe	obj_rel	expected	The authors that the customer cites strafe	0.005559512665843841	0.005559512665843841	14.851202011108398	14.851202011108398
3388	gpt2	3389	1695	18	straighten	obj_rel	unexpected	The authors that the customer cites straightens	2.467522267579625e-05	2.467522267579625e-05	16.035919189453125	16.035919189453125
3389	gpt2	3390	1695	18	straighten	obj_rel	expected	The authors that the customer cites straighten	0.000789366266189937	0.000789366266189937	13.46146297454834	13.46146297454834
3390	gpt2	3391	1696	18	strain	obj_rel	unexpected	The authors that the customer cites strains	1.1959770063185715e-06	1.1959770063185715e-06	19.673377990722656	19.673377990722656
3391	gpt2	3392	1696	18	strain	obj_rel	expected	The authors that the customer cites strain	1.34785716454644e-06	1.34785716454644e-06	19.500900268554688	19.500900268554688
3392	gpt2	3393	1697	18	stray	obj_rel	unexpected	The authors that the customer cites strays	0.03867422205246381	0.03867422205246381	10.96146559715271	10.96146559715271
3393	gpt2	3394	1697	18	stray	obj_rel	expected	The authors that the customer cites stray	6.177676254992548e-07	6.177676254992548e-07	20.62643241882324	20.62643241882324
3394	gpt2	3395	1698	18	streamline	obj_rel	unexpected	The authors that the customer cites streamlines	0.008824956378930396	0.008824956378930396	13.053704500198364	13.053704500198364
3395	gpt2	3396	1698	18	streamline	obj_rel	expected	The authors that the customer cites streamline	0.026291862837069847	0.026291862837069847	12.266205549240112	12.266205549240112
3396	gpt2	3397	1699	18	streetspeak	obj_rel	unexpected	The authors that the customer cites streetspeaks	0.03283115830310616	0.03283115830310616	13.845966498057047	13.845966498057047
3397	gpt2	3398	1699	18	streetspeak	obj_rel	expected	The authors that the customer cites streetspeak	3.6649398040822234e-06	3.6649398040822234e-06	19.841459274291992	19.841459274291992
3398	gpt2	3399	1700	18	strengthen	obj_rel	unexpected	The authors that the customer cites strengthens	1.0621912451824755e-06	1.0621912451824755e-06	19.84452438354492	19.84452438354492
3399	gpt2	3400	1700	18	strengthen	obj_rel	expected	The authors that the customer cites strengthen	2.522628392398474e-06	2.522628392398474e-06	18.596641540527344	18.596641540527344
3400	gpt2	3401	1701	18	stress	obj_rel	unexpected	The authors that the customer cites stresses	9.480941116635222e-06	9.480941116635222e-06	16.686538696289062	16.686538696289062
3401	gpt2	3402	1701	18	stress	obj_rel	expected	The authors that the customer cites stress	1.9063392755924724e-05	1.9063392755924724e-05	15.67883586883545	15.67883586883545
3402	gpt2	3403	1702	18	stretch	obj_rel	unexpected	The authors that the customer cites stretches	8.369227089133346e-07	8.369227089133346e-07	20.18840217590332	20.18840217590332
3403	gpt2	3404	1702	18	stretch	obj_rel	expected	The authors that the customer cites stretch	1.9781009541475214e-06	1.9781009541475214e-06	18.947452545166016	18.947452545166016
3404	gpt2	3405	1703	18	strike	obj_rel	unexpected	The authors that the customer cites strikes	6.94175196258584e-06	6.94175196258584e-06	17.136268615722656	17.136268615722656
3405	gpt2	3406	1703	18	strike	obj_rel	expected	The authors that the customer cites strike	4.046092726639472e-06	4.046092726639472e-06	17.9150390625	17.9150390625
3406	gpt2	3407	1704	18	strip	obj_rel	unexpected	The authors that the customer cites strips	2.6017210075224284e-07	2.6017210075224284e-07	21.87403106689453	21.87403106689453
3407	gpt2	3408	1704	18	strip	obj_rel	expected	The authors that the customer cites strip	3.464807036834827e-07	3.464807036834827e-07	21.46072196960449	21.46072196960449
3408	gpt2	3409	1705	18	stroll	obj_rel	unexpected	The authors that the customer cites strolls	0.07394424365084618	0.07394424365084618	13.499878525733948	13.499878525733948
3409	gpt2	3410	1705	18	stroll	obj_rel	expected	The authors that the customer cites stroll	5.038820205527372e-08	5.038820205527372e-08	24.242338180541992	24.242338180541992
3410	gpt2	3411	1706	18	structure	obj_rel	unexpected	The authors that the customer cites structures	5.35127071543684e-07	5.35127071543684e-07	20.833614349365234	20.833614349365234
3411	gpt2	3412	1706	18	structure	obj_rel	expected	The authors that the customer cites structure	7.591370376758277e-07	7.591370376758277e-07	20.32913589477539	20.32913589477539
3412	gpt2	3413	1707	18	struggle	obj_rel	unexpected	The authors that the customer cites struggles	4.895361598755699e-06	4.895361598755699e-06	17.640153884887695	17.640153884887695
3413	gpt2	3414	1707	18	struggle	obj_rel	expected	The authors that the customer cites struggle	1.0195183676842134e-05	1.0195183676842134e-05	16.58175277709961	16.58175277709961
3414	gpt2	3415	1708	18	study	obj_rel	unexpected	The authors that the customer cites studies	2.402807331236545e-05	2.402807331236545e-05	15.344919204711914	15.344919204711914
3415	gpt2	3416	1708	18	study	obj_rel	expected	The authors that the customer cites study	3.995921724708751e-05	3.995921724708751e-05	14.611112594604492	14.611112594604492
3416	gpt2	3417	1709	18	stumble	obj_rel	unexpected	The authors that the customer cites stumbles	0.007265246548740807	0.007265246548740807	10.968856573104858	10.968856573104858
3417	gpt2	3418	1709	18	stumble	obj_rel	expected	The authors that the customer cites stumble	7.776673101034248e-07	7.776673101034248e-07	20.294343948364254	20.294343948364254
3418	gpt2	3419	1710	18	subcontract	obj_rel	unexpected	The authors that the customer cites subcontracts	0.004597345399432115	0.004597345399432115	14.06408214569092	14.06408214569092
3419	gpt2	3420	1710	18	subcontract	obj_rel	expected	The authors that the customer cites subcontract	3.707311009293335e-07	3.707311009293335e-07	21.36312294006348	21.36312294006348
3420	gpt2	3421	1711	18	subject	obj_rel	unexpected	The authors that the customer cites subjects	2.4067967387964018e-06	2.4067967387964018e-06	18.664453506469727	18.664453506469727
3421	gpt2	3422	1711	18	subject	obj_rel	expected	The authors that the customer cites subject	9.773320016392972e-06	9.773320016392972e-06	16.642719268798828	16.642719268798828
3422	gpt2	3423	1712	18	sublet	obj_rel	unexpected	The authors that the customer cites sublets	0.000730521380319232	0.000730521380319232	12.973203659057617	12.973203659057617
3423	gpt2	3424	1712	18	sublet	obj_rel	expected	The authors that the customer cites sublet	0.004021396438474732	0.004021396438474732	11.738527536392212	11.738527536392212
3424	gpt2	3425	1713	18	submit	obj_rel	unexpected	The authors that the customer cites submits	0.005922627678955882	0.005922627678955882	11.45894980430603	11.45894980430603
3425	gpt2	3426	1713	18	submit	obj_rel	expected	The authors that the customer cites submit	7.647849997738376e-06	7.647849997738376e-06	16.99651336669922	16.99651336669922
3426	gpt2	3427	1714	18	subordinate	obj_rel	unexpected	The authors that the customer cites subordinates	1.4984148322128021e-07	1.4984148322128021e-07	22.67005920410156	22.67005920410156
3427	gpt2	3428	1714	18	subordinate	obj_rel	expected	The authors that the customer cites subordinate	2.607404212540132e-07	2.607404212540132e-07	21.87088203430176	21.87088203430176
3428	gpt2	3429	1715	18	subpoena	obj_rel	unexpected	The authors that the customer cites subpoenas	0.46732811670182167	0.46732811670182167	10.071017999202013	10.071017999202013
3429	gpt2	3430	1715	18	subpoena	obj_rel	expected	The authors that the customer cites subpoena	1.568445355815129e-07	1.568445355815129e-07	22.604162216186523	22.604162216186523
3430	gpt2	3431	1716	18	subscribe	obj_rel	unexpected	The authors that the customer cites subscribes	0.4836588006018019	0.4836588006018019	9.51643567532301	9.51643567532301
3431	gpt2	3432	1716	18	subscribe	obj_rel	expected	The authors that the customer cites subscribe	6.931696589163039e-06	6.931696589163039e-06	17.13836097717285	17.13836097717285
3432	gpt2	3433	1717	18	subsidize	obj_rel	unexpected	The authors that the customer cites subsidizes	0.05793839891006768	0.05793839891006768	11.616222858428957	11.616222858428957
3433	gpt2	3434	1717	18	subsidize	obj_rel	expected	The authors that the customer cites subsidize	0.09384771261861143	0.09384771261861143	11.268319845199587	11.268319845199587
3434	gpt2	3435	1718	18	substantiate	obj_rel	unexpected	The authors that the customer cites substantiates	0.006070906199056475	0.006070906199056475	10.90359115600586	10.90359115600586
3435	gpt2	3436	1718	18	substantiate	obj_rel	expected	The authors that the customer cites substantiate	0.005512006017852375	0.005512006017852375	10.97339415550232	10.97339415550232
3436	gpt2	3437	1719	18	substitute	obj_rel	unexpected	The authors that the customer cites substitutes	1.11245378775493e-06	1.11245378775493e-06	19.77782249450684	19.77782249450684
3437	gpt2	3438	1719	18	substitute	obj_rel	expected	The authors that the customer cites substitute	9.74788463281584e-07	9.74788463281584e-07	19.968406677246094	19.968406677246094
3438	gpt2	3439	1720	18	subtract	obj_rel	unexpected	The authors that the customer cites subtracts	0.08807825602934825	0.08807825602934825	11.51612389087677	11.51612389087677
3439	gpt2	3440	1720	18	subtract	obj_rel	expected	The authors that the customer cites subtract	6.617674443987198e-07	6.617674443987198e-07	20.527172088623047	20.527172088623047
3440	gpt2	3441	1721	18	subvert	obj_rel	unexpected	The authors that the customer cites subverts	0.0005972910294076319	0.0005972910294076319	13.119633674621582	13.119633674621582
3441	gpt2	3442	1721	18	subvert	obj_rel	expected	The authors that the customer cites subvert	0.002016709229792432	0.002016709229792432	12.237326860427856	12.237326860427856
3442	gpt2	3443	1722	18	succeed	obj_rel	unexpected	The authors that the customer cites succeeds	3.736090320671792e-06	3.736090320671792e-06	18.030038833618164	18.030038833618164
3443	gpt2	3444	1722	18	succeed	obj_rel	expected	The authors that the customer cites succeed	1.4942380403226709e-05	1.4942380403226709e-05	16.030229568481445	16.030229568481445
3444	gpt2	3445	1723	18	sue	obj_rel	unexpected	The authors that the customer cites sues	0.0029563380139734224	0.0029563380139734224	12.35509991645813	12.35509991645813
3445	gpt2	3446	1723	18	sue	obj_rel	expected	The authors that the customer cites sue	4.927490522277367e-07	4.927490522277367e-07	20.95264434814453	20.95264434814453
3446	gpt2	3447	1724	18	suffer	obj_rel	unexpected	The authors that the customer cites suffers	4.7861787606962025e-05	4.7861787606962025e-05	14.3507661819458	14.3507661819458
3447	gpt2	3448	1724	18	suffer	obj_rel	expected	The authors that the customer cites suffer	0.0001483691157773	0.0001483691157773	12.718521118164062	12.718521118164062
3448	gpt2	3449	1725	18	suffice	obj_rel	unexpected	The authors that the customer cites suffices	0.08893783797708463	0.08893783797708463	11.07965886592865	11.07965886592865
3449	gpt2	3450	1725	18	suffice	obj_rel	expected	The authors that the customer cites suffice	1.001448072202038e-05	1.001448072202038e-05	16.607553482055664	16.607553482055664
3450	gpt2	3451	1726	18	suggest	obj_rel	unexpected	The authors that the customer cites suggests	0.0003988721873611	0.0003988721873611	11.291786193847656	11.291786193847656
3451	gpt2	3452	1726	18	suggest	obj_rel	expected	The authors that the customer cites suggest	0.0004015254962723	0.0004015254962723	11.282220840454102	11.282220840454102
3452	gpt2	3453	1727	18	suit	obj_rel	unexpected	The authors that the customer cites suits	3.452867986197816e-06	3.452867986197816e-06	18.143774032592773	18.143774032592773
3453	gpt2	3454	1727	18	suit	obj_rel	expected	The authors that the customer cites suit	1.3483979273587464e-05	1.3483979273587464e-05	16.178394317626953	16.178394317626953
3454	gpt2	3455	1728	18	summarize	obj_rel	unexpected	The authors that the customer cites summarizes	1.3693290384253489e-05	1.3693290384253489e-05	16.156171798706055	16.156171798706055
3455	gpt2	3456	1728	18	summarize	obj_rel	expected	The authors that the customer cites summarize	1.222290848090779e-05	1.222290848090779e-05	16.320053100585938	16.320053100585938
3456	gpt2	3457	1729	18	summon	obj_rel	unexpected	The authors that the customer cites summons	3.121868701327913e-07	3.121868701327913e-07	21.611085891723636	21.611085891723636
3457	gpt2	3458	1729	18	summon	obj_rel	expected	The authors that the customer cites summon	3.1854830240263254e-07	3.1854830240263254e-07	21.58198356628418	21.58198356628418
3458	gpt2	3459	1730	18	sum	obj_rel	unexpected	The authors that the customer cites sums	2.8986360121052712e-06	2.8986360121052712e-06	18.39619445800781	18.39619445800781
3459	gpt2	3460	1730	18	sum	obj_rel	expected	The authors that the customer cites sum	1.2193050906716962e-06	1.2193050906716962e-06	19.645509719848636	19.645509719848636
3460	gpt2	3461	1731	18	supersede	obj_rel	unexpected	The authors that the customer cites supersedes	0.5379114364480984	0.5379114364480984	6.645631477236749	6.645631477236749
3461	gpt2	3462	1731	18	supersede	obj_rel	expected	The authors that the customer cites supersede	0.05496989657154925	0.05496989657154925	11.966254830360413	11.966254830360413
3462	gpt2	3463	1732	18	supervise	obj_rel	unexpected	The authors that the customer cites supervises	0.03357757368331704	0.03357757368331704	11.636060118675232	11.636060118675232
3463	gpt2	3464	1732	18	supervise	obj_rel	expected	The authors that the customer cites supervise	0.08194887378459724	0.08194887378459724	10.992437720298767	10.992437720298767
3464	gpt2	3465	1733	18	supplement	obj_rel	unexpected	The authors that the customer cites supplements	5.202782631386072e-06	5.202782631386072e-06	17.552284240722656	17.552284240722656
3465	gpt2	3466	1733	18	supplement	obj_rel	expected	The authors that the customer cites supplement	2.8545241548272315e-06	2.8545241548272315e-06	18.418317794799805	18.418317794799805
3466	gpt2	3467	1734	18	supply	obj_rel	unexpected	The authors that the customer cites supplies	1.6130508129208463e-06	1.6130508129208463e-06	19.241777420043945	19.241777420043945
3467	gpt2	3468	1734	18	supply	obj_rel	expected	The authors that the customer cites supply	6.676275916106533e-06	6.676275916106533e-06	17.19252586364746	17.19252586364746
3468	gpt2	3469	1735	18	support	obj_rel	unexpected	The authors that the customer cites supports	4.6271528844954446e-05	4.6271528844954446e-05	14.399516105651855	14.399516105651855
3469	gpt2	3470	1735	18	support	obj_rel	expected	The authors that the customer cites support	0.0001770821254467	0.0001770821254467	12.46329402923584	12.46329402923584
3470	gpt2	3471	1736	18	suppose	obj_rel	unexpected	The authors that the customer cites supposes	0.0698933801087378	0.0698933801087378	11.58767569065094	11.58767569065094
3471	gpt2	3472	1736	18	suppose	obj_rel	expected	The authors that the customer cites suppose	5.107387437419675e-07	5.107387437419675e-07	20.90091133117676	20.90091133117676
3472	gpt2	3473	1737	18	suppress	obj_rel	unexpected	The authors that the customer cites suppresses	0.2928979596528052	0.2928979596528052	10.554087519645691	10.554087519645691
3473	gpt2	3474	1737	18	suppress	obj_rel	expected	The authors that the customer cites suppress	1.105296519199328e-06	1.105296519199328e-06	19.787134170532227	19.787134170532227
3474	gpt2	3475	1738	18	surface	obj_rel	unexpected	The authors that the customer cites surfaces	2.356995736363388e-07	2.356995736363388e-07	22.01654815673828	22.01654815673828
3475	gpt2	3476	1738	18	surface	obj_rel	expected	The authors that the customer cites surface	2.987785023833567e-07	2.987785023833567e-07	21.67441940307617	21.67441940307617
3476	gpt2	3477	1739	18	surge	obj_rel	unexpected	The authors that the customer cites surges	1.0943583816924729e-07	1.0943583816924729e-07	23.123411178588867	23.123411178588867
3477	gpt2	3478	1739	18	surge	obj_rel	expected	The authors that the customer cites surge	1.736468533408697e-07	1.736468533408697e-07	22.45734024047852	22.45734024047852
3478	gpt2	3479	1740	18	surpass	obj_rel	unexpected	The authors that the customer cites surpasses	0.0240444099279102	0.0240444099279102	11.967031955718994	11.967031955718994
3479	gpt2	3480	1740	18	surpass	obj_rel	expected	The authors that the customer cites surpass	1.2974683158972766e-06	1.2974683158972766e-06	19.555870056152344	19.555870056152344
3480	gpt2	3481	1741	18	surprise	obj_rel	unexpected	The authors that the customer cites surprises	2.1407379335869337e-07	2.1407379335869337e-07	22.15538787841797	22.15538787841797
3481	gpt2	3482	1741	18	surprise	obj_rel	expected	The authors that the customer cites surprise	1.74553485976503e-06	1.74553485976503e-06	19.127899169921875	19.127899169921875
3482	gpt2	3483	1742	18	surrender	obj_rel	unexpected	The authors that the customer cites surrenders	0.35978008980381065	0.35978008980381065	7.642644737536709	7.642644737536709
3483	gpt2	3484	1742	18	surrender	obj_rel	expected	The authors that the customer cites surrender	2.293139829134816e-07	2.293139829134816e-07	22.056171417236328	22.056171417236328
3484	gpt2	3485	1743	18	survey	obj_rel	unexpected	The authors that the customer cites surveys	2.09642148547573e-05	2.09642148547573e-05	15.541711807250977	15.541711807250977
3485	gpt2	3486	1743	18	survey	obj_rel	expected	The authors that the customer cites survey	2.053866228379775e-05	2.053866228379775e-05	15.571298599243164	15.571298599243164
3486	gpt2	3487	1744	18	survive	obj_rel	unexpected	The authors that the customer cites survives	1.0259825558023294e-06	1.0259825558023294e-06	19.894561767578125	19.894561767578125
3487	gpt2	3488	1744	18	survive	obj_rel	expected	The authors that the customer cites survive	9.253616553905886e-06	9.253616553905886e-06	16.7215518951416	16.7215518951416
3488	gpt2	3489	1745	18	suspect	obj_rel	unexpected	The authors that the customer cites suspects	3.125099510725704e-06	3.125099510725704e-06	18.28766632080078	18.28766632080078
3489	gpt2	3490	1745	18	suspect	obj_rel	expected	The authors that the customer cites suspect	2.5044406356755644e-05	2.5044406356755644e-05	15.285152435302734	15.285152435302734
3490	gpt2	3491	1746	18	suspend	obj_rel	unexpected	The authors that the customer cites suspends	0.3923464459208361	0.3923464459208361	11.626063406467438	11.626063406467438
3491	gpt2	3492	1746	18	suspend	obj_rel	expected	The authors that the customer cites suspend	2.4358254790968203e-07	2.4358254790968203e-07	21.96908569335937	21.96908569335937
3492	gpt2	3493	1747	18	sustain	obj_rel	unexpected	The authors that the customer cites sustains	0.2456944630861244	0.2456944630861244	9.965534448623657	9.965534448623657
3493	gpt2	3494	1747	18	sustain	obj_rel	expected	The authors that the customer cites sustain	5.725572009396274e-06	5.725572009396274e-06	17.414148330688477	17.414148330688477
3494	gpt2	3495	1748	18	swallow	obj_rel	unexpected	The authors that the customer cites swallows	0.4215662298153555	0.4215662298153555	12.798923827707767	12.798923827707767
3495	gpt2	3496	1748	18	swallow	obj_rel	expected	The authors that the customer cites swallow	4.7145398696102354e-08	4.7145398696102354e-08	24.338308334350582	24.338308334350582
3496	gpt2	3497	1749	18	swamp	obj_rel	unexpected	The authors that the customer cites swamps	0.0023483955880010056	0.0023483955880010056	13.211934566497803	13.211934566497803
3497	gpt2	3498	1749	18	swamp	obj_rel	expected	The authors that the customer cites swamp	2.3981975516562674e-08	2.3981975516562674e-08	25.313474655151367	25.313474655151367
3498	gpt2	3499	1750	18	swap	obj_rel	unexpected	The authors that the customer cites swaps	2.56293795075635e-08	2.56293795075635e-08	25.217626571655277	25.217626571655277
3499	gpt2	3500	1750	18	swap	obj_rel	expected	The authors that the customer cites swap	2.184576288755125e-07	2.184576288755125e-07	22.12614250183105	22.12614250183105
3500	gpt2	3501	1751	18	sway	obj_rel	unexpected	The authors that the customer cites sways	0.00014262695344767015	0.00014262695344767015	14.429356575012207	14.429356575012207
3501	gpt2	3502	1751	18	sway	obj_rel	expected	The authors that the customer cites sway	1.284442134874553e-07	1.284442134874553e-07	22.89235496520996	22.89235496520996
3502	gpt2	3503	1752	18	swear	obj_rel	unexpected	The authors that the customer cites swears	0.03248363948625865	0.03248363948625865	11.316614508628845	11.316614508628845
3503	gpt2	3504	1752	18	swear	obj_rel	expected	The authors that the customer cites swear	1.4136850268187118e-06	1.4136850268187118e-06	19.43210792541504	19.43210792541504
3504	gpt2	3505	1753	18	sweat	obj_rel	unexpected	The authors that the customer cites sweats	3.9557093600706146e-08	3.9557093600706146e-08	24.591487884521484	24.591487884521484
3505	gpt2	3506	1753	18	sweat	obj_rel	expected	The authors that the customer cites sweat	7.697423853869624e-08	7.697423853869624e-08	23.63104820251465	23.63104820251465
3506	gpt2	3507	1754	18	sweeten	obj_rel	unexpected	The authors that the customer cites sweetens	0.0009034050792706441	0.0009034050792706441	14.738144397735596	14.738144397735596
3507	gpt2	3508	1754	18	sweeten	obj_rel	expected	The authors that the customer cites sweeten	0.007941918452388544	0.007941918452388544	13.16986083984375	13.16986083984375
3508	gpt2	3509	1755	18	swell	obj_rel	unexpected	The authors that the customer cites swells	0.002948280947407506	0.002948280947407506	13.0477614402771	13.0477614402771
3509	gpt2	3510	1755	18	swell	obj_rel	expected	The authors that the customer cites swell	1.2035141594424206e-07	1.2035141594424206e-07	22.98624420166016	22.98624420166016
3510	gpt2	3511	1756	18	swing	obj_rel	unexpected	The authors that the customer cites swings	1.4616061605465802e-07	1.4616061605465802e-07	22.705942153930664	22.705942153930664
3511	gpt2	3512	1756	18	swing	obj_rel	expected	The authors that the customer cites swing	1.5401286646010706e-07	1.5401286646010706e-07	22.63044548034668	22.63044548034668
3512	gpt2	3513	1757	18	switch	obj_rel	unexpected	The authors that the customer cites switches	1.3180009545976643e-06	1.3180009545976643e-06	19.53321647644043	19.53321647644043
3513	gpt2	3514	1757	18	switch	obj_rel	expected	The authors that the customer cites switch	1.7737942243911675e-06	1.7737942243911675e-06	19.1047306060791	19.1047306060791
3514	gpt2	3515	1758	19	synthesize	obj_rel	unexpected	The pilot that the consultant parks synthesize	0.007095362867364193	0.007095362867364193	14.605664014816284	14.605664014816284
3515	gpt2	3516	1758	19	synthesize	obj_rel	expected	The pilot that the consultant parks synthesizes	0.03775274461800744	0.03775274461800744	13.399842739105225	13.399842739105225
3516	gpt2	3517	1759	19	tackle	obj_rel	unexpected	The pilot that the consultant parks tackle	1.4857031374049257e-06	1.4857031374049257e-06	19.36042213439941	19.36042213439941
3517	gpt2	3518	1759	19	tackle	obj_rel	expected	The pilot that the consultant parks tackles	7.649961730749055e-07	7.649961730749055e-07	20.318044662475582	20.318044662475582
3518	gpt2	3519	1760	19	tag	obj_rel	unexpected	The pilot that the consultant parks tag	3.457791081018513e-06	3.457791081018513e-06	18.1417179107666	18.1417179107666
3519	gpt2	3520	1760	19	tag	obj_rel	expected	The pilot that the consultant parks tags	2.8455601750465576e-06	2.8455601750465576e-06	18.422855377197266	18.422855377197266
3520	gpt2	3521	1761	19	take	obj_rel	unexpected	The pilot that the consultant parks take	4.397903830977157e-05	4.397903830977157e-05	14.472824096679688	14.472824096679688
3521	gpt2	3522	1761	19	take	obj_rel	expected	The pilot that the consultant parks takes	0.0002749295672401	0.0002749295672401	11.82865047454834	11.82865047454834
3522	gpt2	3523	1762	19	talk	obj_rel	unexpected	The pilot that the consultant parks talk	1.5692339729866944e-05	1.5692339729866944e-05	15.959580421447754	15.959580421447754
3523	gpt2	3524	1762	19	talk	obj_rel	expected	The pilot that the consultant parks talks	1.5363717466243543e-05	1.5363717466243543e-05	15.990113258361816	15.990113258361816
3524	gpt2	3525	1763	19	tamper	obj_rel	unexpected	The pilot that the consultant parks tamper	0.0926963279715096	0.0926963279715096	10.834674954414368	10.834674954414368
3525	gpt2	3526	1763	19	tamper	obj_rel	expected	The pilot that the consultant parks tampers	0.016407420088324166	0.016407420088324166	14.438791513442993	14.438791513442993
3526	gpt2	3527	1764	19	tandy	obj_rel	unexpected	The pilot that the consultant parks tandy	3.9790194932720624e-05	3.9790194932720624e-05	14.646397590637207	14.646397590637207
3527	gpt2	3528	1764	19	tandy	obj_rel	expected	The pilot that the consultant parks tandies	0.0012521667340479052	0.0012521667340479052	11.509744962056478	11.509744962056478
3528	gpt2	3529	1765	19	tap	obj_rel	unexpected	The pilot that the consultant parks tap	9.64106448009261e-07	9.64106448009261e-07	19.984304428100582	19.984304428100582
3529	gpt2	3530	1765	19	tap	obj_rel	expected	The pilot that the consultant parks taps	8.75621594786935e-07	8.75621594786935e-07	20.12318992614746	20.12318992614746
3530	gpt2	3531	1766	19	target	obj_rel	unexpected	The pilot that the consultant parks target	8.421063284913544e-06	8.421063284913544e-06	16.857566833496094	16.857566833496094
3531	gpt2	3532	1766	19	target	obj_rel	expected	The pilot that the consultant parks targets	5.413950020738412e-06	5.413950020738412e-06	17.49488639831543	17.49488639831543
3532	gpt2	3533	1767	19	tarnish	obj_rel	unexpected	The pilot that the consultant parks tarnish	0.004544594293690758	0.004544594293690758	14.730168342590332	14.730168342590332
3533	gpt2	3534	1767	19	tarnish	obj_rel	expected	The pilot that the consultant parks tarnishes	0.008093093490458609	0.008093093490458609	14.31389331817627	14.31389331817627
3534	gpt2	3535	1768	19	taste	obj_rel	unexpected	The pilot that the consultant parks taste	8.871838730328818e-08	8.871838730328818e-08	23.42619132995605	23.42619132995605
3535	gpt2	3536	1768	19	taste	obj_rel	expected	The pilot that the consultant parks tastes	2.2793905429807642e-07	2.2793905429807642e-07	22.064847946166992	22.064847946166992
3536	gpt2	3537	1769	19	tax	obj_rel	unexpected	The pilot that the consultant parks tax	8.799918759905268e-06	8.799918759905268e-06	16.794078826904297	16.794078826904297
3537	gpt2	3538	1769	19	tax	obj_rel	expected	The pilot that the consultant parks taxes	2.46520244218118e-06	2.46520244218118e-06	18.62986183166504	18.62986183166504
3538	gpt2	3539	1770	19	teach	obj_rel	unexpected	The pilot that the consultant parks teach	5.471270583257137e-07	5.471270583257137e-07	20.80162048339844	20.80162048339844
3539	gpt2	3540	1770	19	teach	obj_rel	expected	The pilot that the consultant parks teaches	3.3194444313267013e-06	3.3194444313267013e-06	18.200626373291016	18.200626373291016
3540	gpt2	3541	1771	19	team	obj_rel	unexpected	The pilot that the consultant parks team	0.0001537492353236	0.0001537492353236	12.667133331298828	12.667133331298828
3541	gpt2	3542	1771	19	team	obj_rel	expected	The pilot that the consultant parks teams	2.455208777973894e-05	2.455208777973894e-05	15.31379508972168	15.31379508972168
3542	gpt2	3543	1772	19	tear	obj_rel	unexpected	The pilot that the consultant parks tear	1.0917008239630377e-06	1.0917008239630377e-06	19.804990768432617	19.804990768432617
3543	gpt2	3544	1772	19	tear	obj_rel	expected	The pilot that the consultant parks tears	1.29472675780562e-06	1.29472675780562e-06	19.558921813964844	19.558921813964844
3544	gpt2	3545	1773	19	tell	obj_rel	unexpected	The pilot that the consultant parks tell	1.1566216016944963e-05	1.1566216016944963e-05	16.399723052978516	16.399723052978516
3545	gpt2	3546	1773	19	tell	obj_rel	expected	The pilot that the consultant parks tells	8.958335092756897e-05	8.958335092756897e-05	13.446410179138184	13.446410179138184
3546	gpt2	3547	1774	19	tender	obj_rel	unexpected	The pilot that the consultant parks tender	4.600512511387933e-06	4.600512511387933e-06	17.729774475097656	17.729774475097656
3547	gpt2	3548	1774	19	tender	obj_rel	expected	The pilot that the consultant parks tenders	0.010942673634872297	0.010942673634872297	11.053731441497803	11.053731441497803
3548	gpt2	3549	1775	19	tend	obj_rel	unexpected	The pilot that the consultant parks tend	1.0116674275195692e-05	1.0116674275195692e-05	16.592905044555664	16.592905044555664
3549	gpt2	3550	1775	19	tend	obj_rel	expected	The pilot that the consultant parks tends	7.265172826009802e-06	7.265172826009802e-06	17.070571899414062	17.070571899414062
3550	gpt2	3551	1776	19	terminate	obj_rel	unexpected	The pilot that the consultant parks terminate	3.742371745829587e-07	3.742371745829587e-07	21.349544525146484	21.349544525146484
3551	gpt2	3552	1776	19	terminate	obj_rel	expected	The pilot that the consultant parks terminates	0.018570005574701964	0.018570005574701964	11.346637964248657	11.346637964248657
3552	gpt2	3553	1777	19	term	obj_rel	unexpected	The pilot that the consultant parks term	1.8327517636862467e-06	1.8327517636862467e-06	19.05755615234375	19.05755615234375
3553	gpt2	3554	1777	19	term	obj_rel	expected	The pilot that the consultant parks terms	2.589706582512008e-06	2.589706582512008e-06	18.558780670166016	18.558780670166016
3554	gpt2	3555	1778	19	test-drive	obj_rel	unexpected	The pilot that the consultant parks test-drive	0.012850637805968275	0.012850637805968275	9.29901909828186	9.29901909828186
3555	gpt2	3556	1778	19	test-drive	obj_rel	expected	The pilot that the consultant parks test-drives	0.012850637805968275	0.012850637805968275	9.29901909828186	9.29901909828186
3556	gpt2	3557	1779	19	testify	obj_rel	unexpected	The pilot that the consultant parks testify	1.4844164297755924e-07	1.4844164297755924e-07	22.68360137939453	22.68360137939453
3557	gpt2	3558	1779	19	testify	obj_rel	expected	The pilot that the consultant parks testifies	0.0008621517590654249	0.0008621517590654249	11.287528991699219	11.287528991699219
3558	gpt2	3559	1780	19	test	obj_rel	unexpected	The pilot that the consultant parks test	9.843386214924976e-05	9.843386214924976e-05	13.31048583984375	13.31048583984375
3559	gpt2	3560	1780	19	test	obj_rel	expected	The pilot that the consultant parks tests	4.357657599030063e-05	4.357657599030063e-05	14.486087799072266	14.486087799072266
3560	gpt2	3561	1781	19	thank	obj_rel	unexpected	The pilot that the consultant parks thank	9.718014553072862e-07	9.718014553072862e-07	19.972835540771484	19.972835540771484
3561	gpt2	3562	1781	19	thank	obj_rel	expected	The pilot that the consultant parks thanks	3.475219727988588e-06	3.475219727988588e-06	18.134464263916016	18.134464263916016
3562	gpt2	3563	1782	19	the	obj_rel	unexpected	The pilot that the consultant parks the	0.0518297143280506	0.0518297143280506	4.270076751708984	4.270076751708984
3563	gpt2	3564	1782	19	the	obj_rel	expected	The pilot that the consultant parks thes	0.025918846247350295	0.025918846247350295	10.60279369354248	10.60279369354248
3564	gpt2	3565	1783	19	think	obj_rel	unexpected	The pilot that the consultant parks think	1.999316918954719e-05	1.999316918954719e-05	15.610133171081545	15.610133171081545
3565	gpt2	3566	1783	19	think	obj_rel	expected	The pilot that the consultant parks thinks	4.782665200764313e-05	4.782665200764313e-05	14.351825714111328	14.351825714111328
3566	gpt2	3567	1784	19	thrash	obj_rel	unexpected	The pilot that the consultant parks thrash	0.007261132206167486	0.007261132206167486	11.559745073318481	11.559745073318481
3567	gpt2	3568	1784	19	thrash	obj_rel	expected	The pilot that the consultant parks thrashes	0.004191757961507386	0.004191757961507386	11.956339836120605	11.956339836120605
3568	gpt2	3569	1785	19	threaten	obj_rel	unexpected	The pilot that the consultant parks threaten	3.758108277907013e-07	3.758108277907013e-07	21.343490600585938	21.343490600585938
3569	gpt2	3570	1785	19	threaten	obj_rel	expected	The pilot that the consultant parks threatens	5.238540325080976e-06	5.238540325080976e-06	17.542404174804688	17.542404174804688
3570	gpt2	3571	1786	19	thrive	obj_rel	unexpected	The pilot that the consultant parks thrive	9.284776325557689e-08	9.284776325557689e-08	23.360557556152344	23.360557556152344
3571	gpt2	3572	1786	19	thrive	obj_rel	expected	The pilot that the consultant parks thrives	0.2937321321078059	0.2937321321078059	10.541696280241013	10.541696280241013
3572	gpt2	3573	1787	19	throw	obj_rel	unexpected	The pilot that the consultant parks throw	2.615340008560452e-06	2.615340008560452e-06	18.54457092285156	18.54457092285156
3573	gpt2	3574	1787	19	throw	obj_rel	expected	The pilot that the consultant parks throws	5.449921900435584e-06	5.449921900435584e-06	17.485332489013672	17.485332489013672
3574	gpt2	3575	1788	19	thwart	obj_rel	unexpected	The pilot that the consultant parks thwart	2.630276298987156e-07	2.630276298987156e-07	21.8582820892334	21.8582820892334
3575	gpt2	3576	1788	19	thwart	obj_rel	expected	The pilot that the consultant parks thwarts	0.009020349636443792	0.009020349636443792	11.955626964569092	11.955626964569092
3576	gpt2	3577	1789	19	tick	obj_rel	unexpected	The pilot that the consultant parks tick	1.4166900655254722e-05	1.4166900655254722e-05	16.10711669921875	16.10711669921875
3577	gpt2	3578	1789	19	tick	obj_rel	expected	The pilot that the consultant parks ticks	1.591071509210451e-06	1.591071509210451e-06	19.26156997680664	19.26156997680664
3578	gpt2	3579	1790	19	tie	obj_rel	unexpected	The pilot that the consultant parks tie	2.6599125249049398e-06	2.6599125249049398e-06	18.52018928527832	18.52018928527832
3579	gpt2	3580	1790	19	tie	obj_rel	expected	The pilot that the consultant parks ties	3.6093858852837e-06	3.6093858852837e-06	18.079814910888672	18.079814910888672
3580	gpt2	3581	1791	19	tighten	obj_rel	unexpected	The pilot that the consultant parks tighten	3.2269984018284965e-08	3.2269984018284965e-08	24.885231018066406	24.885231018066406
3581	gpt2	3582	1791	19	tighten	obj_rel	expected	The pilot that the consultant parks tightens	0.0006949656424239795	0.0006949656424239795	13.493725776672363	13.493725776672363
3582	gpt2	3583	1792	19	tilt	obj_rel	unexpected	The pilot that the consultant parks tilt	1.92322119119126e-07	1.92322119119126e-07	22.309972763061523	22.309972763061523
3583	gpt2	3584	1792	19	tilt	obj_rel	expected	The pilot that the consultant parks tilts	0.14136892666584797	0.14136892666584797	10.433284223079681	10.433284223079681
3584	gpt2	3585	1793	19	time	obj_rel	unexpected	The pilot that the consultant parks time	5.023982157581486e-05	5.023982157581486e-05	14.28080940246582	14.28080940246582
3585	gpt2	3586	1793	19	time	obj_rel	expected	The pilot that the consultant parks times	4.830610578210326e-06	4.830610578210326e-06	17.65936279296875	17.65936279296875
3586	gpt2	3587	1794	19	tiptoe	obj_rel	unexpected	The pilot that the consultant parks tiptoe	0.22423175442114976	0.22423175442114976	7.161933759848277	7.161933759848277
3587	gpt2	3588	1794	19	tiptoe	obj_rel	expected	The pilot that the consultant parks tiptoes	0.09204935498928533	0.09204935498928533	7.607577045758565	7.607577045758565
3588	gpt2	3589	1795	19	tolerate	obj_rel	unexpected	The pilot that the consultant parks tolerate	8.863922573709716e-08	8.863922573709716e-08	23.427478790283203	23.427478790283203
3589	gpt2	3590	1795	19	tolerate	obj_rel	expected	The pilot that the consultant parks tolerates	0.21814391109291975	0.21814391109291975	12.291096031665802	12.291096031665802
3590	gpt2	3591	1796	19	topple	obj_rel	unexpected	The pilot that the consultant parks topple	4.107634410388528e-08	4.107634410388528e-08	24.53711700439453	24.53711700439453
3591	gpt2	3592	1796	19	topple	obj_rel	expected	The pilot that the consultant parks topples	0.33642132269744707	0.33642132269744707	11.403953701257707	11.403953701257707
3592	gpt2	3593	1797	19	top	obj_rel	unexpected	The pilot that the consultant parks top	6.260561349336058e-05	6.260561349336058e-05	13.963348388671877	13.963348388671877
3593	gpt2	3594	1797	19	top	obj_rel	expected	The pilot that the consultant parks tops	4.409711436892394e-06	4.409711436892394e-06	17.790884017944336	17.790884017944336
3594	gpt2	3595	1798	19	torment	obj_rel	unexpected	The pilot that the consultant parks torment	1.018846660372219e-07	1.018846660372219e-07	23.22655868530273	23.22655868530273
3595	gpt2	3596	1798	19	torment	obj_rel	expected	The pilot that the consultant parks torments	0.00926519803874721	0.00926519803874721	11.905265092849731	11.905265092849731
3596	gpt2	3597	1799	19	torpedo	obj_rel	unexpected	The pilot that the consultant parks torpedo	2.644724474976101e-07	2.644724474976101e-07	21.850379943847656	21.850379943847656
3597	gpt2	3598	1799	19	torpedo	obj_rel	expected	The pilot that the consultant parks torpedoes	0.4917586921550807	0.4917586921550807	11.08872726559639	11.08872726559639
3598	gpt2	3599	1800	19	torture	obj_rel	unexpected	The pilot that the consultant parks torture	1.1112555284853445e-06	1.1112555284853445e-06	19.779376983642575	19.779376983642575
3599	gpt2	3600	1800	19	torture	obj_rel	expected	The pilot that the consultant parks tortures	0.016823547671322076	0.016823547671322076	11.973446607589722	11.973446607589722
3600	gpt2	3601	1801	19	toss	obj_rel	unexpected	The pilot that the consultant parks toss	2.2314447960525285e-06	2.2314447960525285e-06	18.773590087890625	18.773590087890625
3601	gpt2	3602	1801	19	toss	obj_rel	expected	The pilot that the consultant parks tosses	0.492299688977937	0.492299688977937	9.397992327809334	9.397992327809334
3602	gpt2	3603	1802	19	total	obj_rel	unexpected	The pilot that the consultant parks total	7.432980055455118e-06	7.432980055455118e-06	17.037628173828125	17.037628173828125
3603	gpt2	3604	1802	19	total	obj_rel	expected	The pilot that the consultant parks totals	3.596615556489269e-07	3.596615556489269e-07	21.406856536865234	21.406856536865234
3604	gpt2	3605	1803	19	totter	obj_rel	unexpected	The pilot that the consultant parks totter	0.003818848178184449	0.003818848178184449	12.882702589035034	12.882702589035034
3605	gpt2	3606	1803	19	totter	obj_rel	expected	The pilot that the consultant parks totters	0.002544866649827749	0.002544866649827749	13.17558479309082	13.17558479309082
3606	gpt2	3607	1804	19	touch	obj_rel	unexpected	The pilot that the consultant parks touch	2.142867515431135e-06	2.142867515431135e-06	18.8320255279541	18.8320255279541
3607	gpt2	3608	1804	19	touch	obj_rel	expected	The pilot that the consultant parks touches	3.088001676587737e-06	3.088001676587737e-06	18.304895401000977	18.304895401000977
3608	gpt2	3609	1805	19	toughen	obj_rel	unexpected	The pilot that the consultant parks toughen	0.38583232108672316	0.38583232108672316	12.882465034723284	12.882465034723284
3609	gpt2	3610	1805	19	toughen	obj_rel	expected	The pilot that the consultant parks toughens	0.011858566852111172	0.011858566852111172	15.394451856613161	15.394451856613161
3610	gpt2	3611	1806	19	tough	obj_rel	unexpected	The pilot that the consultant parks tough	9.88967030934873e-07	9.88967030934873e-07	19.94757461547852	19.94757461547852
3611	gpt2	3612	1806	19	tough	obj_rel	expected	The pilot that the consultant parks toughs	0.00035422229336741745	0.00035422229336741745	15.206323623657228	15.206323623657228
3612	gpt2	3613	1807	19	tour	obj_rel	unexpected	The pilot that the consultant parks tour	2.185324592574034e-05	2.185324592574034e-05	15.481792449951172	15.481792449951172
3613	gpt2	3614	1807	19	tour	obj_rel	expected	The pilot that the consultant parks tours	1.2591653103299905e-05	1.2591653103299905e-05	16.277172088623047	16.277172088623047
3614	gpt2	3615	1808	19	tout	obj_rel	unexpected	The pilot that the consultant parks tout	0.005032895120166358	0.005032895120166358	10.788230895996094	10.788230895996094
3615	gpt2	3616	1808	19	tout	obj_rel	expected	The pilot that the consultant parks touts	0.002278878107972558	0.002278878107972558	11.362537384033203	11.362537384033203
3616	gpt2	3617	1809	19	tower	obj_rel	unexpected	The pilot that the consultant parks tower	3.194241435267031e-05	3.194241435267031e-05	14.93416690826416	14.93416690826416
3617	gpt2	3618	1809	19	tower	obj_rel	expected	The pilot that the consultant parks towers	1.0931724318652414e-05	1.0931724318652414e-05	16.48111915588379	16.48111915588379
3618	gpt2	3619	1810	19	trace	obj_rel	unexpected	The pilot that the consultant parks trace	9.216006446877144e-07	9.216006446877144e-07	20.049354553222656	20.049354553222656
3619	gpt2	3620	1810	19	trace	obj_rel	expected	The pilot that the consultant parks traces	8.673408956383355e-06	8.673408956383355e-06	16.814970016479492	16.814970016479492
3620	gpt2	3621	1811	19	track	obj_rel	unexpected	The pilot that the consultant parks track	9.405778655491304e-06	9.405778655491304e-06	16.698020935058594	16.698020935058594
3621	gpt2	3622	1811	19	track	obj_rel	expected	The pilot that the consultant parks tracks	1.9963599697803147e-05	1.9963599697803147e-05	15.612268447875977	15.612268447875977
3622	gpt2	3623	1812	19	trade	obj_rel	unexpected	The pilot that the consultant parks trade	1.6032569192248047e-06	1.6032569192248047e-06	19.25056266784668	19.25056266784668
3623	gpt2	3624	1812	19	trade	obj_rel	expected	The pilot that the consultant parks trades	9.378365461998328e-07	9.378365461998328e-07	20.02416038513184	20.02416038513184
3624	gpt2	3625	1813	19	traduce	obj_rel	unexpected	The pilot that the consultant parks traduce	0.005691382666611834	0.005691382666611834	14.744400978088379	14.744400978088379
3625	gpt2	3626	1813	19	traduce	obj_rel	expected	The pilot that the consultant parks traduces	0.010861853701555884	0.010861853701555884	14.27818775177002	14.27818775177002
3626	gpt2	3627	1814	19	trail	obj_rel	unexpected	The pilot that the consultant parks trail	6.173073870741064e-06	6.173073870741064e-06	17.305580139160156	17.305580139160156
3627	gpt2	3628	1814	19	trail	obj_rel	expected	The pilot that the consultant parks trails	9.273883733840194e-06	9.273883733840194e-06	16.718395233154297	16.718395233154297
3628	gpt2	3629	1815	19	train	obj_rel	unexpected	The pilot that the consultant parks train	1.5416202586493455e-05	1.5416202586493455e-05	15.985193252563477	15.985193252563477
3629	gpt2	3630	1815	19	train	obj_rel	expected	The pilot that the consultant parks trains	1.8039874703390524e-05	1.8039874703390524e-05	15.758451461791992	15.758451461791992
3630	gpt2	3631	1816	19	transact	obj_rel	unexpected	The pilot that the consultant parks transact	7.998021800403876e-09	7.998021800403876e-09	26.897708892822266	26.897708892822266
3631	gpt2	3632	1816	19	transact	obj_rel	expected	The pilot that the consultant parks transacts	0.0001389208625823528	0.0001389208625823528	14.830414772033691	14.830414772033691
3632	gpt2	3633	1817	19	transfer	obj_rel	unexpected	The pilot that the consultant parks transfer	1.3598465784525615e-06	1.3598465784525615e-06	19.48812484741211	19.48812484741211
3633	gpt2	3634	1817	19	transfer	obj_rel	expected	The pilot that the consultant parks transfers	9.786316468307632e-07	9.786316468307632e-07	19.962730407714844	19.962730407714844
3634	gpt2	3635	1818	19	transform	obj_rel	unexpected	The pilot that the consultant parks transform	2.451425302751886e-07	2.451425302751886e-07	21.959875106811523	21.959875106811523
3635	gpt2	3636	1818	19	transform	obj_rel	expected	The pilot that the consultant parks transforms	7.109742909960914e-07	7.109742909960914e-07	20.42369842529297	20.42369842529297
3636	gpt2	3637	1819	19	translate	obj_rel	unexpected	The pilot that the consultant parks translate	3.2264814819882304e-08	3.2264814819882304e-08	24.88546371459961	24.88546371459961
3637	gpt2	3638	1819	19	translate	obj_rel	expected	The pilot that the consultant parks translates	5.981250978948083e-07	5.981250978948083e-07	20.67304992675781	20.67304992675781
3638	gpt2	3639	1820	19	transmit	obj_rel	unexpected	The pilot that the consultant parks transmit	7.348425583586504e-07	7.348425583586504e-07	20.376060485839844	20.376060485839844
3639	gpt2	3640	1820	19	transmit	obj_rel	expected	The pilot that the consultant parks transmits	0.32593575899903726	0.32593575899903726	10.213296383619308	10.213296383619308
3640	gpt2	3641	1821	19	transplant	obj_rel	unexpected	The pilot that the consultant parks transplant	1.9664571482280735e-07	1.9664571482280735e-07	22.27789688110352	22.27789688110352
3641	gpt2	3642	1821	19	transplant	obj_rel	expected	The pilot that the consultant parks transplants	0.28510720821128643	0.28510720821128643	10.867391645908354	10.867391645908354
3642	gpt2	3643	1822	19	transport	obj_rel	unexpected	The pilot that the consultant parks transport	6.430254870792851e-06	6.430254870792851e-06	17.246692657470703	17.246692657470703
3643	gpt2	3644	1822	19	transport	obj_rel	expected	The pilot that the consultant parks transports	3.114073706456111e-06	3.114073706456111e-06	18.29276466369629	18.29276466369629
3644	gpt2	3645	1823	19	trash	obj_rel	unexpected	The pilot that the consultant parks trash	4.916237230645493e-06	4.916237230645493e-06	17.634014129638672	17.634014129638672
3645	gpt2	3646	1823	19	trash	obj_rel	expected	The pilot that the consultant parks trashes	0.0048401513768112255	0.0048401513768112255	11.265682458877563	11.265682458877563
3646	gpt2	3647	1824	19	travel	obj_rel	unexpected	The pilot that the consultant parks travel	9.291234164265916e-06	9.291234164265916e-06	16.7156982421875	16.7156982421875
3647	gpt2	3648	1824	19	travel	obj_rel	expected	The pilot that the consultant parks travels	1.3952584595244844e-05	1.3952584595244844e-05	16.129108428955078	16.129108428955078
3648	gpt2	3649	1825	19	tread	obj_rel	unexpected	The pilot that the consultant parks tread	3.148786845486029e-06	3.148786845486029e-06	18.27677154541016	18.27677154541016
3649	gpt2	3650	1825	19	tread	obj_rel	expected	The pilot that the consultant parks treads	0.200083906289251	0.200083906289251	9.79905289411545	9.79905289411545
3650	gpt2	3651	1826	19	treat	obj_rel	unexpected	The pilot that the consultant parks treat	8.384166108044155e-07	8.384166108044155e-07	20.185829162597656	20.185829162597656
3651	gpt2	3652	1826	19	treat	obj_rel	expected	The pilot that the consultant parks treats	1.806687214411795e-05	1.806687214411795e-05	15.756293296813965	15.756293296813965
3652	gpt2	3653	1827	19	trend	obj_rel	unexpected	The pilot that the consultant parks trend	2.90375311351454e-07	2.90375311351454e-07	21.715578079223636	21.715578079223636
3653	gpt2	3654	1827	19	trend	obj_rel	expected	The pilot that the consultant parks trends	6.93741981194762e-07	6.93741981194762e-07	20.459096908569336	20.459096908569336
3654	gpt2	3655	1828	19	trickle	obj_rel	unexpected	The pilot that the consultant parks trickle	1.8892116315782917e-08	1.8892116315782917e-08	25.65764045715332	25.65764045715332
3655	gpt2	3656	1828	19	trickle	obj_rel	expected	The pilot that the consultant parks trickles	0.015772341231240675	0.015772341231240675	12.395332336425781	12.395332336425781
3656	gpt2	3657	1829	19	trick	obj_rel	unexpected	The pilot that the consultant parks trick	1.092334059649147e-06	1.092334059649147e-06	19.804155349731445	19.804155349731445
3657	gpt2	3658	1829	19	trick	obj_rel	expected	The pilot that the consultant parks tricks	2.923661213571904e-06	2.923661213571904e-06	18.383792877197266	18.383792877197266
3658	gpt2	3659	1830	19	trigger	obj_rel	unexpected	The pilot that the consultant parks trigger	2.6247235496157373e-07	2.6247235496157373e-07	21.861331939697266	21.861331939697266
3659	gpt2	3660	1830	19	trigger	obj_rel	expected	The pilot that the consultant parks triggers	1.504191232015728e-06	1.504191232015728e-06	19.34258079528809	19.34258079528809
3660	gpt2	3661	1831	19	trim	obj_rel	unexpected	The pilot that the consultant parks trim	2.3556531232316047e-06	2.3556531232316047e-06	18.69544219970703	18.69544219970703
3661	gpt2	3662	1831	19	trim	obj_rel	expected	The pilot that the consultant parks trims	0.003729805087459676	0.003729805087459676	11.4540376663208	11.4540376663208
3662	gpt2	3663	1832	19	triple	obj_rel	unexpected	The pilot that the consultant parks triple	8.821996857477643e-07	8.821996857477643e-07	20.11239051818848	20.11239051818848
3663	gpt2	3664	1832	19	triple	obj_rel	expected	The pilot that the consultant parks triples	0.011873782352495208	0.011873782352495208	11.332842826843262	11.332842826843262
3664	gpt2	3665	1833	19	trivialize	obj_rel	unexpected	The pilot that the consultant parks trivialize	0.005214937660443984	0.005214937660443984	15.203099489212036	15.203099489212036
3665	gpt2	3666	1833	19	trivialize	obj_rel	expected	The pilot that the consultant parks trivializes	0.006826139218706083	0.006826139218706083	15.008888483047485	15.008888483047485
3666	gpt2	3667	1834	19	trust	obj_rel	unexpected	The pilot that the consultant parks trust	3.158328399877064e-05	3.158328399877064e-05	14.950479507446287	14.950479507446287
3667	gpt2	3668	1834	19	trust	obj_rel	expected	The pilot that the consultant parks trusts	1.9064001435253888e-06	1.9064001435253888e-06	19.000717163085938	19.000717163085938
3668	gpt2	3669	1835	19	try	obj_rel	unexpected	The pilot that the consultant parks try	2.0198462152620777e-05	2.0198462152620777e-05	15.5953950881958	15.5953950881958
3669	gpt2	3670	1835	19	try	obj_rel	expected	The pilot that the consultant parks tries	2.799106005113572e-05	2.799106005113572e-05	15.124674797058104	15.124674797058104
3670	gpt2	3671	1836	19	tumble	obj_rel	unexpected	The pilot that the consultant parks tumble	4.76903323942679e-07	4.76903323942679e-07	20.999799728393555	20.999799728393555
3671	gpt2	3672	1836	19	tumble	obj_rel	expected	The pilot that the consultant parks tumbles	0.005610368201814707	0.005610368201814707	10.709641695022583	10.709641695022583
3672	gpt2	3673	1837	19	turn	obj_rel	unexpected	The pilot that the consultant parks turn	9.010114808916114e-06	9.010114808916114e-06	16.76002311706543	16.76002311706543
3673	gpt2	3674	1837	19	turn	obj_rel	expected	The pilot that the consultant parks turns	4.386811633594334e-05	4.386811633594334e-05	14.476468086242676	14.476468086242676
3674	gpt2	3675	1838	19	twitch	obj_rel	unexpected	The pilot that the consultant parks twitch	3.808895243651023e-08	3.808895243651023e-08	24.64605140686035	24.64605140686035
3675	gpt2	3676	1838	19	twitch	obj_rel	expected	The pilot that the consultant parks twitches	0.01058688291175254	0.01058688291175254	11.953140258789062	11.953140258789062
3676	gpt2	3677	1839	19	unblock	obj_rel	unexpected	The pilot that the consultant parks unblock	0.00017657876378503223	0.00017657876378503223	12.716263771057127	12.716263771057127
3677	gpt2	3678	1839	19	unblock	obj_rel	expected	The pilot that the consultant parks unblocks	6.0162532463436946e-05	6.0162532463436946e-05	14.114826679229736	14.114826679229736
3678	gpt2	3679	1840	19	uncover	obj_rel	unexpected	The pilot that the consultant parks uncover	1.9463814737719082e-07	1.9463814737719082e-07	22.292701721191406	22.292701721191406
3679	gpt2	3680	1840	19	uncover	obj_rel	expected	The pilot that the consultant parks uncovers	0.22972694187046727	0.22972694187046727	7.014267762502034	7.014267762502034
3680	gpt2	3681	1841	19	undercut	obj_rel	unexpected	The pilot that the consultant parks undercut	1.7799921181449466e-07	1.7799921181449466e-07	22.4216251373291	22.4216251373291
3681	gpt2	3682	1841	19	undercut	obj_rel	expected	The pilot that the consultant parks undercuts	0.002850382896212966	0.002850382896212966	11.224145412445068	11.224145412445068
3682	gpt2	3683	1842	19	undergo	obj_rel	unexpected	The pilot that the consultant parks undergo	1.6697583760105772e-06	1.6697583760105772e-06	19.19192886352539	19.19192886352539
3683	gpt2	3684	1842	19	undergo	obj_rel	expected	The pilot that the consultant parks undergoes	0.4591897730200572	0.4591897730200572	9.657384511083364	9.657384511083364
3684	gpt2	3685	1843	19	underlie	obj_rel	unexpected	The pilot that the consultant parks underlie	0.0028598005465027996	0.0028598005465027996	10.880092144012451	10.880092144012451
3685	gpt2	3686	1843	19	underlie	obj_rel	expected	The pilot that the consultant parks underlies	0.0028444806275729094	0.0028444806275729094	11.572513580322266	11.572513580322266
3686	gpt2	3687	1844	19	underline	obj_rel	unexpected	The pilot that the consultant parks underline	0.002885461304686	0.002885461304686	10.36807918548584	10.36807918548584
3687	gpt2	3688	1844	19	underline	obj_rel	expected	The pilot that the consultant parks underlines	0.0028979457347304	0.0028979457347304	10.208688259124756	10.208688259124756
3688	gpt2	3689	1845	19	undermine	obj_rel	unexpected	The pilot that the consultant parks undermine	8.23364203483834e-08	8.23364203483834e-08	23.53389358520508	23.53389358520508
3689	gpt2	3690	1845	19	undermine	obj_rel	expected	The pilot that the consultant parks undermines	8.133655455822009e-07	8.133655455822009e-07	20.22959327697754	20.22959327697754
3690	gpt2	3691	1846	19	underperform	obj_rel	unexpected	The pilot that the consultant parks underperform	0.014855212837574058	0.014855212837574058	9.130252520243326	9.130252520243326
3691	gpt2	3692	1846	19	underperform	obj_rel	expected	The pilot that the consultant parks underperforms	0.0898858811657798	0.0898858811657798	8.20905109246572	8.20905109246572
3692	gpt2	3693	1847	19	underpin	obj_rel	unexpected	The pilot that the consultant parks underpin	6.155572407351428e-08	6.155572407351428e-08	23.95353126525879	23.95353126525879
3693	gpt2	3694	1847	19	underpin	obj_rel	expected	The pilot that the consultant parks underpins	0.0028410305367287834	0.0028410305367287834	11.897717952728271	11.897717952728271
3694	gpt2	3695	1848	19	underscore	obj_rel	unexpected	The pilot that the consultant parks underscore	1.6884929721072697e-07	1.6884929721072697e-07	22.49776077270508	22.49776077270508
3695	gpt2	3696	1848	19	underscore	obj_rel	expected	The pilot that the consultant parks underscores	1.8519945115258447e-06	1.8519945115258447e-06	19.04248809814453	19.04248809814453
3696	gpt2	3697	1849	19	understand	obj_rel	unexpected	The pilot that the consultant parks understand	5.367575681702874e-07	5.367575681702874e-07	20.829225540161133	20.829225540161133
3697	gpt2	3698	1849	19	understand	obj_rel	expected	The pilot that the consultant parks understands	1.3577524669017291e-06	1.3577524669017291e-06	19.49034881591797	19.49034881591797
3698	gpt2	3699	1850	19	undertake	obj_rel	unexpected	The pilot that the consultant parks undertake	1.3096631334974518e-07	1.3096631334974518e-07	22.864301681518555	22.864301681518555
3699	gpt2	3700	1850	19	undertake	obj_rel	expected	The pilot that the consultant parks undertakes	0.3662103374635137	0.3662103374635137	10.573387071490288	10.573387071490288
3700	gpt2	3701	1851	19	underwrite	obj_rel	unexpected	The pilot that the consultant parks underwrite	0.0028364844982888713	0.0028364844982888713	12.899317264556885	12.899317264556885
3701	gpt2	3702	1851	19	underwrite	obj_rel	expected	The pilot that the consultant parks underwrites	0.3348034280053676	0.3348034280053676	8.204768564978925	8.204768564978925
3702	gpt2	3703	1852	19	undo	obj_rel	unexpected	The pilot that the consultant parks undo	1.2715887010017468e-07	1.2715887010017468e-07	22.90686416625977	22.90686416625977
3703	gpt2	3704	1852	19	undo	obj_rel	expected	The pilot that the consultant parks undoes	0.004457063108702608	0.004457063108702608	12.662613630294798	12.662613630294798
3704	gpt2	3705	1853	19	undulate	obj_rel	unexpected	The pilot that the consultant parks undulate	0.00025032755524985825	0.00025032755524985825	14.743356227874754	14.743356227874754
3705	gpt2	3706	1853	19	undulate	obj_rel	expected	The pilot that the consultant parks undulates	0.0012181255240193082	0.0012181255240193082	13.598903656005858	13.598903656005858
3706	gpt2	3707	1854	19	unfold	obj_rel	unexpected	The pilot that the consultant parks unfold	2.5778874146453745e-07	2.5778874146453745e-07	21.88730812072754	21.88730812072754
3707	gpt2	3708	1854	19	unfold	obj_rel	expected	The pilot that the consultant parks unfolds	5.359432293516875e-07	5.359432293516875e-07	20.831417083740234	20.831417083740234
3708	gpt2	3709	1855	20	unite	obj_rel	unexpected	The manager that the senator shows unite	3.0485313828876315e-08	3.0485313828876315e-08	24.967309951782227	24.967309951782227
3709	gpt2	3710	1855	20	unite	obj_rel	expected	The manager that the senator shows unites	7.549576366725723e-05	7.549576366725723e-05	13.840884685516357	13.840884685516357
3710	gpt2	3711	1856	20	unleash	obj_rel	unexpected	The manager that the senator shows unleash	8.092644065982314e-08	8.092644065982314e-08	23.558813095092773	23.558813095092773
3711	gpt2	3712	1856	20	unleash	obj_rel	expected	The manager that the senator shows unleashes	0.457661790196445	0.457661790196445	12.692785672843456	12.692785672843456
3712	gpt2	3713	1857	20	unload	obj_rel	unexpected	The manager that the senator shows unload	0.0005423904094641073	0.0005423904094641073	12.205756187438965	12.205756187438965
3713	gpt2	3714	1857	20	unload	obj_rel	expected	The manager that the senator shows unloads	0.0006355384412017573	0.0006355384412017573	12.087079524993896	12.087079524993896
3714	gpt2	3715	1858	20	unmask	obj_rel	unexpected	The manager that the senator shows unmask	0.1918104322095928	0.1918104322095928	11.67252629995346	11.67252629995346
3715	gpt2	3716	1858	20	unmask	obj_rel	expected	The manager that the senator shows unmasks	0.27272715595730307	0.27272715595730307	8.964308321475983	8.964308321475983
3716	gpt2	3717	1859	20	unplug	obj_rel	unexpected	The manager that the senator shows unplug	0.0016214156803471072	0.0016214156803471072	11.396276473999023	11.396276473999023
3717	gpt2	3718	1859	20	unplug	obj_rel	expected	The manager that the senator shows unplugs	0.016492836149457905	0.016492836149457905	9.253638426462809	9.253638426462809
3718	gpt2	3719	1860	20	unravel	obj_rel	unexpected	The manager that the senator shows unravel	3.515549167332211e-07	3.515549167332211e-07	21.439746856689453	21.439746856689453
3719	gpt2	3720	1860	20	unravel	obj_rel	expected	The manager that the senator shows unravels	0.10296165639498156	0.10296165639498156	11.859785079956055	11.859785079956055
3720	gpt2	3721	1861	20	unveil	obj_rel	unexpected	The manager that the senator shows unveil	9.167928283204675e-08	9.167928283204675e-08	23.37882804870605	23.37882804870605
3721	gpt2	3722	1861	20	unveil	obj_rel	expected	The manager that the senator shows unveils	0.4970912283763482	0.4970912283763482	10.286371848080307	10.286371848080307
3722	gpt2	3723	1862	20	unwind	obj_rel	unexpected	The manager that the senator shows unwind	0.0003562850174602883	0.0003562850174602883	14.281014442443848	14.281014442443848
3723	gpt2	3724	1862	20	unwind	obj_rel	expected	The manager that the senator shows unwinds	0.21474426868341345	0.21474426868341345	9.732657154401144	9.732657154401144
3724	gpt2	3725	1863	20	update	obj_rel	unexpected	The manager that the senator shows update	5.491924639500212e-07	5.491924639500212e-07	20.79618453979492	20.79618453979492
3725	gpt2	3726	1863	20	update	obj_rel	expected	The manager that the senator shows updates	2.257005689898506e-06	2.257005689898506e-06	18.757158279418945	18.757158279418945
3726	gpt2	3727	1864	20	upgrade	obj_rel	unexpected	The manager that the senator shows upgrade	7.375379027507734e-07	7.375379027507734e-07	20.370779037475582	20.370779037475582
3727	gpt2	3728	1864	20	upgrade	obj_rel	expected	The manager that the senator shows upgrades	6.468551418947754e-07	6.468551418947754e-07	20.56005477905273	20.56005477905273
3728	gpt2	3729	1865	20	uphold	obj_rel	unexpected	The manager that the senator shows uphold	3.045914809263195e-07	3.045914809263195e-07	21.64662170410156	21.64662170410156
3729	gpt2	3730	1865	20	uphold	obj_rel	expected	The manager that the senator shows upholds	0.48797253102651444	0.48797253102651444	10.840875176712869	10.840875176712869
3730	gpt2	3731	1866	20	upset	obj_rel	unexpected	The manager that the senator shows upset	1.14433223643573e-05	1.14433223643573e-05	16.41513442993164	16.41513442993164
3731	gpt2	3732	1866	20	upset	obj_rel	expected	The manager that the senator shows upsets	0.044904243901328286	0.044904243901328286	10.127666115760803	10.127666115760803
3732	gpt2	3733	1867	20	urge	obj_rel	unexpected	The manager that the senator shows urge	1.1289006351944408e-06	1.1289006351944408e-06	19.756650924682617	19.756650924682617
3733	gpt2	3734	1867	20	urge	obj_rel	expected	The manager that the senator shows urges	4.8317856453650165e-06	4.8317856453650165e-06	17.659011840820312	17.659011840820312
3734	gpt2	3735	1868	20	use	obj_rel	unexpected	The manager that the senator shows use	8.910135511541739e-05	8.910135511541739e-05	13.454193115234377	13.454193115234377
3735	gpt2	3736	1868	20	use	obj_rel	expected	The manager that the senator shows uses	5.03668052260764e-05	5.03668052260764e-05	14.277167320251465	14.277167320251465
3736	gpt2	3737	1869	20	usurp	obj_rel	unexpected	The manager that the senator shows usurp	0.10329157056317227	0.10329157056317227	11.97943890094757	11.97943890094757
3737	gpt2	3738	1869	20	usurp	obj_rel	expected	The manager that the senator shows usurps	0.09582180472121136	0.09582180472121136	12.033587217330933	12.033587217330933
3738	gpt2	3739	1870	20	utilize	obj_rel	unexpected	The manager that the senator shows utilize	2.1107933889652489e-07	2.1107933889652489e-07	22.175710678100582	22.175710678100582
3739	gpt2	3740	1870	20	utilize	obj_rel	expected	The manager that the senator shows utilizes	1.2378887959130225e-06	1.2378887959130225e-06	19.623687744140625	19.623687744140625
3740	gpt2	3741	1871	20	vacate	obj_rel	unexpected	The manager that the senator shows vacate	0.004002277323991127	0.004002277323991127	13.180748462677004	13.180748462677004
3741	gpt2	3742	1871	20	vacate	obj_rel	expected	The manager that the senator shows vacates	0.0020519691091180764	0.0020519691091180764	13.662778854370119	13.662778854370119
3742	gpt2	3743	1872	20	vacillate	obj_rel	unexpected	The manager that the senator shows vacillate	0.18530087184099855	0.18530087184099855	9.472795565923056	9.472795565923056
3743	gpt2	3744	1872	20	vacillate	obj_rel	expected	The manager that the senator shows vacillates	0.230144611282905	0.230144611282905	7.7031868298848485	7.7031868298848485
3744	gpt2	3745	1873	20	vacuum	obj_rel	unexpected	The manager that the senator shows vacuum	4.0802106582304987e-08	4.0802106582304987e-08	24.546781539916992	24.546781539916992
3745	gpt2	3746	1873	20	vacuum	obj_rel	expected	The manager that the senator shows vacuums	0.10030859091258056	0.10030859091258056	8.328365405400595	8.328365405400595
3746	gpt2	3747	1874	20	value	obj_rel	unexpected	The manager that the senator shows value	6.375613156706095e-05	6.375613156706095e-05	13.937076568603516	13.937076568603516
3747	gpt2	3748	1874	20	value	obj_rel	expected	The manager that the senator shows values	1.556296228955034e-05	1.556296228955034e-05	15.971524238586426	15.971524238586426
3748	gpt2	3749	1875	20	vanish	obj_rel	unexpected	The manager that the senator shows vanish	2.037401891641366e-08	2.037401891641366e-08	25.548694610595703	25.548694610595703
3749	gpt2	3750	1875	20	vanish	obj_rel	expected	The manager that the senator shows vanishes	0.2702934873469758	0.2702934873469758	9.740006804466248	9.740006804466248
3750	gpt2	3751	1876	20	vary	obj_rel	unexpected	The manager that the senator shows vary	4.13468825399832e-07	4.13468825399832e-07	21.205718994140625	21.205718994140625
3751	gpt2	3752	1876	20	vary	obj_rel	expected	The manager that the senator shows varies	1.178173715743469e-05	1.178173715743469e-05	16.373088836669922	16.373088836669922
3752	gpt2	3753	1877	20	vault	obj_rel	unexpected	The manager that the senator shows vault	4.254287233607101e-08	4.254287233607101e-08	24.486507415771484	24.486507415771484
3753	gpt2	3754	1877	20	vault	obj_rel	expected	The manager that the senator shows vaults	0.005914824333103732	0.005914824333103732	11.689187049865723	11.689187049865723
3754	gpt2	3755	1878	20	veer	obj_rel	unexpected	The manager that the senator shows veer	0.031183223842504035	0.031183223842504035	11.043776988983154	11.043776988983154
3755	gpt2	3756	1878	20	veer	obj_rel	expected	The manager that the senator shows veers	0.038591593175055984	0.038591593175055984	10.890010833740234	10.890010833740234
3756	gpt2	3757	1879	20	venture	obj_rel	unexpected	The manager that the senator shows venture	1.0020259821885703e-07	1.0020259821885703e-07	23.25057601928711	23.25057601928711
3757	gpt2	3758	1879	20	venture	obj_rel	expected	The manager that the senator shows ventures	1.5135307762648156e-07	1.5135307762648156e-07	22.65557861328125	22.65557861328125
3758	gpt2	3759	1880	20	vent	obj_rel	unexpected	The manager that the senator shows vent	7.033233941911021e-07	7.033233941911021e-07	20.439308166503903	20.439308166503903
3759	gpt2	3760	1880	20	vent	obj_rel	expected	The manager that the senator shows vents	1.91699342622087e-07	1.91699342622087e-07	22.31465148925781	22.31465148925781
3760	gpt2	3761	1881	20	verify	obj_rel	unexpected	The manager that the senator shows verify	4.6319229340952006e-08	4.6319229340952006e-08	24.363813400268555	24.363813400268555
3761	gpt2	3762	1881	20	verify	obj_rel	expected	The manager that the senator shows verifies	0.0005170461253100992	0.0005170461253100992	14.612130641937256	14.612130641937256
3762	gpt2	3763	1882	20	veto	obj_rel	unexpected	The manager that the senator shows veto	5.997630523779662e-06	5.997630523779662e-06	17.34717559814453	17.34717559814453
3763	gpt2	3764	1882	20	veto	obj_rel	expected	The manager that the senator shows vetoes	0.307266283736908	0.307266283736908	9.024814188480377	9.024814188480377
3764	gpt2	3765	1883	20	view	obj_rel	unexpected	The manager that the senator shows view	1.2948693438374905e-05	1.2948693438374905e-05	16.236833572387695	16.236833572387695
3765	gpt2	3766	1883	20	view	obj_rel	expected	The manager that the senator shows views	5.359678107197397e-05	5.359678107197397e-05	14.187494277954102	14.187494277954102
3766	gpt2	3767	1884	20	violate	obj_rel	unexpected	The manager that the senator shows violate	3.749112522655196e-07	3.749112522655196e-07	21.346946716308597	21.346946716308597
3767	gpt2	3768	1884	20	violate	obj_rel	expected	The manager that the senator shows violates	2.2696804080624133e-06	2.2696804080624133e-06	18.74907875061035	18.74907875061035
3768	gpt2	3769	1885	20	visit	obj_rel	unexpected	The manager that the senator shows visit	7.563862709503155e-06	7.563862709503155e-06	17.0124454498291	17.0124454498291
3769	gpt2	3770	1885	20	visit	obj_rel	expected	The manager that the senator shows visits	2.1672080038115386e-05	2.1672080038115386e-05	15.493803024291992	15.493803024291992
3770	gpt2	3771	1886	20	visualize	obj_rel	unexpected	The manager that the senator shows visualize	2.321448633324508e-08	2.321448633324508e-08	25.36039924621582	25.36039924621582
3771	gpt2	3772	1886	20	visualize	obj_rel	expected	The manager that the senator shows visualizes	0.0004947415300193462	0.0004947415300193462	14.410144329071045	14.410144329071045
3772	gpt2	3773	1887	20	vitiate	obj_rel	unexpected	The manager that the senator shows vitiate	0.0023633576265637544	0.0023633576265637544	11.144986947377523	11.144986947377523
3773	gpt2	3774	1887	20	vitiate	obj_rel	expected	The manager that the senator shows vitiates	0.029990682156797722	0.029990682156797722	9.742281754811605	9.742281754811605
3774	gpt2	3775	1888	20	voice	obj_rel	unexpected	The manager that the senator shows voice	7.499104867747519e-06	7.499104867747519e-06	17.024850845336914	17.024850845336914
3775	gpt2	3776	1888	20	voice	obj_rel	expected	The manager that the senator shows voices	5.040288897362188e-07	5.040288897362188e-07	20.91999053955078	20.91999053955078
3776	gpt2	3777	1889	20	void	obj_rel	unexpected	The manager that the senator shows void	3.007329780757573e-07	3.007329780757573e-07	21.665014266967773	21.665014266967773
3777	gpt2	3778	1889	20	void	obj_rel	expected	The manager that the senator shows voids	0.13742570714539679	0.13742570714539679	11.764146029949188	11.764146029949188
3778	gpt2	3779	1890	20	volunteer	obj_rel	unexpected	The manager that the senator shows volunteer	1.644321173444041e-06	1.644321173444041e-06	19.21407699584961	19.21407699584961
3779	gpt2	3780	1890	20	volunteer	obj_rel	expected	The manager that the senator shows volunteers	6.555723302881233e-06	6.555723302881233e-06	17.218812942504883	17.218812942504883
3780	gpt2	3781	1891	20	vote	obj_rel	unexpected	The manager that the senator shows vote	1.6166753994184546e-05	1.6166753994184546e-05	15.916610717773438	15.916610717773438
3781	gpt2	3782	1891	20	vote	obj_rel	expected	The manager that the senator shows votes	0.0001762809260981	0.0001762809260981	12.469836235046388	12.469836235046388
3782	gpt2	3783	1892	20	wade	obj_rel	unexpected	The manager that the senator shows wade	0.0004083734156665684	0.0004083734156665684	12.933406352996826	12.933406352996826
3783	gpt2	3784	1892	20	wade	obj_rel	expected	The manager that the senator shows wades	0.0007047227036309683	0.0007047227036309683	12.532045841217041	12.532045841217041
3784	gpt2	3785	1893	20	wad	obj_rel	unexpected	The manager that the senator shows wad	0.0015934105531414185	0.0015934105531414185	11.937629699707031	11.937629699707031
3785	gpt2	3786	1893	20	wad	obj_rel	expected	The manager that the senator shows wads	0.0031719435273771185	0.0031719435273771185	11.438681840896606	11.438681840896606
3786	gpt2	3787	1894	20	wage	obj_rel	unexpected	The manager that the senator shows wage	4.462076788058767e-07	4.462076788058767e-07	21.095781326293945	21.095781326293945
3787	gpt2	3788	1894	20	wage	obj_rel	expected	The manager that the senator shows wages	1.847927933340543e-06	1.847927933340543e-06	19.0456600189209	19.0456600189209
3788	gpt2	3789	1895	20	wail	obj_rel	unexpected	The manager that the senator shows wail	0.00035753277825276836	0.00035753277825276836	13.031962394714355	13.031962394714355
3789	gpt2	3790	1895	20	wail	obj_rel	expected	The manager that the senator shows wails	0.0012679306591962683	0.0012679306591962683	12.103652000427246	12.103652000427246
3790	gpt2	3791	1896	20	wait	obj_rel	unexpected	The manager that the senator shows wait	2.208190153396572e-06	2.208190153396572e-06	18.78870391845703	18.78870391845703
3791	gpt2	3792	1896	20	wait	obj_rel	expected	The manager that the senator shows waits	1.0392781177870347e-06	1.0392781177870347e-06	19.875986099243164	19.875986099243164
3792	gpt2	3793	1897	20	waive	obj_rel	unexpected	The manager that the senator shows waive	1.1537461830357645e-07	1.1537461830357645e-07	23.04717063903809	23.04717063903809
3793	gpt2	3794	1897	20	waive	obj_rel	expected	The manager that the senator shows waives	0.0953627510516526	0.0953627510516526	8.73970913887024	8.73970913887024
3794	gpt2	3795	1898	20	walk	obj_rel	unexpected	The manager that the senator shows walk	4.000346507382346e-06	4.000346507382346e-06	17.93144416809082	17.93144416809082
3795	gpt2	3796	1898	20	walk	obj_rel	expected	The manager that the senator shows walks	6.90207207298954e-06	6.90207207298954e-06	17.14453887939453	17.14453887939453
3796	gpt2	3797	1899	20	wall	obj_rel	unexpected	The manager that the senator shows wall	2.242159780507791e-06	2.242159780507791e-06	18.766679763793945	18.766679763793945
3797	gpt2	3798	1899	20	wall	obj_rel	expected	The manager that the senator shows walls	6.591101850972336e-07	6.591101850972336e-07	20.53297615051269	20.53297615051269
3798	gpt2	3799	1900	20	wander	obj_rel	unexpected	The manager that the senator shows wander	1.219938354779515e-07	1.219938354779515e-07	22.96668815612793	22.96668815612793
3799	gpt2	3800	1900	20	wander	obj_rel	expected	The manager that the senator shows wanders	0.4929961562877594	0.4929961562877594	10.606249307282269	10.606249307282269
3800	gpt2	3801	1901	20	wane	obj_rel	unexpected	The manager that the senator shows wane	0.0002952074491986184	0.0002952074491986184	13.174650192260742	13.174650192260742
3801	gpt2	3802	1901	20	wane	obj_rel	expected	The manager that the senator shows wanes	0.0006326111533780684	0.0006326111533780684	12.611130237579346	12.611130237579346
3802	gpt2	3803	1902	20	want	obj_rel	unexpected	The manager that the senator shows want	0.0001066468685166	0.0001066468685166	13.194870948791504	13.194870948791504
3803	gpt2	3804	1902	20	want	obj_rel	expected	The manager that the senator shows wants	0.0002143161837011	0.0002143161837011	12.187971115112305	12.187971115112305
3804	gpt2	3805	1903	20	ward	obj_rel	unexpected	The manager that the senator shows ward	1.0595576895866543e-06	1.0595576895866543e-06	19.848106384277344	19.848106384277344
3805	gpt2	3806	1903	20	ward	obj_rel	expected	The manager that the senator shows wards	1.7472544300289885e-07	1.7472544300289885e-07	22.448406219482425	22.448406219482425
3806	gpt2	3807	1904	20	warm	obj_rel	unexpected	The manager that the senator shows warm	1.7686481442069635e-05	1.7686481442069635e-05	15.786993026733398	15.786993026733398
3807	gpt2	3808	1904	20	warm	obj_rel	expected	The manager that the senator shows warms	0.0008283715910692907	0.0008283715910692907	12.7012038230896	12.7012038230896
3808	gpt2	3809	1905	20	warn	obj_rel	unexpected	The manager that the senator shows warn	1.0896241775526505e-07	1.0896241775526505e-07	23.12966537475586	23.12966537475586
3809	gpt2	3810	1905	20	warn	obj_rel	expected	The manager that the senator shows warns	3.150163934151351e-07	3.150163934151351e-07	21.59807014465332	21.59807014465332
3810	gpt2	3811	1906	20	warrant	obj_rel	unexpected	The manager that the senator shows warrant	4.225755674269749e-06	4.225755674269749e-06	17.852359771728516	17.852359771728516
3811	gpt2	3812	1906	20	warrant	obj_rel	expected	The manager that the senator shows warrants	2.539199340390041e-05	2.539199340390041e-05	15.265266418457031	15.265266418457031
3812	gpt2	3813	1907	20	wash	obj_rel	unexpected	The manager that the senator shows wash	6.875972644593276e-07	6.875972644593276e-07	20.471933364868164	20.471933364868164
3813	gpt2	3814	1907	20	wash	obj_rel	expected	The manager that the senator shows washes	0.012998486541619047	0.012998486541619047	9.588254928588867	9.588254928588867
3814	gpt2	3815	1908	20	waste	obj_rel	unexpected	The manager that the senator shows waste	1.0731195061453036e-06	1.0731195061453036e-06	19.829757690429688	19.829757690429688
3815	gpt2	3816	1908	20	waste	obj_rel	expected	The manager that the senator shows wastes	3.5515267171604143e-08	3.5515267171604143e-08	24.746984481811523	24.746984481811523
3816	gpt2	3817	1909	20	watch	obj_rel	unexpected	The manager that the senator shows watch	1.7378701159032062e-05	1.7378701159032062e-05	15.8123197555542	15.8123197555542
3817	gpt2	3818	1909	20	watch	obj_rel	expected	The manager that the senator shows watches	1.1434944099164568e-05	1.1434944099164568e-05	16.41619110107422	16.41619110107422
3818	gpt2	3819	1910	20	water	obj_rel	unexpected	The manager that the senator shows water	1.6132007658598013e-05	1.6132007658598013e-05	15.919713973999023	15.919713973999023
3819	gpt2	3820	1910	20	water	obj_rel	expected	The manager that the senator shows waters	1.0330688837711933e-07	1.0330688837711933e-07	23.20656013488769	23.20656013488769
3820	gpt2	3821	1911	20	weaken	obj_rel	unexpected	The manager that the senator shows weaken	3.321746433471162e-08	3.321746433471162e-08	24.843482971191406	24.843482971191406
3821	gpt2	3822	1911	20	weaken	obj_rel	expected	The manager that the senator shows weakens	0.0009040525251293559	0.0009040525251293559	13.041269779205322	13.041269779205322
3822	gpt2	3823	1912	20	wear	obj_rel	unexpected	The manager that the senator shows wear	2.48177966568619e-05	2.48177966568619e-05	15.29826545715332	15.29826545715332
3823	gpt2	3824	1912	20	wear	obj_rel	expected	The manager that the senator shows wears	1.7296690202783793e-05	1.7296690202783793e-05	15.819144248962402	15.819144248962402
3824	gpt2	3825	1913	20	weather	obj_rel	unexpected	The manager that the senator shows weather	1.933555722644087e-06	1.933555722644087e-06	18.98031234741211	18.98031234741211
3825	gpt2	3826	1913	20	weather	obj_rel	expected	The manager that the senator shows weathers	0.000878715836279272	0.000878715836279272	14.067108154296875	14.067108154296875
3826	gpt2	3827	1914	20	wedge	obj_rel	unexpected	The manager that the senator shows wedge	8.711931798188743e-08	8.711931798188743e-08	23.45243263244629	23.45243263244629
3827	gpt2	3828	1914	20	wedge	obj_rel	expected	The manager that the senator shows wedges	0.06020084851766682	0.06020084851766682	11.787364602088928	11.787364602088928
3828	gpt2	3829	1915	20	weight	obj_rel	unexpected	The manager that the senator shows weight	1.2620012967090588e-05	1.2620012967090588e-05	16.273927688598633	16.273927688598633
3829	gpt2	3830	1915	20	weight	obj_rel	expected	The manager that the senator shows weights	2.2008232463122117e-06	2.2008232463122117e-06	18.79352569580078	18.79352569580078
3830	gpt2	3831	1916	20	weigh	obj_rel	unexpected	The manager that the senator shows weigh	2.2108945074705846e-07	2.2108945074705846e-07	22.10886573791504	22.10886573791504
3831	gpt2	3832	1916	20	weigh	obj_rel	expected	The manager that the senator shows weighs	7.480158501493861e-07	7.480158501493861e-07	20.35042762756348	20.35042762756348
3832	gpt2	3833	1917	20	welcome	obj_rel	unexpected	The manager that the senator shows welcome	1.826594029807893e-06	1.826594029807893e-06	19.06241226196289	19.06241226196289
3833	gpt2	3834	1917	20	welcome	obj_rel	expected	The manager that the senator shows welcomes	1.0073028988699662e-06	1.0073028988699662e-06	19.921070098876957	19.921070098876957
3834	gpt2	3835	1918	20	whack	obj_rel	unexpected	The manager that the senator shows whack	0.034932048583186735	0.034932048583186735	10.521384477615356	10.521384477615356
3835	gpt2	3836	1918	20	whack	obj_rel	expected	The manager that the senator shows whacks	0.006120762379623534	0.006120762379623534	11.778090715408325	11.778090715408325
3836	gpt2	3837	1919	20	whip	obj_rel	unexpected	The manager that the senator shows whip	8.818758487905143e-07	8.818758487905143e-07	20.1129207611084	20.1129207611084
3837	gpt2	3838	1919	20	whip	obj_rel	expected	The manager that the senator shows whips	0.06932339590207448	0.06932339590207448	10.026955008506775	10.026955008506775
3838	gpt2	3839	1920	20	widen	obj_rel	unexpected	The manager that the senator shows widen	6.527496321240278e-09	6.527496321240278e-09	27.19082260131836	27.19082260131836
3839	gpt2	3840	1920	20	widen	obj_rel	expected	The manager that the senator shows widens	0.2531330141942867	0.2531330141942867	12.1929130256176	12.1929130256176
3840	gpt2	3841	1921	20	will	obj_rel	unexpected	The manager that the senator shows will	0.0024570452515035	0.0024570452515035	8.668859481811523	8.668859481811523
3841	gpt2	3842	1921	20	will	obj_rel	expected	The manager that the senator shows wills	2.800980212214199e-07	2.800980212214199e-07	21.76756477355957	21.76756477355957
3842	gpt2	3843	1922	20	wimp	obj_rel	unexpected	The manager that the senator shows wimp	0.0005640147055600684	0.0005640147055600684	12.695371627807617	12.695371627807617
3843	gpt2	3844	1922	20	wimp	obj_rel	expected	The manager that the senator shows wimps	0.04247633285740444	0.04247633285740444	9.798893928527832	9.798893928527832
3844	gpt2	3845	1923	20	wind	obj_rel	unexpected	The manager that the senator shows wind	9.129330464929808e-06	9.129330464929808e-06	16.741060256958008	16.741060256958008
3845	gpt2	3846	1923	20	wind	obj_rel	expected	The manager that the senator shows winds	2.337622163395281e-06	2.337622163395281e-06	18.706525802612305	18.706525802612305
3846	gpt2	3847	1924	20	win	obj_rel	unexpected	The manager that the senator shows win	3.038709337488399e-06	3.038709337488399e-06	18.328109741210938	18.328109741210938
3847	gpt2	3848	1924	20	win	obj_rel	expected	The manager that the senator shows wins	1.5019143575045746e-05	1.5019143575045746e-05	16.022838592529297	16.022838592529297
3848	gpt2	3849	1925	20	wipe	obj_rel	unexpected	The manager that the senator shows wipe	1.0154786878047163e-07	1.0154786878047163e-07	23.23133659362793	23.23133659362793
3849	gpt2	3850	1925	20	wipe	obj_rel	expected	The manager that the senator shows wipes	2.043121440920004e-07	2.043121440920004e-07	22.22272109985352	22.22272109985352
3850	gpt2	3851	1926	20	wire	obj_rel	unexpected	The manager that the senator shows wire	3.76993625650357e-07	3.76993625650357e-07	21.338956832885746	21.338956832885746
3851	gpt2	3852	1926	20	wire	obj_rel	expected	The manager that the senator shows wires	3.1129883382163825e-07	3.1129883382163825e-07	21.615196228027344	21.615196228027344
3852	gpt2	3853	1927	20	wish	obj_rel	unexpected	The manager that the senator shows wish	1.8957462089019828e-05	1.8957462089019828e-05	15.686874389648438	15.686874389648438
3853	gpt2	3854	1927	20	wish	obj_rel	expected	The manager that the senator shows wishes	2.5099614504142664e-05	2.5099614504142664e-05	15.281974792480469	15.281974792480469
3854	gpt2	3855	1928	20	withdraw	obj_rel	unexpected	The manager that the senator shows withdraw	2.5295096861555066e-07	2.5295096861555066e-07	21.91463851928711	21.91463851928711
3855	gpt2	3856	1928	20	withdraw	obj_rel	expected	The manager that the senator shows withdraws	0.4849980248157095	0.4849980248157095	10.979294061660767	10.979294061660767
3856	gpt2	3857	1929	20	withhold	obj_rel	unexpected	The manager that the senator shows withhold	6.329735668941795e-08	6.329735668941795e-08	23.913278579711918	23.913278579711918
3857	gpt2	3858	1929	20	withhold	obj_rel	expected	The manager that the senator shows withholds	0.49611777251820044	0.49611777251820044	11.962262047454717	11.962262047454717
3858	gpt2	3859	1930	20	withstand	obj_rel	unexpected	The manager that the senator shows withstand	2.4920524310800832e-08	2.4920524310800832e-08	25.25809097290039	25.25809097290039
3859	gpt2	3860	1930	20	withstand	obj_rel	expected	The manager that the senator shows withstands	0.48029954487374477	0.48029954487374477	12.658042339608073	12.658042339608073
3860	gpt2	3861	1931	20	witness	obj_rel	unexpected	The manager that the senator shows witness	4.03367739636451e-05	4.03367739636451e-05	14.59754467010498	14.59754467010498
3861	gpt2	3862	1931	20	witness	obj_rel	expected	The manager that the senator shows witnesses	1.6189587768167257e-05	1.6189587768167257e-05	15.91457462310791	15.91457462310791
3862	gpt2	3863	1932	20	wonder	obj_rel	unexpected	The manager that the senator shows wonder	1.2460091056709643e-06	1.2460091056709643e-06	19.61425399780273	19.61425399780273
3863	gpt2	3864	1932	20	wonder	obj_rel	expected	The manager that the senator shows wonders	3.530131607476505e-06	3.530131607476505e-06	18.111846923828125	18.111846923828125
3864	gpt2	3865	1933	20	woo	obj_rel	unexpected	The manager that the senator shows woo	1.524803110442008e-06	1.524803110442008e-06	19.32294464111328	19.32294464111328
3865	gpt2	3866	1933	20	woo	obj_rel	expected	The manager that the senator shows wooes	0.000113771767587421	0.000113771767587421	15.71710729598999	15.71710729598999
3866	gpt2	3867	1934	20	work	obj_rel	unexpected	The manager that the senator shows work	6.123139610281214e-05	6.123139610281214e-05	13.995368957519531	13.995368957519531
3867	gpt2	3868	1934	20	work	obj_rel	expected	The manager that the senator shows works	4.068292400916107e-05	4.068292400916107e-05	14.585217475891112	14.585217475891112
3868	gpt2	3869	1935	20	worry	obj_rel	unexpected	The manager that the senator shows worry	5.734517799282912e-06	5.734517799282912e-06	17.411895751953125	17.411895751953125
3869	gpt2	3870	1935	20	worry	obj_rel	expected	The manager that the senator shows worries	3.635194389062235e-06	3.635194389062235e-06	18.069536209106445	18.069536209106445
3870	gpt2	3871	1936	20	worsen	obj_rel	unexpected	The manager that the senator shows worsen	4.3629569290715153e-08	4.3629569290715153e-08	24.450119018554688	24.450119018554688
3871	gpt2	3872	1936	20	worsen	obj_rel	expected	The manager that the senator shows worsens	0.0005652570099385575	0.0005652570099385575	15.579393386840824	15.579393386840824
3872	gpt2	3873	1937	20	wound	obj_rel	unexpected	The manager that the senator shows wound	7.24534947948996e-06	7.24534947948996e-06	17.074512481689453	17.074512481689453
3873	gpt2	3874	1937	20	wound	obj_rel	expected	The manager that the senator shows wounds	4.105472726223525e-06	4.105472726223525e-06	17.894020080566406	17.894020080566406
3874	gpt2	3875	1938	20	wrap	obj_rel	unexpected	The manager that the senator shows wrap	2.538751289193897e-07	2.538751289193897e-07	21.90937805175781	21.90937805175781
3875	gpt2	3876	1938	20	wrap	obj_rel	expected	The manager that the senator shows wraps	3.821103291556938e-07	3.821103291556938e-07	21.319507598876957	21.319507598876957
3876	gpt2	3877	1939	20	wreak	obj_rel	unexpected	The manager that the senator shows wreak	0.009791355476139059	0.009791355476139059	14.696506977081299	14.696506977081299
3877	gpt2	3878	1939	20	wreak	obj_rel	expected	The manager that the senator shows wreaks	0.05260972575133846	0.05260972575133846	13.483630299568176	13.483630299568176
3878	gpt2	3879	1940	20	wreck	obj_rel	unexpected	The manager that the senator shows wreck	3.1276292133952666e-07	3.1276292133952666e-07	21.60842704772949	21.60842704772949
3879	gpt2	3880	1940	20	wreck	obj_rel	expected	The manager that the senator shows wrecks	0.30734658882802535	0.30734658882802535	12.2103973031044	12.2103973031044
3880	gpt2	3881	1941	20	wrestle	obj_rel	unexpected	The manager that the senator shows wrestle	9.697013325649097e-08	9.697013325649097e-08	23.29788398742676	23.29788398742676
3881	gpt2	3882	1941	20	wrestle	obj_rel	expected	The manager that the senator shows wrestles	0.06798212899344232	0.06798212899344232	12.785775184631348	12.785775184631348
3882	gpt2	3883	1942	20	wrest	obj_rel	unexpected	The manager that the senator shows wrest	1.4749322474472137e-07	1.4749322474472137e-07	22.692848205566406	22.692848205566406
3883	gpt2	3884	1942	20	wrest	obj_rel	expected	The manager that the senator shows wrests	0.0007176412011702224	0.0007176412011702224	16.06872320175171	16.06872320175171
3884	gpt2	3885	1943	20	wring	obj_rel	unexpected	The manager that the senator shows wring	0.0022771321915797307	0.0022771321915797307	13.701609134674072	13.701609134674072
3885	gpt2	3886	1943	20	wring	obj_rel	expected	The manager that the senator shows wrings	0.02790508449345448	0.02790508449345448	11.893810033798218	11.893810033798218
3886	gpt2	3887	1944	20	write	obj_rel	unexpected	The manager that the senator shows write	5.6365743148489855e-06	5.6365743148489855e-06	17.436750411987305	17.436750411987305
3887	gpt2	3888	1944	20	write	obj_rel	expected	The manager that the senator shows writes	1.670712435952737e-06	1.670712435952737e-06	19.191104888916016	19.191104888916016
3888	gpt2	3889	1945	20	yank	obj_rel	unexpected	The manager that the senator shows yank	0.0021771000469925582	0.0021771000469925582	12.43807601928711	12.43807601928711
3889	gpt2	3890	1945	20	yank	obj_rel	expected	The manager that the senator shows yanks	0.013177470188111308	0.013177470188111308	11.138245105743408	11.138245105743408
3890	gpt2	3891	1946	20	yield	obj_rel	unexpected	The manager that the senator shows yield	9.150838309324172e-07	9.150838309324172e-07	20.059593200683597	20.059593200683597
3891	gpt2	3892	1946	20	yield	obj_rel	expected	The manager that the senator shows yields	1.615731207493809e-06	1.615731207493809e-06	19.239381790161133	19.239381790161133
3892	gpt2	3893	1947	20	zero	obj_rel	unexpected	The manager that the senator shows zero	0.0001328041835222	0.0001328041835222	12.878411293029783	12.878411293029783
3893	gpt2	3894	1947	20	zero	obj_rel	expected	The manager that the senator shows zeroes	0.3469432355920314	0.3469432355920314	6.915448411057393	6.915448411057393
3894	gpt2	3895	1948	20	zip	obj_rel	unexpected	The manager that the senator shows zip	2.2725046164850937e-06	2.2725046164850937e-06	18.747285842895508	18.747285842895508
3895	gpt2	3896	1948	20	zip	obj_rel	expected	The manager that the senator shows zips	0.010193452158546248	0.010193452158546248	11.18418002128601	11.18418002128601
3896	gpt2	3897	1949	20	zoom	obj_rel	unexpected	The manager that the senator shows zoom	3.339672502988833e-07	3.339672502988833e-07	21.513790130615234	21.513790130615234
3897	gpt2	3898	1949	20	zoom	obj_rel	expected	The manager that the senator shows zooms	0.27475302850746175	0.27475302850746175	9.95919194817543	9.95919194817543
3898	gpt2	3899	1950	20	were	obj_rel	unexpected	The manager that the senator shows were	0.0014999348204582	0.0014999348204582	9.380884170532228	9.380884170532228
3899	gpt2	3900	1950	20	were	obj_rel	expected	The manager that the senator shows was	0.025931891053915	0.025931891053915	5.269128799438477	5.269128799438477
3900	gpt2	3901	1951	20	staunch	obj_rel	unexpected	The manager that the senator shows staunch	8.513461011716572e-07	8.513461011716572e-07	20.16375160217285	20.16375160217285
3901	gpt2	3902	1951	20	staunch	obj_rel	expected	The manager that the senator shows staunches	0.005945546282115774	0.005945546282115774	9.442829132080078	9.442829132080078
