	model	sentid	pairid	contextid	lemma	condition	comparison	sentence	probsum	probmean	surpsum	surpmean
0	gpt2	1	1	1	abandon	sent_comp	unexpected	The farmer knows the customer abandon	5.132070768354424e-08	5.132070768354424e-08	24.215883255004883	24.215883255004883
1	gpt2	2	1	1	abandon	sent_comp	expected	The farmer knows the customer abandons	0.3531881978057451	0.3531881978057451	7.310665210398535	7.310665210398535
2	gpt2	3	2	1	abate	sent_comp	unexpected	The farmer knows the customer abate	0.0001307082684433917	0.0001307082684433917	14.92557144165039	14.92557144165039
3	gpt2	4	2	1	abate	sent_comp	expected	The farmer knows the customer abates	0.0011812956918219918	0.0011812956918219918	13.327668190002441	13.327668190002441
4	gpt2	5	3	1	abide	sent_comp	unexpected	The farmer knows the customer abide	6.606119740126816e-08	6.606119740126816e-08	23.851621627807617	23.851621627807617
5	gpt2	6	3	1	abide	sent_comp	expected	The farmer knows the customer abides	0.22093198596576258	0.22093198596576258	9.552905023097992	9.552905023097992
6	gpt2	7	4	1	abolish	sent_comp	unexpected	The farmer knows the customer abolish	1.88984050630836e-10	1.88984050630836e-10	32.30101776123047	32.30101776123047
7	gpt2	8	4	1	abolish	sent_comp	expected	The farmer knows the customer abolishes	0.43895957123097085	0.43895957123097085	13.883934259414673	13.883934259414673
8	gpt2	9	5	1	absorb	sent_comp	unexpected	The farmer knows the customer absorb	4.1278898521568415e-08	4.1278898521568415e-08	24.53001976013184	24.53001976013184
9	gpt2	10	5	1	absorb	sent_comp	expected	The farmer knows the customer absorbs	7.970724595907086e-07	7.970724595907086e-07	20.25878524780273	20.25878524780273
10	gpt2	11	6	1	abuse	sent_comp	unexpected	The farmer knows the customer abuse	1.9823085040115984e-06	1.9823085040115984e-06	18.94438743591309	18.94438743591309
11	gpt2	12	6	1	abuse	sent_comp	expected	The farmer knows the customer abuses	7.594469479954569e-07	7.594469479954569e-07	20.32854652404785	20.32854652404785
12	gpt2	13	7	1	accede	sent_comp	unexpected	The farmer knows the customer accede	0.00012950183111113368	0.00012950183111113368	15.254034519195557	15.254034519195557
13	gpt2	14	7	1	accede	sent_comp	expected	The farmer knows the customer accedes	0.0012170261044274838	0.0012170261044274838	13.631486892700195	13.631486892700195
14	gpt2	15	8	1	accelerate	sent_comp	unexpected	The farmer knows the customer accelerate	3.051118468988534e-09	3.051118468988534e-09	28.288015365600582	28.288015365600582
15	gpt2	16	8	1	accelerate	sent_comp	expected	The farmer knows the customer accelerates	0.49522199684708573	0.49522199684708573	11.575706378556788	11.575706378556788
16	gpt2	17	9	1	accept	sent_comp	unexpected	The farmer knows the customer accept	9.61229670792818e-06	9.61229670792818e-06	16.66668701171875	16.66668701171875
17	gpt2	18	9	1	accept	sent_comp	expected	The farmer knows the customer accepts	4.326674388721585e-05	4.326674388721585e-05	14.496381759643556	14.496381759643556
18	gpt2	19	10	1	access	sent_comp	unexpected	The farmer knows the customer access	1.6257648894679733e-05	1.6257648894679733e-05	15.90852165222168	15.90852165222168
19	gpt2	20	10	1	access	sent_comp	expected	The farmer knows the customer accesses	0.01076303260288114	0.01076303260288114	10.723691701889038	10.723691701889038
20	gpt2	21	11	1	acclaim	sent_comp	unexpected	The farmer knows the customer acclaim	6.812314836679434e-07	6.812314836679434e-07	20.4853515625	20.4853515625
21	gpt2	22	11	1	acclaim	sent_comp	expected	The farmer knows the customer acclaims	0.03946601015829283	0.03946601015829283	12.074304819107056	12.074304819107056
22	gpt2	23	12	1	accommodate	sent_comp	unexpected	The farmer knows the customer accommodate	1.2042759678365655e-08	1.2042759678365655e-08	26.30725860595703	26.30725860595703
23	gpt2	24	12	1	accommodate	sent_comp	expected	The farmer knows the customer accommodates	0.3425936824656901	0.3425936824656901	9.785866975784302	9.785866975784302
24	gpt2	25	13	1	accomodate	sent_comp	unexpected	The farmer knows the customer accomodate	0.2866636537733598	0.2866636537733598	6.602480214089155	6.602480214089155
25	gpt2	26	13	1	accomodate	sent_comp	expected	The farmer knows the customer accomodates	0.45016773555158807	0.45016773555158807	5.513535600155592	5.513535600155592
26	gpt2	27	14	1	accompany	sent_comp	unexpected	The farmer knows the customer accompany	9.055187710771406e-09	9.055187710771406e-09	26.71860885620117	26.71860885620117
27	gpt2	28	14	1	accompany	sent_comp	expected	The farmer knows the customer accompanies	5.448017077469558e-07	5.448017077469558e-07	20.80776596069336	20.80776596069336
28	gpt2	29	15	1	accomplish	sent_comp	unexpected	The farmer knows the customer accomplish	1.26652670573435e-08	1.26652670573435e-08	26.234546661376957	26.234546661376957
29	gpt2	30	15	1	accomplish	sent_comp	expected	The farmer knows the customer accomplishes	0.47469601586738713	0.47469601586738713	11.201794605702164	11.201794605702164
30	gpt2	31	16	1	accord	sent_comp	unexpected	The farmer knows the customer accord	8.549084640208093e-08	8.549084640208093e-08	23.47965431213379	23.47965431213379
31	gpt2	32	16	1	accord	sent_comp	expected	The farmer knows the customer accords	0.056766702750905985	0.056766702750905985	10.858939290046692	10.858939290046692
32	gpt2	33	17	1	account	sent_comp	unexpected	The farmer knows the customer account	2.094079536618665e-05	2.094079536618665e-05	15.54332447052002	15.54332447052002
33	gpt2	34	17	1	account	sent_comp	expected	The farmer knows the customer accounts	1.579030868015252e-05	1.579030868015252e-05	15.950600624084473	15.950600624084473
34	gpt2	35	18	1	accrue	sent_comp	unexpected	The farmer knows the customer accrue	0.004704117266669484	0.004704117266669484	12.655643463134766	12.655643463134766
35	gpt2	36	18	1	accrue	sent_comp	expected	The farmer knows the customer accrues	0.3441532595419781	0.3441532595419781	7.278464026749134	7.278464026749134
36	gpt2	37	19	1	accuse	sent_comp	unexpected	The farmer knows the customer accuse	2.326621739712209e-08	2.326621739712209e-08	25.357187271118164	25.357187271118164
37	gpt2	38	19	1	accuse	sent_comp	expected	The farmer knows the customer accuses	7.658998697479547e-07	7.658998697479547e-07	20.316341400146484	20.316341400146484
38	gpt2	39	20	1	achieve	sent_comp	unexpected	The farmer knows the customer achieve	6.336294688935595e-08	6.336294688935595e-08	23.911785125732425	23.911785125732425
39	gpt2	40	20	1	achieve	sent_comp	expected	The farmer knows the customer achieves	1.0773925396279085e-06	1.0773925396279085e-06	19.824024200439453	19.824024200439453
40	gpt2	41	21	1	acknowledge	sent_comp	unexpected	The farmer knows the customer acknowledge	1.1975743063885602e-07	1.1975743063885602e-07	22.99338150024414	22.99338150024414
41	gpt2	42	21	1	acknowledge	sent_comp	expected	The farmer knows the customer acknowledges	7.103470579750137e-06	7.103470579750137e-06	17.103044509887695	17.103044509887695
42	gpt2	43	22	1	acquire	sent_comp	unexpected	The farmer knows the customer acquire	6.115817541285652e-08	6.115817541285652e-08	23.962879180908203	23.962879180908203
43	gpt2	44	22	1	acquire	sent_comp	expected	The farmer knows the customer acquires	0.49573191188738974	0.49573191188738974	9.932219663169235	9.932219663169235
44	gpt2	45	23	1	acquit	sent_comp	unexpected	The farmer knows the customer acquit	0.00026648282420182963	0.00026648282420182963	15.364301204681396	15.364301204681396
45	gpt2	46	23	1	acquit	sent_comp	expected	The farmer knows the customer acquits	0.0010436398768547297	0.0010436398768547297	14.378480434417725	14.378480434417725
46	gpt2	47	24	1	act	sent_comp	unexpected	The farmer knows the customer act	2.325683453818783e-06	2.325683453818783e-06	18.713912963867188	18.713912963867188
47	gpt2	48	24	1	act	sent_comp	expected	The farmer knows the customer acts	7.308466592803597e-06	7.308466592803597e-06	17.062000274658203	17.062000274658203
48	gpt2	49	25	1	adapt	sent_comp	unexpected	The farmer knows the customer adapt	1.1844222171930596e-06	1.1844222171930596e-06	19.68738555908203	19.68738555908203
49	gpt2	50	25	1	adapt	sent_comp	expected	The farmer knows the customer adapts	0.4820687732490114	0.4820687732490114	9.87003824301064	9.87003824301064
50	gpt2	51	26	1	address	sent_comp	unexpected	The farmer knows the customer address	1.763082400429994e-05	1.763082400429994e-05	15.791540145874023	15.791540145874023
51	gpt2	52	26	1	address	sent_comp	expected	The farmer knows the customer addresses	2.323778062418569e-05	2.323778062418569e-05	15.393168449401855	15.393168449401855
52	gpt2	53	27	1	add	sent_comp	unexpected	The farmer knows the customer add	3.973921423039428e-07	3.973921423039428e-07	21.2629337310791	21.2629337310791
53	gpt2	54	27	1	add	sent_comp	expected	The farmer knows the customer adds	8.645446541777346e-06	8.645446541777346e-06	16.81962776184082	16.81962776184082
54	gpt2	55	28	1	adhere	sent_comp	unexpected	The farmer knows the customer adhere	3.1602336747482696e-08	3.1602336747482696e-08	24.915393829345703	24.915393829345703
55	gpt2	56	28	1	adhere	sent_comp	expected	The farmer knows the customer adheres	0.01679227584827455	0.01679227584827455	8.894599676132202	8.894599676132202
56	gpt2	57	29	1	adjust	sent_comp	unexpected	The farmer knows the customer adjust	1.4552581717452997e-07	1.4552581717452997e-07	22.712221145629883	22.712221145629883
57	gpt2	58	29	1	adjust	sent_comp	expected	The farmer knows the customer adjusts	8.774656521381985e-07	8.774656521381985e-07	20.120153427124023	20.120153427124023
58	gpt2	59	30	1	administer	sent_comp	unexpected	The farmer knows the customer administer	1.0401009831184638e-08	1.0401009831184638e-08	26.518701553344727	26.518701553344727
59	gpt2	60	30	1	administer	sent_comp	expected	The farmer knows the customer administers	0.42837211218591165	0.42837211218591165	9.991030253469944	9.991030253469944
60	gpt2	61	31	1	admit	sent_comp	unexpected	The farmer knows the customer admit	1.320798759252284e-07	1.320798759252284e-07	22.85208511352539	22.85208511352539
61	gpt2	62	31	1	admit	sent_comp	expected	The farmer knows the customer admits	4.957811142958235e-06	4.957811142958235e-06	17.621864318847656	17.621864318847656
62	gpt2	63	32	1	adopt	sent_comp	unexpected	The farmer knows the customer adopt	2.4451631475130853e-07	2.4451631475130853e-07	21.963565826416016	21.963565826416016
63	gpt2	64	32	1	adopt	sent_comp	expected	The farmer knows the customer adopts	0.49886917873107	0.49886917873107	9.84303141804412	9.84303141804412
64	gpt2	65	33	1	adorn	sent_comp	unexpected	The farmer knows the customer adorn	0.00100144076714055	0.00100144076714055	10.974753379821777	10.974753379821777
65	gpt2	66	33	1	adorn	sent_comp	expected	The farmer knows the customer adorns	0.0019144041216349501	0.0019144041216349501	10.483477115631104	10.483477115631104
66	gpt2	67	34	1	advance	sent_comp	unexpected	The farmer knows the customer advance	4.115096089662984e-06	4.115096089662984e-06	17.890642166137695	17.890642166137695
67	gpt2	68	34	1	advance	sent_comp	expected	The farmer knows the customer advances	3.6686528801510576e-06	3.6686528801510576e-06	18.05631828308105	18.05631828308105
68	gpt2	69	35	1	advantage	sent_comp	unexpected	The farmer knows the customer advantage	3.762793994610547e-06	3.762793994610547e-06	18.019763946533203	18.019763946533203
69	gpt2	70	35	1	advantage	sent_comp	expected	The farmer knows the customer advantages	6.909780267960741e-07	6.909780267960741e-07	20.46485710144043	20.46485710144043
70	gpt2	71	36	1	advise	sent_comp	unexpected	The farmer knows the customer advise	9.532609368534396e-08	9.532609368534396e-08	23.322553634643555	23.322553634643555
71	gpt2	72	36	1	advise	sent_comp	expected	The farmer knows the customer advises	1.099094902201614e-06	1.099094902201614e-06	19.79525184631348	19.79525184631348
72	gpt2	73	37	1	affect	sent_comp	unexpected	The farmer knows the customer affect	2.1028188257332658e-07	2.1028188257332658e-07	22.181171417236328	22.181171417236328
73	gpt2	74	37	1	affect	sent_comp	expected	The farmer knows the customer affects	1.9182141386409057e-06	1.9182141386409057e-06	18.991804122924805	18.991804122924805
74	gpt2	75	38	1	afford	sent_comp	unexpected	The farmer knows the customer afford	1.1044578513974557e-06	1.1044578513974557e-06	19.788230895996094	19.788230895996094
75	gpt2	76	38	1	afford	sent_comp	expected	The farmer knows the customer affords	0.3383383803779907	0.3383383803779907	9.268584549427032	9.268584549427032
76	gpt2	77	39	1	aggravate	sent_comp	unexpected	The farmer knows the customer aggravate	0.005290657733204336	0.005290657733204336	16.05246353149414	16.05246353149414
77	gpt2	78	39	1	aggravate	sent_comp	expected	The farmer knows the customer aggravates	0.4750567478915775	0.4750567478915775	12.808207768946888	12.808207768946888
78	gpt2	79	40	1	agonize	sent_comp	unexpected	The farmer knows the customer agonize	0.0007174912039360489	0.0007174912039360489	16.422441959381104	16.422441959381104
79	gpt2	80	40	1	agonize	sent_comp	expected	The farmer knows the customer agonizes	0.45342131005741493	0.45342131005741493	11.770558819174767	11.770558819174767
80	gpt2	81	41	1	agree	sent_comp	unexpected	The farmer knows the customer agree	1.8239602468383964e-06	1.8239602468383964e-06	19.06449508666992	19.06449508666992
81	gpt2	82	41	1	agree	sent_comp	expected	The farmer knows the customer agrees	0.0001409233664162	0.0001409233664162	12.792801856994627	12.792801856994627
82	gpt2	83	42	1	aid	sent_comp	unexpected	The farmer knows the customer aid	2.635634928083164e-07	2.635634928083164e-07	21.8553466796875	21.8553466796875
83	gpt2	84	42	1	aid	sent_comp	expected	The farmer knows the customer aids	3.8768340004935453e-07	3.8768340004935453e-07	21.29861831665039	21.29861831665039
84	gpt2	85	43	1	aim	sent_comp	unexpected	The farmer knows the customer aim	1.7828564580213427e-07	1.7828564580213427e-07	22.4193058013916	22.4193058013916
85	gpt2	86	43	1	aim	sent_comp	expected	The farmer knows the customer aims	3.4265856356796576e-06	3.4265856356796576e-06	18.1547966003418	18.1547966003418
86	gpt2	87	44	1	air	sent_comp	unexpected	The farmer knows the customer air	2.069658194159274e-06	2.069658194159274e-06	18.88217544555664	18.88217544555664
87	gpt2	88	44	1	air	sent_comp	expected	The farmer knows the customer airs	2.909002603246336e-07	2.909002603246336e-07	21.71297264099121	21.71297264099121
88	gpt2	89	45	1	alert	sent_comp	unexpected	The farmer knows the customer alert	1.16493902169168e-06	1.16493902169168e-06	19.711313247680664	19.711313247680664
89	gpt2	90	45	1	alert	sent_comp	expected	The farmer knows the customer alerts	1.038286427501589e-06	1.038286427501589e-06	19.87736320495605	19.87736320495605
90	gpt2	91	46	1	alienate	sent_comp	unexpected	The farmer knows the customer alienate	0.005822800042878352	0.005822800042878352	14.112516641616821	14.112516641616821
91	gpt2	92	46	1	alienate	sent_comp	expected	The farmer knows the customer alienates	0.42290963506216883	0.42290963506216883	11.021253608167171	11.021253608167171
92	gpt2	93	47	1	allay	sent_comp	unexpected	The farmer knows the customer allay	0.0002172042958363361	0.0002172042958363361	14.87244701385498	14.87244701385498
93	gpt2	94	47	1	allay	sent_comp	expected	The farmer knows the customer allays	0.0002162245149576845	0.0002162245149576845	15.905949592590332	15.905949592590332
94	gpt2	95	48	1	allege	sent_comp	unexpected	The farmer knows the customer allege	1.3232641649096877e-08	1.3232641649096877e-08	26.17132377624512	26.17132377624512
95	gpt2	96	48	1	allege	sent_comp	expected	The farmer knows the customer alleges	1.1272040865151212e-06	1.1272040865151212e-06	19.758819580078125	19.758819580078125
96	gpt2	97	49	1	alleviate	sent_comp	unexpected	The farmer knows the customer alleviate	2.350716732379965e-09	2.350716732379965e-09	28.66425132751465	28.66425132751465
97	gpt2	98	49	1	alleviate	sent_comp	expected	The farmer knows the customer alleviates	0.4145112086476246	0.4145112086476246	11.304428100585938	11.304428100585938
98	gpt2	99	50	1	allocate	sent_comp	unexpected	The farmer knows the customer allocate	3.571366979926438e-09	3.571366979926438e-09	28.06087684631348	28.06087684631348
99	gpt2	100	50	1	allocate	sent_comp	expected	The farmer knows the customer allocates	0.4986002939818022	0.4986002939818022	11.066180783789605	11.066180783789605
100	gpt2	101	51	1	allowed	sent_comp	unexpected	The farmer knows the customer allowed	4.161285232839873e-06	4.161285232839873e-06	17.87453842163086	17.87453842163086
101	gpt2	102	51	1	allowed	sent_comp	expected	The farmer knows the customer alloweds	6.818130486863082e-06	6.818130486863082e-06	17.28099250793457	17.28099250793457
102	gpt2	103	52	1	allow	sent_comp	unexpected	The farmer knows the customer allow	2.446954852075578e-07	2.446954852075578e-07	21.96250915527344	21.96250915527344
103	gpt2	104	52	1	allow	sent_comp	expected	The farmer knows the customer allows	2.077418685075827e-05	2.077418685075827e-05	15.554848670959473	15.554848670959473
104	gpt2	105	53	1	ally	sent_comp	unexpected	The farmer knows the customer ally	8.007871343806984e-08	8.007871343806984e-08	23.574005126953125	23.574005126953125
105	gpt2	106	53	1	ally	sent_comp	expected	The farmer knows the customer allies	1.0875789513420386e-07	1.0875789513420386e-07	23.13237571716309	23.13237571716309
106	gpt2	107	54	1	alter	sent_comp	unexpected	The farmer knows the customer alter	1.2593386777837168e-08	1.2593386777837168e-08	26.24275779724121	26.24275779724121
107	gpt2	108	54	1	alter	sent_comp	expected	The farmer knows the customer alters	2.7377009814699704e-07	2.7377009814699704e-07	21.8005313873291	21.8005313873291
108	gpt2	109	55	1	amalgamate	sent_comp	unexpected	The farmer knows the customer amalgamate	0.011785026624435656	0.011785026624435656	14.974273443222046	14.974273443222046
109	gpt2	110	55	1	amalgamate	sent_comp	expected	The farmer knows the customer amalgamates	0.557809207578258	0.557809207578258	8.353365888198217	8.353365888198217
110	gpt2	111	56	1	amass	sent_comp	unexpected	The farmer knows the customer amass	0.011007091788997015	0.011007091788997015	10.700146913528442	10.700146913528442
111	gpt2	112	56	1	amass	sent_comp	expected	The farmer knows the customer amasses	0.002106120869939316	0.002106120869939316	11.895313262939453	11.895313262939453
112	gpt2	113	57	1	amaze	sent_comp	unexpected	The farmer knows the customer amaze	0.004517910363574616	0.004517910363574616	11.343273639678955	11.343273639678955
113	gpt2	114	57	1	amaze	sent_comp	expected	The farmer knows the customer amazes	0.03309805115168272	0.03309805115168272	9.905630946159363	9.905630946159363
114	gpt2	115	58	1	amble	sent_comp	unexpected	The farmer knows the customer amble	0.00024398465939156594	0.00024398465939156594	13.472055912017822	13.472055912017822
115	gpt2	116	58	1	amble	sent_comp	expected	The farmer knows the customer ambles	0.045348248614800454	0.045348248614800454	11.057511925697327	11.057511925697327
116	gpt2	117	59	1	amend	sent_comp	unexpected	The farmer knows the customer amend	1.6783161527200716e-09	1.6783161527200716e-09	29.150339126586918	29.150339126586918
117	gpt2	118	59	1	amend	sent_comp	expected	The farmer knows the customer amends	0.08007817884390532	0.08007817884390532	9.268194556236267	9.268194556236267
118	gpt2	119	60	1	amortize	sent_comp	unexpected	The farmer knows the customer amortize	0.031002162530057813	0.031002162530057813	8.86533006032308	8.86533006032308
119	gpt2	120	60	1	amortize	sent_comp	expected	The farmer knows the customer amortizes	0.054605753356251306	0.054605753356251306	8.576487223307291	8.576487223307291
120	gpt2	121	61	1	amount	sent_comp	unexpected	The farmer knows the customer amount	2.823367367454921e-06	2.823367367454921e-06	18.43415069580078	18.43415069580078
121	gpt2	122	61	1	amount	sent_comp	expected	The farmer knows the customer amounts	1.6637150110909715e-06	1.6637150110909715e-06	19.197160720825195	19.197160720825195
122	gpt2	123	62	1	amplify	sent_comp	unexpected	The farmer knows the customer amplify	1.028818585879776e-09	1.028818585879776e-09	29.85636329650879	29.85636329650879
123	gpt2	124	62	1	amplify	sent_comp	expected	The farmer knows the customer amplifies	0.4800172811290579	0.4800172811290579	11.454638605937362	11.454638605937362
124	gpt2	125	63	1	analyze	sent_comp	unexpected	The farmer knows the customer analyze	3.089807165679304e-08	3.089807165679304e-08	24.947908401489254	24.947908401489254
125	gpt2	126	63	1	analyze	sent_comp	expected	The farmer knows the customer analyzes	0.48968591784534965	0.48968591784534965	9.615708699449899	9.615708699449899
126	gpt2	127	64	1	anchor	sent_comp	unexpected	The farmer knows the customer anchor	1.8193720308090636e-08	1.8193720308090636e-08	25.71198463439941	25.71198463439941
127	gpt2	128	64	1	anchor	sent_comp	expected	The farmer knows the customer anchors	3.525925862390977e-08	3.525925862390977e-08	24.757423400878903	24.757423400878903
128	gpt2	129	65	1	announce	sent_comp	unexpected	The farmer knows the customer announce	8.001424411929747e-09	8.001424411929747e-09	26.897096633911133	26.897096633911133
129	gpt2	130	65	1	announce	sent_comp	expected	The farmer knows the customer announces	8.312369459417823e-07	8.312369459417823e-07	20.1982364654541	20.1982364654541
130	gpt2	131	66	1	answer	sent_comp	unexpected	The farmer knows the customer answer	9.141936970991082e-06	9.141936970991082e-06	16.73906898498535	16.73906898498535
131	gpt2	132	66	1	answer	sent_comp	expected	The farmer knows the customer answers	2.1104069674038328e-05	2.1104069674038328e-05	15.532118797302246	15.532118797302246
132	gpt2	133	67	1	antagonize	sent_comp	unexpected	The farmer knows the customer antagonize	0.003759702728089542	0.003759702728089542	14.907773733139038	14.907773733139038
133	gpt2	134	67	1	antagonize	sent_comp	expected	The farmer knows the customer antagonizes	0.3482724833907156	0.3482724833907156	11.641033440828323	11.641033440828323
134	gpt2	135	68	1	anticipate	sent_comp	unexpected	The farmer knows the customer anticipate	1.0132401939699777e-07	1.0132401939699777e-07	23.234519958496094	23.234519958496094
135	gpt2	136	68	1	anticipate	sent_comp	expected	The farmer knows the customer anticipates	0.4996485984194123	0.4996485984194123	9.012791252171155	9.012791252171155
136	gpt2	137	69	1	apologize	sent_comp	unexpected	The farmer knows the customer apologize	4.366178529835452e-08	4.366178529835452e-08	24.449052810668945	24.449052810668945
137	gpt2	138	69	1	apologize	sent_comp	expected	The farmer knows the customer apologizes	0.3716709829341198	0.3716709829341198	10.18206112086773	10.18206112086773
138	gpt2	139	70	1	appeal	sent_comp	unexpected	The farmer knows the customer appeal	1.7150608755400754e-06	1.7150608755400754e-06	19.153308868408203	19.153308868408203
139	gpt2	140	70	1	appeal	sent_comp	expected	The farmer knows the customer appeals	3.782019803111325e-06	3.782019803111325e-06	18.01241111755371	18.01241111755371
140	gpt2	141	71	1	appear	sent_comp	unexpected	The farmer knows the customer appear	2.723160434925376e-07	2.723160434925376e-07	21.80821418762207	21.80821418762207
141	gpt2	142	71	1	appear	sent_comp	expected	The farmer knows the customer appears	4.278160122339614e-05	4.278160122339614e-05	14.512649536132812	14.512649536132812
142	gpt2	143	72	1	appease	sent_comp	unexpected	The farmer knows the customer appease	8.694376885109988e-10	8.694376885109988e-10	30.099197387695312	30.099197387695312
143	gpt2	144	72	1	appease	sent_comp	expected	The farmer knows the customer appeases	0.26335931800188916	0.26335931800188916	12.258113622665407	12.258113622665407
144	gpt2	145	73	1	append	sent_comp	unexpected	The farmer knows the customer append	1.2843337060530756e-08	1.2843337060530756e-08	26.214405059814453	26.214405059814453
145	gpt2	146	73	1	append	sent_comp	expected	The farmer knows the customer appends	4.259093293512706e-05	4.259093293512706e-05	15.201699256896973	15.201699256896973
146	gpt2	147	74	1	applaud	sent_comp	unexpected	The farmer knows the customer applaud	9.579383686286749e-07	9.579383686286749e-07	19.99356460571289	19.99356460571289
147	gpt2	148	74	1	applaud	sent_comp	expected	The farmer knows the customer applauds	0.4642497918468393	0.4642497918468393	10.05029647424817	10.05029647424817
148	gpt2	149	75	1	apply	sent_comp	unexpected	The farmer knows the customer apply	1.7550283359923927e-07	1.7550283359923927e-07	22.44200134277344	22.44200134277344
149	gpt2	150	75	1	apply	sent_comp	expected	The farmer knows the customer applies	8.881041139829904e-06	8.881041139829904e-06	16.780839920043945	16.780839920043945
150	gpt2	151	76	1	appoint	sent_comp	unexpected	The farmer knows the customer appoint	1.21190353752354e-07	1.21190353752354e-07	22.976221084594727	22.976221084594727
151	gpt2	152	76	1	appoint	sent_comp	expected	The farmer knows the customer appoints	0.4494905481707079	0.4494905481707079	11.56492930650711	11.56492930650711
152	gpt2	153	77	1	appraise	sent_comp	unexpected	The farmer knows the customer appraise	0.017353014740194777	0.017353014740194777	12.32734990119934	12.32734990119934
153	gpt2	154	77	1	appraise	sent_comp	expected	The farmer knows the customer appraises	0.12523538777514887	0.12523538777514887	10.901638329029083	10.901638329029083
154	gpt2	155	78	1	appreciate	sent_comp	unexpected	The farmer knows the customer appreciate	9.646311809774488e-06	9.646311809774488e-06	16.661590576171875	16.661590576171875
155	gpt2	156	78	1	appreciate	sent_comp	expected	The farmer knows the customer appreciates	0.49845103036022914	0.49845103036022914	7.190145541448146	7.190145541448146
156	gpt2	157	79	1	approach	sent_comp	unexpected	The farmer knows the customer approach	1.2017216249660125e-05	1.2017216249660125e-05	16.34453773498535	16.34453773498535
157	gpt2	158	79	1	approach	sent_comp	expected	The farmer knows the customer approaches	8.801446711004246e-06	8.801446711004246e-06	16.793827056884766	16.793827056884766
158	gpt2	159	80	1	approve	sent_comp	unexpected	The farmer knows the customer approve	5.63469541248196e-07	5.63469541248196e-07	20.75915908813477	20.75915908813477
159	gpt2	160	80	1	approve	sent_comp	expected	The farmer knows the customer approves	1.1811155673058238e-05	1.1811155673058238e-05	16.369489669799805	16.369489669799805
160	gpt2	161	81	1	argue	sent_comp	unexpected	The farmer knows the customer argue	2.250982511498023e-08	2.250982511498023e-08	25.404869079589844	25.404869079589844
161	gpt2	162	81	1	argue	sent_comp	expected	The farmer knows the customer argues	1.0241955124001834e-06	1.0241955124001834e-06	19.897077560424805	19.897077560424805
162	gpt2	163	82	1	arise	sent_comp	unexpected	The farmer knows the customer arise	1.4081345867111851e-08	1.4081345867111851e-08	26.081640243530277	26.081640243530277
163	gpt2	164	82	1	arise	sent_comp	expected	The farmer knows the customer arises	6.352682930810261e-07	6.352682930810261e-07	20.586130142211918	20.586130142211918
164	gpt2	165	83	1	arm	sent_comp	unexpected	The farmer knows the customer arm	5.563953209275496e-07	5.563953209275496e-07	20.77738571166992	20.77738571166992
165	gpt2	166	83	1	arm	sent_comp	expected	The farmer knows the customer arms	4.730683826892346e-07	4.730683826892346e-07	21.01144790649414	21.01144790649414
166	gpt2	167	84	1	arouse	sent_comp	unexpected	The farmer knows the customer arouse	0.0006260650679905365	0.0006260650679905365	11.920689105987549	11.920689105987549
167	gpt2	168	84	1	arouse	sent_comp	expected	The farmer knows the customer arouses	0.48238240057387216	0.48238240057387216	11.753854177892208	11.753854177892208
168	gpt2	169	85	1	arrange	sent_comp	unexpected	The farmer knows the customer arrange	2.974251067655587e-08	2.974251067655587e-08	25.002899169921875	25.002899169921875
169	gpt2	170	85	1	arrange	sent_comp	expected	The farmer knows the customer arranges	0.49733299829475186	0.49733299829475186	10.08626844198443	10.08626844198443
170	gpt2	171	86	1	arrest	sent_comp	unexpected	The farmer knows the customer arrest	1.7552426356814976e-07	1.7552426356814976e-07	22.44182586669922	22.44182586669922
171	gpt2	172	86	1	arrest	sent_comp	expected	The farmer knows the customer arrests	1.19721804026085e-07	1.19721804026085e-07	22.993810653686523	22.993810653686523
172	gpt2	173	87	1	arrive	sent_comp	unexpected	The farmer knows the customer arrive	4.2034182001771125e-07	4.2034182001771125e-07	21.181934356689453	21.181934356689453
173	gpt2	174	87	1	arrive	sent_comp	expected	The farmer knows the customer arrives	5.65175068913959e-05	5.65175068913959e-05	14.110942840576172	14.110942840576172
174	gpt2	175	88	1	articulate	sent_comp	unexpected	The farmer knows the customer articulate	1.0526952110012645e-07	1.0526952110012645e-07	23.17940902709961	23.17940902709961
175	gpt2	176	88	1	articulate	sent_comp	expected	The farmer knows the customer articulates	0.35459451603577463	0.35459451603577463	10.481353431940079	10.481353431940079
176	gpt2	177	89	1	ask	sent_comp	unexpected	The farmer knows the customer ask	6.411480626411503e-06	6.411480626411503e-06	17.250911712646484	17.250911712646484
177	gpt2	178	89	1	ask	sent_comp	expected	The farmer knows the customer asks	6.280498928390443e-05	6.280498928390443e-05	13.95876121520996	13.95876121520996
178	gpt2	179	90	1	assassinate	sent_comp	unexpected	The farmer knows the customer assassinate	1.1276281020045076e-09	1.1276281020045076e-09	29.724061965942383	29.724061965942383
179	gpt2	180	90	1	assassinate	sent_comp	expected	The farmer knows the customer assassinates	0.4019754360847898	0.4019754360847898	12.756578221917152	12.756578221917152
180	gpt2	181	91	1	assemble	sent_comp	unexpected	The farmer knows the customer assemble	1.8753501862533998e-08	1.8753501862533998e-08	25.66826438903809	25.66826438903809
181	gpt2	182	91	1	assemble	sent_comp	expected	The farmer knows the customer assembles	0.49479651187337836	0.49479651187337836	11.540196450892836	11.540196450892836
182	gpt2	183	92	1	assert	sent_comp	unexpected	The farmer knows the customer assert	1.2214459843562508e-07	1.2214459843562508e-07	22.964906692504883	22.964906692504883
183	gpt2	184	92	1	assert	sent_comp	expected	The farmer knows the customer asserts	2.601433379822993e-07	2.601433379822993e-07	21.87418937683105	21.87418937683105
184	gpt2	185	93	1	assess	sent_comp	unexpected	The farmer knows the customer assess	1.226774543283682e-06	1.226774543283682e-06	19.63669776916504	19.63669776916504
185	gpt2	186	93	1	assess	sent_comp	expected	The farmer knows the customer assesses	0.4414459938365667	0.4414459938365667	9.908195480704308	9.908195480704308
186	gpt2	187	94	1	assign	sent_comp	unexpected	The farmer knows the customer assign	8.112657212677733e-08	8.112657212677733e-08	23.55525016784668	23.55525016784668
187	gpt2	188	94	1	assign	sent_comp	expected	The farmer knows the customer assigns	1.4038238305147388e-06	1.4038238305147388e-06	19.44220733642578	19.44220733642578
188	gpt2	189	95	1	assimilate	sent_comp	unexpected	The farmer knows the customer assimilate	0.0028773145468861012	0.0028773145468861012	15.066654682159424	15.066654682159424
189	gpt2	190	95	1	assimilate	sent_comp	expected	The farmer knows the customer assimilates	0.45227958189304474	0.45227958189304474	11.418462306261063	11.418462306261063
190	gpt2	191	96	1	assist	sent_comp	unexpected	The farmer knows the customer assist	1.7744430635957545e-07	1.7744430635957545e-07	22.426130294799805	22.426130294799805
191	gpt2	192	96	1	assist	sent_comp	expected	The farmer knows the customer assists	1.8822611309587955e-06	1.8822611309587955e-06	19.019102096557617	19.019102096557617
192	gpt2	193	97	1	assuage	sent_comp	unexpected	The farmer knows the customer assuage	0.022522990180277685	0.022522990180277685	9.037412484486898	9.037412484486898
193	gpt2	194	97	1	assuage	sent_comp	expected	The farmer knows the customer assuages	0.25540740219078845	0.25540740219078845	7.6602964500586195	7.6602964500586195
194	gpt2	195	98	1	assume	sent_comp	unexpected	The farmer knows the customer assume	2.0371113862438506e-07	2.0371113862438506e-07	22.22697257995605	22.22697257995605
195	gpt2	196	98	1	assume	sent_comp	expected	The farmer knows the customer assumes	1.292479646508582e-05	1.292479646508582e-05	16.239498138427734	16.239498138427734
196	gpt2	197	99	2	assure	sent_comp	unexpected	The authors know the officers assures	1.1707767555435566e-07	1.1707767555435566e-07	23.026031494140625	23.026031494140625
197	gpt2	198	99	2	assure	sent_comp	expected	The authors know the officers assure	9.126518307311926e-06	9.126518307311926e-06	16.741504669189453	16.741504669189453
198	gpt2	199	100	2	atone	sent_comp	unexpected	The authors know the officers atones	0.005876756681528744	0.005876756681528744	15.754905223846434	15.754905223846434
199	gpt2	200	100	2	atone	sent_comp	expected	The authors know the officers atone	0.005877385672476959	0.005877385672476959	12.989831447601318	12.989831447601318
200	gpt2	201	101	2	attach	sent_comp	unexpected	The authors know the officers attaches	9.178351412231224e-09	9.178351412231224e-09	26.69911766052246	26.69911766052246
201	gpt2	202	101	2	attach	sent_comp	expected	The authors know the officers attach	1.9191327282896964e-06	1.9191327282896964e-06	18.991113662719727	18.991113662719727
202	gpt2	203	102	2	attack	sent_comp	unexpected	The authors know the officers attacks	5.011002485844074e-06	5.011002485844074e-06	17.606470108032227	17.606470108032227
203	gpt2	204	102	2	attack	sent_comp	expected	The authors know the officers attack	2.861170287360437e-05	2.861170287360437e-05	15.093034744262695	15.093034744262695
204	gpt2	205	103	2	attain	sent_comp	unexpected	The authors know the officers attains	0.0015440282787721818	0.0015440282787721818	13.435089588165283	13.435089588165283
205	gpt2	206	103	2	attain	sent_comp	expected	The authors know the officers attain	9.028306635627814e-08	9.028306635627814e-08	23.400968551635746	23.400968551635746
206	gpt2	207	104	2	attempt	sent_comp	unexpected	The authors know the officers attempts	7.771350283292122e-07	7.771350283292122e-07	20.29533195495605	20.29533195495605
207	gpt2	208	104	2	attempt	sent_comp	expected	The authors know the officers attempt	6.51914524496533e-06	6.51914524496533e-06	17.226884841918945	17.226884841918945
208	gpt2	209	105	2	attend	sent_comp	unexpected	The authors know the officers attends	1.740822597184888e-07	1.740822597184888e-07	22.45372772216797	22.45372772216797
209	gpt2	210	105	2	attend	sent_comp	expected	The authors know the officers attend	2.0642382878577337e-05	2.0642382878577337e-05	15.564030647277832	15.564030647277832
210	gpt2	211	106	2	attention	sent_comp	unexpected	The authors know the officers attentions	0.00033937436199944613	0.00033937436199944613	14.80612945556641	14.80612945556641
211	gpt2	212	106	2	attention	sent_comp	expected	The authors know the officers attention	3.060944891331019e-06	3.060944891331019e-06	18.317590713500977	18.317590713500977
212	gpt2	213	107	2	attest	sent_comp	unexpected	The authors know the officers attests	0.000987838595506182	0.000987838595506182	13.75761365890503	13.75761365890503
213	gpt2	214	107	2	attest	sent_comp	expected	The authors know the officers attest	1.4330717021948658e-06	1.4330717021948658e-06	19.412458419799805	19.412458419799805
214	gpt2	215	108	2	attract	sent_comp	unexpected	The authors know the officers attracts	1.2726848019894989e-08	1.2726848019894989e-08	26.2275505065918	26.2275505065918
215	gpt2	216	108	2	attract	sent_comp	expected	The authors know the officers attract	5.395680204856035e-07	5.395680204856035e-07	20.821691513061523	20.821691513061523
216	gpt2	217	109	2	attribute	sent_comp	unexpected	The authors know the officers attributes	1.0283433766744563e-06	1.0283433766744563e-06	19.891246795654297	19.891246795654297
217	gpt2	218	109	2	attribute	sent_comp	expected	The authors know the officers attribute	4.086897661181865e-06	4.086897661181865e-06	17.900562286376953	17.900562286376953
218	gpt2	219	110	2	auction	sent_comp	unexpected	The authors know the officers auctions	6.523389384227585e-09	6.523389384227585e-09	27.191730499267575	27.191730499267575
219	gpt2	220	110	2	auction	sent_comp	expected	The authors know the officers auction	4.3240879676886834e-07	4.3240879676886834e-07	21.14109992980957	21.14109992980957
220	gpt2	221	111	2	audition	sent_comp	unexpected	The authors know the officers auditions	0.002233575978948459	0.002233575978948459	13.718401670455933	13.718401670455933
221	gpt2	222	111	2	audition	sent_comp	expected	The authors know the officers audition	1.4434081094805151e-06	1.4434081094805151e-06	19.40209007263184	19.40209007263184
222	gpt2	223	112	2	audit	sent_comp	unexpected	The authors know the officers audits	3.9373500015926766e-08	3.9373500015926766e-08	24.59819984436035	24.59819984436035
223	gpt2	224	112	2	audit	sent_comp	expected	The authors know the officers audit	1.57127502120602e-07	1.57127502120602e-07	22.601560592651367	22.601560592651367
224	gpt2	225	113	2	augment	sent_comp	unexpected	The authors know the officers augments	0.013751317649258956	0.013751317649258956	13.863292217254639	13.863292217254639
225	gpt2	226	113	2	augment	sent_comp	expected	The authors know the officers augment	3.3399177823412174e-07	3.3399177823412174e-07	21.5136833190918	21.5136833190918
226	gpt2	227	114	2	authorize	sent_comp	unexpected	The authors know the officers authorizes	0.1824975971371998	0.1824975971371998	10.983457267284392	10.983457267284392
227	gpt2	228	114	2	authorize	sent_comp	expected	The authors know the officers authorize	8.725106681595207e-07	8.725106681595207e-07	20.128324508666992	20.128324508666992
228	gpt2	229	115	2	autograph	sent_comp	unexpected	The authors know the officers autographs	0.01811168600198697	0.01811168600198697	12.570179224014282	12.570179224014282
229	gpt2	230	115	2	autograph	sent_comp	expected	The authors know the officers autograph	0.03755011480626532	0.03755011480626532	12.044223308563232	12.044223308563232
230	gpt2	231	116	2	average	sent_comp	unexpected	The authors know the officers averages	7.788436562350398e-09	7.788436562350398e-09	26.936019897460938	26.936019897460938
231	gpt2	232	116	2	average	sent_comp	expected	The authors know the officers average	1.98218367586378e-06	1.98218367586378e-06	18.944477081298828	18.944477081298828
232	gpt2	233	117	2	avert	sent_comp	unexpected	The authors know the officers averts	0.0005568523729948253	0.0005568523729948253	14.811855792999268	14.811855792999268
233	gpt2	234	117	2	avert	sent_comp	expected	The authors know the officers avert	4.670320095101488e-07	4.670320095101488e-07	21.02997589111328	21.02997589111328
234	gpt2	235	118	2	avoid	sent_comp	unexpected	The authors know the officers avoids	2.539693468861515e-07	2.539693468861515e-07	21.908842086791992	21.908842086791992
235	gpt2	236	118	2	avoid	sent_comp	expected	The authors know the officers avoid	1.821975820348598e-05	1.821975820348598e-05	15.744136810302734	15.744136810302734
236	gpt2	237	119	2	await	sent_comp	unexpected	The authors know the officers awaits	8.836542519929935e-08	8.836542519929935e-08	23.431941986083984	23.431941986083984
237	gpt2	238	119	2	await	sent_comp	expected	The authors know the officers await	3.564601229300024e-06	3.564601229300024e-06	18.097827911376957	18.097827911376957
238	gpt2	239	120	2	backfire	sent_comp	unexpected	The authors know the officers backfires	0.00014224245023792268	0.00014224245023792268	12.884629726409912	12.884629726409912
239	gpt2	240	120	2	backfire	sent_comp	expected	The authors know the officers backfire	0.0002467869890096727	0.0002467869890096727	12.358374118804932	12.358374118804932
240	gpt2	241	121	2	back	sent_comp	unexpected	The authors know the officers backs	1.2945538401254453e-06	1.2945538401254453e-06	19.55911445617676	19.55911445617676
241	gpt2	242	121	2	back	sent_comp	expected	The authors know the officers back	8.982733561424538e-05	8.982733561424538e-05	13.442485809326172	13.442485809326172
242	gpt2	243	122	2	bail	sent_comp	unexpected	The authors know the officers bails	0.0007572954655187969	0.0007572954655187969	12.059057712554932	12.059057712554932
243	gpt2	244	122	2	bail	sent_comp	expected	The authors know the officers bail	2.7665150810207706e-06	2.7665150810207706e-06	18.463499069213867	18.463499069213867
244	gpt2	245	123	2	balance	sent_comp	unexpected	The authors know the officers balances	7.5201597837804e-08	7.5201597837804e-08	23.664661407470703	23.664661407470703
245	gpt2	246	123	2	balance	sent_comp	expected	The authors know the officers balance	5.383837446970574e-07	5.383837446970574e-07	20.824861526489254	20.824861526489254
246	gpt2	247	124	2	balk	sent_comp	unexpected	The authors know the officers balks	0.16788992681780712	0.16788992681780712	11.763630926609038	11.763630926609038
247	gpt2	248	124	2	balk	sent_comp	expected	The authors know the officers balk	6.081845185690327e-06	6.081845185690327e-06	17.327058792114258	17.327058792114258
248	gpt2	249	125	2	balloon	sent_comp	unexpected	The authors know the officers balloons	1.1907339114713976e-08	1.1907339114713976e-08	26.32357406616211	26.32357406616211
249	gpt2	250	125	2	balloon	sent_comp	expected	The authors know the officers balloon	7.962773196368289e-08	7.962773196368289e-08	23.5821533203125	23.5821533203125
250	gpt2	251	126	2	band	sent_comp	unexpected	The authors know the officers bands	9.962517566464157e-08	9.962517566464157e-08	23.25891494750977	23.25891494750977
251	gpt2	252	126	2	band	sent_comp	expected	The authors know the officers band	3.5178079542674823e-06	3.5178079542674823e-06	18.116891860961918	18.116891860961918
252	gpt2	253	127	2	banish	sent_comp	unexpected	The authors know the officers banishes	0.005198481815199287	0.005198481815199287	13.433614730834961	13.433614730834961
253	gpt2	254	127	2	banish	sent_comp	expected	The authors know the officers banish	0.012798529906461888	0.012798529906461888	12.783674478530884	12.783674478530884
254	gpt2	255	128	2	bankroll	sent_comp	unexpected	The authors know the officers bankrolls	0.019563315428854318	0.019563315428854318	10.638088703155518	10.638088703155518
255	gpt2	256	128	2	bankroll	sent_comp	expected	The authors know the officers bankroll	0.027993707673715527	0.027993707673715527	11.691396474838257	11.691396474838257
256	gpt2	257	129	2	bankrupt	sent_comp	unexpected	The authors know the officers bankrupts	0.0011506863886303334	0.0011506863886303334	15.916586875915527	15.916586875915527
257	gpt2	258	129	2	bankrupt	sent_comp	expected	The authors know the officers bankrupt	1.1357810336676267e-07	1.1357810336676267e-07	23.069812774658203	23.069812774658203
258	gpt2	259	130	2	bank	sent_comp	unexpected	The authors know the officers banks	1.5935171404635184e-07	1.5935171404635184e-07	22.581281661987305	22.581281661987305
259	gpt2	260	130	2	bank	sent_comp	expected	The authors know the officers bank	1.6330317293977714e-06	1.6330317293977714e-06	19.224016189575195	19.224016189575195
260	gpt2	261	131	2	ban	sent_comp	unexpected	The authors know the officers bans	3.6942715553323076e-08	3.6942715553323076e-08	24.690134048461918	24.690134048461918
261	gpt2	262	131	2	ban	sent_comp	expected	The authors know the officers ban	7.857521495679975e-07	7.857521495679975e-07	20.27942276000977	20.27942276000977
262	gpt2	263	132	2	bargain	sent_comp	unexpected	The authors know the officers bargains	5.3222949190967483e-05	5.3222949190967483e-05	15.017786979675293	15.017786979675293
263	gpt2	264	132	2	bargain	sent_comp	expected	The authors know the officers bargain	6.555945333275304e-07	6.555945333275304e-07	20.54069328308105	20.54069328308105
264	gpt2	265	133	2	bar	sent_comp	unexpected	The authors know the officers bars	1.8600420048642266e-07	1.8600420048642266e-07	22.35816192626953	22.35816192626953
265	gpt2	266	133	2	bar	sent_comp	expected	The authors know the officers bar	3.179805844411021e-06	3.179805844411021e-06	18.262630462646484	18.262630462646484
266	gpt2	267	134	2	base	sent_comp	unexpected	The authors know the officers bases	2.9604117912640504e-07	2.9604117912640504e-07	21.68769836425781	21.68769836425781
267	gpt2	268	134	2	base	sent_comp	expected	The authors know the officers base	1.197987876366824e-05	1.197987876366824e-05	16.349027633666992	16.349027633666992
268	gpt2	269	135	2	bash	sent_comp	unexpected	The authors know the officers bashes	0.0014017420066920517	0.0014017420066920517	12.692469596862793	12.692469596862793
269	gpt2	270	135	2	bash	sent_comp	expected	The authors know the officers bash	2.447255837978446e-07	2.447255837978446e-07	21.962331771850582	21.962331771850582
270	gpt2	271	136	2	batter	sent_comp	unexpected	The authors know the officers batters	1.097461943544431e-08	1.097461943544431e-08	26.44125366210937	26.44125366210937
271	gpt2	272	136	2	batter	sent_comp	expected	The authors know the officers batter	4.05477805998089e-07	4.05477805998089e-07	21.23387336730957	21.23387336730957
272	gpt2	273	137	2	battle	sent_comp	unexpected	The authors know the officers battles	6.262459919526009e-07	6.262459919526009e-07	20.606767654418945	20.606767654418945
273	gpt2	274	137	2	battle	sent_comp	expected	The authors know the officers battle	1.1780928616644816e-05	1.1780928616644816e-05	16.373188018798828	16.373188018798828
274	gpt2	275	138	2	bear	sent_comp	unexpected	The authors know the officers bears	1.3493761343852384e-06	1.3493761343852384e-06	19.49927520751953	19.49927520751953
275	gpt2	276	138	2	bear	sent_comp	expected	The authors know the officers bear	1.7036716599250212e-05	1.7036716599250212e-05	15.84099292755127	15.84099292755127
276	gpt2	277	139	2	beat	sent_comp	unexpected	The authors know the officers beats	5.303458010530449e-07	5.303458010530449e-07	20.8465633392334	20.8465633392334
277	gpt2	278	139	2	beat	sent_comp	expected	The authors know the officers beat	0.000155566187459	0.000155566187459	12.65018367767334	12.65018367767334
278	gpt2	279	140	2	become	sent_comp	unexpected	The authors know the officers becomes	1.6152804960256617e-07	1.6152804960256617e-07	22.56171226501465	22.56171226501465
279	gpt2	280	140	2	become	sent_comp	expected	The authors know the officers become	3.840894714812748e-05	3.840894714812748e-05	14.668197631835938	14.668197631835938
280	gpt2	281	141	2	bedevil	sent_comp	unexpected	The authors know the officers bedevils	0.06312873008558502	0.06312873008558502	10.035766124725344	10.035766124725344
281	gpt2	282	141	2	bedevil	sent_comp	expected	The authors know the officers bedevil	0.003913430900638537	0.003913430900638537	13.535709619522097	13.535709619522097
282	gpt2	283	142	2	beef	sent_comp	unexpected	The authors know the officers beefs	0.0005344371637647675	0.0005344371637647675	14.650366783142088	14.650366783142088
283	gpt2	284	142	2	beef	sent_comp	expected	The authors know the officers beef	1.416606892234995e-06	1.416606892234995e-06	19.429128646850582	19.429128646850582
284	gpt2	285	143	2	begin	sent_comp	unexpected	The authors know the officers begins	3.748254471247492e-07	3.748254471247492e-07	21.347278594970703	21.347278594970703
285	gpt2	286	143	2	begin	sent_comp	expected	The authors know the officers begin	1.569495907460805e-05	1.569495907460805e-05	15.959339141845703	15.959339141845703
286	gpt2	287	144	2	behave	sent_comp	unexpected	The authors know the officers behaves	1.391927781924096e-07	1.391927781924096e-07	22.776412963867188	22.776412963867188
287	gpt2	288	144	2	behave	sent_comp	expected	The authors know the officers behave	2.134585520252585e-05	2.134585520252585e-05	15.515684127807615	15.515684127807615
288	gpt2	289	145	2	belie	sent_comp	unexpected	The authors know the officers belies	0.0002953930581952521	0.0002953930581952521	14.319125175476074	14.319125175476074
289	gpt2	290	145	2	belie	sent_comp	expected	The authors know the officers belie	2.956890341465624e-07	2.956890341465624e-07	21.689414978027344	21.689414978027344
290	gpt2	291	146	2	believe	sent_comp	unexpected	The authors know the officers believes	1.3253740689833649e-05	1.3253740689833649e-05	16.2032413482666	16.2032413482666
291	gpt2	292	146	2	believe	sent_comp	expected	The authors know the officers believe	0.0013853309210389	0.0013853309210389	9.495553970336914	9.495553970336914
292	gpt2	293	147	2	bellow	sent_comp	unexpected	The authors know the officers bellows	0.002003999626680288	0.002003999626680288	14.01151156425476	14.01151156425476
293	gpt2	294	147	2	bellow	sent_comp	expected	The authors know the officers bellow	0.030791969238265438	0.030791969238265438	12.040557384490967	12.040557384490967
294	gpt2	295	148	2	belong	sent_comp	unexpected	The authors know the officers belongs	2.000832409976283e-06	2.000832409976283e-06	18.930967330932617	18.930967330932617
295	gpt2	296	148	2	belong	sent_comp	expected	The authors know the officers belong	0.0003391611680854	0.0003391611680854	11.525741577148438	11.525741577148438
296	gpt2	297	149	2	bend	sent_comp	unexpected	The authors know the officers bends	1.0494049185183485e-08	1.0494049185183485e-08	26.5058536529541	26.5058536529541
297	gpt2	298	149	2	bend	sent_comp	expected	The authors know the officers bend	3.319882750929537e-07	3.319882750929537e-07	21.522363662719727	21.522363662719727
298	gpt2	299	150	2	benefit	sent_comp	unexpected	The authors know the officers benefits	2.698213165786001e-06	2.698213165786001e-06	18.49956512451172	18.49956512451172
299	gpt2	300	150	2	benefit	sent_comp	expected	The authors know the officers benefit	9.932426110026428e-06	9.932426110026428e-06	16.619422912597656	16.619422912597656
300	gpt2	301	151	2	bet	sent_comp	unexpected	The authors know the officers bets	8.797829309514783e-08	8.797829309514783e-08	23.438276290893555	23.438276290893555
301	gpt2	302	151	2	bet	sent_comp	expected	The authors know the officers bet	2.021284672082402e-06	2.021284672082402e-06	18.916296005249023	18.916296005249023
302	gpt2	303	152	2	are	sent_comp	unexpected	The authors know the officers is	0.0002063119609374	0.0002063119609374	12.242884635925291	12.242884635925291
303	gpt2	304	152	2	are	sent_comp	expected	The authors know the officers are	0.0494524836540222	0.0494524836540222	4.337812900543213	4.337812900543213
304	gpt2	305	153	2	bid	sent_comp	unexpected	The authors know the officers bids	8.33616553563843e-08	8.33616553563843e-08	23.516040802001957	23.516040802001957
305	gpt2	306	153	2	bid	sent_comp	expected	The authors know the officers bid	2.2987485408521025e-06	2.2987485408521025e-06	18.73072052001953	18.73072052001953
306	gpt2	307	154	2	bill	sent_comp	unexpected	The authors know the officers bills	1.5315937673676674e-07	1.5315937673676674e-07	22.63846206665039	22.63846206665039
307	gpt2	308	154	2	bill	sent_comp	expected	The authors know the officers bill	1.6462039411635487e-06	1.6462039411635487e-06	19.212425231933597	19.212425231933597
308	gpt2	309	155	2	bite	sent_comp	unexpected	The authors know the officers bites	1.2515295111370506e-07	1.2515295111370506e-07	22.9298038482666	22.9298038482666
309	gpt2	310	155	2	bite	sent_comp	expected	The authors know the officers bite	2.2555082068720367e-06	2.2555082068720367e-06	18.758115768432617	18.758115768432617
310	gpt2	311	156	2	blackmail	sent_comp	unexpected	The authors know the officers blackmails	0.00037129361226104636	0.00037129361226104636	12.717037200927734	12.717037200927734
311	gpt2	312	156	2	blackmail	sent_comp	expected	The authors know the officers blackmail	5.388372983361478e-07	5.388372983361478e-07	20.82364654541016	20.82364654541016
312	gpt2	313	157	2	blame	sent_comp	unexpected	The authors know the officers blames	1.810906411492397e-07	1.810906411492397e-07	22.39678382873535	22.39678382873535
313	gpt2	314	157	2	blame	sent_comp	expected	The authors know the officers blame	1.83823340194067e-05	1.83823340194067e-05	15.73132038116455	15.73132038116455
314	gpt2	315	158	2	blast	sent_comp	unexpected	The authors know the officers blasts	8.970255294116215e-08	8.970255294116215e-08	23.410276412963867	23.410276412963867
315	gpt2	316	158	2	blast	sent_comp	expected	The authors know the officers blast	1.6560043150093406e-06	1.6560043150093406e-06	19.203861236572266	19.203861236572266
316	gpt2	317	159	2	bleed	sent_comp	unexpected	The authors know the officers bleeds	0.012405201754052768	0.012405201754052768	14.178293943405151	14.178293943405151
317	gpt2	318	159	2	bleed	sent_comp	expected	The authors know the officers bleed	8.526396300112538e-07	8.526396300112538e-07	20.16156005859375	20.16156005859375
318	gpt2	319	160	2	blend	sent_comp	unexpected	The authors know the officers blends	2.0072079109922925e-08	2.0072079109922925e-08	25.57023429870605	25.57023429870605
319	gpt2	320	160	2	blend	sent_comp	expected	The authors know the officers blend	4.412447935919772e-07	4.412447935919772e-07	21.11191749572754	21.11191749572754
320	gpt2	321	161	2	bless	sent_comp	unexpected	The authors know the officers blesses	0.0016024567401302595	0.0016024567401302595	14.449800968170166	14.449800968170166
321	gpt2	322	161	2	bless	sent_comp	expected	The authors know the officers bless	6.23190828719089e-07	6.23190828719089e-07	20.61382293701172	20.61382293701172
322	gpt2	323	162	2	blink	sent_comp	unexpected	The authors know the officers blinks	0.002541963677685978	0.002541963677685978	12.097007274627686	12.097007274627686
323	gpt2	324	162	2	blink	sent_comp	expected	The authors know the officers blink	1.103006752600777e-07	1.103006752600777e-07	23.1120548248291	23.1120548248291
324	gpt2	325	163	2	block	sent_comp	unexpected	The authors know the officers blocks	8.113566991596599e-07	8.113566991596599e-07	20.2331600189209	20.2331600189209
325	gpt2	326	163	2	block	sent_comp	expected	The authors know the officers block	1.3279449376568664e-05	1.3279449376568664e-05	16.2004451751709	16.2004451751709
326	gpt2	327	164	2	blow	sent_comp	unexpected	The authors know the officers blows	8.233704562599088e-08	8.233704562599088e-08	23.53388214111328	23.53388214111328
327	gpt2	328	164	2	blow	sent_comp	expected	The authors know the officers blow	1.7207506743943668e-06	1.7207506743943668e-06	19.148530960083008	19.148530960083008
328	gpt2	329	165	2	blunder	sent_comp	unexpected	The authors know the officers blunders	0.003921054737475028	0.003921054737475028	11.783844947814941	11.783844947814941
329	gpt2	330	165	2	blunder	sent_comp	expected	The authors know the officers blunder	0.021135020503606928	0.021135020503606928	10.567914009094238	10.567914009094238
330	gpt2	331	166	2	blunt	sent_comp	unexpected	The authors know the officers blunts	0.00034352673992542787	0.00034352673992542787	13.550137042999268	13.550137042999268
331	gpt2	332	166	2	blunt	sent_comp	expected	The authors know the officers blunt	1.722910809576206e-07	1.722910809576206e-07	22.46864891052246	22.46864891052246
332	gpt2	333	167	2	blur	sent_comp	unexpected	The authors know the officers blurs	0.0007635352931174279	0.0007635352931174279	12.968004703521729	12.968004703521729
333	gpt2	334	167	2	blur	sent_comp	expected	The authors know the officers blur	9.656588417783496e-07	9.656588417783496e-07	19.981983184814453	19.981983184814453
334	gpt2	335	168	2	board	sent_comp	unexpected	The authors know the officers boards	2.777148040422617e-07	2.777148040422617e-07	21.77989196777344	21.77989196777344
335	gpt2	336	168	2	board	sent_comp	expected	The authors know the officers board	4.799637281394098e-06	4.799637281394098e-06	17.668643951416016	17.668643951416016
336	gpt2	337	169	2	boast	sent_comp	unexpected	The authors know the officers boasts	7.952543512601552e-08	7.952543512601552e-08	23.584009170532227	23.584009170532227
337	gpt2	338	169	2	boast	sent_comp	expected	The authors know the officers boast	3.133398649879382e-06	3.133398649879382e-06	18.28384017944336	18.28384017944336
338	gpt2	339	170	2	bode	sent_comp	unexpected	The authors know the officers bodes	4.840277870243881e-05	4.840277870243881e-05	14.374468803405762	14.374468803405762
339	gpt2	340	170	2	bode	sent_comp	expected	The authors know the officers bode	0.00024108575598801607	0.00024108575598801607	12.924663543701172	12.924663543701172
340	gpt2	341	171	2	bog	sent_comp	unexpected	The authors know the officers bogs	4.80778962810291e-05	4.80778962810291e-05	14.38237190246582	14.38237190246582
341	gpt2	342	171	2	bog	sent_comp	expected	The authors know the officers bog	5.055231326878129e-07	5.055231326878129e-07	20.915719985961918	20.915719985961918
342	gpt2	343	172	2	bolster	sent_comp	unexpected	The authors know the officers bolsters	0.41990492151936465	0.41990492151936465	12.034214079380035	12.034214079380035
343	gpt2	344	172	2	bolster	sent_comp	expected	The authors know the officers bolster	5.272433440950408e-07	5.272433440950408e-07	20.85502815246582	20.85502815246582
344	gpt2	345	173	2	bomb	sent_comp	unexpected	The authors know the officers bombs	8.43597405264518e-08	8.43597405264518e-08	23.49887084960937	23.49887084960937
345	gpt2	346	173	2	bomb	sent_comp	expected	The authors know the officers bomb	2.0025274807267124e-06	2.0025274807267124e-06	18.929746627807617	18.929746627807617
346	gpt2	347	174	2	boom	sent_comp	unexpected	The authors know the officers booms	0.0008301137496289273	0.0008301137496289273	14.958382606506348	14.958382606506348
347	gpt2	348	174	2	boom	sent_comp	expected	The authors know the officers boom	1.4038619156053758e-07	1.4038619156053758e-07	22.764095306396484	22.764095306396484
348	gpt2	349	175	2	boost	sent_comp	unexpected	The authors know the officers boosts	5.1278314927571955e-09	5.1278314927571955e-09	27.539003372192383	27.539003372192383
349	gpt2	350	175	2	boost	sent_comp	expected	The authors know the officers boost	1.52472665604364e-07	1.52472665604364e-07	22.64494514465332	22.64494514465332
350	gpt2	351	176	2	borrow	sent_comp	unexpected	The authors know the officers borrows	0.005578779342982895	0.005578779342982895	13.434309005737305	13.434309005737305
351	gpt2	352	176	2	borrow	sent_comp	expected	The authors know the officers borrow	7.314745857911475e-07	7.314745857911475e-07	20.382688522338867	20.382688522338867
352	gpt2	353	177	2	bother	sent_comp	unexpected	The authors know the officers bothers	2.5946876647253706e-08	2.5946876647253706e-08	25.19986343383789	25.19986343383789
353	gpt2	354	177	2	bother	sent_comp	expected	The authors know the officers bother	3.951522558054421e-07	3.951522558054421e-07	21.27108764648437	21.27108764648437
354	gpt2	355	178	2	bottle	sent_comp	unexpected	The authors know the officers bottles	3.9386404182550905e-07	3.9386404182550905e-07	21.275798797607425	21.275798797607425
355	gpt2	356	178	2	bottle	sent_comp	expected	The authors know the officers bottle	4.830695843338617e-07	4.830695843338617e-07	20.98126602172852	20.98126602172852
356	gpt2	357	179	2	bounce	sent_comp	unexpected	The authors know the officers bounces	1.71370773127677e-09	1.71370773127677e-09	29.12023162841797	29.12023162841797
357	gpt2	358	179	2	bounce	sent_comp	expected	The authors know the officers bounce	8.284744978936942e-08	8.284744978936942e-08	23.52496719360352	23.52496719360352
358	gpt2	359	180	2	bow	sent_comp	unexpected	The authors know the officers bows	6.389122120253887e-08	6.389122120253887e-08	23.89980697631836	23.89980697631836
359	gpt2	360	180	2	bow	sent_comp	expected	The authors know the officers bow	1.810928097256692e-06	1.810928097256692e-06	19.074838638305664	19.074838638305664
360	gpt2	361	181	2	brace	sent_comp	unexpected	The authors know the officers braces	1.3169919377276074e-08	1.3169919377276074e-08	26.178178787231445	26.178178787231445
361	gpt2	362	181	2	brace	sent_comp	expected	The authors know the officers brace	1.4273580291046528e-06	1.4273580291046528e-06	19.41822052001953	19.41822052001953
362	gpt2	363	182	2	brag	sent_comp	unexpected	The authors know the officers brags	0.00466091087946547	0.00466091087946547	11.228163719177246	11.228163719177246
363	gpt2	364	182	2	brag	sent_comp	expected	The authors know the officers brag	0.07787614683547872	0.07787614683547872	9.195554614067078	9.195554614067078
364	gpt2	365	183	2	branch	sent_comp	unexpected	The authors know the officers branches	6.02993068810065e-08	6.02993068810065e-08	23.98328399658203	23.98328399658203
365	gpt2	366	183	2	branch	sent_comp	expected	The authors know the officers branch	8.487066338602745e-07	8.487066338602745e-07	20.16823005676269	20.16823005676269
366	gpt2	367	184	2	brave	sent_comp	unexpected	The authors know the officers braves	0.00622826247399639	0.00622826247399639	12.065150260925293	12.065150260925293
367	gpt2	368	184	2	brave	sent_comp	expected	The authors know the officers brave	5.014573616790585e-06	5.014573616790585e-06	17.60544204711914	17.60544204711914
368	gpt2	369	185	2	brazen	sent_comp	unexpected	The authors know the officers brazens	0.0001237876628389491	0.0001237876628389491	13.704001108805338	13.704001108805338
369	gpt2	370	185	2	brazen	sent_comp	expected	The authors know the officers brazen	1.0399999155197293e-06	1.0399999155197293e-06	19.874984741210938	19.874984741210938
370	gpt2	371	186	2	breach	sent_comp	unexpected	The authors know the officers breaches	8.77523760323129e-08	8.77523760323129e-08	23.44198608398437	23.44198608398437
371	gpt2	372	186	2	breach	sent_comp	expected	The authors know the officers breach	1.378480419589323e-06	1.378480419589323e-06	19.468490600585938	19.468490600585938
372	gpt2	373	187	2	break	sent_comp	unexpected	The authors know the officers breaks	2.913247669766861e-07	2.913247669766861e-07	21.71086883544922	21.71086883544922
373	gpt2	374	187	2	break	sent_comp	expected	The authors know the officers break	1.195413187815575e-05	1.195413187815575e-05	16.352130889892578	16.352130889892578
374	gpt2	375	188	2	breed	sent_comp	unexpected	The authors know the officers breeds	3.9559434839020475e-08	3.9559434839020475e-08	24.591402053833008	24.591402053833008
375	gpt2	376	188	2	breed	sent_comp	expected	The authors know the officers breed	2.92616732622264e-07	2.92616732622264e-07	21.704484939575195	21.704484939575195
376	gpt2	377	189	2	brew	sent_comp	unexpected	The authors know the officers brews	0.013417123896260808	0.013417123896260808	13.957226276397705	13.957226276397705
377	gpt2	378	189	2	brew	sent_comp	expected	The authors know the officers brew	1.4730767361470498e-07	1.4730767361470498e-07	22.694664001464844	22.694664001464844
378	gpt2	379	190	2	bribe	sent_comp	unexpected	The authors know the officers bribes	8.28493469384739e-08	8.28493469384739e-08	23.52493476867676	23.52493476867676
379	gpt2	380	190	2	bribe	sent_comp	expected	The authors know the officers bribe	1.6560603910420468e-07	1.6560603910420468e-07	22.52574157714844	22.52574157714844
380	gpt2	381	191	2	bridge	sent_comp	unexpected	The authors know the officers bridges	1.4786566637781108e-08	1.4786566637781108e-08	26.011137008666992	26.011137008666992
381	gpt2	382	191	2	bridge	sent_comp	expected	The authors know the officers bridge	1.7093594806283366e-07	1.7093594806283366e-07	22.48004150390625	22.48004150390625
382	gpt2	383	192	2	brief	sent_comp	unexpected	The authors know the officers briefs	2.991083363212965e-07	2.991083363212965e-07	21.672828674316406	21.672828674316406
383	gpt2	384	192	2	brief	sent_comp	expected	The authors know the officers brief	2.6698317014961503e-06	2.6698317014961503e-06	18.514820098876957	18.514820098876957
384	gpt2	385	193	2	bring	sent_comp	unexpected	The authors know the officers brings	2.600542927666538e-07	2.600542927666538e-07	21.874683380126957	21.874683380126957
385	gpt2	386	193	2	bring	sent_comp	expected	The authors know the officers bring	2.3799762857379392e-05	2.3799762857379392e-05	15.35869312286377	15.35869312286377
386	gpt2	387	194	2	broadcast	sent_comp	unexpected	The authors know the officers broadcasts	3.787856073245166e-08	3.787856073245166e-08	24.65404319763184	24.65404319763184
387	gpt2	388	194	2	broadcast	sent_comp	expected	The authors know the officers broadcast	2.638183559611207e-06	2.638183559611207e-06	18.53202438354492	18.53202438354492
388	gpt2	389	195	2	broaden	sent_comp	unexpected	The authors know the officers broadens	0.009231496882193818	0.009231496882193818	11.689492464065552	11.689492464065552
389	gpt2	390	195	2	broaden	sent_comp	expected	The authors know the officers broaden	4.0180562876912524e-08	4.0180562876912524e-08	24.568927764892575	24.568927764892575
390	gpt2	391	196	2	browbeat	sent_comp	unexpected	The authors know the officers browbeats	0.009457710093694035	0.009457710093694035	11.542830149332682	11.542830149332682
391	gpt2	392	196	2	browbeat	sent_comp	expected	The authors know the officers browbeat	0.3037696269622998	0.3037696269622998	11.500087082386017	11.500087082386017
392	gpt2	393	197	3	brush	sent_comp	unexpected	The author thinks the consultants brushes	1.45466984236009e-07	1.45466984236009e-07	22.712804794311523	22.712804794311523
393	gpt2	394	197	3	brush	sent_comp	expected	The author thinks the consultants brush	1.8156438272853848e-06	1.8156438272853848e-06	19.07108688354492	19.07108688354492
394	gpt2	395	198	3	buckle	sent_comp	unexpected	The author thinks the consultants buckles	0.00015564731063473305	0.00015564731063473305	14.948351860046387	14.948351860046387
395	gpt2	396	198	3	buckle	sent_comp	expected	The author thinks the consultants buckle	1.1551279044397235e-07	1.1551279044397235e-07	23.04544448852539	23.04544448852539
396	gpt2	397	199	3	buck	sent_comp	unexpected	The author thinks the consultants bucks	8.953487196095011e-08	8.953487196095011e-08	23.412975311279297	23.412975311279297
397	gpt2	398	199	3	buck	sent_comp	expected	The author thinks the consultants buck	3.247718041166081e-06	3.247718041166081e-06	18.232141494750977	18.232141494750977
398	gpt2	399	200	3	budge	sent_comp	unexpected	The author thinks the consultants budges	0.001904427043463349	0.001904427043463349	15.289822578430176	15.289822578430176
399	gpt2	400	200	3	budge	sent_comp	expected	The author thinks the consultants budge	0.03316066026903995	0.03316066026903995	13.228771328926086	13.228771328926086
400	gpt2	401	201	3	buffer	sent_comp	unexpected	The author thinks the consultants buffers	2.2093146867518957e-08	2.2093146867518957e-08	25.431825637817383	25.431825637817383
401	gpt2	402	201	3	buffer	sent_comp	expected	The author thinks the consultants buffer	1.8601252804728574e-07	1.8601252804728574e-07	22.358097076416016	22.358097076416016
402	gpt2	403	202	3	buffet	sent_comp	unexpected	The author thinks the consultants buffets	0.007954803749385047	0.007954803749385047	12.690359830856321	12.690359830856321
403	gpt2	404	202	3	buffet	sent_comp	expected	The author thinks the consultants buffet	7.140170623642916e-07	7.140170623642916e-07	20.417537689208984	20.417537689208984
404	gpt2	405	203	3	build	sent_comp	unexpected	The author thinks the consultants builds	3.481328292309627e-07	3.481328292309627e-07	21.453859329223636	21.453859329223636
405	gpt2	406	203	3	build	sent_comp	expected	The author thinks the consultants build	3.554087015800178e-05	3.554087015800178e-05	14.78016185760498	14.78016185760498
406	gpt2	407	204	3	bumble	sent_comp	unexpected	The author thinks the consultants bumbles	7.396289947791822e-05	7.396289947791822e-05	13.82895040512085	13.82895040512085
407	gpt2	408	204	3	bumble	sent_comp	expected	The author thinks the consultants bumble	0.004748627139633718	0.004748627139633718	10.557229042053223	10.557229042053223
408	gpt2	409	205	3	bump	sent_comp	unexpected	The author thinks the consultants bumps	3.036918627685736e-08	3.036918627685736e-08	24.97281646728516	24.97281646728516
409	gpt2	410	205	3	bump	sent_comp	expected	The author thinks the consultants bump	4.284002272925136e-07	4.284002272925136e-07	21.15453720092773	21.15453720092773
410	gpt2	411	206	3	buoy	sent_comp	unexpected	The author thinks the consultants buoys	0.0005766752270801394	0.0005766752270801394	14.187364101409912	14.187364101409912
411	gpt2	412	206	3	buoy	sent_comp	expected	The author thinks the consultants buoy	5.040629957875353e-07	5.040629957875353e-07	20.919893264770508	20.919893264770508
412	gpt2	413	207	3	burn	sent_comp	unexpected	The author thinks the consultants burns	1.9593763056491298e-08	1.9593763056491298e-08	25.605030059814453	25.605030059814453
413	gpt2	414	207	3	burn	sent_comp	expected	The author thinks the consultants burn	2.0910690636810614e-06	2.0910690636810614e-06	18.867328643798828	18.867328643798828
414	gpt2	415	208	3	bury	sent_comp	unexpected	The author thinks the consultants buries	0.010995261432555003	0.010995261432555003	13.163386344909668	13.163386344909668
415	gpt2	416	208	3	bury	sent_comp	expected	The author thinks the consultants bury	1.17423701340158e-06	1.17423701340158e-06	19.69984436035156	19.69984436035156
416	gpt2	417	209	3	buttress	sent_comp	unexpected	The author thinks the consultants buttresses	0.0011127687713496815	0.0011127687713496815	13.983531951904297	13.983531951904297
417	gpt2	418	209	3	buttress	sent_comp	expected	The author thinks the consultants buttress	0.01779853936307063	0.01779853936307063	11.983244180679321	11.983244180679321
418	gpt2	419	210	3	butt	sent_comp	unexpected	The author thinks the consultants butts	0.006885341645102	0.006885341645102	8.978595733642578	8.978595733642578
419	gpt2	420	210	3	butt	sent_comp	expected	The author thinks the consultants butt	1.713857500362792e-06	1.713857500362792e-06	19.154321670532227	19.154321670532227
420	gpt2	421	211	3	buy-back	sent_comp	unexpected	The author thinks the consultants buy-backs	0.0021307341248756988	0.0021307341248756988	10.996108055114746	10.996108055114746
421	gpt2	422	211	3	buy-back	sent_comp	expected	The author thinks the consultants buy-back	0.0021307341248756988	0.0021307341248756988	10.996108055114746	10.996108055114746
422	gpt2	423	212	3	buy	sent_comp	unexpected	The author thinks the consultants buys	1.1978993370576063e-06	1.1978993370576063e-06	19.671062469482425	19.671062469482425
423	gpt2	424	212	3	buy	sent_comp	expected	The author thinks the consultants buy	5.7012952311197296e-05	5.7012952311197296e-05	14.098350524902344	14.098350524902344
424	gpt2	425	213	3	buzz	sent_comp	unexpected	The author thinks the consultants buzzes	0.004316765739645199	0.004316765739645199	12.6508948802948	12.6508948802948
425	gpt2	426	213	3	buzz	sent_comp	expected	The author thinks the consultants buzz	2.8012675556965405e-06	2.8012675556965405e-06	18.44548797607422	18.44548797607422
426	gpt2	427	214	3	bypass	sent_comp	unexpected	The author thinks the consultants bypasses	0.0006293406463555554	0.0006293406463555554	13.727354049682617	13.727354049682617
427	gpt2	428	214	3	bypass	sent_comp	expected	The author thinks the consultants bypass	4.334023287810851e-06	4.334023287810851e-06	17.815860748291016	17.815860748291016
428	gpt2	429	215	3	calculate	sent_comp	unexpected	The author thinks the consultants calculates	5.139224299455236e-07	5.139224299455236e-07	20.89194679260254	20.89194679260254
429	gpt2	430	215	3	calculate	sent_comp	expected	The author thinks the consultants calculate	1.548406908113975e-05	1.548406908113975e-05	15.978856086730955	15.978856086730955
430	gpt2	431	216	3	call	sent_comp	unexpected	The author thinks the consultants calls	7.3220844569732435e-06	7.3220844569732435e-06	17.059314727783203	17.059314727783203
431	gpt2	432	216	3	call	sent_comp	expected	The author thinks the consultants call	0.0003320682735648	0.0003320682735648	11.556232452392578	11.556232452392578
432	gpt2	433	217	3	calm	sent_comp	unexpected	The author thinks the consultants calms	0.013201241381594274	0.013201241381594274	13.627254962921143	13.627254962921143
433	gpt2	434	217	3	calm	sent_comp	expected	The author thinks the consultants calm	5.310862434271257e-07	5.310862434271257e-07	20.84455108642578	20.84455108642578
434	gpt2	435	218	3	cancel	sent_comp	unexpected	The author thinks the consultants cancels	0.009582302976696133	0.009582302976696133	12.421858072280886	12.421858072280886
435	gpt2	436	218	3	cancel	sent_comp	expected	The author thinks the consultants cancel	1.7331472008663695e-06	1.7331472008663695e-06	19.13817405700684	19.13817405700684
436	gpt2	437	219	3	capitalize	sent_comp	unexpected	The author thinks the consultants capitalizes	0.013540232684022139	0.013540232684022139	11.670474052429201	11.670474052429201
437	gpt2	438	219	3	capitalize	sent_comp	expected	The author thinks the consultants capitalize	7.562841801700415e-07	7.562841801700415e-07	20.33456802368164	20.33456802368164
438	gpt2	439	220	3	capture	sent_comp	unexpected	The author thinks the consultants captures	1.8978697369220757e-07	1.8978697369220757e-07	22.32911491394043	22.32911491394043
439	gpt2	440	220	3	capture	sent_comp	expected	The author thinks the consultants capture	4.11707424063934e-06	4.11707424063934e-06	17.889949798583984	17.889949798583984
440	gpt2	441	221	3	cap	sent_comp	unexpected	The author thinks the consultants caps	3.63179310625128e-07	3.63179310625128e-07	21.39281463623047	21.39281463623047
441	gpt2	442	221	3	cap	sent_comp	expected	The author thinks the consultants cap	1.8031093986792257e-06	1.8031093986792257e-06	19.08108139038086	19.08108139038086
442	gpt2	443	222	3	careen	sent_comp	unexpected	The author thinks the consultants careens	8.36971594253128e-05	8.36971594253128e-05	13.637017250061035	13.637017250061035
443	gpt2	444	222	3	careen	sent_comp	expected	The author thinks the consultants careen	0.0002011631295317	0.0002011631295317	12.434211730957031	12.434211730957031
444	gpt2	445	223	3	care	sent_comp	unexpected	The author thinks the consultants cares	1.838518301156e-06	1.838518301156e-06	19.053024291992188	19.053024291992188
445	gpt2	446	223	3	care	sent_comp	expected	The author thinks the consultants care	0.0001127411669585	0.0001127411669585	13.11469841003418	13.11469841003418
446	gpt2	447	224	3	caricature	sent_comp	unexpected	The author thinks the consultants caricatures	0.11743242230076585	0.11743242230076585	11.441987752914427	11.441987752914427
447	gpt2	448	224	3	caricature	sent_comp	expected	The author thinks the consultants caricature	2.0102711459912825e-06	2.0102711459912825e-06	18.92417907714844	18.92417907714844
448	gpt2	449	225	3	carry	sent_comp	unexpected	The author thinks the consultants carries	4.820235517399851e-07	4.820235517399851e-07	20.98439216613769	20.98439216613769
449	gpt2	450	225	3	carry	sent_comp	expected	The author thinks the consultants carry	2.816688356688246e-05	2.816688356688246e-05	15.115640640258787	15.115640640258787
450	gpt2	451	226	3	cash	sent_comp	unexpected	The author thinks the consultants cashes	0.0422498061656995	0.0422498061656995	12.086439967155457	12.086439967155457
451	gpt2	452	226	3	cash	sent_comp	expected	The author thinks the consultants cash	2.028868721026811e-06	2.028868721026811e-06	18.910892486572266	18.910892486572266
452	gpt2	453	227	3	cast	sent_comp	unexpected	The author thinks the consultants casts	4.535245352599304e-07	4.535245352599304e-07	21.072315216064453	21.072315216064453
453	gpt2	454	227	3	cast	sent_comp	expected	The author thinks the consultants cast	3.559595643309876e-05	3.559595643309876e-05	14.77792739868164	14.77792739868164
454	gpt2	455	228	3	catapult	sent_comp	unexpected	The author thinks the consultants catapults	0.3384540575092008	0.3384540575092008	7.961399354816725	7.961399354816725
455	gpt2	456	228	3	catapult	sent_comp	expected	The author thinks the consultants catapult	4.729601243980142e-07	4.729601243980142e-07	21.011777877807617	21.011777877807617
456	gpt2	457	229	3	catch	sent_comp	unexpected	The author thinks the consultants catches	6.116657402799319e-08	6.116657402799319e-08	23.96268081665039	23.96268081665039
457	gpt2	458	229	3	catch	sent_comp	expected	The author thinks the consultants catch	3.2688976716599427e-06	3.2688976716599427e-06	18.22276496887207	18.22276496887207
458	gpt2	459	230	3	cater	sent_comp	unexpected	The author thinks the consultants caters	0.17875162286236446	0.17875162286236446	9.6911461353302	9.6911461353302
459	gpt2	460	230	3	cater	sent_comp	expected	The author thinks the consultants cater	8.442276339337695e-06	8.442276339337695e-06	16.85393714904785	16.85393714904785
460	gpt2	461	231	3	cause	sent_comp	unexpected	The author thinks the consultants causes	2.400194034635206e-07	2.400194034635206e-07	21.990345001220703	21.990345001220703
461	gpt2	462	231	3	cause	sent_comp	expected	The author thinks the consultants cause	2.54960195888998e-05	2.54960195888998e-05	15.25936794281006	15.25936794281006
462	gpt2	463	232	3	caution	sent_comp	unexpected	The author thinks the consultants cautions	0.11341120576935282	0.11341120576935282	9.531308650970459	9.531308650970459
463	gpt2	464	232	3	caution	sent_comp	expected	The author thinks the consultants caution	1.121572950069094e-05	1.121572950069094e-05	16.444116592407227	16.444116592407227
464	gpt2	465	233	3	cease	sent_comp	unexpected	The author thinks the consultants ceases	5.398731683925462e-09	5.398731683925462e-09	27.464733123779297	27.464733123779297
465	gpt2	466	233	3	cease	sent_comp	expected	The author thinks the consultants cease	1.0075094678541063e-06	1.0075094678541063e-06	19.920774459838867	19.920774459838867
466	gpt2	467	234	3	cede	sent_comp	unexpected	The author thinks the consultants cedes	0.0005688621577064378	0.0005688621577064378	12.541743755340576	12.541743755340576
467	gpt2	468	234	3	cede	sent_comp	expected	The author thinks the consultants cede	0.014244926246647038	0.014244926246647038	10.203060388565063	10.203060388565063
468	gpt2	469	235	3	celebrate	sent_comp	unexpected	The author thinks the consultants celebrates	2.2171834146433863e-08	2.2171834146433863e-08	25.42669677734375	25.42669677734375
469	gpt2	470	235	3	celebrate	sent_comp	expected	The author thinks the consultants celebrate	1.0337968205931247e-06	1.0337968205931247e-06	19.88361549377441	19.88361549377441
470	gpt2	471	236	3	cement	sent_comp	unexpected	The author thinks the consultants cements	0.0006940072316865378	0.0006940072316865378	12.395357608795166	12.395357608795166
471	gpt2	472	236	3	cement	sent_comp	expected	The author thinks the consultants cement	1.086903466784861e-06	1.086903466784861e-06	19.81134414672852	19.81134414672852
472	gpt2	473	237	3	centralize	sent_comp	unexpected	The author thinks the consultants centralizes	0.0019389755725569542	0.0019389755725569542	13.000069618225098	13.000069618225098
473	gpt2	474	237	3	centralize	sent_comp	expected	The author thinks the consultants centralize	0.017812887945183303	0.017812887945183303	11.399654388427734	11.399654388427734
474	gpt2	475	238	3	certify	sent_comp	unexpected	The author thinks the consultants certifies	0.09155068483022431	0.09155068483022431	11.335085272789001	11.335085272789001
475	gpt2	476	238	3	certify	sent_comp	expected	The author thinks the consultants certify	1.2315572348597923e-06	1.2315572348597923e-06	19.631084442138672	19.631084442138672
476	gpt2	477	239	3	challenge	sent_comp	unexpected	The author thinks the consultants challenges	8.49288767312828e-07	8.49288767312828e-07	20.1672420501709	20.1672420501709
477	gpt2	478	239	3	challenge	sent_comp	expected	The author thinks the consultants challenge	1.856497692642733e-05	1.856497692642733e-05	15.71705722808838	15.71705722808838
478	gpt2	479	240	3	change	sent_comp	unexpected	The author thinks the consultants changes	3.2956170343823032e-06	3.2956170343823032e-06	18.21101951599121	18.21101951599121
479	gpt2	480	240	3	change	sent_comp	expected	The author thinks the consultants change	3.470379670034163e-05	3.470379670034163e-05	14.814546585083008	14.814546585083008
480	gpt2	481	241	3	channel	sent_comp	unexpected	The author thinks the consultants channels	5.958921178716992e-07	5.958921178716992e-07	20.67844581604004	20.67844581604004
481	gpt2	482	241	3	channel	sent_comp	expected	The author thinks the consultants channel	4.0980835365189705e-06	4.0980835365189705e-06	17.89661979675293	17.89661979675293
482	gpt2	483	242	3	characterize	sent_comp	unexpected	The author thinks the consultants characterizes	0.13172430379563593	0.13172430379563593	9.101024091243744	9.101024091243744
483	gpt2	484	242	3	characterize	sent_comp	expected	The author thinks the consultants characterize	2.2820584035798674e-06	2.2820584035798674e-06	18.74123191833496	18.74123191833496
484	gpt2	485	243	3	charge	sent_comp	unexpected	The author thinks the consultants charges	1.0792811735882424e-05	1.0792811735882424e-05	16.499568939208984	16.499568939208984
485	gpt2	486	243	3	charge	sent_comp	expected	The author thinks the consultants charge	0.0001250571076525	0.0001250571076525	12.96512508392334	12.96512508392334
486	gpt2	487	244	3	chart	sent_comp	unexpected	The author thinks the consultants charts	1.7050800806828192e-06	1.7050800806828192e-06	19.16172981262207	19.16172981262207
487	gpt2	488	244	3	chart	sent_comp	expected	The author thinks the consultants chart	3.233638926758431e-05	3.233638926758431e-05	14.916481971740724	14.916481971740724
488	gpt2	489	245	3	chase	sent_comp	unexpected	The author thinks the consultants chases	0.0007120137042875056	0.0007120137042875056	12.565749645233154	12.565749645233154
489	gpt2	490	245	3	chase	sent_comp	expected	The author thinks the consultants chase	5.537865490623517e-07	5.537865490623517e-07	20.78416633605957	20.78416633605957
490	gpt2	491	246	3	chat	sent_comp	unexpected	The author thinks the consultants chats	6.996963719529958e-08	6.996963719529958e-08	23.768695831298828	23.768695831298828
491	gpt2	492	246	3	chat	sent_comp	expected	The author thinks the consultants chat	6.959649454074679e-06	6.959649454074679e-06	17.132553100585938	17.132553100585938
492	gpt2	493	247	3	chauffeur	sent_comp	unexpected	The author thinks the consultants chauffeurs	0.20251032834423197	0.20251032834423197	9.585790952046713	9.585790952046713
493	gpt2	494	247	3	chauffeur	sent_comp	expected	The author thinks the consultants chauffeur	0.28103863013458863	0.28103863013458863	8.204984029134115	8.204984029134115
494	gpt2	495	248	3	cheat	sent_comp	unexpected	The author thinks the consultants cheats	0.0978650187308858	0.0978650187308858	10.465656757354738	10.465656757354738
495	gpt2	496	248	3	cheat	sent_comp	expected	The author thinks the consultants cheat	1.9078161130892116e-05	1.9078161130892116e-05	15.67771816253662	15.67771816253662
496	gpt2	497	249	3	check	sent_comp	unexpected	The author thinks the consultants checks	3.025381829502294e-06	3.025381829502294e-06	18.33445167541504	18.33445167541504
497	gpt2	498	249	3	check	sent_comp	expected	The author thinks the consultants check	3.65514679288026e-05	3.65514679288026e-05	14.739710807800291	14.739710807800291
498	gpt2	499	250	3	cheer	sent_comp	unexpected	The author thinks the consultants cheers	7.357917297667883e-08	7.357917297667883e-08	23.69612693786621	23.69612693786621
499	gpt2	500	250	3	cheer	sent_comp	expected	The author thinks the consultants cheer	5.676098226103932e-06	5.676098226103932e-06	17.426668167114258	17.426668167114258
500	gpt2	501	251	3	chew	sent_comp	unexpected	The author thinks the consultants chews	0.0017214016689876906	0.0017214016689876906	13.380751609802248	13.380751609802248
501	gpt2	502	251	3	chew	sent_comp	expected	The author thinks the consultants chew	1.2938157851749563e-06	1.2938157851749563e-06	19.5599365234375	19.5599365234375
502	gpt2	503	252	3	chill	sent_comp	unexpected	The author thinks the consultants chills	0.0005739529324273057	0.0005739529324273057	12.7236328125	12.7236328125
503	gpt2	504	252	3	chill	sent_comp	expected	The author thinks the consultants chill	3.062268945086544e-07	3.062268945086544e-07	21.63889503479004	21.63889503479004
504	gpt2	505	253	3	chisel	sent_comp	unexpected	The author thinks the consultants chisels	0.011588292091497901	0.011588292091497901	9.21152893702189	9.21152893702189
505	gpt2	506	253	3	chisel	sent_comp	expected	The author thinks the consultants chisel	0.0018301655827599056	0.0018301655827599056	11.878699779510498	11.878699779510498
506	gpt2	507	254	3	choke	sent_comp	unexpected	The author thinks the consultants chokes	0.00020526387652350565	0.00020526387652350565	13.487945556640625	13.487945556640625
507	gpt2	508	254	3	choke	sent_comp	expected	The author thinks the consultants choke	5.100086468701193e-07	5.100086468701193e-07	20.90297508239746	20.90297508239746
508	gpt2	509	255	3	choose	sent_comp	unexpected	The author thinks the consultants chooses	1.3107758149999429e-06	1.3107758149999429e-06	19.541147232055664	19.541147232055664
509	gpt2	510	255	3	choose	sent_comp	expected	The author thinks the consultants choose	6.572522397618741e-05	6.572522397618741e-05	13.893193244934082	13.893193244934082
510	gpt2	511	256	3	chop	sent_comp	unexpected	The author thinks the consultants chops	2.417247912944731e-07	2.417247912944731e-07	21.980131149291992	21.980131149291992
511	gpt2	512	256	3	chop	sent_comp	expected	The author thinks the consultants chop	7.90275080930769e-08	7.90275080930769e-08	23.59306907653809	23.59306907653809
512	gpt2	513	257	3	churn	sent_comp	unexpected	The author thinks the consultants churns	0.0012353822394288608	0.0012353822394288608	12.603533744812012	12.603533744812012
513	gpt2	514	257	3	churn	sent_comp	expected	The author thinks the consultants churn	1.0493824447621591e-05	1.0493824447621591e-05	16.54010009765625	16.54010009765625
514	gpt2	515	258	3	cinch	sent_comp	unexpected	The author thinks the consultants cinches	1.8112649740942288e-05	1.8112649740942288e-05	15.875638484954834	15.875638484954834
515	gpt2	516	258	3	cinch	sent_comp	expected	The author thinks the consultants cinch	0.0005083297937744523	0.0005083297937744523	12.624846935272217	12.624846935272217
516	gpt2	517	259	3	circulate	sent_comp	unexpected	The author thinks the consultants circulates	0.05760586135762934	0.05760586135762934	12.690470576286316	12.690470576286316
517	gpt2	518	259	3	circulate	sent_comp	expected	The author thinks the consultants circulate	4.060431422203692e-07	4.060431422203692e-07	21.231863021850582	21.231863021850582
518	gpt2	519	260	3	circumvent	sent_comp	unexpected	The author thinks the consultants circumvents	0.3034834643696058	0.3034834643696058	7.9134654104709625	7.9134654104709625
519	gpt2	520	260	3	circumvent	sent_comp	expected	The author thinks the consultants circumvent	1.0131731187357218e-06	1.0131731187357218e-06	19.912687301635746	19.912687301635746
520	gpt2	521	261	3	cite	sent_comp	unexpected	The author thinks the consultants cites	1.9175374745827867e-06	1.9175374745827867e-06	18.99231338500977	18.99231338500977
521	gpt2	522	261	3	cite	sent_comp	expected	The author thinks the consultants cite	3.908250801032409e-05	3.908250801032409e-05	14.64311695098877	14.64311695098877
522	gpt2	523	262	3	claim	sent_comp	unexpected	The author thinks the consultants claims	9.580137884768192e-06	9.580137884768192e-06	16.67152214050293	16.67152214050293
523	gpt2	524	262	3	claim	sent_comp	expected	The author thinks the consultants claim	0.0002422702673356	0.0002422702673356	12.01109504699707	12.01109504699707
524	gpt2	525	263	3	clamp	sent_comp	unexpected	The author thinks the consultants clamps	0.00022077105586502718	0.00022077105586502718	13.175705432891846	13.175705432891846
525	gpt2	526	263	3	clamp	sent_comp	expected	The author thinks the consultants clamp	2.626456421239709e-07	2.626456421239709e-07	21.86037826538086	21.86037826538086
526	gpt2	527	264	3	clarify	sent_comp	unexpected	The author thinks the consultants clarifies	0.100293800853791	0.100293800853791	11.280298352241516	11.280298352241516
527	gpt2	528	264	3	clarify	sent_comp	expected	The author thinks the consultants clarify	1.8465697166902828e-06	1.8465697166902828e-06	19.046720504760746	19.046720504760746
528	gpt2	529	265	3	clash	sent_comp	unexpected	The author thinks the consultants clashes	3.049450469916337e-08	3.049450469916337e-08	24.966875076293945	24.966875076293945
529	gpt2	530	265	3	clash	sent_comp	expected	The author thinks the consultants clash	8.091413405963976e-07	8.091413405963976e-07	20.237104415893555	20.237104415893555
530	gpt2	531	266	3	classify	sent_comp	unexpected	The author thinks the consultants classifies	0.229591650160728	0.229591650160728	7.613039553165436	7.613039553165436
531	gpt2	532	266	3	classify	sent_comp	expected	The author thinks the consultants classify	4.424556209414732e-06	4.424556209414732e-06	17.786035537719727	17.786035537719727
532	gpt2	533	267	3	cleanse	sent_comp	unexpected	The author thinks the consultants cleanses	0.0029396542401229873	0.0029396542401229873	13.844691753387451	13.844691753387451
533	gpt2	534	267	3	cleanse	sent_comp	expected	The author thinks the consultants cleanse	0.009003342217511064	0.009003342217511064	11.235940933227539	11.235940933227539
534	gpt2	535	268	3	clean	sent_comp	unexpected	The author thinks the consultants cleans	7.859537731746968e-07	7.859537731746968e-07	20.279052734375	20.279052734375
535	gpt2	536	268	3	clean	sent_comp	expected	The author thinks the consultants clean	9.551820767228492e-06	9.551820767228492e-06	16.675792694091797	16.675792694091797
536	gpt2	537	269	3	clear	sent_comp	unexpected	The author thinks the consultants clears	6.402907359870369e-08	6.402907359870369e-08	23.896697998046875	23.896697998046875
537	gpt2	538	269	3	clear	sent_comp	expected	The author thinks the consultants clear	8.094659278867766e-06	8.094659278867766e-06	16.91459846496582	16.91459846496582
538	gpt2	539	270	3	climb	sent_comp	unexpected	The author thinks the consultants climbs	1.3238573792762054e-08	1.3238573792762054e-08	26.170677185058597	26.170677185058597
539	gpt2	540	270	3	climb	sent_comp	expected	The author thinks the consultants climb	1.1141206641696044e-06	1.1141206641696044e-06	19.77566337585449	19.77566337585449
540	gpt2	541	271	3	cling	sent_comp	unexpected	The author thinks the consultants clings	0.002440560673676327	0.002440560673676327	11.398885250091553	11.398885250091553
541	gpt2	542	271	3	cling	sent_comp	expected	The author thinks the consultants cling	5.573842258854711e-07	5.573842258854711e-07	20.77482414245605	20.77482414245605
542	gpt2	543	272	3	clip	sent_comp	unexpected	The author thinks the consultants clips	8.247567961916502e-08	8.247567961916502e-08	23.531455993652344	23.531455993652344
543	gpt2	544	272	3	clip	sent_comp	expected	The author thinks the consultants clip	2.552338571604196e-07	2.552338571604196e-07	21.90167617797852	21.90167617797852
544	gpt2	545	273	3	clobber	sent_comp	unexpected	The author thinks the consultants clobbers	0.028350081337824382	0.028350081337824382	9.214838743209839	9.214838743209839
545	gpt2	546	273	3	clobber	sent_comp	expected	The author thinks the consultants clobber	0.07510134364747499	0.07510134364747499	7.171626091003418	7.171626091003418
546	gpt2	547	274	3	close	sent_comp	unexpected	The author thinks the consultants closes	6.410385822164244e-08	6.410385822164244e-08	23.8950138092041	23.8950138092041
547	gpt2	548	274	3	close	sent_comp	expected	The author thinks the consultants close	1.2514986337919254e-05	1.2514986337919254e-05	16.28598403930664	16.28598403930664
548	gpt2	549	275	3	cloud	sent_comp	unexpected	The author thinks the consultants clouds	2.0139890466452925e-07	2.0139890466452925e-07	22.24344062805176	22.24344062805176
549	gpt2	550	275	3	cloud	sent_comp	expected	The author thinks the consultants cloud	1.502579721091024e-06	1.502579721091024e-06	19.344127655029297	19.344127655029297
550	gpt2	551	276	3	clutter	sent_comp	unexpected	The author thinks the consultants clutters	0.000328575629040948	0.000328575629040948	16.161253929138184	16.161253929138184
551	gpt2	552	276	3	clutter	sent_comp	expected	The author thinks the consultants clutter	2.468080424478103e-07	2.468080424478103e-07	21.95010757446289	21.95010757446289
552	gpt2	553	277	3	coach	sent_comp	unexpected	The author thinks the consultants coaches	1.3454350664687809e-06	1.3454350664687809e-06	19.503496170043945	19.503496170043945
553	gpt2	554	277	3	coach	sent_comp	expected	The author thinks the consultants coach	6.002603186061606e-06	6.002603186061606e-06	17.345979690551758	17.345979690551758
554	gpt2	555	278	3	coax	sent_comp	unexpected	The author thinks the consultants coaxes	0.003283638618427151	0.003283638618427151	13.248504161834717	13.248504161834717
555	gpt2	556	278	3	coax	sent_comp	expected	The author thinks the consultants coax	1.6081510239018826e-06	1.6081510239018826e-06	19.246166229248047	19.246166229248047
556	gpt2	557	279	3	code	sent_comp	unexpected	The author thinks the consultants codes	8.282880514798309e-08	8.282880514798309e-08	23.525291442871094	23.525291442871094
557	gpt2	558	279	3	code	sent_comp	expected	The author thinks the consultants code	5.85769566896488e-06	5.85769566896488e-06	17.381235122680664	17.381235122680664
558	gpt2	559	280	3	co-exist	sent_comp	unexpected	The author thinks the consultants co-exists	0.42096731921446917	0.42096731921446917	7.566893950104713	7.566893950104713
559	gpt2	560	280	3	co-exist	sent_comp	expected	The author thinks the consultants co-exist	0.42096731921446917	0.42096731921446917	7.566893950104713	7.566893950104713
560	gpt2	561	281	3	cohere	sent_comp	unexpected	The author thinks the consultants coheres	3.4033328120131046e-05	3.4033328120131046e-05	14.84330940246582	14.84330940246582
561	gpt2	562	281	3	cohere	sent_comp	expected	The author thinks the consultants cohere	0.00023778643480909046	0.00023778643480909046	13.013716220855713	13.013716220855713
562	gpt2	563	282	3	co-host	sent_comp	unexpected	The author thinks the consultants co-hosts	0.42096731921446917	0.42096731921446917	7.566893950104713	7.566893950104713
563	gpt2	564	282	3	co-host	sent_comp	expected	The author thinks the consultants co-host	0.42096731921446917	0.42096731921446917	7.566893950104713	7.566893950104713
564	gpt2	565	283	3	coincide	sent_comp	unexpected	The author thinks the consultants coincides	3.308581497662999e-08	3.308581497662999e-08	24.84921264648437	24.84921264648437
565	gpt2	566	283	3	coincide	sent_comp	expected	The author thinks the consultants coincide	2.773582821191667e-07	2.773582821191667e-07	21.78174591064453	21.78174591064453
566	gpt2	567	284	3	collaborate	sent_comp	unexpected	The author thinks the consultants collaborates	0.027420095667082468	0.027420095667082468	12.731937408447266	12.731937408447266
567	gpt2	568	284	3	collaborate	sent_comp	expected	The author thinks the consultants collaborate	5.284160124574555e-06	5.284160124574555e-06	17.52989387512207	17.52989387512207
568	gpt2	569	285	3	collapse	sent_comp	unexpected	The author thinks the consultants collapses	2.1702181385307995e-08	2.1702181385307995e-08	25.45758438110352	25.45758438110352
569	gpt2	570	285	3	collapse	sent_comp	expected	The author thinks the consultants collapse	1.024349899125809e-06	1.024349899125809e-06	19.896860122680664	19.896860122680664
570	gpt2	571	286	3	collect	sent_comp	unexpected	The author thinks the consultants collects	4.10810656603644e-07	4.10810656603644e-07	21.215023040771484	21.215023040771484
571	gpt2	572	286	3	collect	sent_comp	expected	The author thinks the consultants collect	4.063658707309514e-05	4.063658707309514e-05	14.586861610412598	14.586861610412598
572	gpt2	573	287	3	combat	sent_comp	unexpected	The author thinks the consultants combats	0.0019581467172429057	0.0019581467172429057	12.189984321594238	12.189984321594238
573	gpt2	574	287	3	combat	sent_comp	expected	The author thinks the consultants combat	1.2853323596573318e-06	1.2853323596573318e-06	19.56942749023437	19.56942749023437
574	gpt2	575	288	3	combine	sent_comp	unexpected	The author thinks the consultants combines	2.1035690167536814e-07	2.1035690167536814e-07	22.1806583404541	22.1806583404541
575	gpt2	576	288	3	combine	sent_comp	expected	The author thinks the consultants combine	1.4636078049079517e-05	1.4636078049079517e-05	16.06011199951172	16.06011199951172
576	gpt2	577	289	3	come	sent_comp	unexpected	The author thinks the consultants comes	8.754149348533247e-06	8.754149348533247e-06	16.80160140991211	16.80160140991211
577	gpt2	578	289	3	come	sent_comp	expected	The author thinks the consultants come	0.0005415796185843	0.0005415796185843	10.850539207458496	10.850539207458496
578	gpt2	579	290	3	command	sent_comp	unexpected	The author thinks the consultants commands	1.659027475398034e-07	1.659027475398034e-07	22.52315902709961	22.52315902709961
579	gpt2	580	290	3	command	sent_comp	expected	The author thinks the consultants command	4.248825916874921e-06	4.248825916874921e-06	17.84450340270996	17.84450340270996
580	gpt2	581	291	3	commemorate	sent_comp	unexpected	The author thinks the consultants commemorates	0.0016298387097108782	0.0016298387097108782	15.634917736053467	15.634917736053467
581	gpt2	582	291	3	commemorate	sent_comp	expected	The author thinks the consultants commemorate	4.282603072169877e-08	4.282603072169877e-08	24.47693634033203	24.47693634033203
582	gpt2	583	292	3	commend	sent_comp	unexpected	The author thinks the consultants commends	0.0017711020874457706	0.0017711020874457706	13.50755262374878	13.50755262374878
583	gpt2	584	292	3	commend	sent_comp	expected	The author thinks the consultants commend	1.0231705118712853e-06	1.0231705118712853e-06	19.898521423339844	19.898521423339844
584	gpt2	585	293	3	comment	sent_comp	unexpected	The author thinks the consultants comments	4.769835868501104e-06	4.769835868501104e-06	17.677629470825195	17.677629470825195
585	gpt2	586	293	3	comment	sent_comp	expected	The author thinks the consultants comment	1.1301000995445064e-05	1.1301000995445064e-05	16.433189392089844	16.433189392089844
586	gpt2	587	294	3	commercialize	sent_comp	unexpected	The author thinks the consultants commercializes	0.017255082895189813	0.017255082895189813	11.751795291900635	11.751795291900635
587	gpt2	588	294	3	commercialize	sent_comp	expected	The author thinks the consultants commercialize	0.12944829108300837	0.12944829108300837	10.298109948635101	10.298109948635101
588	gpt2	589	295	4	commit	sent_comp	unexpected	The author knows the teacher commit	9.736846777741448e-07	9.736846777741448e-07	19.97004127502441	19.97004127502441
589	gpt2	590	295	4	commit	sent_comp	expected	The author knows the teacher commits	5.409645837062271e-06	5.409645837062271e-06	17.496034622192383	17.496034622192383
590	gpt2	591	296	4	communicate	sent_comp	unexpected	The author knows the teacher communicate	1.0413441486889496e-07	1.0413441486889496e-07	23.195049285888672	23.195049285888672
591	gpt2	592	296	4	communicate	sent_comp	expected	The author knows the teacher communicates	5.039075404056348e-06	5.039075404056348e-06	17.59840965270996	17.59840965270996
592	gpt2	593	297	4	compare	sent_comp	unexpected	The author knows the teacher compare	1.059624921140312e-07	1.059624921140312e-07	23.16994285583496	23.16994285583496
593	gpt2	594	297	4	compare	sent_comp	expected	The author knows the teacher compares	3.142780769849196e-06	3.142780769849196e-06	18.27952766418457	18.27952766418457
594	gpt2	595	298	4	compel	sent_comp	unexpected	The author knows the teacher compel	1.0734940047996132e-08	1.0734940047996132e-08	26.47311019897461	26.47311019897461
595	gpt2	596	298	4	compel	sent_comp	expected	The author knows the teacher compels	0.1753549785387349	0.1753549785387349	9.404209315776825	9.404209315776825
596	gpt2	597	299	4	compensate	sent_comp	unexpected	The author knows the teacher compensate	1.3151018052326437e-08	1.3151018052326437e-08	26.18025016784668	26.18025016784668
597	gpt2	598	299	4	compensate	sent_comp	expected	The author knows the teacher compensates	0.49492378965152284	0.49492378965152284	9.859315195120871	9.859315195120871
598	gpt2	599	300	4	compete	sent_comp	unexpected	The author knows the teacher compete	2.166037305073587e-08	2.166037305073587e-08	25.46036720275879	25.46036720275879
599	gpt2	600	300	4	compete	sent_comp	expected	The author knows the teacher competes	0.4325103054434294	0.4325103054434294	7.006272181868553	7.006272181868553
600	gpt2	601	301	4	compile	sent_comp	unexpected	The author knows the teacher compile	1.1042845216024945e-07	1.1042845216024945e-07	23.11038398742676	23.11038398742676
601	gpt2	602	301	4	compile	sent_comp	expected	The author knows the teacher compiles	0.10148201743481876	0.10148201743481876	9.79874575138092	9.79874575138092
602	gpt2	603	302	4	complain	sent_comp	unexpected	The author knows the teacher complain	5.755175038757443e-07	5.755175038757443e-07	20.7286376953125	20.7286376953125
603	gpt2	604	302	4	complain	sent_comp	expected	The author knows the teacher complains	3.532418304530438e-06	3.532418304530438e-06	18.110912322998047	18.110912322998047
604	gpt2	605	303	4	complement	sent_comp	unexpected	The author knows the teacher complement	7.680792890596423e-08	7.680792890596423e-08	23.63416862487793	23.63416862487793
605	gpt2	606	303	4	complement	sent_comp	expected	The author knows the teacher complements	0.3346607745966139	0.3346607745966139	10.237268209457396	10.237268209457396
606	gpt2	607	304	4	complete	sent_comp	unexpected	The author knows the teacher complete	5.1700390031328425e-06	5.1700390031328425e-06	17.56139373779297	17.56139373779297
607	gpt2	608	304	4	complete	sent_comp	expected	The author knows the teacher completes	8.056870797190641e-07	8.056870797190641e-07	20.243276596069336	20.243276596069336
608	gpt2	609	305	4	complicate	sent_comp	unexpected	The author knows the teacher complicate	5.8236309108394835e-09	5.8236309108394835e-09	27.35543441772461	27.35543441772461
609	gpt2	610	305	4	complicate	sent_comp	expected	The author knows the teacher complicates	0.21587548099432752	0.21587548099432752	9.323627173900604	9.323627173900604
610	gpt2	611	306	4	comply	sent_comp	unexpected	The author knows the teacher comply	1.400223794689737e-07	1.400223794689737e-07	22.76783943176269	22.76783943176269
611	gpt2	612	306	4	comply	sent_comp	expected	The author knows the teacher complies	0.16902490399752423	0.16902490399752423	9.50011157989502	9.50011157989502
612	gpt2	613	307	4	compound	sent_comp	unexpected	The author knows the teacher compound	1.51395667558063e-07	1.51395667558063e-07	22.65517234802246	22.65517234802246
613	gpt2	614	307	4	compound	sent_comp	expected	The author knows the teacher compounds	5.99075917762093e-08	5.99075917762093e-08	23.992685317993164	23.992685317993164
614	gpt2	615	308	4	comprise	sent_comp	unexpected	The author knows the teacher comprise	1.3254972230924976e-08	1.3254972230924976e-08	26.16889190673828	26.16889190673828
615	gpt2	616	308	4	comprise	sent_comp	expected	The author knows the teacher comprises	5.11442578954302e-07	5.11442578954302e-07	20.898923873901367	20.898923873901367
616	gpt2	617	309	4	compromise	sent_comp	unexpected	The author knows the teacher compromise	7.194658024900491e-08	7.194658024900491e-08	23.728498458862305	23.728498458862305
617	gpt2	618	309	4	compromise	sent_comp	expected	The author knows the teacher compromises	1.1851492587311441e-07	1.1851492587311441e-07	23.0084285736084	23.0084285736084
618	gpt2	619	310	4	computerize	sent_comp	unexpected	The author knows the teacher computerize	7.803802395755767e-05	7.803802395755767e-05	15.017434120178223	15.017434120178223
619	gpt2	620	310	4	computerize	sent_comp	expected	The author knows the teacher computerizes	0.0011190584725682077	0.0011190584725682077	13.069841861724854	13.069841861724854
620	gpt2	621	311	4	compute	sent_comp	unexpected	The author knows the teacher compute	1.8199690643427857e-08	1.8199690643427857e-08	25.71151161193848	25.71151161193848
621	gpt2	622	311	4	compute	sent_comp	expected	The author knows the teacher computes	0.0058686612208020605	0.0058686612208020605	11.855129957199097	11.855129957199097
622	gpt2	623	312	4	conceal	sent_comp	unexpected	The author knows the teacher conceal	2.2886293749024844e-08	2.2886293749024844e-08	25.38094139099121	25.38094139099121
623	gpt2	624	312	4	conceal	sent_comp	expected	The author knows the teacher conceals	0.3921409577792474	0.3921409577792474	10.761143311858175	10.761143311858175
624	gpt2	625	313	4	concede	sent_comp	unexpected	The author knows the teacher concede	4.310342305302584e-08	4.310342305302584e-08	24.467622756958008	24.467622756958008
625	gpt2	626	313	4	concede	sent_comp	expected	The author knows the teacher concedes	3.531771653797477e-06	3.531771653797477e-06	18.11117553710937	18.11117553710937
626	gpt2	627	314	4	conceive	sent_comp	unexpected	The author knows the teacher conceive	2.939353294095781e-08	2.939353294095781e-08	25.019926071166992	25.019926071166992
627	gpt2	628	314	4	conceive	sent_comp	expected	The author knows the teacher conceives	0.053092553532678714	0.053092553532678714	12.20354127883911	12.20354127883911
628	gpt2	629	315	4	concentrate	sent_comp	unexpected	The author knows the teacher concentrate	6.376302508215305e-08	6.376302508215305e-08	23.9027042388916	23.9027042388916
629	gpt2	630	315	4	concentrate	sent_comp	expected	The author knows the teacher concentrates	0.4995125163230228	0.4995125163230228	10.621967429411598	10.621967429411598
630	gpt2	631	316	4	concern	sent_comp	unexpected	The author knows the teacher concern	5.848393129781471e-07	5.848393129781471e-07	20.705455780029297	20.705455780029297
631	gpt2	632	316	4	concern	sent_comp	expected	The author knows the teacher concerns	5.744496320403414e-06	5.744496320403414e-06	17.409387588500977	17.409387588500977
632	gpt2	633	317	4	conclude	sent_comp	unexpected	The author knows the teacher conclude	2.3132407989123752e-08	2.3132407989123752e-08	25.365509033203125	25.365509033203125
633	gpt2	634	317	4	conclude	sent_comp	expected	The author knows the teacher concludes	9.38206881073711e-07	9.38206881073711e-07	20.023590087890625	20.023590087890625
634	gpt2	635	318	4	condemn	sent_comp	unexpected	The author knows the teacher condemn	6.356291493148093e-08	6.356291493148093e-08	23.90723991394043	23.90723991394043
635	gpt2	636	318	4	condemn	sent_comp	expected	The author knows the teacher condemns	2.03542685994762e-06	2.03542685994762e-06	18.90623664855957	18.90623664855957
636	gpt2	637	319	4	condone	sent_comp	unexpected	The author knows the teacher condone	3.4980597973799377e-08	3.4980597973799377e-08	24.76886940002441	24.76886940002441
637	gpt2	638	319	4	condone	sent_comp	expected	The author knows the teacher condones	0.21450585007184483	0.21450585007184483	10.790850043296814	10.790850043296814
638	gpt2	639	320	4	conduct	sent_comp	unexpected	The author knows the teacher conduct	3.1956840302882483e-06	3.1956840302882483e-06	18.255443572998047	18.255443572998047
639	gpt2	640	320	4	conduct	sent_comp	expected	The author knows the teacher conducts	4.988163709640503e-06	4.988163709640503e-06	17.613059997558594	17.613059997558594
640	gpt2	641	321	4	confer	sent_comp	unexpected	The author knows the teacher confer	7.600696960707864e-08	7.600696960707864e-08	23.649293899536133	23.649293899536133
641	gpt2	642	321	4	confer	sent_comp	expected	The author knows the teacher confers	0.04326331711149576	0.04326331711149576	10.76361870765686	10.76361870765686
642	gpt2	643	322	4	confirm	sent_comp	unexpected	The author knows the teacher confirm	2.414004143247439e-07	2.414004143247439e-07	21.98206901550293	21.98206901550293
643	gpt2	644	322	4	confirm	sent_comp	expected	The author knows the teacher confirms	3.833584742096718e-06	3.833584742096718e-06	17.992874145507812	17.992874145507812
644	gpt2	645	323	4	confiscate	sent_comp	unexpected	The author knows the teacher confiscate	0.02820243524495677	0.02820243524495677	13.983842611312866	13.983842611312866
645	gpt2	646	323	4	confiscate	sent_comp	expected	The author knows the teacher confiscates	0.39399850765351374	0.39399850765351374	12.081692457199097	12.081692457199097
646	gpt2	647	324	4	conform	sent_comp	unexpected	The author knows the teacher conform	5.249229388937238e-07	5.249229388937238e-07	20.861391067504883	20.861391067504883
647	gpt2	648	324	4	conform	sent_comp	expected	The author knows the teacher conforms	0.49295097013549594	0.49295097013549594	10.440937906503677	10.440937906503677
648	gpt2	649	325	4	confront	sent_comp	unexpected	The author knows the teacher confront	1.0198012745377129e-07	1.0198012745377129e-07	23.225208282470703	23.225208282470703
649	gpt2	650	325	4	confront	sent_comp	expected	The author knows the teacher confronts	1.7408467556379037e-06	1.7408467556379037e-06	19.131778717041016	19.131778717041016
650	gpt2	651	326	4	confuse	sent_comp	unexpected	The author knows the teacher confuse	7.853344641262083e-08	7.853344641262083e-08	23.60211753845215	23.60211753845215
651	gpt2	652	326	4	confuse	sent_comp	expected	The author knows the teacher confuses	0.16214350334144	0.16214350334144	9.810567855834961	9.810567855834961
652	gpt2	653	327	4	congratulate	sent_comp	unexpected	The author knows the teacher congratulate	4.0466595407906425e-08	4.0466595407906425e-08	24.558692932128903	24.558692932128903
653	gpt2	654	327	4	congratulate	sent_comp	expected	The author knows the teacher congratulates	0.4685954137058843	0.4685954137058843	10.096012454479933	10.096012454479933
654	gpt2	655	328	4	connect	sent_comp	unexpected	The author knows the teacher connect	6.531298168965806e-08	6.531298168965806e-08	23.86805534362793	23.86805534362793
655	gpt2	656	328	4	connect	sent_comp	expected	The author knows the teacher connects	8.465006544611242e-07	8.465006544611242e-07	20.171985626220703	20.171985626220703
656	gpt2	657	329	4	connote	sent_comp	unexpected	The author knows the teacher connote	0.0005176982269858376	0.0005176982269858376	14.17924404144287	14.17924404144287
657	gpt2	658	329	4	connote	sent_comp	expected	The author knows the teacher connotes	0.007903005684283888	0.007903005684283888	12.21130037307739	12.21130037307739
658	gpt2	659	330	4	conquer	sent_comp	unexpected	The author knows the teacher conquer	2.5213930943124292e-09	2.5213930943124292e-09	28.56313133239746	28.56313133239746
659	gpt2	660	330	4	conquer	sent_comp	expected	The author knows the teacher conquers	0.493462765331218	0.493462765331218	12.167005181312561	12.167005181312561
660	gpt2	661	331	4	consent	sent_comp	unexpected	The author knows the teacher consent	8.581178008171264e-06	8.581178008171264e-06	16.830392837524414	16.830392837524414
661	gpt2	662	331	4	consent	sent_comp	expected	The author knows the teacher consents	0.063381370288198	0.063381370288198	10.559320092201233	10.559320092201233
662	gpt2	663	332	4	conserve	sent_comp	unexpected	The author knows the teacher conserve	2.5705038098067234e-10	2.5705038098067234e-10	31.85722923278809	31.85722923278809
663	gpt2	664	332	4	conserve	sent_comp	expected	The author knows the teacher conserves	0.23185269754641524	0.23185269754641524	12.955002248287201	12.955002248287201
664	gpt2	665	333	4	consider	sent_comp	unexpected	The author knows the teacher consider	1.1380623618606478e-05	1.1380623618606478e-05	16.42306137084961	16.42306137084961
665	gpt2	666	333	4	consider	sent_comp	expected	The author knows the teacher considers	7.973773608682677e-05	7.973773608682677e-05	13.614377975463867	13.614377975463867
666	gpt2	667	334	4	consist	sent_comp	unexpected	The author knows the teacher consist	6.343405090092348e-08	6.343405090092348e-08	23.9101676940918	23.9101676940918
667	gpt2	668	334	4	consist	sent_comp	expected	The author knows the teacher consists	4.1393104766029865e-06	4.1393104766029865e-06	17.882177352905273	17.882177352905273
668	gpt2	669	335	4	console	sent_comp	unexpected	The author knows the teacher console	4.908298478767392e-07	4.908298478767392e-07	20.95827293395996	20.95827293395996
669	gpt2	670	335	4	console	sent_comp	expected	The author knows the teacher consoles	6.355806192459569e-08	6.355806192459569e-08	23.9073486328125	23.9073486328125
670	gpt2	671	336	4	consolidate	sent_comp	unexpected	The author knows the teacher consolidate	3.1699514124738926e-09	3.1699514124738926e-09	28.232891082763672	28.232891082763672
671	gpt2	672	336	4	consolidate	sent_comp	expected	The author knows the teacher consolidates	0.4728070165066552	0.4728070165066552	12.128874611109493	12.128874611109493
672	gpt2	673	337	4	constitute	sent_comp	unexpected	The author knows the teacher constitute	9.57525045919283e-08	9.57525045919283e-08	23.31611442565918	23.31611442565918
673	gpt2	674	337	4	constitute	sent_comp	expected	The author knows the teacher constitutes	1.3243259218143066e-06	1.3243259218143066e-06	19.526309967041016	19.526309967041016
674	gpt2	675	338	4	constrain	sent_comp	unexpected	The author knows the teacher constrain	0.003160769850296658	0.003160769850296658	13.39650559425354	13.39650559425354
675	gpt2	676	338	4	constrain	sent_comp	expected	The author knows the teacher constrains	0.3653696468312924	0.3653696468312924	7.618360201090884	7.618360201090884
676	gpt2	677	339	4	construct	sent_comp	unexpected	The author knows the teacher construct	5.999063432682306e-07	5.999063432682306e-07	20.668760299682617	20.668760299682617
677	gpt2	678	339	4	construct	sent_comp	expected	The author knows the teacher constructs	2.209509659678588e-07	2.209509659678588e-07	22.109769821166992	22.109769821166992
678	gpt2	679	340	4	construe	sent_comp	unexpected	The author knows the teacher construe	0.001891857161467658	0.001891857161467658	13.766846179962158	13.766846179962158
679	gpt2	680	340	4	construe	sent_comp	expected	The author knows the teacher construes	0.3281841144799576	0.3281841144799576	7.794094681739807	7.794094681739807
680	gpt2	681	341	4	consult	sent_comp	unexpected	The author knows the teacher consult	1.767613639458432e-06	1.767613639458432e-06	19.109766006469727	19.109766006469727
681	gpt2	682	341	4	consult	sent_comp	expected	The author knows the teacher consults	0.49364518092977505	0.49364518092977505	9.564111130312085	9.564111130312085
682	gpt2	683	342	4	consume	sent_comp	unexpected	The author knows the teacher consume	1.782767178326594e-08	1.782767178326594e-08	25.74130630493164	25.74130630493164
683	gpt2	684	342	4	consume	sent_comp	expected	The author knows the teacher consumes	7.778957638038264e-07	7.778957638038264e-07	20.293920516967773	20.293920516967773
684	gpt2	685	343	4	contact	sent_comp	unexpected	The author knows the teacher contact	6.6553993747220375e-06	6.6553993747220375e-06	17.19704246520996	17.19704246520996
685	gpt2	686	343	4	contact	sent_comp	expected	The author knows the teacher contacts	5.39698976353975e-06	5.39698976353975e-06	17.499414443969727	17.499414443969727
686	gpt2	687	344	4	contain	sent_comp	unexpected	The author knows the teacher contain	1.42626191745876e-07	1.42626191745876e-07	22.741256713867188	22.741256713867188
687	gpt2	688	344	4	contain	sent_comp	expected	The author knows the teacher contains	2.350972681597341e-05	2.350972681597341e-05	15.376382827758787	15.376382827758787
688	gpt2	689	345	4	contemplate	sent_comp	unexpected	The author knows the teacher contemplate	1.0226329116846957e-08	1.0226329116846957e-08	26.543136596679688	26.543136596679688
689	gpt2	690	345	4	contemplate	sent_comp	expected	The author knows the teacher contemplates	0.4986513005286781	0.4986513005286781	10.2621197886765	10.2621197886765
690	gpt2	691	346	4	contemporize	sent_comp	unexpected	The author knows the teacher contemporize	1.1240021002834055e-06	1.1240021002834055e-06	21.28079605102539	21.28079605102539
691	gpt2	692	346	4	contemporize	sent_comp	expected	The author knows the teacher contemporizes	2.827752727085908e-06	2.827752727085908e-06	20.60130214691162	20.60130214691162
692	gpt2	693	347	4	contend	sent_comp	unexpected	The author knows the teacher contend	3.7760187865387707e-08	3.7760187865387707e-08	24.658557891845703	24.658557891845703
693	gpt2	694	347	4	contend	sent_comp	expected	The author knows the teacher contends	1.282866037399799e-06	1.282866037399799e-06	19.57219886779785	19.57219886779785
694	gpt2	695	348	4	content	sent_comp	unexpected	The author knows the teacher content	3.131019548163749e-05	3.131019548163749e-05	14.963007926940918	14.963007926940918
695	gpt2	696	348	4	content	sent_comp	expected	The author knows the teacher contents	1.7444365312258014e-06	1.7444365312258014e-06	19.128807067871094	19.128807067871094
696	gpt2	697	349	4	continue	sent_comp	unexpected	The author knows the teacher continue	3.853890575555852e-07	3.853890575555852e-07	21.30718040466309	21.30718040466309
697	gpt2	698	349	4	continue	sent_comp	expected	The author knows the teacher continues	2.0042614778503776e-05	2.0042614778503776e-05	15.606569290161133	15.606569290161133
698	gpt2	699	350	4	contract	sent_comp	unexpected	The author knows the teacher contract	1.5401124983327463e-05	1.5401124983327463e-05	15.986604690551758	15.986604690551758
699	gpt2	700	350	4	contract	sent_comp	expected	The author knows the teacher contracts	4.785080818692222e-06	4.785080818692222e-06	17.673025131225586	17.673025131225586
700	gpt2	701	351	4	contrast	sent_comp	unexpected	The author knows the teacher contrast	5.19708436286237e-08	5.19708436286237e-08	24.19772148132324	24.19772148132324
701	gpt2	702	351	4	contrast	sent_comp	expected	The author knows the teacher contrasts	9.967477865302501e-08	9.967477865302501e-08	23.258195877075195	23.258195877075195
702	gpt2	703	352	4	contribute	sent_comp	unexpected	The author knows the teacher contribute	9.294610237020606e-08	9.294610237020606e-08	23.35902976989746	23.35902976989746
703	gpt2	704	352	4	contribute	sent_comp	expected	The author knows the teacher contributes	5.801400675409241e-06	5.801400675409241e-06	17.395166397094727	17.395166397094727
704	gpt2	705	353	4	control	sent_comp	unexpected	The author knows the teacher control	3.9247652239282615e-06	3.9247652239282615e-06	17.958961486816406	17.958961486816406
705	gpt2	706	353	4	control	sent_comp	expected	The author knows the teacher controls	2.0771018171217293e-05	2.0771018171217293e-05	15.555068969726562	15.555068969726562
706	gpt2	707	354	4	con	sent_comp	unexpected	The author knows the teacher con	2.8139697860751767e-06	2.8139697860751767e-06	18.43896102905273	18.43896102905273
707	gpt2	708	354	4	con	sent_comp	expected	The author knows the teacher cons	3.4647823667910416e-06	3.4647823667910416e-06	18.138803482055664	18.138803482055664
708	gpt2	709	355	4	convene	sent_comp	unexpected	The author knows the teacher convene	0.010867255098197854	0.010867255098197854	13.869224786758421	13.869224786758421
709	gpt2	710	355	4	convene	sent_comp	expected	The author knows the teacher convenes	0.47054128191528116	0.47054128191528116	11.15108712017536	11.15108712017536
710	gpt2	711	356	4	convert	sent_comp	unexpected	The author knows the teacher convert	1.6022372761881343e-08	1.6022372761881343e-08	25.895336151123047	25.895336151123047
711	gpt2	712	356	4	convert	sent_comp	expected	The author knows the teacher converts	1.6726039575587492e-07	1.6726039575587492e-07	22.51140022277832	22.51140022277832
712	gpt2	713	357	4	convey	sent_comp	unexpected	The author knows the teacher convey	7.67856604966255e-08	7.67856604966255e-08	23.63458824157715	23.63458824157715
713	gpt2	714	357	4	convey	sent_comp	expected	The author knows the teacher conveys	0.4731977596645436	0.4731977596645436	10.133534051477909	10.133534051477909
714	gpt2	715	358	4	convict	sent_comp	unexpected	The author knows the teacher convict	4.056396463170131e-08	4.056396463170131e-08	24.555225372314453	24.555225372314453
715	gpt2	716	358	4	convict	sent_comp	expected	The author knows the teacher convicts	0.3876919721934442	0.3876919721934442	11.198466271162033	11.198466271162033
716	gpt2	717	359	4	convince	sent_comp	unexpected	The author knows the teacher convince	5.440036865422826e-09	5.440036865422826e-09	27.453737258911133	27.453737258911133
717	gpt2	718	359	4	convince	sent_comp	expected	The author knows the teacher convinces	0.49953102319053494	0.49953102319053494	11.271082805236802	11.271082805236802
718	gpt2	719	360	4	cook	sent_comp	unexpected	The author knows the teacher cook	4.820051913156931e-07	4.820051913156931e-07	20.984447479248047	20.984447479248047
719	gpt2	720	360	4	cook	sent_comp	expected	The author knows the teacher cooks	4.895657639281126e-07	4.895657639281126e-07	20.961994171142575	20.961994171142575
720	gpt2	721	361	4	cool	sent_comp	unexpected	The author knows the teacher cool	3.854894384858199e-05	3.854894384858199e-05	14.662949562072754	14.662949562072754
721	gpt2	722	361	4	cool	sent_comp	expected	The author knows the teacher cools	0.0772510243641591	0.0772510243641591	8.678805828094482	8.678805828094482
722	gpt2	723	362	4	cooperate	sent_comp	unexpected	The author knows the teacher cooperate	7.970751170205403e-08	7.970751170205403e-08	23.58070945739746	23.58070945739746
723	gpt2	724	362	4	cooperate	sent_comp	expected	The author knows the teacher cooperates	0.1453606919080812	0.1453606919080812	9.071225821971893	9.071225821971893
724	gpt2	725	363	4	coordinate	sent_comp	unexpected	The author knows the teacher coordinate	9.813395962510185e-08	9.813395962510185e-08	23.280672073364254	23.280672073364254
725	gpt2	726	363	4	coordinate	sent_comp	expected	The author knows the teacher coordinates	2.5014412585733226e-06	2.5014412585733226e-06	18.60880851745605	18.60880851745605
726	gpt2	727	364	4	cope	sent_comp	unexpected	The author knows the teacher cope	7.359713549703883e-08	7.359713549703883e-08	23.695775985717773	23.695775985717773
727	gpt2	728	364	4	cope	sent_comp	expected	The author knows the teacher copes	0.043727522461949726	0.043727522461949726	10.92424726486206	10.92424726486206
728	gpt2	729	365	4	co-produce	sent_comp	unexpected	The author knows the teacher co-produce	0.397296427468973	0.397296427468973	8.30545687675476	8.30545687675476
729	gpt2	730	365	4	co-produce	sent_comp	expected	The author knows the teacher co-produces	0.397296427468973	0.397296427468973	8.30545687675476	8.30545687675476
730	gpt2	731	366	4	copy	sent_comp	unexpected	The author knows the teacher copy	4.073302079632413e-06	4.073302079632413e-06	17.90536880493164	17.90536880493164
731	gpt2	732	366	4	copy	sent_comp	expected	The author knows the teacher copies	2.549629698478384e-06	2.549629698478384e-06	18.581281661987305	18.581281661987305
732	gpt2	733	367	4	corner	sent_comp	unexpected	The author knows the teacher corner	1.9120545857731488e-07	1.9120545857731488e-07	22.31837272644043	22.31837272644043
733	gpt2	734	367	4	corner	sent_comp	expected	The author knows the teacher corners	1.8661238243566919e-07	1.8661238243566919e-07	22.35345268249512	22.35345268249512
734	gpt2	735	368	4	corral	sent_comp	unexpected	The author knows the teacher corral	0.019722166733913582	0.019722166733913582	13.042246818542482	13.042246818542482
735	gpt2	736	368	4	corral	sent_comp	expected	The author knows the teacher corrals	0.009235898295514734	0.009235898295514734	13.589501142501833	13.589501142501833
736	gpt2	737	369	4	correct	sent_comp	unexpected	The author knows the teacher correct	1.892449654405937e-05	1.892449654405937e-05	15.689385414123535	15.689385414123535
737	gpt2	738	369	4	correct	sent_comp	expected	The author knows the teacher corrects	0.47111462057728204	0.47111462057728204	7.887632168829441	7.887632168829441
738	gpt2	739	370	4	correspond	sent_comp	unexpected	The author knows the teacher correspond	3.737599456599128e-07	3.737599456599128e-07	21.35138511657715	21.35138511657715
739	gpt2	740	370	4	correspond	sent_comp	expected	The author knows the teacher corresponds	8.638552344564232e-07	8.638552344564232e-07	20.14270782470703	20.14270782470703
740	gpt2	741	371	4	co-sponsor	sent_comp	unexpected	The author knows the teacher co-sponsor	0.397296427468973	0.397296427468973	8.30545687675476	8.30545687675476
741	gpt2	742	371	4	co-sponsor	sent_comp	expected	The author knows the teacher co-sponsors	0.397296427468973	0.397296427468973	8.30545687675476	8.30545687675476
742	gpt2	743	372	4	cost	sent_comp	unexpected	The author knows the teacher cost	1.5247849660227075e-05	1.5247849660227075e-05	16.001033782958984	16.001033782958984
743	gpt2	744	372	4	cost	sent_comp	expected	The author knows the teacher costs	1.372786209685728e-05	1.372786209685728e-05	16.15253257751465	16.15253257751465
744	gpt2	745	373	4	cough	sent_comp	unexpected	The author knows the teacher cough	2.972870106532355e-06	2.972870106532355e-06	18.359712600708008	18.359712600708008
745	gpt2	746	373	4	cough	sent_comp	expected	The author knows the teacher coughs	0.49322092165004966	0.49322092165004966	9.189705530181527	9.189705530181527
746	gpt2	747	374	4	countenance	sent_comp	unexpected	The author knows the teacher countenance	0.0002602741983536843	0.0002602741983536843	13.622276306152344	13.622276306152344
747	gpt2	748	374	4	countenance	sent_comp	expected	The author knows the teacher countenances	0.2260841319193787	0.2260841319193787	10.116473337014517	10.116473337014517
748	gpt2	749	375	4	counteract	sent_comp	unexpected	The author knows the teacher counteract	1.8135575263755754e-09	1.8135575263755754e-09	29.038530349731445	29.038530349731445
749	gpt2	750	375	4	counteract	sent_comp	expected	The author knows the teacher counteracts	0.0024252274558875697	0.0024252274558875697	13.019356727600098	13.019356727600098
750	gpt2	751	376	4	counterprogram	sent_comp	unexpected	The author knows the teacher counterprogram	0.0004588657427575196	0.0004588657427575196	14.22225570678711	14.22225570678711
751	gpt2	752	376	4	counterprogram	sent_comp	expected	The author knows the teacher counterprograms	0.005565857104708479	0.005565857104708479	11.47676165898641	11.47676165898641
752	gpt2	753	377	4	counter	sent_comp	unexpected	The author knows the teacher counter	2.9926227398391347e-06	2.9926227398391347e-06	18.35015869140625	18.35015869140625
753	gpt2	754	377	4	counter	sent_comp	expected	The author knows the teacher counters	7.009068667684915e-07	7.009068667684915e-07	20.44427299499512	20.44427299499512
754	gpt2	755	378	4	count	sent_comp	unexpected	The author knows the teacher count	1.237543528986862e-05	1.237543528986862e-05	16.302160263061523	16.302160263061523
755	gpt2	756	378	4	count	sent_comp	expected	The author knows the teacher counts	7.824824933777563e-06	7.824824933777563e-06	16.963510513305664	16.963510513305664
756	gpt2	757	379	4	court	sent_comp	unexpected	The author knows the teacher court	3.071839387303044e-07	3.071839387303044e-07	21.6343936920166	21.6343936920166
757	gpt2	758	379	4	court	sent_comp	expected	The author knows the teacher courts	1.0043431331041577e-07	1.0043431331041577e-07	23.247243881225582	23.247243881225582
758	gpt2	759	380	4	cover	sent_comp	unexpected	The author knows the teacher cover	2.2927911231818143e-06	2.2927911231818143e-06	18.73446273803711	18.73446273803711
759	gpt2	760	380	4	cover	sent_comp	expected	The author knows the teacher covers	8.194404472305905e-06	8.194404472305905e-06	16.896928787231445	16.896928787231445
760	gpt2	761	381	4	crack	sent_comp	unexpected	The author knows the teacher crack	3.6370892075865413e-07	3.6370892075865413e-07	21.39071273803711	21.39071273803711
761	gpt2	762	381	4	crack	sent_comp	expected	The author knows the teacher cracks	2.3087196154847334e-07	2.3087196154847334e-07	22.04640388488769	22.04640388488769
762	gpt2	763	382	4	craft	sent_comp	unexpected	The author knows the teacher craft	5.611871642940969e-07	5.611871642940969e-07	20.7650146484375	20.7650146484375
763	gpt2	764	382	4	craft	sent_comp	expected	The author knows the teacher crafts	2.5590119889784546e-07	2.5590119889784546e-07	21.89790916442871	21.89790916442871
764	gpt2	765	383	4	crank	sent_comp	unexpected	The author knows the teacher crank	1.160011748879697e-07	1.160011748879697e-07	23.03935813903809	23.03935813903809
765	gpt2	766	383	4	crank	sent_comp	expected	The author knows the teacher cranks	0.022058290400764197	0.022058290400764197	11.20199990272522	11.20199990272522
766	gpt2	767	384	4	crash	sent_comp	unexpected	The author knows the teacher crash	8.123717520902574e-07	8.123717520902574e-07	20.231355667114254	20.231355667114254
767	gpt2	768	384	4	crash	sent_comp	expected	The author knows the teacher crashes	4.824025268135301e-07	4.824025268135301e-07	20.983259201049805	20.983259201049805
768	gpt2	769	385	4	crawl	sent_comp	unexpected	The author knows the teacher crawl	4.946639098335481e-09	4.946639098335481e-09	27.590904235839844	27.590904235839844
769	gpt2	770	385	4	crawl	sent_comp	expected	The author knows the teacher crawls	0.49520567639318	0.49520567639318	11.878717239014806	11.878717239014806
770	gpt2	771	386	4	creak	sent_comp	unexpected	The author knows the teacher creak	0.01082925000019938	0.01082925000019938	13.097573280334473	13.097573280334473
771	gpt2	772	386	4	creak	sent_comp	expected	The author knows the teacher creaks	0.08692878731318388	0.08692878731318388	11.595105290412903	11.595105290412903
772	gpt2	773	387	4	create	sent_comp	unexpected	The author knows the teacher create	3.179522138907487e-07	3.179522138907487e-07	21.584686279296875	21.584686279296875
773	gpt2	774	387	4	create	sent_comp	expected	The author knows the teacher creates	6.213319011294516e-06	6.213319011294516e-06	17.29620361328125	17.29620361328125
774	gpt2	775	388	4	credit	sent_comp	unexpected	The author knows the teacher credit	1.161057753051864e-05	1.161057753051864e-05	16.394201278686523	16.394201278686523
775	gpt2	776	388	4	credit	sent_comp	expected	The author knows the teacher credits	6.827954166510608e-06	6.827954166510608e-06	17.160114288330078	17.160114288330078
776	gpt2	777	389	4	crest	sent_comp	unexpected	The author knows the teacher crest	1.066763033463758e-07	1.066763033463758e-07	23.16025733947754	23.16025733947754
777	gpt2	778	389	4	crest	sent_comp	expected	The author knows the teacher crests	0.01842349269219308	0.01842349269219308	12.714258193969727	12.714258193969727
778	gpt2	779	390	4	criminalize	sent_comp	unexpected	The author knows the teacher criminalize	0.0014455218130251047	0.0014455218130251047	13.63432788848877	13.63432788848877
779	gpt2	780	390	4	criminalize	sent_comp	expected	The author knows the teacher criminalizes	0.19543514899271486	0.19543514899271486	10.094319522380829	10.094319522380829
780	gpt2	781	391	4	crimp	sent_comp	unexpected	The author knows the teacher crimp	0.002808037725964447	0.002808037725964447	16.555845260620117	16.555845260620117
781	gpt2	782	391	4	crimp	sent_comp	expected	The author knows the teacher crimps	0.005737692396843697	0.005737692396843697	16.04038977622986	16.04038977622986
782	gpt2	783	392	4	criticize	sent_comp	unexpected	The author knows the teacher criticize	6.932138774118357e-08	6.932138774118357e-08	23.782123565673828	23.782123565673828
783	gpt2	784	392	4	criticize	sent_comp	expected	The author knows the teacher criticizes	0.37081609946426397	0.37081609946426397	9.231639355421068	9.231639355421068
784	gpt2	785	393	5	crop	sent_comp	unexpected	The pilots say the surgeon crop	1.2187103948235745e-07	1.2187103948235745e-07	22.968141555786133	22.968141555786133
785	gpt2	786	393	5	crop	sent_comp	expected	The pilots say the surgeon crops	6.523513889078458e-07	6.523513889078458e-07	20.54784774780273	20.54784774780273
786	gpt2	787	394	5	cross	sent_comp	unexpected	The pilots say the surgeon cross	4.673989224102115e-06	4.673989224102115e-06	17.7069149017334	17.7069149017334
787	gpt2	788	394	5	cross	sent_comp	expected	The pilots say the surgeon crosses	1.5906331327641965e-06	1.5906331327641965e-06	19.261966705322266	19.261966705322266
788	gpt2	789	395	5	crumble	sent_comp	unexpected	The pilots say the surgeon crumble	2.0567865188780843e-09	2.0567865188780843e-09	28.85696029663086	28.85696029663086
789	gpt2	790	395	5	crumble	sent_comp	expected	The pilots say the surgeon crumbles	0.004961714113960608	0.004961714113960608	11.176101684570312	11.176101684570312
790	gpt2	791	396	5	crunch	sent_comp	unexpected	The pilots say the surgeon crunch	4.052984081681643e-07	4.052984081681643e-07	21.23451232910156	21.23451232910156
791	gpt2	792	396	5	crunch	sent_comp	expected	The pilots say the surgeon crunches	0.09511119621674878	0.09511119621674878	7.129285017649333	7.129285017649333
792	gpt2	793	397	5	crush	sent_comp	unexpected	The pilots say the surgeon crush	7.990722394879414e-08	7.990722394879414e-08	23.577098846435547	23.577098846435547
793	gpt2	794	397	5	crush	sent_comp	expected	The pilots say the surgeon crushes	0.027967529336820007	0.027967529336820007	9.927551507949829	9.927551507949829
794	gpt2	795	398	5	cry	sent_comp	unexpected	The pilots say the surgeon cry	2.419556608401763e-07	2.419556608401763e-07	21.9787540435791	21.9787540435791
795	gpt2	796	398	5	cry	sent_comp	expected	The pilots say the surgeon cries	1.6666513147356454e-06	1.6666513147356454e-06	19.194616317749023	19.194616317749023
796	gpt2	797	399	5	cuff	sent_comp	unexpected	The pilots say the surgeon cuff	1.468117574177086e-07	1.468117574177086e-07	22.69952964782715	22.69952964782715
797	gpt2	798	399	5	cuff	sent_comp	expected	The pilots say the surgeon cuffs	0.009825998018641213	0.009825998018641213	9.963135480880737	9.963135480880737
798	gpt2	799	400	5	curb	sent_comp	unexpected	The pilots say the surgeon curb	6.016409059839134e-08	6.016409059839134e-08	23.986522674560547	23.986522674560547
799	gpt2	800	400	5	curb	sent_comp	expected	The pilots say the surgeon curbs	0.04141807764267465	0.04141807764267465	11.369195699691774	11.369195699691774
800	gpt2	801	401	5	cure	sent_comp	unexpected	The pilots say the surgeon cure	3.0751016311114654e-07	3.0751016311114654e-07	21.632862091064453	21.632862091064453
801	gpt2	802	401	5	cure	sent_comp	expected	The pilots say the surgeon cures	4.109295787202427e-06	4.109295787202427e-06	17.892677307128906	17.892677307128906
802	gpt2	803	402	5	curl	sent_comp	unexpected	The pilots say the surgeon curl	1.1803075850025381e-08	1.1803075850025381e-08	26.336261749267575	26.336261749267575
803	gpt2	804	402	5	curl	sent_comp	expected	The pilots say the surgeon curls	1.697610656492543e-07	1.697610656492543e-07	22.489990234375	22.489990234375
804	gpt2	805	403	5	curry	sent_comp	unexpected	The pilots say the surgeon curry	7.959022951808947e-08	7.959022951808947e-08	23.58283424377441	23.58283424377441
805	gpt2	806	403	5	curry	sent_comp	expected	The pilots say the surgeon curries	0.002174637731741296	0.002174637731741296	13.495173692703249	13.495173692703249
806	gpt2	807	404	5	curtail	sent_comp	unexpected	The pilots say the surgeon curtail	3.7880347747432105e-09	3.7880347747432105e-09	27.975902557373047	27.975902557373047
807	gpt2	808	404	5	curtail	sent_comp	expected	The pilots say the surgeon curtails	0.07709319725131535	0.07709319725131535	10.921017289161684	10.921017289161684
808	gpt2	809	405	5	cushion	sent_comp	unexpected	The pilots say the surgeon cushion	2.476934639616957e-07	2.476934639616957e-07	21.9449405670166	21.9449405670166
809	gpt2	810	405	5	cushion	sent_comp	expected	The pilots say the surgeon cushions	0.0183380571048701	0.0183380571048701	12.243120670318604	12.243120670318604
810	gpt2	811	406	5	cut	sent_comp	unexpected	The pilots say the surgeon cut	0.0008714667055755	0.0008714667055755	10.164266586303713	10.164266586303713
811	gpt2	812	406	5	cut	sent_comp	expected	The pilots say the surgeon cuts	0.000167174701346	0.000167174701346	12.546356201171877	12.546356201171877
812	gpt2	813	407	5	dabble	sent_comp	unexpected	The pilots say the surgeon dabble	0.005693597805375772	0.005693597805375772	13.939179897308348	13.939179897308348
813	gpt2	814	407	5	dabble	sent_comp	expected	The pilots say the surgeon dabbles	0.05451144966355057	0.05451144966355057	7.234444936116536	7.234444936116536
814	gpt2	815	408	5	damage	sent_comp	unexpected	The pilots say the surgeon damage	8.863411267157062e-07	8.863411267157062e-07	20.10563468933105	20.10563468933105
815	gpt2	816	408	5	damage	sent_comp	expected	The pilots say the surgeon damages	1.865962872216187e-06	1.865962872216187e-06	19.031648635864254	19.031648635864254
816	gpt2	817	409	5	dampen	sent_comp	unexpected	The pilots say the surgeon dampen	0.0029183682372533213	0.0029183682372533213	14.902727127075195	14.902727127075195
817	gpt2	818	409	5	dampen	sent_comp	expected	The pilots say the surgeon dampens	0.01580910015308487	0.01580910015308487	13.683948040008545	13.683948040008545
818	gpt2	819	410	5	damp	sent_comp	unexpected	The pilots say the surgeon damp	1.826028750429032e-07	1.826028750429032e-07	22.38478660583496	22.38478660583496
819	gpt2	820	410	5	damp	sent_comp	expected	The pilots say the surgeon damps	0.0006850330610177	0.0006850330610177	11.21623706817627	11.21623706817627
820	gpt2	821	411	5	dance	sent_comp	unexpected	The pilots say the surgeon dance	2.0159779978712322e-07	2.0159779978712322e-07	22.242015838623047	22.242015838623047
821	gpt2	822	411	5	dance	sent_comp	expected	The pilots say the surgeon dances	1.1017993983841734e-06	1.1017993983841734e-06	19.79170608520508	19.79170608520508
822	gpt2	823	412	5	dare	sent_comp	unexpected	The pilots say the surgeon dare	3.934152573492611e-06	3.934152573492611e-06	17.955514907836914	17.955514907836914
823	gpt2	824	412	5	dare	sent_comp	expected	The pilots say the surgeon dares	0.0277578580062254	0.0277578580062254	8.467657327651978	8.467657327651978
824	gpt2	825	413	5	dash	sent_comp	unexpected	The pilots say the surgeon dash	3.914315414021985e-07	3.914315414021985e-07	21.28473663330078	21.28473663330078
825	gpt2	826	413	5	dash	sent_comp	expected	The pilots say the surgeon dashes	0.0025129016357822997	0.0025129016357822997	10.219502687454224	10.219502687454224
826	gpt2	827	414	5	date	sent_comp	unexpected	The pilots say the surgeon date	1.437603174281321e-07	1.437603174281321e-07	22.72983169555664	22.72983169555664
827	gpt2	828	414	5	date	sent_comp	expected	The pilots say the surgeon dates	1.6625618854959612e-06	1.6625618854959612e-06	19.19816017150879	19.19816017150879
828	gpt2	829	415	5	deal	sent_comp	unexpected	The pilots say the surgeon deal	2.6201707896689186e-06	2.6201707896689186e-06	18.54190826416016	18.54190826416016
829	gpt2	830	415	5	deal	sent_comp	expected	The pilots say the surgeon deals	3.941710383514874e-05	3.941710383514874e-05	14.630818367004396	14.630818367004396
830	gpt2	831	416	5	debate	sent_comp	unexpected	The pilots say the surgeon debate	2.1227117485977945e-07	2.1227117485977945e-07	22.16758728027344	22.16758728027344
831	gpt2	832	416	5	debate	sent_comp	expected	The pilots say the surgeon debates	3.76332678797553e-07	3.76332678797553e-07	21.341487884521484	21.341487884521484
832	gpt2	833	417	5	debunk	sent_comp	unexpected	The pilots say the surgeon debunk	3.5992009372876055e-08	3.5992009372876055e-08	24.72774887084961	24.72774887084961
833	gpt2	834	417	5	debunk	sent_comp	expected	The pilots say the surgeon debunks	0.021158376206358298	0.021158376206358298	10.792540550231934	10.792540550231934
834	gpt2	835	418	5	debut	sent_comp	unexpected	The pilots say the surgeon debut	5.7510678885819295e-08	5.7510678885819295e-08	24.05159568786621	24.05159568786621
835	gpt2	836	418	5	debut	sent_comp	expected	The pilots say the surgeon debuts	0.02630139650841555	0.02630139650841555	10.635560274124146	10.635560274124146
836	gpt2	837	419	5	deceive	sent_comp	unexpected	The pilots say the surgeon deceive	1.0484106027774942e-08	1.0484106027774942e-08	26.507221221923828	26.507221221923828
837	gpt2	838	419	5	deceive	sent_comp	expected	The pilots say the surgeon deceives	0.48388759480104687	0.48388759480104687	9.74955265596509	9.74955265596509
838	gpt2	839	420	5	decide	sent_comp	unexpected	The pilots say the surgeon decide	5.155605435902544e-07	5.155605435902544e-07	20.887353897094727	20.887353897094727
839	gpt2	840	420	5	decide	sent_comp	expected	The pilots say the surgeon decides	4.181452459306456e-05	4.181452459306456e-05	14.545636177062988	14.545636177062988
840	gpt2	841	421	5	declare	sent_comp	unexpected	The pilots say the surgeon declare	9.44659888091337e-08	9.44659888091337e-08	23.33563041687012	23.33563041687012
841	gpt2	842	421	5	declare	sent_comp	expected	The pilots say the surgeon declares	1.431497457815567e-05	1.431497457815567e-05	16.09211540222168	16.09211540222168
842	gpt2	843	422	5	decline	sent_comp	unexpected	The pilots say the surgeon decline	5.079316451883642e-07	5.079316451883642e-07	20.908863067626957	20.908863067626957
843	gpt2	844	422	5	decline	sent_comp	expected	The pilots say the surgeon declines	2.510670128685888e-05	2.510670128685888e-05	15.281567573547363	15.281567573547363
844	gpt2	845	423	5	decrease	sent_comp	unexpected	The pilots say the surgeon decrease	3.708667151158807e-08	3.708667151158807e-08	24.68452453613281	24.68452453613281
845	gpt2	846	423	5	decrease	sent_comp	expected	The pilots say the surgeon decreases	9.566757626089384e-07	9.566757626089384e-07	19.995466232299805	19.995466232299805
846	gpt2	847	424	5	deduct	sent_comp	unexpected	The pilots say the surgeon deduct	2.030109271800029e-06	2.030109271800029e-06	18.910011291503903	18.910011291503903
847	gpt2	848	424	5	deduct	sent_comp	expected	The pilots say the surgeon deducts	0.4453759807223605	0.4453759807223605	9.538459472358225	9.538459472358225
848	gpt2	849	425	5	default	sent_comp	unexpected	The pilots say the surgeon default	7.224594810395501e-06	7.224594810395501e-06	17.078651428222656	17.078651428222656
849	gpt2	850	425	5	default	sent_comp	expected	The pilots say the surgeon defaults	1.4343446537168347e-06	1.4343446537168347e-06	19.411176681518555	19.411176681518555
850	gpt2	851	426	5	defeat	sent_comp	unexpected	The pilots say the surgeon defeat	2.204039901698707e-07	2.204039901698707e-07	22.11334609985352	22.11334609985352
851	gpt2	852	426	5	defeat	sent_comp	expected	The pilots say the surgeon defeats	2.991210521940957e-06	2.991210521940957e-06	18.350839614868164	18.350839614868164
852	gpt2	853	427	5	defect	sent_comp	unexpected	The pilots say the surgeon defect	1.100690269595361e-06	1.100690269595361e-06	19.79315948486328	19.79315948486328
853	gpt2	854	427	5	defect	sent_comp	expected	The pilots say the surgeon defects	3.431926188568468e-06	3.431926188568468e-06	18.152549743652344	18.152549743652344
854	gpt2	855	428	5	defend	sent_comp	unexpected	The pilots say the surgeon defend	7.546037039674047e-08	7.546037039674047e-08	23.659706115722656	23.659706115722656
855	gpt2	856	428	5	defend	sent_comp	expected	The pilots say the surgeon defends	6.306646355369594e-06	6.306646355369594e-06	17.274696350097656	17.274696350097656
856	gpt2	857	429	5	defer	sent_comp	unexpected	The pilots say the surgeon defer	5.693296998288133e-07	5.693296998288133e-07	20.74423217773437	20.74423217773437
857	gpt2	858	429	5	defer	sent_comp	expected	The pilots say the surgeon defers	0.004772692129336018	0.004772692129336018	10.587247848510742	10.587247848510742
858	gpt2	859	430	5	define	sent_comp	unexpected	The pilots say the surgeon define	9.540499057436593e-09	9.540499057436593e-09	26.643287658691406	26.643287658691406
859	gpt2	860	430	5	define	sent_comp	expected	The pilots say the surgeon defines	3.193128122802591e-06	3.193128122802591e-06	18.2565975189209	18.2565975189209
860	gpt2	861	431	5	deflect	sent_comp	unexpected	The pilots say the surgeon deflect	1.0161796808461077e-06	1.0161796808461077e-06	19.90841293334961	19.90841293334961
861	gpt2	862	431	5	deflect	sent_comp	expected	The pilots say the surgeon deflects	0.41963049914437534	0.41963049914437534	10.080611646175385	10.080611646175385
862	gpt2	863	432	5	defraud	sent_comp	unexpected	The pilots say the surgeon defraud	0.00021330550589481804	0.00021330550589481804	12.905194282531738	12.905194282531738
863	gpt2	864	432	5	defraud	sent_comp	expected	The pilots say the surgeon defrauds	0.2773717511712069	0.2773717511712069	8.692091037829718	8.692091037829718
864	gpt2	865	433	5	defuse	sent_comp	unexpected	The pilots say the surgeon defuse	0.00019190979583071804	0.00019190979583071804	12.990860939025879	12.990860939025879
865	gpt2	866	433	5	defuse	sent_comp	expected	The pilots say the surgeon defuses	0.0008197162787837181	0.0008197162787837181	11.87451982498169	11.87451982498169
866	gpt2	867	434	5	degenerate	sent_comp	unexpected	The pilots say the surgeon degenerate	0.010221747901681497	0.010221747901681497	12.94689130783081	12.94689130783081
867	gpt2	868	434	5	degenerate	sent_comp	expected	The pilots say the surgeon degenerates	0.10177397470587835	0.10177397470587835	11.289039134979248	11.289039134979248
868	gpt2	869	435	5	delay	sent_comp	unexpected	The pilots say the surgeon delay	2.219683210569201e-07	2.219683210569201e-07	22.1031436920166	22.1031436920166
869	gpt2	870	435	5	delay	sent_comp	expected	The pilots say the surgeon delays	4.3136737986060325e-06	4.3136737986060325e-06	17.822650909423828	17.822650909423828
870	gpt2	871	436	5	delegate	sent_comp	unexpected	The pilots say the surgeon delegate	4.825060386792757e-07	4.825060386792757e-07	20.98295021057129	20.98295021057129
871	gpt2	872	436	5	delegate	sent_comp	expected	The pilots say the surgeon delegates	1.1757351785490755e-06	1.1757351785490755e-06	19.69800567626953	19.69800567626953
872	gpt2	873	437	5	deliberate	sent_comp	unexpected	The pilots say the surgeon deliberate	4.3265092131150606e-07	4.3265092131150606e-07	21.14029312133789	21.14029312133789
873	gpt2	874	437	5	deliberate	sent_comp	expected	The pilots say the surgeon deliberates	0.015250719168193405	0.015250719168193405	11.586246490478516	11.586246490478516
874	gpt2	875	438	5	delight	sent_comp	unexpected	The pilots say the surgeon delight	1.8354988640112427e-07	1.8354988640112427e-07	22.3773250579834	22.3773250579834
875	gpt2	876	438	5	delight	sent_comp	expected	The pilots say the surgeon delights	0.10507219249075202	0.10507219249075202	9.564596891403198	9.564596891403198
876	gpt2	877	439	5	deliver	sent_comp	unexpected	The pilots say the surgeon deliver	6.380423656082712e-07	6.380423656082712e-07	20.579843521118164	20.579843521118164
877	gpt2	878	439	5	deliver	sent_comp	expected	The pilots say the surgeon delivers	3.5484546970110387e-05	3.5484546970110387e-05	14.78244972229004	14.78244972229004
878	gpt2	879	440	5	demand	sent_comp	unexpected	The pilots say the surgeon demand	2.6859308945859084e-06	2.6859308945859084e-06	18.50614547729492	18.50614547729492
879	gpt2	880	440	5	demand	sent_comp	expected	The pilots say the surgeon demands	6.401298742275685e-05	6.401298742275685e-05	13.931275367736816	13.931275367736816
880	gpt2	881	441	5	demilitarize	sent_comp	unexpected	The pilots say the surgeon demilitarize	0.2513448973425056	0.2513448973425056	8.85038133172202	8.85038133172202
881	gpt2	882	441	5	demilitarize	sent_comp	expected	The pilots say the surgeon demilitarizes	0.3250907639978777	0.3250907639978777	7.437184857408283	7.437184857408283
882	gpt2	883	442	5	demobilize	sent_comp	unexpected	The pilots say the surgeon demobilize	0.002661034768304161	0.002661034768304161	11.190424283345541	11.190424283345541
883	gpt2	884	442	5	demobilize	sent_comp	expected	The pilots say the surgeon demobilizes	0.05837025942825369	0.05837025942825369	9.527508815129599	9.527508815129599
884	gpt2	885	443	5	democratize	sent_comp	unexpected	The pilots say the surgeon democratize	0.005230848329762903	0.005230848329762903	15.06580638885498	15.06580638885498
885	gpt2	886	443	5	democratize	sent_comp	expected	The pilots say the surgeon democratizes	0.1268464733163519	0.1268464733163519	12.765853643417358	12.765853643417358
886	gpt2	887	444	5	demolish	sent_comp	unexpected	The pilots say the surgeon demolish	0.0024356326813830247	0.0024356326813830247	14.608304023742676	14.608304023742676
887	gpt2	888	444	5	demolish	sent_comp	expected	The pilots say the surgeon demolishes	0.45599980715466876	0.45599980715466876	10.833959050476551	10.833959050476551
888	gpt2	889	445	5	demonstrate	sent_comp	unexpected	The pilots say the surgeon demonstrate	1.4559704197836254e-07	1.4559704197836254e-07	22.711515426635746	22.711515426635746
889	gpt2	890	445	5	demonstrate	sent_comp	expected	The pilots say the surgeon demonstrates	2.5828092475421727e-05	2.5828092475421727e-05	15.240699768066406	15.240699768066406
890	gpt2	891	446	5	denude	sent_comp	unexpected	The pilots say the surgeon denude	0.00011082210093601945	0.00011082210093601945	16.246304988861084	16.246304988861084
891	gpt2	892	446	5	denude	sent_comp	expected	The pilots say the surgeon denudes	0.0032561728190500694	0.0032561728190500694	13.805516004562378	13.805516004562378
892	gpt2	893	447	5	deny	sent_comp	unexpected	The pilots say the surgeon deny	4.506862296693726e-07	4.506862296693726e-07	21.08137321472168	21.08137321472168
893	gpt2	894	447	5	deny	sent_comp	expected	The pilots say the surgeon denies	9.720536036184058e-05	9.720536036184058e-05	13.328604698181152	13.328604698181152
894	gpt2	895	448	5	depart	sent_comp	unexpected	The pilots say the surgeon depart	5.201765063134189e-08	5.201765063134189e-08	24.196422576904297	24.196422576904297
895	gpt2	896	448	5	depart	sent_comp	expected	The pilots say the surgeon departs	0.3630052846392573	0.3630052846392573	8.34313003718853	8.34313003718853
896	gpt2	897	449	5	depend	sent_comp	unexpected	The pilots say the surgeon depend	1.2024186446524254e-07	1.2024186446524254e-07	22.98755645751953	22.98755645751953
897	gpt2	898	449	5	depend	sent_comp	expected	The pilots say the surgeon depends	7.3509177127562e-06	7.3509177127562e-06	17.05364418029785	17.05364418029785
898	gpt2	899	450	5	depict	sent_comp	unexpected	The pilots say the surgeon depict	7.1944072921326105e-09	7.1944072921326105e-09	27.05047607421875	27.05047607421875
899	gpt2	900	450	5	depict	sent_comp	expected	The pilots say the surgeon depicts	2.642272647790378e-06	2.642272647790378e-06	18.529788970947266	18.529788970947266
900	gpt2	901	451	5	deposit	sent_comp	unexpected	The pilots say the surgeon deposit	2.509576120246493e-07	2.509576120246493e-07	21.92605209350586	21.92605209350586
901	gpt2	902	451	5	deposit	sent_comp	expected	The pilots say the surgeon deposits	6.955940079933498e-06	6.955940079933498e-06	17.133323669433594	17.133323669433594
902	gpt2	903	452	5	depress	sent_comp	unexpected	The pilots say the surgeon depress	1.048927131819255e-07	1.048927131819255e-07	23.1845817565918	23.1845817565918
903	gpt2	904	452	5	depress	sent_comp	expected	The pilots say the surgeon depresses	0.02301042755152591	0.02301042755152591	10.333137273788452	10.333137273788452
904	gpt2	905	453	5	deprive	sent_comp	unexpected	The pilots say the surgeon deprive	6.019459153350226e-09	6.019459153350226e-09	27.30771827697754	27.30771827697754
905	gpt2	906	453	5	deprive	sent_comp	expected	The pilots say the surgeon deprives	0.4930651197117868	0.4930651197117868	9.812855045311155	9.812855045311155
906	gpt2	907	454	5	derail	sent_comp	unexpected	The pilots say the surgeon derail	1.3273288246296032e-08	1.3273288246296032e-08	26.166898727416992	26.166898727416992
907	gpt2	908	454	5	derail	sent_comp	expected	The pilots say the surgeon derails	0.11155261916917424	0.11155261916917424	10.90247356891632	10.90247356891632
908	gpt2	909	455	5	deregulate	sent_comp	unexpected	The pilots say the surgeon deregulate	0.0025475528130603567	0.0025475528130603567	11.683662414550781	11.683662414550781
909	gpt2	910	455	5	deregulate	sent_comp	expected	The pilots say the surgeon deregulates	0.27115924905137945	0.27115924905137945	9.415727605422338	9.415727605422338
910	gpt2	911	456	5	describe	sent_comp	unexpected	The pilots say the surgeon describe	4.543804266177176e-07	4.543804266177176e-07	21.069595336914062	21.069595336914062
911	gpt2	912	456	5	describe	sent_comp	expected	The pilots say the surgeon describes	0.0001088665085262	0.0001088665085262	13.165152549743652	13.165152549743652
912	gpt2	913	457	5	desert	sent_comp	unexpected	The pilots say the surgeon desert	2.208079337151503e-07	2.208079337151503e-07	22.11070442199707	22.11070442199707
913	gpt2	914	457	5	desert	sent_comp	expected	The pilots say the surgeon deserts	1.3355945327475638e-07	1.3355945327475638e-07	22.836013793945312	22.836013793945312
914	gpt2	915	458	5	deserve	sent_comp	unexpected	The pilots say the surgeon deserve	2.875619031783572e-07	2.875619031783572e-07	21.729623794555664	21.729623794555664
915	gpt2	916	458	5	deserve	sent_comp	expected	The pilots say the surgeon deserves	3.913184991688468e-05	3.913184991688468e-05	14.641297340393066	14.641297340393066
916	gpt2	917	459	5	designate	sent_comp	unexpected	The pilots say the surgeon designate	5.180102036206336e-08	5.180102036206336e-08	24.20244407653809	24.20244407653809
917	gpt2	918	459	5	designate	sent_comp	expected	The pilots say the surgeon designates	0.14133043975925827	0.14133043975925827	9.258966147899628	9.258966147899628
918	gpt2	919	460	5	design	sent_comp	unexpected	The pilots say the surgeon design	9.425308235222474e-06	9.425308235222474e-06	16.69502830505371	16.69502830505371
919	gpt2	920	460	5	design	sent_comp	expected	The pilots say the surgeon designs	6.497316007880727e-06	6.497316007880727e-06	17.23172378540039	17.23172378540039
920	gpt2	921	461	5	desist	sent_comp	unexpected	The pilots say the surgeon desist	0.005187431276681307	0.005187431276681307	12.065155506134033	12.065155506134033
921	gpt2	922	461	5	desist	sent_comp	expected	The pilots say the surgeon desists	0.005028198865147707	0.005028198865147707	12.087656259536743	12.087656259536743
922	gpt2	923	462	5	destabilize	sent_comp	unexpected	The pilots say the surgeon destabilize	0.002363380236538122	0.002363380236538122	14.965575695037842	14.965575695037842
923	gpt2	924	462	5	destabilize	sent_comp	expected	The pilots say the surgeon destabilizes	0.04862182117624767	0.04862182117624767	12.784205555915833	12.784205555915833
924	gpt2	925	463	5	destroy	sent_comp	unexpected	The pilots say the surgeon destroy	1.3297582768245777e-07	1.3297582768245777e-07	22.84233283996582	22.84233283996582
925	gpt2	926	463	5	destroy	sent_comp	expected	The pilots say the surgeon destroys	7.835285941837355e-06	7.835285941837355e-06	16.96158218383789	16.96158218383789
926	gpt2	927	464	5	detect	sent_comp	unexpected	The pilots say the surgeon detect	1.609854933803945e-07	1.609854933803945e-07	22.56656646728516	22.56656646728516
927	gpt2	928	464	5	detect	sent_comp	expected	The pilots say the surgeon detects	5.339085419109324e-06	5.339085419109324e-06	17.514976501464844	17.514976501464844
928	gpt2	929	465	5	deteriorate	sent_comp	unexpected	The pilots say the surgeon deteriorate	0.0031362335467263955	0.0031362335467263955	14.293172359466553	14.293172359466553
929	gpt2	930	465	5	deteriorate	sent_comp	expected	The pilots say the surgeon deteriorates	0.468707580472298	0.468707580472298	10.681371595710516	10.681371595710516
930	gpt2	931	466	5	determine	sent_comp	unexpected	The pilots say the surgeon determine	1.3927244424394305e-07	1.3927244424394305e-07	22.77558708190918	22.77558708190918
931	gpt2	932	466	5	determine	sent_comp	expected	The pilots say the surgeon determines	4.203490607324056e-05	4.203490607324056e-05	14.538052558898926	14.538052558898926
932	gpt2	933	467	5	deter	sent_comp	unexpected	The pilots say the surgeon deter	7.407861630781554e-07	7.407861630781554e-07	20.36443901062012	20.36443901062012
933	gpt2	934	467	5	deter	sent_comp	expected	The pilots say the surgeon deters	0.043874663635051527	0.043874663635051527	10.83512568473816	10.83512568473816
934	gpt2	935	468	5	detract	sent_comp	unexpected	The pilots say the surgeon detract	2.254414539493155e-07	2.254414539493155e-07	22.08074378967285	22.08074378967285
935	gpt2	936	468	5	detract	sent_comp	expected	The pilots say the surgeon detracts	0.48381164021134276	0.48381164021134276	11.064113350585103	11.064113350585103
936	gpt2	937	469	5	develop	sent_comp	unexpected	The pilots say the surgeon develop	1.516651764177368e-07	1.516651764177368e-07	22.652606964111328	22.652606964111328
937	gpt2	938	469	5	develop	sent_comp	expected	The pilots say the surgeon develops	5.197768587095197e-06	5.197768587095197e-06	17.55367660522461	17.55367660522461
938	gpt2	939	470	5	devise	sent_comp	unexpected	The pilots say the surgeon devise	2.6918133499975735e-08	2.6918133499975735e-08	25.146846771240234	25.146846771240234
939	gpt2	940	470	5	devise	sent_comp	expected	The pilots say the surgeon devises	0.01535324734322782	0.01535324734322782	10.421105861663818	10.421105861663818
940	gpt2	941	471	5	devote	sent_comp	unexpected	The pilots say the surgeon devote	2.5683834792289417e-07	2.5683834792289417e-07	21.892635345458984	21.892635345458984
941	gpt2	942	471	5	devote	sent_comp	expected	The pilots say the surgeon devotes	0.08130227942638157	0.08130227942638157	9.21839952468872	9.21839952468872
942	gpt2	943	472	5	dial	sent_comp	unexpected	The pilots say the surgeon dial	1.4939146240067204e-05	1.4939146240067204e-05	16.030542373657227	16.030542373657227
943	gpt2	944	472	5	dial	sent_comp	expected	The pilots say the surgeon dials	0.059059087553123384	0.059059087553123384	9.556210994720459	9.556210994720459
944	gpt2	945	473	5	dictate	sent_comp	unexpected	The pilots say the surgeon dictate	1.491604706416183e-08	1.491604706416183e-08	25.998559951782227	25.998559951782227
945	gpt2	946	473	5	dictate	sent_comp	expected	The pilots say the surgeon dictates	2.8983622542000376e-06	2.8983622542000376e-06	18.396329879760746	18.396329879760746
946	gpt2	947	474	5	die	sent_comp	unexpected	The pilots say the surgeon die	8.855638498062035e-07	8.855638498062035e-07	20.10690116882324	20.10690116882324
947	gpt2	948	474	5	die	sent_comp	expected	The pilots say the surgeon dies	2.452229819027707e-05	2.452229819027707e-05	15.315546035766602	15.315546035766602
948	gpt2	949	475	5	differentiate	sent_comp	unexpected	The pilots say the surgeon differentiate	1.1219520423821905e-08	1.1219520423821905e-08	26.40941429138184	26.40941429138184
949	gpt2	950	475	5	differentiate	sent_comp	expected	The pilots say the surgeon differentiates	0.4562989752082843	0.4562989752082843	10.068898111581802	10.068898111581802
950	gpt2	951	476	5	differ	sent_comp	unexpected	The pilots say the surgeon differ	1.924735748559669e-08	1.924735748559669e-08	25.63076400756836	25.63076400756836
951	gpt2	952	476	5	differ	sent_comp	expected	The pilots say the surgeon differs	3.313065462862141e-06	3.313065462862141e-06	18.20340156555176	18.20340156555176
952	gpt2	953	477	5	digest	sent_comp	unexpected	The pilots say the surgeon digest	2.301124908399288e-07	2.301124908399288e-07	22.051156997680664	22.051156997680664
953	gpt2	954	477	5	digest	sent_comp	expected	The pilots say the surgeon digests	0.019564310080966124	0.019564310080966124	11.973891496658325	11.973891496658325
954	gpt2	955	478	5	dignify	sent_comp	unexpected	The pilots say the surgeon dignify	0.0034568708932747262	0.0034568708932747262	16.11768937110901	16.11768937110901
955	gpt2	956	478	5	dignify	sent_comp	expected	The pilots say the surgeon dignifies	0.04709401294428603	0.04709401294428603	14.233684182167053	14.233684182167053
956	gpt2	957	479	5	dig	sent_comp	unexpected	The pilots say the surgeon dig	1.5795075114510837e-06	1.5795075114510837e-06	19.272092819213867	19.272092819213867
957	gpt2	958	479	5	dig	sent_comp	expected	The pilots say the surgeon digs	3.4873278309532907e-06	3.4873278309532907e-06	18.12944602966309	18.12944602966309
958	gpt2	959	480	5	dilute	sent_comp	unexpected	The pilots say the surgeon dilute	0.0031207722877865923	0.0031207722877865923	13.164291858673096	13.164291858673096
959	gpt2	960	480	5	dilute	sent_comp	expected	The pilots say the surgeon dilutes	0.04980959089340329	0.04980959089340329	11.16586148738861	11.16586148738861
960	gpt2	961	481	5	diminish	sent_comp	unexpected	The pilots say the surgeon diminish	3.550529426021853e-09	3.550529426021853e-09	28.069318771362305	28.069318771362305
961	gpt2	962	481	5	diminish	sent_comp	expected	The pilots say the surgeon diminishes	0.49890666070906775	0.49890666070906775	10.756152174784802	10.756152174784802
962	gpt2	963	482	5	dip	sent_comp	unexpected	The pilots say the surgeon dip	5.7223999760935846e-08	5.7223999760935846e-08	24.05880355834961	24.05880355834961
963	gpt2	964	482	5	dip	sent_comp	expected	The pilots say the surgeon dips	5.425292215477384e-07	5.425292215477384e-07	20.81379508972168	20.81379508972168
964	gpt2	965	483	5	direct	sent_comp	unexpected	The pilots say the surgeon direct	4.952976723870961e-06	4.952976723870961e-06	17.623271942138672	17.623271942138672
965	gpt2	966	483	5	direct	sent_comp	expected	The pilots say the surgeon directs	4.713832095148973e-05	4.713832095148973e-05	14.372739791870115	14.372739791870115
966	gpt2	967	484	5	disagree	sent_comp	unexpected	The pilots say the surgeon disagree	5.046813384979032e-06	5.046813384979032e-06	17.596195220947266	17.596195220947266
967	gpt2	968	484	5	disagree	sent_comp	expected	The pilots say the surgeon disagrees	9.646583202993496e-05	9.646583202993496e-05	13.339622497558594	13.339622497558594
968	gpt2	969	485	5	disappear	sent_comp	unexpected	The pilots say the surgeon disappear	3.5464296388454386e-08	3.5464296388454386e-08	24.74905776977539	24.74905776977539
969	gpt2	970	485	5	disappear	sent_comp	expected	The pilots say the surgeon disappears	7.380589522654191e-06	7.380589522654191e-06	17.047832489013672	17.047832489013672
970	gpt2	971	486	5	disappoint	sent_comp	unexpected	The pilots say the surgeon disappoint	1.774295839140905e-07	1.774295839140905e-07	22.426250457763672	22.426250457763672
971	gpt2	972	486	5	disappoint	sent_comp	expected	The pilots say the surgeon disappoints	0.46021631290836496	0.46021631290836496	11.272933334112167	11.272933334112167
972	gpt2	973	487	5	disarm	sent_comp	unexpected	The pilots say the surgeon disarm	6.429991117329338e-08	6.429991117329338e-08	23.890607833862305	23.890607833862305
973	gpt2	974	487	5	disarm	sent_comp	expected	The pilots say the surgeon disarms	0.0015597975798300207	0.0015597975798300207	10.890334129333496	10.890334129333496
974	gpt2	975	488	5	disassemble	sent_comp	unexpected	The pilots say the surgeon disassemble	0.3285309384567275	0.3285309384567275	7.040264069413145	7.040264069413145
975	gpt2	976	488	5	disassemble	sent_comp	expected	The pilots say the surgeon disassembles	0.28776841433621786	0.28776841433621786	6.8905347883701324	6.8905347883701324
976	gpt2	977	489	5	disassociate	sent_comp	unexpected	The pilots say the surgeon disassociate	0.012942490337688147	0.012942490337688147	9.042273680369059	9.042273680369059
977	gpt2	978	489	5	disassociate	sent_comp	expected	The pilots say the surgeon disassociates	0.458503475307225	0.458503475307225	5.653874912299216	5.653874912299216
978	gpt2	979	490	5	disband	sent_comp	unexpected	The pilots say the surgeon disband	3.179227769933845e-09	3.179227769933845e-09	28.22867584228516	28.22867584228516
979	gpt2	980	490	5	disband	sent_comp	expected	The pilots say the surgeon disbands	0.0003196043471689208	0.0003196043471689208	12.12398099899292	12.12398099899292
980	gpt2	981	491	6	discard	sent_comp	unexpected	The customer thinks the manager discard	5.4369486690575286e-08	5.4369486690575286e-08	24.132627487182617	24.132627487182617
981	gpt2	982	491	6	discard	sent_comp	expected	The customer thinks the manager discards	0.2561314369995671	0.2561314369995671	8.96645012497902	8.96645012497902
982	gpt2	983	492	6	discern	sent_comp	unexpected	The customer thinks the manager discern	2.726322918533697e-07	2.726322918533697e-07	21.80653953552246	21.80653953552246
983	gpt2	984	492	6	discern	sent_comp	expected	The customer thinks the manager discerns	0.21463117224010372	0.21463117224010372	11.513304471969604	11.513304471969604
984	gpt2	985	493	6	disclose	sent_comp	unexpected	The customer thinks the manager disclose	7.264652879257484e-08	7.264652879257484e-08	23.71453094482422	23.71453094482422
985	gpt2	986	493	6	disclose	sent_comp	expected	The customer thinks the manager discloses	0.49991699394695394	0.49991699394695394	9.361519152764231	9.361519152764231
986	gpt2	987	494	6	discomfit	sent_comp	unexpected	The customer thinks the manager discomfit	0.005054690072332315	0.005054690072332315	9.859498341878256	9.859498341878256
987	gpt2	988	494	6	discomfit	sent_comp	expected	The customer thinks the manager discomfits	0.04818733266680888	0.04818733266680888	8.699618101119995	8.699618101119995
988	gpt2	989	495	6	disconnect	sent_comp	unexpected	The customer thinks the manager disconnect	9.770309588930104e-06	9.770309588930104e-06	16.643163681030273	16.643163681030273
989	gpt2	990	495	6	disconnect	sent_comp	expected	The customer thinks the manager disconnects	0.4403249597130525	0.4403249597130525	8.413269594311714	8.413269594311714
990	gpt2	991	496	6	discontinue	sent_comp	unexpected	The customer thinks the manager discontinue	0.030399957709647603	0.030399957709647603	12.063398361206055	12.063398361206055
991	gpt2	992	496	6	discontinue	sent_comp	expected	The customer thinks the manager discontinues	0.41257646869931364	0.41257646869931364	10.18212828040123	10.18212828040123
992	gpt2	993	497	6	discount	sent_comp	unexpected	The customer thinks the manager discount	1.4308096069726162e-05	1.4308096069726162e-05	16.09280776977539	16.09280776977539
993	gpt2	994	497	6	discount	sent_comp	expected	The customer thinks the manager discounts	1.4706526599184144e-05	1.4706526599184144e-05	16.053184509277344	16.053184509277344
994	gpt2	995	498	6	discourage	sent_comp	unexpected	The customer thinks the manager discourage	7.54005213821074e-08	7.54005213821074e-08	23.660850524902344	23.660850524902344
995	gpt2	996	498	6	discourage	sent_comp	expected	The customer thinks the manager discourages	0.4925100882933294	0.4925100882933294	8.284189493395388	8.284189493395388
996	gpt2	997	499	6	discover	sent_comp	unexpected	The customer thinks the manager discover	8.47550367666372e-08	8.47550367666372e-08	23.49212646484375	23.49212646484375
997	gpt2	998	499	6	discover	sent_comp	expected	The customer thinks the manager discovers	5.556261839956278e-06	5.556261839956278e-06	17.457454681396484	17.457454681396484
998	gpt2	999	500	6	discredit	sent_comp	unexpected	The customer thinks the manager discredit	1.3152021693940696e-08	1.3152021693940696e-08	26.180139541625977	26.180139541625977
999	gpt2	1000	500	6	discredit	sent_comp	expected	The customer thinks the manager discredits	0.1678675230105	0.1678675230105	9.271236419677734	9.271236419677734
1000	gpt2	1001	501	6	discuss	sent_comp	unexpected	The customer thinks the manager discuss	2.938897978310706e-07	2.938897978310706e-07	21.69822120666504	21.69822120666504
1001	gpt2	1002	501	6	discuss	sent_comp	expected	The customer thinks the manager discusses	5.496727226272924e-06	5.496727226272924e-06	17.47299575805664	17.47299575805664
1002	gpt2	1003	502	6	disdain	sent_comp	unexpected	The customer thinks the manager disdain	4.00634604602601e-07	4.00634604602601e-07	21.251209259033203	21.251209259033203
1003	gpt2	1004	502	6	disdain	sent_comp	expected	The customer thinks the manager disdains	0.2293665693650837	0.2293665693650837	7.532704631487529	7.532704631487529
1004	gpt2	1005	503	6	disengage	sent_comp	unexpected	The customer thinks the manager disengage	0.0037343848028399173	0.0037343848028399173	13.209412336349489	13.209412336349489
1005	gpt2	1006	503	6	disengage	sent_comp	expected	The customer thinks the manager disengages	0.20071993898574192	0.20071993898574192	10.335185945034029	10.335185945034029
1006	gpt2	1007	504	6	disguise	sent_comp	unexpected	The customer thinks the manager disguise	5.894776933246249e-08	5.894776933246249e-08	24.015987396240234	24.015987396240234
1007	gpt2	1008	504	6	disguise	sent_comp	expected	The customer thinks the manager disguises	0.49574338997325634	0.49574338997325634	9.968046802096067	9.968046802096067
1008	gpt2	1009	505	6	dish	sent_comp	unexpected	The customer thinks the manager dish	6.043583766768279e-07	6.043583766768279e-07	20.658092498779297	20.658092498779297
1009	gpt2	1010	505	6	dish	sent_comp	expected	The customer thinks the manager dishes	2.968589342344785e-06	2.968589342344785e-06	18.361791610717773	18.361791610717773
1010	gpt2	1011	506	6	dislike	sent_comp	unexpected	The customer thinks the manager dislike	2.0678608052548952e-06	2.0678608052548952e-06	18.8834285736084	18.8834285736084
1011	gpt2	1012	506	6	dislike	sent_comp	expected	The customer thinks the manager dislikes	0.41129845481736993	0.41129845481736993	7.24287024140358	7.24287024140358
1012	gpt2	1013	507	6	dismantle	sent_comp	unexpected	The customer thinks the manager dismantle	7.095903420406556e-09	7.095903420406556e-09	27.07036590576172	27.07036590576172
1013	gpt2	1014	507	6	dismantle	sent_comp	expected	The customer thinks the manager dismantles	0.49860044476204024	0.49860044476204024	11.280500709312037	11.280500709312037
1014	gpt2	1015	508	6	dismember	sent_comp	unexpected	The customer thinks the manager dismember	0.285041344883866	0.285041344883866	13.024150013923645	13.024150013923645
1015	gpt2	1016	508	6	dismember	sent_comp	expected	The customer thinks the manager dismembers	0.0005551211252168233	0.0005551211252168233	12.219650745391846	12.219650745391846
1016	gpt2	1017	509	6	dismiss	sent_comp	unexpected	The customer thinks the manager dismiss	4.47390993940644e-05	4.47390993940644e-05	14.44810390472412	14.44810390472412
1017	gpt2	1018	509	6	dismiss	sent_comp	expected	The customer thinks the manager dismisses	0.48685531608862226	0.48685531608862226	7.243302579969167	7.243302579969167
1018	gpt2	1019	510	6	disobey	sent_comp	unexpected	The customer thinks the manager disobey	0.003243485054497317	0.003243485054497317	13.22656774520874	13.22656774520874
1019	gpt2	1020	510	6	disobey	sent_comp	expected	The customer thinks the manager disobeys	0.3664701890399253	0.3664701890399253	5.939882004012664	5.939882004012664
1020	gpt2	1021	511	6	disparage	sent_comp	unexpected	The customer thinks the manager disparage	0.0024571158409116816	0.0024571158409116816	12.939192533493042	12.939192533493042
1021	gpt2	1022	511	6	disparage	sent_comp	expected	The customer thinks the manager disparages	0.18237211955226937	0.18237211955226937	9.831826567649841	9.831826567649841
1022	gpt2	1023	512	6	dispatch	sent_comp	unexpected	The customer thinks the manager dispatch	8.514845006857287e-08	8.514845006857287e-08	23.485445022583008	23.485445022583008
1023	gpt2	1024	512	6	dispatch	sent_comp	expected	The customer thinks the manager dispatches	0.13660191878580008	0.13660191878580008	9.114818632602692	9.114818632602692
1024	gpt2	1025	513	6	dispel	sent_comp	unexpected	The customer thinks the manager dispel	1.6194057650409377e-08	1.6194057650409377e-08	25.879961013793945	25.879961013793945
1025	gpt2	1026	513	6	dispel	sent_comp	expected	The customer thinks the manager dispels	0.0011225279317840851	0.0011225279317840851	12.582164764404297	12.582164764404297
1026	gpt2	1027	514	6	dispense	sent_comp	unexpected	The customer thinks the manager dispense	0.003984413518537585	0.003984413518537585	11.665599346160889	11.665599346160889
1027	gpt2	1028	514	6	dispense	sent_comp	expected	The customer thinks the manager dispenses	0.09643417730831058	0.09643417730831058	9.366012334823608	9.366012334823608
1028	gpt2	1029	515	6	displace	sent_comp	unexpected	The customer thinks the manager displace	0.00020598000628522338	0.00020598000628522338	12.983424663543701	12.983424663543701
1029	gpt2	1030	515	6	displace	sent_comp	expected	The customer thinks the manager displaces	0.4395322426617412	0.4395322426617412	10.715728245675564	10.715728245675564
1030	gpt2	1031	516	6	display	sent_comp	unexpected	The customer thinks the manager display	3.572682203412114e-07	3.572682203412114e-07	21.416488647460938	21.416488647460938
1031	gpt2	1032	516	6	display	sent_comp	expected	The customer thinks the manager displays	1.721703665680252e-05	1.721703665680252e-05	15.825803756713867	15.825803756713867
1032	gpt2	1033	517	6	dispose	sent_comp	unexpected	The customer thinks the manager dispose	1.88988558136316e-08	1.88988558136316e-08	25.65712547302246	25.65712547302246
1033	gpt2	1034	517	6	dispose	sent_comp	expected	The customer thinks the manager disposes	0.005957737408607474	0.005957737408607474	10.482978343963623	10.482978343963623
1034	gpt2	1035	518	6	disprove	sent_comp	unexpected	The customer thinks the manager disprove	0.016667290678810752	0.016667290678810752	11.993210315704347	11.993210315704347
1035	gpt2	1036	518	6	disprove	sent_comp	expected	The customer thinks the manager disproves	0.2555514360727784	0.2555514360727784	10.023912727832796	10.023912727832796
1036	gpt2	1037	519	6	dispute	sent_comp	unexpected	The customer thinks the manager dispute	1.8737438267635298e-07	1.8737438267635298e-07	22.34757232666016	22.34757232666016
1037	gpt2	1038	519	6	dispute	sent_comp	expected	The customer thinks the manager disputes	8.806895493762568e-06	8.806895493762568e-06	16.79293441772461	16.79293441772461
1038	gpt2	1039	520	6	disqualify	sent_comp	unexpected	The customer thinks the manager disqualify	0.001318821174123706	0.001318821174123706	14.299797058105469	14.299797058105469
1039	gpt2	1040	520	6	disqualify	sent_comp	expected	The customer thinks the manager disqualifies	0.4798934949357374	0.4798934949357374	10.045882061123848	10.045882061123848
1040	gpt2	1041	521	6	disregard	sent_comp	unexpected	The customer thinks the manager disregard	9.018939408633742e-07	9.018939408633742e-07	20.08053970336914	20.08053970336914
1041	gpt2	1042	521	6	disregard	sent_comp	expected	The customer thinks the manager disregards	0.08077176575534395	0.08077176575534395	8.745413303375244	8.745413303375244
1042	gpt2	1043	522	6	disrupt	sent_comp	unexpected	The customer thinks the manager disrupt	2.2644915134151238e-06	2.2644915134151238e-06	18.752382278442383	18.752382278442383
1043	gpt2	1044	522	6	disrupt	sent_comp	expected	The customer thinks the manager disrupts	0.4919201133210435	0.4919201133210435	9.387944808229804	9.387944808229804
1044	gpt2	1045	523	6	dissipate	sent_comp	unexpected	The customer thinks the manager dissipate	0.004523475346559253	0.004523475346559253	13.78301739692688	13.78301739692688
1045	gpt2	1046	523	6	dissipate	sent_comp	expected	The customer thinks the manager dissipates	0.2196377466148078	0.2196377466148078	10.982198774814606	10.982198774814606
1046	gpt2	1047	524	6	dissociate	sent_comp	unexpected	The customer thinks the manager dissociate	0.00011599334857234705	0.00011599334857234705	14.34891128540039	14.34891128540039
1047	gpt2	1048	524	6	dissociate	sent_comp	expected	The customer thinks the manager dissociates	0.3292946017630432	0.3292946017630432	8.006962901602188	8.006962901602188
1048	gpt2	1049	525	6	dissolve	sent_comp	unexpected	The customer thinks the manager dissolve	3.30552074601087e-09	3.30552074601087e-09	28.172475814819336	28.172475814819336
1049	gpt2	1050	525	6	dissolve	sent_comp	expected	The customer thinks the manager dissolves	0.0175639721524021	0.0175639721524021	10.694943189620972	10.694943189620972
1050	gpt2	1051	526	6	dissuade	sent_comp	unexpected	The customer thinks the manager dissuade	0.010504984916622072	0.010504984916622072	12.547895908355713	12.547895908355713
1051	gpt2	1052	526	6	dissuade	sent_comp	expected	The customer thinks the manager dissuades	0.02620301830160087	0.02620301830160087	11.88853931427002	11.88853931427002
1052	gpt2	1053	527	6	distance	sent_comp	unexpected	The customer thinks the manager distance	2.640769878325955e-07	2.640769878325955e-07	21.852537155151367	21.852537155151367
1053	gpt2	1054	527	6	distance	sent_comp	expected	The customer thinks the manager distances	5.884921847609803e-07	5.884921847609803e-07	20.696474075317383	20.696474075317383
1054	gpt2	1055	528	6	distinguish	sent_comp	unexpected	The customer thinks the manager distinguish	3.079969346231337e-08	3.079969346231337e-08	24.9525089263916	24.9525089263916
1055	gpt2	1056	528	6	distinguish	sent_comp	expected	The customer thinks the manager distinguishes	3.3541763855282625e-07	3.3541763855282625e-07	21.507537841796875	21.507537841796875
1056	gpt2	1057	529	6	distort	sent_comp	unexpected	The customer thinks the manager distort	2.41648141496853e-08	2.41648141496853e-08	25.30251693725586	25.30251693725586
1057	gpt2	1058	529	6	distort	sent_comp	expected	The customer thinks the manager distorts	0.2021580795499176	0.2021580795499176	8.935786545276642	8.935786545276642
1058	gpt2	1059	530	6	distract	sent_comp	unexpected	The customer thinks the manager distract	4.709390395873925e-06	4.709390395873925e-06	17.696027755737305	17.696027755737305
1059	gpt2	1060	530	6	distract	sent_comp	expected	The customer thinks the manager distracts	0.49298623235404193	0.49298623235404193	8.858207670040429	8.858207670040429
1060	gpt2	1061	531	6	distribute	sent_comp	unexpected	The customer thinks the manager distribute	1.7427453258278547e-08	1.7427453258278547e-08	25.77406311035156	25.77406311035156
1061	gpt2	1062	531	6	distribute	sent_comp	expected	The customer thinks the manager distributes	0.13057270745957794	0.13057270745957794	9.251111924648285	9.251111924648285
1062	gpt2	1063	532	6	disturb	sent_comp	unexpected	The customer thinks the manager disturb	9.322307192860536e-08	9.322307192860536e-08	23.354738235473636	23.354738235473636
1063	gpt2	1064	532	6	disturb	sent_comp	expected	The customer thinks the manager disturbs	0.4987734621736309	0.4987734621736309	9.057769212522542	9.057769212522542
1064	gpt2	1065	533	6	diverge	sent_comp	unexpected	The customer thinks the manager diverge	0.0018401565159820164	0.0018401565159820164	13.734748363494871	13.734748363494871
1065	gpt2	1066	533	6	diverge	sent_comp	expected	The customer thinks the manager diverges	0.011281352735977617	0.011281352735977617	12.426488399505613	12.426488399505613
1066	gpt2	1067	534	6	diversify	sent_comp	unexpected	The customer thinks the manager diversify	0.013275476512333696	0.013275476512333696	13.990131616592407	13.990131616592407
1067	gpt2	1068	534	6	diversify	sent_comp	expected	The customer thinks the manager diversifies	0.11767025698425469	0.11767025698425469	12.416171073913574	12.416171073913574
1068	gpt2	1069	535	6	divert	sent_comp	unexpected	The customer thinks the manager divert	3.003026449732715e-08	3.003026449732715e-08	24.9890079498291	24.9890079498291
1069	gpt2	1070	535	6	divert	sent_comp	expected	The customer thinks the manager diverts	0.1379883897154741	0.1379883897154741	10.620177924633024	10.620177924633024
1070	gpt2	1071	536	6	divest	sent_comp	unexpected	The customer thinks the manager divest	4.203285719484029e-09	4.203285719484029e-09	27.825836181640625	27.825836181640625
1071	gpt2	1072	536	6	divest	sent_comp	expected	The customer thinks the manager divests	0.017628092217137216	0.017628092217137216	11.67018461227417	11.67018461227417
1072	gpt2	1073	537	6	divide	sent_comp	unexpected	The customer thinks the manager divide	6.317613809869728e-08	6.317613809869728e-08	23.91604423522949	23.91604423522949
1073	gpt2	1074	537	6	divide	sent_comp	expected	The customer thinks the manager divides	1.2899337207272763e-06	1.2899337207272763e-06	19.564271926879883	19.564271926879883
1074	gpt2	1075	538	6	doctor	sent_comp	unexpected	The customer thinks the manager doctor	5.081935341877397e-06	5.081935341877397e-06	17.586191177368164	17.586191177368164
1075	gpt2	1076	538	6	doctor	sent_comp	expected	The customer thinks the manager doctors	3.265820396336494e-07	3.265820396336494e-07	21.546051025390625	21.546051025390625
1076	gpt2	1077	539	6	document	sent_comp	unexpected	The customer thinks the manager document	6.31722798516421e-08	6.31722798516421e-08	23.916133880615234	23.916133880615234
1077	gpt2	1078	539	6	document	sent_comp	expected	The customer thinks the manager documents	7.784664717291889e-07	7.784664717291889e-07	20.29286193847656	20.29286193847656
1078	gpt2	1079	540	6	dole	sent_comp	unexpected	The customer thinks the manager dole	0.0010835031462192943	0.0010835031462192943	11.435141563415527	11.435141563415527
1079	gpt2	1080	540	6	dole	sent_comp	expected	The customer thinks the manager doles	0.003524334901157955	0.003524334901157955	10.653013944625854	10.653013944625854
1080	gpt2	1081	541	6	dominate	sent_comp	unexpected	The customer thinks the manager dominate	2.733806780952364e-08	2.733806780952364e-08	25.124513626098636	25.124513626098636
1081	gpt2	1082	541	6	dominate	sent_comp	expected	The customer thinks the manager dominates	9.701485623736517e-07	9.701485623736517e-07	19.975290298461918	19.975290298461918
1082	gpt2	1083	542	6	donate	sent_comp	unexpected	The customer thinks the manager donate	4.5448206975606815e-08	4.5448206975606815e-08	24.39120101928711	24.39120101928711
1083	gpt2	1084	542	6	donate	sent_comp	expected	The customer thinks the manager donates	0.039585350117704296	0.039585350117704296	8.013386130332947	8.013386130332947
1084	gpt2	1085	543	6	don	sent_comp	unexpected	The customer thinks the manager don	0.0001896434259833	0.0001896434259833	12.364422798156738	12.364422798156738
1085	gpt2	1086	543	6	don	sent_comp	expected	The customer thinks the manager dons	0.007884052381996255	0.007884052381996255	10.069082021713257	10.069082021713257
1086	gpt2	1087	544	6	double	sent_comp	unexpected	The customer thinks the manager double	6.147594376670895e-06	6.147594376670895e-06	17.311546325683594	17.311546325683594
1087	gpt2	1088	544	6	double	sent_comp	expected	The customer thinks the manager doubles	8.659515515319072e-06	8.659515515319072e-06	16.81728172302246	16.81728172302246
1088	gpt2	1089	545	6	doubt	sent_comp	unexpected	The customer thinks the manager doubt	1.5431419342348818e-06	1.5431419342348818e-06	19.30569839477539	19.30569839477539
1089	gpt2	1090	545	6	doubt	sent_comp	expected	The customer thinks the manager doubts	8.550797247153241e-06	8.550797247153241e-06	16.83551025390625	16.83551025390625
1090	gpt2	1091	546	6	do	sent_comp	unexpected	The customer thinks the manager do	6.195790047058836e-05	6.195790047058836e-05	13.978352546691896	13.978352546691896
1091	gpt2	1092	546	6	do	sent_comp	expected	The customer thinks the manager does	0.0058242767117917	0.0058242767117917	7.423705577850342	7.423705577850342
1092	gpt2	1093	547	6	downsize	sent_comp	unexpected	The customer thinks the manager downsize	0.0015617383251082498	0.0015617383251082498	10.640458583831787	10.640458583831787
1093	gpt2	1094	547	6	downsize	sent_comp	expected	The customer thinks the manager downsizes	0.12458368487789073	0.12458368487789073	11.836763620376589	11.836763620376589
1094	gpt2	1095	548	6	draft	sent_comp	unexpected	The customer thinks the manager draft	3.1280825396606815e-07	3.1280825396606815e-07	21.608217239379883	21.608217239379883
1095	gpt2	1096	548	6	draft	sent_comp	expected	The customer thinks the manager drafts	5.822709567837592e-07	5.822709567837592e-07	20.71180534362793	20.71180534362793
1096	gpt2	1097	549	6	drag	sent_comp	unexpected	The customer thinks the manager drag	1.3788065871267463e-06	1.3788065871267463e-06	19.468149185180664	19.468149185180664
1097	gpt2	1098	549	6	drag	sent_comp	expected	The customer thinks the manager drags	0.43367996080314697	0.43367996080314697	9.28427268564701	9.28427268564701
1098	gpt2	1099	550	6	drain	sent_comp	unexpected	The customer thinks the manager drain	7.345857255813827e-08	7.345857255813827e-08	23.69849395751953	23.69849395751953
1099	gpt2	1100	550	6	drain	sent_comp	expected	The customer thinks the manager drains	1.393123739035218e-06	1.393123739035218e-06	19.453245162963867	19.453245162963867
1100	gpt2	1101	551	6	drape	sent_comp	unexpected	The customer thinks the manager drape	0.0002992483823618053	0.0002992483823618053	12.496051788330078	12.496051788330078
1101	gpt2	1102	551	6	drape	sent_comp	expected	The customer thinks the manager drapes	0.333798015822443	0.333798015822443	7.417450759249427	7.417450759249427
1102	gpt2	1103	552	6	draw	sent_comp	unexpected	The customer thinks the manager draw	2.956542175525101e-06	2.956542175525101e-06	18.367656707763672	18.367656707763672
1103	gpt2	1104	552	6	draw	sent_comp	expected	The customer thinks the manager draws	2.2179756342666224e-05	2.2179756342666224e-05	15.460396766662598	15.460396766662598
1104	gpt2	1105	553	6	dream	sent_comp	unexpected	The customer thinks the manager dream	1.8820906007022127e-06	1.8820906007022127e-06	19.01923179626465	19.01923179626465
1105	gpt2	1106	553	6	dream	sent_comp	expected	The customer thinks the manager dreams	3.156480715915677e-06	3.156480715915677e-06	18.273252487182617	18.273252487182617
1106	gpt2	1107	554	6	dress	sent_comp	unexpected	The customer thinks the manager dress	2.992602730955696e-06	2.992602730955696e-06	18.35016822814941	18.35016822814941
1107	gpt2	1108	554	6	dress	sent_comp	expected	The customer thinks the manager dresses	1.6172551113413647e-05	1.6172551113413647e-05	15.916092872619627	15.916092872619627
1108	gpt2	1109	555	6	drift	sent_comp	unexpected	The customer thinks the manager drift	3.013055405176601e-08	3.013055405176601e-08	24.98419761657715	24.98419761657715
1109	gpt2	1110	555	6	drift	sent_comp	expected	The customer thinks the manager drifts	0.048342496291752454	0.048342496291752454	10.866925835609436	10.866925835609436
1110	gpt2	1111	556	6	drill	sent_comp	unexpected	The customer thinks the manager drill	2.1114698256496922e-07	2.1114698256496922e-07	22.175249099731445	22.175249099731445
1111	gpt2	1112	556	6	drill	sent_comp	expected	The customer thinks the manager drills	3.975411004830676e-07	3.975411004830676e-07	21.262392044067383	21.262392044067383
1112	gpt2	1113	557	6	drink	sent_comp	unexpected	The customer thinks the manager drink	4.204402557661524e-06	4.204402557661524e-06	17.85966682434082	17.85966682434082
1113	gpt2	1114	557	6	drink	sent_comp	expected	The customer thinks the manager drinks	6.762150587746873e-05	6.762150587746873e-05	13.852158546447754	13.852158546447754
1114	gpt2	1115	558	6	drive	sent_comp	unexpected	The customer thinks the manager drive	7.347833616222488e-06	7.347833616222488e-06	17.054248809814453	17.054248809814453
1115	gpt2	1116	558	6	drive	sent_comp	expected	The customer thinks the manager drives	5.9166664868826047e-05	5.9166664868826047e-05	14.044856071472168	14.044856071472168
1116	gpt2	1117	559	6	drop	sent_comp	unexpected	The customer thinks the manager drop	4.635140157915885e-06	4.635140157915885e-06	17.718955993652344	17.718955993652344
1117	gpt2	1118	559	6	drop	sent_comp	expected	The customer thinks the manager drops	2.907721500378102e-05	2.907721500378102e-05	15.069751739501951	15.069751739501951
1118	gpt2	1119	560	6	drown	sent_comp	unexpected	The customer thinks the manager drown	3.483510226942599e-07	3.483510226942599e-07	21.45295524597168	21.45295524597168
1119	gpt2	1120	560	6	drown	sent_comp	expected	The customer thinks the manager drowns	0.4692058218824968	0.4692058218824968	10.772331461310387	10.772331461310387
1120	gpt2	1121	561	6	drum	sent_comp	unexpected	The customer thinks the manager drum	1.224578227265738e-06	1.224578227265738e-06	19.639284133911133	19.639284133911133
1121	gpt2	1122	561	6	drum	sent_comp	expected	The customer thinks the manager drums	8.299343079443133e-08	8.299343079443133e-08	23.52242851257324	23.52242851257324
1122	gpt2	1123	562	6	dry	sent_comp	unexpected	The customer thinks the manager dry	5.313745532475878e-07	5.313745532475878e-07	20.84376716613769	20.84376716613769
1123	gpt2	1124	562	6	dry	sent_comp	expected	The customer thinks the manager dries	0.37042133429838486	0.37042133429838486	9.853155106306076	9.853155106306076
1124	gpt2	1125	563	6	dump	sent_comp	unexpected	The customer thinks the manager dump	9.542919769955915e-07	9.542919769955915e-07	19.99906539916992	19.99906539916992
1125	gpt2	1126	563	6	dump	sent_comp	expected	The customer thinks the manager dumps	1.467183324166399e-06	1.467183324166399e-06	19.37851905822754	19.37851905822754
1126	gpt2	1127	564	6	duplicate	sent_comp	unexpected	The customer thinks the manager duplicate	1.3238164342510572e-07	1.3238164342510572e-07	22.84879302978516	22.84879302978516
1127	gpt2	1128	564	6	duplicate	sent_comp	expected	The customer thinks the manager duplicates	0.24497588269446166	0.24497588269446166	9.19202208518982	9.19202208518982
1128	gpt2	1129	565	6	dwarf	sent_comp	unexpected	The customer thinks the manager dwarf	1.4462278841165246e-07	1.4462278841165246e-07	22.721200942993164	22.721200942993164
1129	gpt2	1130	565	6	dwarf	sent_comp	expected	The customer thinks the manager dwarfs	0.4696102999947555	0.4696102999947555	10.7676100730896	10.7676100730896
1130	gpt2	1131	566	6	earmark	sent_comp	unexpected	The customer thinks the manager earmark	0.042771353778675796	0.042771353778675796	11.945540428161623	11.945540428161623
1131	gpt2	1132	566	6	earmark	sent_comp	expected	The customer thinks the manager earmarks	0.09887922128780245	0.09887922128780245	11.341025471687319	11.341025471687319
1132	gpt2	1133	567	6	earn	sent_comp	unexpected	The customer thinks the manager earn	7.130324206627847e-07	7.130324206627847e-07	20.41952896118164	20.41952896118164
1133	gpt2	1134	567	6	earn	sent_comp	expected	The customer thinks the manager earns	7.649670442333445e-05	7.649670442333445e-05	13.674242973327637	13.674242973327637
1134	gpt2	1135	568	6	ease	sent_comp	unexpected	The customer thinks the manager ease	6.69424835564314e-08	6.69424835564314e-08	23.832502365112305	23.832502365112305
1135	gpt2	1136	568	6	ease	sent_comp	expected	The customer thinks the manager eases	0.008291826310596615	0.008291826310596615	10.861451148986816	10.861451148986816
1136	gpt2	1137	569	6	eat	sent_comp	unexpected	The customer thinks the manager eat	7.311397780540574e-07	7.311397780540574e-07	20.38334846496582	20.38334846496582
1137	gpt2	1138	569	6	eat	sent_comp	expected	The customer thinks the manager eats	4.5582182792713866e-05	4.5582182792713866e-05	14.421170234680176	14.421170234680176
1138	gpt2	1139	570	6	eavesdrop	sent_comp	unexpected	The customer thinks the manager eavesdrop	0.010485505978664341	0.010485505978664341	13.222295284271238	13.222295284271238
1139	gpt2	1140	570	6	eavesdrop	sent_comp	expected	The customer thinks the manager eavesdrops	0.23606019496460814	0.23606019496460814	10.975934863090513	10.975934863090513
1140	gpt2	1141	571	6	ebb	sent_comp	unexpected	The customer thinks the manager ebb	7.946998448456419e-05	7.946998448456419e-05	14.297097206115723	14.297097206115723
1141	gpt2	1142	571	6	ebb	sent_comp	expected	The customer thinks the manager ebbs	0.45627445501152053	0.45627445501152053	11.950283825397491	11.950283825397491
1142	gpt2	1143	572	6	echo	sent_comp	unexpected	The customer thinks the manager echo	6.327164214781078e-08	6.327164214781078e-08	23.91386604309082	23.91386604309082
1143	gpt2	1144	572	6	echo	sent_comp	expected	The customer thinks the manager echoes	5.160012506166822e-07	5.160012506166822e-07	20.88612174987793	20.88612174987793
1144	gpt2	1145	573	6	eclipse	sent_comp	unexpected	The customer thinks the manager eclipse	1.6520639078976274e-08	1.6520639078976274e-08	25.851154327392575	25.851154327392575
1145	gpt2	1146	573	6	eclipse	sent_comp	expected	The customer thinks the manager eclipses	0.08776959663224204	0.08776959663224204	12.682436108589172	12.682436108589172
1146	gpt2	1147	574	6	economize	sent_comp	unexpected	The customer thinks the manager economize	0.004776341313124982	0.004776341313124982	14.625779867172241	14.625779867172241
1147	gpt2	1148	574	6	economize	sent_comp	expected	The customer thinks the manager economizes	0.25996353471055755	0.25996353471055755	11.742637872695923	11.742637872695923
1148	gpt2	1149	575	6	edge	sent_comp	unexpected	The customer thinks the manager edge	9.88711903460171e-08	9.88711903460171e-08	23.269874572753903	23.269874572753903
1149	gpt2	1150	575	6	edge	sent_comp	expected	The customer thinks the manager edges	3.308479108454776e-07	3.308479108454776e-07	21.527328491210938	21.527328491210938
1150	gpt2	1151	576	6	edit	sent_comp	unexpected	The customer thinks the manager edit	2.605726479032455e-07	2.605726479032455e-07	21.871810913085938	21.871810913085938
1151	gpt2	1152	576	6	edit	sent_comp	expected	The customer thinks the manager edits	8.768307111495233e-07	8.768307111495233e-07	20.121198654174805	20.121198654174805
1152	gpt2	1153	577	6	educate	sent_comp	unexpected	The customer thinks the manager educate	2.4571773948878217e-08	2.4571773948878217e-08	25.27842330932617	25.27842330932617
1153	gpt2	1154	577	6	educate	sent_comp	expected	The customer thinks the manager educates	0.4848094123217095	0.4848094123217095	10.202714782208204	10.202714782208204
1154	gpt2	1155	578	6	effect	sent_comp	unexpected	The customer thinks the manager effect	5.699990310858993e-07	5.699990310858993e-07	20.742536544799805	20.742536544799805
1155	gpt2	1156	578	6	effect	sent_comp	expected	The customer thinks the manager effects	6.047919782758981e-07	6.047919782758981e-07	20.65705680847168	20.65705680847168
1156	gpt2	1157	579	6	elaborate	sent_comp	unexpected	The customer thinks the manager elaborate	1.0533941718904317e-07	1.0533941718904317e-07	23.178451538085938	23.178451538085938
1157	gpt2	1158	579	6	elaborate	sent_comp	expected	The customer thinks the manager elaborates	0.4455915564491164	0.4455915564491164	10.98532784730196	10.98532784730196
1158	gpt2	1159	580	6	elect	sent_comp	unexpected	The customer thinks the manager elect	8.466149665764533e-06	8.466149665764533e-06	16.849863052368164	16.849863052368164
1159	gpt2	1160	580	6	elect	sent_comp	expected	The customer thinks the manager elects	0.4590933334357033	0.4590933334357033	8.486508507281542	8.486508507281542
1160	gpt2	1161	581	6	eliminate	sent_comp	unexpected	The customer thinks the manager eliminate	2.0806275813356482e-08	2.0806275813356482e-08	25.51840591430664	25.51840591430664
1161	gpt2	1162	581	6	eliminate	sent_comp	expected	The customer thinks the manager eliminates	1.691038391982147e-06	1.691038391982147e-06	19.17365837097168	19.17365837097168
1162	gpt2	1163	582	6	elongate	sent_comp	unexpected	The customer thinks the manager elongate	0.006145274184632397	0.006145274184632397	15.800429344177244	15.800429344177244
1163	gpt2	1164	582	6	elongate	sent_comp	expected	The customer thinks the manager elongates	0.275772256229061	0.275772256229061	13.056499898433684	13.056499898433684
1164	gpt2	1165	583	6	emasculate	sent_comp	unexpected	The customer thinks the manager emasculate	0.21631040544605182	0.21631040544605182	6.811800584197044	6.811800584197044
1165	gpt2	1166	583	6	emasculate	sent_comp	expected	The customer thinks the manager emasculates	0.43008445556631614	0.43008445556631614	5.590826973319054	5.590826973319054
1166	gpt2	1167	584	6	embark	sent_comp	unexpected	The customer thinks the manager embark	2.467095505664929e-08	2.467095505664929e-08	25.272611618041992	25.272611618041992
1167	gpt2	1168	584	6	embark	sent_comp	expected	The customer thinks the manager embarks	0.44040237174473873	0.44040237174473873	10.273365840315817	10.273365840315817
1168	gpt2	1169	585	6	embarrass	sent_comp	unexpected	The customer thinks the manager embarrass	2.354752496103174e-06	2.354752496103174e-06	18.695993423461918	18.695993423461918
1169	gpt2	1170	585	6	embarrass	sent_comp	expected	The customer thinks the manager embarrasses	0.445806876009442	0.445806876009442	9.430753238499166	9.430753238499166
1170	gpt2	1171	586	6	embellish	sent_comp	unexpected	The customer thinks the manager embellish	0.003188692340529495	0.003188692340529495	13.335934400558472	13.335934400558472
1171	gpt2	1172	586	6	embellish	sent_comp	expected	The customer thinks the manager embellishes	0.1561372760496056	0.1561372760496056	10.5289186835289	10.5289186835289
1172	gpt2	1173	587	6	embrace	sent_comp	unexpected	The customer thinks the manager embrace	8.939971962718118e-08	8.939971962718118e-08	23.41515350341797	23.41515350341797
1173	gpt2	1174	587	6	embrace	sent_comp	expected	The customer thinks the manager embraces	1.9047409978156795e-06	1.9047409978156795e-06	19.00197410583496	19.00197410583496
1174	gpt2	1175	588	6	emerge	sent_comp	unexpected	The customer thinks the manager emerge	3.9207339597169274e-09	3.9207339597169274e-09	27.92622947692871	27.92622947692871
1175	gpt2	1176	588	6	emerge	sent_comp	expected	The customer thinks the manager emerges	2.851412830295885e-07	2.851412830295885e-07	21.741819381713867	21.741819381713867
1176	gpt2	1177	589	7	emote	sent_comp	unexpected	The authors say the farmers emotes	0.04163273691540857	0.04163273691540857	14.345725297927856	14.345725297927856
1177	gpt2	1178	589	7	emote	sent_comp	expected	The authors say the farmers emote	0.0004701070854479962	0.0004701070854479962	14.084444046020508	14.084444046020508
1178	gpt2	1179	590	7	empathize	sent_comp	unexpected	The authors say the farmers empathizes	0.0008728268868480396	0.0008728268868480396	14.157567024230959	14.157567024230959
1179	gpt2	1180	590	7	empathize	sent_comp	expected	The authors say the farmers empathize	0.21882119197027805	0.21882119197027805	10.17193925380707	10.17193925380707
1180	gpt2	1181	591	7	emphasize	sent_comp	unexpected	The authors say the farmers emphasizes	1.1506990915677306e-07	1.1506990915677306e-07	23.05098533630371	23.05098533630371
1181	gpt2	1182	591	7	emphasize	sent_comp	expected	The authors say the farmers emphasize	1.2150850125181025e-05	1.2150850125181025e-05	16.328582763671875	16.328582763671875
1182	gpt2	1183	592	7	emphaticize	sent_comp	unexpected	The authors say the farmers emphaticizes	0.2209988606727832	0.2209988606727832	13.758566657702128	13.758566657702128
1183	gpt2	1184	592	7	emphaticize	sent_comp	expected	The authors say the farmers emphaticize	0.22108730052875514	0.22108730052875514	12.591799855232239	12.591799855232239
1184	gpt2	1185	593	7	employ	sent_comp	unexpected	The authors say the farmers employs	2.160848453058861e-06	2.160848453058861e-06	18.819971084594727	18.819971084594727
1185	gpt2	1186	593	7	employ	sent_comp	expected	The authors say the farmers employ	0.0002310467534698	0.0002310467534698	12.079527854919434	12.079527854919434
1186	gpt2	1187	594	7	empty	sent_comp	unexpected	The authors say the farmers empties	0.02353261484581279	0.02353261484581279	13.283186197280884	13.283186197280884
1187	gpt2	1188	594	7	empty	sent_comp	expected	The authors say the farmers empty	1.978266936930595e-06	1.978266936930595e-06	18.94733047485352	18.94733047485352
1188	gpt2	1189	595	7	emulate	sent_comp	unexpected	The authors say the farmers emulates	0.0017584904114755463	0.0017584904114755463	13.130812644958496	13.130812644958496
1189	gpt2	1190	595	7	emulate	sent_comp	expected	The authors say the farmers emulate	3.692462939852703e-07	3.692462939852703e-07	21.36891365051269	21.36891365051269
1190	gpt2	1191	596	7	enable	sent_comp	unexpected	The authors say the farmers enables	1.599941583663167e-07	1.599941583663167e-07	22.575477600097656	22.575477600097656
1191	gpt2	1192	596	7	enable	sent_comp	expected	The authors say the farmers enable	4.567297310131835e-06	4.567297310131835e-06	17.7402286529541	17.7402286529541
1192	gpt2	1193	597	7	enact	sent_comp	unexpected	The authors say the farmers enacts	0.006002771142448169	0.006002771142448169	11.274357557296753	11.274357557296753
1193	gpt2	1194	597	7	enact	sent_comp	expected	The authors say the farmers enact	1.4822641105638468e-06	1.4822641105638468e-06	19.36376571655273	19.36376571655273
1194	gpt2	1195	598	7	encapsulate	sent_comp	unexpected	The authors say the farmers encapsulates	0.005855624994069319	0.005855624994069319	13.691404342651369	13.691404342651369
1195	gpt2	1196	598	7	encapsulate	sent_comp	expected	The authors say the farmers encapsulate	0.17118025381284951	0.17118025381284951	11.256600558757784	11.256600558757784
1196	gpt2	1197	599	7	encompass	sent_comp	unexpected	The authors say the farmers encompasses	3.864841957579301e-08	3.864841957579301e-08	24.625015258789062	24.625015258789062
1197	gpt2	1198	599	7	encompass	sent_comp	expected	The authors say the farmers encompass	9.973873602575622e-07	9.973873602575622e-07	19.93534278869629	19.93534278869629
1198	gpt2	1199	600	7	encounter	sent_comp	unexpected	The authors say the farmers encounters	2.760184997896431e-06	2.760184997896431e-06	18.46680450439453	18.46680450439453
1199	gpt2	1200	600	7	encounter	sent_comp	expected	The authors say the farmers encounter	0.0001925966207636	0.0001925966207636	12.342129707336426	12.342129707336426
1200	gpt2	1201	601	7	encourage	sent_comp	unexpected	The authors say the farmers encourages	1.0628559721226338e-06	1.0628559721226338e-06	19.8436222076416	19.8436222076416
1201	gpt2	1202	601	7	encourage	sent_comp	expected	The authors say the farmers encourage	4.849843389820308e-05	4.849843389820308e-05	14.33170223236084	14.33170223236084
1202	gpt2	1203	602	7	endanger	sent_comp	unexpected	The authors say the farmers endangers	0.00043098718015239997	0.00043098718015239997	11.534657955169678	11.534657955169678
1203	gpt2	1204	602	7	endanger	sent_comp	expected	The authors say the farmers endanger	3.278726126154652e-06	3.278726126154652e-06	18.218433380126957	18.218433380126957
1204	gpt2	1205	603	7	endeavor	sent_comp	unexpected	The authors say the farmers endeavors	9.556968194601725e-08	9.556968194601725e-08	23.318872451782227	23.318872451782227
1205	gpt2	1206	603	7	endeavor	sent_comp	expected	The authors say the farmers endeavor	4.728665317088598e-06	4.728665317088598e-06	17.690135955810547	17.690135955810547
1206	gpt2	1207	604	7	endorse	sent_comp	unexpected	The authors say the farmers endorses	0.00179758480953745	0.00179758480953745	10.38723611831665	10.38723611831665
1207	gpt2	1208	604	7	endorse	sent_comp	expected	The authors say the farmers endorse	2.2202241325430805e-06	2.2202241325430805e-06	18.78086280822754	18.78086280822754
1208	gpt2	1209	605	7	endure	sent_comp	unexpected	The authors say the farmers endures	0.00201008468138745	0.00201008468138745	10.303039073944092	10.303039073944092
1209	gpt2	1210	605	7	endure	sent_comp	expected	The authors say the farmers endure	1.225811502081342e-05	1.225811502081342e-05	16.315902709960938	16.315902709960938
1210	gpt2	1211	606	7	end	sent_comp	unexpected	The authors say the farmers ends	1.023574554892548e-06	1.023574554892548e-06	19.897953033447266	19.897953033447266
1211	gpt2	1212	606	7	end	sent_comp	expected	The authors say the farmers end	0.0001624116994207	0.0001624116994207	12.588056564331056	12.588056564331056
1212	gpt2	1213	607	7	enforce	sent_comp	unexpected	The authors say the farmers enforces	0.007613792024130769	0.007613792024130769	11.102691411972046	11.102691411972046
1213	gpt2	1214	607	7	enforce	sent_comp	expected	The authors say the farmers enforce	7.533648386015557e-06	7.533648386015557e-06	17.018218994140625	17.018218994140625
1214	gpt2	1215	608	7	engage	sent_comp	unexpected	The authors say the farmers engages	3.939342718695116e-07	3.939342718695116e-07	21.275541305541992	21.275541305541992
1215	gpt2	1216	608	7	engage	sent_comp	expected	The authors say the farmers engage	7.592768088215962e-05	7.592768088215962e-05	13.685014724731444	13.685014724731444
1216	gpt2	1217	609	7	engineer	sent_comp	unexpected	The authors say the farmers engineers	1.05899505342677e-06	1.05899505342677e-06	19.84887313842773	19.84887313842773
1217	gpt2	1218	609	7	engineer	sent_comp	expected	The authors say the farmers engineer	1.909533466459834e-06	1.909533466459834e-06	18.998348236083984	18.998348236083984
1218	gpt2	1219	610	7	enhance	sent_comp	unexpected	The authors say the farmers enhances	3.629021705364721e-08	3.629021705364721e-08	24.715843200683597	24.715843200683597
1219	gpt2	1220	610	7	enhance	sent_comp	expected	The authors say the farmers enhance	3.514394393278053e-06	3.514394393278053e-06	18.1182918548584	18.1182918548584
1220	gpt2	1221	611	7	enjoin	sent_comp	unexpected	The authors say the farmers enjoins	0.30820521910087945	0.30820521910087945	8.344136091570059	8.344136091570059
1221	gpt2	1222	611	7	enjoin	sent_comp	expected	The authors say the farmers enjoin	0.0030443651467066688	0.0030443651467066688	11.764896154403687	11.764896154403687
1222	gpt2	1223	612	7	enjoy	sent_comp	unexpected	The authors say the farmers enjoys	1.187077373288048e-06	1.187077373288048e-06	19.684154510498047	19.684154510498047
1223	gpt2	1224	612	7	enjoy	sent_comp	expected	The authors say the farmers enjoy	0.0001215080992551	0.0001215080992551	13.006659507751465	13.006659507751465
1224	gpt2	1225	613	7	enlarge	sent_comp	unexpected	The authors say the farmers enlarges	0.011356729074011055	0.011356729074011055	14.968669652938843	14.968669652938843
1225	gpt2	1226	613	7	enlarge	sent_comp	expected	The authors say the farmers enlarge	7.166721616158611e-07	7.166721616158611e-07	20.41218376159668	20.41218376159668
1226	gpt2	1227	614	7	enlist	sent_comp	unexpected	The authors say the farmers enlists	0.007769924528474769	0.007769924528474769	11.088035821914673	11.088035821914673
1227	gpt2	1228	614	7	enlist	sent_comp	expected	The authors say the farmers enlist	7.208782903944666e-07	7.208782903944666e-07	20.40374183654785	20.40374183654785
1228	gpt2	1229	615	7	enroll	sent_comp	unexpected	The authors say the farmers enrolls	0.0019289028841739748	0.0019289028841739748	12.504988670349121	12.504988670349121
1229	gpt2	1230	615	7	enroll	sent_comp	expected	The authors say the farmers enroll	7.687278412049636e-06	7.687278412049636e-06	16.98909568786621	16.98909568786621
1230	gpt2	1231	616	7	ensue	sent_comp	unexpected	The authors say the farmers ensues	0.0005779220700716521	0.0005779220700716521	16.360708713531494	16.360708713531494
1231	gpt2	1232	616	7	ensue	sent_comp	expected	The authors say the farmers ensue	0.002267924228355852	0.002267924228355852	15.374439239501953	15.374439239501953
1232	gpt2	1233	617	7	ensure	sent_comp	unexpected	The authors say the farmers ensures	8.460842195745499e-07	8.460842195745499e-07	20.17269515991211	20.17269515991211
1233	gpt2	1234	617	7	ensure	sent_comp	expected	The authors say the farmers ensure	3.015796755789779e-05	3.015796755789779e-05	15.017101287841797	15.017101287841797
1234	gpt2	1235	618	7	entail	sent_comp	unexpected	The authors say the farmers entails	1.0629162972009001e-07	1.0629162972009001e-07	23.165468215942383	23.165468215942383
1235	gpt2	1236	618	7	entail	sent_comp	expected	The authors say the farmers entail	8.689681862961152e-07	8.689681862961152e-07	20.13419342041016	20.13419342041016
1236	gpt2	1237	619	7	enter	sent_comp	unexpected	The authors say the farmers enters	5.318911462381948e-07	5.318911462381948e-07	20.842365264892575	20.842365264892575
1237	gpt2	1238	619	7	enter	sent_comp	expected	The authors say the farmers enter	4.505573451751843e-05	4.505573451751843e-05	14.4379301071167	14.4379301071167
1238	gpt2	1239	620	7	entice	sent_comp	unexpected	The authors say the farmers entices	0.001414556570125547	0.001414556570125547	11.905590057373047	11.905590057373047
1239	gpt2	1240	620	7	entice	sent_comp	expected	The authors say the farmers entice	0.013660003362929248	0.013660003362929248	10.264259338378906	10.264259338378906
1240	gpt2	1241	621	7	entitle	sent_comp	unexpected	The authors say the farmers entitles	0.3178885367797806	0.3178885367797806	13.217265605926514	13.217265605926514
1241	gpt2	1242	621	7	entitle	sent_comp	expected	The authors say the farmers entitle	2.435751298435207e-07	2.435751298435207e-07	21.96912956237793	21.96912956237793
1242	gpt2	1243	622	7	entrench	sent_comp	unexpected	The authors say the farmers entrenches	2.2241837541514542e-05	2.2241837541514542e-05	15.462103366851807	15.462103366851807
1243	gpt2	1244	622	7	entrench	sent_comp	expected	The authors say the farmers entrench	0.003078677623307147	0.003078677623307147	11.34125018119812	11.34125018119812
1244	gpt2	1245	623	7	entrust	sent_comp	unexpected	The authors say the farmers entrusts	0.0339781907950964	0.0339781907950964	10.245585918426514	10.245585918426514
1245	gpt2	1246	623	7	entrust	sent_comp	expected	The authors say the farmers entrust	0.050853829762672796	0.050853829762672796	9.315592050552368	9.315592050552368
1246	gpt2	1247	624	7	envision	sent_comp	unexpected	The authors say the farmers envisions	0.24266279230380405	0.24266279230380405	9.875776290893555	9.875776290893555
1247	gpt2	1248	624	7	envision	sent_comp	expected	The authors say the farmers envision	1.8009517589234747e-05	1.8009517589234747e-05	15.76088047027588	15.76088047027588
1248	gpt2	1249	625	7	equal	sent_comp	unexpected	The authors say the farmers equals	1.0317239684809465e-07	1.0317239684809465e-07	23.208438873291016	23.208438873291016
1249	gpt2	1250	625	7	equal	sent_comp	expected	The authors say the farmers equal	7.665166208425944e-07	7.665166208425944e-07	20.3151798248291	20.3151798248291
1250	gpt2	1251	626	7	equate	sent_comp	unexpected	The authors say the farmers equates	0.004435036282814034	0.004435036282814034	12.91002082824707	12.91002082824707
1251	gpt2	1252	626	7	equate	sent_comp	expected	The authors say the farmers equate	2.585486754469457e-06	2.585486754469457e-06	18.561132431030277	18.561132431030277
1252	gpt2	1253	627	7	equip	sent_comp	unexpected	The authors say the farmers equips	0.0007185359814343339	0.0007185359814343339	14.223728656768799	14.223728656768799
1253	gpt2	1254	627	7	equip	sent_comp	expected	The authors say the farmers equip	8.87670069005253e-07	8.87670069005253e-07	20.10347366333008	20.10347366333008
1254	gpt2	1255	628	7	eradicate	sent_comp	unexpected	The authors say the farmers eradicates	0.0007634973152334984	0.0007634973152334984	13.820109844207765	13.820109844207765
1255	gpt2	1256	628	7	eradicate	sent_comp	expected	The authors say the farmers eradicate	4.631315562164673e-07	4.631315562164673e-07	21.04207420349121	21.04207420349121
1256	gpt2	1257	629	7	erase	sent_comp	unexpected	The authors say the farmers erases	9.841174323809396e-05	9.841174323809396e-05	14.247966766357422	14.247966766357422
1257	gpt2	1258	629	7	erase	sent_comp	expected	The authors say the farmers erase	1.117864826483128e-06	1.117864826483128e-06	19.77082252502441	19.77082252502441
1258	gpt2	1259	630	7	erect	sent_comp	unexpected	The authors say the farmers erects	0.0018002323108703361	0.0018002323108703361	12.7719407081604	12.7719407081604
1259	gpt2	1260	630	7	erect	sent_comp	expected	The authors say the farmers erect	5.686609256372321e-06	5.686609256372321e-06	17.423999786376953	17.423999786376953
1260	gpt2	1261	631	7	erode	sent_comp	unexpected	The authors say the farmers erodes	0.0005323638179106439	0.0005323638179106439	12.984942436218262	12.984942436218262
1261	gpt2	1262	631	7	erode	sent_comp	expected	The authors say the farmers erode	0.04296978747879619	0.04296978747879619	9.807798147201538	9.807798147201538
1262	gpt2	1263	632	7	erupt	sent_comp	unexpected	The authors say the farmers erupts	0.0041452461152146815	0.0041452461152146815	14.939090251922607	14.939090251922607
1263	gpt2	1264	632	7	erupt	sent_comp	expected	The authors say the farmers erupt	1.2223549106238354e-07	1.2223549106238354e-07	22.96383285522461	22.96383285522461
1264	gpt2	1265	633	7	escalate	sent_comp	unexpected	The authors say the farmers escalates	0.43157536298964816	0.43157536298964816	13.383034244179724	13.383034244179724
1265	gpt2	1266	633	7	escalate	sent_comp	expected	The authors say the farmers escalate	3.36988392746207e-07	3.36988392746207e-07	21.50079727172852	21.50079727172852
1266	gpt2	1267	634	7	escape	sent_comp	unexpected	The authors say the farmers escapes	1.9377175419776907e-07	1.9377175419776907e-07	22.29913902282715	22.29913902282715
1267	gpt2	1268	634	7	escape	sent_comp	expected	The authors say the farmers escape	2.121198122040369e-05	2.121198122040369e-05	15.524761199951172	15.524761199951172
1268	gpt2	1269	635	7	establish	sent_comp	unexpected	The authors say the farmers establishes	2.795203215555375e-07	2.795203215555375e-07	21.770544052124023	21.770544052124023
1269	gpt2	1270	635	7	establish	sent_comp	expected	The authors say the farmers establish	2.3866745323175564e-05	2.3866745323175564e-05	15.35463809967041	15.35463809967041
1270	gpt2	1271	636	7	estimate	sent_comp	unexpected	The authors say the farmers estimates	1.3981702068122104e-05	1.3981702068122104e-05	16.126100540161133	16.126100540161133
1271	gpt2	1272	636	7	estimate	sent_comp	expected	The authors say the farmers estimate	0.0002805301919579	0.0002805301919579	11.799556732177734	11.799556732177734
1272	gpt2	1273	637	7	evade	sent_comp	unexpected	The authors say the farmers evades	0.0003715847765306494	0.0003715847765306494	13.267343044281006	13.267343044281006
1273	gpt2	1274	637	7	evade	sent_comp	expected	The authors say the farmers evade	2.6193986286671134e-06	2.6193986286671134e-06	18.542333602905277	18.542333602905277
1274	gpt2	1275	638	7	evaluate	sent_comp	unexpected	The authors say the farmers evaluates	5.982423090244994e-08	5.982423090244994e-08	23.99469375610352	23.99469375610352
1275	gpt2	1276	638	7	evaluate	sent_comp	expected	The authors say the farmers evaluate	2.477973112036125e-06	2.477973112036125e-06	18.622407913208008	18.622407913208008
1276	gpt2	1277	639	7	evaporate	sent_comp	unexpected	The authors say the farmers evaporates	0.001123786425409887	0.001123786425409887	14.410031318664549	14.410031318664549
1277	gpt2	1278	639	7	evaporate	sent_comp	expected	The authors say the farmers evaporate	0.07370656750742909	0.07370656750742909	11.39205765724182	11.39205765724182
1278	gpt2	1279	640	7	even	sent_comp	unexpected	The authors say the farmers evens	0.00013270856379675756	0.00013270856379675756	13.865578174591064	13.865578174591064
1279	gpt2	1280	640	7	even	sent_comp	expected	The authors say the farmers even	0.000247265008511	0.000247265008511	11.981654167175291	11.981654167175291
1280	gpt2	1281	641	7	evolve	sent_comp	unexpected	The authors say the farmers evolves	1.0125441818331636e-08	1.0125441818331636e-08	26.55743980407715	26.55743980407715
1281	gpt2	1282	641	7	evolve	sent_comp	expected	The authors say the farmers evolve	2.124363390976214e-06	2.124363390976214e-06	18.84453773498535	18.84453773498535
1282	gpt2	1283	642	7	exacerbate	sent_comp	unexpected	The authors say the farmers exacerbates	0.05309559146002129	0.05309559146002129	11.838004231452942	11.838004231452942
1283	gpt2	1284	642	7	exacerbate	sent_comp	expected	The authors say the farmers exacerbate	2.886740503527108e-06	2.886740503527108e-06	18.40212631225586	18.40212631225586
1284	gpt2	1285	643	7	exaggerate	sent_comp	unexpected	The authors say the farmers exaggerates	0.0025760996395547183	0.0025760996395547183	11.6946439743042	11.6946439743042
1285	gpt2	1286	643	7	exaggerate	sent_comp	expected	The authors say the farmers exaggerate	0.4860010863521893	0.4860010863521893	7.912357419729233	7.912357419729233
1286	gpt2	1287	644	7	examine	sent_comp	unexpected	The authors say the farmers examines	2.919619532804063e-07	2.919619532804063e-07	21.70771598815918	21.70771598815918
1287	gpt2	1288	644	7	examine	sent_comp	expected	The authors say the farmers examine	5.851341938978294e-06	5.851341938978294e-06	17.382801055908203	17.382801055908203
1288	gpt2	1289	645	7	exceed	sent_comp	unexpected	The authors say the farmers exceeds	1.2073952859736892e-07	1.2073952859736892e-07	22.981597900390625	22.981597900390625
1289	gpt2	1290	645	7	exceed	sent_comp	expected	The authors say the farmers exceed	6.857947482785676e-06	6.857947482785676e-06	17.153791427612305	17.153791427612305
1290	gpt2	1291	646	7	except	sent_comp	unexpected	The authors say the farmers excepts	0.001700952641272124	0.001700952641272124	13.446696758270262	13.446696758270262
1291	gpt2	1292	646	7	except	sent_comp	expected	The authors say the farmers except	2.359722884648363e-06	2.359722884648363e-06	18.692951202392575	18.692951202392575
1292	gpt2	1293	647	7	exchange	sent_comp	unexpected	The authors say the farmers exchanges	2.104970917571336e-06	2.104970917571336e-06	18.85776901245117	18.85776901245117
1293	gpt2	1294	647	7	exchange	sent_comp	expected	The authors say the farmers exchange	3.520958125591278e-05	3.520958125591278e-05	14.793672561645508	14.793672561645508
1294	gpt2	1295	648	7	exclude	sent_comp	unexpected	The authors say the farmers excludes	2.553814226757823e-07	2.553814226757823e-07	21.900842666625977	21.900842666625977
1295	gpt2	1296	648	7	exclude	sent_comp	expected	The authors say the farmers exclude	3.57368935510749e-06	3.57368935510749e-06	18.09415435791016	18.09415435791016
1296	gpt2	1297	649	7	excorciate	sent_comp	unexpected	The authors say the farmers excorciates	0.008166519894331217	0.008166519894331217	12.445180296897888	12.445180296897888
1297	gpt2	1298	649	7	excorciate	sent_comp	expected	The authors say the farmers excorciate	0.18865951904288633	0.18865951904288633	10.645867519080637	10.645867519080637
1298	gpt2	1299	650	7	excuse	sent_comp	unexpected	The authors say the farmers excuses	4.4968953005763985e-08	4.4968953005763985e-08	24.406496047973636	24.406496047973636
1299	gpt2	1300	650	7	excuse	sent_comp	expected	The authors say the farmers excuse	2.0185473204037407e-06	2.0185473204037407e-06	18.918251037597656	18.918251037597656
1300	gpt2	1301	651	7	execute	sent_comp	unexpected	The authors say the farmers executes	4.407764464531284e-08	4.407764464531284e-08	24.43537712097168	24.43537712097168
1301	gpt2	1302	651	7	execute	sent_comp	expected	The authors say the farmers execute	2.0582654087775154e-06	2.0582654087775154e-06	18.890138626098636	18.890138626098636
1302	gpt2	1303	652	7	exempt	sent_comp	unexpected	The authors say the farmers exempts	0.0021940703924201426	0.0021940703924201426	13.103650569915771	13.103650569915771
1303	gpt2	1304	652	7	exempt	sent_comp	expected	The authors say the farmers exempt	2.943249683085014e-06	2.943249683085014e-06	18.37415885925293	18.37415885925293
1304	gpt2	1305	653	7	exercise	sent_comp	unexpected	The authors say the farmers exercises	5.809636149933795e-07	5.809636149933795e-07	20.715049743652344	20.715049743652344
1305	gpt2	1306	653	7	exercise	sent_comp	expected	The authors say the farmers exercise	1.934853571583517e-05	1.934853571583517e-05	15.657416343688965	15.657416343688965
1306	gpt2	1307	654	7	exhaust	sent_comp	unexpected	The authors say the farmers exhausts	0.002359033045337334	0.002359033045337334	14.16410231590271	14.16410231590271
1307	gpt2	1308	654	7	exhaust	sent_comp	expected	The authors say the farmers exhaust	6.290059104685497e-07	6.290059104685497e-07	20.60042381286621	20.60042381286621
1308	gpt2	1309	655	7	exhibit	sent_comp	unexpected	The authors say the farmers exhibits	2.2278162248312586e-07	2.2278162248312586e-07	22.09786605834961	22.09786605834961
1309	gpt2	1310	655	7	exhibit	sent_comp	expected	The authors say the farmers exhibit	2.06363602046622e-05	2.06363602046622e-05	15.564452171325684	15.564452171325684
1310	gpt2	1311	656	7	exist	sent_comp	unexpected	The authors say the farmers exists	1.1282359224651373e-07	1.1282359224651373e-07	23.07942771911621	23.07942771911621
1311	gpt2	1312	656	7	exist	sent_comp	expected	The authors say the farmers exist	1.916313522087876e-05	1.916313522087876e-05	15.671306610107422	15.671306610107422
1312	gpt2	1313	657	7	exit	sent_comp	unexpected	The authors say the farmers exits	3.659717506820925e-08	3.659717506820925e-08	24.703693389892575	24.703693389892575
1313	gpt2	1314	657	7	exit	sent_comp	expected	The authors say the farmers exit	1.8703866544456105e-06	1.8703866544456105e-06	19.02823257446289	19.02823257446289
1314	gpt2	1315	658	7	exorcise	sent_comp	unexpected	The authors say the farmers exorcises	0.0038400580308248725	0.0038400580308248725	15.439204692840576	15.439204692840576
1315	gpt2	1316	658	7	exorcise	sent_comp	expected	The authors say the farmers exorcise	0.24144140203882358	0.24144140203882358	12.451997935771942	12.451997935771942
1316	gpt2	1317	659	7	expand	sent_comp	unexpected	The authors say the farmers expands	1.887192269123261e-07	1.887192269123261e-07	22.337255477905277	22.337255477905277
1317	gpt2	1318	659	7	expand	sent_comp	expected	The authors say the farmers expand	1.279699517908739e-05	1.279699517908739e-05	16.253835678100586	16.253835678100586
1318	gpt2	1319	660	7	expect	sent_comp	unexpected	The authors say the farmers expects	5.269415396469412e-06	5.269415396469412e-06	17.533926010131836	17.533926010131836
1319	gpt2	1320	660	7	expect	sent_comp	expected	The authors say the farmers expect	0.0005326249520294	0.0005326249520294	10.874592781066896	10.874592781066896
1320	gpt2	1321	661	7	expedite	sent_comp	unexpected	The authors say the farmers expedites	0.0003166045761986228	0.0003166045761986228	15.224786281585693	15.224786281585693
1321	gpt2	1322	661	7	expedite	sent_comp	expected	The authors say the farmers expedite	0.028060778230553723	0.028060778230553723	11.9887056350708	11.9887056350708
1322	gpt2	1323	662	7	expel	sent_comp	unexpected	The authors say the farmers expels	8.608605230618273e-05	8.608605230618273e-05	14.711055755615234	14.711055755615234
1323	gpt2	1324	662	7	expel	sent_comp	expected	The authors say the farmers expel	1.930649062842349e-07	1.930649062842349e-07	22.30441093444824	22.30441093444824
1324	gpt2	1325	663	7	experience	sent_comp	unexpected	The authors say the farmers experiences	5.07369804836344e-06	5.07369804836344e-06	17.588531494140625	17.588531494140625
1325	gpt2	1326	663	7	experience	sent_comp	expected	The authors say the farmers experience	0.0002999151474796	0.0002999151474796	11.703158378601074	11.703158378601074
1326	gpt2	1327	664	7	expire	sent_comp	unexpected	The authors say the farmers expires	1.7952354269823445e-08	1.7952354269823445e-08	25.731250762939453	25.731250762939453
1327	gpt2	1328	664	7	expire	sent_comp	expected	The authors say the farmers expire	1.7092153257181053e-06	1.7092153257181053e-06	19.158233642578125	19.158233642578125
1328	gpt2	1329	665	7	explain	sent_comp	unexpected	The authors say the farmers explains	1.7749313201420591e-06	1.7749313201420591e-06	19.103805541992188	19.103805541992188
1329	gpt2	1330	665	7	explain	sent_comp	expected	The authors say the farmers explain	4.5029271859675646e-05	4.5029271859675646e-05	14.438776969909668	14.438776969909668
1330	gpt2	1331	666	7	explode	sent_comp	unexpected	The authors say the farmers explodes	8.595252509735474e-09	8.595252509735474e-09	26.793813705444336	26.793813705444336
1331	gpt2	1332	666	7	explode	sent_comp	expected	The authors say the farmers explode	1.5863527380588496e-07	1.5863527380588496e-07	22.58778381347656	22.58778381347656
1332	gpt2	1333	667	7	exploit	sent_comp	unexpected	The authors say the farmers exploits	4.64823614265697e-07	4.64823614265697e-07	21.036813735961918	21.036813735961918
1333	gpt2	1334	667	7	exploit	sent_comp	expected	The authors say the farmers exploit	7.520816870965064e-05	7.520816870965064e-05	13.69875144958496	13.69875144958496
1334	gpt2	1335	668	7	explore	sent_comp	unexpected	The authors say the farmers explores	2.4879454940673895e-07	2.4879454940673895e-07	21.93854141235352	21.93854141235352
1335	gpt2	1336	668	7	explore	sent_comp	expected	The authors say the farmers explore	4.967409040546045e-06	4.967409040546045e-06	17.619075775146484	17.619075775146484
1336	gpt2	1337	669	7	export	sent_comp	unexpected	The authors say the farmers exports	1.1148072189826053e-06	1.1148072189826053e-06	19.7747745513916	19.7747745513916
1337	gpt2	1338	669	7	export	sent_comp	expected	The authors say the farmers export	5.940812116023153e-06	5.940812116023153e-06	17.36090850830078	17.36090850830078
1338	gpt2	1339	670	7	expose	sent_comp	unexpected	The authors say the farmers exposes	1.9646164162168134e-07	1.9646164162168134e-07	22.27924919128418	22.27924919128418
1339	gpt2	1340	670	7	expose	sent_comp	expected	The authors say the farmers expose	7.432483926095301e-06	7.432483926095301e-06	17.037723541259766	17.037723541259766
1340	gpt2	1341	671	7	express	sent_comp	unexpected	The authors say the farmers expresses	3.79207250489344e-07	3.79207250489344e-07	21.330509185791016	21.330509185791016
1341	gpt2	1342	671	7	express	sent_comp	expected	The authors say the farmers express	1.976857311092317e-05	1.976857311092317e-05	15.626431465148926	15.626431465148926
1342	gpt2	1343	672	7	expunge	sent_comp	unexpected	The authors say the farmers expunges	0.005897828518148622	0.005897828518148622	10.988442103068033	10.988442103068033
1343	gpt2	1344	672	7	expunge	sent_comp	expected	The authors say the farmers expunge	0.015623562721581623	0.015623562721581623	10.096904754638672	10.096904754638672
1344	gpt2	1345	673	7	extend	sent_comp	unexpected	The authors say the farmers extends	3.2538918048885535e-07	3.2538918048885535e-07	21.55133056640625	21.55133056640625
1345	gpt2	1346	673	7	extend	sent_comp	expected	The authors say the farmers extend	1.479931415815372e-05	1.479931415815372e-05	16.044109344482422	16.044109344482422
1346	gpt2	1347	674	7	extinguish	sent_comp	unexpected	The authors say the farmers extinguishes	0.001663050225531024	0.001663050225531024	14.963772773742676	14.963772773742676
1347	gpt2	1348	674	7	extinguish	sent_comp	expected	The authors say the farmers extinguish	0.4600123149180461	0.4600123149180461	10.907860580831766	10.907860580831766
1348	gpt2	1349	675	7	extort	sent_comp	unexpected	The authors say the farmers extorts	0.0010378611918895112	0.0010378611918895112	13.481100559234617	13.481100559234617
1349	gpt2	1350	675	7	extort	sent_comp	expected	The authors say the farmers extort	0.0706046425916611	0.0706046425916611	10.435796618461607	10.435796618461607
1350	gpt2	1351	676	7	extract	sent_comp	unexpected	The authors say the farmers extracts	1.0087901500810403e-06	1.0087901500810403e-06	19.918943405151367	19.918943405151367
1351	gpt2	1352	676	7	extract	sent_comp	expected	The authors say the farmers extract	1.7995784219237976e-05	1.7995784219237976e-05	15.761981964111328	15.761981964111328
1352	gpt2	1353	677	7	extricate	sent_comp	unexpected	The authors say the farmers extricates	0.0723160273825366	0.0723160273825366	8.629117647806803	8.629117647806803
1353	gpt2	1354	677	7	extricate	sent_comp	expected	The authors say the farmers extricate	0.16610768792482603	0.16610768792482603	7.376107931137084	7.376107931137084
1354	gpt2	1355	678	7	fabricate	sent_comp	unexpected	The authors say the farmers fabricates	0.02308818888786844	0.02308818888786844	10.41694450378418	10.41694450378418
1355	gpt2	1356	678	7	fabricate	sent_comp	expected	The authors say the farmers fabricate	0.36466444847110324	0.36466444847110324	8.426103606820107	8.426103606820107
1356	gpt2	1357	679	7	face	sent_comp	unexpected	The authors say the farmers faces	3.13562122755684e-05	3.13562122755684e-05	14.960888862609863	14.960888862609863
1357	gpt2	1358	679	7	face	sent_comp	expected	The authors say the farmers face	0.0014652936952188	0.0014652936952188	9.414594650268556	9.414594650268556
1358	gpt2	1359	680	7	facilitate	sent_comp	unexpected	The authors say the farmers facilitates	5.2973035735703895e-08	5.2973035735703895e-08	24.170166015625	24.170166015625
1359	gpt2	1360	680	7	facilitate	sent_comp	expected	The authors say the farmers facilitate	3.898161139659351e-06	3.898161139659351e-06	17.968774795532227	17.968774795532227
1360	gpt2	1361	681	7	factor	sent_comp	unexpected	The authors say the farmers factors	7.820285077286826e-07	7.820285077286826e-07	20.28627586364746	20.28627586364746
1361	gpt2	1362	681	7	factor	sent_comp	expected	The authors say the farmers factor	3.3554804304003483e-06	3.3554804304003483e-06	18.18504905700684	18.18504905700684
1362	gpt2	1363	682	7	fade	sent_comp	unexpected	The authors say the farmers fades	9.27639920433876e-09	9.27639920433876e-09	26.683788299560547	26.683788299560547
1363	gpt2	1364	682	7	fade	sent_comp	expected	The authors say the farmers fade	4.834101332562568e-07	4.834101332562568e-07	20.980249404907227	20.980249404907227
1364	gpt2	1365	683	7	fail	sent_comp	unexpected	The authors say the farmers fails	3.0229248295654543e-06	3.0229248295654543e-06	18.335622787475582	18.335622787475582
1365	gpt2	1366	683	7	fail	sent_comp	expected	The authors say the farmers fail	0.0004010568663943	0.0004010568663943	11.283905982971191	11.283905982971191
1366	gpt2	1367	684	7	fall	sent_comp	unexpected	The authors say the farmers falls	7.391284952973365e-07	7.391284952973365e-07	20.36767196655273	20.36767196655273
1367	gpt2	1368	684	7	fall	sent_comp	expected	The authors say the farmers fall	0.0001381686743116	0.0001381686743116	12.821281433105469	12.821281433105469
1368	gpt2	1369	685	7	falsify	sent_comp	unexpected	The authors say the farmers falsifies	0.00017454023532077913	0.00017454023532077913	14.548741340637207	14.548741340637207
1369	gpt2	1370	685	7	falsify	sent_comp	expected	The authors say the farmers falsify	0.00902949076612458	0.00902949076612458	11.691903114318848	11.691903114318848
1370	gpt2	1371	686	7	familiarize	sent_comp	unexpected	The authors say the farmers familiarizes	0.0002604682194942003	0.0002604682194942003	13.32121181488037	13.32121181488037
1371	gpt2	1372	686	7	familiarize	sent_comp	expected	The authors say the farmers familiarize	0.012860178972914551	0.012860178972914551	10.482085943222046	10.482085943222046
1372	gpt2	1373	687	8	fantasize	sent_comp	unexpected	The consultants know the customers fantasizes	0.003335490187311044	0.003335490187311044	13.631414651870728	13.631414651870728
1373	gpt2	1374	687	8	fantasize	sent_comp	expected	The consultants know the customers fantasize	0.4426059013397037	0.4426059013397037	10.105324633419514	10.105324633419514
1374	gpt2	1375	688	8	fare	sent_comp	unexpected	The consultants know the customers fares	7.381050295407476e-07	7.381050295407476e-07	20.36967086791992	20.36967086791992
1375	gpt2	1376	688	8	fare	sent_comp	expected	The consultants know the customers fare	6.003341695759445e-06	6.003341695759445e-06	17.345802307128906	17.345802307128906
1376	gpt2	1377	689	8	farm	sent_comp	unexpected	The consultants know the customers farms	3.2055811516329413e-07	3.2055811516329413e-07	21.57291030883789	21.57291030883789
1377	gpt2	1378	689	8	farm	sent_comp	expected	The consultants know the customers farm	1.763221007422544e-06	1.763221007422544e-06	19.11335563659668	19.11335563659668
1378	gpt2	1379	690	8	fashion	sent_comp	unexpected	The consultants know the customers fashions	0.3301416845670246	0.3301416845670246	8.082864355295897	8.082864355295897
1379	gpt2	1380	690	8	fashion	sent_comp	expected	The consultants know the customers fashion	5.452960181173694e-07	5.452960181173694e-07	20.80645751953125	20.80645751953125
1380	gpt2	1381	691	8	favor	sent_comp	unexpected	The consultants know the customers favors	8.297028557535668e-07	8.297028557535668e-07	20.20090103149414	20.20090103149414
1381	gpt2	1382	691	8	favor	sent_comp	expected	The consultants know the customers favor	0.0001224138104589	0.0001224138104589	12.995945930480955	12.995945930480955
1382	gpt2	1383	692	8	fear	sent_comp	unexpected	The consultants know the customers fears	1.2848923915953492e-06	1.2848923915953492e-06	19.569921493530277	19.569921493530277
1383	gpt2	1384	692	8	fear	sent_comp	expected	The consultants know the customers fear	0.0001126052375184	0.0001126052375184	13.11643886566162	13.11643886566162
1384	gpt2	1385	693	8	feature	sent_comp	unexpected	The consultants know the customers features	1.559900169922912e-06	1.559900169922912e-06	19.290115356445312	19.290115356445312
1385	gpt2	1386	693	8	feature	sent_comp	expected	The consultants know the customers feature	2.0629808204830624e-05	2.0629808204830624e-05	15.56490993499756	15.56490993499756
1386	gpt2	1387	694	8	feed	sent_comp	unexpected	The consultants know the customers feeds	5.908439675295085e-07	5.908439675295085e-07	20.690719604492188	20.690719604492188
1387	gpt2	1388	694	8	feed	sent_comp	expected	The consultants know the customers feed	2.206999488407746e-05	2.206999488407746e-05	15.467554092407228	15.467554092407228
1388	gpt2	1389	695	8	feel	sent_comp	unexpected	The consultants know the customers feels	3.832733000308508e-06	3.832733000308508e-06	17.993194580078125	17.993194580078125
1389	gpt2	1390	695	8	feel	sent_comp	expected	The consultants know the customers feel	0.0009786266600713	0.0009786266600713	9.996953964233398	9.996953964233398
1390	gpt2	1391	696	8	fend	sent_comp	unexpected	The consultants know the customers fends	0.0001280842011510588	0.0001280842011510588	14.317761898040771	14.317761898040771
1391	gpt2	1392	696	8	fend	sent_comp	expected	The consultants know the customers fend	9.91922988191618e-08	9.91922988191618e-08	23.265195846557617	23.265195846557617
1392	gpt2	1393	697	8	ferret	sent_comp	unexpected	The consultants know the customers ferrets	0.008615670808012506	0.008615670808012506	13.319635391235352	13.319635391235352
1393	gpt2	1394	697	8	ferret	sent_comp	expected	The consultants know the customers ferret	0.0979878027815175	0.0979878027815175	11.56583058834076	11.56583058834076
1394	gpt2	1395	698	8	ferry	sent_comp	unexpected	The consultants know the customers ferries	0.0057307910997224055	0.0057307910997224055	13.61376142501831	13.61376142501831
1395	gpt2	1396	698	8	ferry	sent_comp	expected	The consultants know the customers ferry	3.1864644256529573e-07	3.1864644256529573e-07	21.58153915405273	21.58153915405273
1396	gpt2	1397	699	8	fester	sent_comp	unexpected	The consultants know the customers festers	0.0003247757017561088	0.0003247757017561088	13.629539489746094	13.629539489746094
1397	gpt2	1398	699	8	fester	sent_comp	expected	The consultants know the customers fester	0.0014154287969176589	0.0014154287969176589	12.559273719787598	12.559273719787598
1398	gpt2	1399	700	8	fetch	sent_comp	unexpected	The consultants know the customers fetches	0.025320987599378907	0.025320987599378907	13.251894235610964	13.251894235610964
1399	gpt2	1400	700	8	fetch	sent_comp	expected	The consultants know the customers fetch	1.6777858036221005e-06	1.6777858036221005e-06	19.18501091003418	19.18501091003418
1400	gpt2	1401	701	8	field	sent_comp	unexpected	The consultants know the customers fields	1.2481039846079514e-07	1.2481039846079514e-07	22.933757781982425	22.933757781982425
1401	gpt2	1402	701	8	field	sent_comp	expected	The consultants know the customers field	1.4337620086735114e-06	1.4337620086735114e-06	19.411762237548828	19.411762237548828
1402	gpt2	1403	702	8	fight	sent_comp	unexpected	The consultants know the customers fights	3.2318322951141454e-07	3.2318322951141454e-07	21.56114387512207	21.56114387512207
1403	gpt2	1404	702	8	fight	sent_comp	expected	The consultants know the customers fight	1.644362782826647e-05	1.644362782826647e-05	15.892111778259276	15.892111778259276
1404	gpt2	1405	703	8	figure	sent_comp	unexpected	The consultants know the customers figures	1.1126267054351049e-06	1.1126267054351049e-06	19.7775993347168	19.7775993347168
1405	gpt2	1406	703	8	figure	sent_comp	expected	The consultants know the customers figure	1.1989548511337487e-05	1.1989548511337487e-05	16.347862243652344	16.347862243652344
1406	gpt2	1407	704	8	file	sent_comp	unexpected	The consultants know the customers files	2.3741038148727966e-06	2.3741038148727966e-06	18.68418502807617	18.68418502807617
1407	gpt2	1408	704	8	file	sent_comp	expected	The consultants know the customers file	1.6196352589759044e-05	1.6196352589759044e-05	15.91397190093994	15.91397190093994
1408	gpt2	1409	705	8	fill	sent_comp	unexpected	The consultants know the customers fills	1.0494074587086288e-07	1.0494074587086288e-07	23.183921813964844	23.183921813964844
1409	gpt2	1410	705	8	fill	sent_comp	expected	The consultants know the customers fill	9.031699846673291e-06	9.031699846673291e-06	16.75657081604004	16.75657081604004
1410	gpt2	1411	706	8	finance	sent_comp	unexpected	The consultants know the customers finances	1.311564801653731e-06	1.311564801653731e-06	19.54027938842773	19.54027938842773
1411	gpt2	1412	706	8	finance	sent_comp	expected	The consultants know the customers finance	7.283689228643197e-06	7.283689228643197e-06	17.066898345947266	17.066898345947266
1412	gpt2	1413	707	8	find	sent_comp	unexpected	The consultants know the customers finds	5.461204182211077e-07	5.461204182211077e-07	20.804277420043945	20.804277420043945
1413	gpt2	1414	707	8	find	sent_comp	expected	The consultants know the customers find	0.0001692921505309	0.0001692921505309	12.528197288513184	12.528197288513184
1414	gpt2	1415	708	8	fine-tune	sent_comp	unexpected	The consultants know the customers fine-tunines	0.0629288724812795	0.0629288724812795	7.563462257385254	7.563462257385254
1415	gpt2	1416	708	8	fine-tune	sent_comp	expected	The consultants know the customers fine-tune	0.0629288724812795	0.0629288724812795	7.563462257385254	7.563462257385254
1416	gpt2	1417	709	8	fine	sent_comp	unexpected	The consultants know the customers fines	4.613836210864975e-07	4.613836210864975e-07	21.04752922058105	21.04752922058105
1417	gpt2	1418	709	8	fine	sent_comp	expected	The consultants know the customers fine	0.0002224488562205	0.0002224488562205	12.134238243103027	12.134238243103027
1418	gpt2	1419	710	8	finger	sent_comp	unexpected	The consultants know the customers fingers	2.88625187749858e-07	2.88625187749858e-07	21.72429847717285	21.72429847717285
1419	gpt2	1420	710	8	finger	sent_comp	expected	The consultants know the customers finger	8.357928749092025e-08	8.357928749092025e-08	23.512279510498047	23.512279510498047
1420	gpt2	1421	711	8	finish	sent_comp	unexpected	The consultants know the customers finishes	5.230115895926701e-09	5.230115895926701e-09	27.5105094909668	27.5105094909668
1421	gpt2	1422	711	8	finish	sent_comp	expected	The consultants know the customers finish	4.123654093746154e-07	4.123654093746154e-07	21.20957374572754	21.20957374572754
1422	gpt2	1423	712	8	fire	sent_comp	unexpected	The consultants know the customers fires	5.725850371618436e-08	5.725850371618436e-08	24.05793571472168	24.05793571472168
1423	gpt2	1424	712	8	fire	sent_comp	expected	The consultants know the customers fire	4.383467967272736e-06	4.383467967272736e-06	17.799495697021484	17.799495697021484
1424	gpt2	1425	713	8	firm	sent_comp	unexpected	The consultants know the customers firms	2.3843051621952327e-06	2.3843051621952327e-06	18.67799949645996	18.67799949645996
1425	gpt2	1426	713	8	firm	sent_comp	expected	The consultants know the customers firm	3.643433728939272e-06	3.643433728939272e-06	18.06626892089844	18.06626892089844
1426	gpt2	1427	714	8	fit	sent_comp	unexpected	The consultants know the customers fits	6.922965667399694e-07	6.922965667399694e-07	20.462106704711918	20.462106704711918
1427	gpt2	1428	714	8	fit	sent_comp	expected	The consultants know the customers fit	5.7812278100755066e-05	5.7812278100755066e-05	14.078264236450195	14.078264236450195
1428	gpt2	1429	715	8	fix	sent_comp	unexpected	The consultants know the customers fixes	4.8565009791445846e-08	4.8565009791445846e-08	24.295507431030277	24.295507431030277
1429	gpt2	1430	715	8	fix	sent_comp	expected	The consultants know the customers fix	3.0295598207885632e-06	3.0295598207885632e-06	18.332460403442383	18.332460403442383
1430	gpt2	1431	716	8	flash	sent_comp	unexpected	The consultants know the customers flashes	1.1653556342139382e-08	1.1653556342139382e-08	26.35465431213379	26.35465431213379
1431	gpt2	1432	716	8	flash	sent_comp	expected	The consultants know the customers flash	1.1556518302313634e-06	1.1556518302313634e-06	19.722862243652344	19.722862243652344
1432	gpt2	1433	717	8	flatten	sent_comp	unexpected	The consultants know the customers flattens	0.0029502725563368185	0.0029502725563368185	15.285581350326538	15.285581350326538
1433	gpt2	1434	717	8	flatten	sent_comp	expected	The consultants know the customers flatten	0.48905529923358765	0.48905529923358765	11.599065653979778	11.599065653979778
1434	gpt2	1435	718	8	flaunt	sent_comp	unexpected	The consultants know the customers flaunts	0.00019965424962715554	0.00019965424962715554	13.503747940063477	13.503747940063477
1435	gpt2	1436	718	8	flaunt	sent_comp	expected	The consultants know the customers flaunt	0.0023514032154707556	0.0023514032154707556	11.691628694534302	11.691628694534302
1436	gpt2	1437	719	8	flay	sent_comp	unexpected	The consultants know the customers flays	1.438943490938982e-05	1.438943490938982e-05	16.182538509368896	16.182538509368896
1437	gpt2	1438	719	8	flay	sent_comp	expected	The consultants know the customers flay	0.00041950355171135553	0.00041950355171135553	12.948989868164062	12.948989868164062
1438	gpt2	1439	720	8	flee	sent_comp	unexpected	The consultants know the customers flees	0.12990085530377016	0.12990085530377016	13.035523593425753	13.035523593425753
1439	gpt2	1440	720	8	flee	sent_comp	expected	The consultants know the customers flee	4.860393346461933e-06	4.860393346461933e-06	17.650495529174805	17.650495529174805
1440	gpt2	1441	721	8	flinch	sent_comp	unexpected	The consultants know the customers flinches	2.9783989702991676e-05	2.9783989702991676e-05	15.126378059387207	15.126378059387207
1441	gpt2	1442	721	8	flinch	sent_comp	expected	The consultants know the customers flinch	0.0028517006221591055	0.0028517006221591055	11.551951169967651	11.551951169967651
1442	gpt2	1443	722	8	flip	sent_comp	unexpected	The consultants know the customers flips	2.4625071759487586e-08	2.4625071759487586e-08	25.275297164916992	25.275297164916992
1443	gpt2	1444	722	8	flip	sent_comp	expected	The consultants know the customers flip	1.5662683381378883e-06	1.5662683381378883e-06	19.284236907958984	19.284236907958984
1444	gpt2	1445	723	8	float	sent_comp	unexpected	The consultants know the customers floats	8.640916426827516e-09	8.640916426827516e-09	26.786169052124023	26.786169052124023
1445	gpt2	1446	723	8	float	sent_comp	expected	The consultants know the customers float	5.921345973547432e-07	5.921345973547432e-07	20.68757057189941	20.68757057189941
1446	gpt2	1447	724	8	flood	sent_comp	unexpected	The consultants know the customers floods	1.1574469027664237e-07	1.1574469027664237e-07	23.04255104064941	23.04255104064941
1447	gpt2	1448	724	8	flood	sent_comp	expected	The consultants know the customers flood	1.5877928944973974e-06	1.5877928944973974e-06	19.264545440673828	19.264545440673828
1448	gpt2	1449	725	8	flounder	sent_comp	unexpected	The consultants know the customers flounders	0.021748197251023737	0.021748197251023737	8.511959711710611	8.511959711710611
1449	gpt2	1450	725	8	flounder	sent_comp	expected	The consultants know the customers flounder	0.22890362607783268	0.22890362607783268	7.11273459593455	7.11273459593455
1450	gpt2	1451	726	8	flourish	sent_comp	unexpected	The consultants know the customers flourishes	0.4961015530828483	0.4961015530828483	11.570508643053474	11.570508643053474
1451	gpt2	1452	726	8	flourish	sent_comp	expected	The consultants know the customers flourish	3.686056118112902e-07	3.686056118112902e-07	21.371417999267575	21.371417999267575
1452	gpt2	1453	727	8	flow	sent_comp	unexpected	The consultants know the customers flows	1.1011250080628088e-06	1.1011250080628088e-06	19.792591094970703	19.792591094970703
1453	gpt2	1454	727	8	flow	sent_comp	expected	The consultants know the customers flow	3.98831871279981e-05	3.98831871279981e-05	14.61386013031006	14.61386013031006
1454	gpt2	1455	728	8	fluctuate	sent_comp	unexpected	The consultants know the customers fluctuates	0.030631978454834966	0.030631978454834966	11.921465158462524	11.921465158462524
1455	gpt2	1456	728	8	fluctuate	sent_comp	expected	The consultants know the customers fluctuate	0.44638822080457885	0.44638822080457885	9.988858930766582	9.988858930766582
1456	gpt2	1457	729	8	flush	sent_comp	unexpected	The consultants know the customers flushes	8.152057944240553e-05	8.152057944240553e-05	14.205701351165771	14.205701351165771
1457	gpt2	1458	729	8	flush	sent_comp	expected	The consultants know the customers flush	2.1897483293287223e-06	2.1897483293287223e-06	18.800804138183597	18.800804138183597
1458	gpt2	1459	730	8	fly	sent_comp	unexpected	The consultants know the customers flies	1.3280120469971737e-07	1.3280120469971737e-07	22.84422874450684	22.84422874450684
1459	gpt2	1460	730	8	fly	sent_comp	expected	The consultants know the customers fly	5.0131866373703815e-06	5.0131866373703815e-06	17.6058406829834	17.6058406829834
1460	gpt2	1461	731	8	focus	sent_comp	unexpected	The consultants know the customers focuses	1.941185416853841e-07	1.941185416853841e-07	22.296558380126957	22.296558380126957
1461	gpt2	1462	731	8	focus	sent_comp	expected	The consultants know the customers focus	6.149626278784126e-05	6.149626278784126e-05	13.989141464233398	13.989141464233398
1462	gpt2	1463	732	8	fog	sent_comp	unexpected	The consultants know the customers fogs	4.777213371198741e-05	4.777213371198741e-05	15.078733921051025	15.078733921051025
1463	gpt2	1464	732	8	fog	sent_comp	expected	The consultants know the customers fog	5.166344685392232e-09	5.166344685392232e-09	27.528209686279297	27.528209686279297
1464	gpt2	1465	733	8	foil	sent_comp	unexpected	The consultants know the customers foils	0.00664393936571624	0.00664393936571624	13.422740459442139	13.422740459442139
1465	gpt2	1466	733	8	foil	sent_comp	expected	The consultants know the customers foil	3.1934384026044433e-08	3.1934384026044433e-08	24.900314331054688	24.900314331054688
1466	gpt2	1467	734	8	fold	sent_comp	unexpected	The consultants know the customers folds	1.74887215820263e-08	1.74887215820263e-08	25.768999099731445	25.768999099731445
1467	gpt2	1468	734	8	fold	sent_comp	expected	The consultants know the customers fold	3.279621978435898e-07	3.279621978435898e-07	21.539966583251957	21.539966583251957
1468	gpt2	1469	735	8	follow	sent_comp	unexpected	The consultants know the customers follows	6.225196216291806e-07	6.225196216291806e-07	20.61537742614746	20.61537742614746
1469	gpt2	1470	735	8	follow	sent_comp	expected	The consultants know the customers follow	8.654252451378852e-05	8.654252451378852e-05	13.496231079101562	13.496231079101562
1470	gpt2	1471	736	8	fool	sent_comp	unexpected	The consultants know the customers fools	3.507103656374966e-07	3.507103656374966e-07	21.44321632385254	21.44321632385254
1471	gpt2	1472	736	8	fool	sent_comp	expected	The consultants know the customers fool	4.4056446313334163e-07	4.4056446313334163e-07	21.11414337158203	21.11414337158203
1472	gpt2	1473	737	8	foot	sent_comp	unexpected	The consultants know the customers foots	0.005537698218745378	0.005537698218745378	12.334326982498169	12.334326982498169
1473	gpt2	1474	737	8	foot	sent_comp	expected	The consultants know the customers foot	3.386635626156931e-06	3.386635626156931e-06	18.171714782714844	18.171714782714844
1474	gpt2	1475	738	8	force	sent_comp	unexpected	The consultants know the customers forces	1.5682771845604293e-06	1.5682771845604293e-06	19.28238868713379	19.28238868713379
1475	gpt2	1476	738	8	force	sent_comp	expected	The consultants know the customers force	1.9064756997977383e-05	1.9064756997977383e-05	15.67873191833496	15.67873191833496
1476	gpt2	1477	739	8	forecast	sent_comp	unexpected	The consultants know the customers forecasts	2.1413320894225762e-07	2.1413320894225762e-07	22.15498733520508	22.15498733520508
1477	gpt2	1478	739	8	forecast	sent_comp	expected	The consultants know the customers forecast	3.0218495794542832e-06	3.0218495794542832e-06	18.33613586425781	18.33613586425781
1478	gpt2	1479	740	8	foresee	sent_comp	unexpected	The consultants know the customers foresees	0.3362478177070139	0.3362478177070139	7.519677984217803	7.519677984217803
1479	gpt2	1480	740	8	foresee	sent_comp	expected	The consultants know the customers foresee	2.5465362796239788e-06	2.5465362796239788e-06	18.583032608032227	18.583032608032227
1480	gpt2	1481	741	8	forfeit	sent_comp	unexpected	The consultants know the customers forfeits	0.005700717652352651	0.005700717652352651	14.236008882522583	14.236008882522583
1481	gpt2	1482	741	8	forfeit	sent_comp	expected	The consultants know the customers forfeit	5.521954449250188e-07	5.521954449250188e-07	20.78831672668457	20.78831672668457
1482	gpt2	1483	742	8	forget	sent_comp	unexpected	The consultants know the customers forgets	0.29329606108126427	0.29329606108126427	10.233355551958084	10.233355551958084
1483	gpt2	1484	742	8	forget	sent_comp	expected	The consultants know the customers forget	8.57305531098973e-06	8.57305531098973e-06	16.831758499145508	16.831758499145508
1484	gpt2	1485	743	8	forge	sent_comp	unexpected	The consultants know the customers forges	0.005874714971923799	0.005874714971923799	11.222380876541138	11.222380876541138
1485	gpt2	1486	743	8	forge	sent_comp	expected	The consultants know the customers forge	1.6525358148555824e-07	1.6525358148555824e-07	22.5288143157959	22.5288143157959
1486	gpt2	1487	744	8	forgive	sent_comp	unexpected	The consultants know the customers forgives	0.002352431041572316	0.002352431041572316	13.71456527709961	13.71456527709961
1487	gpt2	1488	744	8	forgive	sent_comp	expected	The consultants know the customers forgive	2.021203727053944e-06	2.021203727053944e-06	18.916353225708008	18.916353225708008
1488	gpt2	1489	745	8	forgo	sent_comp	unexpected	The consultants know the customers forgoes	0.004471059603626266	0.004471059603626266	10.780600388844809	10.780600388844809
1489	gpt2	1490	745	8	forgo	sent_comp	expected	The consultants know the customers forgo	0.005871940616998449	0.005871940616998449	11.557628870010376	11.557628870010376
1490	gpt2	1491	746	8	formulate	sent_comp	unexpected	The consultants know the customers formulates	0.00015636402531524915	0.00015636402531524915	13.587925910949707	13.587925910949707
1491	gpt2	1492	746	8	formulate	sent_comp	expected	The consultants know the customers formulate	2.5565506689417816e-07	2.5565506689417816e-07	21.8992977142334	21.8992977142334
1492	gpt2	1493	747	8	form	sent_comp	unexpected	The consultants know the customers forms	2.4831928158164374e-07	2.4831928158164374e-07	21.94129943847656	21.94129943847656
1493	gpt2	1494	747	8	form	sent_comp	expected	The consultants know the customers form	2.2744701709598303e-05	2.2744701709598303e-05	15.42410945892334	15.42410945892334
1494	gpt2	1495	748	8	foster	sent_comp	unexpected	The consultants know the customers fosters	0.019601346911684882	0.019601346911684882	12.432811975479126	12.432811975479126
1495	gpt2	1496	748	8	foster	sent_comp	expected	The consultants know the customers foster	4.068559746883693e-07	4.068559746883693e-07	21.228979110717773	21.228979110717773
1496	gpt2	1497	749	8	frame	sent_comp	unexpected	The consultants know the customers frames	5.9480399272615614e-08	5.9480399272615614e-08	24.003009796142575	24.003009796142575
1497	gpt2	1498	749	8	frame	sent_comp	expected	The consultants know the customers frame	7.292721306839667e-07	7.292721306839667e-07	20.387039184570312	20.387039184570312
1498	gpt2	1499	750	8	franchise	sent_comp	unexpected	The consultants know the customers franchises	1.5151107390920518e-07	1.5151107390920518e-07	22.65407371520996	22.65407371520996
1499	gpt2	1500	750	8	franchise	sent_comp	expected	The consultants know the customers franchise	3.299966465419857e-06	3.299966465419857e-06	18.209117889404297	18.209117889404297
1500	gpt2	1501	751	8	free	sent_comp	unexpected	The consultants know the customers frees	0.01188691443395836	0.01188691443395836	13.49601674079895	13.49601674079895
1501	gpt2	1502	751	8	free	sent_comp	expected	The consultants know the customers free	5.957122994004749e-06	5.957122994004749e-06	17.356952667236328	17.356952667236328
1502	gpt2	1503	752	8	freeze	sent_comp	unexpected	The consultants know the customers freezes	4.677797349472712e-08	4.677797349472712e-08	24.34959602355957	24.34959602355957
1503	gpt2	1504	752	8	freeze	sent_comp	expected	The consultants know the customers freeze	1.1647068731690524e-06	1.1647068731690524e-06	19.71160125732422	19.71160125732422
1504	gpt2	1505	753	8	freight	sent_comp	unexpected	The consultants know the customers freights	0.0004984365064188616	0.0004984365064188616	15.78414535522461	15.78414535522461
1505	gpt2	1506	753	8	freight	sent_comp	expected	The consultants know the customers freight	7.167921012296574e-08	7.167921012296574e-08	23.733869552612305	23.733869552612305
1506	gpt2	1507	754	8	fret	sent_comp	unexpected	The consultants know the customers frets	0.004294003533246361	0.004294003533246361	14.230523109436035	14.230523109436035
1507	gpt2	1508	754	8	fret	sent_comp	expected	The consultants know the customers fret	9.852514040176177e-07	9.852514040176177e-07	19.953004837036133	19.953004837036133
1508	gpt2	1509	755	8	frighten	sent_comp	unexpected	The consultants know the customers frightens	0.0015407843676058497	0.0015407843676058497	14.682551383972168	14.682551383972168
1509	gpt2	1510	755	8	frighten	sent_comp	expected	The consultants know the customers frighten	0.48999005182857047	0.48999005182857047	10.52597026899457	10.52597026899457
1510	gpt2	1511	756	8	frolic	sent_comp	unexpected	The consultants know the customers frolics	0.009976321921923147	0.009976321921923147	11.776011308034262	11.776011308034262
1511	gpt2	1512	756	8	frolic	sent_comp	expected	The consultants know the customers frolic	0.00723322727334262	0.00723322727334262	14.656476259231566	14.656476259231566
1512	gpt2	1513	757	8	frustrate	sent_comp	unexpected	The consultants know the customers frustrates	0.0034257306177209834	0.0034257306177209834	13.937758684158325	13.937758684158325
1513	gpt2	1514	757	8	frustrate	sent_comp	expected	The consultants know the customers frustrate	0.49581396416016327	0.49581396416016327	10.349074973259121	10.349074973259121
1514	gpt2	1515	758	8	fudge	sent_comp	unexpected	The consultants know the customers fudges	0.011480902382572806	0.011480902382572806	9.493656317392984	9.493656317392984
1515	gpt2	1516	758	8	fudge	sent_comp	expected	The consultants know the customers fudge	0.011586402634293308	0.011586402634293308	11.040531873703003	11.040531873703003
1516	gpt2	1517	759	8	fuel	sent_comp	unexpected	The consultants know the customers fuels	4.853537660665098e-08	4.853537660665098e-08	24.296388626098636	24.296388626098636
1517	gpt2	1518	759	8	fuel	sent_comp	expected	The consultants know the customers fuel	1.4346154557642876e-06	1.4346154557642876e-06	19.410903930664062	19.410903930664062
1518	gpt2	1519	760	8	fulfill	sent_comp	unexpected	The consultants know the customers fulfills	0.4244661116256099	0.4244661116256099	13.039369702339172	13.039369702339172
1519	gpt2	1520	760	8	fulfill	sent_comp	expected	The consultants know the customers fulfill	1.0514705763853271e-06	1.0514705763853271e-06	19.85915946960449	19.85915946960449
1520	gpt2	1521	761	8	function	sent_comp	unexpected	The consultants know the customers functions	1.3405386880549486e-06	1.3405386880549486e-06	19.50875473022461	19.50875473022461
1521	gpt2	1522	761	8	function	sent_comp	expected	The consultants know the customers function	1.0866584489122031e-05	1.0866584489122031e-05	16.489742279052734	16.489742279052734
1522	gpt2	1523	762	8	fund	sent_comp	unexpected	The consultants know the customers funds	3.008645080626593e-06	3.008645080626593e-06	18.34245491027832	18.34245491027832
1523	gpt2	1524	762	8	fund	sent_comp	expected	The consultants know the customers fund	1.54651643242687e-05	1.54651643242687e-05	15.980618476867676	15.980618476867676
1524	gpt2	1525	763	8	funnel	sent_comp	unexpected	The consultants know the customers funnels	0.2944599921189024	0.2944599921189024	10.096022218465805	10.096022218465805
1525	gpt2	1526	763	8	funnel	sent_comp	expected	The consultants know the customers funnel	1.832530688261613e-05	1.832530688261613e-05	15.73580265045166	15.73580265045166
1526	gpt2	1527	764	8	furnish	sent_comp	unexpected	The consultants know the customers furnishes	0.052257624708047956	0.052257624708047956	12.499133944511414	12.499133944511414
1527	gpt2	1528	764	8	furnish	sent_comp	expected	The consultants know the customers furnish	7.282602041414066e-07	7.282602041414066e-07	20.38904190063477	20.38904190063477
1528	gpt2	1529	765	8	further	sent_comp	unexpected	The consultants know the customers furthers	8.436429834542492e-05	8.436429834542492e-05	14.21762466430664	14.21762466430664
1529	gpt2	1530	765	8	further	sent_comp	expected	The consultants know the customers further	1.831706140364986e-05	1.831706140364986e-05	15.736452102661133	15.736452102661133
1530	gpt2	1531	766	8	gain	sent_comp	unexpected	The consultants know the customers gains	4.800559736395371e-07	4.800559736395371e-07	20.990293502807617	20.990293502807617
1531	gpt2	1532	766	8	gain	sent_comp	expected	The consultants know the customers gain	3.675949847092852e-05	3.675949847092852e-05	14.731523513793944	14.731523513793944
1532	gpt2	1533	767	8	galvanize	sent_comp	unexpected	The consultants know the customers galvanizes	0.0031870759310165904	0.0031870759310165904	14.901081085205076	14.901081085205076
1533	gpt2	1534	767	8	galvanize	sent_comp	expected	The consultants know the customers galvanize	0.2944264057775925	0.2944264057775925	11.63629752397537	11.63629752397537
1534	gpt2	1535	768	8	gamble	sent_comp	unexpected	The consultants know the customers gambles	0.011122912744724527	0.011122912744724527	12.479886531829834	12.479886531829834
1535	gpt2	1536	768	8	gamble	sent_comp	expected	The consultants know the customers gamble	7.02437262134481e-07	7.02437262134481e-07	20.44112777709961	20.44112777709961
1536	gpt2	1537	769	8	garden	sent_comp	unexpected	The consultants know the customers gardens	1.716491766501349e-07	1.716491766501349e-07	22.47403335571289	22.47403335571289
1537	gpt2	1538	769	8	garden	sent_comp	expected	The consultants know the customers garden	7.334514293688699e-07	7.334514293688699e-07	20.378795623779297	20.378795623779297
1538	gpt2	1539	770	8	garner	sent_comp	unexpected	The consultants know the customers garners	0.05446810737055328	0.05446810737055328	12.742390036582947	12.742390036582947
1539	gpt2	1540	770	8	garner	sent_comp	expected	The consultants know the customers garner	8.540703220205614e-07	8.540703220205614e-07	20.159141540527344	20.159141540527344
1540	gpt2	1541	771	8	gasp	sent_comp	unexpected	The consultants know the customers gasps	0.0014971130446496846	0.0014971130446496846	13.7992525100708	13.7992525100708
1541	gpt2	1542	771	8	gasp	sent_comp	expected	The consultants know the customers gasp	7.474382641703414e-07	7.474382641703414e-07	20.35154151916504	20.35154151916504
1542	gpt2	1543	772	8	gather	sent_comp	unexpected	The consultants know the customers gathers	5.2748198697827326e-08	5.2748198697827326e-08	24.17630195617676	24.17630195617676
1543	gpt2	1544	772	8	gather	sent_comp	expected	The consultants know the customers gather	1.2087733011867384e-05	1.2087733011867384e-05	16.336095809936523	16.336095809936523
1544	gpt2	1545	773	8	gauge	sent_comp	unexpected	The consultants know the customers gauges	0.0343203623576684	0.0343203623576684	13.575572848320007	13.575572848320007
1545	gpt2	1546	773	8	gauge	sent_comp	expected	The consultants know the customers gauge	3.1509992481915106e-07	3.1509992481915106e-07	21.597686767578125	21.597686767578125
1546	gpt2	1547	774	8	gender	sent_comp	unexpected	The consultants know the customers genders	6.297835142277108e-08	6.297835142277108e-08	23.920568466186523	23.920568466186523
1547	gpt2	1548	774	8	gender	sent_comp	expected	The consultants know the customers gender	4.772404622599424e-07	4.772404622599424e-07	20.998781204223636	20.998781204223636
1548	gpt2	1549	775	8	generalize	sent_comp	unexpected	The consultants know the customers generalizes	0.0031616679951866782	0.0031616679951866782	12.678635597229004	12.678635597229004
1549	gpt2	1550	775	8	generalize	sent_comp	expected	The consultants know the customers generalize	0.02922403105537793	0.02922403105537793	11.07406210899353	11.07406210899353
1550	gpt2	1551	776	8	generate	sent_comp	unexpected	The consultants know the customers generates	6.085120389798249e-07	6.085120389798249e-07	20.64821052551269	20.64821052551269
1551	gpt2	1552	776	8	generate	sent_comp	expected	The consultants know the customers generate	2.5928933609975505e-05	2.5928933609975505e-05	15.235077857971191	15.235077857971191
1552	gpt2	1553	777	8	get	sent_comp	unexpected	The consultants know the customers gets	8.079488907242194e-06	8.079488907242194e-06	16.91730499267578	16.91730499267578
1553	gpt2	1554	777	8	get	sent_comp	expected	The consultants know the customers get	0.0016297639813274	0.0016297639813274	9.261120796203612	9.261120796203612
1554	gpt2	1555	778	8	give	sent_comp	unexpected	The consultants know the customers gives	3.703860102177714e-06	3.703860102177714e-06	18.042539596557617	18.042539596557617
1555	gpt2	1556	778	8	give	sent_comp	expected	The consultants know the customers give	0.0004037535691168	0.0004037535691168	11.274237632751465	11.274237632751465
1556	gpt2	1557	779	8	glamorize	sent_comp	unexpected	The consultants know the customers glamorizes	0.223505602117271	0.223505602117271	10.071033835411072	10.071033835411072
1557	gpt2	1558	779	8	glamorize	sent_comp	expected	The consultants know the customers glamorize	0.4623791704807587	0.4623791704807587	8.112021992603937	8.112021992603937
1558	gpt2	1559	780	8	glaze	sent_comp	unexpected	The consultants know the customers glazes	0.00045703857841767747	0.00045703857841767747	15.500815868377686	15.500815868377686
1559	gpt2	1560	780	8	glaze	sent_comp	expected	The consultants know the customers glaze	0.056259052216148575	0.056259052216148575	12.028604626655579	12.028604626655579
1560	gpt2	1561	781	8	glean	sent_comp	unexpected	The consultants know the customers gleans	0.0004464086655389001	0.0004464086655389001	13.601286888122559	13.601286888122559
1561	gpt2	1562	781	8	glean	sent_comp	expected	The consultants know the customers glean	2.31659669225337e-06	2.31659669225337e-06	18.719562530517575	18.719562530517575
1562	gpt2	1563	782	8	glide	sent_comp	unexpected	The consultants know the customers glides	0.004334397933519077	0.004334397933519077	13.877734422683716	13.877734422683716
1563	gpt2	1564	782	8	glide	sent_comp	expected	The consultants know the customers glide	9.772452358447481e-08	9.772452358447481e-08	23.28670310974121	23.28670310974121
1564	gpt2	1565	783	8	gloat	sent_comp	unexpected	The consultants know the customers gloats	0.04917716939193419	0.04917716939193419	9.628673235575357	9.628673235575357
1565	gpt2	1566	783	8	gloat	sent_comp	expected	The consultants know the customers gloat	0.061811560153103025	0.061811560153103025	11.960708618164062	11.960708618164062
1566	gpt2	1567	784	8	gloss	sent_comp	unexpected	The consultants know the customers glosses	0.01632972805185059	0.01632972805185059	13.47963547706604	13.47963547706604
1567	gpt2	1568	784	8	gloss	sent_comp	expected	The consultants know the customers gloss	2.3466314758024967e-07	2.3466314758024967e-07	22.022905349731445	22.022905349731445
1568	gpt2	1569	785	9	glut	sent_comp	unexpected	The teacher says the farmer glut	1.424846658437673e-07	1.424846658437673e-07	22.74268913269043	22.74268913269043
1569	gpt2	1570	785	9	glut	sent_comp	expected	The teacher says the farmer gluts	0.000561487610411847	0.000561487610411847	13.109888553619385	13.109888553619385
1570	gpt2	1571	786	9	gon	sent_comp	unexpected	The teacher says the farmer gon	4.5817745331078186e-07	4.5817745331078186e-07	21.05759048461914	21.05759048461914
1571	gpt2	1572	786	9	gon	sent_comp	expected	The teacher says the farmer gons	9.373404100185466e-05	9.373404100185466e-05	13.392548561096191	13.392548561096191
1572	gpt2	1573	787	9	gore	sent_comp	unexpected	The teacher says the farmer gore	2.328730630551945e-08	2.328730630551945e-08	25.355880737304688	25.355880737304688
1573	gpt2	1574	787	9	gore	sent_comp	expected	The teacher says the farmer gores	0.0007862988859415047	0.0007862988859415047	11.482324600219727	11.482324600219727
1574	gpt2	1575	788	9	go	sent_comp	unexpected	The teacher says the farmer go	1.8014241504715756e-05	1.8014241504715756e-05	15.760502815246582	15.760502815246582
1575	gpt2	1576	788	9	go	sent_comp	expected	The teacher says the farmer goes	0.0008248599478974	0.0008248599478974	10.243563652038574	10.243563652038574
1576	gpt2	1577	789	9	govern	sent_comp	unexpected	The teacher says the farmer govern	8.663409545306422e-09	8.663409545306422e-09	26.78241729736328	26.78241729736328
1577	gpt2	1578	789	9	govern	sent_comp	expected	The teacher says the farmer governs	4.40819974301121e-07	4.40819974301121e-07	21.113306045532227	21.113306045532227
1578	gpt2	1579	790	9	grab	sent_comp	unexpected	The teacher says the farmer grab	2.375807071075542e-06	2.375807071075542e-06	18.683151245117188	18.683151245117188
1579	gpt2	1580	790	9	grab	sent_comp	expected	The teacher says the farmer grabs	2.915668665082194e-05	2.915668665082194e-05	15.065814018249512	15.065814018249512
1580	gpt2	1581	791	9	grace	sent_comp	unexpected	The teacher says the farmer grace	3.563202426448697e-07	3.563202426448697e-07	21.42032241821289	21.42032241821289
1581	gpt2	1582	791	9	grace	sent_comp	expected	The teacher says the farmer graces	0.0033708004484651363	0.0033708004484651363	10.799145698547363	10.799145698547363
1582	gpt2	1583	792	9	grant	sent_comp	unexpected	The teacher says the farmer grant	3.08981782382034e-07	3.08981782382034e-07	21.625974655151367	21.625974655151367
1583	gpt2	1584	792	9	grant	sent_comp	expected	The teacher says the farmer grants	2.0823904378630687e-06	2.0823904378630687e-06	18.873327255249023	18.873327255249023
1584	gpt2	1585	793	9	grapple	sent_comp	unexpected	The teacher says the farmer grapple	1.8981330285328116e-08	1.8981330285328116e-08	25.650842666625977	25.650842666625977
1585	gpt2	1586	793	9	grapple	sent_comp	expected	The teacher says the farmer grapples	0.11254779602086273	0.11254779602086273	9.470420598983765	9.470420598983765
1586	gpt2	1587	794	9	grasp	sent_comp	unexpected	The teacher says the farmer grasp	5.2709076214796375e-08	5.2709076214796375e-08	24.1773738861084	24.1773738861084
1587	gpt2	1588	794	9	grasp	sent_comp	expected	The teacher says the farmer grasps	0.3499071405094582	0.3499071405094582	6.23050247328744	6.23050247328744
1588	gpt2	1589	795	9	grimace	sent_comp	unexpected	The teacher says the farmer grimace	0.036128067788013134	0.036128067788013134	11.034249663352966	11.034249663352966
1589	gpt2	1590	795	9	grimace	sent_comp	expected	The teacher says the farmer grimaces	0.18573170286072127	0.18573170286072127	9.85321033000946	9.85321033000946
1590	gpt2	1591	796	9	ground	sent_comp	unexpected	The teacher says the farmer ground	1.3254018995212393e-05	1.3254018995212393e-05	16.203210830688477	16.203210830688477
1591	gpt2	1592	796	9	ground	sent_comp	expected	The teacher says the farmer grounds	7.313312380574644e-06	7.313312380574644e-06	17.06104278564453	17.06104278564453
1592	gpt2	1593	797	9	group	sent_comp	unexpected	The teacher says the farmer group	1.3482988833857236e-05	1.3482988833857236e-05	16.178499221801758	16.178499221801758
1593	gpt2	1594	797	9	group	sent_comp	expected	The teacher says the farmer groups	4.902850832877448e-06	4.902850832877448e-06	17.63794708251953	17.63794708251953
1594	gpt2	1595	798	9	growth	sent_comp	unexpected	The teacher says the farmer growth	6.242222525543184e-07	6.242222525543184e-07	20.61143684387207	20.61143684387207
1595	gpt2	1596	798	9	growth	sent_comp	expected	The teacher says the farmer growths	0.0036245422687102274	0.0036245422687102274	13.8597731590271	13.8597731590271
1596	gpt2	1597	799	9	grow	sent_comp	unexpected	The teacher says the farmer grow	7.27139413356781e-05	7.27139413356781e-05	13.747408866882324	13.747408866882324
1597	gpt2	1598	799	9	grow	sent_comp	expected	The teacher says the farmer grows	8.813168096821755e-05	8.813168096821755e-05	13.469979286193848	13.469979286193848
1598	gpt2	1599	800	9	guarantee	sent_comp	unexpected	The teacher says the farmer guarantee	1.2788332526270096e-07	1.2788332526270096e-07	22.89866828918457	22.89866828918457
1599	gpt2	1600	800	9	guarantee	sent_comp	expected	The teacher says the farmer guarantees	2.931940116468468e-06	2.931940116468468e-06	18.37971305847168	18.37971305847168
1600	gpt2	1601	801	9	guard	sent_comp	unexpected	The teacher says the farmer guard	1.3784778047920554e-06	1.3784778047920554e-06	19.46849250793457	19.46849250793457
1601	gpt2	1602	801	9	guard	sent_comp	expected	The teacher says the farmer guards	1.3522238077712244e-05	1.3522238077712244e-05	16.174306869506836	16.174306869506836
1602	gpt2	1603	802	9	guess	sent_comp	unexpected	The teacher says the farmer guess	3.7339923437684766e-06	3.7339923437684766e-06	18.03084945678711	18.03084945678711
1603	gpt2	1604	802	9	guess	sent_comp	expected	The teacher says the farmer guesses	3.021134943992365e-06	3.021134943992365e-06	18.33647727966309	18.33647727966309
1604	gpt2	1605	803	9	guide	sent_comp	unexpected	The teacher says the farmer guide	4.845488206228765e-07	4.845488206228765e-07	20.97685432434082	20.97685432434082
1605	gpt2	1606	803	9	guide	sent_comp	expected	The teacher says the farmer guides	4.062281277583679e-06	4.062281277583679e-06	17.909278869628906	17.909278869628906
1606	gpt2	1607	804	9	gut	sent_comp	unexpected	The teacher says the farmer gut	3.6423775782168377e-06	3.6423775782168377e-06	18.066688537597656	18.066688537597656
1607	gpt2	1608	804	9	gut	sent_comp	expected	The teacher says the farmer guts	4.360201444342238e-07	4.360201444342238e-07	21.12910270690918	21.12910270690918
1608	gpt2	1609	805	9	guzzle	sent_comp	unexpected	The teacher says the farmer guzzle	0.01645850147929192	0.01645850147929192	11.636424541473389	11.636424541473389
1609	gpt2	1610	805	9	guzzle	sent_comp	expected	The teacher says the farmer guzzles	0.13140382704553602	0.13140382704553602	7.783168315887451	7.783168315887451
1610	gpt2	1611	806	9	hack	sent_comp	unexpected	The teacher says the farmer hack	1.137344611379376e-06	1.137344611379376e-06	19.745899200439453	19.745899200439453
1611	gpt2	1612	806	9	hack	sent_comp	expected	The teacher says the farmer hacks	2.128213964169845e-06	2.128213964169845e-06	18.8419246673584	18.8419246673584
1612	gpt2	1613	807	9	halt	sent_comp	unexpected	The teacher says the farmer halt	3.8629924148381185e-08	3.8629924148381185e-08	24.62570571899414	24.62570571899414
1613	gpt2	1614	807	9	halt	sent_comp	expected	The teacher says the farmer halts	0.3994938296593773	0.3994938296593773	9.546667963266373	9.546667963266373
1614	gpt2	1615	808	9	halve	sent_comp	unexpected	The teacher says the farmer halve	0.0019871563047217694	0.0019871563047217694	13.372734308242798	13.372734308242798
1615	gpt2	1616	808	9	halve	sent_comp	expected	The teacher says the farmer halves	4.3266990701340557e-07	4.3266990701340557e-07	21.140230178833008	21.140230178833008
1616	gpt2	1617	809	9	hammer	sent_comp	unexpected	The teacher says the farmer hammer	5.824253435093851e-07	5.824253435093851e-07	20.711423873901367	20.711423873901367
1617	gpt2	1618	809	9	hammer	sent_comp	expected	The teacher says the farmer hammers	0.49515844013609467	0.49515844013609467	10.405515021178871	10.405515021178871
1618	gpt2	1619	810	9	hamper	sent_comp	unexpected	The teacher says the farmer hamper	0.027673600287584997	0.027673600287584997	11.381924152374268	11.381924152374268
1619	gpt2	1620	810	9	hamper	sent_comp	expected	The teacher says the farmer hampers	0.33900656362917897	0.33900656362917897	5.902165191054034	5.902165191054034
1620	gpt2	1621	811	9	handicap	sent_comp	unexpected	The teacher says the farmer handicap	0.005751403770929616	0.005751403770929616	13.826111078262329	13.826111078262329
1621	gpt2	1622	811	9	handicap	sent_comp	expected	The teacher says the farmer handicaps	0.062095434661543415	0.062095434661543415	12.109837055206299	12.109837055206299
1622	gpt2	1623	812	9	handle	sent_comp	unexpected	The teacher says the farmer handle	1.019338014884852e-06	1.019338014884852e-06	19.9039363861084	19.9039363861084
1623	gpt2	1624	812	9	handle	sent_comp	expected	The teacher says the farmer handles	1.092160619009519e-05	1.092160619009519e-05	16.48245620727539	16.48245620727539
1624	gpt2	1625	813	9	hand	sent_comp	unexpected	The teacher says the farmer hand	6.676782504655421e-05	6.676782504655421e-05	13.870487213134766	13.870487213134766
1625	gpt2	1626	813	9	hand	sent_comp	expected	The teacher says the farmer hands	2.8158263376099057e-05	2.8158263376099057e-05	15.116082191467283	15.116082191467283
1626	gpt2	1627	814	9	hang	sent_comp	unexpected	The teacher says the farmer hang	4.949885692440148e-07	4.949885692440148e-07	20.946102142333984	20.946102142333984
1627	gpt2	1628	814	9	hang	sent_comp	expected	The teacher says the farmer hangs	1.222769969899673e-05	1.222769969899673e-05	16.319486618041992	16.319486618041992
1628	gpt2	1629	815	9	happen	sent_comp	unexpected	The teacher says the farmer happen	2.653711135280901e-07	2.653711135280901e-07	21.84548568725586	21.84548568725586
1629	gpt2	1630	815	9	happen	sent_comp	expected	The teacher says the farmer happens	3.527394073898904e-05	3.527394073898904e-05	14.791037559509276	14.791037559509276
1630	gpt2	1631	816	9	harass	sent_comp	unexpected	The teacher says the farmer harass	9.07660069060512e-06	9.07660069060512e-06	16.74941635131836	16.74941635131836
1631	gpt2	1632	816	9	harass	sent_comp	expected	The teacher says the farmer harasses	0.4907175385978917	0.4907175385978917	8.388232494704425	8.388232494704425
1632	gpt2	1633	817	9	harm	sent_comp	unexpected	The teacher says the farmer harm	7.724776764916896e-07	7.724776764916896e-07	20.30400276184082	20.30400276184082
1633	gpt2	1634	817	9	harm	sent_comp	expected	The teacher says the farmer harms	3.522430688462918e-06	3.522430688462918e-06	18.11499786376953	18.11499786376953
1634	gpt2	1635	818	9	hasten	sent_comp	unexpected	The teacher says the farmer hasten	0.0077507765888639845	0.0077507765888639845	11.619148254394531	11.619148254394531
1635	gpt2	1636	818	9	hasten	sent_comp	expected	The teacher says the farmer hastens	0.012440467711485284	0.012440467711485284	11.277719736099243	11.277719736099243
1636	gpt2	1637	819	9	hate	sent_comp	unexpected	The teacher says the farmer hate	8.61232456372818e-06	8.61232456372818e-06	16.825166702270508	16.825166702270508
1637	gpt2	1638	819	9	hate	sent_comp	expected	The teacher says the farmer hates	0.0001507244160166	0.0001507244160166	12.695798873901367	12.695798873901367
1638	gpt2	1639	820	9	haul	sent_comp	unexpected	The teacher says the farmer haul	2.389120368206932e-07	2.389120368206932e-07	21.99701690673828	21.99701690673828
1639	gpt2	1640	820	9	haul	sent_comp	expected	The teacher says the farmer hauls	0.03565129018534205	0.03565129018534205	8.47653079032898	8.47653079032898
1640	gpt2	1641	821	9	haunt	sent_comp	unexpected	The teacher says the farmer haunt	3.830357897527392e-08	3.830357897527392e-08	24.6379451751709	24.6379451751709
1641	gpt2	1642	821	9	haunt	sent_comp	expected	The teacher says the farmer haunts	0.49406672635018367	0.49406672635018367	9.004424390383065	9.004424390383065
1642	gpt2	1643	822	9	have	sent_comp	unexpected	The teacher says the farmer have	0.0002478833775967	0.0002478833775967	11.97805118560791	11.97805118560791
1643	gpt2	1644	822	9	have	sent_comp	expected	The teacher says the farmer haves	0.0008616508930572001	0.0008616508930572001	11.20866060256958	11.20866060256958
1644	gpt2	1645	823	9	head	sent_comp	unexpected	The teacher says the farmer head	2.101984864566475e-05	2.101984864566475e-05	15.537888526916504	15.537888526916504
1645	gpt2	1646	823	9	head	sent_comp	expected	The teacher says the farmer heads	4.840467954636552e-05	4.840467954636552e-05	14.33449363708496	14.33449363708496
1646	gpt2	1647	824	9	heal	sent_comp	unexpected	The teacher says the farmer heal	2.419625673155679e-07	2.419625673155679e-07	21.97871208190918	21.97871208190918
1647	gpt2	1648	824	9	heal	sent_comp	expected	The teacher says the farmer heals	2.003608642553445e-06	2.003608642553445e-06	18.92896842956543	18.92896842956543
1648	gpt2	1649	825	9	hear	sent_comp	unexpected	The teacher says the farmer hear	3.348533937241882e-06	3.348533937241882e-06	18.18803977966309	18.18803977966309
1649	gpt2	1650	825	9	hear	sent_comp	expected	The teacher says the farmer hears	9.740488167153671e-05	9.740488167153671e-05	13.32564640045166	13.32564640045166
1650	gpt2	1651	826	9	heat	sent_comp	unexpected	The teacher says the farmer heat	2.340855758120597e-07	2.340855758120597e-07	22.026460647583008	22.026460647583008
1651	gpt2	1652	826	9	heat	sent_comp	expected	The teacher says the farmer heats	3.585646197734605e-07	3.585646197734605e-07	21.411264419555664	21.411264419555664
1652	gpt2	1653	827	9	hedge	sent_comp	unexpected	The teacher says the farmer hedge	4.77969194889738e-07	4.77969194889738e-07	20.99657821655273	20.99657821655273
1653	gpt2	1654	827	9	hedge	sent_comp	expected	The teacher says the farmer hedges	0.23600264956303363	0.23600264956303363	8.975098490715027	8.975098490715027
1654	gpt2	1655	828	9	heed	sent_comp	unexpected	The teacher says the farmer heed	6.56078611882549e-07	6.56078611882549e-07	20.539627075195312	20.539627075195312
1655	gpt2	1656	828	9	heed	sent_comp	expected	The teacher says the farmer heeds	0.0004450888227438	0.0004450888227438	11.18628215789795	11.18628215789795
1656	gpt2	1657	829	9	heighten	sent_comp	unexpected	The teacher says the farmer heighten	0.009550903997535411	0.009550903997535411	13.036645889282228	13.036645889282228
1657	gpt2	1658	829	9	heighten	sent_comp	expected	The teacher says the farmer heightens	0.22824312567632887	0.22824312567632887	10.747223854064943	10.747223854064943
1658	gpt2	1659	830	9	help	sent_comp	unexpected	The teacher says the farmer help	7.781417480146047e-06	7.781417480146047e-06	16.971534729003906	16.971534729003906
1659	gpt2	1660	830	9	help	sent_comp	expected	The teacher says the farmer helps	0.0001384529168717	0.0001384529168717	12.818316459655762	12.818316459655762
1660	gpt2	1661	831	9	herald	sent_comp	unexpected	The teacher says the farmer herald	8.246038305514958e-07	8.246038305514958e-07	20.209794998168945	20.209794998168945
1661	gpt2	1662	831	9	herald	sent_comp	expected	The teacher says the farmer heralds	0.039327076362269474	0.039327076362269474	11.939071655273438	11.939071655273438
1662	gpt2	1663	832	9	hesitate	sent_comp	unexpected	The teacher says the farmer hesitate	1.3758346995018658e-07	1.3758346995018658e-07	22.793190002441406	22.793190002441406
1663	gpt2	1664	832	9	hesitate	sent_comp	expected	The teacher says the farmer hesitates	0.4520763869340954	0.4520763869340954	7.936067812144756	7.936067812144756
1664	gpt2	1665	833	9	hide	sent_comp	unexpected	The teacher says the farmer hide	1.957926997420145e-06	1.957926997420145e-06	18.962242126464844	18.962242126464844
1665	gpt2	1666	833	9	hide	sent_comp	expected	The teacher says the farmer hides	5.201192470849492e-05	5.201192470849492e-05	14.23079776763916	14.23079776763916
1666	gpt2	1667	834	9	highlight	sent_comp	unexpected	The teacher says the farmer highlight	1.0858772725441669e-07	1.0858772725441669e-07	23.13463592529297	23.13463592529297
1667	gpt2	1668	834	9	highlight	sent_comp	expected	The teacher says the farmer highlights	5.479758783621946e-06	5.479758783621946e-06	17.47745704650879	17.47745704650879
1668	gpt2	1669	835	9	hinder	sent_comp	unexpected	The teacher says the farmer hinder	2.7780062694660046e-09	2.7780062694660046e-09	28.423303604125977	28.423303604125977
1669	gpt2	1670	835	9	hinder	sent_comp	expected	The teacher says the farmer hinders	0.2973520645136887	0.2973520645136887	9.98083034157753	9.98083034157753
1670	gpt2	1671	836	9	hinge	sent_comp	unexpected	The teacher says the farmer hinge	4.2106140796249754e-08	4.2106140796249754e-08	24.501394271850582	24.501394271850582
1671	gpt2	1672	836	9	hinge	sent_comp	expected	The teacher says the farmer hinges	8.915753255678283e-07	8.915753255678283e-07	20.097139358520508	20.097139358520508
1672	gpt2	1673	837	9	hint	sent_comp	unexpected	The teacher says the farmer hint	3.370870729213493e-07	3.370870729213493e-07	21.500375747680664	21.500375747680664
1673	gpt2	1674	837	9	hint	sent_comp	expected	The teacher says the farmer hints	1.5835586282264558e-06	1.5835586282264558e-06	19.26839828491211	19.26839828491211
1674	gpt2	1675	838	9	hire	sent_comp	unexpected	The teacher says the farmer hire	1.332310489488009e-06	1.332310489488009e-06	19.517637252807617	19.517637252807617
1675	gpt2	1676	838	9	hire	sent_comp	expected	The teacher says the farmer hires	5.7169705542037264e-05	5.7169705542037264e-05	14.094389915466309	14.094389915466309
1676	gpt2	1677	839	9	hit	sent_comp	unexpected	The teacher says the farmer hit	0.0009648446575738	0.0009648446575738	10.017416000366213	10.017416000366213
1677	gpt2	1678	839	9	hit	sent_comp	expected	The teacher says the farmer hits	6.0567337641259655e-05	6.0567337641259655e-05	14.011100769042969	14.011100769042969
1678	gpt2	1679	840	9	hoe	sent_comp	unexpected	The teacher says the farmer hoe	0.00168864484294315	0.00168864484294315	10.099599361419678	10.099599361419678
1679	gpt2	1680	840	9	hoe	sent_comp	expected	The teacher says the farmer hoes	0.0014497105439659	0.0014497105439659	10.219932079315186	10.219932079315186
1680	gpt2	1681	841	9	hold	sent_comp	unexpected	The teacher says the farmer hold	4.316397735237842e-06	4.316397735237842e-06	17.821741104125977	17.821741104125977
1681	gpt2	1682	841	9	hold	sent_comp	expected	The teacher says the farmer holds	0.0003621543874032	0.0003621543874032	11.431107521057127	11.431107521057127
1682	gpt2	1683	842	9	holler	sent_comp	unexpected	The teacher says the farmer holler	0.0007309366192202499	0.0007309366192202499	10.78972578048706	10.78972578048706
1683	gpt2	1684	842	9	holler	sent_comp	expected	The teacher says the farmer hollers	0.28966830544716987	0.28966830544716987	6.326556329925855	6.326556329925855
1684	gpt2	1685	843	9	homer	sent_comp	unexpected	The teacher says the farmer homer	2.256876463491153e-08	2.256876463491153e-08	25.40109634399414	25.40109634399414
1685	gpt2	1686	843	9	homer	sent_comp	expected	The teacher says the farmer homers	1.9061538125697552e-07	1.9061538125697552e-07	22.322832107543945	22.322832107543945
1686	gpt2	1687	844	9	hone	sent_comp	unexpected	The teacher says the farmer hone	2.1147757323092264e-08	2.1147757323092264e-08	25.49492073059082	25.49492073059082
1687	gpt2	1688	844	9	hone	sent_comp	expected	The teacher says the farmer hones	0.0052287182479631	0.0052287182479631	9.243538618087769	9.243538618087769
1688	gpt2	1689	845	9	honor	sent_comp	unexpected	The teacher says the farmer honor	2.667717922122393e-07	2.667717922122393e-07	21.837890625	21.837890625
1689	gpt2	1690	845	9	honor	sent_comp	expected	The teacher says the farmer honors	1.6173191852431046e-06	1.6173191852431046e-06	19.237964630126957	19.237964630126957
1690	gpt2	1691	846	9	hope	sent_comp	unexpected	The teacher says the farmer hope	1.1378702765796334e-05	1.1378702765796334e-05	16.423303604125977	16.423303604125977
1691	gpt2	1692	846	9	hope	sent_comp	expected	The teacher says the farmer hopes	0.0003439682186581	0.0003439682186581	11.505436897277832	11.505436897277832
1692	gpt2	1693	847	9	host	sent_comp	unexpected	The teacher says the farmer host	5.225489871918398e-07	5.225489871918398e-07	20.867929458618164	20.867929458618164
1693	gpt2	1694	847	9	host	sent_comp	expected	The teacher says the farmer hosts	3.339935574331321e-06	3.339935574331321e-06	18.191747665405277	18.191747665405277
1694	gpt2	1695	848	9	house	sent_comp	unexpected	The teacher says the farmer house	1.071829228749266e-05	1.071829228749266e-05	16.509565353393555	16.509565353393555
1695	gpt2	1696	848	9	house	sent_comp	expected	The teacher says the farmer houses	3.1221192330121994e-05	3.1221192330121994e-05	14.967114448547363	14.967114448547363
1696	gpt2	1697	849	9	hum	sent_comp	unexpected	The teacher says the farmer hum	2.03790441446472e-05	2.03790441446472e-05	15.58255386352539	15.58255386352539
1697	gpt2	1698	849	9	hum	sent_comp	expected	The teacher says the farmer hums	0.06555621038751268	0.06555621038751268	9.256950855255127	9.256950855255127
1698	gpt2	1699	850	9	hurry	sent_comp	unexpected	The teacher says the farmer hurry	1.2991502273962396e-07	1.2991502273962396e-07	22.87592887878418	22.87592887878418
1699	gpt2	1700	850	9	hurry	sent_comp	expected	The teacher says the farmer hurries	0.43466513059865974	0.43466513059865974	9.020399421453476	9.020399421453476
1700	gpt2	1701	851	9	hurt	sent_comp	unexpected	The teacher says the farmer hurt	4.985707710147835e-05	4.985707710147835e-05	14.291842460632324	14.291842460632324
1701	gpt2	1702	851	9	hurt	sent_comp	expected	The teacher says the farmer hurts	2.8209007723489776e-05	2.8209007723489776e-05	15.113484382629396	15.113484382629396
1702	gpt2	1703	852	9	identify	sent_comp	unexpected	The teacher says the farmer identify	2.214350871554416e-07	2.214350871554416e-07	22.106613159179688	22.106613159179688
1703	gpt2	1704	852	9	identify	sent_comp	expected	The teacher says the farmer identifies	2.3447189960279505e-05	2.3447189960279505e-05	15.38022518157959	15.38022518157959
1704	gpt2	1705	853	9	idle	sent_comp	unexpected	The teacher says the farmer idle	2.9816905566804053e-07	2.9816905566804053e-07	21.677366256713867	21.677366256713867
1705	gpt2	1706	853	9	idle	sent_comp	expected	The teacher says the farmer idles	0.11728695852616511	0.11728695852616511	8.9761563539505	8.9761563539505
1706	gpt2	1707	854	9	ignite	sent_comp	unexpected	The teacher says the farmer ignite	3.2510412140140943e-09	3.2510412140140943e-09	28.19645118713379	28.19645118713379
1707	gpt2	1708	854	9	ignite	sent_comp	expected	The teacher says the farmer ignites	0.3613320071428632	0.3613320071428632	10.426176771521568	10.426176771521568
1708	gpt2	1709	855	9	ignore	sent_comp	unexpected	The teacher says the farmer ignore	6.530772225232795e-07	6.530772225232795e-07	20.54624366760254	20.54624366760254
1709	gpt2	1710	855	9	ignore	sent_comp	expected	The teacher says the farmer ignores	6.62158927298151e-05	6.62158927298151e-05	13.88246250152588	13.88246250152588
1710	gpt2	1711	856	9	illuminate	sent_comp	unexpected	The teacher says the farmer illuminate	8.053677724717544e-10	8.053677724717544e-10	30.20963287353516	30.20963287353516
1711	gpt2	1712	856	9	illuminate	sent_comp	expected	The teacher says the farmer illuminates	0.33624588149965945	0.33624588149965945	7.801415124597649	7.801415124597649
1712	gpt2	1713	857	9	illustrate	sent_comp	unexpected	The teacher says the farmer illustrate	3.1688468737911535e-08	3.1688468737911535e-08	24.911466598510746	24.911466598510746
1713	gpt2	1714	857	9	illustrate	sent_comp	expected	The teacher says the farmer illustrates	7.483145054720808e-06	7.483145054720808e-06	17.027923583984375	17.027923583984375
1714	gpt2	1715	858	9	imagine	sent_comp	unexpected	The teacher says the farmer imagine	5.876251520930964e-07	5.876251520930964e-07	20.69860076904297	20.69860076904297
1715	gpt2	1716	858	9	imagine	sent_comp	expected	The teacher says the farmer imagines	0.49892518699084576	0.49892518699084576	8.528777370112948	8.528777370112948
1716	gpt2	1717	859	9	impact	sent_comp	unexpected	The teacher says the farmer impact	4.963916353517561e-07	4.963916353517561e-07	20.942018508911133	20.942018508911133
1717	gpt2	1718	859	9	impact	sent_comp	expected	The teacher says the farmer impacts	1.3744032685281129e-06	1.3744032685281129e-06	19.47276306152344	19.47276306152344
1718	gpt2	1719	860	9	impair	sent_comp	unexpected	The teacher says the farmer impair	3.324381436797807e-09	3.324381436797807e-09	28.16426658630371	28.16426658630371
1719	gpt2	1720	860	9	impair	sent_comp	expected	The teacher says the farmer impairs	0.00040510508006263274	0.00040510508006263274	12.931812763214111	12.931812763214111
1720	gpt2	1721	861	9	impede	sent_comp	unexpected	The teacher says the farmer impede	3.598958908668237e-09	3.598958908668237e-09	28.04977226257324	28.04977226257324
1721	gpt2	1722	861	9	impede	sent_comp	expected	The teacher says the farmer impedes	0.49281389161524203	0.49281389161524203	10.491324622184038	10.491324622184038
1722	gpt2	1723	862	9	implement	sent_comp	unexpected	The teacher says the farmer implement	1.977298467181754e-07	1.977298467181754e-07	22.26996612548828	22.26996612548828
1723	gpt2	1724	862	9	implement	sent_comp	expected	The teacher says the farmer implements	9.479376785748173e-06	9.479376785748173e-06	16.686777114868164	16.686777114868164
1724	gpt2	1725	863	9	implicate	sent_comp	unexpected	The teacher says the farmer implicate	1.673837095950148e-05	1.673837095950148e-05	15.89284372329712	15.89284372329712
1725	gpt2	1726	863	9	implicate	sent_comp	expected	The teacher says the farmer implicates	0.0017367847658533338	0.0017367847658533338	11.89693021774292	11.89693021774292
1726	gpt2	1727	864	9	imply	sent_comp	unexpected	The teacher says the farmer imply	1.0683201878691762e-08	1.0683201878691762e-08	26.48008155822754	26.48008155822754
1727	gpt2	1728	864	9	imply	sent_comp	expected	The teacher says the farmer implies	6.524375748995226e-06	6.524375748995226e-06	17.22572898864746	17.22572898864746
1728	gpt2	1729	865	9	import	sent_comp	unexpected	The teacher says the farmer import	5.045434363637469e-07	5.045434363637469e-07	20.91851806640625	20.91851806640625
1729	gpt2	1730	865	9	import	sent_comp	expected	The teacher says the farmer imports	9.648731065681204e-06	9.648731065681204e-06	16.661230087280273	16.661230087280273
1730	gpt2	1731	866	9	impose	sent_comp	unexpected	The teacher says the farmer impose	3.8511625888304486e-08	3.8511625888304486e-08	24.630130767822266	24.630130767822266
1731	gpt2	1732	866	9	impose	sent_comp	expected	The teacher says the farmer imposes	2.391519501543371e-06	2.391519501543371e-06	18.673641204833984	18.673641204833984
1732	gpt2	1733	867	9	impound	sent_comp	unexpected	The teacher says the farmer impound	0.0026978313271683826	0.0026978313271683826	11.548164129257202	11.548164129257202
1733	gpt2	1734	867	9	impound	sent_comp	expected	The teacher says the farmer impounds	0.0020714221336674827	0.0020714221336674827	11.739596128463745	11.739596128463745
1734	gpt2	1735	868	9	impress	sent_comp	unexpected	The teacher says the farmer impress	1.82632572887087e-06	1.82632572887087e-06	19.062623977661133	19.062623977661133
1735	gpt2	1736	868	9	impress	sent_comp	expected	The teacher says the farmer impresses	0.42768903495851873	0.42768903495851873	9.643996469676495	9.643996469676495
1736	gpt2	1737	869	9	imprison	sent_comp	unexpected	The teacher says the farmer imprison	5.088821808385546e-08	5.088821808385546e-08	24.22809219360352	24.22809219360352
1737	gpt2	1738	869	9	imprison	sent_comp	expected	The teacher says the farmer imprisons	0.3359227836008358	0.3359227836008358	7.5109030437209485	7.5109030437209485
1738	gpt2	1739	870	9	improve	sent_comp	unexpected	The teacher says the farmer improve	8.350200886297898e-08	8.350200886297898e-08	23.513614654541016	23.513614654541016
1739	gpt2	1740	870	9	improve	sent_comp	expected	The teacher says the farmer improves	5.0942703637701925e-06	5.0942703637701925e-06	17.582693099975586	17.582693099975586
1740	gpt2	1741	871	9	impugn	sent_comp	unexpected	The teacher says the farmer impugn	0.0034014457402614887	0.0034014457402614887	10.365876038869223	10.365876038869223
1741	gpt2	1742	871	9	impugn	sent_comp	expected	The teacher says the farmer impugns	0.030869719311643454	0.030869719311643454	8.734398047129313	8.734398047129313
1742	gpt2	1743	872	9	incarcerate	sent_comp	unexpected	The teacher says the farmer incarcerate	0.0030198682414947792	0.0030198682414947792	15.514241218566895	15.514241218566895
1743	gpt2	1744	872	9	incarcerate	sent_comp	expected	The teacher says the farmer incarcerates	0.4611764034106045	0.4611764034106045	11.886887528002262	11.886887528002262
1744	gpt2	1745	873	9	inch	sent_comp	unexpected	The teacher says the farmer inch	6.143257280655234e-08	6.143257280655234e-08	23.9564208984375	23.9564208984375
1745	gpt2	1746	873	9	inch	sent_comp	expected	The teacher says the farmer inches	6.050307774785324e-07	6.050307774785324e-07	20.6564884185791	20.6564884185791
1746	gpt2	1747	874	9	include	sent_comp	unexpected	The teacher says the farmer include	3.064953943976434e-07	3.064953943976434e-07	21.637630462646484	21.637630462646484
1747	gpt2	1748	874	9	include	sent_comp	expected	The teacher says the farmer includes	1.96004275494488e-05	1.96004275494488e-05	15.638754844665527	15.638754844665527
1748	gpt2	1749	875	9	incorporate	sent_comp	unexpected	The teacher says the farmer incorporate	7.176850669310397e-09	7.176850669310397e-09	27.05400276184082	27.05400276184082
1749	gpt2	1750	875	9	incorporate	sent_comp	expected	The teacher says the farmer incorporates	2.0772652078449028e-06	2.0772652078449028e-06	18.876882553100582	18.876882553100582
1750	gpt2	1751	876	9	increased	sent_comp	unexpected	The teacher says the farmer increased	3.989688048022799e-05	3.989688048022799e-05	14.613364219665527	14.613364219665527
1751	gpt2	1752	876	9	increased	sent_comp	expected	The teacher says the farmer increaseds	2.0987451307519223e-05	2.0987451307519223e-05	16.744861125946045	16.744861125946045
1752	gpt2	1753	877	9	increase	sent_comp	unexpected	The teacher says the farmer increase	4.618731850314362e-07	4.618731850314362e-07	21.04599952697754	21.04599952697754
1753	gpt2	1754	877	9	increase	sent_comp	expected	The teacher says the farmer increases	5.68792711419519e-06	5.68792711419519e-06	17.42366600036621	17.42366600036621
1754	gpt2	1755	878	9	incur	sent_comp	unexpected	The teacher says the farmer incur	5.288147519877384e-08	5.288147519877384e-08	24.17266273498535	24.17266273498535
1755	gpt2	1756	878	9	incur	sent_comp	expected	The teacher says the farmer incurs	0.010086353835504222	0.010086353835504222	10.121001958847046	10.121001958847046
1756	gpt2	1757	879	9	indemnify	sent_comp	unexpected	The teacher says the farmer indemnify	0.006154607877977699	0.006154607877977699	14.796106100082397	14.796106100082397
1757	gpt2	1758	879	9	indemnify	sent_comp	expected	The teacher says the farmer indemnifies	0.3027451540240129	0.3027451540240129	11.985953778028488	11.985953778028488
1758	gpt2	1759	880	9	indicate	sent_comp	unexpected	The teacher says the farmer indicate	1.1642664787814284e-07	1.1642664787814284e-07	23.034074783325195	23.034074783325195
1759	gpt2	1760	880	9	indicate	sent_comp	expected	The teacher says the farmer indicates	2.140680953743868e-05	2.140680953743868e-05	15.511570930480955	15.511570930480955
1760	gpt2	1761	881	9	indict	sent_comp	unexpected	The teacher says the farmer indict	3.9571961707451926e-08	3.9571961707451926e-08	24.59094619750977	24.59094619750977
1761	gpt2	1762	881	9	indict	sent_comp	expected	The teacher says the farmer indicts	0.22878390716323338	0.22878390716323338	9.858336389064787	9.858336389064787
1762	gpt2	1763	882	9	induce	sent_comp	unexpected	The teacher says the farmer induce	1.2235461532839054e-08	1.2235461532839054e-08	26.28435516357422	26.28435516357422
1763	gpt2	1764	882	9	induce	sent_comp	expected	The teacher says the farmer induces	1.5262783108482836e-06	1.5262783108482836e-06	19.32155036926269	19.32155036926269
1764	gpt2	1765	883	10	indulge	sent_comp	unexpected	The pilot thinks the surgeons indulges	0.0007122000615993162	0.0007122000615993162	14.811414241790771	14.811414241790771
1765	gpt2	1766	883	10	indulge	sent_comp	expected	The pilot thinks the surgeons indulge	3.887404034230713e-07	3.887404034230713e-07	21.2946891784668	21.2946891784668
1766	gpt2	1767	884	10	industrialize	sent_comp	unexpected	The pilot thinks the surgeons industrializes	0.0025467863876826387	0.0025467863876826387	13.970574855804445	13.970574855804445
1767	gpt2	1768	884	10	industrialize	sent_comp	expected	The pilot thinks the surgeons industrialize	0.010807131474137989	0.010807131474137989	12.92787551879883	12.92787551879883
1768	gpt2	1769	885	10	infiltrate	sent_comp	unexpected	The pilot thinks the surgeons infiltrates	0.033777497998357824	0.033777497998357824	12.94214940071106	12.94214940071106
1769	gpt2	1770	885	10	infiltrate	sent_comp	expected	The pilot thinks the surgeons infiltrate	8.440235319540079e-07	8.440235319540079e-07	20.17621421813965	20.17621421813965
1770	gpt2	1771	886	10	inflame	sent_comp	unexpected	The pilot thinks the surgeons inflames	4.095819775784548e-05	4.095819775784548e-05	17.364060401916504	17.364060401916504
1771	gpt2	1772	886	10	inflame	sent_comp	expected	The pilot thinks the surgeons inflame	0.002514607057207706	0.002514607057207706	14.390296220779419	14.390296220779419
1772	gpt2	1773	887	10	inflate	sent_comp	unexpected	The pilot thinks the surgeons inflates	0.0016536407808302558	0.0016536407808302558	14.69267225265503	14.69267225265503
1773	gpt2	1774	887	10	inflate	sent_comp	expected	The pilot thinks the surgeons inflate	0.27715049628545785	0.27715049628545785	9.051666587591171	9.051666587591171
1774	gpt2	1775	888	10	inflict	sent_comp	unexpected	The pilot thinks the surgeons inflicts	0.337428475069693	0.337428475069693	12.425428360700607	12.425428360700607
1775	gpt2	1776	888	10	inflict	sent_comp	expected	The pilot thinks the surgeons inflict	1.8170417206420095e-06	1.8170417206420095e-06	19.069976806640625	19.069976806640625
1776	gpt2	1777	889	10	influence	sent_comp	unexpected	The pilot thinks the surgeons influences	1.4827659100546953e-08	1.4827659100546953e-08	26.00713348388672	26.00713348388672
1777	gpt2	1778	889	10	influence	sent_comp	expected	The pilot thinks the surgeons influence	2.2344027001963696e-06	2.2344027001963696e-06	18.771678924560547	18.771678924560547
1778	gpt2	1779	890	10	inform	sent_comp	unexpected	The pilot thinks the surgeons informs	1.650494709792838e-07	1.650494709792838e-07	22.530597686767575	22.530597686767575
1779	gpt2	1780	890	10	inform	sent_comp	expected	The pilot thinks the surgeons inform	8.18358785181772e-06	8.18358785181772e-06	16.898834228515625	16.898834228515625
1780	gpt2	1781	891	10	infringe	sent_comp	unexpected	The pilot thinks the surgeons infringes	0.001292568340886601	0.001292568340886601	13.948362827301025	13.948362827301025
1781	gpt2	1782	891	10	infringe	sent_comp	expected	The pilot thinks the surgeons infringe	0.08359453786442825	0.08359453786442825	10.940389275550842	10.940389275550842
1782	gpt2	1783	892	10	infuriate	sent_comp	unexpected	The pilot thinks the surgeons infuriates	0.00048614162847112507	0.00048614162847112507	15.913854122161865	15.913854122161865
1783	gpt2	1784	892	10	infuriate	sent_comp	expected	The pilot thinks the surgeons infuriate	0.33337167178842714	0.33337167178842714	8.457582189080616	8.457582189080616
1784	gpt2	1785	893	10	infuse	sent_comp	unexpected	The pilot thinks the surgeons infuses	0.0004175947958628855	0.0004175947958628855	13.74438762664795	13.74438762664795
1785	gpt2	1786	893	10	infuse	sent_comp	expected	The pilot thinks the surgeons infuse	0.06615215484430334	0.06615215484430334	10.085098028182983	10.085098028182983
1786	gpt2	1787	894	10	ingest	sent_comp	unexpected	The pilot thinks the surgeons ingests	0.14366160012741602	0.14366160012741602	10.641229331493378	10.641229331493378
1787	gpt2	1788	894	10	ingest	sent_comp	expected	The pilot thinks the surgeons ingest	2.192289002778125e-06	2.192289002778125e-06	18.799131393432617	18.799131393432617
1788	gpt2	1789	895	10	ingratiate	sent_comp	unexpected	The pilot thinks the surgeons ingratiates	0.25684207983294977	0.25684207983294977	7.955840779992286	7.955840779992286
1789	gpt2	1790	895	10	ingratiate	sent_comp	expected	The pilot thinks the surgeons ingratiate	0.3610165750419583	0.3610165750419583	6.586660666915122	6.586660666915122
1790	gpt2	1791	896	10	inhibit	sent_comp	unexpected	The pilot thinks the surgeons inhibits	2.636396434496646e-09	2.636396434496646e-09	28.4987850189209	28.4987850189209
1791	gpt2	1792	896	10	inhibit	sent_comp	expected	The pilot thinks the surgeons inhibit	3.3084728556787013e-07	3.3084728556787013e-07	21.52733039855957	21.52733039855957
1792	gpt2	1793	897	10	initiate	sent_comp	unexpected	The pilot thinks the surgeons initiates	0.4468384120633928	0.4468384120633928	11.541588261723517	11.541588261723517
1793	gpt2	1794	897	10	initiate	sent_comp	expected	The pilot thinks the surgeons initiate	1.4137968946670298e-06	1.4137968946670298e-06	19.43199348449707	19.43199348449707
1794	gpt2	1795	898	10	inject	sent_comp	unexpected	The pilot thinks the surgeons injects	0.0062384151478909015	0.0062384151478909015	10.42660140991211	10.42660140991211
1795	gpt2	1796	898	10	inject	sent_comp	expected	The pilot thinks the surgeons inject	4.245575473760255e-05	4.245575473760255e-05	14.523680686950684	14.523680686950684
1796	gpt2	1797	899	10	injure	sent_comp	unexpected	The pilot thinks the surgeons injures	0.07506131967841867	0.07506131967841867	12.722392797470093	12.722392797470093
1797	gpt2	1798	899	10	injure	sent_comp	expected	The pilot thinks the surgeons injure	2.353580384806264e-06	2.353580384806264e-06	18.69671058654785	18.69671058654785
1798	gpt2	1799	900	10	innovate	sent_comp	unexpected	The pilot thinks the surgeons innovates	0.0013079904841788224	0.0013079904841788224	14.833379745483398	14.833379745483398
1799	gpt2	1800	900	10	innovate	sent_comp	expected	The pilot thinks the surgeons innovate	4.39302425547794e-07	4.39302425547794e-07	21.118282318115234	21.118282318115234
1800	gpt2	1801	901	10	insist	sent_comp	unexpected	The pilot thinks the surgeons insists	3.350461668105709e-07	3.350461668105709e-07	21.50913619995117	21.50913619995117
1801	gpt2	1802	901	10	insist	sent_comp	expected	The pilot thinks the surgeons insist	2.782171759463381e-05	2.782171759463381e-05	15.133428573608398	15.133428573608398
1802	gpt2	1803	902	10	inspect	sent_comp	unexpected	The pilot thinks the surgeons inspects	0.005723939563267743	0.005723939563267743	11.520820617675781	11.520820617675781
1803	gpt2	1804	902	10	inspect	sent_comp	expected	The pilot thinks the surgeons inspect	1.0125911103386898e-05	1.0125911103386898e-05	16.591588973999023	16.591588973999023
1804	gpt2	1805	903	10	inspire	sent_comp	unexpected	The pilot thinks the surgeons inspires	1.2866384402343556e-08	1.2866384402343556e-08	26.21181869506836	26.21181869506836
1805	gpt2	1806	903	10	inspire	sent_comp	expected	The pilot thinks the surgeons inspire	8.897541761143657e-07	8.897541761143657e-07	20.10009002685547	20.10009002685547
1806	gpt2	1807	904	10	install	sent_comp	unexpected	The pilot thinks the surgeons installs	5.5785505992389524e-08	5.5785505992389524e-08	24.09553337097168	24.09553337097168
1807	gpt2	1808	904	10	install	sent_comp	expected	The pilot thinks the surgeons install	8.52147422847338e-06	8.52147422847338e-06	16.840465545654297	16.840465545654297
1808	gpt2	1809	905	10	instill	sent_comp	unexpected	The pilot thinks the surgeons instills	0.00025808912761246603	0.00025808912761246603	14.966728687286377	14.966728687286377
1809	gpt2	1810	905	10	instill	sent_comp	expected	The pilot thinks the surgeons instill	0.034890828767686316	0.034890828767686316	11.424676060676575	11.424676060676575
1810	gpt2	1811	906	10	institute	sent_comp	unexpected	The pilot thinks the surgeons institutes	0.020036119805656203	0.020036119805656203	13.82259225845337	13.82259225845337
1811	gpt2	1812	906	10	institute	sent_comp	expected	The pilot thinks the surgeons institute	1.3449540574583807e-06	1.3449540574583807e-06	19.504011154174805	19.504011154174805
1812	gpt2	1813	907	10	insulate	sent_comp	unexpected	The pilot thinks the surgeons insulates	0.006121596445154841	0.006121596445154841	12.708733797073364	12.708733797073364
1813	gpt2	1814	907	10	insulate	sent_comp	expected	The pilot thinks the surgeons insulate	0.113221893676382	0.113221893676382	10.604081511497498	10.604081511497498
1814	gpt2	1815	908	10	insure	sent_comp	unexpected	The pilot thinks the surgeons insures	0.01703282132075399	0.01703282132075399	11.97049617767334	11.97049617767334
1815	gpt2	1816	908	10	insure	sent_comp	expected	The pilot thinks the surgeons insure	8.003989364624431e-07	8.003989364624431e-07	20.25277709960937	20.25277709960937
1816	gpt2	1817	909	10	integrate	sent_comp	unexpected	The pilot thinks the surgeons integrates	3.598130149384815e-08	3.598130149384815e-08	24.728178024291992	24.728178024291992
1817	gpt2	1818	909	10	integrate	sent_comp	expected	The pilot thinks the surgeons integrate	1.5633434031769866e-06	1.5633434031769866e-06	19.28693389892578	19.28693389892578
1818	gpt2	1819	910	10	intend	sent_comp	unexpected	The pilot thinks the surgeons intends	6.53678216622211e-06	6.53678216622211e-06	17.22298812866211	17.22298812866211
1819	gpt2	1820	910	10	intend	sent_comp	expected	The pilot thinks the surgeons intend	0.0003637660411186	0.0003637660411186	11.424701690673828	11.424701690673828
1820	gpt2	1821	911	10	intensify	sent_comp	unexpected	The pilot thinks the surgeons intensifies	0.08749023587058556	0.08749023587058556	14.534785270690918	14.534785270690918
1821	gpt2	1822	911	10	intensify	sent_comp	expected	The pilot thinks the surgeons intensify	1.8750273511614068e-07	1.8750273511614068e-07	22.34658432006836	22.34658432006836
1822	gpt2	1823	912	10	interconnect	sent_comp	unexpected	The pilot thinks the surgeons interconnects	0.012567130210451654	0.012567130210451654	10.374470233917236	10.374470233917236
1823	gpt2	1824	912	10	interconnect	sent_comp	expected	The pilot thinks the surgeons interconnect	0.0011452082283085305	0.0011452082283085305	13.151875495910645	13.151875495910645
1824	gpt2	1825	913	10	interest	sent_comp	unexpected	The pilot thinks the surgeons interests	9.591774841055668e-08	9.591774841055668e-08	23.313627243041992	23.313627243041992
1825	gpt2	1826	913	10	interest	sent_comp	expected	The pilot thinks the surgeons interest	2.3126056021283148e-06	2.3126056021283148e-06	18.72204971313477	18.72204971313477
1826	gpt2	1827	914	10	interfere	sent_comp	unexpected	The pilot thinks the surgeons interferes	0.39800125622620425	0.39800125622620425	6.628202384182562	6.628202384182562
1827	gpt2	1828	914	10	interfere	sent_comp	expected	The pilot thinks the surgeons interfere	3.120748260698747e-06	3.120748260698747e-06	18.28967666625977	18.28967666625977
1828	gpt2	1829	915	10	interpret	sent_comp	unexpected	The pilot thinks the surgeons interprets	0.40665151822278744	0.40665151822278744	10.260178968310356	10.260178968310356
1829	gpt2	1830	915	10	interpret	sent_comp	expected	The pilot thinks the surgeons interpret	1.459327631891938e-05	1.459327631891938e-05	16.0643367767334	16.0643367767334
1830	gpt2	1831	916	10	intervene	sent_comp	unexpected	The pilot thinks the surgeons intervenes	0.40430151607953846	0.40430151607953846	11.758368015289307	11.758368015289307
1831	gpt2	1832	916	10	intervene	sent_comp	expected	The pilot thinks the surgeons intervene	3.801949105763924e-06	3.801949105763924e-06	18.00482940673828	18.00482940673828
1832	gpt2	1833	917	10	interview	sent_comp	unexpected	The pilot thinks the surgeons interviews	1.5964954513947305e-07	1.5964954513947305e-07	22.578588485717773	22.578588485717773
1833	gpt2	1834	917	10	interview	sent_comp	expected	The pilot thinks the surgeons interview	1.4911496464264928e-06	1.4911496464264928e-06	19.35514259338379	19.35514259338379
1834	gpt2	1835	918	10	intimate	sent_comp	unexpected	The pilot thinks the surgeons intimates	0.0031934770741628275	0.0031934770741628275	15.061398029327393	15.061398029327393
1835	gpt2	1836	918	10	intimate	sent_comp	expected	The pilot thinks the surgeons intimate	2.2219832374048565e-07	2.2219832374048565e-07	22.10164833068848	22.10164833068848
1836	gpt2	1837	919	10	introduce	sent_comp	unexpected	The pilot thinks the surgeons introduces	1.3986316105274454e-07	1.3986316105274454e-07	22.769479751586918	22.769479751586918
1837	gpt2	1838	919	10	introduce	sent_comp	expected	The pilot thinks the surgeons introduce	7.371177616732893e-06	7.371177616732893e-06	17.049673080444336	17.049673080444336
1838	gpt2	1839	920	10	invade	sent_comp	unexpected	The pilot thinks the surgeons invades	0.009837338594877561	0.009837338594877561	13.420861244201658	13.420861244201658
1839	gpt2	1840	920	10	invade	sent_comp	expected	The pilot thinks the surgeons invade	7.899763545538008e-07	7.899763545538008e-07	20.27168655395508	20.27168655395508
1840	gpt2	1841	921	10	invent	sent_comp	unexpected	The pilot thinks the surgeons invents	0.009575285842799961	0.009575285842799961	13.440337896347044	13.440337896347044
1841	gpt2	1842	921	10	invent	sent_comp	expected	The pilot thinks the surgeons invent	2.5926051421265583e-06	2.5926051421265583e-06	18.557165145874023	18.557165145874023
1842	gpt2	1843	922	10	investigate	sent_comp	unexpected	The pilot thinks the surgeons investigates	3.445903473675571e-08	3.445903473675571e-08	24.790542602539062	24.790542602539062
1843	gpt2	1844	922	10	investigate	sent_comp	expected	The pilot thinks the surgeons investigate	2.734871031861985e-06	2.734871031861985e-06	18.48009490966797	18.48009490966797
1844	gpt2	1845	923	10	invest	sent_comp	unexpected	The pilot thinks the surgeons invests	1.4528002800773264e-08	1.4528002800773264e-08	26.03658866882324	26.03658866882324
1845	gpt2	1846	923	10	invest	sent_comp	expected	The pilot thinks the surgeons invest	3.533466269800556e-06	3.533466269800556e-06	18.110485076904297	18.110485076904297
1846	gpt2	1847	924	10	invite	sent_comp	unexpected	The pilot thinks the surgeons invites	6.377421613024127e-08	6.377421613024127e-08	23.90245056152344	23.90245056152344
1847	gpt2	1848	924	10	invite	sent_comp	expected	The pilot thinks the surgeons invite	5.662079274770804e-06	5.662079274770804e-06	17.43023681640625	17.43023681640625
1848	gpt2	1849	925	10	invoke	sent_comp	unexpected	The pilot thinks the surgeons invokes	0.01673398435690386	0.01673398435690386	13.03763437271118	13.03763437271118
1849	gpt2	1850	925	10	invoke	sent_comp	expected	The pilot thinks the surgeons invoke	8.95474670414842e-07	8.95474670414842e-07	20.090843200683597	20.090843200683597
1850	gpt2	1851	926	10	involve	sent_comp	unexpected	The pilot thinks the surgeons involves	1.5207969283892453e-07	1.5207969283892453e-07	22.64866828918457	22.64866828918457
1851	gpt2	1852	926	10	involve	sent_comp	expected	The pilot thinks the surgeons involve	6.599218522751471e-06	6.599218522751471e-06	17.209272384643555	17.209272384643555
1852	gpt2	1853	927	10	irk	sent_comp	unexpected	The pilot thinks the surgeons irks	0.001896431783563907	0.001896431783563907	13.738135814666748	13.738135814666748
1853	gpt2	1854	927	10	irk	sent_comp	expected	The pilot thinks the surgeons irk	0.002874345166958357	0.002874345166958357	13.438071250915527	13.438071250915527
1854	gpt2	1855	928	10	iron	sent_comp	unexpected	The pilot thinks the surgeons irons	0.007586277436814707	0.007586277436814707	12.737881898880005	12.737881898880005
1855	gpt2	1856	928	10	iron	sent_comp	expected	The pilot thinks the surgeons iron	1.907573278003838e-06	1.907573278003838e-06	18.99983024597168	18.99983024597168
1856	gpt2	1857	929	10	isolate	sent_comp	unexpected	The pilot thinks the surgeons isolates	0.07320810342388029	0.07320810342388029	12.114404678344725	12.114404678344725
1857	gpt2	1858	929	10	isolate	sent_comp	expected	The pilot thinks the surgeons isolate	1.670212213866762e-06	1.670212213866762e-06	19.191537857055664	19.191537857055664
1858	gpt2	1859	930	10	issue	sent_comp	unexpected	The pilot thinks the surgeons issues	4.067956524522742e-06	4.067956524522742e-06	17.907264709472656	17.907264709472656
1859	gpt2	1860	930	10	issue	sent_comp	expected	The pilot thinks the surgeons issue	8.80217703524977e-06	8.80217703524977e-06	16.79370880126953	16.79370880126953
1860	gpt2	1861	931	10	itemize	sent_comp	unexpected	The pilot thinks the surgeons itemizes	0.02911941207682386	0.02911941207682386	12.459406614303589	12.459406614303589
1861	gpt2	1862	931	10	itemize	sent_comp	expected	The pilot thinks the surgeons itemize	0.05388111866747636	0.05388111866747636	12.015504360198975	12.015504360198975
1862	gpt2	1863	932	10	jack	sent_comp	unexpected	The pilot thinks the surgeons jacks	0.0014049234555386593	0.0014049234555386593	12.471257209777832	12.471257209777832
1863	gpt2	1864	932	10	jack	sent_comp	expected	The pilot thinks the surgeons jack	3.9267679312615655e-06	3.9267679312615655e-06	17.95822525024414	17.95822525024414
1864	gpt2	1865	933	10	jeopardize	sent_comp	unexpected	The pilot thinks the surgeons jeopardizes	0.0017938815147431307	0.0017938815147431307	13.938225269317627	13.938225269317627
1865	gpt2	1866	933	10	jeopardize	sent_comp	expected	The pilot thinks the surgeons jeopardize	0.21722970854926868	0.21722970854926868	10.478003144264221	10.478003144264221
1866	gpt2	1867	934	10	join	sent_comp	unexpected	The pilot thinks the surgeons joins	8.540870055639972e-08	8.540870055639972e-08	23.481040954589844	23.481040954589844
1867	gpt2	1868	934	10	join	sent_comp	expected	The pilot thinks the surgeons join	1.5399818948935717e-05	1.5399818948935717e-05	15.986726760864258	15.986726760864258
1868	gpt2	1869	935	10	joke	sent_comp	unexpected	The pilot thinks the surgeons jokes	3.190453696788609e-07	3.190453696788609e-07	21.579734802246094	21.579734802246094
1869	gpt2	1870	935	10	joke	sent_comp	expected	The pilot thinks the surgeons joke	6.857548669358948e-06	6.857548669358948e-06	17.15387535095215	17.15387535095215
1870	gpt2	1871	936	10	jolt	sent_comp	unexpected	The pilot thinks the surgeons jolts	0.026122530424800044	0.026122530424800044	8.876024643580118	8.876024643580118
1871	gpt2	1872	936	10	jolt	sent_comp	expected	The pilot thinks the surgeons jolt	0.03779178224385756	0.03779178224385756	10.09375810623169	10.09375810623169
1872	gpt2	1873	937	10	judge	sent_comp	unexpected	The pilot thinks the surgeons judges	2.628443382945989e-07	2.628443382945989e-07	21.85928726196289	21.85928726196289
1873	gpt2	1874	937	10	judge	sent_comp	expected	The pilot thinks the surgeons judge	4.822937171411468e-06	4.822937171411468e-06	17.661657333374023	17.661657333374023
1874	gpt2	1875	938	10	juggle	sent_comp	unexpected	The pilot thinks the surgeons juggles	0.001471510716328338	0.001471510716328338	13.769218444824219	13.769218444824219
1875	gpt2	1876	938	10	juggle	sent_comp	expected	The pilot thinks the surgeons juggle	0.44428760591017635	0.44428760591017635	9.649766057729721	9.649766057729721
1876	gpt2	1877	939	10	jump	sent_comp	unexpected	The pilot thinks the surgeons jumps	2.998320383085229e-07	2.998320383085229e-07	21.669342041015625	21.669342041015625
1877	gpt2	1878	939	10	jump	sent_comp	expected	The pilot thinks the surgeons jump	9.821636012929956e-06	9.821636012929956e-06	16.635604858398438	16.635604858398438
1878	gpt2	1879	940	10	junk	sent_comp	unexpected	The pilot thinks the surgeons junks	0.019472033545683932	0.019472033545683932	14.416820287704468	14.416820287704468
1879	gpt2	1880	940	10	junk	sent_comp	expected	The pilot thinks the surgeons junk	9.790769581741188e-07	9.790769581741188e-07	19.96207427978516	19.96207427978516
1880	gpt2	1881	941	10	justify	sent_comp	unexpected	The pilot thinks the surgeons justifies	4.64454714688145e-08	4.64454714688145e-08	24.359886169433597	24.359886169433597
1881	gpt2	1882	941	10	justify	sent_comp	expected	The pilot thinks the surgeons justify	7.0982632678351365e-06	7.0982632678351365e-06	17.104103088378906	17.104103088378906
1882	gpt2	1883	942	10	keen	sent_comp	unexpected	The pilot thinks the surgeons keens	0.0003876344364357154	0.0003876344364357154	15.24992513656616	15.24992513656616
1883	gpt2	1884	942	10	keen	sent_comp	expected	The pilot thinks the surgeons keen	3.5162818221579077e-06	3.5162818221579077e-06	18.11751747131348	18.11751747131348
1884	gpt2	1885	943	10	keep	sent_comp	unexpected	The pilot thinks the surgeons keeps	1.0738955324995914e-06	1.0738955324995914e-06	19.82871437072754	19.82871437072754
1885	gpt2	1886	943	10	keep	sent_comp	expected	The pilot thinks the surgeons keep	0.0001437860482838	0.0001437860482838	12.763789176940918	12.763789176940918
1886	gpt2	1887	944	10	key	sent_comp	unexpected	The pilot thinks the surgeons keys	2.162874039868257e-07	2.162874039868257e-07	22.14054679870605	22.14054679870605
1887	gpt2	1888	944	10	key	sent_comp	expected	The pilot thinks the surgeons key	4.67312474938808e-06	4.67312474938808e-06	17.70718002319336	17.70718002319336
1888	gpt2	1889	945	10	kick	sent_comp	unexpected	The pilot thinks the surgeons kicks	1.0209067369260084e-07	1.0209067369260084e-07	23.22364616394043	23.22364616394043
1889	gpt2	1890	945	10	kick	sent_comp	expected	The pilot thinks the surgeons kick	1.9839946617139503e-05	1.9839946617139503e-05	15.62123203277588	15.62123203277588
1890	gpt2	1891	946	10	kidnap	sent_comp	unexpected	The pilot thinks the surgeons kidnaps	0.04209655185550164	0.04209655185550164	14.470489621162415	14.470489621162415
1891	gpt2	1892	946	10	kidnap	sent_comp	expected	The pilot thinks the surgeons kidnap	5.782236485174508e-07	5.782236485174508e-07	20.72186851501465	20.72186851501465
1892	gpt2	1893	947	10	kill	sent_comp	unexpected	The pilot thinks the surgeons kills	2.428502909879171e-07	2.428502909879171e-07	21.97342872619629	21.97342872619629
1893	gpt2	1894	947	10	kill	sent_comp	expected	The pilot thinks the surgeons kill	5.5702821555314586e-05	5.5702821555314586e-05	14.131890296936035	14.131890296936035
1894	gpt2	1895	948	10	kiss	sent_comp	unexpected	The pilot thinks the surgeons kisses	1.603918207138122e-07	1.603918207138122e-07	22.571895599365234	22.571895599365234
1895	gpt2	1896	948	10	kiss	sent_comp	expected	The pilot thinks the surgeons kiss	8.590012839704286e-06	8.590012839704286e-06	16.828908920288086	16.828908920288086
1896	gpt2	1897	949	10	knock	sent_comp	unexpected	The pilot thinks the surgeons knocks	1.272526475304403e-07	1.272526475304403e-07	22.90580177307129	22.90580177307129
1897	gpt2	1898	949	10	knock	sent_comp	expected	The pilot thinks the surgeons knock	1.6423371107521234e-06	1.6423371107521234e-06	19.215818405151367	19.215818405151367
1898	gpt2	1899	950	10	know	sent_comp	unexpected	The pilot thinks the surgeons knows	3.692054815473966e-05	3.692054815473966e-05	14.72521686553955	14.72521686553955
1899	gpt2	1900	950	10	know	sent_comp	expected	The pilot thinks the surgeons know	0.0037041343748569	0.0037041343748569	8.076647758483887	8.076647758483887
1900	gpt2	1901	951	10	kowtow	sent_comp	unexpected	The pilot thinks the surgeons kowtows	0.2626675592360925	0.2626675592360925	7.395595923997462	7.395595923997462
1901	gpt2	1902	951	10	kowtow	sent_comp	expected	The pilot thinks the surgeons kowtow	0.32925277154174637	0.32925277154174637	5.821288631297648	5.821288631297648
1902	gpt2	1903	952	10	label	sent_comp	unexpected	The pilot thinks the surgeons labels	9.533991374155448e-08	9.533991374155448e-08	23.322343826293945	23.322343826293945
1903	gpt2	1904	952	10	label	sent_comp	expected	The pilot thinks the surgeons label	1.4951481261959998e-06	1.4951481261959998e-06	19.351280212402344	19.351280212402344
1904	gpt2	1905	953	10	lag	sent_comp	unexpected	The pilot thinks the surgeons lags	0.0027078392886323854	0.0027078392886323854	11.635473728179932	11.635473728179932
1905	gpt2	1906	953	10	lag	sent_comp	expected	The pilot thinks the surgeons lag	1.888545284600696e-06	1.888545284600696e-06	19.014293670654297	19.014293670654297
1906	gpt2	1907	954	10	land	sent_comp	unexpected	The pilot thinks the surgeons lands	5.284263124849531e-07	5.284263124849531e-07	20.851795196533203	20.851795196533203
1907	gpt2	1908	954	10	land	sent_comp	expected	The pilot thinks the surgeons land	1.903452721307985e-05	1.903452721307985e-05	15.681021690368652	15.681021690368652
1908	gpt2	1909	955	10	languish	sent_comp	unexpected	The pilot thinks the surgeons languishes	0.0014048707815916782	0.0014048707815916782	15.508897304534912	15.508897304534912
1909	gpt2	1910	955	10	languish	sent_comp	expected	The pilot thinks the surgeons languish	0.286838136511399	0.286838136511399	11.672027856111526	11.672027856111526
1910	gpt2	1911	956	10	lash	sent_comp	unexpected	The pilot thinks the surgeons lashes	1.6872075292440062e-08	1.6872075292440062e-08	25.82078742980957	25.82078742980957
1911	gpt2	1912	956	10	lash	sent_comp	expected	The pilot thinks the surgeons lash	1.8912767529855048e-07	1.8912767529855048e-07	22.334136962890625	22.334136962890625
1912	gpt2	1913	957	10	last	sent_comp	unexpected	The pilot thinks the surgeons lasts	9.094860864422571e-09	9.094860864422571e-09	26.71230125427246	26.71230125427246
1913	gpt2	1914	957	10	last	sent_comp	expected	The pilot thinks the surgeons last	0.0001442475186195	0.0001442475186195	12.75916576385498	12.75916576385498
1914	gpt2	1915	958	10	laugh	sent_comp	unexpected	The pilot thinks the surgeons laughs	3.359599531904678e-07	3.359599531904678e-07	21.505207061767575	21.505207061767575
1915	gpt2	1916	958	10	laugh	sent_comp	expected	The pilot thinks the surgeons laugh	3.6804398405365646e-05	3.6804398405365646e-05	14.729762077331545	14.729762077331545
1916	gpt2	1917	959	10	launch	sent_comp	unexpected	The pilot thinks the surgeons launches	3.425614991670045e-08	3.425614991670045e-08	24.799060821533203	24.799060821533203
1917	gpt2	1918	959	10	launch	sent_comp	expected	The pilot thinks the surgeons launch	2.5880794964905363e-06	2.5880794964905363e-06	18.5596866607666	18.5596866607666
1918	gpt2	1919	960	10	launder	sent_comp	unexpected	The pilot thinks the surgeons launders	0.00021645667979441514	0.00021645667979441514	16.338902950286865	16.338902950286865
1919	gpt2	1920	960	10	launder	sent_comp	expected	The pilot thinks the surgeons launder	0.008304017872433136	0.008304017872433136	10.825493335723877	10.825493335723877
1920	gpt2	1921	961	10	lay	sent_comp	unexpected	The pilot thinks the surgeons lays	4.967119693333189e-08	4.967119693333189e-08	24.263015747070312	24.263015747070312
1921	gpt2	1922	961	10	lay	sent_comp	expected	The pilot thinks the surgeons lay	1.2921135748911183e-05	1.2921135748911183e-05	16.23990821838379	16.23990821838379
1922	gpt2	1923	962	10	lead	sent_comp	unexpected	The pilot thinks the surgeons leads	2.1186627918723389e-07	2.1186627918723389e-07	22.17034339904785	22.17034339904785
1923	gpt2	1924	962	10	lead	sent_comp	expected	The pilot thinks the surgeons lead	4.861378329223953e-05	4.861378329223953e-05	14.328274726867676	14.328274726867676
1924	gpt2	1925	963	10	lean	sent_comp	unexpected	The pilot thinks the surgeons leans	1.4141576798465394e-07	1.4141576798465394e-07	22.75355339050293	22.75355339050293
1925	gpt2	1926	963	10	lean	sent_comp	expected	The pilot thinks the surgeons lean	5.073248303233413e-06	5.073248303233413e-06	17.588659286499023	17.588659286499023
1926	gpt2	1927	964	10	leapfrog	sent_comp	unexpected	The pilot thinks the surgeons leapfrogs	0.012616553903588533	0.012616553903588533	10.441336790720623	10.441336790720623
1927	gpt2	1928	964	10	leapfrog	sent_comp	expected	The pilot thinks the surgeons leapfrog	0.0145972356214656	0.0145972356214656	12.23589587211609	12.23589587211609
1928	gpt2	1929	965	10	leap	sent_comp	unexpected	The pilot thinks the surgeons leaps	4.5880906185402643e-08	4.5880906185402643e-08	24.377531051635746	24.377531051635746
1929	gpt2	1930	965	10	leap	sent_comp	expected	The pilot thinks the surgeons leap	1.4722376135978266e-06	1.4722376135978266e-06	19.373558044433597	19.373558044433597
1930	gpt2	1931	966	10	learn	sent_comp	unexpected	The pilot thinks the surgeons learns	3.182285581715405e-07	3.182285581715405e-07	21.58343315124512	21.58343315124512
1931	gpt2	1932	966	10	learn	sent_comp	expected	The pilot thinks the surgeons learn	7.146765710785985e-05	7.146765710785985e-05	13.772350311279297	13.772350311279297
1932	gpt2	1933	967	10	lease	sent_comp	unexpected	The pilot thinks the surgeons leases	7.046839556323904e-08	7.046839556323904e-08	23.758447647094727	23.758447647094727
1933	gpt2	1934	967	10	lease	sent_comp	expected	The pilot thinks the surgeons lease	4.550873029529612e-07	4.550873029529612e-07	21.067352294921875	21.067352294921875
1934	gpt2	1935	968	10	leave	sent_comp	unexpected	The pilot thinks the surgeons leaves	2.090795987896854e-06	2.090795987896854e-06	18.867515563964844	18.867515563964844
1935	gpt2	1936	968	10	leave	sent_comp	expected	The pilot thinks the surgeons leave	0.0002101849677274	0.0002101849677274	12.216053009033203	12.216053009033203
1936	gpt2	1937	969	10	lecture	sent_comp	unexpected	The pilot thinks the surgeons lectures	2.6031580091512296e-07	2.6031580091512296e-07	21.873233795166016	21.873233795166016
1937	gpt2	1938	969	10	lecture	sent_comp	expected	The pilot thinks the surgeons lecture	6.945608674868708e-07	6.945608674868708e-07	20.457395553588867	20.457395553588867
1938	gpt2	1939	970	10	legislate	sent_comp	unexpected	The pilot thinks the surgeons legislates	0.0006986605803262898	0.0006986605803262898	15.9555983543396	15.9555983543396
1939	gpt2	1940	970	10	legislate	sent_comp	expected	The pilot thinks the surgeons legislate	0.07668348322471275	0.07668348322471275	12.566417336463928	12.566417336463928
1940	gpt2	1941	971	10	legitimize	sent_comp	unexpected	The pilot thinks the surgeons legitimizes	0.00818445943500019	0.00818445943500019	13.502869367599487	13.502869367599487
1941	gpt2	1942	971	10	legitimize	sent_comp	expected	The pilot thinks the surgeons legitimize	0.2642178716158412	0.2642178716158412	10.996501415967941	10.996501415967941
1942	gpt2	1943	972	10	lend	sent_comp	unexpected	The pilot thinks the surgeons lends	6.035349997546291e-08	6.035349997546291e-08	23.98198699951172	23.98198699951172
1943	gpt2	1944	972	10	lend	sent_comp	expected	The pilot thinks the surgeons lend	5.58170177100692e-06	5.58170177100692e-06	17.450862884521484	17.450862884521484
1944	gpt2	1945	973	10	lengthen	sent_comp	unexpected	The pilot thinks the surgeons lengthens	0.0005818614169470352	0.0005818614169470352	15.321533203125	15.321533203125
1945	gpt2	1946	973	10	lengthen	sent_comp	expected	The pilot thinks the surgeons lengthen	0.49353309278529883	0.49353309278529883	10.457087714225054	10.457087714225054
1946	gpt2	1947	974	10	lessen	sent_comp	unexpected	The pilot thinks the surgeons lessens	0.001938620117016383	0.001938620117016383	12.0587158203125	12.0587158203125
1947	gpt2	1948	974	10	lessen	sent_comp	expected	The pilot thinks the surgeons lessen	6.507445391434885e-07	6.507445391434885e-07	20.55140495300293	20.55140495300293
1948	gpt2	1949	975	10	let	sent_comp	unexpected	The pilot thinks the surgeons lets	6.341780931506946e-07	6.341780931506946e-07	20.588607788085938	20.588607788085938
1949	gpt2	1950	975	10	let	sent_comp	expected	The pilot thinks the surgeons let	0.0003006789484061	0.0003006789484061	11.699488639831545	11.699488639831545
1950	gpt2	1951	976	10	level	sent_comp	unexpected	The pilot thinks the surgeons levels	1.1081499451393029e-07	1.1081499451393029e-07	23.105342864990234	23.105342864990234
1951	gpt2	1952	976	10	level	sent_comp	expected	The pilot thinks the surgeons level	3.0583801162720192e-06	3.0583801162720192e-06	18.31879997253418	18.31879997253418
1952	gpt2	1953	977	10	levy	sent_comp	unexpected	The pilot thinks the surgeons levies	0.0007829156335219449	0.0007829156335219449	14.614081382751465	14.614081382751465
1953	gpt2	1954	977	10	levy	sent_comp	expected	The pilot thinks the surgeons levy	2.3327616816004598e-07	2.3327616816004598e-07	22.031457901000977	22.031457901000977
1954	gpt2	1955	978	10	liberalize	sent_comp	unexpected	The pilot thinks the surgeons liberalizes	0.0030707442768118653	0.0030707442768118653	13.777607202529907	13.777607202529907
1955	gpt2	1956	978	10	liberalize	sent_comp	expected	The pilot thinks the surgeons liberalize	0.09139930765221037	0.09139930765221037	11.329752087593079	11.329752087593079
1956	gpt2	1957	979	10	license	sent_comp	unexpected	The pilot thinks the surgeons licenses	2.845583253474615e-07	2.845583253474615e-07	21.74477195739746	21.74477195739746
1957	gpt2	1958	979	10	license	sent_comp	expected	The pilot thinks the surgeons license	4.150944278080715e-06	4.150944278080715e-06	17.878128051757812	17.878128051757812
1958	gpt2	1959	980	10	lie	sent_comp	unexpected	The pilot thinks the surgeons lies	9.05145896012982e-07	9.05145896012982e-07	20.075345993041992	20.075345993041992
1959	gpt2	1960	980	10	lie	sent_comp	expected	The pilot thinks the surgeons lie	4.470386920729652e-05	4.470386920729652e-05	14.449240684509276	14.449240684509276
1960	gpt2	1961	981	11	lift	sent_comp	unexpected	The teacher thinks the teachers lifts	8.540853713157048e-08	8.540853713157048e-08	23.48104476928711	23.48104476928711
1961	gpt2	1962	981	11	lift	sent_comp	expected	The teacher thinks the teachers lift	4.886373517365428e-06	4.886373517365428e-06	17.642805099487305	17.642805099487305
1962	gpt2	1963	982	11	lighten	sent_comp	unexpected	The teacher thinks the teachers lightens	0.0005146687717569438	0.0005146687717569438	13.958028316497803	13.958028316497803
1963	gpt2	1964	982	11	lighten	sent_comp	expected	The teacher thinks the teachers lighten	0.05400377804016895	0.05400377804016895	10.598714590072632	10.598714590072632
1964	gpt2	1965	983	11	light	sent_comp	unexpected	The teacher thinks the teachers lights	2.870938828891667e-07	2.870938828891667e-07	21.73197364807129	21.73197364807129
1965	gpt2	1966	983	11	light	sent_comp	expected	The teacher thinks the teachers light	3.850340362987481e-06	3.850340362987481e-06	17.986581802368164	17.986581802368164
1966	gpt2	1967	984	11	like	sent_comp	unexpected	The teacher thinks the teachers likes	1.8988510419148952e-05	1.8988510419148952e-05	15.684514045715332	15.684514045715332
1967	gpt2	1968	984	11	like	sent_comp	expected	The teacher thinks the teachers like	0.0019607299473136	0.0019607299473136	8.994393348693848	8.994393348693848
1968	gpt2	1969	985	11	limit	sent_comp	unexpected	The teacher thinks the teachers limits	8.650303584545328e-08	8.650303584545328e-08	23.46267318725586	23.46267318725586
1969	gpt2	1970	985	11	limit	sent_comp	expected	The teacher thinks the teachers limit	2.7788025818153983e-06	2.7788025818153983e-06	18.45710563659668	18.45710563659668
1970	gpt2	1971	986	11	line	sent_comp	unexpected	The teacher thinks the teachers lines	6.062587658561824e-07	6.062587658561824e-07	20.653562545776367	20.653562545776367
1971	gpt2	1972	986	11	line	sent_comp	expected	The teacher thinks the teachers line	2.620991836010944e-05	2.620991836010944e-05	15.219527244567873	15.219527244567873
1972	gpt2	1973	987	11	linger	sent_comp	unexpected	The teacher thinks the teachers lingers	0.008006544822990225	0.008006544822990225	12.563531875610352	12.563531875610352
1973	gpt2	1974	987	11	linger	sent_comp	expected	The teacher thinks the teachers linger	1.962664327948005e-06	1.962664327948005e-06	18.958755493164062	18.958755493164062
1974	gpt2	1975	988	11	link	sent_comp	unexpected	The teacher thinks the teachers links	1.251725336715026e-07	1.251725336715026e-07	22.92957878112793	22.92957878112793
1975	gpt2	1976	988	11	link	sent_comp	expected	The teacher thinks the teachers link	4.323211669543525e-06	4.323211669543525e-06	17.81946563720703	17.81946563720703
1976	gpt2	1977	989	11	liquefy	sent_comp	unexpected	The teacher thinks the teachers liquefies	0.1940872190649685	0.1940872190649685	9.81108107169469	9.81108107169469
1977	gpt2	1978	989	11	liquefy	sent_comp	expected	The teacher thinks the teachers liquefy	0.32734045070959894	0.32734045070959894	8.770335614681242	8.770335614681242
1978	gpt2	1979	990	11	liquidate	sent_comp	unexpected	The teacher thinks the teachers liquidates	0.0009596055637643502	0.0009596055637643502	14.955299377441406	14.955299377441406
1979	gpt2	1980	990	11	liquidate	sent_comp	expected	The teacher thinks the teachers liquidate	0.0372338902702154	0.0372338902702154	12.316094517707823	12.316094517707823
1980	gpt2	1981	991	11	listen	sent_comp	unexpected	The teacher thinks the teachers listens	9.566064136379282e-07	9.566064136379282e-07	19.99557113647461	19.99557113647461
1981	gpt2	1982	991	11	listen	sent_comp	expected	The teacher thinks the teachers listen	0.0001041092546074	0.0001041092546074	13.2296142578125	13.2296142578125
1982	gpt2	1983	992	11	list	sent_comp	unexpected	The teacher thinks the teachers lists	3.779627206768055e-07	3.779627206768055e-07	21.33525276184082	21.33525276184082
1983	gpt2	1984	992	11	list	sent_comp	expected	The teacher thinks the teachers list	1.1656253263936378e-05	1.1656253263936378e-05	16.38853645324707	16.38853645324707
1984	gpt2	1985	993	11	live	sent_comp	unexpected	The teacher thinks the teachers lives	7.425179774145363e-06	7.425179774145363e-06	17.039142608642578	17.039142608642578
1985	gpt2	1986	993	11	live	sent_comp	expected	The teacher thinks the teachers live	0.0002225740608992	0.0002225740608992	12.133426666259766	12.133426666259766
1986	gpt2	1987	994	11	load	sent_comp	unexpected	The teacher thinks the teachers loads	4.195940732643066e-07	4.195940732643066e-07	21.18450164794922	21.18450164794922
1987	gpt2	1988	994	11	load	sent_comp	expected	The teacher thinks the teachers load	2.1527803255594332e-05	2.1527803255594332e-05	15.50343894958496	15.50343894958496
1988	gpt2	1989	995	11	loan	sent_comp	unexpected	The teacher thinks the teachers loans	3.3032708302016545e-07	3.3032708302016545e-07	21.52960205078125	21.52960205078125
1989	gpt2	1990	995	11	loan	sent_comp	expected	The teacher thinks the teachers loan	1.168287326436257e-05	1.168287326436257e-05	16.385244369506836	16.385244369506836
1990	gpt2	1991	996	11	lobby	sent_comp	unexpected	The teacher thinks the teachers lobbies	0.4816210640235052	0.4816210640235052	13.048854891210794	13.048854891210794
1991	gpt2	1992	996	11	lobby	sent_comp	expected	The teacher thinks the teachers lobby	2.1036403268226422e-06	2.1036403268226422e-06	18.858680725097656	18.858680725097656
1992	gpt2	1993	997	11	locate	sent_comp	unexpected	The teacher thinks the teachers locates	0.22661493263002083	0.22661493263002083	11.95539766550064	11.95539766550064
1993	gpt2	1994	997	11	locate	sent_comp	expected	The teacher thinks the teachers locate	6.111162633715139e-07	6.111162633715139e-07	20.64204978942871	20.64204978942871
1994	gpt2	1995	998	11	lock	sent_comp	unexpected	The teacher thinks the teachers locks	3.508664292439789e-08	3.508664292439789e-08	24.764503479003903	24.764503479003903
1995	gpt2	1996	998	11	lock	sent_comp	expected	The teacher thinks the teachers lock	4.530825208348688e-06	4.530825208348688e-06	17.751794815063477	17.751794815063477
1996	gpt2	1997	999	11	lodge	sent_comp	unexpected	The teacher thinks the teachers lodges	0.267309258872686	0.267309258872686	12.235329121351242	12.235329121351242
1997	gpt2	1998	999	11	lodge	sent_comp	expected	The teacher thinks the teachers lodge	1.6679096859206768e-07	1.6679096859206768e-07	22.51545524597168	22.51545524597168
1998	gpt2	1999	1000	11	log	sent_comp	unexpected	The teacher thinks the teachers logs	1.3390277331382094e-07	1.3390277331382094e-07	22.832311630249023	22.832311630249023
1999	gpt2	2000	1000	11	log	sent_comp	expected	The teacher thinks the teachers log	2.653373257999192e-06	2.653373257999192e-06	18.523740768432617	18.523740768432617
2000	gpt2	2001	1001	11	look	sent_comp	unexpected	The teacher thinks the teachers looks	1.4207638741936536e-05	1.4207638741936536e-05	16.10297393798828	16.10297393798828
2001	gpt2	2002	1001	11	look	sent_comp	expected	The teacher thinks the teachers look	0.0018500335281714	0.0018500335281714	9.078232765197754	9.078232765197754
2002	gpt2	2003	1002	11	loom	sent_comp	unexpected	The teacher thinks the teachers looms	7.140367408453585e-09	7.140367408453585e-09	27.06135368347168	27.06135368347168
2003	gpt2	2004	1002	11	loom	sent_comp	expected	The teacher thinks the teachers loom	0.004863536431002998	0.004863536431002998	10.901325941085815	10.901325941085815
2004	gpt2	2005	1003	11	loosen	sent_comp	unexpected	The teacher thinks the teachers loosens	0.0018730982660599678	0.0018730982660599678	14.164970874786377	14.164970874786377
2005	gpt2	2006	1003	11	loosen	sent_comp	expected	The teacher thinks the teachers loosen	5.300606176206202e-07	5.300606176206202e-07	20.847339630126957	20.847339630126957
2006	gpt2	2007	1004	11	loose	sent_comp	unexpected	The teacher thinks the teachers looses	0.000779614472776298	0.000779614472776298	12.232977867126467	12.232977867126467
2007	gpt2	2008	1004	11	loose	sent_comp	expected	The teacher thinks the teachers loose	1.1117335816379637e-06	1.1117335816379637e-06	19.778757095336918	19.778757095336918
2008	gpt2	2009	1005	11	loot	sent_comp	unexpected	The teacher thinks the teachers loots	0.0004769574661622744	0.0004769574661622744	12.304018497467041	12.304018497467041
2009	gpt2	2010	1005	11	loot	sent_comp	expected	The teacher thinks the teachers loot	4.908134769721073e-07	4.908134769721073e-07	20.95832252502441	20.95832252502441
2010	gpt2	2011	1006	11	lose	sent_comp	unexpected	The teacher thinks the teachers loses	6.357561801451084e-07	6.357561801451084e-07	20.585023880004883	20.585023880004883
2011	gpt2	2012	1006	11	lose	sent_comp	expected	The teacher thinks the teachers lose	0.0001001483906293	0.0001001483906293	13.28557300567627	13.28557300567627
2012	gpt2	2013	1007	11	love	sent_comp	unexpected	The teacher thinks the teachers loves	9.877600859908853e-06	9.877600859908853e-06	16.62740707397461	16.62740707397461
2013	gpt2	2014	1007	11	love	sent_comp	expected	The teacher thinks the teachers love	0.0015913646202534	0.0015913646202534	9.295519828796388	9.295519828796388
2014	gpt2	2015	1008	11	lower	sent_comp	unexpected	The teacher thinks the teachers lowers	1.1348411987910369e-07	1.1348411987910369e-07	23.071006774902344	23.071006774902344
2015	gpt2	2016	1008	11	lower	sent_comp	expected	The teacher thinks the teachers lower	8.971659553935751e-06	8.971659553935751e-06	16.766193389892578	16.766193389892578
2016	gpt2	2017	1009	11	lunch	sent_comp	unexpected	The teacher thinks the teachers lunches	0.013744824396326249	0.013744824396326249	10.807637453079224	10.807637453079224
2017	gpt2	2018	1009	11	lunch	sent_comp	expected	The teacher thinks the teachers lunch	6.195692094479455e-06	6.195692094479455e-06	17.300302505493164	17.300302505493164
2018	gpt2	2019	1010	11	lure	sent_comp	unexpected	The teacher thinks the teachers lures	0.0005051003172411244	0.0005051003172411244	12.260772228240967	12.260772228240967
2019	gpt2	2020	1010	11	lure	sent_comp	expected	The teacher thinks the teachers lure	4.591389028973936e-07	4.591389028973936e-07	21.0545654296875	21.0545654296875
2020	gpt2	2021	1011	11	mail	sent_comp	unexpected	The teacher thinks the teachers mails	9.818826219996702e-05	9.818826219996702e-05	13.885807514190674	13.885807514190674
2021	gpt2	2022	1011	11	mail	sent_comp	expected	The teacher thinks the teachers mail	1.0743523262135568e-06	1.0743523262135568e-06	19.828102111816406	19.828102111816406
2022	gpt2	2023	1012	11	maintain	sent_comp	unexpected	The teacher thinks the teachers maintains	9.08746145000805e-08	9.08746145000805e-08	23.39154815673828	23.39154815673828
2023	gpt2	2024	1012	11	maintain	sent_comp	expected	The teacher thinks the teachers maintain	1.7483962437836453e-05	1.7483962437836453e-05	15.803607940673828	15.803607940673828
2024	gpt2	2025	1013	11	make	sent_comp	unexpected	The teacher thinks the teachers makes	2.006826252909377e-05	2.006826252909377e-05	15.604724884033203	15.604724884033203
2025	gpt2	2026	1013	11	make	sent_comp	expected	The teacher thinks the teachers make	0.0020853239111602	0.0020853239111602	8.905512809753418	8.905512809753418
2026	gpt2	2027	1014	11	manage	sent_comp	unexpected	The teacher thinks the teachers manages	2.401890810688201e-07	2.401890810688201e-07	21.98932647705078	21.98932647705078
2027	gpt2	2028	1014	11	manage	sent_comp	expected	The teacher thinks the teachers manage	3.269650915171951e-05	3.269650915171951e-05	14.900504112243652	14.900504112243652
2028	gpt2	2029	1015	11	mandate	sent_comp	unexpected	The teacher thinks the teachers mandates	3.08337249066426e-08	3.08337249066426e-08	24.950916290283203	24.950916290283203
2029	gpt2	2030	1015	11	mandate	sent_comp	expected	The teacher thinks the teachers mandate	2.26762927013624e-06	2.26762927013624e-06	18.750383377075195	18.750383377075195
2030	gpt2	2031	1016	11	maneuver	sent_comp	unexpected	The teacher thinks the teachers maneuvers	1.7538797081328994e-08	1.7538797081328994e-08	25.764875411987305	25.764875411987305
2031	gpt2	2032	1016	11	maneuver	sent_comp	expected	The teacher thinks the teachers maneuver	2.8217965564181213e-07	2.8217965564181213e-07	21.756881713867188	21.756881713867188
2032	gpt2	2033	1017	11	manipulate	sent_comp	unexpected	The teacher thinks the teachers manipulates	0.06877126081116103	0.06877126081116103	11.240235805511475	11.240235805511475
2033	gpt2	2034	1017	11	manipulate	sent_comp	expected	The teacher thinks the teachers manipulate	1.0062357432616407e-05	1.0062357432616407e-05	16.600671768188477	16.600671768188477
2034	gpt2	2035	1018	11	manufacture	sent_comp	unexpected	The teacher thinks the teachers manufactures	4.0183170568752764e-08	4.0183170568752764e-08	24.568832397460938	24.568832397460938
2035	gpt2	2036	1018	11	manufacture	sent_comp	expected	The teacher thinks the teachers manufacture	1.105727733374806e-06	1.105727733374806e-06	19.786571502685547	19.786571502685547
2036	gpt2	2037	1019	11	man	sent_comp	unexpected	The teacher thinks the teachers mans	3.405606605610956e-07	3.405606605610956e-07	21.485584259033203	21.485584259033203
2037	gpt2	2038	1019	11	man	sent_comp	expected	The teacher thinks the teachers man	3.30143520841375e-05	3.30143520841375e-05	14.886547088623049	14.886547088623049
2038	gpt2	2039	1020	11	march	sent_comp	unexpected	The teacher thinks the teachers marches	1.936729034923701e-07	1.936729034923701e-07	22.29987525939941	22.29987525939941
2039	gpt2	2040	1020	11	march	sent_comp	expected	The teacher thinks the teachers march	6.7603423303808086e-06	6.7603423303808086e-06	17.17447280883789	17.17447280883789
2040	gpt2	2041	1021	11	market	sent_comp	unexpected	The teacher thinks the teachers markets	4.3142969730070046e-07	4.3142969730070046e-07	21.144371032714844	21.144371032714844
2041	gpt2	2042	1021	11	market	sent_comp	expected	The teacher thinks the teachers market	6.324884452624247e-06	6.324884452624247e-06	17.27052879333496	17.27052879333496
2042	gpt2	2043	1022	11	mark	sent_comp	unexpected	The teacher thinks the teachers marks	1.8447715888214589e-07	1.8447715888214589e-07	22.37005424499512	22.37005424499512
2043	gpt2	2044	1022	11	mark	sent_comp	expected	The teacher thinks the teachers mark	5.3606158871843945e-06	5.3606158871843945e-06	17.509170532226562	17.509170532226562
2044	gpt2	2045	1023	11	marry	sent_comp	unexpected	The teacher thinks the teachers marries	0.021075156278982377	0.021075156278982377	12.131437063217163	12.131437063217163
2045	gpt2	2046	1023	11	marry	sent_comp	expected	The teacher thinks the teachers marry	4.131946752750082e-06	4.131946752750082e-06	17.884746551513672	17.884746551513672
2046	gpt2	2047	1024	11	marvel	sent_comp	unexpected	The teacher thinks the teachers marvels	0.005509420805537923	0.005509420805537923	12.567280054092407	12.567280054092407
2047	gpt2	2048	1024	11	marvel	sent_comp	expected	The teacher thinks the teachers marvel	2.4643632059451197e-06	2.4643632059451197e-06	18.630353927612305	18.630353927612305
2048	gpt2	2049	1025	11	massage	sent_comp	unexpected	The teacher thinks the teachers massages	0.006083289800926649	0.006083289800926649	12.847721815109251	12.847721815109251
2049	gpt2	2050	1025	11	massage	sent_comp	expected	The teacher thinks the teachers massage	1.1213595598746906e-06	1.1213595598746906e-06	19.766319274902344	19.766319274902344
2050	gpt2	2051	1026	11	master	sent_comp	unexpected	The teacher thinks the teachers masters	5.185447662370279e-07	5.185447662370279e-07	20.8790283203125	20.8790283203125
2051	gpt2	2052	1026	11	master	sent_comp	expected	The teacher thinks the teachers master	1.911482286232058e-05	1.911482286232058e-05	15.674948692321776	15.674948692321776
2052	gpt2	2053	1027	11	match	sent_comp	unexpected	The teacher thinks the teachers matches	1.830918279210892e-07	1.830918279210892e-07	22.38092994689941	22.38092994689941
2053	gpt2	2054	1027	11	match	sent_comp	expected	The teacher thinks the teachers match	1.1892864677065518e-05	1.1892864677065518e-05	16.35954475402832	16.35954475402832
2054	gpt2	2055	1028	11	materialize	sent_comp	unexpected	The teacher thinks the teachers materializes	0.1354739482981131	0.1354739482981131	9.558636546134949	9.558636546134949
2055	gpt2	2056	1028	11	materialize	sent_comp	expected	The teacher thinks the teachers materialize	0.12569240885795807	0.12569240885795807	9.612696886062622	9.612696886062622
2056	gpt2	2057	1029	11	matter	sent_comp	unexpected	The teacher thinks the teachers matters	2.526637217670213e-06	2.526637217670213e-06	18.594350814819336	18.594350814819336
2057	gpt2	2058	1029	11	matter	sent_comp	expected	The teacher thinks the teachers matter	5.644452176056802e-05	5.644452176056802e-05	14.112807273864746	14.112807273864746
2058	gpt2	2059	1030	11	mature	sent_comp	unexpected	The teacher thinks the teachers matures	0.024970653849891243	0.024970653849891243	11.582278013229372	11.582278013229372
2059	gpt2	2060	1030	11	mature	sent_comp	expected	The teacher thinks the teachers mature	3.42566090694163e-06	3.42566090694163e-06	18.15518569946289	18.15518569946289
2060	gpt2	2061	1031	11	maul	sent_comp	unexpected	The teacher thinks the teachers mauls	0.0056273819160802445	0.0056273819160802445	9.685649077097574	9.685649077097574
2061	gpt2	2062	1031	11	maul	sent_comp	expected	The teacher thinks the teachers maul	0.004714042632258467	0.004714042632258467	10.994594812393188	10.994594812393188
2062	gpt2	2063	1032	11	maximize	sent_comp	unexpected	The teacher thinks the teachers maximizes	0.07159178469765945	0.07159178469765945	11.556189775466919	11.556189775466919
2063	gpt2	2064	1032	11	maximize	sent_comp	expected	The teacher thinks the teachers maximize	5.806584226775158e-07	5.806584226775158e-07	20.71580696105957	20.71580696105957
2064	gpt2	2065	1033	11	mean	sent_comp	unexpected	The teacher thinks the teachers means	1.931949555000756e-05	1.931949555000756e-05	15.65958309173584	15.65958309173584
2065	gpt2	2066	1033	11	mean	sent_comp	expected	The teacher thinks the teachers mean	0.0002770211431197	0.0002770211431197	11.817716598510742	11.817716598510742
2066	gpt2	2067	1034	11	measure	sent_comp	unexpected	The teacher thinks the teachers measures	1.074204874385032e-06	1.074204874385032e-06	19.828298568725582	19.828298568725582
2067	gpt2	2068	1034	11	measure	sent_comp	expected	The teacher thinks the teachers measure	2.016664620896336e-05	2.016664620896336e-05	15.59766960144043	15.59766960144043
2068	gpt2	2069	1035	11	mediate	sent_comp	unexpected	The teacher thinks the teachers mediates	0.09192411689914337	0.09192411689914337	12.364935636520384	12.364935636520384
2069	gpt2	2070	1035	11	mediate	sent_comp	expected	The teacher thinks the teachers mediate	0.14832826196970927	0.14832826196970927	10.270289480686186	10.270289480686186
2070	gpt2	2071	1036	11	meet	sent_comp	unexpected	The teacher thinks the teachers meets	3.240195667331136e-07	3.240195667331136e-07	21.55741500854492	21.55741500854492
2071	gpt2	2072	1036	11	meet	sent_comp	expected	The teacher thinks the teachers meet	6.381233833963051e-05	6.381233833963051e-05	13.935805320739746	13.935805320739746
2072	gpt2	2073	1037	11	meld	sent_comp	unexpected	The teacher thinks the teachers melds	0.03388754582435159	0.03388754582435159	9.166776100794474	9.166776100794474
2073	gpt2	2074	1037	11	meld	sent_comp	expected	The teacher thinks the teachers meld	0.04891135650359499	0.04891135650359499	9.737811207771301	9.737811207771301
2074	gpt2	2075	1038	11	melt	sent_comp	unexpected	The teacher thinks the teachers melts	8.617856650516842e-09	8.617856650516842e-09	26.790023803710938	26.790023803710938
2075	gpt2	2076	1038	11	melt	sent_comp	expected	The teacher thinks the teachers melt	1.2873724699602462e-06	1.2873724699602462e-06	19.567138671875	19.567138671875
2076	gpt2	2077	1039	11	mention	sent_comp	unexpected	The teacher thinks the teachers mentions	1.2556181161471613e-07	1.2556181161471613e-07	22.925098419189453	22.925098419189453
2077	gpt2	2078	1039	11	mention	sent_comp	expected	The teacher thinks the teachers mention	1.1475277460704092e-05	1.1475277460704092e-05	16.41111183166504	16.41111183166504
2078	gpt2	2079	1040	11	merge	sent_comp	unexpected	The teacher thinks the teachers merges	0.0027252107291814817	0.0027252107291814817	12.823933124542236	12.823933124542236
2079	gpt2	2080	1040	11	merge	sent_comp	expected	The teacher thinks the teachers merge	4.938220854455722e-07	4.938220854455722e-07	20.94950485229492	20.94950485229492
2080	gpt2	2081	1041	11	merit	sent_comp	unexpected	The teacher thinks the teachers merits	2.543957293710264e-07	2.543957293710264e-07	21.906421661376957	21.906421661376957
2081	gpt2	2082	1041	11	merit	sent_comp	expected	The teacher thinks the teachers merit	7.672227184229996e-06	7.672227184229996e-06	16.99192237854004	16.99192237854004
2082	gpt2	2083	1042	11	mesh	sent_comp	unexpected	The teacher thinks the teachers meshes	2.0109709453208783e-08	2.0109709453208783e-08	25.56753158569336	25.56753158569336
2083	gpt2	2084	1042	11	mesh	sent_comp	expected	The teacher thinks the teachers mesh	5.500500037669553e-07	5.500500037669553e-07	20.793933868408203	20.793933868408203
2084	gpt2	2085	1043	11	migrate	sent_comp	unexpected	The teacher thinks the teachers migrates	0.18215532843910776	0.18215532843910776	14.536484956741333	14.536484956741333
2085	gpt2	2086	1043	11	migrate	sent_comp	expected	The teacher thinks the teachers migrate	2.2189973947206454e-07	2.2189973947206454e-07	22.103588104248047	22.103588104248047
2086	gpt2	2087	1044	11	militate	sent_comp	unexpected	The teacher thinks the teachers militates	0.0014766488480262002	0.0014766488480262002	14.955874443054197	14.955874443054197
2087	gpt2	2088	1044	11	militate	sent_comp	expected	The teacher thinks the teachers militate	0.11806282028787506	0.11806282028787506	11.795251250267027	11.795251250267027
2088	gpt2	2089	1045	11	milk	sent_comp	unexpected	The teacher thinks the teachers milks	0.011253408083533138	0.011253408083533138	13.404369354248047	13.404369354248047
2089	gpt2	2090	1045	11	milk	sent_comp	expected	The teacher thinks the teachers milk	1.1346778592269402e-05	1.1346778592269402e-05	16.427356719970703	16.427356719970703
2090	gpt2	2091	1046	11	mimic	sent_comp	unexpected	The teacher thinks the teachers mimics	0.00903687873301346	0.00903687873301346	11.660458087921143	11.660458087921143
2091	gpt2	2092	1046	11	mimic	sent_comp	expected	The teacher thinks the teachers mimic	3.751918711714097e-06	3.751918711714097e-06	18.02393913269043	18.02393913269043
2092	gpt2	2093	1047	11	mince	sent_comp	unexpected	The teacher thinks the teachers minces	0.0019030495971605794	0.0019030495971605794	13.65735673904419	13.65735673904419
2093	gpt2	2094	1047	11	mince	sent_comp	expected	The teacher thinks the teachers mince	0.011457382453954766	0.011457382453954766	10.352821826934814	10.352821826934814
2094	gpt2	2095	1048	11	mind	sent_comp	unexpected	The teacher thinks the teachers minds	4.7267585614463314e-06	4.7267585614463314e-06	17.690717697143555	17.690717697143555
2095	gpt2	2096	1048	11	mind	sent_comp	expected	The teacher thinks the teachers mind	2.9637029001605697e-05	2.9637029001605697e-05	15.04223918914795	15.04223918914795
2096	gpt2	2097	1049	11	minimize	sent_comp	unexpected	The teacher thinks the teachers minimizes	0.007657679931696738	0.007657679931696738	13.409208297729494	13.409208297729494
2097	gpt2	2098	1049	11	minimize	sent_comp	expected	The teacher thinks the teachers minimize	1.5429594668603386e-06	1.5429594668603386e-06	19.30586814880371	19.30586814880371
2098	gpt2	2099	1050	11	mirror	sent_comp	unexpected	The teacher thinks the teachers mirrors	5.212481468674923e-08	5.212481468674923e-08	24.19345474243164	24.19345474243164
2099	gpt2	2100	1050	11	mirror	sent_comp	expected	The teacher thinks the teachers mirror	3.0643534500995884e-06	3.0643534500995884e-06	18.31598663330078	18.31598663330078
2100	gpt2	2101	1051	11	misinterpret	sent_comp	unexpected	The teacher thinks the teachers misinterprets	0.30650982689621736	0.30650982689621736	5.197394318412989	5.197394318412989
2101	gpt2	2102	1051	11	misinterpret	sent_comp	expected	The teacher thinks the teachers misinterpret	5.0346250645816326e-05	5.0346250645816326e-05	14.277755737304688	14.277755737304688
2102	gpt2	2103	1052	11	misrepresent	sent_comp	unexpected	The teacher thinks the teachers misrepresents	0.33049933997972397	0.33049933997972397	6.8206042895714445	6.8206042895714445
2103	gpt2	2104	1052	11	misrepresent	sent_comp	expected	The teacher thinks the teachers misrepresent	1.98502038983861e-05	1.98502038983861e-05	15.62048625946045	15.62048625946045
2104	gpt2	2105	1053	11	miss	sent_comp	unexpected	The teacher thinks the teachers misses	1.7338431916869013e-06	1.7338431916869013e-06	19.13759422302246	19.13759422302246
2105	gpt2	2106	1053	11	miss	sent_comp	expected	The teacher thinks the teachers miss	5.967782271909528e-05	5.967782271909528e-05	14.032445907592772	14.032445907592772
2106	gpt2	2107	1054	11	mistreat	sent_comp	unexpected	The teacher thinks the teachers mistreats	0.043887885525085324	0.043887885525085324	8.536961793899536	8.536961793899536
2107	gpt2	2108	1054	11	mistreat	sent_comp	expected	The teacher thinks the teachers mistreat	0.06427940843423129	0.06427940843423129	8.639809966087341	8.639809966087341
2108	gpt2	2109	1055	11	mitigate	sent_comp	unexpected	The teacher thinks the teachers mitigates	0.3201595412792812	0.3201595412792812	8.35328192760547	8.35328192760547
2109	gpt2	2110	1055	11	mitigate	sent_comp	expected	The teacher thinks the teachers mitigate	5.232181479186693e-07	5.232181479186693e-07	20.8660831451416	20.8660831451416
2110	gpt2	2111	1056	11	mix	sent_comp	unexpected	The teacher thinks the teachers mixes	5.979605788297705e-08	5.979605788297705e-08	23.99537467956543	23.99537467956543
2111	gpt2	2112	1056	11	mix	sent_comp	expected	The teacher thinks the teachers mix	1.0754723007266875e-05	1.0754723007266875e-05	16.504669189453125	16.504669189453125
2112	gpt2	2113	1057	11	moan	sent_comp	unexpected	The teacher thinks the teachers moans	0.00988744865759369	0.00988744865759369	12.890094041824343	12.890094041824343
2113	gpt2	2114	1057	11	moan	sent_comp	expected	The teacher thinks the teachers moan	2.1456055492308224e-06	2.1456055492308224e-06	18.830183029174805	18.830183029174805
2114	gpt2	2115	1058	11	mobilize	sent_comp	unexpected	The teacher thinks the teachers mobilizes	0.0019343219202027874	0.0019343219202027874	14.47410249710083	14.47410249710083
2115	gpt2	2116	1058	11	mobilize	sent_comp	expected	The teacher thinks the teachers mobilize	1.245476255462563e-07	1.245476255462563e-07	22.93680000305176	22.93680000305176
2116	gpt2	2117	1059	11	model	sent_comp	unexpected	The teacher thinks the teachers models	7.446591894222365e-07	7.446591894222365e-07	20.356916427612305	20.356916427612305
2117	gpt2	2118	1059	11	model	sent_comp	expected	The teacher thinks the teachers model	6.502002179331612e-06	6.502002179331612e-06	17.230684280395508	17.230684280395508
2118	gpt2	2119	1060	11	moderate	sent_comp	unexpected	The teacher thinks the teachers moderates	3.074831909088971e-07	3.074831909088971e-07	21.63298988342285	21.63298988342285
2119	gpt2	2120	1060	11	moderate	sent_comp	expected	The teacher thinks the teachers moderate	1.4517229374177989e-06	1.4517229374177989e-06	19.393802642822266	19.393802642822266
2120	gpt2	2121	1061	11	modernize	sent_comp	unexpected	The teacher thinks the teachers modernizes	0.0038445629537022744	0.0038445629537022744	14.354894876480104	14.354894876480104
2121	gpt2	2122	1061	11	modernize	sent_comp	expected	The teacher thinks the teachers modernize	0.14151154368965987	0.14151154368965987	11.753889679908754	11.753889679908754
2122	gpt2	2123	1062	11	modify	sent_comp	unexpected	The teacher thinks the teachers modifies	0.06218080220105545	0.06218080220105545	11.342766880989073	11.342766880989073
2123	gpt2	2124	1062	11	modify	sent_comp	expected	The teacher thinks the teachers modify	1.5561172403977253e-06	1.5561172403977253e-06	19.29361724853516	19.29361724853516
2124	gpt2	2125	1063	11	mollify	sent_comp	unexpected	The teacher thinks the teachers mollifies	0.001734564148743278	0.001734564148743278	10.81745433807373	10.81745433807373
2125	gpt2	2126	1063	11	mollify	sent_comp	expected	The teacher thinks the teachers mollify	0.05237785857752891	0.05237785857752891	8.811716556549072	8.811716556549072
2126	gpt2	2127	1064	11	monitor	sent_comp	unexpected	The teacher thinks the teachers monitors	1.5081074877798528e-07	1.5081074877798528e-07	22.660757064819336	22.660757064819336
2127	gpt2	2128	1064	11	monitor	sent_comp	expected	The teacher thinks the teachers monitor	6.118980309111066e-06	6.118980309111066e-06	17.31827735900879	17.31827735900879
2128	gpt2	2129	1065	11	monopolize	sent_comp	unexpected	The teacher thinks the teachers monopolizes	0.0037018702915929225	0.0037018702915929225	13.051769733428955	13.051769733428955
2129	gpt2	2130	1065	11	monopolize	sent_comp	expected	The teacher thinks the teachers monopolize	0.2839305530852698	0.2839305530852698	9.921019494533539	9.921019494533539
2130	gpt2	2131	1066	11	mop	sent_comp	unexpected	The teacher thinks the teachers mops	0.000269968513748567	0.000269968513748567	13.090653419494629	13.090653419494629
2131	gpt2	2132	1066	11	mop	sent_comp	expected	The teacher thinks the teachers mop	0.012930458164191767	0.012930458164191767	10.265482187271118	10.265482187271118
2132	gpt2	2133	1067	11	mortgage	sent_comp	unexpected	The teacher thinks the teachers mortgages	3.7882173842263e-08	3.7882173842263e-08	24.653905868530277	24.653905868530277
2133	gpt2	2134	1067	11	mortgage	sent_comp	expected	The teacher thinks the teachers mortgage	3.886418085130572e-07	3.886418085130572e-07	21.295055389404297	21.295055389404297
2134	gpt2	2135	1068	11	motivate	sent_comp	unexpected	The teacher thinks the teachers motivates	0.31711433240586473	0.31711433240586473	11.275801867246628	11.275801867246628
2135	gpt2	2136	1068	11	motivate	sent_comp	expected	The teacher thinks the teachers motivate	1.5466248441953212e-06	1.5466248441953212e-06	19.30244445800781	19.30244445800781
2136	gpt2	2137	1069	11	mount	sent_comp	unexpected	The teacher thinks the teachers mounts	2.3182893826856343e-08	2.3182893826856343e-08	25.362363815307617	25.362363815307617
2137	gpt2	2138	1069	11	mount	sent_comp	expected	The teacher thinks the teachers mount	5.119056254443421e-07	5.119056254443421e-07	20.897619247436523	20.897619247436523
2138	gpt2	2139	1070	11	move	sent_comp	unexpected	The teacher thinks the teachers moves	6.765369562344858e-07	6.765369562344858e-07	20.49532699584961	20.49532699584961
2139	gpt2	2140	1070	11	move	sent_comp	expected	The teacher thinks the teachers move	0.0001007438404485	0.0001007438404485	13.277020454406738	13.277020454406738
2140	gpt2	2141	1071	11	mow	sent_comp	unexpected	The teacher thinks the teachers mows	6.266331183724105e-05	6.266331183724105e-05	14.273679256439209	14.273679256439209
2141	gpt2	2142	1071	11	mow	sent_comp	expected	The teacher thinks the teachers mow	0.004079272257513367	0.004079272257513367	11.099226236343384	11.099226236343384
2142	gpt2	2143	1072	11	mull	sent_comp	unexpected	The teacher thinks the teachers mulls	0.0033881141618507856	0.0033881141618507856	13.277840852737427	13.277840852737427
2143	gpt2	2144	1072	11	mull	sent_comp	expected	The teacher thinks the teachers mull	1.496411982770951e-06	1.496411982770951e-06	19.350061416625977	19.350061416625977
2144	gpt2	2145	1073	11	multiply	sent_comp	unexpected	The teacher thinks the teachers multiplies	0.31753919562070365	0.31753919562070365	12.112734079360962	12.112734079360962
2145	gpt2	2146	1073	11	multiply	sent_comp	expected	The teacher thinks the teachers multiply	6.673197958662058e-07	6.673197958662058e-07	20.515117645263672	20.515117645263672
2146	gpt2	2147	1074	11	muse	sent_comp	unexpected	The teacher thinks the teachers muses	0.020497330901179063	0.020497330901179063	12.40787935256958	12.40787935256958
2147	gpt2	2148	1074	11	muse	sent_comp	expected	The teacher thinks the teachers muse	5.560033287110855e-07	5.560033287110855e-07	20.77840232849121	20.77840232849121
2148	gpt2	2149	1075	11	muster	sent_comp	unexpected	The teacher thinks the teachers musters	0.003597784701923912	0.003597784701923912	11.022382736206055	11.022382736206055
2149	gpt2	2150	1075	11	muster	sent_comp	expected	The teacher thinks the teachers muster	1.809269889463394e-07	1.809269889463394e-07	22.398088455200195	22.398088455200195
2150	gpt2	2151	1076	11	mute	sent_comp	unexpected	The teacher thinks the teachers mutes	0.00011191226803926702	0.00011191226803926702	13.778325080871582	13.778325080871582
2151	gpt2	2152	1076	11	mute	sent_comp	expected	The teacher thinks the teachers mute	4.315547812439036e-07	4.315547812439036e-07	21.143953323364254	21.143953323364254
2152	gpt2	2153	1077	11	nail	sent_comp	unexpected	The teacher thinks the teachers nails	1.019235014609876e-06	1.019235014609876e-06	19.90408134460449	19.90408134460449
2153	gpt2	2154	1077	11	nail	sent_comp	expected	The teacher thinks the teachers nail	1.5324945934480638e-06	1.5324945934480638e-06	19.31568717956543	19.31568717956543
2154	gpt2	2155	1078	11	name	sent_comp	unexpected	The teacher thinks the teachers names	4.223096766509116e-06	4.223096766509116e-06	17.853267669677734	17.853267669677734
2155	gpt2	2156	1078	11	name	sent_comp	expected	The teacher thinks the teachers name	3.871477019856684e-05	3.871477019856684e-05	14.656756401062012	14.656756401062012
2156	gpt2	2157	1079	12	narrow	sent_comp	unexpected	The managers think the consultant narrow	1.6865352563399938e-06	1.6865352563399938e-06	19.177505493164062	19.177505493164062
2157	gpt2	2158	1079	12	narrow	sent_comp	expected	The managers think the consultant narrows	0.46052248166103027	0.46052248166103027	9.648082315921783	9.648082315921783
2158	gpt2	2159	1080	12	navigate	sent_comp	unexpected	The managers think the consultant navigate	1.9223905667331564e-07	1.9223905667331564e-07	22.31059455871582	22.31059455871582
2159	gpt2	2160	1080	12	navigate	sent_comp	expected	The managers think the consultant navigates	0.15603739428900099	0.15603739428900099	9.960765540599823	9.960765540599823
2160	gpt2	2161	1081	12	naysay	sent_comp	unexpected	The managers think the consultant naysay	0.007428353028141495	0.007428353028141495	9.993856112162272	9.993856112162272
2161	gpt2	2162	1081	12	naysay	sent_comp	expected	The managers think the consultant naysays	0.005646864162372361	0.005646864162372361	10.967789649963379	10.967789649963379
2162	gpt2	2163	1082	12	need	sent_comp	unexpected	The managers think the consultant need	0.0010201428085565	0.0010201428085565	9.937012672424316	9.937012672424316
2163	gpt2	2164	1082	12	need	sent_comp	expected	The managers think the consultant needs	0.0088782170787453	0.0088782170787453	6.815514087677002	6.815514087677002
2164	gpt2	2165	1083	12	negotiate	sent_comp	unexpected	The managers think the consultant negotiate	1.038608274939179e-06	1.038608274939179e-06	19.876916885375977	19.876916885375977
2165	gpt2	2166	1083	12	negotiate	sent_comp	expected	The managers think the consultant negotiates	0.4987838516854026	0.4987838516854026	8.70303952973336	8.70303952973336
2166	gpt2	2167	1084	12	net	sent_comp	unexpected	The managers think the consultant net	2.288572659381316e-06	2.288572659381316e-06	18.737119674682617	18.737119674682617
2167	gpt2	2168	1084	12	net	sent_comp	expected	The managers think the consultant nets	5.343973157323489e-07	5.343973157323489e-07	20.83558464050293	20.83558464050293
2168	gpt2	2169	1085	12	network	sent_comp	unexpected	The managers think the consultant network	0.0001866342063294	0.0001866342063294	12.38749885559082	12.38749885559082
2169	gpt2	2170	1085	12	network	sent_comp	expected	The managers think the consultant networks	3.647698031272739e-05	3.647698031272739e-05	14.742653846740724	14.742653846740724
2170	gpt2	2171	1086	12	nominate	sent_comp	unexpected	The managers think the consultant nominate	2.1386922455235435e-08	2.1386922455235435e-08	25.478694915771484	25.478694915771484
2171	gpt2	2172	1086	12	nominate	sent_comp	expected	The managers think the consultant nominates	0.3347413332168685	0.3347413332168685	10.422601163387299	10.422601163387299
2172	gpt2	2173	1087	12	normalize	sent_comp	unexpected	The managers think the consultant normalize	0.011855987804665315	0.011855987804665315	11.461929082870483	11.461929082870483
2173	gpt2	2174	1087	12	normalize	sent_comp	expected	The managers think the consultant normalizes	0.20767609586073377	0.20767609586073377	9.396453320980072	9.396453320980072
2174	gpt2	2175	1088	12	notch	sent_comp	unexpected	The managers think the consultant notch	1.7797528073515426e-07	1.7797528073515426e-07	22.42181968688965	22.42181968688965
2175	gpt2	2176	1088	12	notch	sent_comp	expected	The managers think the consultant notches	0.0001364315721730138	0.0001364315721730138	13.288617134094238	13.288617134094238
2176	gpt2	2177	1089	12	note	sent_comp	unexpected	The managers think the consultant note	1.4390915566764306e-05	1.4390915566764306e-05	16.084482192993164	16.084482192993164
2177	gpt2	2178	1089	12	note	sent_comp	expected	The managers think the consultant notes	6.827547622378916e-05	6.827547622378916e-05	13.83827304840088	13.83827304840088
2178	gpt2	2179	1090	12	notice	sent_comp	unexpected	The managers think the consultant notice	7.717078915447928e-06	7.717078915447928e-06	16.98351287841797	16.98351287841797
2179	gpt2	2180	1090	12	notice	sent_comp	expected	The managers think the consultant notices	2.0660640075220726e-05	2.0660640075220726e-05	15.562755584716797	15.562755584716797
2180	gpt2	2181	1091	12	notify	sent_comp	unexpected	The managers think the consultant notify	6.885424852498545e-08	6.885424852498545e-08	23.791879653930664	23.791879653930664
2181	gpt2	2182	1091	12	notify	sent_comp	expected	The managers think the consultant notifies	0.000725860845705	0.000725860845705	10.883237361907959	10.883237361907959
2182	gpt2	2183	1092	12	nudge	sent_comp	unexpected	The managers think the consultant nudge	0.020448434161607992	0.020448434161607992	10.647536039352417	10.647536039352417
2183	gpt2	2184	1092	12	nudge	sent_comp	expected	The managers think the consultant nudges	0.10071392131885659	0.10071392131885659	9.601995587348938	9.601995587348938
2184	gpt2	2185	1093	12	nullify	sent_comp	unexpected	The managers think the consultant nullify	0.004025185565410497	0.004025185565410497	13.018282175064085	13.018282175064085
2185	gpt2	2186	1093	12	nullify	sent_comp	expected	The managers think the consultant nullifies	0.1125247339633688	0.1125247339633688	10.615604519844053	10.615604519844053
2186	gpt2	2187	1094	12	nurture	sent_comp	unexpected	The managers think the consultant nurture	1.405882414928783e-07	1.405882414928783e-07	22.762020111083984	22.762020111083984
2187	gpt2	2188	1094	12	nurture	sent_comp	expected	The managers think the consultant nurtures	0.1499092640534627	0.1499092640534627	10.080864012241364	10.080864012241364
2188	gpt2	2189	1095	12	obfuscate	sent_comp	unexpected	The managers think the consultant obfuscate	0.005015251412885366	0.005015251412885366	12.867391586303711	12.867391586303711
2189	gpt2	2190	1095	12	obfuscate	sent_comp	expected	The managers think the consultant obfuscates	0.14403855679546496	0.14403855679546496	10.445273101329803	10.445273101329803
2190	gpt2	2191	1096	12	object	sent_comp	unexpected	The managers think the consultant object	2.093242983391974e-05	2.093242983391974e-05	15.543900489807127	15.543900489807127
2191	gpt2	2192	1096	12	object	sent_comp	expected	The managers think the consultant objects	7.760474545648322e-06	7.760474545648322e-06	16.97542381286621	16.97542381286621
2192	gpt2	2193	1097	12	obscure	sent_comp	unexpected	The managers think the consultant obscure	1.4535341108512514e-07	1.4535341108512514e-07	22.71393203735352	22.71393203735352
2193	gpt2	2194	1097	12	obscure	sent_comp	expected	The managers think the consultant obscures	0.47374338125644044	0.47374338125644044	9.659552190452814	9.659552190452814
2194	gpt2	2195	1098	12	observe	sent_comp	unexpected	The managers think the consultant observe	1.86082971254109e-07	1.86082971254109e-07	22.3575496673584	22.3575496673584
2195	gpt2	2196	1098	12	observe	sent_comp	expected	The managers think the consultant observes	5.984672043268802e-06	5.984672043268802e-06	17.350296020507812	17.350296020507812
2196	gpt2	2197	1099	12	obtain	sent_comp	unexpected	The managers think the consultant obtain	9.55308223637985e-07	9.55308223637985e-07	19.997529983520508	19.997529983520508
2197	gpt2	2198	1099	12	obtain	sent_comp	expected	The managers think the consultant obtains	0.26983817966493007	0.26983817966493007	8.80291947722435	8.80291947722435
2198	gpt2	2199	1100	12	obviate	sent_comp	unexpected	The managers think the consultant obviate	0.01091492500048235	0.01091492500048235	9.712957382202148	9.712957382202148
2199	gpt2	2200	1100	12	obviate	sent_comp	expected	The managers think the consultant obviates	0.1657393470519916	0.1657393470519916	7.695475260416667	7.695475260416667
2200	gpt2	2201	1101	12	occasion	sent_comp	unexpected	The managers think the consultant occasion	3.908779717676225e-07	3.908779717676225e-07	21.28677749633789	21.28677749633789
2201	gpt2	2202	1101	12	occasion	sent_comp	expected	The managers think the consultant occasions	9.538047862633905e-08	9.538047862633905e-08	23.32173156738281	23.32173156738281
2202	gpt2	2203	1102	12	occupy	sent_comp	unexpected	The managers think the consultant occupy	2.442098718802299e-07	2.442098718802299e-07	21.965375900268555	21.965375900268555
2203	gpt2	2204	1102	12	occupy	sent_comp	expected	The managers think the consultant occupies	1.4304876458481884e-05	1.4304876458481884e-05	16.0931339263916	16.0931339263916
2204	gpt2	2205	1103	12	occur	sent_comp	unexpected	The managers think the consultant occur	1.7130941998289018e-08	1.7130941998289018e-08	25.79882049560547	25.79882049560547
2205	gpt2	2206	1103	12	occur	sent_comp	expected	The managers think the consultant occurs	1.4570712210115744e-06	1.4570712210115744e-06	19.38849639892578	19.38849639892578
2206	gpt2	2207	1104	12	offend	sent_comp	unexpected	The managers think the consultant offend	2.8415547248528128e-08	2.8415547248528128e-08	25.068744659423828	25.068744659423828
2207	gpt2	2208	1104	12	offend	sent_comp	expected	The managers think the consultant offends	0.0650777821156225	0.0650777821156225	8.630704045295715	8.630704045295715
2208	gpt2	2209	1105	12	offer	sent_comp	unexpected	The managers think the consultant offer	0.0001131078606704	0.0001131078606704	13.110013008117676	13.110013008117676
2209	gpt2	2210	1105	12	offer	sent_comp	expected	The managers think the consultant offers	0.0007936459733173	0.0007936459733173	10.299217224121094	10.299217224121094
2210	gpt2	2211	1106	12	offset	sent_comp	unexpected	The managers think the consultant offset	1.215359020534379e-06	1.215359020534379e-06	19.65018653869629	19.65018653869629
2211	gpt2	2212	1106	12	offset	sent_comp	expected	The managers think the consultant offsets	9.714113957670634e-07	9.714113957670634e-07	19.973413467407227	19.973413467407227
2212	gpt2	2213	1107	12	omit	sent_comp	unexpected	The managers think the consultant omit	7.5684511102736e-08	7.5684511102736e-08	23.655426025390625	23.655426025390625
2213	gpt2	2214	1107	12	omit	sent_comp	expected	The managers think the consultant omits	0.11611103719314994	0.11611103719314994	8.848256945610046	8.848256945610046
2214	gpt2	2215	1108	12	ooze	sent_comp	unexpected	The managers think the consultant ooze	0.26719042588168423	0.26719042588168423	7.196758796771367	7.196758796771367
2215	gpt2	2216	1108	12	ooze	sent_comp	expected	The managers think the consultant oozes	0.4416330007787792	0.4416330007787792	9.514798514544966	9.514798514544966
2216	gpt2	2217	1109	12	open	sent_comp	unexpected	The managers think the consultant open	1.9594624518504133e-06	1.9594624518504133e-06	18.961111068725582	18.961111068725582
2217	gpt2	2218	1109	12	open	sent_comp	expected	The managers think the consultant opens	1.2278625945327803e-05	1.2278625945327803e-05	16.313491821289062	16.313491821289062
2218	gpt2	2219	1110	12	operate	sent_comp	unexpected	The managers think the consultant operate	1.002591488941107e-06	1.002591488941107e-06	19.92783546447754	19.92783546447754
2219	gpt2	2220	1110	12	operate	sent_comp	expected	The managers think the consultant operates	9.318561933469029e-05	9.318561933469029e-05	13.389533042907717	13.389533042907717
2220	gpt2	2221	1111	12	oppose	sent_comp	unexpected	The managers think the consultant oppose	1.5507890793742265e-07	1.5507890793742265e-07	22.620494842529297	22.620494842529297
2221	gpt2	2222	1111	12	oppose	sent_comp	expected	The managers think the consultant opposes	4.577173967845738e-06	4.577173967845738e-06	17.737112045288086	17.737112045288086
2222	gpt2	2223	1112	12	opt	sent_comp	unexpected	The managers think the consultant opt	1.1046785402868409e-05	1.1046785402868409e-05	16.466012954711914	16.466012954711914
2223	gpt2	2224	1112	12	opt	sent_comp	expected	The managers think the consultant opts	0.47500304383947883	0.47500304383947883	8.27001055330038	8.27001055330038
2224	gpt2	2225	1113	12	order	sent_comp	unexpected	The managers think the consultant order	2.5032968551386148e-05	2.5032968551386148e-05	15.285811424255373	15.285811424255373
2225	gpt2	2226	1113	12	order	sent_comp	expected	The managers think the consultant orders	1.0372349606768694e-05	1.0372349606768694e-05	16.55689811706543	16.55689811706543
2226	gpt2	2227	1114	12	organize	sent_comp	unexpected	The managers think the consultant organize	6.573678490440217e-08	6.573678490440217e-08	23.85872459411621	23.85872459411621
2227	gpt2	2228	1114	12	organize	sent_comp	expected	The managers think the consultant organizes	0.18204753057807466	0.18204753057807466	9.563486993312836	9.563486993312836
2228	gpt2	2229	1115	12	originate	sent_comp	unexpected	The managers think the consultant originate	2.699994183785748e-08	2.699994183785748e-08	25.142467498779297	25.142467498779297
2229	gpt2	2230	1115	12	originate	sent_comp	expected	The managers think the consultant originates	0.48908369507739735	0.48908369507739735	8.849673807621002	8.849673807621002
2230	gpt2	2231	1116	12	oust	sent_comp	unexpected	The managers think the consultant oust	5.446113249263362e-08	5.446113249263362e-08	24.13019752502441	24.13019752502441
2231	gpt2	2232	1116	12	oust	sent_comp	expected	The managers think the consultant ousts	0.3577720497162993	0.3577720497162993	12.306542500853537	12.306542500853537
2232	gpt2	2233	1117	12	outfit	sent_comp	unexpected	The managers think the consultant outfit	3.090121390414424e-05	3.090121390414424e-05	14.981976509094238	14.981976509094238
2233	gpt2	2234	1117	12	outfit	sent_comp	expected	The managers think the consultant outfits	7.40769564799848e-06	7.40769564799848e-06	17.042543411254883	17.042543411254883
2234	gpt2	2235	1118	12	outflank	sent_comp	unexpected	The managers think the consultant outflank	0.0249630977583971	0.0249630977583971	8.295112609863281	8.295112609863281
2235	gpt2	2236	1118	12	outflank	sent_comp	expected	The managers think the consultant outflanks	0.0168328677488413	0.0168328677488413	8.491974512736002	8.491974512736002
2236	gpt2	2237	1119	12	outfly	sent_comp	unexpected	The managers think the consultant outfly	0.00010950670730380605	0.00010950670730380605	15.05359935760498	15.05359935760498
2237	gpt2	2238	1119	12	outfly	sent_comp	expected	The managers think the consultant outflies	0.00010795316606504255	0.00010795316606504255	16.1218900680542	16.1218900680542
2238	gpt2	2239	1120	12	outlast	sent_comp	unexpected	The managers think the consultant outlast	0.00032238203129960003	0.00032238203129960003	11.683785915374756	11.683785915374756
2239	gpt2	2240	1120	12	outlast	sent_comp	expected	The managers think the consultant outlasts	0.035001432380170144	0.035001432380170144	11.733056902885437	11.733056902885437
2240	gpt2	2241	1121	12	outline	sent_comp	unexpected	The managers think the consultant outline	1.8493876723368885e-06	1.8493876723368885e-06	19.04452133178711	19.04452133178711
2241	gpt2	2242	1121	12	outline	sent_comp	expected	The managers think the consultant outlines	6.886108621984022e-06	6.886108621984022e-06	17.14788055419922	17.14788055419922
2242	gpt2	2243	1122	12	outpace	sent_comp	unexpected	The managers think the consultant outpace	0.00025285303854615	0.00025285303854615	11.965770721435549	11.965770721435549
2243	gpt2	2244	1122	12	outpace	sent_comp	expected	The managers think the consultant outpaces	0.3521661083249512	0.3521661083249512	10.877051562070847	10.877051562070847
2244	gpt2	2245	1123	12	outperform	sent_comp	unexpected	The managers think the consultant outperform	0.007863257098506408	0.007863257098506408	10.462031364440918	10.462031364440918
2245	gpt2	2246	1123	12	outperform	sent_comp	expected	The managers think the consultant outperforms	0.05989056920589061	0.05989056920589061	8.996188879013062	8.996188879013062
2246	gpt2	2247	1124	12	outsell	sent_comp	unexpected	The managers think the consultant outsell	0.0018786051587085	0.0018786051587085	10.162281513214111	10.162281513214111
2247	gpt2	2248	1124	12	outsell	sent_comp	expected	The managers think the consultant outsells	0.30556657968069584	0.30556657968069584	6.818655694524447	6.818655694524447
2248	gpt2	2249	1125	12	outshine	sent_comp	unexpected	The managers think the consultant outshine	0.0005061054762335999	0.0005061054762335999	11.238083839416504	11.238083839416504
2249	gpt2	2250	1125	12	outshine	sent_comp	expected	The managers think the consultant outshines	0.08555398745132453	0.08555398745132453	6.7257020473480225	6.7257020473480225
2250	gpt2	2251	1126	12	out-smart	sent_comp	unexpected	The managers think the consultant out-smart	0.03857210912246955	0.03857210912246955	7.941877961158753	7.941877961158753
2251	gpt2	2252	1126	12	out-smart	sent_comp	expected	The managers think the consultant out-smarts	0.03857210912246955	0.03857210912246955	7.941877961158753	7.941877961158753
2252	gpt2	2253	1127	12	outstrip	sent_comp	unexpected	The managers think the consultant outstrip	0.0001658271467022	0.0001658271467022	12.624401092529299	12.624401092529299
2253	gpt2	2254	1127	12	outstrip	sent_comp	expected	The managers think the consultant outstrips	0.1894947154166099	0.1894947154166099	6.8890543182690935	6.8890543182690935
2254	gpt2	2255	1128	12	out-trade	sent_comp	unexpected	The managers think the consultant out-trade	0.03857210912246955	0.03857210912246955	7.941877961158753	7.941877961158753
2255	gpt2	2256	1128	12	out-trade	sent_comp	expected	The managers think the consultant out-trades	0.03857210912246955	0.03857210912246955	7.941877961158753	7.941877961158753
2256	gpt2	2257	1129	12	outweigh	sent_comp	unexpected	The managers think the consultant outweigh	1.808981869544368e-05	1.808981869544368e-05	15.754462242126465	15.754462242126465
2257	gpt2	2258	1129	12	outweigh	sent_comp	expected	The managers think the consultant outweighs	0.49028734853254713	0.49028734853254713	7.891394696198404	7.891394696198404
2258	gpt2	2259	1130	12	overbid	sent_comp	unexpected	The managers think the consultant overbid	0.0005331630818545	0.0005331630818545	10.885522842407227	10.885522842407227
2259	gpt2	2260	1130	12	overbid	sent_comp	expected	The managers think the consultant overbids	0.0025383160488369	0.0025383160488369	9.411637465159098	9.411637465159098
2260	gpt2	2261	1131	12	overcome	sent_comp	unexpected	The managers think the consultant overcome	2.765550846106635e-07	2.765550846106635e-07	21.78593063354492	21.78593063354492
2261	gpt2	2262	1131	12	overcome	sent_comp	expected	The managers think the consultant overcomes	0.00502863913425235	0.00502863913425235	8.889274597167969	8.889274597167969
2262	gpt2	2263	1132	12	overemphasize	sent_comp	unexpected	The managers think the consultant overemphasize	0.5014320572757924	0.5014320572757924	6.027734148228773	6.027734148228773
2263	gpt2	2264	1132	12	overemphasize	sent_comp	expected	The managers think the consultant overemphasizes	0.6070081603633071	0.6070081603633071	5.044290530408033	5.044290530408033
2264	gpt2	2265	1133	12	overhaul	sent_comp	unexpected	The managers think the consultant overhaul	4.432661171449581e-06	4.432661171449581e-06	17.783395767211914	17.783395767211914
2265	gpt2	2266	1133	12	overhaul	sent_comp	expected	The managers think the consultant overhauls	0.027219909957466325	0.027219909957466325	10.991353511810303	10.991353511810303
2266	gpt2	2267	1134	12	overlook	sent_comp	unexpected	The managers think the consultant overlook	1.813085691537708e-05	1.813085691537708e-05	15.751193046569824	15.751193046569824
2267	gpt2	2268	1134	12	overlook	sent_comp	expected	The managers think the consultant overlooks	0.48681632236548467	0.48681632236548467	7.894885243847966	7.894885243847966
2268	gpt2	2269	1135	12	overpower	sent_comp	unexpected	The managers think the consultant overpower	6.922401496467502e-08	6.922401496467502e-08	23.78415298461914	23.78415298461914
2269	gpt2	2270	1135	12	overpower	sent_comp	expected	The managers think the consultant overpowers	0.0004433433059602	0.0004433433059602	11.14079475402832	11.14079475402832
2270	gpt2	2271	1136	12	overpurchase	sent_comp	unexpected	The managers think the consultant overpurchase	0.00042708217521667376	0.00042708217521667376	12.491823514302572	12.491823514302572
2271	gpt2	2272	1136	12	overpurchase	sent_comp	expected	The managers think the consultant overpurchases	0.0058465731708565	0.0058465731708565	9.805785536766052	9.805785536766052
2272	gpt2	2273	1137	12	overreact	sent_comp	unexpected	The managers think the consultant overreact	0.00061456864932545	0.00061456864932545	10.71303939819336	10.71303939819336
2273	gpt2	2274	1137	12	overreact	sent_comp	expected	The managers think the consultant overreacts	0.05332030986513317	0.05332030986513317	6.233034133911133	6.233034133911133
2274	gpt2	2275	1138	12	override	sent_comp	unexpected	The managers think the consultant override	2.2417823686282645e-07	2.2417823686282645e-07	22.088850021362305	22.088850021362305
2275	gpt2	2276	1138	12	override	sent_comp	expected	The managers think the consultant overrides	0.1630219971681299	0.1630219971681299	9.986242234706879	9.986242234706879
2276	gpt2	2277	1139	12	overrule	sent_comp	unexpected	The managers think the consultant overrule	0.0005325131060089	0.0005325131060089	10.887080192565918	10.887080192565918
2277	gpt2	2278	1139	12	overrule	sent_comp	expected	The managers think the consultant overrules	0.08074529524094487	0.08074529524094487	10.493057250976562	10.493057250976562
2278	gpt2	2279	1140	12	oversee	sent_comp	unexpected	The managers think the consultant oversee	6.730618338224303e-07	6.730618338224303e-07	20.502758026123047	20.502758026123047
2279	gpt2	2280	1140	12	oversee	sent_comp	expected	The managers think the consultant oversees	1.763010186550673e-05	1.763010186550673e-05	15.79159927368164	15.79159927368164
2280	gpt2	2281	1141	12	overstate	sent_comp	unexpected	The managers think the consultant overstate	0.000997981900582	0.000997981900582	10.212434768676758	10.212434768676758
2281	gpt2	2282	1141	12	overstate	sent_comp	expected	The managers think the consultant overstates	0.01509665991761715	0.01509665991761715	8.073400020599365	8.073400020599365
2282	gpt2	2283	1142	12	overthrow	sent_comp	unexpected	The managers think the consultant overthrow	7.664738177481922e-08	7.664738177481922e-08	23.637187957763672	23.637187957763672
2283	gpt2	2284	1142	12	overthrow	sent_comp	expected	The managers think the consultant overthrows	0.011692016961731609	0.011692016961731609	13.284496784210205	13.284496784210205
2284	gpt2	2285	1143	12	overturn	sent_comp	unexpected	The managers think the consultant overturn	1.517351932989186e-07	1.517351932989186e-07	22.65194129943848	22.65194129943848
2285	gpt2	2286	1143	12	overturn	sent_comp	expected	The managers think the consultant overturns	0.37583758073133566	0.37583758073133566	11.53188018500805	11.53188018500805
2286	gpt2	2287	1144	12	overwhelm	sent_comp	unexpected	The managers think the consultant overwhelm	6.235240590513058e-08	6.235240590513058e-08	23.93498039245605	23.93498039245605
2287	gpt2	2288	1144	12	overwhelm	sent_comp	expected	The managers think the consultant overwhelms	0.49965138292337485	0.49965138292337485	10.66689666954335	10.66689666954335
2288	gpt2	2289	1145	12	owe	sent_comp	unexpected	The managers think the consultant owe	1.2110087936889613e-06	1.2110087936889613e-06	19.65535926818848	19.65535926818848
2289	gpt2	2290	1145	12	owe	sent_comp	expected	The managers think the consultant owes	0.0003877228300552	0.0003877228300552	11.332686424255373	11.332686424255373
2290	gpt2	2291	1146	12	own	sent_comp	unexpected	The managers think the consultant own	1.4988980183261448e-05	1.4988980183261448e-05	16.025737762451172	16.025737762451172
2291	gpt2	2292	1146	12	own	sent_comp	expected	The managers think the consultant owns	0.0003451663069427	0.0003451663069427	11.500420570373535	11.500420570373535
2292	gpt2	2293	1147	12	pace	sent_comp	unexpected	The managers think the consultant pace	6.432060786210059e-07	6.432060786210059e-07	20.56821632385254	20.56821632385254
2293	gpt2	2294	1147	12	pace	sent_comp	expected	The managers think the consultant paces	0.004711175977718079	0.004711175977718079	10.625723838806152	10.625723838806152
2294	gpt2	2295	1148	12	package	sent_comp	unexpected	The managers think the consultant package	5.091290586278774e-05	5.091290586278774e-05	14.261609077453612	14.261609077453612
2295	gpt2	2296	1148	12	package	sent_comp	expected	The managers think the consultant packages	1.8878727132687345e-05	1.8878727132687345e-05	15.692878723144531	15.692878723144531
2296	gpt2	2297	1149	12	pack	sent_comp	unexpected	The managers think the consultant pack	1.283416168007534e-05	1.283416168007534e-05	16.249650955200195	16.249650955200195
2297	gpt2	2298	1149	12	pack	sent_comp	expected	The managers think the consultant packs	7.962105883052573e-06	7.962105883052573e-06	16.938419342041016	16.938419342041016
2298	gpt2	2299	1150	12	paint	sent_comp	unexpected	The managers think the consultant paint	3.781056875595823e-06	3.781056875595823e-06	18.012779235839844	18.012779235839844
2299	gpt2	2300	1150	12	paint	sent_comp	expected	The managers think the consultant paints	2.23532879317645e-05	2.23532879317645e-05	15.449152946472168	15.449152946472168
2300	gpt2	2301	1151	12	pair	sent_comp	unexpected	The managers think the consultant pair	1.0663379725883717e-05	1.0663379725883717e-05	16.51697540283203	16.51697540283203
2301	gpt2	2302	1151	12	pair	sent_comp	expected	The managers think the consultant pairs	5.678291017829906e-06	5.678291017829906e-06	17.426111221313477	17.426111221313477
2302	gpt2	2303	1152	12	pale	sent_comp	unexpected	The managers think the consultant pale	9.34945887820504e-07	9.34945887820504e-07	20.028614044189453	20.028614044189453
2303	gpt2	2304	1152	12	pale	sent_comp	expected	The managers think the consultant pales	0.00799961917800828	0.00799961917800828	10.24245285987854	10.24245285987854
2304	gpt2	2305	1153	12	palm	sent_comp	unexpected	The managers think the consultant palm	1.7201272157763017e-06	1.7201272157763017e-06	19.1490535736084	19.1490535736084
2305	gpt2	2306	1153	12	palm	sent_comp	expected	The managers think the consultant palms	4.814084491044923e-07	4.814084491044923e-07	20.986234664916992	20.986234664916992
2306	gpt2	2307	1154	12	panic	sent_comp	unexpected	The managers think the consultant panic	8.991218010123703e-07	8.991218010123703e-07	20.084980010986328	20.084980010986328
2307	gpt2	2308	1154	12	panic	sent_comp	expected	The managers think the consultant panics	0.13096496873993144	0.13096496873993144	10.27646666765213	10.27646666765213
2308	gpt2	2309	1155	12	pan	sent_comp	unexpected	The managers think the consultant pan	2.4818161818984663e-06	2.4818161818984663e-06	18.62017250061035	18.62017250061035
2309	gpt2	2310	1155	12	pan	sent_comp	expected	The managers think the consultant pans	1.5374013173641288e-06	1.5374013173641288e-06	19.31107521057129	19.31107521057129
2310	gpt2	2311	1156	12	parachute	sent_comp	unexpected	The managers think the consultant parachute	8.861319855668627e-08	8.861319855668627e-08	23.427902221679688	23.427902221679688
2311	gpt2	2312	1156	12	parachute	sent_comp	expected	The managers think the consultant parachutes	0.03501985578907347	0.03501985578907347	12.554460406303406	12.554460406303406
2312	gpt2	2313	1157	12	parallel	sent_comp	unexpected	The managers think the consultant parallel	1.899892509982237e-07	1.899892509982237e-07	22.327579498291016	22.327579498291016
2313	gpt2	2314	1157	12	parallel	sent_comp	expected	The managers think the consultant parallels	4.158684419053316e-07	4.158684419053316e-07	21.19736862182617	21.19736862182617
2314	gpt2	2315	1158	12	parcel	sent_comp	unexpected	The managers think the consultant parcel	4.1341363044011814e-07	4.1341363044011814e-07	21.20591163635254	21.20591163635254
2315	gpt2	2316	1158	12	parcel	sent_comp	expected	The managers think the consultant parcels	4.445308263711922e-07	4.445308263711922e-07	21.101213455200195	21.101213455200195
2316	gpt2	2317	1159	12	park	sent_comp	unexpected	The managers think the consultant park	7.275954885699321e-06	7.275954885699321e-06	17.068431854248047	17.068431854248047
2317	gpt2	2318	1159	12	park	sent_comp	expected	The managers think the consultant parks	4.325191184761934e-06	4.325191184761934e-06	17.818803787231445	17.818803787231445
2318	gpt2	2319	1160	12	parry	sent_comp	unexpected	The managers think the consultant parry	0.001890494159397332	0.001890494159397332	12.36254072189331	12.36254072189331
2319	gpt2	2320	1160	12	parry	sent_comp	expected	The managers think the consultant parries	0.00045964679748063206	0.00045964679748063206	13.388339042663574	13.388339042663574
2320	gpt2	2321	1161	12	partake	sent_comp	unexpected	The managers think the consultant partake	3.295643313805385e-09	3.295643313805385e-09	28.17679214477539	28.17679214477539
2321	gpt2	2322	1161	12	partake	sent_comp	expected	The managers think the consultant partakes	0.00010240601841356207	0.00010240601841356207	13.264082908630371	13.264082908630371
2322	gpt2	2323	1162	12	participate	sent_comp	unexpected	The managers think the consultant participate	2.880658485082677e-07	2.880658485082677e-07	21.72709846496582	21.72709846496582
2323	gpt2	2324	1162	12	participate	sent_comp	expected	The managers think the consultant participates	3.964479219575878e-06	3.964479219575878e-06	17.94443702697754	17.94443702697754
2324	gpt2	2325	1163	12	part	sent_comp	unexpected	The managers think the consultant part	0.0001148154406109	0.0001148154406109	13.088396072387695	13.088396072387695
2325	gpt2	2326	1163	12	part	sent_comp	expected	The managers think the consultant parts	8.94766617420828e-06	8.94766617420828e-06	16.770057678222656	16.770057678222656
2326	gpt2	2327	1164	12	pass	sent_comp	unexpected	The managers think the consultant pass	4.4129214984423015e-06	4.4129214984423015e-06	17.78983497619629	17.78983497619629
2327	gpt2	2328	1164	12	pass	sent_comp	expected	The managers think the consultant passes	1.2219749805808531e-05	1.2219749805808531e-05	16.320425033569336	16.320425033569336
2328	gpt2	2329	1165	12	patronize	sent_comp	unexpected	The managers think the consultant patronize	0.0003180067963057611	0.0003180067963057611	14.559850215911865	14.559850215911865
2329	gpt2	2330	1165	12	patronize	sent_comp	expected	The managers think the consultant patronizes	0.004679600048120811	0.004679600048120811	12.617354154586792	12.617354154586792
2330	gpt2	2331	1166	12	pave	sent_comp	unexpected	The managers think the consultant pave	9.23246972206471e-08	9.23246972206471e-08	23.36870765686035	23.36870765686035
2331	gpt2	2332	1166	12	pave	sent_comp	expected	The managers think the consultant paves	0.03077950299484653	0.03077950299484653	9.269042015075684	9.269042015075684
2332	gpt2	2333	1167	12	pay	sent_comp	unexpected	The managers think the consultant pay	6.405280873877928e-05	6.405280873877928e-05	13.930378913879396	13.930378913879396
2333	gpt2	2334	1167	12	pay	sent_comp	expected	The managers think the consultant pays	0.0003915725392289	0.0003915725392289	11.318432807922363	11.318432807922363
2334	gpt2	2335	1168	12	peak	sent_comp	unexpected	The managers think the consultant peak	1.051942035701359e-06	1.051942035701359e-06	19.85851287841797	19.85851287841797
2335	gpt2	2336	1168	12	peak	sent_comp	expected	The managers think the consultant peaks	1.130352757172659e-06	1.130352757172659e-06	19.75479507446289	19.75479507446289
2336	gpt2	2337	1169	12	pedal	sent_comp	unexpected	The managers think the consultant pedal	8.406993288190279e-07	8.406993288190279e-07	20.181907653808597	20.181907653808597
2337	gpt2	2338	1169	12	pedal	sent_comp	expected	The managers think the consultant pedals	4.3171286279175547e-07	4.3171286279175547e-07	21.14342498779297	21.14342498779297
2338	gpt2	2339	1170	12	peddle	sent_comp	unexpected	The managers think the consultant peddle	0.018618104653342012	0.018618104653342012	10.89161205291748	10.89161205291748
2339	gpt2	2340	1170	12	peddle	sent_comp	expected	The managers think the consultant peddles	0.15143757653413556	0.15143757653413556	9.379513025283813	9.379513025283813
2340	gpt2	2341	1171	12	peer	sent_comp	unexpected	The managers think the consultant peer	4.443394573172554e-06	4.443394573172554e-06	17.779905319213867	17.779905319213867
2341	gpt2	2342	1171	12	peer	sent_comp	expected	The managers think the consultant peers	6.574381131940754e-06	6.574381131940754e-06	17.21471405029297	17.21471405029297
2342	gpt2	2343	1172	12	penalize	sent_comp	unexpected	The managers think the consultant penalize	0.001102331918559647	0.001102331918559647	14.141542434692383	14.141542434692383
2343	gpt2	2344	1172	12	penalize	sent_comp	expected	The managers think the consultant penalizes	0.16480561533001034	0.16480561533001034	10.529058992862701	10.529058992862701
2344	gpt2	2345	1173	12	penetrate	sent_comp	unexpected	The managers think the consultant penetrate	5.978738926160078e-08	5.978738926160078e-08	23.995582580566406	23.995582580566406
2345	gpt2	2346	1173	12	penetrate	sent_comp	expected	The managers think the consultant penetrates	0.4914602813699958	0.4914602813699958	9.32331294938922	9.32331294938922
2346	gpt2	2347	1174	12	perform	sent_comp	unexpected	The managers think the consultant perform	2.01545617528609e-06	2.01545617528609e-06	18.92046165466309	18.92046165466309
2347	gpt2	2348	1174	12	perform	sent_comp	expected	The managers think the consultant performs	4.812106271856464e-05	4.812106271856464e-05	14.342971801757812	14.342971801757812
2348	gpt2	2349	1175	12	permit	sent_comp	unexpected	The managers think the consultant permit	1.1299906645945157e-06	1.1299906645945157e-06	19.755258560180664	19.755258560180664
2349	gpt2	2350	1175	12	permit	sent_comp	expected	The managers think the consultant permits	2.9975271900184453e-06	2.9975271900184453e-06	18.347795486450195	18.347795486450195
2350	gpt2	2351	1176	13	perpetuate	sent_comp	unexpected	The surgeon says the authors perpetuates	0.006800831050213646	0.006800831050213646	11.63759994506836	11.63759994506836
2351	gpt2	2352	1176	13	perpetuate	sent_comp	expected	The surgeon says the authors perpetuate	4.965656444255728e-06	4.965656444255728e-06	17.619583129882812	17.619583129882812
2352	gpt2	2353	1177	13	persist	sent_comp	unexpected	The surgeon says the authors persists	7.5167143620547e-09	7.5167143620547e-09	26.98725128173828	26.98725128173828
2353	gpt2	2354	1177	13	persist	sent_comp	expected	The surgeon says the authors persist	5.950553713773843e-06	5.950553713773843e-06	17.358545303344727	17.358545303344727
2354	gpt2	2355	1178	13	persuade	sent_comp	unexpected	The surgeon says the authors persuades	0.00037934546082850823	0.00037934546082850823	15.505363464355467	15.505363464355467
2355	gpt2	2356	1178	13	persuade	sent_comp	expected	The surgeon says the authors persuade	3.5915036278311163e-06	3.5915036278311163e-06	18.08698081970215	18.08698081970215
2356	gpt2	2357	1179	13	peruse	sent_comp	unexpected	The surgeon says the authors peruses	6.540058802782256e-05	6.540058802782256e-05	14.911354064941406	14.911354064941406
2357	gpt2	2358	1179	13	peruse	sent_comp	expected	The surgeon says the authors peruse	0.008451382028397323	0.008451382028397323	11.355680465698242	11.355680465698242
2358	gpt2	2359	1180	13	petition	sent_comp	unexpected	The surgeon says the authors petitions	1.7730178214492298e-08	1.7730178214492298e-08	25.749217987060547	25.749217987060547
2359	gpt2	2360	1180	13	petition	sent_comp	expected	The surgeon says the authors petition	7.0354717536247335e-06	7.0354717536247335e-06	17.116920471191406	17.116920471191406
2360	gpt2	2361	1181	13	phase	sent_comp	unexpected	The surgeon says the authors phases	7.497445153603621e-08	7.497445153603621e-08	23.669025421142575	23.669025421142575
2361	gpt2	2362	1181	13	phase	sent_comp	expected	The surgeon says the authors phase	2.4760975065873936e-06	2.4760975065873936e-06	18.62350082397461	18.62350082397461
2362	gpt2	2363	1182	13	pick	sent_comp	unexpected	The surgeon says the authors picks	1.9723772481938798e-07	1.9723772481938798e-07	22.273561477661133	22.273561477661133
2363	gpt2	2364	1182	13	pick	sent_comp	expected	The surgeon says the authors pick	3.8613776268903166e-05	3.8613776268903166e-05	14.660524368286133	14.660524368286133
2364	gpt2	2365	1183	13	piece	sent_comp	unexpected	The surgeon says the authors pieces	4.195320570943295e-07	4.195320570943295e-07	21.184715270996094	21.184715270996094
2365	gpt2	2366	1183	13	piece	sent_comp	expected	The surgeon says the authors piece	5.043299097451381e-05	5.043299097451381e-05	14.275272369384766	14.275272369384766
2366	gpt2	2367	1184	13	pile	sent_comp	unexpected	The surgeon says the authors piles	4.7318998497303255e-08	4.7318998497303255e-08	24.333005905151367	24.333005905151367
2367	gpt2	2368	1184	13	pile	sent_comp	expected	The surgeon says the authors pile	7.701998583797831e-06	7.701998583797831e-06	16.98633575439453	16.98633575439453
2368	gpt2	2369	1185	13	pinch	sent_comp	unexpected	The surgeon says the authors pinches	0.00022305671882345382	0.00022305671882345382	12.541356086730957	12.541356086730957
2369	gpt2	2370	1185	13	pinch	sent_comp	expected	The surgeon says the authors pinch	1.5806232056547742e-07	1.5806232056547742e-07	22.593002319335938	22.593002319335938
2370	gpt2	2371	1186	13	ping	sent_comp	unexpected	The surgeon says the authors pings	0.0001704179885564038	0.0001704179885564038	12.782824993133545	12.782824993133545
2371	gpt2	2372	1186	13	ping	sent_comp	expected	The surgeon says the authors ping	2.8332433998912165e-07	2.8332433998912165e-07	21.75104141235352	21.75104141235352
2372	gpt2	2373	1187	13	pinpoint	sent_comp	unexpected	The surgeon says the authors pinpoints	0.029908482578548473	0.029908482578548473	10.700247287750244	10.700247287750244
2373	gpt2	2374	1187	13	pinpoint	sent_comp	expected	The surgeon says the authors pinpoint	4.831553087569773e-05	4.831553087569773e-05	14.337153434753418	14.337153434753418
2374	gpt2	2375	1188	13	pin	sent_comp	unexpected	The surgeon says the authors pins	7.52506679191356e-08	7.52506679191356e-08	23.663721084594727	23.663721084594727
2375	gpt2	2376	1188	13	pin	sent_comp	expected	The surgeon says the authors pin	6.0398820096452255e-06	6.0398820096452255e-06	17.337047576904297	17.337047576904297
2376	gpt2	2377	1189	13	pitch	sent_comp	unexpected	The surgeon says the authors pitches	4.55069297800037e-08	4.55069297800037e-08	24.38933753967285	24.38933753967285
2377	gpt2	2378	1189	13	pitch	sent_comp	expected	The surgeon says the authors pitch	2.5542685762047768e-06	2.5542685762047768e-06	18.578659057617188	18.578659057617188
2378	gpt2	2379	1190	13	pit	sent_comp	unexpected	The surgeon says the authors pits	6.8761822902274625e-09	6.8761822902274625e-09	27.115745544433597	27.115745544433597
2379	gpt2	2380	1190	13	pit	sent_comp	expected	The surgeon says the authors pit	5.40862447451218e-06	5.40862447451218e-06	17.496307373046875	17.496307373046875
2380	gpt2	2381	1191	13	placate	sent_comp	unexpected	The surgeon says the authors placates	0.005961891104334381	0.005961891104334381	15.335723876953125	15.335723876953125
2381	gpt2	2382	1191	13	placate	sent_comp	expected	The surgeon says the authors placate	0.2379116512172459	0.2379116512172459	12.676464855670929	12.676464855670929
2382	gpt2	2383	1192	13	place	sent_comp	unexpected	The surgeon says the authors places	8.154283932526596e-07	8.154283932526596e-07	20.22593879699707	20.22593879699707
2383	gpt2	2384	1192	13	place	sent_comp	expected	The surgeon says the authors place	0.0001258028059964	0.0001258028059964	12.956548690795898	12.956548690795898
2384	gpt2	2385	1193	13	plague	sent_comp	unexpected	The surgeon says the authors plagues	4.34472126471519e-05	4.34472126471519e-05	14.904718399047852	14.904718399047852
2385	gpt2	2386	1193	13	plague	sent_comp	expected	The surgeon says the authors plague	1.3347502658689336e-07	1.3347502658689336e-07	22.83692741394043	22.83692741394043
2386	gpt2	2387	1194	13	plant	sent_comp	unexpected	The surgeon says the authors plants	6.512899375366032e-08	6.512899375366032e-08	23.87212562561035	23.87212562561035
2387	gpt2	2388	1194	13	plant	sent_comp	expected	The surgeon says the authors plant	2.3944110125739826e-06	2.3944110125739826e-06	18.671897888183597	18.671897888183597
2388	gpt2	2389	1195	13	plan	sent_comp	unexpected	The surgeon says the authors plans	1.8915148757514544e-05	1.8915148757514544e-05	15.69009780883789	15.69009780883789
2389	gpt2	2390	1195	13	plan	sent_comp	expected	The surgeon says the authors plan	0.0038281762972474	0.0038281762972474	8.02912712097168	8.02912712097168
2390	gpt2	2391	1196	13	play	sent_comp	unexpected	The surgeon says the authors plays	1.2671048921220065e-07	1.2671048921220065e-07	22.91196060180664	22.91196060180664
2391	gpt2	2392	1196	13	play	sent_comp	expected	The surgeon says the authors play	9.481615416007116e-05	9.481615416007116e-05	13.364507675170898	13.364507675170898
2392	gpt2	2393	1197	13	plead	sent_comp	unexpected	The surgeon says the authors pleads	0.3198963691409631	0.3198963691409631	11.166208654642105	11.166208654642105
2393	gpt2	2394	1197	13	plead	sent_comp	expected	The surgeon says the authors plead	5.968649929855019e-06	5.968649929855019e-06	17.354164123535156	17.354164123535156
2394	gpt2	2395	1198	13	please	sent_comp	unexpected	The surgeon says the authors pleases	0.0024504248447669665	0.0024504248447669665	14.680466413497925	14.680466413497925
2395	gpt2	2396	1198	13	please	sent_comp	expected	The surgeon says the authors please	3.508868530843756e-06	3.508868530843756e-06	18.12056350708008	18.12056350708008
2396	gpt2	2397	1199	13	plea	sent_comp	unexpected	The surgeon says the authors pleas	9.656555022274917e-08	9.656555022274917e-08	23.303916931152344	23.303916931152344
2397	gpt2	2398	1199	13	plea	sent_comp	expected	The surgeon says the authors plea	4.347159858753003e-07	4.347159858753003e-07	21.1334228515625	21.1334228515625
2398	gpt2	2399	1200	13	plot	sent_comp	unexpected	The surgeon says the authors plots	1.0283114448839117e-07	1.0283114448839117e-07	23.213218688964844	23.213218688964844
2399	gpt2	2400	1200	13	plot	sent_comp	expected	The surgeon says the authors plot	1.9577169950935055e-05	1.9577169950935055e-05	15.64046859741211	15.64046859741211
2400	gpt2	2401	1201	13	plow	sent_comp	unexpected	The surgeon says the authors plows	4.732157640319201e-05	4.732157640319201e-05	14.831148624420166	14.831148624420166
2401	gpt2	2402	1201	13	plow	sent_comp	expected	The surgeon says the authors plow	0.0015975563796928208	0.0015975563796928208	12.173859596252441	12.173859596252441
2402	gpt2	2403	1202	13	pluck	sent_comp	unexpected	The surgeon says the authors plucks	9.860584350462075e-05	9.860584350462075e-05	14.235538005828857	14.235538005828857
2403	gpt2	2404	1202	13	pluck	sent_comp	expected	The surgeon says the authors pluck	0.02566472508578952	0.02566472508578952	10.16780972480774	10.16780972480774
2404	gpt2	2405	1203	13	plug	sent_comp	unexpected	The surgeon says the authors plugs	3.985875096645941e-08	3.985875096645941e-08	24.580528259277344	24.580528259277344
2405	gpt2	2406	1203	13	plug	sent_comp	expected	The surgeon says the authors plug	3.4014310585916974e-06	3.4014310585916974e-06	18.16542625427246	18.16542625427246
2406	gpt2	2407	1204	13	plummet	sent_comp	unexpected	The surgeon says the authors plummets	0.31257883939027425	0.31257883939027425	8.096755551795164	8.096755551795164
2407	gpt2	2408	1204	13	plummet	sent_comp	expected	The surgeon says the authors plummet	1.8918160549219465e-07	1.8918160549219465e-07	22.333724975585938	22.333724975585938
2408	gpt2	2409	1205	13	plunge	sent_comp	unexpected	The surgeon says the authors plunges	0.027376514345728922	0.027376514345728922	13.739047050476076	13.739047050476076
2409	gpt2	2410	1205	13	plunge	sent_comp	expected	The surgeon says the authors plunge	2.428872448945185e-06	2.428872448945185e-06	18.651281356811523	18.651281356811523
2410	gpt2	2411	1206	13	pocket	sent_comp	unexpected	The surgeon says the authors pockets	2.2648811182079958e-07	2.2648811182079958e-07	22.07406044006348	22.07406044006348
2411	gpt2	2412	1206	13	pocket	sent_comp	expected	The surgeon says the authors pocket	1.2749511370202526e-05	1.2749511370202526e-05	16.259199142456055	16.259199142456055
2412	gpt2	2413	1207	13	point	sent_comp	unexpected	The surgeon says the authors points	8.681949111633003e-06	8.681949111633003e-06	16.813549041748047	16.813549041748047
2413	gpt2	2414	1207	13	point	sent_comp	expected	The surgeon says the authors point	0.0010471881832927	0.0010471881832927	9.899263381958008	9.899263381958008
2414	gpt2	2415	1208	13	police	sent_comp	unexpected	The surgeon says the authors polices	0.012743890009538439	0.012743890009538439	14.007073879241943	14.007073879241943
2415	gpt2	2416	1208	13	police	sent_comp	expected	The surgeon says the authors police	1.7674686887403368e-06	1.7674686887403368e-06	19.10988426208496	19.10988426208496
2416	gpt2	2417	1209	13	polish	sent_comp	unexpected	The surgeon says the authors polishes	0.04695733422757794	0.04695733422757794	13.066298484802246	13.066298484802246
2417	gpt2	2418	1209	13	polish	sent_comp	expected	The surgeon says the authors polish	1.4629308964231313e-07	1.4629308964231313e-07	22.704635620117188	22.704635620117188
2418	gpt2	2419	1210	13	pollinate	sent_comp	unexpected	The surgeon says the authors pollinates	1.8672180885914713e-05	1.8672180885914713e-05	16.083993911743164	16.083993911743164
2419	gpt2	2420	1210	13	pollinate	sent_comp	expected	The surgeon says the authors pollinate	0.0004274664806871198	0.0004274664806871198	13.686781406402588	13.686781406402588
2420	gpt2	2421	1211	13	pollute	sent_comp	unexpected	The surgeon says the authors pollutes	0.0011382857464923197	0.0011382857464923197	12.976699352264404	12.976699352264404
2421	gpt2	2422	1211	13	pollute	sent_comp	expected	The surgeon says the authors pollute	0.02431540774523452	0.02431540774523452	10.766180038452148	10.766180038452148
2422	gpt2	2423	1212	13	poll	sent_comp	unexpected	The surgeon says the authors polls	1.9800062034391885e-07	1.9800062034391885e-07	22.26799201965332	22.26799201965332
2423	gpt2	2424	1212	13	poll	sent_comp	expected	The surgeon says the authors poll	6.780519470339641e-06	6.780519470339641e-06	17.17017364501953	17.17017364501953
2424	gpt2	2425	1213	13	ponder	sent_comp	unexpected	The surgeon says the authors ponders	0.00022940481198928167	0.00022940481198928167	14.550605773925781	14.550605773925781
2425	gpt2	2426	1213	13	ponder	sent_comp	expected	The surgeon says the authors ponder	6.232797204575036e-06	6.232797204575036e-06	17.291688919067383	17.291688919067383
2426	gpt2	2427	1214	13	popularize	sent_comp	unexpected	The surgeon says the authors popularizes	0.0013815207539664505	0.0013815207539664505	12.528509616851807	12.528509616851807
2427	gpt2	2428	1214	13	popularize	sent_comp	expected	The surgeon says the authors popularize	0.13896009639302065	0.13896009639302065	9.199679553508759	9.199679553508759
2428	gpt2	2429	1215	13	populate	sent_comp	unexpected	The surgeon says the authors populates	0.13391033661923754	0.13391033661923754	10.284265875816345	10.284265875816345
2429	gpt2	2430	1215	13	populate	sent_comp	expected	The surgeon says the authors populate	5.498134783010755e-07	5.498134783010755e-07	20.794553756713867	20.794553756713867
2430	gpt2	2431	1216	13	pop	sent_comp	unexpected	The surgeon says the authors pops	6.217043768685926e-09	6.217043768685926e-09	27.26112365722656	27.26112365722656
2431	gpt2	2432	1216	13	pop	sent_comp	expected	The surgeon says the authors pop	2.401124675088795e-06	2.401124675088795e-06	18.667858123779297	18.667858123779297
2432	gpt2	2433	1217	13	portend	sent_comp	unexpected	The surgeon says the authors portends	0.004844132413381857	0.004844132413381857	13.261051416397095	13.261051416397095
2433	gpt2	2434	1217	13	portend	sent_comp	expected	The surgeon says the authors portend	0.14459431085106186	0.14459431085106186	10.81116008758545	10.81116008758545
2434	gpt2	2435	1218	13	portray	sent_comp	unexpected	The surgeon says the authors portrays	1.302111058976152e-07	1.302111058976152e-07	22.87264442443848	22.87264442443848
2435	gpt2	2436	1218	13	portray	sent_comp	expected	The surgeon says the authors portray	3.9834645576775074e-05	3.9834645576775074e-05	14.61561679840088	14.61561679840088
2436	gpt2	2437	1219	13	pose	sent_comp	unexpected	The surgeon says the authors poses	2.9318238148334785e-07	2.9318238148334785e-07	21.701698303222656	21.701698303222656
2437	gpt2	2438	1219	13	pose	sent_comp	expected	The surgeon says the authors pose	0.0002894854114856	0.0002894854114856	11.75422191619873	11.75422191619873
2438	gpt2	2439	1220	13	position	sent_comp	unexpected	The surgeon says the authors positions	2.4843558321663295e-07	2.4843558321663295e-07	21.940624237060547	21.940624237060547
2439	gpt2	2440	1220	13	position	sent_comp	expected	The surgeon says the authors position	1.6580357623752207e-05	1.6580357623752207e-05	15.880165100097656	15.880165100097656
2440	gpt2	2441	1221	13	possess	sent_comp	unexpected	The surgeon says the authors possesses	1.0118053239693837e-07	1.0118053239693837e-07	23.23656463623047	23.23656463623047
2441	gpt2	2442	1221	13	possess	sent_comp	expected	The surgeon says the authors possess	2.4721819499973208e-05	2.4721819499973208e-05	15.303855895996094	15.303855895996094
2442	gpt2	2443	1222	13	postpone	sent_comp	unexpected	The surgeon says the authors postpones	0.008380126349429405	0.008380126349429405	14.54378056526184	14.54378056526184
2443	gpt2	2444	1222	13	postpone	sent_comp	expected	The surgeon says the authors postpone	9.595242772775237e-06	9.595242772775237e-06	16.669248580932617	16.669248580932617
2444	gpt2	2445	1223	13	post	sent_comp	unexpected	The surgeon says the authors posts	2.881111811348092e-07	2.881111811348092e-07	21.72687149047852	21.72687149047852
2445	gpt2	2446	1223	13	post	sent_comp	expected	The surgeon says the authors post	0.0001950197183759	0.0001950197183759	12.324091911315918	12.324091911315918
2446	gpt2	2447	1224	13	pot	sent_comp	unexpected	The surgeon says the authors pots	2.4469862580644985e-08	2.4469862580644985e-08	25.2844181060791	25.2844181060791
2447	gpt2	2448	1224	13	pot	sent_comp	expected	The surgeon says the authors pot	1.7471036244387506e-06	1.7471036244387506e-06	19.126604080200195	19.126604080200195
2448	gpt2	2449	1225	13	pounce	sent_comp	unexpected	The surgeon says the authors pounces	0.00011581394210220381	0.00011581394210220381	13.166409492492676	13.166409492492676
2449	gpt2	2450	1225	13	pounce	sent_comp	expected	The surgeon says the authors pounce	0.0015380501572508037	0.0015380501572508037	11.031794548034668	11.031794548034668
2450	gpt2	2451	1226	13	pound	sent_comp	unexpected	The surgeon says the authors pounds	9.4005315531831e-08	9.4005315531831e-08	23.342681884765625	23.342681884765625
2451	gpt2	2452	1226	13	pound	sent_comp	expected	The surgeon says the authors pound	7.238473926918232e-07	7.238473926918232e-07	20.39781188964844	20.39781188964844
2452	gpt2	2453	1227	13	pour	sent_comp	unexpected	The surgeon says the authors pours	0.0009305713756475538	0.0009305713756475538	11.40628719329834	11.40628719329834
2453	gpt2	2454	1227	13	pour	sent_comp	expected	The surgeon says the authors pour	3.941997874790104e-06	3.941997874790104e-06	17.952640533447266	17.952640533447266
2454	gpt2	2455	1228	13	practice	sent_comp	unexpected	The surgeon says the authors practices	2.671717709290533e-07	2.671717709290533e-07	21.835729598999023	21.835729598999023
2455	gpt2	2456	1228	13	practice	sent_comp	expected	The surgeon says the authors practice	8.653580152895302e-06	8.653580152895302e-06	16.81827163696289	16.81827163696289
2456	gpt2	2457	1229	13	precede	sent_comp	unexpected	The surgeon says the authors precedes	0.000418752559845352	0.000418752559845352	16.19209861755371	16.19209861755371
2457	gpt2	2458	1229	13	precede	sent_comp	expected	The surgeon says the authors precede	0.4840352110447484	0.4840352110447484	11.10451631061733	11.10451631061733
2458	gpt2	2459	1230	13	preclude	sent_comp	unexpected	The surgeon says the authors precludes	0.0004539626679616044	0.0004539626679616044	12.793440341949463	12.793440341949463
2459	gpt2	2460	1230	13	preclude	sent_comp	expected	The surgeon says the authors preclude	1.1468017646620865e-06	1.1468017646620865e-06	19.73395156860352	19.73395156860352
2460	gpt2	2461	1231	13	predict	sent_comp	unexpected	The surgeon says the authors predicts	7.132996984182682e-07	7.132996984182682e-07	20.418989181518555	20.418989181518555
2461	gpt2	2462	1231	13	predict	sent_comp	expected	The surgeon says the authors predict	0.0003564319340512	0.0003564319340512	11.45408535003662	11.45408535003662
2462	gpt2	2463	1232	13	predispose	sent_comp	unexpected	The surgeon says the authors predisposes	0.003283909557836729	0.003283909557836729	13.970993041992186	13.970993041992186
2463	gpt2	2464	1232	13	predispose	sent_comp	expected	The surgeon says the authors predispose	0.4782415600851948	0.4782415600851948	10.377837929874657	10.377837929874657
2464	gpt2	2465	1233	13	pre-empt	sent_comp	unexpected	The surgeon says the authors pre-empts	0.28944125554698985	0.28944125554698985	8.117201775312424	8.117201775312424
2465	gpt2	2466	1233	13	pre-empt	sent_comp	expected	The surgeon says the authors pre-empt	0.28944125554698985	0.28944125554698985	8.117201775312424	8.117201775312424
2466	gpt2	2467	1234	13	prefer	sent_comp	unexpected	The surgeon says the authors prefers	4.294678603855573e-07	4.294678603855573e-07	21.15094566345215	21.15094566345215
2467	gpt2	2468	1234	13	prefer	sent_comp	expected	The surgeon says the authors prefer	0.0001864657242549	0.0001864657242549	12.388801574707031	12.388801574707031
2468	gpt2	2469	1235	13	premiere	sent_comp	unexpected	The surgeon says the authors premieres	0.49954599359346136	0.49954599359346136	13.889581806142814	13.889581806142814
2469	gpt2	2470	1235	13	premiere	sent_comp	expected	The surgeon says the authors premiere	1.96908445104782e-07	1.96908445104782e-07	22.275972366333008	22.275972366333008
2470	gpt2	2471	1236	13	prepare	sent_comp	unexpected	The surgeon says the authors prepares	1.4896627931193508e-08	1.4896627931193508e-08	26.000438690185547	26.000438690185547
2471	gpt2	2472	1236	13	prepare	sent_comp	expected	The surgeon says the authors prepare	2.2458183593698777e-05	2.2458183593698777e-05	15.44239902496338	15.44239902496338
2472	gpt2	2473	1237	13	prepay	sent_comp	unexpected	The surgeon says the authors prepays	0.004498359568572136	0.004498359568572136	13.068040847778319	13.068040847778319
2473	gpt2	2474	1237	13	prepay	sent_comp	expected	The surgeon says the authors prepay	0.019326060366040537	0.019326060366040537	12.0164098739624	12.0164098739624
2474	gpt2	2475	1238	13	pre-register	sent_comp	unexpected	The surgeon says the authors pre-registers	0.28944125554698985	0.28944125554698985	8.117201775312424	8.117201775312424
2475	gpt2	2476	1238	13	pre-register	sent_comp	expected	The surgeon says the authors pre-register	0.28944125554698985	0.28944125554698985	8.117201775312424	8.117201775312424
2476	gpt2	2477	1239	13	presage	sent_comp	unexpected	The surgeon says the authors presages	0.004763279568578562	0.004763279568578562	12.199701309204102	12.199701309204102
2477	gpt2	2478	1239	13	presage	sent_comp	expected	The surgeon says the authors presage	0.040884744368668166	0.040884744368668166	10.648615837097168	10.648615837097168
2478	gpt2	2479	1240	13	prescribe	sent_comp	unexpected	The surgeon says the authors prescribes	0.11771856969761528	0.11771856969761528	10.938879609107971	10.938879609107971
2479	gpt2	2480	1240	13	prescribe	sent_comp	expected	The surgeon says the authors prescribe	2.3620339561603032e-05	2.3620339561603032e-05	15.369610786437988	15.369610786437988
2480	gpt2	2481	1241	13	present	sent_comp	unexpected	The surgeon says the authors presents	3.14840258397453e-06	3.14840258397453e-06	18.276948928833008	18.276948928833008
2481	gpt2	2482	1241	13	present	sent_comp	expected	The surgeon says the authors present	0.0013568898430094	0.0013568898430094	9.525480270385742	9.525480270385742
2482	gpt2	2483	1242	13	preserve	sent_comp	unexpected	The surgeon says the authors preserves	2.1976854114313937e-08	2.1976854114313937e-08	25.43943977355957	25.43943977355957
2483	gpt2	2484	1242	13	preserve	sent_comp	expected	The surgeon says the authors preserve	6.0789457165810745e-06	6.0789457165810745e-06	17.327747344970703	17.327747344970703
2484	gpt2	2485	1243	13	pressure	sent_comp	unexpected	The surgeon says the authors pressures	1.3045173830050774e-07	1.3045173830050774e-07	22.86997985839844	22.86997985839844
2485	gpt2	2486	1243	13	pressure	sent_comp	expected	The surgeon says the authors pressure	1.818364353312063e-06	1.818364353312063e-06	19.068927764892575	19.068927764892575
2486	gpt2	2487	1244	13	press	sent_comp	unexpected	The surgeon says the authors presses	3.090261202487454e-08	3.090261202487454e-08	24.947696685791016	24.947696685791016
2487	gpt2	2488	1244	13	press	sent_comp	expected	The surgeon says the authors press	1.1595461728575174e-05	1.1595461728575174e-05	16.396080017089844	16.396080017089844
2488	gpt2	2489	1245	13	pretend	sent_comp	unexpected	The surgeon says the authors pretends	0.0048680185523153245	0.0048680185523153245	12.826642513275146	12.826642513275146
2489	gpt2	2490	1245	13	pretend	sent_comp	expected	The surgeon says the authors pretend	1.5752195395180024e-05	1.5752195395180024e-05	15.954087257385254	15.954087257385254
2490	gpt2	2491	1246	13	pre-try	sent_comp	unexpected	The surgeon says the authors pre-tries	0.28944125554698985	0.28944125554698985	8.117201775312424	8.117201775312424
2491	gpt2	2492	1246	13	pre-try	sent_comp	expected	The surgeon says the authors pre-try	0.28944125554698985	0.28944125554698985	8.117201775312424	8.117201775312424
2492	gpt2	2493	1247	13	prevail	sent_comp	unexpected	The surgeon says the authors prevails	0.30340059042070244	0.30340059042070244	12.889752000570297	12.889752000570297
2493	gpt2	2494	1247	13	prevail	sent_comp	expected	The surgeon says the authors prevail	8.736863605918188e-07	8.736863605918188e-07	20.12638092041016	20.12638092041016
2494	gpt2	2495	1248	13	prevent	sent_comp	unexpected	The surgeon says the authors prevents	2.1228341751111657e-08	2.1228341751111657e-08	25.48943328857422	25.48943328857422
2495	gpt2	2496	1248	13	prevent	sent_comp	expected	The surgeon says the authors prevent	1.1237078069825657e-05	1.1237078069825657e-05	16.441373825073242	16.441373825073242
2496	gpt2	2497	1249	13	price	sent_comp	unexpected	The surgeon says the authors prices	5.2648992721060495e-08	5.2648992721060495e-08	24.179018020629883	24.179018020629883
2497	gpt2	2498	1249	13	price	sent_comp	expected	The surgeon says the authors price	5.013430381950457e-06	5.013430381950457e-06	17.605770111083984	17.605770111083984
2498	gpt2	2499	1250	13	privatize	sent_comp	unexpected	The surgeon says the authors privatizes	0.000761324082915812	0.000761324082915812	16.28966522216797	16.28966522216797
2499	gpt2	2500	1250	13	privatize	sent_comp	expected	The surgeon says the authors privatize	0.04011666304147351	0.04011666304147351	13.42984414100647	13.42984414100647
2500	gpt2	2501	1251	13	probe	sent_comp	unexpected	The surgeon says the authors probes	1.567030949445325e-07	1.567030949445325e-07	22.6054630279541	22.6054630279541
2501	gpt2	2502	1251	13	probe	sent_comp	expected	The surgeon says the authors probe	1.0969152754114477e-05	1.0969152754114477e-05	16.47618865966797	16.47618865966797
2502	gpt2	2503	1252	13	proceed	sent_comp	unexpected	The surgeon says the authors proceeds	1.006128741209977e-06	1.006128741209977e-06	19.922754287719727	19.922754287719727
2503	gpt2	2504	1252	13	proceed	sent_comp	expected	The surgeon says the authors proceed	4.9047568609239534e-05	4.9047568609239534e-05	14.315459251403809	14.315459251403809
2504	gpt2	2505	1253	13	process	sent_comp	unexpected	The surgeon says the authors processes	1.758596965828474e-07	1.758596965828474e-07	22.43907165527344	22.43907165527344
2505	gpt2	2506	1253	13	process	sent_comp	expected	The surgeon says the authors process	3.453007957432419e-05	3.453007957432419e-05	14.821786880493164	14.821786880493164
2506	gpt2	2507	1254	13	proclaim	sent_comp	unexpected	The surgeon says the authors proclaims	0.0034099535316727027	0.0034099535316727027	12.741020679473877	12.741020679473877
2507	gpt2	2508	1254	13	proclaim	sent_comp	expected	The surgeon says the authors proclaim	3.130128334305482e-06	3.130128334305482e-06	18.28534698486328	18.28534698486328
2508	gpt2	2509	1255	13	produce	sent_comp	unexpected	The surgeon says the authors produces	1.1265307620078603e-07	1.1265307620078603e-07	23.08160972595215	23.08160972595215
2509	gpt2	2510	1255	13	produce	sent_comp	expected	The surgeon says the authors produce	3.4626369597390294e-05	3.4626369597390294e-05	14.817769050598145	14.817769050598145
2510	gpt2	2511	1256	13	prod	sent_comp	unexpected	The surgeon says the authors prods	0.000144076528158595	0.000144076528158595	13.725599765777588	13.725599765777588
2511	gpt2	2512	1256	13	prod	sent_comp	expected	The surgeon says the authors prod	3.604169478421682e-07	3.604169478421682e-07	21.40382957458496	21.40382957458496
2512	gpt2	2513	1257	13	profile	sent_comp	unexpected	The surgeon says the authors profiles	3.225067928269709e-07	3.225067928269709e-07	21.56416702270508	21.56416702270508
2513	gpt2	2514	1257	13	profile	sent_comp	expected	The surgeon says the authors profile	3.941035629395628e-06	3.941035629395628e-06	17.952993392944336	17.952993392944336
2514	gpt2	2515	1258	13	profit	sent_comp	unexpected	The surgeon says the authors profits	2.3442760266334522e-07	2.3442760266334522e-07	22.024354934692383	22.024354934692383
2515	gpt2	2516	1258	13	profit	sent_comp	expected	The surgeon says the authors profit	9.39330038818298e-06	9.39330038818298e-06	16.699935913085938	16.699935913085938
2516	gpt2	2517	1259	13	program	sent_comp	unexpected	The surgeon says the authors programs	2.3524101777638867e-07	2.3524101777638867e-07	22.01935768127441	22.01935768127441
2517	gpt2	2518	1259	13	program	sent_comp	expected	The surgeon says the authors program	2.0831999790971167e-05	2.0831999790971167e-05	15.5508394241333	15.5508394241333
2518	gpt2	2519	1260	13	progress	sent_comp	unexpected	The surgeon says the authors progresses	2.649378139096825e-08	2.649378139096825e-08	25.169771194458008	25.169771194458008
2519	gpt2	2520	1260	13	progress	sent_comp	expected	The surgeon says the authors progress	3.154726300635957e-06	3.154726300635957e-06	18.2740535736084	18.2740535736084
2520	gpt2	2521	1261	13	prohibit	sent_comp	unexpected	The surgeon says the authors prohibits	1.1067024630051492e-08	1.1067024630051492e-08	26.42915725708008	26.42915725708008
2521	gpt2	2522	1261	13	prohibit	sent_comp	expected	The surgeon says the authors prohibit	2.230866130048525e-06	2.230866130048525e-06	18.773963928222656	18.773963928222656
2522	gpt2	2523	1262	13	project	sent_comp	unexpected	The surgeon says the authors projects	2.579905412858352e-06	2.579905412858352e-06	18.56425094604492	18.56425094604492
2523	gpt2	2524	1262	13	project	sent_comp	expected	The surgeon says the authors project	0.0001217119861394	0.0001217119861394	13.00424098968506	13.00424098968506
2524	gpt2	2525	1263	13	prolong	sent_comp	unexpected	The surgeon says the authors prolongs	0.0031917615151826066	0.0031917615151826066	13.729238271713257	13.729238271713257
2525	gpt2	2526	1263	13	prolong	sent_comp	expected	The surgeon says the authors prolong	8.495172210132296e-07	8.495172210132296e-07	20.166852951049805	20.166852951049805
2526	gpt2	2527	1264	13	promise	sent_comp	unexpected	The surgeon says the authors promises	5.757952976637171e-07	5.757952976637171e-07	20.727941513061523	20.727941513061523
2527	gpt2	2528	1264	13	promise	sent_comp	expected	The surgeon says the authors promise	9.686786506790668e-05	9.686786506790668e-05	13.333621978759766	13.333621978759766
2528	gpt2	2529	1265	13	promote	sent_comp	unexpected	The surgeon says the authors promotes	7.686728054068227e-08	7.686728054068227e-08	23.633054733276367	23.633054733276367
2529	gpt2	2530	1265	13	promote	sent_comp	expected	The surgeon says the authors promote	1.7774018488125876e-05	1.7774018488125876e-05	15.77987003326416	15.77987003326416
2530	gpt2	2531	1266	13	prompt	sent_comp	unexpected	The surgeon says the authors prompts	1.3563741241284788e-08	1.3563741241284788e-08	26.135669708251957	26.135669708251957
2531	gpt2	2532	1266	13	prompt	sent_comp	expected	The surgeon says the authors prompt	2.2796787106926786e-06	2.2796787106926786e-06	18.742738723754883	18.742738723754883
2532	gpt2	2533	1267	13	propel	sent_comp	unexpected	The surgeon says the authors propels	0.001664708311295703	0.001664708311295703	13.215047836303711	13.215047836303711
2533	gpt2	2534	1267	13	propel	sent_comp	expected	The surgeon says the authors propel	1.4898738243118714e-07	1.4898738243118714e-07	22.678306579589844	22.678306579589844
2534	gpt2	2535	1268	13	propose	sent_comp	unexpected	The surgeon says the authors proposes	2.0864677026111167e-06	2.0864677026111167e-06	18.870506286621094	18.870506286621094
2535	gpt2	2536	1268	13	propose	sent_comp	expected	The surgeon says the authors propose	0.0007350988453254	0.0007350988453254	10.40977382659912	10.40977382659912
2536	gpt2	2537	1269	13	prop	sent_comp	unexpected	The surgeon says the authors props	1.2958773254467817e-07	1.2958773254467817e-07	22.879568099975582	22.879568099975582
2537	gpt2	2538	1269	13	prop	sent_comp	expected	The surgeon says the authors prop	3.325172883705818e-06	3.325172883705818e-06	18.198139190673828	18.198139190673828
2538	gpt2	2539	1270	13	prosper	sent_comp	unexpected	The surgeon says the authors prospers	0.13582183757898747	0.13582183757898747	8.421345988909403	8.421345988909403
2539	gpt2	2540	1270	13	prosper	sent_comp	expected	The surgeon says the authors prosper	1.331881662736123e-07	1.331881662736123e-07	22.840030670166016	22.840030670166016
2540	gpt2	2541	1271	13	protect	sent_comp	unexpected	The surgeon says the authors protects	2.4667803799616198e-08	2.4667803799616198e-08	25.272794723510746	25.272794723510746
2541	gpt2	2542	1271	13	protect	sent_comp	expected	The surgeon says the authors protect	1.3178030712879265e-05	1.3178030712879265e-05	16.211505889892578	16.211505889892578
2542	gpt2	2543	1272	13	protest	sent_comp	unexpected	The surgeon says the authors protests	6.201484836765303e-08	6.201484836765303e-08	23.94281005859375	23.94281005859375
2543	gpt2	2544	1272	13	protest	sent_comp	expected	The surgeon says the authors protest	3.0928115393180637e-06	3.0928115393180637e-06	18.30265045166016	18.30265045166016
2544	gpt2	2545	1273	14	prove	sent_comp	unexpected	The teacher thinks the senators proves	6.418353564185963e-07	6.418353564185963e-07	20.571292877197266	20.571292877197266
2545	gpt2	2546	1273	14	prove	sent_comp	expected	The teacher thinks the senators prove	2.101938844134565e-05	2.101938844134565e-05	15.537919998168944	15.537919998168944
2546	gpt2	2547	1274	14	provide	sent_comp	unexpected	The teacher thinks the senators provides	9.43367581385246e-07	9.43367581385246e-07	20.01567649841309	20.01567649841309
2547	gpt2	2548	1274	14	provide	sent_comp	expected	The teacher thinks the senators provide	0.0001228977343998	0.0001228977343998	12.990254402160645	12.990254402160645
2548	gpt2	2549	1275	14	provoke	sent_comp	unexpected	The teacher thinks the senators provokes	0.06483137319274589	0.06483137319274589	12.134180068969727	12.134180068969727
2549	gpt2	2550	1275	14	provoke	sent_comp	expected	The teacher thinks the senators provoke	1.473486236136523e-06	1.473486236136523e-06	19.37233543395996	19.37233543395996
2550	gpt2	2551	1276	14	prune	sent_comp	unexpected	The teacher thinks the senators prunes	0.00010934568558692758	0.00010934568558692758	14.797868728637695	14.797868728637695
2551	gpt2	2552	1276	14	prune	sent_comp	expected	The teacher thinks the senators prune	0.004912375964295277	0.004912375964295277	12.034214973449707	12.034214973449707
2552	gpt2	2553	1277	14	publicize	sent_comp	unexpected	The teacher thinks the senators publicizes	0.00401358011322372	0.00401358011322372	11.555437803268433	11.555437803268433
2553	gpt2	2554	1277	14	publicize	sent_comp	expected	The teacher thinks the senators publicize	0.02204827948617092	0.02204827948617092	10.325571775436401	10.325571775436401
2554	gpt2	2555	1278	14	publish	sent_comp	unexpected	The teacher thinks the senators publishes	5.470234398785578e-08	5.470234398785578e-08	24.12382125854492	24.12382125854492
2555	gpt2	2556	1278	14	publish	sent_comp	expected	The teacher thinks the senators publish	4.121977326576598e-06	4.121977326576598e-06	17.88823127746582	17.88823127746582
2556	gpt2	2557	1279	14	pull	sent_comp	unexpected	The teacher thinks the senators pulls	2.762690769486653e-07	2.762690769486653e-07	21.78742218017578	21.78742218017578
2557	gpt2	2558	1279	14	pull	sent_comp	expected	The teacher thinks the senators pull	1.0261788702337071e-05	1.0261788702337071e-05	16.572359085083008	16.572359085083008
2558	gpt2	2559	1280	14	pummel	sent_comp	unexpected	The teacher thinks the senators pummels	0.005742909556526343	0.005742909556526343	10.001417795817057	10.001417795817057
2559	gpt2	2560	1280	14	pummel	sent_comp	expected	The teacher thinks the senators pummel	0.013715698359495312	0.013715698359495312	8.560940583546957	8.560940583546957
2560	gpt2	2561	1281	14	pump	sent_comp	unexpected	The teacher thinks the senators pumps	4.39944933816605e-08	4.39944933816605e-08	24.438100814819336	24.438100814819336
2561	gpt2	2562	1281	14	pump	sent_comp	expected	The teacher thinks the senators pump	7.833332347217947e-07	7.833332347217947e-07	20.283870697021484	20.283870697021484
2562	gpt2	2563	1282	14	punch	sent_comp	unexpected	The teacher thinks the senators punches	1.1748412731549253e-07	1.1748412731549253e-07	23.02103042602539	23.02103042602539
2563	gpt2	2564	1282	14	punch	sent_comp	expected	The teacher thinks the senators punch	2.504133590264246e-06	2.504133590264246e-06	18.607257843017575	18.607257843017575
2564	gpt2	2565	1283	14	punish	sent_comp	unexpected	The teacher thinks the senators punishes	0.12219337684700801	0.12219337684700801	10.226101517677309	10.226101517677309
2565	gpt2	2566	1283	14	punish	sent_comp	expected	The teacher thinks the senators punish	2.0243228391336743e-06	2.0243228391336743e-06	18.91412925720215	18.91412925720215
2566	gpt2	2567	1284	14	purchase	sent_comp	unexpected	The teacher thinks the senators purchases	1.0401293337736207e-07	1.0401293337736207e-07	23.196733474731445	23.196733474731445
2567	gpt2	2568	1284	14	purchase	sent_comp	expected	The teacher thinks the senators purchase	1.1463097280284271e-06	1.1463097280284271e-06	19.73457145690918	19.73457145690918
2568	gpt2	2569	1285	14	pursue	sent_comp	unexpected	The teacher thinks the senators pursues	0.046632248276466684	0.046632248276466684	12.088915824890137	12.088915824890137
2569	gpt2	2570	1285	14	pursue	sent_comp	expected	The teacher thinks the senators pursue	4.896836799161974e-06	4.896836799161974e-06	17.639719009399414	17.639719009399414
2570	gpt2	2571	1286	14	push	sent_comp	unexpected	The teacher thinks the senators pushes	2.436559611851408e-07	2.436559611851408e-07	21.968650817871094	21.968650817871094
2571	gpt2	2572	1286	14	push	sent_comp	expected	The teacher thinks the senators push	0.0001113316684495	0.0001113316684495	13.132848739624023	13.132848739624023
2572	gpt2	2573	1287	14	put	sent_comp	unexpected	The teacher thinks the senators puts	1.6054081015681732e-06	1.6054081015681732e-06	19.248628616333008	19.248628616333008
2573	gpt2	2574	1287	14	put	sent_comp	expected	The teacher thinks the senators put	0.0008760054479353	0.0008760054479353	10.15677261352539	10.15677261352539
2574	gpt2	2575	1288	14	puzzle	sent_comp	unexpected	The teacher thinks the senators puzzles	1.1314727998978925e-07	1.1314727998978925e-07	23.075294494628903	23.075294494628903
2575	gpt2	2576	1288	14	puzzle	sent_comp	expected	The teacher thinks the senators puzzle	2.0240449885022822e-06	2.0240449885022822e-06	18.91432762145996	18.91432762145996
2576	gpt2	2577	1289	14	qualify	sent_comp	unexpected	The teacher thinks the senators qualifies	1.230208965807833e-07	1.230208965807833e-07	22.954593658447266	22.954593658447266
2577	gpt2	2578	1289	14	qualify	sent_comp	expected	The teacher thinks the senators qualify	7.191153144958662e-06	7.191153144958662e-06	17.085346221923828	17.085346221923828
2578	gpt2	2579	1290	14	quantify	sent_comp	unexpected	The teacher thinks the senators quantifies	0.03578498002579522	0.03578498002579522	13.040168642997742	13.040168642997742
2579	gpt2	2580	1290	14	quantify	sent_comp	expected	The teacher thinks the senators quantify	3.8049087436320406e-08	3.8049087436320406e-08	24.64756202697754	24.64756202697754
2580	gpt2	2581	1291	14	quarrel	sent_comp	unexpected	The teacher thinks the senators quarrels	0.034444504895077444	0.034444504895077444	11.274786591529846	11.274786591529846
2581	gpt2	2582	1291	14	quarrel	sent_comp	expected	The teacher thinks the senators quarrel	2.364651891184621e-06	2.364651891184621e-06	18.68994140625	18.68994140625
2582	gpt2	2583	1292	14	quell	sent_comp	unexpected	The teacher thinks the senators quells	9.943020359058276e-05	9.943020359058276e-05	14.33662462234497	14.33662462234497
2583	gpt2	2584	1292	14	quell	sent_comp	expected	The teacher thinks the senators quell	0.007194241749857583	0.007194241749857583	11.20176887512207	11.20176887512207
2584	gpt2	2585	1293	14	question	sent_comp	unexpected	The teacher thinks the senators questions	2.075691918435041e-05	2.075691918435041e-05	15.556048393249512	15.556048393249512
2585	gpt2	2586	1293	14	question	sent_comp	expected	The teacher thinks the senators question	0.0001701196597423	0.0001701196597423	12.521162033081056	12.521162033081056
2586	gpt2	2587	1294	14	quiet	sent_comp	unexpected	The teacher thinks the senators quiets	0.00011412619733163276	0.00011412619733163276	14.230964183807373	14.230964183807373
2587	gpt2	2588	1294	14	quiet	sent_comp	expected	The teacher thinks the senators quiet	5.272411272017052e-06	5.272411272017052e-06	17.533105850219727	17.533105850219727
2588	gpt2	2589	1295	14	quit	sent_comp	unexpected	The teacher thinks the senators quits	0.007055751289044533	0.007055751289044533	11.215802669525146	11.215802669525146
2589	gpt2	2590	1295	14	quit	sent_comp	expected	The teacher thinks the senators quit	1.813754897739273e-05	1.813754897739273e-05	15.75066089630127	15.75066089630127
2590	gpt2	2591	1296	14	quiz	sent_comp	unexpected	The teacher thinks the senators quizes	1.1387453923816793e-05	1.1387453923816793e-05	16.429595947265625	16.429595947265625
2591	gpt2	2592	1296	14	quiz	sent_comp	expected	The teacher thinks the senators quiz	1.1100840993094607e-06	1.1100840993094607e-06	19.78089904785156	19.78089904785156
2592	gpt2	2593	1297	14	quote	sent_comp	unexpected	The teacher thinks the senators quotes	8.150723260769155e-07	8.150723260769155e-07	20.2265682220459	20.2265682220459
2593	gpt2	2594	1297	14	quote	sent_comp	expected	The teacher thinks the senators quote	1.9594914192566648e-05	1.9594914192566648e-05	15.639161109924316	15.639161109924316
2594	gpt2	2595	1298	14	rage	sent_comp	unexpected	The teacher thinks the senators rages	0.004060782650412859	0.004060782650412859	10.533926486968994	10.533926486968994
2595	gpt2	2596	1298	14	rage	sent_comp	expected	The teacher thinks the senators rage	2.9923717193014454e-06	2.9923717193014454e-06	18.35027885437012	18.35027885437012
2596	gpt2	2597	1299	14	raid	sent_comp	unexpected	The teacher thinks the senators raids	1.721463860349104e-07	1.721463860349104e-07	22.469860076904297	22.469860076904297
2597	gpt2	2598	1299	14	raid	sent_comp	expected	The teacher thinks the senators raid	1.802023007257958e-06	1.802023007257958e-06	19.081951141357425	19.081951141357425
2598	gpt2	2599	1300	14	rain	sent_comp	unexpected	The teacher thinks the senators rains	7.993065764821951e-09	7.993065764821951e-09	26.89860343933105	26.89860343933105
2599	gpt2	2600	1300	14	rain	sent_comp	expected	The teacher thinks the senators rain	6.678259296677425e-07	6.678259296677425e-07	20.51402473449707	20.51402473449707
2600	gpt2	2601	1301	14	raise	sent_comp	unexpected	The teacher thinks the senators raises	9.00153906968626e-07	9.00153906968626e-07	20.083324432373047	20.083324432373047
2601	gpt2	2602	1301	14	raise	sent_comp	expected	The teacher thinks the senators raise	0.00018857557734	0.00018857557734	12.37256908416748	12.37256908416748
2602	gpt2	2603	1302	14	rally	sent_comp	unexpected	The teacher thinks the senators rallies	1.023128959332098e-07	1.023128959332098e-07	23.220508575439453	23.220508575439453
2603	gpt2	2604	1302	14	rally	sent_comp	expected	The teacher thinks the senators rally	6.15415819993359e-06	6.15415819993359e-06	17.310007095336914	17.310007095336914
2604	gpt2	2605	1303	14	ramp	sent_comp	unexpected	The teacher thinks the senators ramps	3.5226186412273825e-08	3.5226186412273825e-08	24.75877571105957	24.75877571105957
2605	gpt2	2606	1303	14	ramp	sent_comp	expected	The teacher thinks the senators ramp	2.727580294958898e-06	2.727580294958898e-06	18.483945846557617	18.483945846557617
2606	gpt2	2607	1304	14	range	sent_comp	unexpected	The teacher thinks the senators ranges	4.565463740391351e-08	4.565463740391351e-08	24.384662628173828	24.384662628173828
2607	gpt2	2608	1304	14	range	sent_comp	expected	The teacher thinks the senators range	5.119718025525799e-06	5.119718025525799e-06	17.575504302978516	17.575504302978516
2608	gpt2	2609	1305	14	rank	sent_comp	unexpected	The teacher thinks the senators ranks	1.6132838709381758e-07	1.6132838709381758e-07	22.563495635986328	22.563495635986328
2609	gpt2	2610	1305	14	rank	sent_comp	expected	The teacher thinks the senators rank	1.573691042722203e-05	1.573691042722203e-05	15.955488204956056	15.955488204956056
2610	gpt2	2611	1306	14	ratify	sent_comp	unexpected	The teacher thinks the senators ratifies	0.016107764172147643	0.016107764172147643	11.099066019058228	11.099066019058228
2611	gpt2	2612	1306	14	ratify	sent_comp	expected	The teacher thinks the senators ratify	0.18219045557339084	0.18219045557339084	9.349124670028687	9.349124670028687
2612	gpt2	2613	1307	14	rationalize	sent_comp	unexpected	The teacher thinks the senators rationalizes	0.003511741262173018	0.003511741262173018	12.753615617752075	12.753615617752075
2613	gpt2	2614	1307	14	rationalize	sent_comp	expected	The teacher thinks the senators rationalize	0.1636973204726928	0.1636973204726928	9.981965124607086	9.981965124607086
2614	gpt2	2615	1308	14	rattle	sent_comp	unexpected	The teacher thinks the senators rattles	0.009866816072587867	0.009866816072587867	12.610085725784302	12.610085725784302
2615	gpt2	2616	1308	14	rattle	sent_comp	expected	The teacher thinks the senators rattle	0.0042206548805552085	0.0042206548805552085	10.50588083267212	10.50588083267212
2616	gpt2	2617	1309	14	rat	sent_comp	unexpected	The teacher thinks the senators rats	7.944981916807592e-07	7.944981916807592e-07	20.263452529907227	20.263452529907227
2617	gpt2	2618	1309	14	rat	sent_comp	expected	The teacher thinks the senators rat	6.452356956287986e-06	6.452356956287986e-06	17.241743087768555	17.241743087768555
2618	gpt2	2619	1310	14	rave	sent_comp	unexpected	The teacher thinks the senators raves	0.0023463053348677584	0.0023463053348677584	10.933305978775024	10.933305978775024
2619	gpt2	2620	1310	14	rave	sent_comp	expected	The teacher thinks the senators rave	6.660225153609645e-06	6.660225153609645e-06	17.19599723815918	17.19599723815918
2620	gpt2	2621	1311	14	reach	sent_comp	unexpected	The teacher thinks the senators reaches	1.4266319681155437e-07	1.4266319681155437e-07	22.74088287353516	22.74088287353516
2621	gpt2	2622	1311	14	reach	sent_comp	expected	The teacher thinks the senators reach	2.040224353550002e-05	2.040224353550002e-05	15.580912590026855	15.580912590026855
2622	gpt2	2623	1312	14	react	sent_comp	unexpected	The teacher thinks the senators reacts	1.260314945739083e-07	1.260314945739083e-07	22.91971206665039	22.91971206665039
2623	gpt2	2624	1312	14	react	sent_comp	expected	The teacher thinks the senators react	1.6295523892040364e-05	1.6295523892040364e-05	15.90516471862793	15.90516471862793
2624	gpt2	2625	1313	14	readmit	sent_comp	unexpected	The teacher thinks the senators readmits	0.00015838482562456496	0.00015838482562456496	17.197096347808838	17.197096347808838
2625	gpt2	2626	1313	14	readmit	sent_comp	expected	The teacher thinks the senators readmit	0.0001610685631021473	0.0001610685631021473	14.547561168670654	14.547561168670654
2626	gpt2	2627	1314	14	read	sent_comp	unexpected	The teacher thinks the senators reads	1.5251157492457423e-06	1.5251157492457423e-06	19.322649002075195	19.322649002075195
2627	gpt2	2628	1314	14	read	sent_comp	expected	The teacher thinks the senators read	0.0003166297683492	0.0003166297683492	11.62491512298584	11.62491512298584
2628	gpt2	2629	1315	14	reaffirm	sent_comp	unexpected	The teacher thinks the senators reaffirms	0.00047079755745466924	0.00047079755745466924	13.966218948364258	13.966218948364258
2629	gpt2	2630	1315	14	reaffirm	sent_comp	expected	The teacher thinks the senators reaffirm	0.05166319737031697	0.05166319737031697	10.574107646942139	10.574107646942139
2630	gpt2	2631	1316	14	realign	sent_comp	unexpected	The teacher thinks the senators realigns	0.015072236002197282	0.015072236002197282	9.524678230285645	9.524678230285645
2631	gpt2	2632	1316	14	realign	sent_comp	expected	The teacher thinks the senators realign	0.020575337358877722	0.020575337358877722	10.31593632698059	10.31593632698059
2632	gpt2	2633	1317	14	realize	sent_comp	unexpected	The teacher thinks the senators realizes	1.6017133930290584e-06	1.6017133930290584e-06	19.251953125	19.251953125
2633	gpt2	2634	1317	14	realize	sent_comp	expected	The teacher thinks the senators realize	0.000199382280698	0.000199382280698	12.29217529296875	12.29217529296875
2634	gpt2	2635	1318	14	reappraise	sent_comp	unexpected	The teacher thinks the senators reappraises	0.001173924235558823	0.001173924235558823	13.400621096293131	13.400621096293131
2635	gpt2	2636	1318	14	reappraise	sent_comp	expected	The teacher thinks the senators reappraise	0.0014165542349359845	0.0014165542349359845	14.173429012298584	14.173429012298584
2636	gpt2	2637	1319	14	reap	sent_comp	unexpected	The teacher thinks the senators reaps	0.00010092017691928082	0.00010092017691928082	13.282399654388428	13.282399654388428
2637	gpt2	2638	1319	14	reap	sent_comp	expected	The teacher thinks the senators reap	6.592855470444192e-07	6.592855470444192e-07	20.5325927734375	20.5325927734375
2638	gpt2	2639	1320	14	rearm	sent_comp	unexpected	The teacher thinks the senators rearms	6.982186619097774e-06	6.982186619097774e-06	17.601750373840332	17.601750373840332
2639	gpt2	2640	1320	14	rearm	sent_comp	expected	The teacher thinks the senators rearm	6.142751590232365e-05	6.142751590232365e-05	14.172064781188967	14.172064781188967
2640	gpt2	2641	1321	14	rearrange	sent_comp	unexpected	The teacher thinks the senators rearranges	0.00013294932574581023	0.00013294932574581023	15.652063369750977	15.652063369750977
2641	gpt2	2642	1321	14	rearrange	sent_comp	expected	The teacher thinks the senators rearrange	0.007229888449330661	0.007229888449330661	12.765743017196653	12.765743017196653
2642	gpt2	2643	1322	14	reason	sent_comp	unexpected	The teacher thinks the senators reasons	1.0889453960771789e-06	1.0889453960771789e-06	19.808637619018555	19.808637619018555
2643	gpt2	2644	1322	14	reason	sent_comp	expected	The teacher thinks the senators reason	1.1507134331623092e-05	1.1507134331623092e-05	16.40711212158203	16.40711212158203
2644	gpt2	2645	1323	14	reassert	sent_comp	unexpected	The teacher thinks the senators reasserts	0.06713327002451779	0.06713327002451779	10.513171831766764	10.513171831766764
2645	gpt2	2646	1323	14	reassert	sent_comp	expected	The teacher thinks the senators reassert	0.09993318581098262	0.09993318581098262	11.095250606536865	11.095250606536865
2646	gpt2	2647	1324	14	reassess	sent_comp	unexpected	The teacher thinks the senators reassesses	0.00016856579884457802	0.00016856579884457802	15.703240871429443	15.703240871429443
2647	gpt2	2648	1324	14	reassess	sent_comp	expected	The teacher thinks the senators reassess	0.023469566563903727	0.023469566563903727	12.140349388122559	12.140349388122559
2648	gpt2	2649	1325	14	reassume	sent_comp	unexpected	The teacher thinks the senators reassumes	1.158427028258302e-05	1.158427028258302e-05	17.66584062576294	17.66584062576294
2649	gpt2	2650	1325	14	reassume	sent_comp	expected	The teacher thinks the senators reassume	0.000527387331999278	0.000527387331999278	14.87894058227539	14.87894058227539
2650	gpt2	2651	1326	14	reassure	sent_comp	unexpected	The teacher thinks the senators reassures	0.000579267470925478	0.000579267470925478	14.811193466186523	14.811193466186523
2651	gpt2	2652	1326	14	reassure	sent_comp	expected	The teacher thinks the senators reassure	5.656835355694056e-07	5.656835355694056e-07	20.753501892089844	20.753501892089844
2652	gpt2	2653	1327	14	reauthorize	sent_comp	unexpected	The teacher thinks the senators reauthorizes	0.0036252942469824205	0.0036252942469824205	9.501081307729086	9.501081307729086
2653	gpt2	2654	1327	14	reauthorize	sent_comp	expected	The teacher thinks the senators reauthorize	0.10225613793105971	0.10225613793105971	7.571703672409058	7.571703672409058
2654	gpt2	2655	1328	14	rebound	sent_comp	unexpected	The teacher thinks the senators rebounds	2.28353638220824e-08	2.28353638220824e-08	25.3841552734375	25.3841552734375
2655	gpt2	2656	1328	14	rebound	sent_comp	expected	The teacher thinks the senators rebound	8.14298033446903e-08	8.14298033446903e-08	23.549867630004883	23.549867630004883
2656	gpt2	2657	1329	14	rebuild	sent_comp	unexpected	The teacher thinks the senators rebuilds	0.0015627377009010692	0.0015627377009010692	15.470512866973877	15.470512866973877
2657	gpt2	2658	1329	14	rebuild	sent_comp	expected	The teacher thinks the senators rebuild	1.5521310103849828e-07	1.5521310103849828e-07	22.619245529174805	22.619245529174805
2658	gpt2	2659	1330	14	rebut	sent_comp	unexpected	The teacher thinks the senators rebuts	0.00031399070576296076	0.00031399070576296076	12.391584396362305	12.391584396362305
2659	gpt2	2660	1330	14	rebut	sent_comp	expected	The teacher thinks the senators rebut	0.07369519949133971	0.07369519949133971	8.380695581436157	8.380695581436157
2660	gpt2	2661	1331	14	recall	sent_comp	unexpected	The teacher thinks the senators recalls	3.76013730374325e-07	3.76013730374325e-07	21.34271049499512	21.34271049499512
2661	gpt2	2662	1331	14	recall	sent_comp	expected	The teacher thinks the senators recall	2.4623888748465103e-05	2.4623888748465103e-05	15.309581756591797	15.309581756591797
2662	gpt2	2663	1332	14	recapture	sent_comp	unexpected	The teacher thinks the senators recaptures	0.0004029709463963661	0.0004029709463963661	15.744498729705809	15.744498729705809
2663	gpt2	2664	1332	14	recapture	sent_comp	expected	The teacher thinks the senators recapture	0.07086324424855661	0.07086324424855661	12.015023231506346	12.015023231506346
2664	gpt2	2665	1333	14	receive	sent_comp	unexpected	The teacher thinks the senators receives	1.597118313156898e-07	1.597118313156898e-07	22.578025817871094	22.578025817871094
2665	gpt2	2666	1333	14	receive	sent_comp	expected	The teacher thinks the senators receive	2.662903716554865e-05	2.662903716554865e-05	15.196640014648438	15.196640014648438
2666	gpt2	2667	1334	14	reckon	sent_comp	unexpected	The teacher thinks the senators reckons	0.0034044226822516027	0.0034044226822516027	13.057814359664917	13.057814359664917
2667	gpt2	2668	1334	14	reckon	sent_comp	expected	The teacher thinks the senators reckon	1.5988807717803866e-06	1.5988807717803866e-06	19.254507064819336	19.254507064819336
2668	gpt2	2669	1335	14	reclaim	sent_comp	unexpected	The teacher thinks the senators reclaims	0.0018635243147286798	0.0018635243147286798	14.824496746063234	14.824496746063234
2669	gpt2	2670	1335	14	reclaim	sent_comp	expected	The teacher thinks the senators reclaim	3.187391257597483e-07	3.187391257597483e-07	21.58111953735352	21.58111953735352
2670	gpt2	2671	1336	14	recognize	sent_comp	unexpected	The teacher thinks the senators recognizes	1.1454878858785378e-06	1.1454878858785378e-06	19.7356071472168	19.7356071472168
2671	gpt2	2672	1336	14	recognize	sent_comp	expected	The teacher thinks the senators recognize	7.296742842299864e-05	7.296742842299864e-05	13.742387771606444	13.742387771606444
2672	gpt2	2673	1337	14	recommend	sent_comp	unexpected	The teacher thinks the senators recommends	4.4107608232479844e-07	4.4107608232479844e-07	21.112468719482425	21.112468719482425
2673	gpt2	2674	1337	14	recommend	sent_comp	expected	The teacher thinks the senators recommend	1.6677762687322684e-05	1.6677762687322684e-05	15.87171459197998	15.87171459197998
2674	gpt2	2675	1338	14	reconcile	sent_comp	unexpected	The teacher thinks the senators reconciles	0.001083012472463435	0.001083012472463435	13.807563304901121	13.807563304901121
2675	gpt2	2676	1338	14	reconcile	sent_comp	expected	The teacher thinks the senators reconcile	6.18595322521287e-07	6.18595322521287e-07	20.624500274658203	20.624500274658203
2676	gpt2	2677	1339	14	reconnect	sent_comp	unexpected	The teacher thinks the senators reconnects	0.0018736259890701256	0.0018736259890701256	15.357084751129152	15.357084751129152
2677	gpt2	2678	1339	14	reconnect	sent_comp	expected	The teacher thinks the senators reconnect	1.515019647513327e-07	1.515019647513327e-07	22.65415954589844	22.65415954589844
2678	gpt2	2679	1340	14	reconsider	sent_comp	unexpected	The teacher thinks the senators reconsiders	0.012798995833151099	0.012798995833151099	13.140745639801025	13.140745639801025
2679	gpt2	2680	1340	14	reconsider	sent_comp	expected	The teacher thinks the senators reconsider	1.2021932889183518e-06	1.2021932889183518e-06	19.6658992767334	19.6658992767334
2680	gpt2	2681	1341	14	reconstruct	sent_comp	unexpected	The teacher thinks the senators reconstructs	0.003130511108249576	0.003130511108249576	15.683593034744263	15.683593034744263
2681	gpt2	2682	1341	14	reconstruct	sent_comp	expected	The teacher thinks the senators reconstruct	5.766269595142148e-08	5.766269595142148e-08	24.047786712646484	24.047786712646484
2682	gpt2	2683	1342	14	record	sent_comp	unexpected	The teacher thinks the senators records	4.27003612912813e-07	4.27003612912813e-07	21.15924835205078	21.15924835205078
2683	gpt2	2684	1342	14	record	sent_comp	expected	The teacher thinks the senators record	1.2521312783064786e-05	1.2521312783064786e-05	16.285255432128906	16.285255432128906
2684	gpt2	2685	1343	14	recoup	sent_comp	unexpected	The teacher thinks the senators recoups	0.004250425816887066	0.004250425816887066	10.792739709218344	10.792739709218344
2685	gpt2	2686	1343	14	recoup	sent_comp	expected	The teacher thinks the senators recoup	0.0012917839785586494	0.0012917839785586494	11.859001159667969	11.859001159667969
2686	gpt2	2687	1344	14	recover	sent_comp	unexpected	The teacher thinks the senators recovers	1.2884164846127533e-08	1.2884164846127533e-08	26.20982551574707	26.20982551574707
2687	gpt2	2688	1344	14	recover	sent_comp	expected	The teacher thinks the senators recover	7.371208994300105e-07	7.371208994300105e-07	20.37159538269043	20.37159538269043
2688	gpt2	2689	1345	14	recraft	sent_comp	unexpected	The teacher thinks the senators recrafts	0.0035042534782405523	0.0035042534782405523	11.756390889485678	11.756390889485678
2689	gpt2	2690	1345	14	recraft	sent_comp	expected	The teacher thinks the senators recraft	5.51080165678286e-05	5.51080165678286e-05	14.341126441955566	14.341126441955566
2690	gpt2	2691	1346	14	recreate	sent_comp	unexpected	The teacher thinks the senators recreates	0.26715459145210235	0.26715459145210235	9.648115783929825	9.648115783929825
2691	gpt2	2692	1346	14	recreate	sent_comp	expected	The teacher thinks the senators recreate	1.3217665184583893e-07	1.3217665184583893e-07	22.85102844238281	22.85102844238281
2692	gpt2	2693	1347	14	recycle	sent_comp	unexpected	The teacher thinks the senators recycles	0.22852073011769747	0.22852073011769747	12.375920712947845	12.375920712947845
2693	gpt2	2694	1347	14	recycle	sent_comp	expected	The teacher thinks the senators recycle	1.0315120562154334e-06	1.0315120562154334e-06	19.886808395385746	19.886808395385746
2694	gpt2	2695	1348	14	redden	sent_comp	unexpected	The teacher thinks the senators reddens	0.003749363559379027	0.003749363559379027	14.396358013153076	14.396358013153076
2695	gpt2	2696	1348	14	redden	sent_comp	expected	The teacher thinks the senators redden	6.069000301067718e-05	6.069000301067718e-05	14.205602645874023	14.205602645874023
2696	gpt2	2697	1349	14	redeem	sent_comp	unexpected	The teacher thinks the senators redeems	0.04460462143079979	0.04460462143079979	13.457282423973082	13.457282423973082
2697	gpt2	2698	1349	14	redeem	sent_comp	expected	The teacher thinks the senators redeem	1.918967029723717e-07	1.918967029723717e-07	22.313167572021484	22.313167572021484
2698	gpt2	2699	1350	14	redefine	sent_comp	unexpected	The teacher thinks the senators redefines	0.0028080798810492056	0.0028080798810492056	13.513111591339111	13.513111591339111
2699	gpt2	2700	1350	14	redefine	sent_comp	expected	The teacher thinks the senators redefine	0.47560095373859207	0.47560095373859207	9.810933373868465	9.810933373868465
2700	gpt2	2701	1351	14	redesign	sent_comp	unexpected	The teacher thinks the senators redesigns	0.004194018057368946	0.004194018057368946	14.782394886016846	14.782394886016846
2701	gpt2	2702	1351	14	redesign	sent_comp	expected	The teacher thinks the senators redesign	1.5012697929250862e-07	1.5012697929250862e-07	22.667312622070312	22.667312622070312
2702	gpt2	2703	1352	14	redevelop	sent_comp	unexpected	The teacher thinks the senators redevelops	0.001356721303208621	0.001356721303208621	16.540316104888916	16.540316104888916
2703	gpt2	2704	1352	14	redevelop	sent_comp	expected	The teacher thinks the senators redevelop	4.0571702442093744e-08	4.0571702442093744e-08	24.554950714111328	24.554950714111328
2704	gpt2	2705	1353	14	redial	sent_comp	unexpected	The teacher thinks the senators redials	1.0118926894620019e-05	1.0118926894620019e-05	18.143267154693604	18.143267154693604
2705	gpt2	2706	1353	14	redial	sent_comp	expected	The teacher thinks the senators redial	0.001845719356424508	0.001845719356424508	11.862934112548828	11.862934112548828
2706	gpt2	2707	1354	14	rediscover	sent_comp	unexpected	The teacher thinks the senators rediscovers	0.2315773685731983	0.2315773685731983	8.25486844778061	8.25486844778061
2707	gpt2	2708	1354	14	rediscover	sent_comp	expected	The teacher thinks the senators rediscover	0.010908583941272807	0.010908583941272807	10.57813286781311	10.57813286781311
2708	gpt2	2709	1355	14	redound	sent_comp	unexpected	The teacher thinks the senators redounds	5.2265915655880235e-05	5.2265915655880235e-05	14.580210208892822	14.580210208892822
2709	gpt2	2710	1355	14	redound	sent_comp	expected	The teacher thinks the senators redound	0.005678599996826958	0.005678599996826958	11.049659729003906	11.049659729003906
2710	gpt2	2711	1356	14	redo	sent_comp	unexpected	The teacher thinks the senators redoes	7.282967817440799e-05	7.282967817440799e-05	14.29526424407959	14.29526424407959
2711	gpt2	2712	1356	14	redo	sent_comp	expected	The teacher thinks the senators redo	0.015044709498397408	0.015044709498397408	10.346058130264282	10.346058130264282
2712	gpt2	2713	1357	14	redraw	sent_comp	unexpected	The teacher thinks the senators redraws	0.02282259322601017	0.02282259322601017	8.810040632883707	8.810040632883707
2713	gpt2	2714	1357	14	redraw	sent_comp	expected	The teacher thinks the senators redraw	0.029449515806845707	0.029449515806845707	9.861333847045898	9.861333847045898
2714	gpt2	2715	1358	14	reduce	sent_comp	unexpected	The teacher thinks the senators reduces	7.155681913673106e-08	7.155681913673106e-08	23.73633575439453	23.73633575439453
2715	gpt2	2716	1358	14	reduce	sent_comp	expected	The teacher thinks the senators reduce	3.990527147834655e-06	3.990527147834655e-06	17.93498992919922	17.93498992919922
2716	gpt2	2717	1359	14	re-emerge	sent_comp	unexpected	The teacher thinks the senators re-emerges	0.1539225409142091	0.1539225409142091	7.566840946674348	7.566840946674348
2717	gpt2	2718	1359	14	re-emerge	sent_comp	expected	The teacher thinks the senators re-emerge	0.1539225409142091	0.1539225409142091	7.566840946674348	7.566840946674348
2718	gpt2	2719	1360	14	re-enter	sent_comp	unexpected	The teacher thinks the senators re-enters	0.1539225409142091	0.1539225409142091	7.566840946674348	7.566840946674348
2719	gpt2	2720	1360	14	re-enter	sent_comp	expected	The teacher thinks the senators re-enter	0.1539225409142091	0.1539225409142091	7.566840946674348	7.566840946674348
2720	gpt2	2721	1361	14	re-establish	sent_comp	unexpected	The teacher thinks the senators re-establishes	0.1539225409142091	0.1539225409142091	7.566840946674348	7.566840946674348
2721	gpt2	2722	1361	14	re-establish	sent_comp	expected	The teacher thinks the senators re-establish	0.1539225409142091	0.1539225409142091	7.566840946674348	7.566840946674348
2722	gpt2	2723	1362	14	reestablish	sent_comp	unexpected	The teacher thinks the senators reestablishes	0.45628895047593687	0.45628895047593687	6.897044638171792	6.897044638171792
2723	gpt2	2724	1362	14	reestablish	sent_comp	expected	The teacher thinks the senators reestablish	0.00018864923185898082	0.00018864923185898082	12.600319385528564	12.600319385528564
2724	gpt2	2725	1363	14	re-evaluate	sent_comp	unexpected	The teacher thinks the senators re-evaluates	0.1539225409142091	0.1539225409142091	7.566840946674348	7.566840946674348
2725	gpt2	2726	1363	14	re-evaluate	sent_comp	expected	The teacher thinks the senators re-evaluate	0.1539225409142091	0.1539225409142091	7.566840946674348	7.566840946674348
2726	gpt2	2727	1364	14	re-examine	sent_comp	unexpected	The teacher thinks the senators re-examines	0.1539225409142091	0.1539225409142091	7.566840946674348	7.566840946674348
2727	gpt2	2728	1364	14	re-examine	sent_comp	expected	The teacher thinks the senators re-examine	0.1539225409142091	0.1539225409142091	7.566840946674348	7.566840946674348
2728	gpt2	2729	1365	14	refer	sent_comp	unexpected	The teacher thinks the senators refers	9.206922868543188e-07	9.206922868543188e-07	20.05077743530273	20.05077743530273
2729	gpt2	2730	1365	14	refer	sent_comp	expected	The teacher thinks the senators refer	2.949567897303496e-05	2.949567897303496e-05	15.049137115478516	15.049137115478516
2730	gpt2	2731	1366	14	refinance	sent_comp	unexpected	The teacher thinks the senators refinances	2.346798851249332e-06	2.346798851249332e-06	19.10483455657959	19.10483455657959
2731	gpt2	2732	1366	14	refinance	sent_comp	expected	The teacher thinks the senators refinance	2.7730985948437592e-05	2.7730985948437592e-05	16.10853385925293	16.10853385925293
2732	gpt2	2733	1367	14	refine	sent_comp	unexpected	The teacher thinks the senators refines	5.380237553254119e-06	5.380237553254119e-06	17.561999320983887	17.561999320983887
2733	gpt2	2734	1367	14	refine	sent_comp	expected	The teacher thinks the senators refine	1.543016026062105e-07	1.543016026062105e-07	22.627742767333984	22.627742767333984
2734	gpt2	2735	1368	14	reflect	sent_comp	unexpected	The teacher thinks the senators reflects	6.869935873510258e-07	6.869935873510258e-07	20.47319984436035	20.47319984436035
2735	gpt2	2736	1368	14	reflect	sent_comp	expected	The teacher thinks the senators reflect	6.358895916491747e-05	6.358895916491747e-05	13.94086456298828	13.94086456298828
2736	gpt2	2737	1369	14	refocuses	sent_comp	unexpected	The teacher thinks the senators refocuseses	0.19778413288844376	0.19778413288844376	12.729269288480282	12.729269288480282
2737	gpt2	2738	1369	14	refocuses	sent_comp	expected	The teacher thinks the senators refocuses	0.2637115258182045	0.2637115258182045	10.650670717159906	10.650670717159906
2738	gpt2	2739	1370	15	refocus	sent_comp	unexpected	The officer thinks the officer refocus	0.0005511511471922657	0.0005511511471922657	13.690806865692139	13.690806865692139
2739	gpt2	2740	1370	15	refocus	sent_comp	expected	The officer thinks the officer refocuses	0.3271377181560335	0.3271377181560335	9.226660895471772	9.226660895471772
2740	gpt2	2741	1371	15	reform	sent_comp	unexpected	The officer thinks the officer reform	5.49529886484379e-07	5.49529886484379e-07	20.795299530029297	20.795299530029297
2741	gpt2	2742	1371	15	reform	sent_comp	expected	The officer thinks the officer reforms	4.990031357010594e-07	4.990031357010594e-07	20.9344482421875	20.9344482421875
2742	gpt2	2743	1372	15	refrain	sent_comp	unexpected	The officer thinks the officer refrain	6.863383816835268e-08	6.863383816835268e-08	23.796504974365234	23.796504974365234
2743	gpt2	2744	1372	15	refrain	sent_comp	expected	The officer thinks the officer refrains	0.36680513781842206	0.36680513781842206	6.953228119780154	6.953228119780154
2744	gpt2	2745	1373	15	refund	sent_comp	unexpected	The officer thinks the officer refund	1.4028073280769604e-07	1.4028073280769604e-07	22.765180587768555	22.765180587768555
2745	gpt2	2746	1373	15	refund	sent_comp	expected	The officer thinks the officer refunds	2.0555797064503167e-08	2.0555797064503167e-08	25.53587913513184	25.53587913513184
2746	gpt2	2747	1374	15	refurbish	sent_comp	unexpected	The officer thinks the officer refurbish	0.0036165133281808788	0.0036165133281808788	15.66184163093567	15.66184163093567
2747	gpt2	2748	1374	15	refurbish	sent_comp	expected	The officer thinks the officer refurbishes	0.08767902442954598	0.08767902442954598	13.362056493759157	13.362056493759157
2748	gpt2	2749	1375	15	refuse	sent_comp	unexpected	The officer thinks the officer refuse	1.446438318453147e-06	1.446438318453147e-06	19.39906311035156	19.39906311035156
2749	gpt2	2750	1375	15	refuse	sent_comp	expected	The officer thinks the officer refuses	4.431226261658594e-05	4.431226261658594e-05	14.461934089660645	14.461934089660645
2750	gpt2	2751	1376	15	refute	sent_comp	unexpected	The officer thinks the officer refute	5.058403917956866e-09	5.058403917956866e-09	27.558670043945312	27.558670043945312
2751	gpt2	2752	1376	15	refute	sent_comp	expected	The officer thinks the officer refutes	0.006809726451137966	0.006809726451137966	11.874125242233276	11.874125242233276
2752	gpt2	2753	1377	15	regain	sent_comp	unexpected	The officer thinks the officer regain	1.2821748995861526e-08	1.2821748995861526e-08	26.21683120727539	26.21683120727539
2753	gpt2	2754	1377	15	regain	sent_comp	expected	The officer thinks the officer regains	0.07810992114286819	0.07810992114286819	10.266482710838318	10.266482710838318
2754	gpt2	2755	1378	15	regard	sent_comp	unexpected	The officer thinks the officer regard	1.723929869967833e-07	1.723929869967833e-07	22.467796325683597	22.467796325683597
2755	gpt2	2756	1378	15	regard	sent_comp	expected	The officer thinks the officer regards	8.655320925754495e-06	8.655320925754495e-06	16.817981719970703	16.817981719970703
2756	gpt2	2757	1379	15	regenerate	sent_comp	unexpected	The officer thinks the officer regenerate	1.993650355913701e-09	1.993650355913701e-09	28.901939392089844	28.901939392089844
2757	gpt2	2758	1379	15	regenerate	sent_comp	expected	The officer thinks the officer regenerates	0.1388956544019493	0.1388956544019493	11.175431847572327	11.175431847572327
2758	gpt2	2759	1380	15	register	sent_comp	unexpected	The officer thinks the officer register	3.213663646306486e-08	3.213663646306486e-08	24.891206741333008	24.891206741333008
2759	gpt2	2760	1380	15	register	sent_comp	expected	The officer thinks the officer registers	5.139170298207318e-07	5.139170298207318e-07	20.8919620513916	20.8919620513916
2760	gpt2	2761	1381	15	regret	sent_comp	unexpected	The officer thinks the officer regret	1.4723134427185869e-06	1.4723134427185869e-06	19.373483657836918	19.373483657836918
2761	gpt2	2762	1381	15	regret	sent_comp	expected	The officer thinks the officer regrets	1.911482286232058e-05	1.911482286232058e-05	15.674948692321776	15.674948692321776
2762	gpt2	2763	1382	15	regroup	sent_comp	unexpected	The officer thinks the officer regroup	0.017897191644124143	0.017897191644124143	11.329434633255005	11.329434633255005
2763	gpt2	2764	1382	15	regroup	sent_comp	expected	The officer thinks the officer regroups	0.007909090444854841	0.007909090444854841	11.918616771697998	11.918616771697998
2764	gpt2	2765	1383	15	regulate	sent_comp	unexpected	The officer thinks the officer regulate	4.713835988212622e-09	4.713835988212622e-09	27.66045188903809	27.66045188903809
2765	gpt2	2766	1383	15	regulate	sent_comp	expected	The officer thinks the officer regulates	4.6878435000508034e-07	4.6878435000508034e-07	21.024572372436523	21.024572372436523
2766	gpt2	2767	1384	15	rehabilitate	sent_comp	unexpected	The officer thinks the officer rehabilitate	0.004875333974695174	0.004875333974695174	15.644171237945557	15.644171237945557
2767	gpt2	2768	1384	15	rehabilitate	sent_comp	expected	The officer thinks the officer rehabilitates	0.10815580654386277	0.10815580654386277	13.408435225486755	13.408435225486755
2768	gpt2	2769	1385	15	reignite	sent_comp	unexpected	The officer thinks the officer reignite	0.0062574721748660375	0.0062574721748660375	13.392335891723635	13.392335891723635
2769	gpt2	2770	1385	15	reignite	sent_comp	expected	The officer thinks the officer reignites	0.008393485179794838	0.008393485179794838	13.180480718612673	13.180480718612673
2770	gpt2	2771	1386	15	reimburse	sent_comp	unexpected	The officer thinks the officer reimburse	1.9721684285656242e-09	1.9721684285656242e-09	28.917570114135746	28.917570114135746
2771	gpt2	2772	1386	15	reimburse	sent_comp	expected	The officer thinks the officer reimburses	0.12385161837458011	0.12385161837458011	12.288353443145752	12.288353443145752
2772	gpt2	2773	1387	15	reimpose	sent_comp	unexpected	The officer thinks the officer reimpose	0.0005105616110076933	0.0005105616110076933	17.527467250823975	17.527467250823975
2773	gpt2	2774	1387	15	reimpose	sent_comp	expected	The officer thinks the officer reimposes	0.005196211608562393	0.005196211608562393	15.853798151016235	15.853798151016235
2774	gpt2	2775	1388	15	reinforce	sent_comp	unexpected	The officer thinks the officer reinforce	3.1252018750649313e-09	3.1252018750649313e-09	28.253402709960938	28.253402709960938
2775	gpt2	2776	1388	15	reinforce	sent_comp	expected	The officer thinks the officer reinforces	7.565936357423197e-07	7.565936357423197e-07	20.3339786529541	20.3339786529541
2776	gpt2	2777	1389	15	reinstate	sent_comp	unexpected	The officer thinks the officer reinstate	0.01700692512289944	0.01700692512289944	13.457122325897217	13.457122325897217
2777	gpt2	2778	1389	15	reinstate	sent_comp	expected	The officer thinks the officer reinstates	0.04208257869080964	0.04208257869080964	12.803568959236145	12.803568959236145
2778	gpt2	2779	1390	15	rein	sent_comp	unexpected	The officer thinks the officer rein	2.324620140825573e-07	2.324620140825573e-07	22.036500930786133	22.036500930786133
2779	gpt2	2780	1390	15	rein	sent_comp	expected	The officer thinks the officer reins	6.309738154186563e-08	6.309738154186563e-08	23.917844772338867	23.917844772338867
2780	gpt2	2781	1391	15	reinvent	sent_comp	unexpected	The officer thinks the officer reinvent	1.1606546479470127e-07	1.1606546479470127e-07	23.038557052612305	23.038557052612305
2781	gpt2	2782	1391	15	reinvent	sent_comp	expected	The officer thinks the officer reinvents	0.2321252703679685	0.2321252703679685	8.751363972822825	8.751363972822825
2782	gpt2	2783	1392	15	reinvest	sent_comp	unexpected	The officer thinks the officer reinvest	1.2170147556389568e-07	1.2170147556389568e-07	22.970149993896484	22.970149993896484
2783	gpt2	2784	1392	15	reinvest	sent_comp	expected	The officer thinks the officer reinvests	0.040043437730578994	0.040043437730578994	10.171531597773233	10.171531597773233
2784	gpt2	2785	1393	15	reinvigorate	sent_comp	unexpected	The officer thinks the officer reinvigorate	0.22799243908472985	0.22799243908472985	7.663452289998531	7.663452289998531
2785	gpt2	2786	1393	15	reinvigorate	sent_comp	expected	The officer thinks the officer reinvigorates	0.0916094318042013	0.0916094318042013	7.984940946102142	7.984940946102142
2786	gpt2	2787	1394	15	reject	sent_comp	unexpected	The officer thinks the officer reject	7.812975155729873e-08	7.812975155729873e-08	23.60955238342285	23.60955238342285
2787	gpt2	2788	1394	15	reject	sent_comp	expected	The officer thinks the officer rejects	3.1606377888238057e-06	3.1606377888238057e-06	18.271352767944336	18.271352767944336
2788	gpt2	2789	1395	15	rejoin	sent_comp	unexpected	The officer thinks the officer rejoin	0.00021128858770676226	0.00021128858770676226	13.270475387573242	13.270475387573242
2789	gpt2	2790	1395	15	rejoin	sent_comp	expected	The officer thinks the officer rejoins	0.031109262138897933	0.031109262138897933	11.35489821434021	11.35489821434021
2790	gpt2	2791	1396	15	rejuvenate	sent_comp	unexpected	The officer thinks the officer rejuvenate	0.0008358113630402031	0.0008358113630402031	17.2944016456604	17.2944016456604
2791	gpt2	2792	1396	15	rejuvenate	sent_comp	expected	The officer thinks the officer rejuvenates	0.028078815368908203	0.028078815368908203	14.759311437606813	14.759311437606813
2792	gpt2	2793	1397	15	rekindle	sent_comp	unexpected	The officer thinks the officer rekindle	0.013015400173874975	0.013015400173874975	9.900678157806396	9.900678157806396
2793	gpt2	2794	1397	15	rekindle	sent_comp	expected	The officer thinks the officer rekindles	0.02126923159024348	0.02126923159024348	9.658625602722168	9.658625602722168
2794	gpt2	2795	1398	15	relate	sent_comp	unexpected	The officer thinks the officer relate	1.4742100873377241e-08	1.4742100873377241e-08	26.01548194885254	26.01548194885254
2795	gpt2	2796	1398	15	relate	sent_comp	expected	The officer thinks the officer relates	4.905311016045744e-06	4.905311016045744e-06	17.637224197387695	17.637224197387695
2796	gpt2	2797	1399	15	relaunch	sent_comp	unexpected	The officer thinks the officer relaunch	1.3094294899929082e-05	1.3094294899929082e-05	16.3036527633667	16.3036527633667
2797	gpt2	2798	1399	15	relaunch	sent_comp	expected	The officer thinks the officer relaunches	0.017111943615418523	0.017111943615418523	10.604900201161703	10.604900201161703
2798	gpt2	2799	1400	15	relax	sent_comp	unexpected	The officer thinks the officer relax	1.940198217198485e-06	1.940198217198485e-06	18.975364685058597	18.975364685058597
2799	gpt2	2800	1400	15	relax	sent_comp	expected	The officer thinks the officer relaxes	0.4601583943106107	0.4601583943106107	9.547582652419807	9.547582652419807
2800	gpt2	2801	1401	15	release	sent_comp	unexpected	The officer thinks the officer release	1.4164934327709489e-06	1.4164934327709489e-06	19.429244995117188	19.429244995117188
2801	gpt2	2802	1401	15	release	sent_comp	expected	The officer thinks the officer releases	2.4229198061220814e-06	2.4229198061220814e-06	18.654821395874023	18.654821395874023
2802	gpt2	2803	1402	15	relieve	sent_comp	unexpected	The officer thinks the officer relieve	7.803350854374003e-09	7.803350854374003e-09	26.933259963989254	26.933259963989254
2803	gpt2	2804	1402	15	relieve	sent_comp	expected	The officer thinks the officer relieves	0.32931252999651406	0.32931252999651406	8.972889989614487	8.972889989614487
2804	gpt2	2805	1403	15	relinquish	sent_comp	unexpected	The officer thinks the officer relinquish	0.003674645795342667	0.003674645795342667	13.123374223709106	13.123374223709106
2805	gpt2	2806	1403	15	relinquish	sent_comp	expected	The officer thinks the officer relinquishes	0.044641868796986714	0.044641868796986714	11.321859955787659	11.321859955787659
2806	gpt2	2807	1404	15	relish	sent_comp	unexpected	The officer thinks the officer relish	0.0038766955954087855	0.0038766955954087855	11.905087947845459	11.905087947845459
2807	gpt2	2808	1404	15	relish	sent_comp	expected	The officer thinks the officer relishes	0.022596619045088986	0.022596619045088986	10.63280701637268	10.63280701637268
2808	gpt2	2809	1405	15	relocate	sent_comp	unexpected	The officer thinks the officer relocate	5.5867257486852395e-09	5.5867257486852395e-09	27.41534996032715	27.41534996032715
2809	gpt2	2810	1405	15	relocate	sent_comp	expected	The officer thinks the officer relocates	0.3300400939457783	0.3300400939457783	7.9644739764432115	7.9644739764432115
2810	gpt2	2811	1406	15	rely	sent_comp	unexpected	The officer thinks the officer rely	1.3386600983267274e-07	1.3386600983267274e-07	22.832706451416016	22.832706451416016
2811	gpt2	2812	1406	15	rely	sent_comp	expected	The officer thinks the officer relies	1.6749248970882036e-05	1.6749248970882036e-05	15.865544319152832	15.865544319152832
2812	gpt2	2813	1407	15	remake	sent_comp	unexpected	The officer thinks the officer remake	5.997387031442258e-09	5.997387031442258e-09	27.313018798828125	27.313018798828125
2813	gpt2	2814	1407	15	remake	sent_comp	expected	The officer thinks the officer remakes	0.00015763955082091492	0.00015763955082091492	15.055051326751709	15.055051326751709
2814	gpt2	2815	1408	15	remain	sent_comp	unexpected	The officer thinks the officer remain	6.193727699610463e-07	6.193727699610463e-07	20.62268829345703	20.62268829345703
2815	gpt2	2816	1408	15	remain	sent_comp	expected	The officer thinks the officer remains	7.603963604196906e-05	7.603963604196906e-05	13.682888984680176	13.682888984680176
2816	gpt2	2817	1409	15	remark	sent_comp	unexpected	The officer thinks the officer remark	4.057671390000906e-07	4.057671390000906e-07	21.232845306396484	21.232845306396484
2817	gpt2	2818	1409	15	remark	sent_comp	expected	The officer thinks the officer remarks	2.4911687432904728e-06	2.4911687432904728e-06	18.61474609375	18.61474609375
2818	gpt2	2819	1410	15	remedy	sent_comp	unexpected	The officer thinks the officer remedy	2.059174164514843e-08	2.059174164514843e-08	25.53335952758789	25.53335952758789
2819	gpt2	2820	1410	15	remedy	sent_comp	expected	The officer thinks the officer remedies	7.239008681381166e-08	7.239008681381166e-08	23.719633102416992	23.719633102416992
2820	gpt2	2821	1411	15	remember	sent_comp	unexpected	The officer thinks the officer remember	4.378111952973995e-06	4.378111952973995e-06	17.801259994506836	17.801259994506836
2821	gpt2	2822	1411	15	remember	sent_comp	expected	The officer thinks the officer remembers	2.1129142623976804e-05	2.1129142623976804e-05	15.53040599822998	15.53040599822998
2822	gpt2	2823	1412	15	remind	sent_comp	unexpected	The officer thinks the officer remind	9.066945239055713e-08	9.066945239055713e-08	23.39480781555176	23.39480781555176
2823	gpt2	2824	1412	15	remind	sent_comp	expected	The officer thinks the officer reminds	2.8276397642912343e-05	2.8276397642912343e-05	15.110041618347168	15.110041618347168
2824	gpt2	2825	1413	15	remove	sent_comp	unexpected	The officer thinks the officer remove	2.529191363009886e-07	2.529191363009886e-07	21.914819717407227	21.914819717407227
2825	gpt2	2826	1413	15	remove	sent_comp	expected	The officer thinks the officer removes	8.714957402844448e-06	8.714957402844448e-06	16.808074951171875	16.808074951171875
2826	gpt2	2827	1414	15	renege	sent_comp	unexpected	The officer thinks the officer renege	0.006588968372549641	0.006588968372549641	10.581605275472006	10.581605275472006
2827	gpt2	2828	1414	15	renege	sent_comp	expected	The officer thinks the officer reneges	0.01721413276573001	0.01721413276573001	8.63067070643107	8.63067070643107
2828	gpt2	2829	1415	15	renegotiate	sent_comp	unexpected	The officer thinks the officer renegotiate	0.001714393473839913	0.001714393473839913	15.597166538238525	15.597166538238525
2829	gpt2	2830	1415	15	renegotiate	sent_comp	expected	The officer thinks the officer renegotiates	0.03388130639275031	0.03388130639275031	13.444783091545105	13.444783091545105
2830	gpt2	2831	1416	15	renew	sent_comp	unexpected	The officer thinks the officer renew	1.277202414939893e-07	1.277202414939893e-07	22.900508880615234	22.900508880615234
2831	gpt2	2832	1416	15	renew	sent_comp	expected	The officer thinks the officer renews	0.48387116619318954	0.48387116619318954	11.473907109349966	11.473907109349966
2832	gpt2	2833	1417	15	renounce	sent_comp	unexpected	The officer thinks the officer renounce	0.0074669455281650325	0.0074669455281650325	12.585528373718262	12.585528373718262
2833	gpt2	2834	1417	15	renounce	sent_comp	expected	The officer thinks the officer renounces	0.019884386762157633	0.019884386762157633	11.878952026367188	11.878952026367188
2834	gpt2	2835	1418	15	renovate	sent_comp	unexpected	The officer thinks the officer renovate	0.026500502388113727	0.026500502388113727	14.22116231918335	14.22116231918335
2835	gpt2	2836	1418	15	renovate	sent_comp	expected	The officer thinks the officer renovates	0.28244188034080864	0.28244188034080864	12.514230489730835	12.514230489730835
2836	gpt2	2837	1419	15	rent	sent_comp	unexpected	The officer thinks the officer rent	3.159635468819033e-07	3.159635468819033e-07	21.593738555908203	21.593738555908203
2837	gpt2	2838	1419	15	rent	sent_comp	expected	The officer thinks the officer rents	7.61469607368781e-07	7.61469607368781e-07	20.324710845947266	20.324710845947266
2838	gpt2	2839	1420	15	reopen	sent_comp	unexpected	The officer thinks the officer reopen	1.6262516888687626e-09	1.6262516888687626e-09	29.195802688598636	29.195802688598636
2839	gpt2	2840	1420	15	reopen	sent_comp	expected	The officer thinks the officer reopens	0.0006945664963495622	0.0006945664963495622	12.38008975982666	12.38008975982666
2840	gpt2	2841	1421	15	reorganize	sent_comp	unexpected	The officer thinks the officer reorganize	0.010454984572131525	0.010454984572131525	14.880911350250244	14.880911350250244
2841	gpt2	2842	1421	15	reorganize	sent_comp	expected	The officer thinks the officer reorganizes	0.16850226764043083	0.16850226764043083	12.875656962394714	12.875656962394714
2842	gpt2	2843	1422	15	repair	sent_comp	unexpected	The officer thinks the officer repair	7.90802801020618e-08	7.90802801020618e-08	23.59210586547852	23.59210586547852
2843	gpt2	2844	1422	15	repair	sent_comp	expected	The officer thinks the officer repairs	3.071760374950827e-07	3.071760374950827e-07	21.634431838989254	21.634431838989254
2844	gpt2	2845	1423	15	repatriate	sent_comp	unexpected	The officer thinks the officer repatriate	0.000978362841645524	0.000978362841645524	17.24623394012451	17.24623394012451
2845	gpt2	2846	1423	15	repatriate	sent_comp	expected	The officer thinks the officer repatriates	0.04279754995566072	0.04279754995566072	14.520718932151794	14.520718932151794
2846	gpt2	2847	1424	15	repay	sent_comp	unexpected	The officer thinks the officer repay	2.605205651207143e-08	2.605205651207143e-08	25.194026947021484	25.194026947021484
2847	gpt2	2848	1424	15	repay	sent_comp	expected	The officer thinks the officer repays	0.005164520287507881	0.005164520287507881	11.096094846725464	11.096094846725464
2848	gpt2	2849	1425	15	repeal	sent_comp	unexpected	The officer thinks the officer repeal	7.782719357862788e-09	7.782719357862788e-09	26.93707847595215	26.93707847595215
2849	gpt2	2850	1425	15	repeal	sent_comp	expected	The officer thinks the officer repeals	0.001021873002969164	0.001021873002969164	13.848037719726562	13.848037719726562
2850	gpt2	2851	1426	15	repeat	sent_comp	unexpected	The officer thinks the officer repeat	2.979742021125276e-06	2.979742021125276e-06	18.356380462646484	18.356380462646484
2851	gpt2	2852	1426	15	repeat	sent_comp	expected	The officer thinks the officer repeats	9.3420121629606e-06	9.3420121629606e-06	16.707834243774414	16.707834243774414
2852	gpt2	2853	1427	15	repel	sent_comp	unexpected	The officer thinks the officer repel	0.006995831554377181	0.006995831554377181	10.876793622970581	10.876793622970581
2853	gpt2	2854	1427	15	repel	sent_comp	expected	The officer thinks the officer repels	0.020933007759595033	0.020933007759595033	10.085492134094238	10.085492134094238
2854	gpt2	2855	1428	15	replace	sent_comp	unexpected	The officer thinks the officer replace	3.3885868333527476e-08	3.3885868333527476e-08	24.814741134643555	24.814741134643555
2855	gpt2	2856	1428	15	replace	sent_comp	expected	The officer thinks the officer replaces	4.198982992420497e-07	4.198982992420497e-07	21.18345642089844	21.18345642089844
2856	gpt2	2857	1429	15	replaster	sent_comp	unexpected	The officer thinks the officer replaster	7.270379225583816e-05	7.270379225583816e-05	16.42075777053833	16.42075777053833
2857	gpt2	2858	1429	15	replaster	sent_comp	expected	The officer thinks the officer replasters	4.519291266547043e-05	4.519291266547043e-05	16.766462326049805	16.766462326049805
2858	gpt2	2859	1430	15	replenish	sent_comp	unexpected	The officer thinks the officer replenish	0.00671854291003889	0.00671854291003889	15.757554292678835	15.757554292678835
2859	gpt2	2860	1430	15	replenish	sent_comp	expected	The officer thinks the officer replenishes	0.3347683074128325	0.3347683074128325	12.938117623329164	12.938117623329164
2860	gpt2	2861	1431	15	replicate	sent_comp	unexpected	The officer thinks the officer replicate	4.042830958894683e-09	4.042830958894683e-09	27.881986618041992	27.881986618041992
2861	gpt2	2862	1431	15	replicate	sent_comp	expected	The officer thinks the officer replicates	0.21125029280753438	0.21125029280753438	10.663967430591581	10.663967430591581
2862	gpt2	2863	1432	15	reply	sent_comp	unexpected	The officer thinks the officer reply	5.7281440035694686e-08	5.7281440035694686e-08	24.057357788085938	24.057357788085938
2863	gpt2	2864	1432	15	reply	sent_comp	expected	The officer thinks the officer replies	2.370642278037849e-06	2.370642278037849e-06	18.6862907409668	18.6862907409668
2864	gpt2	2865	1433	15	repond	sent_comp	unexpected	The officer thinks the officer repond	0.0001111768251575813	0.0001111768251575813	13.93238878250122	13.93238878250122
2865	gpt2	2866	1433	15	repond	sent_comp	expected	The officer thinks the officer reponds	0.0002949340232589313	0.0002949340232589313	13.18495512008667	13.18495512008667
2866	gpt2	2867	1434	15	report	sent_comp	unexpected	The officer thinks the officer report	6.976960776228225e-06	6.976960776228225e-06	17.128969192504883	17.128969192504883
2867	gpt2	2868	1434	15	report	sent_comp	expected	The officer thinks the officer reports	5.909245737711899e-05	5.909245737711899e-05	14.046666145324709	14.046666145324709
2868	gpt2	2869	1435	15	reposition	sent_comp	unexpected	The officer thinks the officer reposition	0.015209984903776782	0.015209984903776782	10.316003799438477	10.316003799438477
2869	gpt2	2870	1435	15	reposition	sent_comp	expected	The officer thinks the officer repositions	0.258985066745178	0.258985066745178	7.590715189774831	7.590715189774831
2870	gpt2	2871	1436	15	repossess	sent_comp	unexpected	The officer thinks the officer repossess	0.008003967695306822	0.008003967695306822	9.756957530975342	9.756957530975342
2871	gpt2	2872	1436	15	repossess	sent_comp	expected	The officer thinks the officer repossesses	0.11303422223378827	0.11303422223378827	7.62309205532074	7.62309205532074
2872	gpt2	2873	1437	15	represent	sent_comp	unexpected	The officer thinks the officer represent	6.157354732749809e-07	6.157354732749809e-07	20.63118553161621	20.63118553161621
2873	gpt2	2874	1437	15	represent	sent_comp	expected	The officer thinks the officer represents	0.0001449787378078	0.0001449787378078	12.751871109008787	12.751871109008787
2874	gpt2	2875	1438	15	reproduce	sent_comp	unexpected	The officer thinks the officer reproduce	2.392850584342909e-09	2.392850584342909e-09	28.638622283935547	28.638622283935547
2875	gpt2	2876	1438	15	reproduce	sent_comp	expected	The officer thinks the officer reproduces	0.47575502115388696	0.47575502115388696	10.684973329305649	10.684973329305649
2876	gpt2	2877	1439	15	repurchase	sent_comp	unexpected	The officer thinks the officer repurchase	2.380029582127463e-05	2.380029582127463e-05	15.374957084655762	15.374957084655762
2877	gpt2	2878	1439	15	repurchase	sent_comp	expected	The officer thinks the officer repurchases	0.07683641521968332	0.07683641521968332	9.977279980977377	9.977279980977377
2878	gpt2	2879	1440	15	request	sent_comp	unexpected	The officer thinks the officer request	2.0223567389621167e-06	2.0223567389621167e-06	18.915531158447266	18.915531158447266
2879	gpt2	2880	1440	15	request	sent_comp	expected	The officer thinks the officer requests	4.009222266176948e-06	4.009222266176948e-06	17.928245544433594	17.928245544433594
2880	gpt2	2881	1441	15	require	sent_comp	unexpected	The officer thinks the officer require	2.371608900375577e-07	2.371608900375577e-07	22.007631301879883	22.007631301879883
2881	gpt2	2882	1441	15	require	sent_comp	expected	The officer thinks the officer requires	2.843866059265565e-05	2.843866059265565e-05	15.101786613464355	15.101786613464355
2882	gpt2	2883	1442	15	reschedule	sent_comp	unexpected	The officer thinks the officer reschedule	0.2961374572397896	0.2961374572397896	7.885465865333875	7.885465865333875
2883	gpt2	2884	1442	15	reschedule	sent_comp	expected	The officer thinks the officer reschedules	0.0180138829083868	0.0180138829083868	9.50522263844808	9.50522263844808
2884	gpt2	2885	1443	15	rescind	sent_comp	unexpected	The officer thinks the officer rescind	2.5865631414490053e-07	2.5865631414490053e-07	21.88245964050293	21.88245964050293
2885	gpt2	2886	1443	15	rescind	sent_comp	expected	The officer thinks the officer rescinds	0.031188602433587672	0.031188602433587672	12.942651510238647	12.942651510238647
2886	gpt2	2887	1444	15	rescue	sent_comp	unexpected	The officer thinks the officer rescue	7.98441490701407e-08	7.98441490701407e-08	23.578237533569336	23.578237533569336
2887	gpt2	2888	1444	15	rescue	sent_comp	expected	The officer thinks the officer rescues	0.402770677324952	0.402770677324952	9.854428499937057	9.854428499937057
2888	gpt2	2889	1445	15	research	sent_comp	unexpected	The officer thinks the officer research	2.7316633577356697e-07	2.7316633577356697e-07	21.8037166595459	21.8037166595459
2889	gpt2	2890	1445	15	research	sent_comp	expected	The officer thinks the officer researches	0.4955755272107521	0.4955755272107521	12.8090839558281	12.8090839558281
2890	gpt2	2891	1446	15	resell	sent_comp	unexpected	The officer thinks the officer resell	0.20517875102811442	0.20517875102811442	10.985233008861542	10.985233008861542
2891	gpt2	2892	1446	15	resell	sent_comp	expected	The officer thinks the officer resells	0.44109182455575063	0.44109182455575063	7.3673029492298765	7.3673029492298765
2892	gpt2	2893	1447	15	resemble	sent_comp	unexpected	The officer thinks the officer resemble	2.903739186876919e-07	2.903739186876919e-07	21.71558380126953	21.71558380126953
2893	gpt2	2894	1447	15	resemble	sent_comp	expected	The officer thinks the officer resembles	4.11494511354249e-05	4.11494511354249e-05	14.568767547607422	14.568767547607422
2894	gpt2	2895	1448	15	resent	sent_comp	unexpected	The officer thinks the officer resent	2.6196497060482216e-07	2.6196497060482216e-07	21.86412239074707	21.86412239074707
2895	gpt2	2896	1448	15	resent	sent_comp	expected	The officer thinks the officer resents	0.1503777049827022	0.1503777049827022	9.802282810211182	9.802282810211182
2896	gpt2	2897	1449	15	reserve	sent_comp	unexpected	The officer thinks the officer reserve	5.164798153600714e-07	5.164798153600714e-07	20.884784698486328	20.884784698486328
2897	gpt2	2898	1449	15	reserve	sent_comp	expected	The officer thinks the officer reserves	2.5722085865709232e-06	2.5722085865709232e-06	18.56856155395508	18.56856155395508
2898	gpt2	2899	1450	15	reset	sent_comp	unexpected	The officer thinks the officer reset	2.1020198346377583e-06	2.1020198346377583e-06	18.859792709350582	18.859792709350582
2899	gpt2	2900	1450	15	reset	sent_comp	expected	The officer thinks the officer resets	0.011771431413535503	0.011771431413535503	11.640015125274658	11.640015125274658
2900	gpt2	2901	1451	15	reshape	sent_comp	unexpected	The officer thinks the officer reshape	0.01077623892337694	0.01077623892337694	14.297482252120972	14.297482252120972
2901	gpt2	2902	1451	15	reshape	sent_comp	expected	The officer thinks the officer reshapes	0.08745856344462054	0.08745856344462054	12.787105798721313	12.787105798721313
2902	gpt2	2903	1452	15	reshuffle	sent_comp	unexpected	The officer thinks the officer reshuffle	0.00500479893521084	0.00500479893521084	14.85072135925293	14.85072135925293
2903	gpt2	2904	1452	15	reshuffle	sent_comp	expected	The officer thinks the officer reshuffles	0.14811733454307327	0.14811733454307327	9.321909149487814	9.321909149487814
2904	gpt2	2905	1453	15	reside	sent_comp	unexpected	The officer thinks the officer reside	1.8825678793632505e-08	1.8825678793632505e-08	25.66272354125977	25.66272354125977
2905	gpt2	2906	1453	15	reside	sent_comp	expected	The officer thinks the officer resides	3.3631210953899422e-06	3.3631210953899422e-06	18.1817684173584	18.1817684173584
2906	gpt2	2907	1454	15	resign	sent_comp	unexpected	The officer thinks the officer resign	2.3574937131343177e-06	2.3574937131343177e-06	18.69431495666504	18.69431495666504
2907	gpt2	2908	1454	15	resign	sent_comp	expected	The officer thinks the officer resigns	0.47951094961706536	0.47951094961706536	9.377341436222196	9.377341436222196
2908	gpt2	2909	1455	15	resist	sent_comp	unexpected	The officer thinks the officer resist	1.07989933439967e-06	1.07989933439967e-06	19.82067108154297	19.82067108154297
2909	gpt2	2910	1455	15	resist	sent_comp	expected	The officer thinks the officer resists	1.2522136785264593e-05	1.2522136785264593e-05	16.285160064697266	16.285160064697266
2910	gpt2	2911	1456	15	resolve	sent_comp	unexpected	The officer thinks the officer resolve	6.10157968594649e-08	6.10157968594649e-08	23.96624183654785	23.96624183654785
2911	gpt2	2912	1456	15	resolve	sent_comp	expected	The officer thinks the officer resolves	2.230641626965735e-07	2.230641626965735e-07	22.096036911010746	22.096036911010746
2912	gpt2	2913	1457	15	resort	sent_comp	unexpected	The officer thinks the officer resort	4.202059642466338e-07	4.202059642466338e-07	21.18239974975586	21.18239974975586
2913	gpt2	2914	1457	15	resort	sent_comp	expected	The officer thinks the officer resorts	8.985800263872079e-07	8.985800263872079e-07	20.08584976196289	20.08584976196289
2914	gpt2	2915	1458	15	respect	sent_comp	unexpected	The officer thinks the officer respect	1.0359334510212648e-06	1.0359334510212648e-06	19.88063621520996	19.88063621520996
2915	gpt2	2916	1458	15	respect	sent_comp	expected	The officer thinks the officer respects	3.930614184355363e-05	3.930614184355363e-05	14.634885787963867	14.634885787963867
2916	gpt2	2917	1459	15	respond	sent_comp	unexpected	The officer thinks the officer respond	5.255666337689036e-07	5.255666337689036e-07	20.859622955322266	20.859622955322266
2917	gpt2	2918	1459	15	respond	sent_comp	expected	The officer thinks the officer responds	2.323576336493716e-05	2.323576336493716e-05	15.393293380737305	15.393293380737305
2918	gpt2	2919	1460	15	restart	sent_comp	unexpected	The officer thinks the officer restart	8.250553378275072e-07	8.250553378275072e-07	20.20900535583496	20.20900535583496
2919	gpt2	2920	1460	15	restart	sent_comp	expected	The officer thinks the officer restarts	0.08012129987218938	0.08012129987218938	9.852794170379639	9.852794170379639
2920	gpt2	2921	1461	15	restate	sent_comp	unexpected	The officer thinks the officer restate	3.937672408937942e-05	3.937672408937942e-05	15.418235301971436	15.418235301971436
2921	gpt2	2922	1461	15	restate	sent_comp	expected	The officer thinks the officer restates	0.00070564819361603	0.00070564819361603	13.270048141479492	13.270048141479492
2922	gpt2	2923	1462	15	restore	sent_comp	unexpected	The officer thinks the officer restore	4.6757970828537054e-09	4.6757970828537054e-09	27.67214012145996	27.67214012145996
2923	gpt2	2924	1462	15	restore	sent_comp	expected	The officer thinks the officer restores	5.6805760095812736e-08	5.6805760095812736e-08	24.06938743591309	24.06938743591309
2924	gpt2	2925	1463	15	restrain	sent_comp	unexpected	The officer thinks the officer restrain	1.1079597328489402e-07	1.1079597328489402e-07	23.1055908203125	23.1055908203125
2925	gpt2	2926	1463	15	restrain	sent_comp	expected	The officer thinks the officer restrains	0.4758031956019597	0.4758031956019597	6.086174385001262	6.086174385001262
2926	gpt2	2927	1464	15	restrict	sent_comp	unexpected	The officer thinks the officer restrict	1.4152267802103324e-08	1.4152267802103324e-08	26.074392318725582	26.074392318725582
2927	gpt2	2928	1464	15	restrict	sent_comp	expected	The officer thinks the officer restricts	3.789820084421081e-07	3.789820084421081e-07	21.33136749267578	21.33136749267578
2928	gpt2	2929	1465	15	restructure	sent_comp	unexpected	The officer thinks the officer restructure	0.0005715645183954301	0.0005715645183954301	13.422945022583008	13.422945022583008
2929	gpt2	2930	1465	15	restructure	sent_comp	expected	The officer thinks the officer restructures	0.0030829471092274708	0.0030829471092274708	15.000808954238892	15.000808954238892
2930	gpt2	2931	1466	15	rest	sent_comp	unexpected	The officer thinks the officer rest	7.299084245460108e-06	7.299084245460108e-06	17.063852310180664	17.063852310180664
2931	gpt2	2932	1466	15	rest	sent_comp	expected	The officer thinks the officer rests	5.081101789983222e-06	5.081101789983222e-06	17.586427688598633	17.586427688598633
2932	gpt2	2933	1467	16	result	sent_comp	unexpected	The consultant knows the managers results	2.182157913921401e-06	2.182157913921401e-06	18.80581283569336	18.80581283569336
2933	gpt2	2934	1467	16	result	sent_comp	expected	The consultant knows the managers result	2.101364543705131e-06	2.101364543705131e-06	18.86024284362793	18.86024284362793
2934	gpt2	2935	1468	16	resume	sent_comp	unexpected	The consultant knows the managers resumes	1.8107138899381425e-08	1.8107138899381425e-08	25.7188663482666	25.7188663482666
2935	gpt2	2936	1468	16	resume	sent_comp	expected	The consultant knows the managers resume	7.118074449863343e-07	7.118074449863343e-07	20.42201042175293	20.42201042175293
2936	gpt2	2937	1469	16	resurrect	sent_comp	unexpected	The consultant knows the managers resurrects	0.005461578229709801	0.005461578229709801	15.258907556533813	15.258907556533813
2937	gpt2	2938	1469	16	resurrect	sent_comp	expected	The consultant knows the managers resurrect	5.954930060170228e-08	5.954930060170228e-08	24.001340866088867	24.001340866088867
2938	gpt2	2939	1470	16	retail	sent_comp	unexpected	The consultant knows the managers retails	0.0011493605927625837	0.0011493605927625837	13.187411308288574	13.187411308288574
2939	gpt2	2940	1470	16	retail	sent_comp	expected	The consultant knows the managers retail	2.095552872560802e-06	2.095552872560802e-06	18.86423683166504	18.86423683166504
2940	gpt2	2941	1471	16	retain	sent_comp	unexpected	The consultant knows the managers retains	2.0965993030586105e-07	2.0965993030586105e-07	22.18544578552246	22.18544578552246
2941	gpt2	2942	1471	16	retain	sent_comp	expected	The consultant knows the managers retain	1.78614955075318e-05	1.78614955075318e-05	15.772787094116213	15.772787094116213
2942	gpt2	2943	1472	16	rethink	sent_comp	unexpected	The consultant knows the managers rethinks	0.2533076138703715	0.2533076138703715	9.56440751751264	9.56440751751264
2943	gpt2	2944	1472	16	rethink	sent_comp	expected	The consultant knows the managers rethink	1.027598273140029e-06	1.027598273140029e-06	19.89229202270508	19.89229202270508
2944	gpt2	2945	1473	16	retire	sent_comp	unexpected	The consultant knows the managers retires	0.022832657945627933	0.022832657945627933	11.029818773269653	11.029818773269653
2945	gpt2	2946	1473	16	retire	sent_comp	expected	The consultant knows the managers retire	2.357118319196161e-06	2.357118319196161e-06	18.694543838500977	18.694543838500977
2946	gpt2	2947	1474	16	retreat	sent_comp	unexpected	The consultant knows the managers retreats	0.014215345677087004	0.014215345677087004	12.325125694274902	12.325125694274902
2947	gpt2	2948	1474	16	retreat	sent_comp	expected	The consultant knows the managers retreat	1.3358818478081955e-06	1.3358818478081955e-06	19.513776779174805	19.513776779174805
2948	gpt2	2949	1475	16	retrieve	sent_comp	unexpected	The consultant knows the managers retrieves	0.4675302919037989	0.4675302919037989	12.732065074145794	12.732065074145794
2949	gpt2	2950	1475	16	retrieve	sent_comp	expected	The consultant knows the managers retrieve	5.310528194968356e-07	5.310528194968356e-07	20.844640731811523	20.844640731811523
2950	gpt2	2951	1476	16	retrofit	sent_comp	unexpected	The consultant knows the managers retrofits	0.0007801098058450631	0.0007801098058450631	15.37502384185791	15.37502384185791
2951	gpt2	2952	1476	16	retrofit	sent_comp	expected	The consultant knows the managers retrofit	0.022932591464694913	0.022932591464694913	12.936075925827026	12.936075925827026
2952	gpt2	2953	1477	16	retry	sent_comp	unexpected	The consultant knows the managers retries	0.00010078841319223374	0.00010078841319223374	14.959707736968994	14.959707736968994
2953	gpt2	2954	1477	16	retry	sent_comp	expected	The consultant knows the managers retry	0.005099010923231583	0.005099010923231583	12.111498832702637	12.111498832702637
2954	gpt2	2955	1478	16	return	sent_comp	unexpected	The consultant knows the managers returns	3.6206370168656576e-07	3.6206370168656576e-07	21.397253036499023	21.397253036499023
2955	gpt2	2956	1478	16	return	sent_comp	expected	The consultant knows the managers return	1.4471192116616294e-05	1.4471192116616294e-05	16.07645606994629	16.07645606994629
2956	gpt2	2957	1479	16	reunite	sent_comp	unexpected	The consultant knows the managers reunites	0.02434124224917508	0.02434124224917508	13.986631870269775	13.986631870269775
2957	gpt2	2958	1479	16	reunite	sent_comp	expected	The consultant knows the managers reunite	0.39090378009812454	0.39090378009812454	11.98396147787571	11.98396147787571
2958	gpt2	2959	1480	16	revamp	sent_comp	unexpected	The consultant knows the managers revamps	0.0018956301178149977	0.0018956301178149977	12.630825996398926	12.630825996398926
2959	gpt2	2960	1480	16	revamp	sent_comp	expected	The consultant knows the managers revamp	0.03530833343074845	0.03530833343074845	10.520012497901917	10.520012497901917
2960	gpt2	2961	1481	16	reveal	sent_comp	unexpected	The consultant knows the managers reveals	1.5850854140353476e-07	1.5850854140353476e-07	22.58893585205078	22.58893585205078
2961	gpt2	2962	1481	16	reveal	sent_comp	expected	The consultant knows the managers reveal	7.185052254499169e-06	7.185052254499169e-06	17.086570739746094	17.086570739746094
2962	gpt2	2963	1482	16	reverberate	sent_comp	unexpected	The consultant knows the managers reverberates	0.008365209328076153	0.008365209328076153	14.219982624053955	14.219982624053955
2963	gpt2	2964	1482	16	reverberate	sent_comp	expected	The consultant knows the managers reverberate	0.4198384509627431	0.4198384509627431	11.395331308245659	11.395331308245659
2964	gpt2	2965	1483	16	reverse	sent_comp	unexpected	The consultant knows the managers reverses	0.38824264651274554	0.38824264651274554	12.709063678979874	12.709063678979874
2965	gpt2	2966	1483	16	reverse	sent_comp	expected	The consultant knows the managers reverse	3.564531425581663e-07	3.564531425581663e-07	21.41978454589844	21.41978454589844
2966	gpt2	2967	1484	16	review	sent_comp	unexpected	The consultant knows the managers reviews	8.950541996455286e-06	8.950541996455286e-06	16.769594192504883	16.769594192504883
2967	gpt2	2968	1484	16	review	sent_comp	expected	The consultant knows the managers review	3.489701703074388e-05	3.489701703074388e-05	14.806536674499512	14.806536674499512
2968	gpt2	2969	1485	16	revise	sent_comp	unexpected	The consultant knows the managers revises	0.0005744074264839477	0.0005744074264839477	13.494976997375488	13.494976997375488
2969	gpt2	2970	1485	16	revise	sent_comp	expected	The consultant knows the managers revise	3.860033359615045e-07	3.860033359615045e-07	21.30488395690918	21.30488395690918
2970	gpt2	2971	1486	16	revisit	sent_comp	unexpected	The consultant knows the managers revisits	0.003328976584413076	0.003328976584413076	15.317046403884888	15.317046403884888
2971	gpt2	2972	1486	16	revisit	sent_comp	expected	The consultant knows the managers revisit	3.578318796826352e-07	3.578318796826352e-07	21.414215087890625	21.414215087890625
2972	gpt2	2973	1487	16	revive	sent_comp	unexpected	The consultant knows the managers revives	0.0022747014559171977	0.0022747014559171977	12.499117612838745	12.499117612838745
2973	gpt2	2974	1487	16	revive	sent_comp	expected	The consultant knows the managers revive	7.793820344659252e-08	7.793820344659252e-08	23.613094329833984	23.613094329833984
2974	gpt2	2975	1488	16	revoke	sent_comp	unexpected	The consultant knows the managers revokes	0.0009921239366121478	0.0009921239366121478	13.09900951385498	13.09900951385498
2975	gpt2	2976	1488	16	revoke	sent_comp	expected	The consultant knows the managers revoke	1.2540589011678094e-07	1.2540589011678094e-07	22.926891326904297	22.926891326904297
2976	gpt2	2977	1489	16	revolutionize	sent_comp	unexpected	The consultant knows the managers revolutionizes	0.02559969402784645	0.02559969402784645	12.056218147277832	12.056218147277832
2977	gpt2	2978	1489	16	revolutionize	sent_comp	expected	The consultant knows the managers revolutionize	0.006697916574125851	0.006697916574125851	13.02343225479126	13.02343225479126
2978	gpt2	2979	1490	16	revolve	sent_comp	unexpected	The consultant knows the managers revolves	1.394145101585309e-07	1.394145101585309e-07	22.77411651611328	22.77411651611328
2979	gpt2	2980	1490	16	revolve	sent_comp	expected	The consultant knows the managers revolve	0.18295477921174094	0.18295477921174094	9.333255231380463	9.333255231380463
2980	gpt2	2981	1491	16	reward	sent_comp	unexpected	The consultant knows the managers rewards	3.064005795749836e-06	3.064005795749836e-06	18.31614875793457	18.31614875793457
2981	gpt2	2982	1491	16	reward	sent_comp	expected	The consultant knows the managers reward	6.998932803981006e-06	6.998932803981006e-06	17.124433517456055	17.124433517456055
2982	gpt2	2983	1492	16	rewrite	sent_comp	unexpected	The consultant knows the managers rewrites	0.3052150444867342	0.3052150444867342	8.905163591106733	8.905163591106733
2983	gpt2	2984	1492	16	rewrite	sent_comp	expected	The consultant knows the managers rewrite	4.210792781123018e-07	4.210792781123018e-07	21.179405212402344	21.179405212402344
2984	gpt2	2985	1493	16	ride	sent_comp	unexpected	The consultant knows the managers rides	1.4593581454391824e-07	1.4593581454391824e-07	22.708162307739254	22.708162307739254
2985	gpt2	2986	1493	16	ride	sent_comp	expected	The consultant knows the managers ride	4.024181180284359e-06	4.024181180284359e-06	17.92287254333496	17.92287254333496
2986	gpt2	2987	1494	16	rid	sent_comp	unexpected	The consultant knows the managers rids	0.00014992090837039567	0.00014992090837039567	13.308676719665527	13.308676719665527
2987	gpt2	2988	1494	16	rid	sent_comp	expected	The consultant knows the managers rid	9.560382068229956e-07	9.560382068229956e-07	19.996427536010746	19.996427536010746
2988	gpt2	2989	1495	16	ring	sent_comp	unexpected	The consultant knows the managers rings	7.390453333755431e-07	7.390453333755431e-07	20.367834091186523	20.367834091186523
2989	gpt2	2990	1495	16	ring	sent_comp	expected	The consultant knows the managers ring	1.1648085092019755e-05	1.1648085092019755e-05	16.38954734802246	16.38954734802246
2990	gpt2	2991	1496	16	rise	sent_comp	unexpected	The consultant knows the managers rises	5.6740898202178875e-08	5.6740898202178875e-08	24.07103538513184	24.07103538513184
2991	gpt2	2992	1496	16	rise	sent_comp	expected	The consultant knows the managers rise	7.724331226199865e-06	7.724331226199865e-06	16.982158660888672	16.982158660888672
2992	gpt2	2993	1497	16	risk	sent_comp	unexpected	The consultant knows the managers risks	2.471946208970621e-05	2.471946208970621e-05	15.303993225097656	15.303993225097656
2993	gpt2	2994	1497	16	risk	sent_comp	expected	The consultant knows the managers risk	0.0004429291584528	0.0004429291584528	11.140636444091797	11.140636444091797
2994	gpt2	2995	1498	16	rival	sent_comp	unexpected	The consultant knows the managers rivals	1.3412477528618186e-07	1.3412477528618186e-07	22.82992172241211	22.82992172241211
2995	gpt2	2996	1498	16	rival	sent_comp	expected	The consultant knows the managers rival	4.163514120136824e-07	4.163514120136824e-07	21.195695877075195	21.195695877075195
2996	gpt2	2997	1499	16	rock	sent_comp	unexpected	The consultant knows the managers rocks	1.594144833916289e-07	1.594144833916289e-07	22.580713272094727	22.580713272094727
2997	gpt2	2998	1499	16	rock	sent_comp	expected	The consultant knows the managers rock	3.659420826807036e-06	3.659420826807036e-06	18.059953689575195	18.059953689575195
2998	gpt2	2999	1500	16	roil	sent_comp	unexpected	The consultant knows the managers roils	0.00023567823632216219	0.00023567823632216219	14.860280990600586	14.860280990600586
2999	gpt2	3000	1500	16	roil	sent_comp	expected	The consultant knows the managers roil	0.0030117736616830123	0.0030117736616830123	13.019009828567505	13.019009828567505
3000	gpt2	3001	1501	16	roll	sent_comp	unexpected	The consultant knows the managers rolls	7.562712198705412e-07	7.562712198705412e-07	20.334592819213867	20.334592819213867
3001	gpt2	3002	1501	16	roll	sent_comp	expected	The consultant knows the managers roll	1.4354414815898052e-05	1.4354414815898052e-05	16.088146209716797	16.088146209716797
3002	gpt2	3003	1502	16	roost	sent_comp	unexpected	The consultant knows the managers roosts	0.036527982661482335	0.036527982661482335	9.099470853805542	9.099470853805542
3003	gpt2	3004	1502	16	roost	sent_comp	expected	The consultant knows the managers roost	0.03844900251829126	0.03844900251829126	11.181613326072693	11.181613326072693
3004	gpt2	3005	1503	16	root	sent_comp	unexpected	The consultant knows the managers roots	5.67147424135328e-07	5.67147424135328e-07	20.74977302551269	20.74977302551269
3005	gpt2	3006	1503	16	root	sent_comp	expected	The consultant knows the managers root	5.474738827615511e-06	5.474738827615511e-06	17.478778839111328	17.478778839111328
3006	gpt2	3007	1504	16	rotate	sent_comp	unexpected	The consultant knows the managers rotates	0.009777487363805884	0.009777487363805884	12.493990182876589	12.493990182876589
3007	gpt2	3008	1504	16	rotate	sent_comp	expected	The consultant knows the managers rotate	7.046349310257938e-06	7.046349310257938e-06	17.11469268798828	17.11469268798828
3008	gpt2	3009	1505	16	round	sent_comp	unexpected	The consultant knows the managers rounds	2.501940912225109e-07	2.501940912225109e-07	21.93044853210449	21.93044853210449
3009	gpt2	3010	1505	16	round	sent_comp	expected	The consultant knows the managers round	7.430230198224308e-06	7.430230198224308e-06	17.038162231445312	17.038162231445312
3010	gpt2	3011	1506	16	row	sent_comp	unexpected	The consultant knows the managers rows	7.576167604383954e-07	7.576167604383954e-07	20.33202743530273	20.33202743530273
3011	gpt2	3012	1506	16	row	sent_comp	expected	The consultant knows the managers row	1.9546564544725697e-06	1.9546564544725697e-06	18.96465301513672	18.96465301513672
3012	gpt2	3013	1507	16	rubber-stamp	sent_comp	unexpected	The consultant knows the managers rubber-stamps	0.1355898010765486	0.1355898010765486	11.261854112148285	11.261854112148285
3013	gpt2	3014	1507	16	rubber-stamp	sent_comp	expected	The consultant knows the managers rubber-stamp	0.1355898010765486	0.1355898010765486	11.261854112148285	11.261854112148285
3014	gpt2	3015	1508	16	rub	sent_comp	unexpected	The consultant knows the managers rubs	0.01428150870344775	0.01428150870344775	12.199060678482057	12.199060678482057
3015	gpt2	3016	1508	16	rub	sent_comp	expected	The consultant knows the managers rub	1.5836296825000318e-06	1.5836296825000318e-06	19.268333435058597	19.268333435058597
3016	gpt2	3017	1509	16	ruin	sent_comp	unexpected	The consultant knows the managers ruins	1.1465212423900085e-07	1.1465212423900085e-07	23.05623435974121	23.05623435974121
3017	gpt2	3018	1509	16	ruin	sent_comp	expected	The consultant knows the managers ruin	1.8470627765054812e-06	1.8470627765054812e-06	19.046335220336918	19.046335220336918
3018	gpt2	3019	1510	16	rule	sent_comp	unexpected	The consultant knows the managers rules	1.4089238902670331e-05	1.4089238902670331e-05	16.115047454833984	16.115047454833984
3019	gpt2	3020	1510	16	rule	sent_comp	expected	The consultant knows the managers rule	2.8431528335204348e-05	2.8431528335204348e-05	15.10214900970459	15.10214900970459
3020	gpt2	3021	1511	16	run	sent_comp	unexpected	The consultant knows the managers runs	4.81726965517737e-06	4.81726965517737e-06	17.663352966308594	17.663352966308594
3021	gpt2	3022	1511	16	run	sent_comp	expected	The consultant knows the managers run	0.0002511018537916	0.0002511018537916	11.959439277648926	11.959439277648926
3022	gpt2	3023	1512	16	rush	sent_comp	unexpected	The consultant knows the managers rushes	2.06220562404269e-07	2.06220562404269e-07	22.209308624267575	22.209308624267575
3023	gpt2	3024	1512	16	rush	sent_comp	expected	The consultant knows the managers rush	8.565267307858448e-06	8.565267307858448e-06	16.833070755004883	16.833070755004883
3024	gpt2	3025	1513	16	sabotage	sent_comp	unexpected	The consultant knows the managers sabotages	0.004271618749044126	0.004271618749044126	13.192490339279175	13.192490339279175
3025	gpt2	3026	1513	16	sabotage	sent_comp	expected	The consultant knows the managers sabotage	1.8942868109661504e-06	1.8942868109661504e-06	19.00991439819336	19.00991439819336
3026	gpt2	3027	1514	16	sacrifice	sent_comp	unexpected	The consultant knows the managers sacrifices	4.877641117673193e-07	4.877641117673193e-07	20.96731376647949	20.96731376647949
3027	gpt2	3028	1514	16	sacrifice	sent_comp	expected	The consultant knows the managers sacrifice	3.705580866153469e-06	3.705580866153469e-06	18.041868209838867	18.041868209838867
3028	gpt2	3029	1515	16	safeguard	sent_comp	unexpected	The consultant knows the managers safeguards	4.5882066501690133e-07	4.5882066501690133e-07	21.055566787719727	21.055566787719727
3029	gpt2	3030	1515	16	safeguard	sent_comp	expected	The consultant knows the managers safeguard	4.663305901431159e-07	4.663305901431159e-07	21.03214263916016	21.03214263916016
3030	gpt2	3031	1516	16	safety	sent_comp	unexpected	The consultant knows the managers safeties	0.15890842644492406	0.15890842644492406	11.097849547863007	11.097849547863007
3031	gpt2	3032	1516	16	safety	sent_comp	expected	The consultant knows the managers safety	7.867010936024599e-06	7.867010936024599e-06	16.955753326416016	16.955753326416016
3032	gpt2	3033	1517	16	salvage	sent_comp	unexpected	The consultant knows the managers salvages	0.005194767552989499	0.005194767552989499	14.976962327957153	14.976962327957153
3033	gpt2	3034	1517	16	salvage	sent_comp	expected	The consultant knows the managers salvage	2.8950927344340016e-07	2.8950927344340016e-07	21.71988677978516	21.71988677978516
3034	gpt2	3035	1518	16	sap	sent_comp	unexpected	The consultant knows the managers saps	0.0037358954667752005	0.0037358954667752005	13.493570804595947	13.493570804595947
3035	gpt2	3036	1518	16	sap	sent_comp	expected	The consultant knows the managers sap	2.4892331111914245e-06	2.4892331111914245e-06	18.615867614746094	18.615867614746094
3036	gpt2	3037	1519	16	satisfy	sent_comp	unexpected	The consultant knows the managers satisfies	9.77996705842088e-08	9.77996705842088e-08	23.285594940185547	23.285594940185547
3037	gpt2	3038	1519	16	satisfy	sent_comp	expected	The consultant knows the managers satisfy	2.4841108370310394e-06	2.4841108370310394e-06	18.618839263916016	18.618839263916016
3038	gpt2	3039	1520	16	saturate	sent_comp	unexpected	The consultant knows the managers saturates	0.010716062174971326	0.010716062174971326	14.146698236465454	14.146698236465454
3039	gpt2	3040	1520	16	saturate	sent_comp	expected	The consultant knows the managers saturate	0.4793114775287463	0.4793114775287463	11.405135290697217	11.405135290697217
3040	gpt2	3041	1521	16	save	sent_comp	unexpected	The consultant knows the managers saves	4.883524411525286e-07	4.883524411525286e-07	20.965574264526367	20.965574264526367
3041	gpt2	3042	1521	16	save	sent_comp	expected	The consultant knows the managers save	2.0036000933032483e-05	2.0036000933032483e-05	15.607046127319336	15.607046127319336
3042	gpt2	3043	1522	16	savor	sent_comp	unexpected	The consultant knows the managers savors	0.009173445419577292	0.009173445419577292	13.179453134536743	13.179453134536743
3043	gpt2	3044	1522	16	savor	sent_comp	expected	The consultant knows the managers savor	0.0820901654820716	0.0820901654820716	11.598594188690186	11.598594188690186
3044	gpt2	3045	1523	16	say	sent_comp	unexpected	The consultant knows the managers says	1.4822959201410413e-05	1.4822959201410413e-05	16.041807174682617	16.041807174682617
3045	gpt2	3046	1523	16	say	sent_comp	expected	The consultant knows the managers say	0.0014088721945881	0.0014088721945881	9.471243858337402	9.471243858337402
3046	gpt2	3047	1524	16	scale	sent_comp	unexpected	The consultant knows the managers scales	1.9135978845952198e-07	1.9135978845952198e-07	22.31720924377441	22.31720924377441
3047	gpt2	3048	1524	16	scale	sent_comp	expected	The consultant knows the managers scale	2.714434458539472e-06	2.714434458539472e-06	18.490917205810547	18.490917205810547
3048	gpt2	3049	1525	16	scan	sent_comp	unexpected	The consultant knows the managers scans	1.4641983625551802e-07	1.4641983625551802e-07	22.70338630676269	22.70338630676269
3049	gpt2	3050	1525	16	scan	sent_comp	expected	The consultant knows the managers scan	1.238206323250779e-06	1.238206323250779e-06	19.623315811157227	19.623315811157227
3050	gpt2	3051	1526	16	scape	sent_comp	unexpected	The consultant knows the managers scapes	4.0374316085944884e-05	4.0374316085944884e-05	14.662027359008789	14.662027359008789
3051	gpt2	3052	1526	16	scape	sent_comp	expected	The consultant knows the managers scape	0.0028802433935197704	0.0028802433935197704	11.273947477340698	11.273947477340698
3052	gpt2	3053	1527	16	scare	sent_comp	unexpected	The consultant knows the managers scares	1.0320723475842897e-07	1.0320723475842897e-07	23.20795249938965	23.20795249938965
3053	gpt2	3054	1527	16	scare	sent_comp	expected	The consultant knows the managers scare	1.284685367863858e-06	1.284685367863858e-06	19.57015419006348	19.57015419006348
3054	gpt2	3055	1528	16	schedule	sent_comp	unexpected	The consultant knows the managers schedules	1.0091812328028029e-05	1.0091812328028029e-05	16.596454620361328	16.596454620361328
3055	gpt2	3056	1528	16	schedule	sent_comp	expected	The consultant knows the managers schedule	1.3754569408774842e-05	1.3754569408774842e-05	16.149728775024414	16.149728775024414
3056	gpt2	3057	1529	16	school	sent_comp	unexpected	The consultant knows the managers schools	2.004172529268544e-06	2.004172529268544e-06	18.92856216430664	18.92856216430664
3057	gpt2	3058	1529	16	school	sent_comp	expected	The consultant knows the managers school	8.347916264028754e-06	8.347916264028754e-06	16.87015151977539	16.87015151977539
3058	gpt2	3059	1530	16	scold	sent_comp	unexpected	The consultant knows the managers scolds	0.0027300778729113205	0.0027300778729113205	11.312768697738647	11.312768697738647
3059	gpt2	3060	1530	16	scold	sent_comp	expected	The consultant knows the managers scold	0.03366190059568907	0.03366190059568907	9.497253775596619	9.497253775596619
3060	gpt2	3061	1531	16	scorn	sent_comp	unexpected	The consultant knows the managers scorns	0.0008154390216077204	0.0008154390216077204	12.193341732025146	12.193341732025146
3061	gpt2	3062	1531	16	scorn	sent_comp	expected	The consultant knows the managers scorn	6.554575975314947e-07	6.554575975314947e-07	20.54099464416504	20.54099464416504
3062	gpt2	3063	1532	16	scour	sent_comp	unexpected	The consultant knows the managers scours	0.0016152571606653204	0.0016152571606653204	11.693970203399658	11.693970203399658
3063	gpt2	3064	1532	16	scour	sent_comp	expected	The consultant knows the managers scour	0.04479022933628582	0.04479022933628582	9.291144251823425	9.291144251823425
3064	gpt2	3065	1533	16	scout	sent_comp	unexpected	The consultant knows the managers scouts	6.663436238341092e-07	6.663436238341092e-07	20.517230987548828	20.517230987548828
3065	gpt2	3066	1533	16	scout	sent_comp	expected	The consultant knows the managers scout	1.663140665186802e-06	1.663140665186802e-06	19.19765853881836	19.19765853881836
3066	gpt2	3067	1534	16	scrap	sent_comp	unexpected	The consultant knows the managers scraps	3.0295538522295835e-08	3.0295538522295835e-08	24.976320266723636	24.976320266723636
3067	gpt2	3068	1534	16	scrap	sent_comp	expected	The consultant knows the managers scrap	5.752925176238932e-07	5.752925176238932e-07	20.72920036315918	20.72920036315918
3068	gpt2	3069	1535	16	screen	sent_comp	unexpected	The consultant knows the managers screens	4.6226404037952317e-07	4.6226404037952317e-07	21.04477882385254	21.04477882385254
3069	gpt2	3070	1535	16	screen	sent_comp	expected	The consultant knows the managers screen	6.266101081564557e-06	6.266101081564557e-06	17.284000396728516	17.284000396728516
3070	gpt2	3071	1536	16	scrutinize	sent_comp	unexpected	The consultant knows the managers scrutinizes	0.002751885001543951	0.002751885001543951	12.226754665374756	12.226754665374756
3071	gpt2	3072	1536	16	scrutinize	sent_comp	expected	The consultant knows the managers scrutinize	0.3603150211470165	0.3603150211470165	8.709376484155655	8.709376484155655
3072	gpt2	3073	1537	16	scurry	sent_comp	unexpected	The consultant knows the managers scurries	0.03449092777130618	0.03449092777130618	7.989000161488851	7.989000161488851
3073	gpt2	3074	1537	16	scurry	sent_comp	expected	The consultant knows the managers scurry	0.02551592005875132	0.02551592005875132	9.697210550308228	9.697210550308228
3074	gpt2	3075	1538	16	scuttle	sent_comp	unexpected	The consultant knows the managers scuttles	0.007203463803307347	0.007203463803307347	9.396527608235678	9.396527608235678
3075	gpt2	3076	1538	16	scuttle	sent_comp	expected	The consultant knows the managers scuttle	0.33839047113118187	0.33839047113118187	7.022288955166005	7.022288955166005
3076	gpt2	3077	1539	16	seal	sent_comp	unexpected	The consultant knows the managers seals	8.567154452521208e-08	8.567154452521208e-08	23.476608276367188	23.476608276367188
3077	gpt2	3078	1539	16	seal	sent_comp	expected	The consultant knows the managers seal	4.823684776056325e-07	4.823684776056325e-07	20.983360290527344	20.983360290527344
3078	gpt2	3079	1540	16	search	sent_comp	unexpected	The consultant knows the managers searches	2.8240393135092745e-07	2.8240393135092745e-07	21.7557373046875	21.7557373046875
3079	gpt2	3080	1540	16	search	sent_comp	expected	The consultant knows the managers search	9.903795216814617e-06	9.903795216814617e-06	16.623586654663086	16.623586654663086
3080	gpt2	3081	1541	16	secure	sent_comp	unexpected	The consultant knows the managers secures	0.1329675460021349	0.1329675460021349	10.710128426551819	10.710128426551819
3081	gpt2	3082	1541	16	secure	sent_comp	expected	The consultant knows the managers secure	9.020535799209028e-06	9.020535799209028e-06	16.75835609436035	16.75835609436035
3082	gpt2	3083	1542	16	seduce	sent_comp	unexpected	The consultant knows the managers seduces	0.0030710947989973513	0.0030710947989973513	13.277167081832886	13.277167081832886
3083	gpt2	3084	1542	16	seduce	sent_comp	expected	The consultant knows the managers seduce	0.2001572020176354	0.2001572020176354	10.26385772228241	10.26385772228241
3084	gpt2	3085	1543	16	seek	sent_comp	unexpected	The consultant knows the managers seeks	4.795101062882168e-07	4.795101062882168e-07	20.99193572998047	20.99193572998047
3085	gpt2	3086	1543	16	seek	sent_comp	expected	The consultant knows the managers seek	4.4662920117843896e-05	4.4662920117843896e-05	14.450562477111816	14.450562477111816
3086	gpt2	3087	1544	16	seem	sent_comp	unexpected	The consultant knows the managers seems	3.915097749995766e-06	3.915097749995766e-06	17.962520599365234	17.962520599365234
3087	gpt2	3088	1544	16	seem	sent_comp	expected	The consultant knows the managers seem	0.0003276960051152	0.0003276960051152	11.57535457611084	11.57535457611084
3088	gpt2	3089	1545	16	see	sent_comp	unexpected	The consultant knows the managers sees	4.364642336440738e-06	4.364642336440738e-06	17.80570411682129	17.80570411682129
3089	gpt2	3090	1545	16	see	sent_comp	expected	The consultant knows the managers see	0.0003992291749455	0.0003992291749455	11.290494918823242	11.290494918823242
3090	gpt2	3091	1546	16	segregate	sent_comp	unexpected	The consultant knows the managers segregates	0.005735799930164359	0.005735799930164359	13.577278614044188	13.577278614044188
3091	gpt2	3092	1546	16	segregate	sent_comp	expected	The consultant knows the managers segregate	0.4775070187441202	0.4775070187441202	10.387550748884676	10.387550748884676
3092	gpt2	3093	1547	16	seize	sent_comp	unexpected	The consultant knows the managers seizes	0.010290634986972663	0.010290634986972663	12.260138034820557	12.260138034820557
3093	gpt2	3094	1547	16	seize	sent_comp	expected	The consultant knows the managers seize	2.613714286781033e-06	2.613714286781033e-06	18.545467376708984	18.545467376708984
3094	gpt2	3095	1548	16	select	sent_comp	unexpected	The consultant knows the managers selects	2.866433135295665e-07	2.866433135295665e-07	21.73423957824707	21.73423957824707
3095	gpt2	3096	1548	16	select	sent_comp	expected	The consultant knows the managers select	1.4422144886339083e-05	1.4422144886339083e-05	16.08135414123535	16.08135414123535
3096	gpt2	3097	1549	16	self-reinsure	sent_comp	unexpected	The consultant knows the managers self-reinsures	0.4215477015422948	0.4215477015422948	7.752933464944363	7.752933464944363
3097	gpt2	3098	1549	16	self-reinsure	sent_comp	expected	The consultant knows the managers self-reinsure	0.4215477015422948	0.4215477015422948	7.752933464944363	7.752933464944363
3098	gpt2	3099	1550	16	sell	sent_comp	unexpected	The consultant knows the managers sells	7.308644285330956e-07	7.308644285330956e-07	20.38389205932617	20.38389205932617
3099	gpt2	3100	1550	16	sell	sent_comp	expected	The consultant knows the managers sell	5.25439354532864e-05	5.25439354532864e-05	14.216115951538086	14.216115951538086
3100	gpt2	3101	1551	16	send	sent_comp	unexpected	The consultant knows the managers sends	5.274953309708508e-07	5.274953309708508e-07	20.854337692260746	20.854337692260746
3101	gpt2	3102	1551	16	send	sent_comp	expected	The consultant knows the managers send	2.919917824328877e-05	2.919917824328877e-05	15.063713073730469	15.063713073730469
3102	gpt2	3103	1552	16	sense	sent_comp	unexpected	The consultant knows the managers senses	7.881995998104685e-07	7.881995998104685e-07	20.27493476867676	20.27493476867676
3103	gpt2	3104	1552	16	sense	sent_comp	expected	The consultant knows the managers sense	2.8164036848465912e-05	2.8164036848465912e-05	15.1157865524292	15.1157865524292
3104	gpt2	3105	1553	16	sensitize	sent_comp	unexpected	The consultant knows the managers sensitizes	0.24835465401717252	0.24835465401717252	9.807763437430063	9.807763437430063
3105	gpt2	3106	1553	16	sensitize	sent_comp	expected	The consultant knows the managers sensitize	0.07950444272162825	0.07950444272162825	11.748133301734924	11.748133301734924
3106	gpt2	3107	1554	16	separate	sent_comp	unexpected	The consultant knows the managers separates	3.692256811405059e-08	3.692256811405059e-08	24.690921783447266	24.690921783447266
3107	gpt2	3108	1554	16	separate	sent_comp	expected	The consultant knows the managers separate	6.465008482336998e-06	6.465008482336998e-06	17.238916397094727	17.238916397094727
3108	gpt2	3109	1555	16	sequester	sent_comp	unexpected	The consultant knows the managers sequesters	0.006370028379620848	0.006370028379620848	13.396578550338745	13.396578550338745
3109	gpt2	3110	1555	16	sequester	sent_comp	expected	The consultant knows the managers sequester	0.3730185128667074	0.3730185128667074	10.46063919365406	10.46063919365406
3110	gpt2	3111	1556	16	serve	sent_comp	unexpected	The consultant knows the managers serves	5.968738037154253e-07	5.968738037154253e-07	20.676071166992188	20.676071166992188
3111	gpt2	3112	1556	16	serve	sent_comp	expected	The consultant knows the managers serve	3.713521437020973e-05	3.713521437020973e-05	14.716852188110352	14.716852188110352
3112	gpt2	3113	1557	16	service	sent_comp	unexpected	The consultant knows the managers services	1.1944433936150745e-05	1.1944433936150745e-05	16.353302001953125	16.353302001953125
3113	gpt2	3114	1557	16	service	sent_comp	expected	The consultant knows the managers service	2.2933565560379066e-05	2.2933565560379066e-05	15.412179946899414	15.412179946899414
3114	gpt2	3115	1558	16	settle	sent_comp	unexpected	The consultant knows the managers settles	2.730424775165829e-08	2.730424775165829e-08	25.126298904418945	25.126298904418945
3115	gpt2	3116	1558	16	settle	sent_comp	expected	The consultant knows the managers settle	1.556011966385995e-06	1.556011966385995e-06	19.29371452331543	19.29371452331543
3116	gpt2	3117	1559	16	set	sent_comp	unexpected	The consultant knows the managers sets	2.893868668252253e-06	2.893868668252253e-06	18.398569107055664	18.398569107055664
3117	gpt2	3118	1559	16	set	sent_comp	expected	The consultant knows the managers set	0.0001026980171445	0.0001026980171445	13.249303817749023	13.249303817749023
3118	gpt2	3119	1560	16	sever	sent_comp	unexpected	The consultant knows the managers severs	0.005454376508509964	0.005454376508509964	12.7181236743927	12.7181236743927
3119	gpt2	3120	1560	16	sever	sent_comp	expected	The consultant knows the managers sever	1.2165105545136612e-06	1.2165105545136612e-06	19.64881896972656	19.64881896972656
3120	gpt2	3121	1561	16	shadow	sent_comp	unexpected	The consultant knows the managers shadows	1.8447310878855205e-07	1.8447310878855205e-07	22.370086669921875	22.370086669921875
3121	gpt2	3122	1561	16	shadow	sent_comp	expected	The consultant knows the managers shadow	4.007054940302624e-06	4.007054940302624e-06	17.929025650024414	17.929025650024414
3122	gpt2	3123	1562	16	shake	sent_comp	unexpected	The consultant knows the managers shakes	1.0556770746461552e-07	1.0556770746461552e-07	23.17532730102539	23.17532730102539
3123	gpt2	3124	1562	16	shake	sent_comp	expected	The consultant knows the managers shake	6.541914899571566e-06	6.541914899571566e-06	17.22185516357422	17.22185516357422
3124	gpt2	3125	1563	16	shape	sent_comp	unexpected	The consultant knows the managers shapes	2.978868280933966e-07	2.978868280933966e-07	21.67873191833496	21.67873191833496
3125	gpt2	3126	1563	16	shape	sent_comp	expected	The consultant knows the managers shape	1.2274984328541905e-05	1.2274984328541905e-05	16.313919067382812	16.313919067382812
3126	gpt2	3127	1564	17	share	sent_comp	unexpected	The consultants say the author share	1.0282879884471186e-05	1.0282879884471186e-05	16.56939697265625	16.56939697265625
3127	gpt2	3128	1564	17	share	sent_comp	expected	The consultants say the author shares	0.0001332619285676	0.0001332619285676	12.87344741821289	12.87344741821289
3128	gpt2	3129	1565	17	sharpen	sent_comp	unexpected	The consultants say the author sharpen	0.15950589124179967	0.15950589124179967	13.215515732765198	13.215515732765198
3129	gpt2	3130	1565	17	sharpen	sent_comp	expected	The consultants say the author sharpens	0.13268662521144844	0.13268662521144844	11.426673829555511	11.426673829555511
3130	gpt2	3131	1566	17	shave	sent_comp	unexpected	The consultants say the author shave	3.0706136300295845e-08	3.0706136300295845e-08	24.956897735595703	24.956897735595703
3131	gpt2	3132	1566	17	shave	sent_comp	expected	The consultants say the author shaves	0.016916388376557723	0.016916388376557723	10.79049825668335	10.79049825668335
3132	gpt2	3133	1567	17	shed	sent_comp	unexpected	The consultants say the author shed	2.321059355381294e-06	2.321059355381294e-06	18.716785430908203	18.716785430908203
3133	gpt2	3134	1567	17	shed	sent_comp	expected	The consultants say the author sheds	3.854646365653025e-06	3.854646365653025e-06	17.984970092773438	17.984970092773438
3134	gpt2	3135	1568	17	shell	sent_comp	unexpected	The consultants say the author shell	1.934078568410769e-07	1.934078568410769e-07	22.30184936523437	22.30184936523437
3135	gpt2	3136	1568	17	shell	sent_comp	expected	The consultants say the author shells	5.6727696318148446e-08	5.6727696318148446e-08	24.07137107849121	24.07137107849121
3136	gpt2	3137	1569	17	shield	sent_comp	unexpected	The consultants say the author shield	2.534744965032587e-07	2.534744965032587e-07	21.91165542602539	21.91165542602539
3137	gpt2	3138	1569	17	shield	sent_comp	expected	The consultants say the author shields	3.002721484790527e-07	3.002721484790527e-07	21.66722679138184	21.66722679138184
3138	gpt2	3139	1570	17	shift	sent_comp	unexpected	The consultants say the author shift	3.592514076444786e-06	3.592514076444786e-06	18.08657455444336	18.08657455444336
3139	gpt2	3140	1570	17	shift	sent_comp	expected	The consultants say the author shifts	6.632190434174845e-06	6.632190434174845e-06	17.202083587646484	17.202083587646484
3140	gpt2	3141	1571	17	shine	sent_comp	unexpected	The consultants say the author shine	6.056811230337189e-08	6.056811230337189e-08	23.976865768432617	23.976865768432617
3141	gpt2	3142	1571	17	shine	sent_comp	expected	The consultants say the author shines	6.779581781302113e-06	6.779581781302113e-06	17.170372009277344	17.170372009277344
3142	gpt2	3143	1572	17	ship	sent_comp	unexpected	The consultants say the author ship	1.5939496051942117e-06	1.5939496051942117e-06	19.258962631225582	19.258962631225582
3143	gpt2	3144	1572	17	ship	sent_comp	expected	The consultants say the author ships	3.431638333495357e-06	3.431638333495357e-06	18.152671813964844	18.152671813964844
3144	gpt2	3145	1573	17	shirk	sent_comp	unexpected	The consultants say the author shirk	0.0003209867791156226	0.0003209867791156226	13.660847187042236	13.660847187042236
3145	gpt2	3146	1573	17	shirk	sent_comp	expected	The consultants say the author shirks	0.08073733108176379	0.08073733108176379	7.86115558942159	7.86115558942159
3146	gpt2	3147	1574	17	shock	sent_comp	unexpected	The consultants say the author shock	1.3463528603097077e-06	1.3463528603097077e-06	19.50251197814941	19.50251197814941
3147	gpt2	3148	1574	17	shock	sent_comp	expected	The consultants say the author shocks	1.3391204447543714e-06	1.3391204447543714e-06	19.51028251647949	19.51028251647949
3148	gpt2	3149	1575	17	shoe-horn	sent_comp	unexpected	The consultants say the author shoe-horn	0.011521135464363385	0.011521135464363385	13.07018208503723	13.07018208503723
3149	gpt2	3150	1575	17	shoe-horn	sent_comp	expected	The consultants say the author shoe-horns	0.011521135464363385	0.011521135464363385	13.07018208503723	13.07018208503723
3150	gpt2	3151	1576	17	shoot	sent_comp	unexpected	The consultants say the author shoot	1.929303579117914e-07	1.929303579117914e-07	22.30541610717773	22.30541610717773
3151	gpt2	3152	1576	17	shoot	sent_comp	expected	The consultants say the author shoots	2.81219126918586e-06	2.81219126918586e-06	18.43987464904785	18.43987464904785
3152	gpt2	3153	1577	17	shop	sent_comp	unexpected	The consultants say the author shop	1.2468839258872322e-06	1.2468839258872322e-06	19.61324119567871	19.61324119567871
3153	gpt2	3154	1577	17	shop	sent_comp	expected	The consultants say the author shops	9.107307619160564e-07	9.107307619160564e-07	20.06647109985352	20.06647109985352
3154	gpt2	3155	1578	17	shore	sent_comp	unexpected	The consultants say the author shore	3.629042311104058e-08	3.629042311104058e-08	24.715835571289062	24.715835571289062
3155	gpt2	3156	1578	17	shore	sent_comp	expected	The consultants say the author shores	4.1190574506799755e-08	4.1190574506799755e-08	24.533109664916992	24.533109664916992
3156	gpt2	3157	1579	17	shorn	sent_comp	unexpected	The consultants say the author shorn	0.0023313997880904727	0.0023313997880904727	12.221333265304565	12.221333265304565
3157	gpt2	3158	1579	17	shorn	sent_comp	expected	The consultants say the author shorns	3.280845521658193e-05	3.280845521658193e-05	15.407211780548096	15.407211780548096
3158	gpt2	3159	1580	17	shorten	sent_comp	unexpected	The consultants say the author shorten	4.505624318085211e-09	4.505624318085211e-09	27.72562599182129	27.72562599182129
3159	gpt2	3160	1580	17	shorten	sent_comp	expected	The consultants say the author shortens	0.030134708542391288	0.030134708542391288	10.32125449180603	10.32125449180603
3160	gpt2	3161	1581	17	short	sent_comp	unexpected	The consultants say the author short	1.0138221114175394e-05	1.0138221114175394e-05	16.58983612060547	16.58983612060547
3161	gpt2	3162	1581	17	short	sent_comp	expected	The consultants say the author shorts	2.709981572479592e-07	2.709981572479592e-07	21.81521415710449	21.81521415710449
3162	gpt2	3163	1582	17	shoulder	sent_comp	unexpected	The consultants say the author shoulder	6.905337102125486e-08	6.905337102125486e-08	23.78771209716797	23.78771209716797
3163	gpt2	3164	1582	17	shoulder	sent_comp	expected	The consultants say the author shoulders	1.4737399567366086e-07	1.4737399567366086e-07	22.694015502929688	22.694015502929688
3164	gpt2	3165	1583	17	shout	sent_comp	unexpected	The consultants say the author shout	4.371286266291463e-08	4.371286266291463e-08	24.44736671447754	24.44736671447754
3165	gpt2	3166	1583	17	shout	sent_comp	expected	The consultants say the author shouts	1.849287940558497e-07	1.849287940558497e-07	22.366527557373047	22.366527557373047
3166	gpt2	3167	1584	17	shove	sent_comp	unexpected	The consultants say the author shove	6.826628595746342e-09	6.826628595746342e-09	27.12617874145508	27.12617874145508
3167	gpt2	3168	1584	17	shove	sent_comp	expected	The consultants say the author shoves	0.005597355971985922	0.005597355971985922	11.588706970214844	11.588706970214844
3168	gpt2	3169	1585	17	shower	sent_comp	unexpected	The consultants say the author shower	1.0412984607910405e-07	1.0412984607910405e-07	23.195112228393555	23.195112228393555
3169	gpt2	3170	1585	17	shower	sent_comp	expected	The consultants say the author showers	2.610541685044155e-07	2.610541685044155e-07	21.86914825439453	21.86914825439453
3170	gpt2	3171	1586	17	show	sent_comp	unexpected	The consultants say the author show	6.207450041983975e-06	6.207450041983975e-06	17.29756736755371	17.29756736755371
3171	gpt2	3172	1586	17	show	sent_comp	expected	The consultants say the author shows	0.0001962883397936	0.0001962883397936	12.314738273620604	12.314738273620604
3172	gpt2	3173	1587	17	shrink	sent_comp	unexpected	The consultants say the author shrink	5.2691586205355634e-08	5.2691586205355634e-08	24.177852630615234	24.177852630615234
3173	gpt2	3174	1587	17	shrink	sent_comp	expected	The consultants say the author shrinks	0.21013025788226966	0.21013025788226966	10.484502613544464	10.484502613544464
3174	gpt2	3175	1588	17	shun	sent_comp	unexpected	The consultants say the author shun	8.459010700789804e-07	8.459010700789804e-07	20.17300796508789	20.17300796508789
3175	gpt2	3176	1588	17	shun	sent_comp	expected	The consultants say the author shuns	0.03689138936897507	0.03689138936897507	10.227958083152771	10.227958083152771
3176	gpt2	3177	1589	17	shut	sent_comp	unexpected	The consultants say the author shut	2.873723360607982e-06	2.873723360607982e-06	18.408647537231445	18.408647537231445
3177	gpt2	3178	1589	17	shut	sent_comp	expected	The consultants say the author shuts	1.5443786196556175e-06	1.5443786196556175e-06	19.304542541503903	19.304542541503903
3178	gpt2	3179	1590	17	shy	sent_comp	unexpected	The consultants say the author shy	5.886313942937704e-07	5.886313942937704e-07	20.69613265991211	20.69613265991211
3179	gpt2	3180	1590	17	shy	sent_comp	expected	The consultants say the author shies	0.053054500102007275	0.053054500102007275	9.965834498405457	9.965834498405457
3180	gpt2	3181	1591	17	sidetrack	sent_comp	unexpected	The consultants say the author sidetrack	0.009433915389498263	0.009433915389498263	11.355969587961832	11.355969587961832
3181	gpt2	3182	1591	17	sidetrack	sent_comp	expected	The consultants say the author sidetracks	0.015585847060303096	0.015585847060303096	10.55485153198242	10.55485153198242
3182	gpt2	3183	1592	17	side	sent_comp	unexpected	The consultants say the author side	1.3753664461546578e-05	1.3753664461546578e-05	16.149824142456055	16.149824142456055
3183	gpt2	3184	1592	17	side	sent_comp	expected	The consultants say the author sides	2.748325641732663e-06	2.748325641732663e-06	18.47301483154297	18.47301483154297
3184	gpt2	3185	1593	17	sift	sent_comp	unexpected	The consultants say the author sift	0.01191528266099337	0.01191528266099337	10.015657663345337	10.015657663345337
3185	gpt2	3186	1593	17	sift	sent_comp	expected	The consultants say the author sifts	0.04875024625835067	0.04875024625835067	8.998461365699768	8.998461365699768
3186	gpt2	3187	1594	17	signal	sent_comp	unexpected	The consultants say the author signal	1.7827764509092958e-07	1.7827764509092958e-07	22.41937065124512	22.41937065124512
3187	gpt2	3188	1594	17	signal	sent_comp	expected	The consultants say the author signals	2.3331676857196726e-06	2.3331676857196726e-06	18.709278106689453	18.709278106689453
3188	gpt2	3189	1595	17	signify	sent_comp	unexpected	The consultants say the author signify	3.621448252388859e-09	3.621448252388859e-09	28.040786743164062	28.040786743164062
3189	gpt2	3190	1595	17	signify	sent_comp	expected	The consultants say the author signifies	9.902345254886311e-07	9.902345254886311e-07	19.94572639465332	19.94572639465332
3190	gpt2	3191	1596	17	sign	sent_comp	unexpected	The consultants say the author sign	1.8644341253093444e-05	1.8644341253093444e-05	15.710902214050291	15.710902214050291
3191	gpt2	3192	1596	17	sign	sent_comp	expected	The consultants say the author signs	1.3341598787519617e-05	1.3341598787519617e-05	16.193708419799805	16.193708419799805
3192	gpt2	3193	1597	17	simplify	sent_comp	unexpected	The consultants say the author simplify	5.955634563292733e-08	5.955634563292733e-08	24.001169204711918	24.001169204711918
3193	gpt2	3194	1597	17	simplify	sent_comp	expected	The consultants say the author simplifies	0.45177566880965964	0.45177566880965964	8.796190559864044	8.796190559864044
3194	gpt2	3195	1598	17	sing	sent_comp	unexpected	The consultants say the author sing	1.5902014638413678e-07	1.5902014638413678e-07	22.584287643432617	22.584287643432617
3195	gpt2	3196	1598	17	sing	sent_comp	expected	The consultants say the author sings	1.7258652178497869e-06	1.7258652178497869e-06	19.144248962402344	19.144248962402344
3196	gpt2	3197	1599	17	sink	sent_comp	unexpected	The consultants say the author sink	6.293331722417861e-08	6.293331722417861e-08	23.921600341796875	23.921600341796875
3197	gpt2	3198	1599	17	sink	sent_comp	expected	The consultants say the author sinks	7.565388386865379e-07	7.565388386865379e-07	20.334081649780277	20.334081649780277
3198	gpt2	3199	1600	17	sit	sent_comp	unexpected	The consultants say the author sit	6.828556138316344e-07	6.828556138316344e-07	20.481916427612305	20.481916427612305
3199	gpt2	3200	1600	17	sit	sent_comp	expected	The consultants say the author sits	2.913494972744957e-05	2.913494972744957e-05	15.066889762878418	15.066889762878418
3200	gpt2	3201	1601	17	skid	sent_comp	unexpected	The consultants say the author skid	0.0011901849768491848	0.0011901849768491848	13.00394868850708	13.00394868850708
3201	gpt2	3202	1601	17	skid	sent_comp	expected	The consultants say the author skids	0.001551226142737485	0.001551226142737485	12.812395572662354	12.812395572662354
3202	gpt2	3203	1602	17	skim	sent_comp	unexpected	The consultants say the author skim	4.0103391256707255e-06	4.0103391256707255e-06	17.927845001220703	17.927845001220703
3203	gpt2	3204	1602	17	skim	sent_comp	expected	The consultants say the author skims	0.016249369143451986	0.016249369143451986	11.11663007736206	11.11663007736206
3204	gpt2	3205	1603	17	skipper	sent_comp	unexpected	The consultants say the author skipper	0.0012966804326879349	0.0012966804326879349	12.941974639892578	12.941974639892578
3205	gpt2	3206	1603	17	skipper	sent_comp	expected	The consultants say the author skippers	0.001597677485960935	0.001597677485960935	12.791069984436035	12.791069984436035
3206	gpt2	3207	1604	17	skip	sent_comp	unexpected	The consultants say the author skip	3.719652852396394e-07	3.719652852396394e-07	21.358327865600582	21.358327865600582
3207	gpt2	3208	1604	17	skip	sent_comp	expected	The consultants say the author skips	0.2513930716206687	0.2513930716206687	9.140755951404572	9.140755951404572
3208	gpt2	3209	1605	17	ski	sent_comp	unexpected	The consultants say the author ski	2.2507119723513824e-08	2.2507119723513824e-08	25.40504264831543	25.40504264831543
3209	gpt2	3210	1605	17	ski	sent_comp	expected	The consultants say the author skis	0.0008227644259477349	0.0008227644259477349	13.271113395690918	13.271113395690918
3210	gpt2	3211	1606	17	slack	sent_comp	unexpected	The consultants say the author slack	9.409141910055041e-08	9.409141910055041e-08	23.34136199951172	23.34136199951172
3211	gpt2	3212	1606	17	slack	sent_comp	expected	The consultants say the author slacks	0.007400694778880246	0.007400694778880246	11.761198997497559	11.761198997497559
3212	gpt2	3213	1607	17	slam-dunk	sent_comp	unexpected	The consultants say the author slam-dunk	0.042322699688433815	0.042322699688433815	13.27269697189331	13.27269697189331
3213	gpt2	3214	1607	17	slam-dunk	sent_comp	expected	The consultants say the author slam-dunks	0.042322699688433815	0.042322699688433815	13.27269697189331	13.27269697189331
3214	gpt2	3215	1608	17	slash	sent_comp	unexpected	The consultants say the author slash	3.5074734228146554e-08	3.5074734228146554e-08	24.764991760253903	24.764991760253903
3215	gpt2	3216	1608	17	slash	sent_comp	expected	The consultants say the author slashes	0.04795395909877695	0.04795395909877695	10.41300904750824	10.41300904750824
3216	gpt2	3217	1609	17	sleep	sent_comp	unexpected	The consultants say the author sleep	4.498651833273471e-07	4.498651833273471e-07	21.084003448486328	21.084003448486328
3217	gpt2	3218	1609	17	sleep	sent_comp	expected	The consultants say the author sleeps	5.547917226067511e-06	5.547917226067511e-06	17.45962142944336	17.45962142944336
3218	gpt2	3219	1610	17	slide	sent_comp	unexpected	The consultants say the author slide	7.979345184594423e-08	7.979345184594423e-08	23.57915496826172	23.57915496826172
3219	gpt2	3220	1610	17	slide	sent_comp	expected	The consultants say the author slides	1.868669642135501e-06	1.868669642135501e-06	19.029556274414062	19.029556274414062
3220	gpt2	3221	1611	17	slip	sent_comp	unexpected	The consultants say the author slip	2.842637627509248e-07	2.842637627509248e-07	21.746267318725582	21.746267318725582
3221	gpt2	3222	1611	17	slip	sent_comp	expected	The consultants say the author slips	9.683189091447277e-06	9.683189091447277e-06	16.656085968017578	16.656085968017578
3222	gpt2	3223	1612	17	slog	sent_comp	unexpected	The consultants say the author slog	1.875560258213227e-07	1.875560258213227e-07	22.346174240112305	22.346174240112305
3223	gpt2	3224	1612	17	slog	sent_comp	expected	The consultants say the author slogs	0.0006834699406681463	0.0006834699406681463	13.482247352600098	13.482247352600098
3224	gpt2	3225	1613	17	slow	sent_comp	unexpected	The consultants say the author slow	1.53887924625451e-07	1.53887924625451e-07	22.631616592407227	22.631616592407227
3225	gpt2	3226	1613	17	slow	sent_comp	expected	The consultants say the author slows	1.2690634321188554e-06	1.2690634321188554e-06	19.587804794311523	19.587804794311523
3226	gpt2	3227	1614	17	slump	sent_comp	unexpected	The consultants say the author slump	9.557533076076653e-08	9.557533076076653e-08	23.31878662109375	23.31878662109375
3227	gpt2	3228	1614	17	slump	sent_comp	expected	The consultants say the author slumps	0.004351700666120446	0.004351700666120446	12.144431352615356	12.144431352615356
3228	gpt2	3229	1615	17	smash	sent_comp	unexpected	The consultants say the author smash	7.539285640234539e-09	7.539285640234539e-09	26.982925415039062	26.982925415039062
3229	gpt2	3230	1615	17	smash	sent_comp	expected	The consultants say the author smashes	0.0247465736978256	0.0247465736978256	11.638548851013184	11.638548851013184
3230	gpt2	3231	1616	17	smoke	sent_comp	unexpected	The consultants say the author smoke	7.834568549469624e-08	7.834568549469624e-08	23.60557174682617	23.60557174682617
3231	gpt2	3232	1616	17	smoke	sent_comp	expected	The consultants say the author smokes	3.2402219858340686e-06	3.2402219858340686e-06	18.235475540161133	18.235475540161133
3232	gpt2	3233	1617	17	smooth	sent_comp	unexpected	The consultants say the author smooth	1.653081227459552e-07	1.653081227459552e-07	22.528339385986328	22.528339385986328
3233	gpt2	3234	1617	17	smooth	sent_comp	expected	The consultants say the author smooths	0.417988174361291	0.417988174361291	11.393402814865112	11.393402814865112
3234	gpt2	3235	1618	17	smother	sent_comp	unexpected	The consultants say the author smother	0.00575479462747805	0.00575479462747805	12.690840721130371	12.690840721130371
3235	gpt2	3236	1618	17	smother	sent_comp	expected	The consultants say the author smothers	0.3180354806781149	0.3180354806781149	8.488989541927973	8.488989541927973
3236	gpt2	3237	1619	17	smuggle	sent_comp	unexpected	The consultants say the author smuggle	0.037573933919432506	0.037573933919432506	12.48848283290863	12.48848283290863
3237	gpt2	3238	1619	17	smuggle	sent_comp	expected	The consultants say the author smuggles	0.4161751496992139	0.4161751496992139	10.753786012530327	10.753786012530327
3238	gpt2	3239	1620	17	snatch	sent_comp	unexpected	The consultants say the author snatch	7.658713663261096e-09	7.658713663261096e-09	26.960250854492188	26.960250854492188
3239	gpt2	3240	1620	17	snatch	sent_comp	expected	The consultants say the author snatches	0.002327394952999363	0.002327394952999363	12.84168004989624	12.84168004989624
3240	gpt2	3241	1621	17	sniff	sent_comp	unexpected	The consultants say the author sniff	2.5397781655556173e-07	2.5397781655556173e-07	21.90879440307617	21.90879440307617
3241	gpt2	3242	1621	17	sniff	sent_comp	expected	The consultants say the author sniffs	0.007978899685667763	0.007978899685667763	11.952505111694336	11.952505111694336
3242	gpt2	3243	1622	17	soak	sent_comp	unexpected	The consultants say the author soak	3.6451087481736983e-08	3.6451087481736983e-08	24.70946311950684	24.70946311950684
3243	gpt2	3244	1622	17	soak	sent_comp	expected	The consultants say the author soaks	0.00953514873981473	0.00953514873981473	9.930848121643066	9.930848121643066
3244	gpt2	3245	1623	17	soar	sent_comp	unexpected	The consultants say the author soar	4.086236682354638e-09	4.086236682354638e-09	27.866579055786133	27.866579055786133
3245	gpt2	3246	1623	17	soar	sent_comp	expected	The consultants say the author soars	0.02142786886543033	0.02142786886543033	9.345606088638306	9.345606088638306
3246	gpt2	3247	1624	17	sob	sent_comp	unexpected	The consultants say the author sob	2.760628490250383e-07	2.760628490250383e-07	21.78849983215332	21.78849983215332
3247	gpt2	3248	1624	17	sob	sent_comp	expected	The consultants say the author sobs	0.0014940635301172297	0.0014940635301172297	11.279213905334473	11.279213905334473
3248	gpt2	3249	1625	17	socialize	sent_comp	unexpected	The consultants say the author socialize	0.0055530001761780684	0.0055530001761780684	11.980308055877686	11.980308055877686
3249	gpt2	3250	1625	17	socialize	sent_comp	expected	The consultants say the author socializes	0.07322280345283612	0.07322280345283612	10.119499921798706	10.119499921798706
3250	gpt2	3251	1626	17	sock	sent_comp	unexpected	The consultants say the author sock	4.668821418363223e-08	4.668821418363223e-08	24.35236549377441	24.35236549377441
3251	gpt2	3252	1626	17	sock	sent_comp	expected	The consultants say the author socks	4.0052935190715295e-08	4.0052935190715295e-08	24.573516845703125	24.573516845703125
3252	gpt2	3253	1627	17	soften	sent_comp	unexpected	The consultants say the author soften	3.4303553775316686e-08	3.4303553775316686e-08	24.79706573486328	24.79706573486328
3253	gpt2	3254	1627	17	soften	sent_comp	expected	The consultants say the author softens	0.3565399678485619	0.3565399678485619	9.265600517392159	9.265600517392159
3254	gpt2	3255	1628	17	solicit	sent_comp	unexpected	The consultants say the author solicit	2.31464767352918e-07	2.31464767352918e-07	22.04270362854004	22.04270362854004
3255	gpt2	3256	1628	17	solicit	sent_comp	expected	The consultants say the author solicits	0.029806728248331603	0.029806728248331603	10.383651971817017	10.383651971817017
3256	gpt2	3257	1629	17	solidify	sent_comp	unexpected	The consultants say the author solidify	0.007031222550267541	0.007031222550267541	13.038682460784912	13.038682460784912
3257	gpt2	3258	1629	17	solidify	sent_comp	expected	The consultants say the author solidifies	0.24453343006416614	0.24453343006416614	10.478576123714447	10.478576123714447
3258	gpt2	3259	1630	17	solve	sent_comp	unexpected	The consultants say the author solve	5.163066774116488e-08	5.163066774116488e-08	24.20719718933105	24.20719718933105
3259	gpt2	3260	1630	17	solve	sent_comp	expected	The consultants say the author solves	7.71057511883555e-06	7.71057511883555e-06	16.984729766845703	16.984729766845703
3260	gpt2	3261	1631	17	soothe	sent_comp	unexpected	The consultants say the author soothe	0.0012956246500834797	0.0012956246500834797	11.384093284606934	11.384093284606934
3261	gpt2	3262	1631	17	soothe	sent_comp	expected	The consultants say the author soothes	0.00569962104782458	0.00569962104782458	10.303453207015991	10.303453207015991
3262	gpt2	3263	1632	17	sort	sent_comp	unexpected	The consultants say the author sort	6.882143225084292e-06	6.882143225084292e-06	17.148710250854492	17.148710250854492
3263	gpt2	3264	1632	17	sort	sent_comp	expected	The consultants say the author sorts	1.1871554761455627e-06	1.1871554761455627e-06	19.684059143066406	19.684059143066406
3264	gpt2	3265	1633	17	sound	sent_comp	unexpected	The consultants say the author sound	1.2727188050121183e-06	1.2727188050121183e-06	19.583654403686523	19.583654403686523
3265	gpt2	3266	1633	17	sound	sent_comp	expected	The consultants say the author sounds	2.7595993742579598e-05	2.7595993742579598e-05	15.145181655883787	15.145181655883787
3266	gpt2	3267	1634	17	sour	sent_comp	unexpected	The consultants say the author sour	1.1274669020622241e-07	1.1274669020622241e-07	23.080411911010746	23.080411911010746
3267	gpt2	3268	1634	17	sour	sent_comp	expected	The consultants say the author sours	0.00010896034837056956	0.00010896034837056956	13.544048309326172	13.544048309326172
3268	gpt2	3269	1635	17	sow	sent_comp	unexpected	The consultants say the author sow	7.998666973207946e-08	7.998666973207946e-08	23.575664520263672	23.575664520263672
3269	gpt2	3270	1635	17	sow	sent_comp	expected	The consultants say the author sows	0.02267938697514182	0.02267938697514182	9.550809144973755	9.550809144973755
3270	gpt2	3271	1636	17	spare	sent_comp	unexpected	The consultants say the author spare	6.299549681898498e-07	6.299549681898498e-07	20.59824752807617	20.59824752807617
3271	gpt2	3272	1636	17	spare	sent_comp	expected	The consultants say the author spares	0.036423921865207376	0.036423921865207376	9.927194595336914	9.927194595336914
3272	gpt2	3273	1637	17	spark	sent_comp	unexpected	The consultants say the author spark	1.0615851664397269e-07	1.0615851664397269e-07	23.16727638244629	23.16727638244629
3273	gpt2	3274	1637	17	spark	sent_comp	expected	The consultants say the author sparks	2.442480706577044e-07	2.442480706577044e-07	21.96514892578125	21.96514892578125
3274	gpt2	3275	1638	17	spawn	sent_comp	unexpected	The consultants say the author spawn	2.7692468762552384e-08	2.7692468762552384e-08	25.10593032836914	25.10593032836914
3275	gpt2	3276	1638	17	spawn	sent_comp	expected	The consultants say the author spawns	1.6994637519474057e-07	1.6994637519474057e-07	22.48841667175293	22.48841667175293
3276	gpt2	3277	1639	17	speak	sent_comp	unexpected	The consultants say the author speak	1.0949529496429022e-06	1.0949529496429022e-06	19.80069923400879	19.80069923400879
3277	gpt2	3278	1639	17	speak	sent_comp	expected	The consultants say the author speaks	0.0001650960039114	0.0001650960039114	12.564407348632812	12.564407348632812
3278	gpt2	3279	1640	17	specialize	sent_comp	unexpected	The consultants say the author specialize	1.0705236519470419e-07	1.0705236519470419e-07	23.155179977416992	23.155179977416992
3279	gpt2	3280	1640	17	specialize	sent_comp	expected	The consultants say the author specializes	1.6125241018016823e-05	1.6125241018016823e-05	15.92031955718994	15.92031955718994
3280	gpt2	3281	1641	17	specify	sent_comp	unexpected	The consultants say the author specify	4.9793090539651537e-08	4.9793090539651537e-08	24.25947952270508	24.25947952270508
3281	gpt2	3282	1641	17	specify	sent_comp	expected	The consultants say the author specifies	9.814089025894646e-06	9.814089025894646e-06	16.636714935302734	16.636714935302734
3282	gpt2	3283	1642	17	speculate	sent_comp	unexpected	The consultants say the author speculate	9.48680622059328e-07	9.48680622059328e-07	20.0075740814209	20.0075740814209
3283	gpt2	3284	1642	17	speculate	sent_comp	expected	The consultants say the author speculates	0.49096347252998385	0.49096347252998385	7.467523872852325	7.467523872852325
3284	gpt2	3285	1643	17	speed	sent_comp	unexpected	The consultants say the author speed	8.878910762177838e-07	8.878910762177838e-07	20.10311317443848	20.10311317443848
3285	gpt2	3286	1643	17	speed	sent_comp	expected	The consultants say the author speeds	1.0916331802945931e-06	1.0916331802945931e-06	19.80508041381836	19.80508041381836
3286	gpt2	3287	1644	17	spell	sent_comp	unexpected	The consultants say the author spell	3.880773533637694e-07	3.880773533637694e-07	21.29715156555176	21.29715156555176
3287	gpt2	3288	1644	17	spell	sent_comp	expected	The consultants say the author spells	5.802379746455699e-06	5.802379746455699e-06	17.39492416381836	17.39492416381836
3288	gpt2	3289	1645	17	spend	sent_comp	unexpected	The consultants say the author spend	8.96669826033758e-06	8.96669826033758e-06	16.766992568969727	16.766992568969727
3289	gpt2	3290	1645	17	spend	sent_comp	expected	The consultants say the author spends	0.0007746433257125	0.0007746433257125	10.334179878234863	10.334179878234863
3290	gpt2	3291	1646	17	spill	sent_comp	unexpected	The consultants say the author spill	1.121317225738494e-07	1.121317225738494e-07	23.088302612304688	23.088302612304688
3291	gpt2	3292	1646	17	spill	sent_comp	expected	The consultants say the author spills	8.807797939880402e-07	8.807797939880402e-07	20.114715576171875	20.114715576171875
3292	gpt2	3293	1647	17	spin	sent_comp	unexpected	The consultants say the author spin	1.300223715361426e-07	1.300223715361426e-07	22.874736785888672	22.874736785888672
3293	gpt2	3294	1647	17	spin	sent_comp	expected	The consultants say the author spins	1.2916077594127271e-06	1.2916077594127271e-06	19.562400817871094	19.562400817871094
3294	gpt2	3295	1648	17	split	sent_comp	unexpected	The consultants say the author split	7.981355338415597e-06	7.981355338415597e-06	16.934934616088867	16.934934616088867
3295	gpt2	3296	1648	17	split	sent_comp	expected	The consultants say the author splits	5.972561666567344e-06	5.972561666567344e-06	17.35321807861328	17.35321807861328
3296	gpt2	3297	1649	17	sponsor	sent_comp	unexpected	The consultants say the author sponsor	4.7450748752453364e-07	4.7450748752453364e-07	21.007064819335938	21.007064819335938
3297	gpt2	3298	1649	17	sponsor	sent_comp	expected	The consultants say the author sponsors	2.7533415050129406e-06	2.7533415050129406e-06	18.47038459777832	18.47038459777832
3298	gpt2	3299	1650	17	spotlight	sent_comp	unexpected	The consultants say the author spotlight	8.746592925490404e-07	8.746592925490404e-07	20.124774932861328	20.124774932861328
3299	gpt2	3300	1650	17	spotlight	sent_comp	expected	The consultants say the author spotlights	0.183481311348487	0.183481311348487	9.382118940353394	9.382118940353394
3300	gpt2	3301	1651	17	spot	sent_comp	unexpected	The consultants say the author spot	6.120497801020974e-06	6.120497801020974e-06	17.31791877746582	17.31791877746582
3301	gpt2	3302	1651	17	spot	sent_comp	expected	The consultants say the author spots	2.2410140445572324e-06	2.2410140445572324e-06	18.76741600036621	18.76741600036621
3302	gpt2	3303	1652	17	spread	sent_comp	unexpected	The consultants say the author spread	7.271598860825179e-06	7.271598860825179e-06	17.06929588317871	17.06929588317871
3303	gpt2	3304	1652	17	spread	sent_comp	expected	The consultants say the author spreads	4.273154445399996e-06	4.273154445399996e-06	17.836267471313477	17.836267471313477
3304	gpt2	3305	1653	17	spring	sent_comp	unexpected	The consultants say the author spring	3.21801081781814e-07	3.21801081781814e-07	21.56732749938965	21.56732749938965
3305	gpt2	3306	1653	17	spring	sent_comp	expected	The consultants say the author springs	5.501947839547938e-07	5.501947839547938e-07	20.793554306030277	20.793554306030277
3306	gpt2	3307	1654	17	sprout	sent_comp	unexpected	The consultants say the author sprout	0.007112795164033495	0.007112795164033495	13.747026920318604	13.747026920318604
3307	gpt2	3308	1654	17	sprout	sent_comp	expected	The consultants say the author sprouts	0.03879949045662555	0.03879949045662555	12.523236870765686	12.523236870765686
3308	gpt2	3309	1655	17	spruce	sent_comp	unexpected	The consultants say the author spruce	0.0003582762328732781	0.0003582762328732781	13.275617122650146	13.275617122650146
3309	gpt2	3310	1655	17	spruce	sent_comp	expected	The consultants say the author spruces	0.07974243431090142	0.07974243431090142	8.089135726292929	8.089135726292929
3310	gpt2	3311	1656	17	spurn	sent_comp	unexpected	The consultants say the author spurn	0.010414480511826679	0.010414480511826679	10.830700635910034	10.830700635910034
3311	gpt2	3312	1656	17	spurn	sent_comp	expected	The consultants say the author spurns	0.2579471067219856	0.2579471067219856	7.356885274251302	7.356885274251302
3312	gpt2	3313	1657	17	spur	sent_comp	unexpected	The consultants say the author spur	3.017385807879691e-08	3.017385807879691e-08	24.982126235961918	24.982126235961918
3313	gpt2	3314	1657	17	spur	sent_comp	expected	The consultants say the author spurs	0.002009611391258628	0.002009611391258628	12.019604206085205	12.019604206085205
3314	gpt2	3315	1658	17	spy	sent_comp	unexpected	The consultants say the author spy	3.621945836584928e-07	3.621945836584928e-07	21.396732330322266	21.396732330322266
3315	gpt2	3316	1658	17	spy	sent_comp	expected	The consultants say the author spies	7.767637839606323e-07	7.767637839606323e-07	20.2960205078125	20.2960205078125
3316	gpt2	3317	1659	17	square	sent_comp	unexpected	The consultants say the author square	1.143118169011359e-07	1.143118169011359e-07	23.060522079467773	23.060522079467773
3317	gpt2	3318	1659	17	square	sent_comp	expected	The consultants say the author squares	1.687782997805698e-07	1.687782997805698e-07	22.498367309570312	22.498367309570312
3318	gpt2	3319	1660	17	squeeze	sent_comp	unexpected	The consultants say the author squeeze	3.05356991248118e-07	3.05356991248118e-07	21.64299964904785	21.64299964904785
3319	gpt2	3320	1660	17	squeeze	sent_comp	expected	The consultants say the author squeezes	0.49704615815193165	0.49704615815193165	9.58746149810031	9.58746149810031
3320	gpt2	3321	1661	18	stabilize	sent_comp	unexpected	The farmers say the senator stabilize	1.259090720573397e-09	1.259090720573397e-09	29.56497001647949	29.56497001647949
3321	gpt2	3322	1661	18	stabilize	sent_comp	expected	The farmers say the senator stabilizes	0.18053698157663686	0.18053698157663686	11.160204291343689	11.160204291343689
3322	gpt2	3323	1662	18	stack	sent_comp	unexpected	The farmers say the senator stack	1.730465868376996e-07	1.730465868376996e-07	22.46233558654785	22.46233558654785
3323	gpt2	3324	1662	18	stack	sent_comp	expected	The farmers say the senator stacks	4.141162207815796e-06	4.141162207815796e-06	17.881532669067383	17.881532669067383
3324	gpt2	3325	1663	18	staff	sent_comp	unexpected	The farmers say the senator staff	1.283856818190543e-05	1.283856818190543e-05	16.249156951904297	16.249156951904297
3325	gpt2	3326	1663	18	staff	sent_comp	expected	The farmers say the senator staffs	0.022836899993762903	0.022836899993762903	10.351026058197021	10.351026058197021
3326	gpt2	3327	1664	18	stage	sent_comp	unexpected	The farmers say the senator stage	1.0092760476254623e-06	1.0092760476254623e-06	19.91824722290039	19.91824722290039
3327	gpt2	3328	1664	18	stage	sent_comp	expected	The farmers say the senator stages	1.0734593161032535e-06	1.0734593161032535e-06	19.829301834106445	19.829301834106445
3328	gpt2	3329	1665	18	stain	sent_comp	unexpected	The farmers say the senator stain	7.364835408196768e-09	7.364835408196768e-09	27.016698837280277	27.016698837280277
3329	gpt2	3330	1665	18	stain	sent_comp	expected	The farmers say the senator stains	2.4896758077375125e-07	2.4896758077375125e-07	21.937538146972656	21.937538146972656
3330	gpt2	3331	1666	18	stall	sent_comp	unexpected	The farmers say the senator stall	1.7142113506452008e-07	1.7142113506452008e-07	22.4759521484375	22.4759521484375
3331	gpt2	3332	1666	18	stall	sent_comp	expected	The farmers say the senator stalls	7.928609875307302e-07	7.928609875307302e-07	20.26642799377441	20.26642799377441
3332	gpt2	3333	1667	18	stampede	sent_comp	unexpected	The farmers say the senator stampede	0.06782797605484345	0.06782797605484345	11.328115940093994	11.328115940093994
3333	gpt2	3334	1667	18	stampede	sent_comp	expected	The farmers say the senator stampedes	0.057847588069137146	0.057847588069137146	11.442928791046143	11.442928791046143
3334	gpt2	3335	1668	18	stamp	sent_comp	unexpected	The farmers say the senator stamp	3.095687191034813e-07	3.095687191034813e-07	21.62323760986328	21.62323760986328
3335	gpt2	3336	1668	18	stamp	sent_comp	expected	The farmers say the senator stamps	1.474201781093143e-06	1.474201781093143e-06	19.37163543701172	19.37163543701172
3336	gpt2	3337	1669	18	stanch	sent_comp	unexpected	The farmers say the senator stanch	0.00019380004232515	0.00019380004232515	12.384933948516846	12.384933948516846
3337	gpt2	3338	1669	18	stanch	sent_comp	expected	The farmers say the senator stanches	0.0002685318831936	0.0002685318831936	12.04116678237915	12.04116678237915
3338	gpt2	3339	1670	18	standardize	sent_comp	unexpected	The farmers say the senator standardize	0.0005133905390266112	0.0005133905390266112	15.323371887207033	15.323371887207033
3339	gpt2	3340	1670	18	standardize	sent_comp	expected	The farmers say the senator standardizes	0.021619058406258763	0.021619058406258763	12.624922513961794	12.624922513961794
3340	gpt2	3341	1671	18	stand	sent_comp	unexpected	The farmers say the senator stand	1.2586406228365377e-05	1.2586406228365377e-05	16.277774810791016	16.277774810791016
3341	gpt2	3342	1671	18	stand	sent_comp	expected	The farmers say the senator stands	0.0003938015142921	0.0003938015142921	11.310243606567385	11.310243606567385
3342	gpt2	3343	1672	18	start	sent_comp	unexpected	The farmers say the senator start	1.2427668707459816e-06	1.2427668707459816e-06	19.618013381958008	19.618013381958008
3343	gpt2	3344	1672	18	start	sent_comp	expected	The farmers say the senator starts	2.3113236238714308e-05	2.3113236238714308e-05	15.400920867919922	15.400920867919922
3344	gpt2	3345	1673	18	star	sent_comp	unexpected	The farmers say the senator star	6.586652716578101e-07	6.586652716578101e-07	20.533950805664062	20.533950805664062
3345	gpt2	3346	1673	18	star	sent_comp	expected	The farmers say the senator stars	4.665934909553471e-07	4.665934909553471e-07	21.031330108642575	21.031330108642575
3346	gpt2	3347	1674	18	starve	sent_comp	unexpected	The farmers say the senator starve	9.680523938015996e-09	9.680523938015996e-09	26.62226676940918	26.62226676940918
3347	gpt2	3348	1674	18	starve	sent_comp	expected	The farmers say the senator starves	0.414772512035654	0.414772512035654	10.401779890060425	10.401779890060425
3348	gpt2	3349	1675	18	stash	sent_comp	unexpected	The farmers say the senator stash	4.1723676957872164e-08	4.1723676957872164e-08	24.514558792114254	24.514558792114254
3349	gpt2	3350	1675	18	stash	sent_comp	expected	The farmers say the senator stashes	0.00146015859354515	0.00146015859354515	10.632901191711426	10.632901191711426
3350	gpt2	3351	1676	18	state	sent_comp	unexpected	The farmers say the senator state	8.177767995221075e-06	8.177767995221075e-06	16.89986228942871	16.89986228942871
3351	gpt2	3352	1676	18	state	sent_comp	expected	The farmers say the senator states	3.708025542437099e-05	3.708025542437099e-05	14.718989372253418	14.718989372253418
3352	gpt2	3353	1677	18	stave	sent_comp	unexpected	The farmers say the senator stave	0.00134714830346635	0.00134714830346635	10.694127082824707	10.694127082824707
3353	gpt2	3354	1677	18	stave	sent_comp	expected	The farmers say the senator staves	0.0008462181795039001	0.0008462181795039001	11.053832054138184	11.053832054138184
3354	gpt2	3355	1678	18	stay	sent_comp	unexpected	The farmers say the senator stay	6.643987262577866e-07	6.643987262577866e-07	20.521448135375977	20.521448135375977
3355	gpt2	3356	1678	18	stay	sent_comp	expected	The farmers say the senator stays	1.1809860552602912e-05	1.1809860552602912e-05	16.369647979736328	16.369647979736328
3356	gpt2	3357	1679	18	steal	sent_comp	unexpected	The farmers say the senator steal	1.4101531178312143e-06	1.4101531178312143e-06	19.43571662902832	19.43571662902832
3357	gpt2	3358	1679	18	steal	sent_comp	expected	The farmers say the senator steals	1.136956962000113e-05	1.136956962000113e-05	16.424463272094727	16.424463272094727
3358	gpt2	3359	1680	18	steer	sent_comp	unexpected	The farmers say the senator steer	1.7927401074757657e-07	1.7927401074757657e-07	22.41132926940918	22.41132926940918
3359	gpt2	3360	1680	18	steer	sent_comp	expected	The farmers say the senator steers	0.41570957626731797	0.41570957626731797	9.081970155239105	9.081970155239105
3360	gpt2	3361	1681	18	stem	sent_comp	unexpected	The farmers say the senator stem	2.2240651276206338e-07	2.2240651276206338e-07	22.100297927856445	22.100297927856445
3361	gpt2	3362	1681	18	stem	sent_comp	expected	The farmers say the senator stems	3.6531409932649694e-06	3.6531409932649694e-06	18.06243133544922	18.06243133544922
3362	gpt2	3363	1682	18	step	sent_comp	unexpected	The farmers say the senator step	5.7311281125294045e-06	5.7311281125294045e-06	17.412750244140625	17.412750244140625
3363	gpt2	3364	1682	18	step	sent_comp	expected	The farmers say the senator steps	2.04278840101324e-05	2.04278840101324e-05	15.579100608825684	15.579100608825684
3364	gpt2	3365	1683	18	sterilize	sent_comp	unexpected	The farmers say the senator sterilize	0.0046541886155750875	0.0046541886155750875	13.85290861129761	13.85290861129761
3365	gpt2	3366	1683	18	sterilize	sent_comp	expected	The farmers say the senator sterilizes	0.18618024091546204	0.18618024091546204	11.191858291625978	11.191858291625978
3366	gpt2	3367	1684	18	stick	sent_comp	unexpected	The farmers say the senator stick	3.4163545592491573e-07	3.4163545592491573e-07	21.48103904724121	21.48103904724121
3367	gpt2	3368	1684	18	stick	sent_comp	expected	The farmers say the senator sticks	1.5251644981617574e-05	1.5251644981617574e-05	16.000675201416016	16.000675201416016
3368	gpt2	3369	1685	18	stifle	sent_comp	unexpected	The farmers say the senator stifle	0.00133061255473875	0.00133061255473875	10.703537940979004	10.703537940979004
3369	gpt2	3370	1685	18	stifle	sent_comp	expected	The farmers say the senator stifles	0.035038642330619	0.035038642330619	8.305835485458374	8.305835485458374
3370	gpt2	3371	1686	18	stimulate	sent_comp	unexpected	The farmers say the senator stimulate	4.303513545522719e-09	4.303513545522719e-09	27.791837692260746	27.791837692260746
3371	gpt2	3372	1686	18	stimulate	sent_comp	expected	The farmers say the senator stimulates	6.932202154530387e-07	6.932202154530387e-07	20.460182189941406	20.460182189941406
3372	gpt2	3373	1687	18	stipulate	sent_comp	unexpected	The farmers say the senator stipulate	0.0045777435843774505	0.0045777435843774505	12.037632465362549	12.037632465362549
3373	gpt2	3374	1687	18	stipulate	sent_comp	expected	The farmers say the senator stipulates	0.08493716991142715	0.08493716991142715	9.930327653884888	9.930327653884888
3374	gpt2	3375	1688	18	stir	sent_comp	unexpected	The farmers say the senator stir	3.60785452357959e-06	3.60785452357959e-06	18.080427169799805	18.080427169799805
3375	gpt2	3376	1688	18	stir	sent_comp	expected	The farmers say the senator stirs	0.4603154221103978	0.4603154221103978	9.099869076162577	9.099869076162577
3376	gpt2	3377	1689	18	stockpile	sent_comp	unexpected	The farmers say the senator stockpile	3.175114571263293e-08	3.175114571263293e-08	24.908615112304688	24.908615112304688
3377	gpt2	3378	1689	18	stockpile	sent_comp	expected	The farmers say the senator stockpiles	0.26326894240332877	0.26326894240332877	9.251034408807755	9.251034408807755
3378	gpt2	3379	1690	18	stock	sent_comp	unexpected	The farmers say the senator stock	8.666649478072941e-07	8.666649478072941e-07	20.13802146911621	20.13802146911621
3379	gpt2	3380	1690	18	stock	sent_comp	expected	The farmers say the senator stocks	7.302004974008014e-07	7.302004974008014e-07	20.385204315185547	20.385204315185547
3380	gpt2	3381	1691	18	stomach	sent_comp	unexpected	The farmers say the senator stomach	4.64724763560298e-07	4.64724763560298e-07	21.0371208190918	21.0371208190918
3381	gpt2	3382	1691	18	stomach	sent_comp	expected	The farmers say the senator stomaches	0.029186313802104735	0.029186313802104735	7.9442769686381025	7.9442769686381025
3382	gpt2	3383	1692	18	stop	sent_comp	unexpected	The farmers say the senator stop	9.336912967228272e-07	9.336912967228272e-07	20.03055191040039	20.03055191040039
3383	gpt2	3384	1692	18	stop	sent_comp	expected	The farmers say the senator stops	1.0291473699908238e-05	1.0291473699908238e-05	16.568191528320312	16.568191528320312
3384	gpt2	3385	1693	18	store	sent_comp	unexpected	The farmers say the senator store	2.4402734766226786e-07	2.4402734766226786e-07	21.966453552246094	21.966453552246094
3385	gpt2	3386	1693	18	store	sent_comp	expected	The farmers say the senator stores	1.5453273363164044e-06	1.5453273363164044e-06	19.30365562438965	19.30365562438965
3386	gpt2	3387	1694	18	strafe	sent_comp	unexpected	The farmers say the senator strafe	0.014844814939721097	0.014844814939721097	14.01836633682251	14.01836633682251
3387	gpt2	3388	1694	18	strafe	sent_comp	expected	The farmers say the senator strafes	0.3186920077122863	0.3186920077122863	10.67746335764726	10.67746335764726
3388	gpt2	3389	1695	18	straighten	sent_comp	unexpected	The farmers say the senator straighten	0.008175740132173807	0.008175740132173807	10.955236196517944	10.955236196517944
3389	gpt2	3390	1695	18	straighten	sent_comp	expected	The farmers say the senator straightens	0.011462743507763657	0.011462743507763657	10.711273908615112	10.711273908615112
3390	gpt2	3391	1696	18	strain	sent_comp	unexpected	The farmers say the senator strain	8.589667999103767e-08	8.589667999103767e-08	23.47282218933105	23.47282218933105
3391	gpt2	3392	1696	18	strain	sent_comp	expected	The farmers say the senator strains	1.2376101494737668e-06	1.2376101494737668e-06	19.624011993408203	19.624011993408203
3392	gpt2	3393	1697	18	stray	sent_comp	unexpected	The farmers say the senator stray	1.4014915450388798e-07	1.4014915450388798e-07	22.76653289794922	22.76653289794922
3393	gpt2	3394	1697	18	stray	sent_comp	expected	The farmers say the senator strays	0.03172112247648326	0.03172112247648326	9.925728440284729	9.925728440284729
3394	gpt2	3395	1698	18	streamline	sent_comp	unexpected	The farmers say the senator streamline	0.012461840916174045	0.012461840916174045	13.198418140411377	13.198418140411377
3395	gpt2	3396	1698	18	streamline	sent_comp	expected	The farmers say the senator streamlines	0.17446346934487164	0.17446346934487164	11.294737875461578	11.294737875461578
3396	gpt2	3397	1699	18	streetspeak	sent_comp	unexpected	The farmers say the senator streetspeak	2.2167223653113407e-05	2.2167223653113407e-05	19.456779956817627	19.456779956817627
3397	gpt2	3398	1699	18	streetspeak	sent_comp	expected	The farmers say the senator streetspeaks	0.04239693063097975	0.04239693063097975	13.346569299697876	13.346569299697876
3398	gpt2	3399	1700	18	strengthen	sent_comp	unexpected	The farmers say the senator strengthen	7.23488184917187e-08	7.23488184917187e-08	23.72045516967773	23.72045516967773
3399	gpt2	3400	1700	18	strengthen	sent_comp	expected	The farmers say the senator strengthens	1.8808632376021703e-06	1.8808632376021703e-06	19.020174026489254	19.020174026489254
3400	gpt2	3401	1701	18	stress	sent_comp	unexpected	The farmers say the senator stress	1.9060856857322504e-06	1.9060856857322504e-06	19.00095558166504	19.00095558166504
3401	gpt2	3402	1701	18	stress	sent_comp	expected	The farmers say the senator stresses	1.553466972836759e-05	1.553466972836759e-05	15.974148750305176	15.974148750305176
3402	gpt2	3403	1702	18	stretch	sent_comp	unexpected	The farmers say the senator stretch	5.014838961869827e-07	5.014838961869827e-07	20.92729377746582	20.92729377746582
3403	gpt2	3404	1702	18	stretch	sent_comp	expected	The farmers say the senator stretches	1.6626063370495103e-06	1.6626063370495103e-06	19.198122024536133	19.198122024536133
3404	gpt2	3405	1703	18	strike	sent_comp	unexpected	The farmers say the senator strike	1.156875896413112e-06	1.156875896413112e-06	19.72133445739746	19.72133445739746
3405	gpt2	3406	1703	18	strike	sent_comp	expected	The farmers say the senator strikes	1.6007383237592876e-05	1.6007383237592876e-05	15.930902481079102	15.930902481079102
3406	gpt2	3407	1704	18	strip	sent_comp	unexpected	The farmers say the senator strip	9.91599108601804e-07	9.91599108601804e-07	19.94373893737793	19.94373893737793
3407	gpt2	3408	1704	18	strip	sent_comp	expected	The farmers say the senator strips	3.986955107393442e-06	3.986955107393442e-06	17.936281204223633	17.936281204223633
3408	gpt2	3409	1705	18	stroll	sent_comp	unexpected	The farmers say the senator stroll	3.9310600641329074e-07	3.9310600641329074e-07	21.27857780456543	21.27857780456543
3409	gpt2	3410	1705	18	stroll	sent_comp	expected	The farmers say the senator strolls	0.4930444239146823	0.4930444239146823	10.649394428357482	10.649394428357482
3410	gpt2	3411	1706	18	structure	sent_comp	unexpected	The farmers say the senator structure	3.1792703225619334e-07	3.1792703225619334e-07	21.584800720214844	21.584800720214844
3411	gpt2	3412	1706	18	structure	sent_comp	expected	The farmers say the senator structures	1.0384815141151194e-06	1.0384815141151194e-06	19.877092361450195	19.877092361450195
3412	gpt2	3413	1707	18	struggle	sent_comp	unexpected	The farmers say the senator struggle	6.773788072678144e-07	6.773788072678144e-07	20.49353408813477	20.49353408813477
3413	gpt2	3414	1707	18	struggle	sent_comp	expected	The farmers say the senator struggles	2.8994916647206992e-05	2.8994916647206992e-05	15.073840141296388	15.073840141296388
3414	gpt2	3415	1708	18	study	sent_comp	unexpected	The farmers say the senator study	2.735959867550264e-07	2.735959867550264e-07	21.801448822021484	21.801448822021484
3415	gpt2	3416	1708	18	study	sent_comp	expected	The farmers say the senator studies	4.782293672178639e-06	4.782293672178639e-06	17.673866271972656	17.673866271972656
3416	gpt2	3417	1709	18	stumble	sent_comp	unexpected	The farmers say the senator stumble	3.295883743703598e-08	3.295883743703598e-08	24.854759216308597	24.854759216308597
3417	gpt2	3418	1709	18	stumble	sent_comp	expected	The farmers say the senator stumbles	0.043689552439900546	0.043689552439900546	8.14637315273285	8.14637315273285
3418	gpt2	3419	1710	18	subcontract	sent_comp	unexpected	The farmers say the senator subcontract	1.8849284799671292e-08	1.8849284799671292e-08	25.66091537475586	25.66091537475586
3419	gpt2	3420	1710	18	subcontract	sent_comp	expected	The farmers say the senator subcontracts	0.19889428663964634	0.19889428663964634	13.49542087316513	13.49542087316513
3420	gpt2	3421	1711	18	subject	sent_comp	unexpected	The farmers say the senator subject	2.3212098767544376e-06	2.3212098767544376e-06	18.716691970825195	18.716691970825195
3421	gpt2	3422	1711	18	subject	sent_comp	expected	The farmers say the senator subjects	6.049973535482422e-07	6.049973535482422e-07	20.65656852722168	20.65656852722168
3422	gpt2	3423	1712	18	sublet	sent_comp	unexpected	The farmers say the senator sublet	0.0009681136129984027	0.0009681136129984027	12.65540361404419	12.65540361404419
3423	gpt2	3424	1712	18	sublet	sent_comp	expected	The farmers say the senator sublets	0.0004822409086955027	0.0004822409086955027	13.162848472595215	13.162848472595215
3424	gpt2	3425	1713	18	submit	sent_comp	unexpected	The farmers say the senator submit	8.23028187824093e-08	8.23028187824093e-08	23.534482955932617	23.534482955932617
3425	gpt2	3426	1713	18	submit	sent_comp	expected	The farmers say the senator submits	0.22687077634191155	0.22687077634191155	8.71451586484909	8.71451586484909
3426	gpt2	3427	1714	18	subordinate	sent_comp	unexpected	The farmers say the senator subordinate	2.8614170588525667e-08	2.8614170588525667e-08	25.05869483947754	25.05869483947754
3427	gpt2	3428	1714	18	subordinate	sent_comp	expected	The farmers say the senator subordinates	7.446964644941545e-08	7.446964644941545e-08	23.67877197265625	23.67877197265625
3428	gpt2	3429	1715	18	subpoena	sent_comp	unexpected	The farmers say the senator subpoena	1.52864615188264e-07	1.52864615188264e-07	22.64124298095703	22.64124298095703
3429	gpt2	3430	1715	18	subpoena	sent_comp	expected	The farmers say the senator subpoenas	0.026325940769765983	0.026325940769765983	10.84463357925415	10.84463357925415
3430	gpt2	3431	1716	18	subscribe	sent_comp	unexpected	The farmers say the senator subscribe	8.851184674085745e-08	8.851184674085745e-08	23.429553985595703	23.429553985595703
3431	gpt2	3432	1716	18	subscribe	sent_comp	expected	The farmers say the senator subscribes	0.4984789373049808	0.4984789373049808	8.727943184319884	8.727943184319884
3432	gpt2	3433	1717	18	subsidize	sent_comp	unexpected	The farmers say the senator subsidize	0.011365959739350685	0.011365959739350685	11.309525728225708	11.309525728225708
3433	gpt2	3434	1717	18	subsidize	sent_comp	expected	The farmers say the senator subsidizes	0.3005670489203567	0.3005670489203567	8.946869313716888	8.946869313716888
3434	gpt2	3435	1718	18	substantiate	sent_comp	unexpected	The farmers say the senator substantiate	0.017705720417438887	0.017705720417438887	11.751990795135498	11.751990795135498
3435	gpt2	3436	1718	18	substantiate	sent_comp	expected	The farmers say the senator substantiates	0.18740830806666509	0.18740830806666509	10.049998223781586	10.049998223781586
3436	gpt2	3437	1719	18	substitute	sent_comp	unexpected	The farmers say the senator substitute	1.891720415869713e-07	1.891720415869713e-07	22.333797454833984	22.333797454833984
3437	gpt2	3438	1719	18	substitute	sent_comp	expected	The farmers say the senator substitutes	3.763053939564998e-07	3.763053939564998e-07	21.34159278869629	21.34159278869629
3438	gpt2	3439	1720	18	subtract	sent_comp	unexpected	The farmers say the senator subtract	3.090424627316679e-07	3.090424627316679e-07	21.62569236755371	21.62569236755371
3439	gpt2	3440	1720	18	subtract	sent_comp	expected	The farmers say the senator subtracts	0.467271363284354	0.467271363284354	10.861680146306753	10.861680146306753
3440	gpt2	3441	1721	18	subvert	sent_comp	unexpected	The farmers say the senator subvert	0.0032102460522764526	0.0032102460522764526	11.787422180175781	11.787422180175781
3441	gpt2	3442	1721	18	subvert	sent_comp	expected	The farmers say the senator subverts	0.03216860927796005	0.03216860927796005	10.123708724975586	10.123708724975586
3442	gpt2	3443	1722	18	succeed	sent_comp	unexpected	The farmers say the senator succeed	3.532689447638404e-07	3.532689447638404e-07	21.432729721069336	21.432729721069336
3443	gpt2	3444	1722	18	succeed	sent_comp	expected	The farmers say the senator succeeds	1.1004557563865092e-05	1.1004557563865092e-05	16.471538543701172	16.471538543701172
3444	gpt2	3445	1723	18	sue	sent_comp	unexpected	The farmers say the senator sue	3.8140566260835846e-08	3.8140566260835846e-08	24.64409828186035	24.64409828186035
3445	gpt2	3446	1723	18	sue	sent_comp	expected	The farmers say the senator sues	0.36729987475405323	0.36729987475405323	9.130834326148033	9.130834326148033
3446	gpt2	3447	1724	18	suffer	sent_comp	unexpected	The farmers say the senator suffer	2.279344926137128e-07	2.279344926137128e-07	22.064876556396484	22.064876556396484
3447	gpt2	3448	1724	18	suffer	sent_comp	expected	The farmers say the senator suffers	6.262298848014325e-05	6.262298848014325e-05	13.962947845458984	13.962947845458984
3448	gpt2	3449	1725	18	suffice	sent_comp	unexpected	The farmers say the senator suffice	1.6427975424448963e-08	1.6427975424448963e-08	25.859270095825195	25.859270095825195
3449	gpt2	3450	1725	18	suffice	sent_comp	expected	The farmers say the senator suffices	0.059520444405791254	0.059520444405791254	11.218254446983337	11.218254446983337
3450	gpt2	3451	1726	18	suggest	sent_comp	unexpected	The farmers say the senator suggest	4.2701399252109695e-06	4.2701399252109695e-06	17.8372859954834	17.8372859954834
3451	gpt2	3452	1726	18	suggest	sent_comp	expected	The farmers say the senator suggests	0.0001371887774439	0.0001371887774439	12.831549644470217	12.831549644470217
3452	gpt2	3453	1727	18	suit	sent_comp	unexpected	The farmers say the senator suit	4.63535002381832e-07	4.63535002381832e-07	21.04081916809082	21.04081916809082
3453	gpt2	3454	1727	18	suit	sent_comp	expected	The farmers say the senator suits	3.4995214264199603e-06	3.4995214264199603e-06	18.12441062927246	18.12441062927246
3454	gpt2	3455	1728	18	summarize	sent_comp	unexpected	The farmers say the senator summarize	2.109522512228068e-08	2.109522512228068e-08	25.49850845336914	25.49850845336914
3455	gpt2	3456	1728	18	summarize	sent_comp	expected	The farmers say the senator summarizes	1.1366918215571786e-06	1.1366918215571786e-06	19.746726989746094	19.746726989746094
3456	gpt2	3457	1729	18	summon	sent_comp	unexpected	The farmers say the senator summon	3.02465750223746e-08	3.02465750223746e-08	24.97865295410156	24.97865295410156
3457	gpt2	3458	1729	18	summon	sent_comp	expected	The farmers say the senator summons	1.269320023311593e-06	1.269320023311593e-06	19.587512969970703	19.587512969970703
3458	gpt2	3459	1730	18	sum	sent_comp	unexpected	The farmers say the senator sum	9.51518472902535e-07	9.51518472902535e-07	20.00326538085937	20.00326538085937
3459	gpt2	3460	1730	18	sum	sent_comp	expected	The farmers say the senator sums	2.083587423840072e-05	2.083587423840072e-05	15.550570487976074	15.550570487976074
3460	gpt2	3461	1731	18	supersede	sent_comp	unexpected	The farmers say the senator supersede	0.006522103017346098	0.006522103017346098	14.964049816131594	14.964049816131594
3461	gpt2	3462	1731	18	supersede	sent_comp	expected	The farmers say the senator supersedes	0.6186696033453245	0.6186696033453245	6.226123608493556	6.226123608493556
3462	gpt2	3463	1732	18	supervise	sent_comp	unexpected	The farmers say the senator supervise	0.0012113733803431543	0.0012113733803431543	15.021355152130127	15.021355152130127
3463	gpt2	3464	1732	18	supervise	sent_comp	expected	The farmers say the senator supervises	0.4585893828309651	0.4585893828309651	10.73903675377369	10.73903675377369
3464	gpt2	3465	1733	18	supplement	sent_comp	unexpected	The farmers say the senator supplement	3.32280961856668e-07	3.32280961856668e-07	21.521093368530277	21.521093368530277
3465	gpt2	3466	1733	18	supplement	sent_comp	expected	The farmers say the senator supplements	4.364804681245005e-06	4.364804681245005e-06	17.80565071105957	17.80565071105957
3466	gpt2	3467	1734	18	supply	sent_comp	unexpected	The farmers say the senator supply	1.113898633775534e-06	1.113898633775534e-06	19.775951385498047	19.775951385498047
3467	gpt2	3468	1734	18	supply	sent_comp	expected	The farmers say the senator supplies	1.7395082977600396e-05	1.7395082977600396e-05	15.81096076965332	15.81096076965332
3468	gpt2	3469	1735	18	support	sent_comp	unexpected	The farmers say the senator support	2.2116981199360453e-05	2.2116981199360453e-05	15.464486122131348	15.464486122131348
3469	gpt2	3470	1735	18	support	sent_comp	expected	The farmers say the senator supports	0.0011189981596544	0.0011189981596544	9.803576469421388	9.803576469421388
3470	gpt2	3471	1736	18	suppose	sent_comp	unexpected	The farmers say the senator suppose	2.101016747246831e-07	2.101016747246831e-07	22.182409286499023	22.182409286499023
3471	gpt2	3472	1736	18	suppose	sent_comp	expected	The farmers say the senator supposes	0.12237663672829055	0.12237663672829055	10.203763246536255	10.203763246536255
3472	gpt2	3473	1737	18	suppress	sent_comp	unexpected	The farmers say the senator suppress	1.3817017929795838e-07	1.3817017929795838e-07	22.787050247192383	22.787050247192383
3473	gpt2	3474	1737	18	suppress	sent_comp	expected	The farmers say the senator suppresses	0.3345146264281311	0.3345146264281311	9.478387176990509	9.478387176990509
3474	gpt2	3475	1738	18	surface	sent_comp	unexpected	The farmers say the senator surface	1.858431915024994e-07	1.858431915024994e-07	22.359411239624023	22.359411239624023
3475	gpt2	3476	1738	18	surface	sent_comp	expected	The farmers say the senator surfaces	4.0060862716018164e-07	4.0060862716018164e-07	21.25130271911621	21.25130271911621
3476	gpt2	3477	1739	18	surge	sent_comp	unexpected	The farmers say the senator surge	1.2544020933091818e-07	1.2544020933091818e-07	22.926496505737305	22.926496505737305
3477	gpt2	3478	1739	18	surge	sent_comp	expected	The farmers say the senator surges	4.5877123966420186e-07	4.5877123966420186e-07	21.055721282958984	21.055721282958984
3478	gpt2	3479	1740	18	surpass	sent_comp	unexpected	The farmers say the senator surpass	7.85677229941939e-07	7.85677229941939e-07	20.279560089111328	20.279560089111328
3479	gpt2	3480	1740	18	surpass	sent_comp	expected	The farmers say the senator surpasses	0.45216391031374314	0.45216391031374314	10.212321802973747	10.212321802973747
3480	gpt2	3481	1741	18	surprise	sent_comp	unexpected	The farmers say the senator surprise	4.094928556241939e-07	4.094928556241939e-07	21.21965789794922	21.21965789794922
3481	gpt2	3482	1741	18	surprise	sent_comp	expected	The farmers say the senator surprises	2.4617136205051797e-06	2.4617136205051797e-06	18.63190460205078	18.63190460205078
3482	gpt2	3483	1742	18	surrender	sent_comp	unexpected	The farmers say the senator surrender	4.579529218062817e-07	4.579529218062817e-07	21.058298110961918	21.058298110961918
3483	gpt2	3484	1742	18	surrender	sent_comp	expected	The farmers say the senator surrenders	0.6195170186677691	0.6195170186677691	5.634088227408938	5.634088227408938
3484	gpt2	3485	1743	18	survey	sent_comp	unexpected	The farmers say the senator survey	3.4008033367172175e-07	3.4008033367172175e-07	21.487621307373047	21.487621307373047
3485	gpt2	3486	1743	18	survey	sent_comp	expected	The farmers say the senator surveys	3.1085280625120504e-06	3.1085280625120504e-06	18.295337677001957	18.295337677001957
3486	gpt2	3487	1744	18	survive	sent_comp	unexpected	The farmers say the senator survive	3.991063479702461e-08	3.991063479702461e-08	24.578651428222656	24.578651428222656
3487	gpt2	3488	1744	18	survive	sent_comp	expected	The farmers say the senator survives	1.047521209329716e-06	1.047521209329716e-06	19.86458969116211	19.86458969116211
3488	gpt2	3489	1745	18	suspect	sent_comp	unexpected	The farmers say the senator suspect	4.691334197559627e-06	4.691334197559627e-06	17.701570510864258	17.701570510864258
3489	gpt2	3490	1745	18	suspect	sent_comp	expected	The farmers say the senator suspects	3.969187309849076e-05	3.969187309849076e-05	14.620797157287598	14.620797157287598
3490	gpt2	3491	1746	18	suspend	sent_comp	unexpected	The farmers say the senator suspend	3.5979585533141296e-08	3.5979585533141296e-08	24.728246688842773	24.728246688842773
3491	gpt2	3492	1746	18	suspend	sent_comp	expected	The farmers say the senator suspends	0.49760240319068316	0.49760240319068316	10.710878405952826	10.710878405952826
3492	gpt2	3493	1747	18	sustain	sent_comp	unexpected	The farmers say the senator sustain	1.0803736927300633e-07	1.0803736927300633e-07	23.141965866088867	23.141965866088867
3493	gpt2	3494	1747	18	sustain	sent_comp	expected	The farmers say the senator sustains	0.498001078044922	0.498001078044922	9.19099925016053	9.19099925016053
3494	gpt2	3495	1748	18	swallow	sent_comp	unexpected	The farmers say the senator swallow	9.815174450977793e-08	9.815174450977793e-08	23.28041076660156	23.28041076660156
3495	gpt2	3496	1748	18	swallow	sent_comp	expected	The farmers say the senator swallows	0.4969111609902371	0.4969111609902371	9.852160536218435	9.852160536218435
3496	gpt2	3497	1749	18	swamp	sent_comp	unexpected	The farmers say the senator swamp	2.531932921101543e-07	2.531932921101543e-07	21.913257598876957	21.913257598876957
3497	gpt2	3498	1749	18	swamp	sent_comp	expected	The farmers say the senator swamps	0.00032876864133863477	0.00032876864133863477	12.854204654693604	12.854204654693604
3498	gpt2	3499	1750	18	swap	sent_comp	unexpected	The farmers say the senator swap	2.1411320005881865e-07	2.1411320005881865e-07	22.155122756958008	22.155122756958008
3499	gpt2	3500	1750	18	swap	sent_comp	expected	The farmers say the senator swaps	3.859263983940764e-07	3.859263983940764e-07	21.3051700592041	21.3051700592041
3500	gpt2	3501	1751	18	sway	sent_comp	unexpected	The farmers say the senator sway	4.010354004435612e-08	4.010354004435612e-08	24.57169532775879	24.57169532775879
3501	gpt2	3502	1751	18	sway	sent_comp	expected	The farmers say the senator sways	0.0029729280122409835	0.0029729280122409835	11.065813779830933	11.065813779830933
3502	gpt2	3503	1752	18	swear	sent_comp	unexpected	The farmers say the senator swear	3.215225490293961e-07	3.215225490293961e-07	21.56857681274414	21.56857681274414
3503	gpt2	3504	1752	18	swear	sent_comp	expected	The farmers say the senator swears	0.34386947318853345	0.34386947318853345	7.806389898061752	7.806389898061752
3504	gpt2	3505	1753	18	sweat	sent_comp	unexpected	The farmers say the senator sweat	2.1648014580932798e-07	2.1648014580932798e-07	22.13926124572754	22.13926124572754
3505	gpt2	3506	1753	18	sweat	sent_comp	expected	The farmers say the senator sweats	8.327326099788479e-07	8.327326099788479e-07	20.19564247131348	20.19564247131348
3506	gpt2	3507	1754	18	sweeten	sent_comp	unexpected	The farmers say the senator sweeten	0.0181295194618087	0.0181295194618087	11.427722215652466	11.427722215652466
3507	gpt2	3508	1754	18	sweeten	sent_comp	expected	The farmers say the senator sweetens	0.17716208034676129	0.17716208034676129	9.783328592777252	9.783328592777252
3508	gpt2	3509	1755	18	swell	sent_comp	unexpected	The farmers say the senator swell	3.9998731438117836e-08	3.9998731438117836e-08	24.575469970703125	24.575469970703125
3509	gpt2	3510	1755	18	swell	sent_comp	expected	The farmers say the senator swells	0.0010829769162227847	0.0010829769162227847	11.971446514129639	11.971446514129639
3510	gpt2	3511	1756	18	swing	sent_comp	unexpected	The farmers say the senator swing	1.809187182288952e-07	1.809187182288952e-07	22.398155212402344	22.398155212402344
3511	gpt2	3512	1756	18	swing	sent_comp	expected	The farmers say the senator swings	1.224863240167906e-06	1.224863240167906e-06	19.63894844055176	19.63894844055176
3512	gpt2	3513	1757	18	switch	sent_comp	unexpected	The farmers say the senator switch	3.593389408251824e-07	3.593389408251824e-07	21.408151626586918	21.408151626586918
3513	gpt2	3514	1757	18	switch	sent_comp	expected	The farmers say the senator switches	7.256853109538497e-07	7.256853109538497e-07	20.39415168762207	20.39415168762207
3514	gpt2	3515	1758	19	synthesize	sent_comp	unexpected	The surgeons know the pilot synthesize	0.0047919016999741874	0.0047919016999741874	14.204057216644287	14.204057216644287
3515	gpt2	3516	1758	19	synthesize	sent_comp	expected	The surgeons know the pilot synthesizes	0.2223469142539045	0.2223469142539045	11.436000645160675	11.436000645160675
3516	gpt2	3517	1759	19	tackle	sent_comp	unexpected	The surgeons know the pilot tackle	4.289545643132442e-07	4.289545643132442e-07	21.152671813964844	21.152671813964844
3517	gpt2	3518	1759	19	tackle	sent_comp	expected	The surgeons know the pilot tackles	1.5819118743820582e-06	1.5819118743820582e-06	19.269899368286133	19.269899368286133
3518	gpt2	3519	1760	19	tag	sent_comp	unexpected	The surgeons know the pilot tag	4.644853106583469e-06	4.644853106583469e-06	17.71593475341797	17.71593475341797
3519	gpt2	3520	1760	19	tag	sent_comp	expected	The surgeons know the pilot tags	1.0541021993049071e-06	1.0541021993049071e-06	19.85555458068848	19.85555458068848
3520	gpt2	3521	1761	19	take	sent_comp	unexpected	The surgeons know the pilot take	2.1987914806231856e-05	2.1987914806231856e-05	15.472929954528809	15.472929954528809
3521	gpt2	3522	1761	19	take	sent_comp	expected	The surgeons know the pilot takes	0.0010787842329591	0.0010787842329591	9.856377601623535	9.856377601623535
3522	gpt2	3523	1762	19	talk	sent_comp	unexpected	The surgeons know the pilot talk	1.4865903494865051e-06	1.4865903494865051e-06	19.359561920166016	19.359561920166016
3523	gpt2	3524	1762	19	talk	sent_comp	expected	The surgeons know the pilot talks	2.346752444282174e-05	2.346752444282174e-05	15.37897491455078	15.37897491455078
3524	gpt2	3525	1763	19	tamper	sent_comp	unexpected	The surgeons know the pilot tamper	0.06666941736688159	0.06666941736688159	11.14074420928955	11.14074420928955
3525	gpt2	3526	1763	19	tamper	sent_comp	expected	The surgeons know the pilot tampers	0.00425371262944904	0.00425371262944904	14.622720956802368	14.622720956802368
3526	gpt2	3527	1764	19	tandy	sent_comp	unexpected	The surgeons know the pilot tandy	2.0562190002237912e-05	2.0562190002237912e-05	15.586546421051025	15.586546421051025
3527	gpt2	3528	1764	19	tandy	sent_comp	expected	The surgeons know the pilot tandies	0.00034670866565039986	0.00034670866565039986	12.418800989786783	12.418800989786783
3528	gpt2	3529	1765	19	tap	sent_comp	unexpected	The surgeons know the pilot tap	1.0502890290808864e-06	1.0502890290808864e-06	19.860782623291016	19.860782623291016
3529	gpt2	3530	1765	19	tap	sent_comp	expected	The surgeons know the pilot taps	4.5646152102563065e-06	4.5646152102563065e-06	17.74107551574707	17.74107551574707
3530	gpt2	3531	1766	19	target	sent_comp	unexpected	The surgeons know the pilot target	1.2968998817086684e-05	1.2968998817086684e-05	16.234573364257812	16.234573364257812
3531	gpt2	3532	1766	19	target	sent_comp	expected	The surgeons know the pilot targets	8.842874194670003e-06	8.842874194670003e-06	16.78705406188965	16.78705406188965
3532	gpt2	3533	1767	19	tarnish	sent_comp	unexpected	The surgeons know the pilot tarnish	0.0020026283310680963	0.0020026283310680963	16.130431175231934	16.130431175231934
3533	gpt2	3534	1767	19	tarnish	sent_comp	expected	The surgeons know the pilot tarnishes	0.08699751835967895	0.08699751835967895	13.409918665885924	13.409918665885924
3534	gpt2	3535	1768	19	taste	sent_comp	unexpected	The surgeons know the pilot taste	1.3266569567349509e-06	1.3266569567349509e-06	19.52377319335937	19.52377319335937
3535	gpt2	3536	1768	19	taste	sent_comp	expected	The surgeons know the pilot tastes	8.88710746949073e-06	8.88710746949073e-06	16.77985382080078	16.77985382080078
3536	gpt2	3537	1769	19	tax	sent_comp	unexpected	The surgeons know the pilot tax	4.541202997643268e-06	4.541202997643268e-06	17.748493194580078	17.748493194580078
3537	gpt2	3538	1769	19	tax	sent_comp	expected	The surgeons know the pilot taxes	5.786279757558077e-07	5.786279757558077e-07	20.72085952758789	20.72085952758789
3538	gpt2	3539	1770	19	teach	sent_comp	unexpected	The surgeons know the pilot teach	1.6057870766417184e-07	1.6057870766417184e-07	22.570215225219727	22.570215225219727
3539	gpt2	3540	1770	19	teach	sent_comp	expected	The surgeons know the pilot teaches	1.173351029137848e-05	1.173351029137848e-05	16.379005432128906	16.379005432128906
3540	gpt2	3541	1771	19	team	sent_comp	unexpected	The surgeons know the pilot team	6.838644912932068e-05	6.838644912932068e-05	13.835929870605469	13.835929870605469
3541	gpt2	3542	1771	19	team	sent_comp	expected	The surgeons know the pilot teams	2.384680328759714e-06	2.384680328759714e-06	18.677772521972656	18.677772521972656
3542	gpt2	3543	1772	19	tear	sent_comp	unexpected	The surgeons know the pilot tear	5.791933403997973e-07	5.791933403997973e-07	20.719451904296875	20.719451904296875
3543	gpt2	3544	1772	19	tear	sent_comp	expected	The surgeons know the pilot tears	9.379527909914032e-07	9.379527909914032e-07	20.02398109436035	20.02398109436035
3544	gpt2	3545	1773	19	tell	sent_comp	unexpected	The surgeons know the pilot tell	4.481931682676077e-06	4.481931682676077e-06	17.76744842529297	17.76744842529297
3545	gpt2	3546	1773	19	tell	sent_comp	expected	The surgeons know the pilot tells	0.0001064943135133	0.0001064943135133	13.196935653686523	13.196935653686523
3546	gpt2	3547	1774	19	tender	sent_comp	unexpected	The surgeons know the pilot tender	1.2118949825890013e-06	1.2118949825890013e-06	19.65430450439453	19.65430450439453
3547	gpt2	3548	1774	19	tender	sent_comp	expected	The surgeons know the pilot tenders	0.009293278278164467	0.009293278278164467	11.621217966079712	11.621217966079712
3548	gpt2	3549	1775	19	tend	sent_comp	unexpected	The surgeons know the pilot tend	5.423220500233583e-06	5.423220500233583e-06	17.49241828918457	17.49241828918457
3549	gpt2	3550	1775	19	tend	sent_comp	expected	The surgeons know the pilot tends	6.79314398439601e-05	6.79314398439601e-05	13.845561027526855	13.845561027526855
3550	gpt2	3551	1776	19	terminate	sent_comp	unexpected	The surgeons know the pilot terminate	1.5648408790980284e-08	1.5648408790980284e-08	25.92940902709961	25.92940902709961
3551	gpt2	3552	1776	19	terminate	sent_comp	expected	The surgeons know the pilot terminates	0.2119702530046652	0.2119702530046652	10.644712388515474	10.644712388515474
3552	gpt2	3553	1777	19	term	sent_comp	unexpected	The surgeons know the pilot term	7.352789907599799e-06	7.352789907599799e-06	17.05327606201172	17.05327606201172
3553	gpt2	3554	1777	19	term	sent_comp	expected	The surgeons know the pilot terms	1.8359601199335884e-06	1.8359601199335884e-06	19.05503463745117	19.05503463745117
3554	gpt2	3555	1778	19	test-drive	sent_comp	unexpected	The surgeons know the pilot test-drive	0.0029376082238741	0.0029376082238741	10.203634977340698	10.203634977340698
3555	gpt2	3556	1778	19	test-drive	sent_comp	expected	The surgeons know the pilot test-drives	0.0029376082238741	0.0029376082238741	10.203634977340698	10.203634977340698
3556	gpt2	3557	1779	19	testify	sent_comp	unexpected	The surgeons know the pilot testify	9.70206386341488e-08	9.70206386341488e-08	23.29713249206543	23.29713249206543
3557	gpt2	3558	1779	19	testify	sent_comp	expected	The surgeons know the pilot testifies	0.00061292137252165	0.00061292137252165	11.39617109298706	11.39617109298706
3558	gpt2	3559	1780	19	test	sent_comp	unexpected	The surgeons know the pilot test	0.0001250604400411	0.0001250604400411	12.965086936950684	12.965086936950684
3559	gpt2	3560	1780	19	test	sent_comp	expected	The surgeons know the pilot tests	1.711166805762332e-05	1.711166805762332e-05	15.834659576416016	15.834659576416016
3560	gpt2	3561	1781	19	thank	sent_comp	unexpected	The surgeons know the pilot thank	1.0628235713738832e-06	1.0628235713738832e-06	19.84366607666016	19.84366607666016
3561	gpt2	3562	1781	19	thank	sent_comp	expected	The surgeons know the pilot thanks	1.2073965081071948e-05	1.2073965081071948e-05	16.33774185180664	16.33774185180664
3562	gpt2	3563	1782	19	the	sent_comp	unexpected	The surgeons know the pilot the	0.000555547827389	0.000555547827389	10.813800811767578	10.813800811767578
3563	gpt2	3564	1782	19	the	sent_comp	expected	The surgeons know the pilot thes	0.0002820039417201313	0.0002820039417201313	13.832350730895996	13.832350730895996
3564	gpt2	3565	1783	19	think	sent_comp	unexpected	The surgeons know the pilot think	4.889091087534325e-06	4.889091087534325e-06	17.64200210571289	17.64200210571289
3565	gpt2	3566	1783	19	think	sent_comp	expected	The surgeons know the pilot thinks	0.000255406164797	0.000255406164797	11.934919357299805	11.934919357299805
3566	gpt2	3567	1784	19	thrash	sent_comp	unexpected	The surgeons know the pilot thrash	0.002482060940110359	0.002482060940110359	13.03066349029541	13.03066349029541
3567	gpt2	3568	1784	19	thrash	sent_comp	expected	The surgeons know the pilot thrashes	0.005774912788638159	0.005774912788638159	12.421294450759888	12.421294450759888
3568	gpt2	3569	1785	19	threaten	sent_comp	unexpected	The surgeons know the pilot threaten	1.031007954566121e-07	1.031007954566121e-07	23.20944023132324	23.20944023132324
3569	gpt2	3570	1785	19	threaten	sent_comp	expected	The surgeons know the pilot threatens	8.566557880840264e-06	8.566557880840264e-06	16.832853317260742	16.832853317260742
3570	gpt2	3571	1786	19	thrive	sent_comp	unexpected	The surgeons know the pilot thrive	6.00130363181961e-08	6.00130363181961e-08	23.990148544311523	23.990148544311523
3571	gpt2	3572	1786	19	thrive	sent_comp	expected	The surgeons know the pilot thrives	0.44208534324184257	0.44208534324184257	9.060209847986698	9.060209847986698
3572	gpt2	3573	1787	19	throw	sent_comp	unexpected	The surgeons know the pilot throw	1.02115309346118e-05	1.02115309346118e-05	16.57944107055664	16.57944107055664
3573	gpt2	3574	1787	19	throw	sent_comp	expected	The surgeons know the pilot throws	5.593262176262215e-05	5.593262176262215e-05	14.125950813293455	14.125950813293455
3574	gpt2	3575	1788	19	thwart	sent_comp	unexpected	The surgeons know the pilot thwart	2.3582805042110522e-08	2.3582805042110522e-08	25.33768844604492	25.33768844604492
3575	gpt2	3576	1788	19	thwart	sent_comp	expected	The surgeons know the pilot thwarts	0.15113675731470266	0.15113675731470266	10.631816804409027	10.631816804409027
3576	gpt2	3577	1789	19	tick	sent_comp	unexpected	The surgeons know the pilot tick	5.470636551763164e-06	5.470636551763164e-06	17.479860305786133	17.479860305786133
3577	gpt2	3578	1789	19	tick	sent_comp	expected	The surgeons know the pilot ticks	1.520915247965604e-06	1.520915247965604e-06	19.326629638671875	19.326629638671875
3578	gpt2	3579	1790	19	tie	sent_comp	unexpected	The surgeons know the pilot tie	1.1539129900484113e-06	1.1539129900484113e-06	19.72503471374512	19.72503471374512
3579	gpt2	3580	1790	19	tie	sent_comp	expected	The surgeons know the pilot ties	1.2863796428064234e-06	1.2863796428064234e-06	19.56825256347656	19.56825256347656
3580	gpt2	3581	1791	19	tighten	sent_comp	unexpected	The surgeons know the pilot tighten	2.565050571945449e-08	2.565050571945449e-08	25.21643829345703	25.21643829345703
3581	gpt2	3582	1791	19	tighten	sent_comp	expected	The surgeons know the pilot tightens	0.3294998801065958	0.3294998801065958	8.976590931415558	8.976590931415558
3582	gpt2	3583	1792	19	tilt	sent_comp	unexpected	The surgeons know the pilot tilt	1.0091364401887404e-06	1.0091364401887404e-06	19.91844749450684	19.91844749450684
3583	gpt2	3584	1792	19	tilt	sent_comp	expected	The surgeons know the pilot tilts	0.3372468064866325	0.3372468064866325	10.158753842115402	10.158753842115402
3584	gpt2	3585	1793	19	time	sent_comp	unexpected	The surgeons know the pilot time	0.0001285316538996	0.0001285316538996	12.925588607788086	12.925588607788086
3585	gpt2	3586	1793	19	time	sent_comp	expected	The surgeons know the pilot times	5.683681592927314e-06	5.683681592927314e-06	17.42474365234375	17.42474365234375
3586	gpt2	3587	1794	19	tiptoe	sent_comp	unexpected	The surgeons know the pilot tiptoe	0.26478775086434325	0.26478775086434325	8.085552275180817	8.085552275180817
3587	gpt2	3588	1794	19	tiptoe	sent_comp	expected	The surgeons know the pilot tiptoes	0.05497852705351153	0.05497852705351153	8.847779353459677	8.847779353459677
3588	gpt2	3589	1795	19	tolerate	sent_comp	unexpected	The surgeons know the pilot tolerate	1.1644541331179425e-07	1.1644541331179425e-07	23.033842086791992	23.033842086791992
3589	gpt2	3590	1795	19	tolerate	sent_comp	expected	The surgeons know the pilot tolerates	0.3069606847311661	0.3069606847311661	8.702699065208435	8.702699065208435
3590	gpt2	3591	1796	19	topple	sent_comp	unexpected	The surgeons know the pilot topple	1.1042629033397589e-08	1.1042629033397589e-08	26.43234062194824	26.43234062194824
3591	gpt2	3592	1796	19	topple	sent_comp	expected	The surgeons know the pilot topples	0.39610755938009845	0.39610755938009845	11.610532432794571	11.610532432794571
3592	gpt2	3593	1797	19	top	sent_comp	unexpected	The surgeons know the pilot top	5.524596417672001e-06	5.524596417672001e-06	17.465700149536133	17.465700149536133
3593	gpt2	3594	1797	19	top	sent_comp	expected	The surgeons know the pilot tops	3.80050278181443e-06	3.80050278181443e-06	18.00537872314453	18.00537872314453
3594	gpt2	3595	1798	19	torment	sent_comp	unexpected	The surgeons know the pilot torment	1.0112554349461789e-07	1.0112554349461789e-07	23.237348556518555	23.237348556518555
3595	gpt2	3596	1798	19	torment	sent_comp	expected	The surgeons know the pilot torments	0.032846905665564884	0.032846905665564884	12.378086328506472	12.378086328506472
3596	gpt2	3597	1799	19	torpedo	sent_comp	unexpected	The surgeons know the pilot torpedo	2.805095846269978e-06	2.805095846269978e-06	18.443517684936523	18.443517684936523
3597	gpt2	3598	1799	19	torpedo	sent_comp	expected	The surgeons know the pilot torpedoes	0.4971334164419829	0.4971334164419829	10.467501039151104	10.467501039151104
3598	gpt2	3599	1800	19	torture	sent_comp	unexpected	The surgeons know the pilot torture	7.495518730138429e-07	7.495518730138429e-07	20.34746742248535	20.34746742248535
3599	gpt2	3600	1800	19	torture	sent_comp	expected	The surgeons know the pilot tortures	0.3843795030189199	0.3843795030189199	10.291387483477592	10.291387483477592
3600	gpt2	3601	1801	19	toss	sent_comp	unexpected	The surgeons know the pilot toss	2.6959471597365336e-06	2.6959471597365336e-06	18.500776290893555	18.500776290893555
3601	gpt2	3602	1801	19	toss	sent_comp	expected	The surgeons know the pilot tosses	0.42873243184351395	0.42873243184351395	9.361315697431564	9.361315697431564
3602	gpt2	3603	1802	19	total	sent_comp	unexpected	The surgeons know the pilot total	1.0531093721510842e-06	1.0531093721510842e-06	19.85691261291504	19.85691261291504
3603	gpt2	3604	1802	19	total	sent_comp	expected	The surgeons know the pilot totals	1.9697718300903946e-07	1.9697718300903946e-07	22.275468826293945	22.275468826293945
3604	gpt2	3605	1803	19	totter	sent_comp	unexpected	The surgeons know the pilot totter	0.001893173862384834	0.001893173862384834	15.974409103393555	15.974409103393555
3605	gpt2	3606	1803	19	totter	sent_comp	expected	The surgeons know the pilot totters	0.003254682948949034	0.003254682948949034	15.583548784255981	15.583548784255981
3606	gpt2	3607	1804	19	touch	sent_comp	unexpected	The surgeons know the pilot touch	2.408165073575219e-06	2.408165073575219e-06	18.663633346557617	18.663633346557617
3607	gpt2	3608	1804	19	touch	sent_comp	expected	The surgeons know the pilot touches	1.1687186088238375e-05	1.1687186088238375e-05	16.38471221923828	16.38471221923828
3608	gpt2	3609	1805	19	toughen	sent_comp	unexpected	The surgeons know the pilot toughen	0.32849550676108663	0.32849550676108663	11.27752912044525	11.27752912044525
3609	gpt2	3610	1805	19	toughen	sent_comp	expected	The surgeons know the pilot toughens	0.08776089977980915	0.08776089977980915	12.229641556739805	12.229641556739805
3610	gpt2	3611	1806	19	tough	sent_comp	unexpected	The surgeons know the pilot tough	1.6384464061047763e-06	1.6384464061047763e-06	19.219240188598636	19.219240188598636
3611	gpt2	3612	1806	19	tough	sent_comp	expected	The surgeons know the pilot toughs	0.06264576281813561	0.06264576281813561	11.107949137687685	11.107949137687685
3612	gpt2	3613	1807	19	tour	sent_comp	unexpected	The surgeons know the pilot tour	5.214383236307185e-07	5.214383236307185e-07	20.871000289916992	20.871000289916992
3613	gpt2	3614	1807	19	tour	sent_comp	expected	The surgeons know the pilot tours	1.7619376535549239e-07	1.7619376535549239e-07	22.43633460998535	22.43633460998535
3614	gpt2	3615	1808	19	tout	sent_comp	unexpected	The surgeons know the pilot tout	0.0010641469889378348	0.0010641469889378348	12.128762245178223	12.128762245178223
3615	gpt2	3616	1808	19	tout	sent_comp	expected	The surgeons know the pilot touts	0.0005662129296979349	0.0005662129296979349	12.591078758239746	12.591078758239746
3616	gpt2	3617	1809	19	tower	sent_comp	unexpected	The surgeons know the pilot tower	2.526057869545184e-05	2.526057869545184e-05	15.27275276184082	15.27275276184082
3617	gpt2	3618	1809	19	tower	sent_comp	expected	The surgeons know the pilot towers	5.313073870638618e-06	5.313073870638618e-06	17.522022247314453	17.522022247314453
3618	gpt2	3619	1810	19	trace	sent_comp	unexpected	The surgeons know the pilot trace	2.914111689733545e-07	2.914111689733545e-07	21.71043968200684	21.71043968200684
3619	gpt2	3620	1810	19	trace	sent_comp	expected	The surgeons know the pilot traces	1.196437892758695e-06	1.196437892758695e-06	19.672822952270508	19.672822952270508
3620	gpt2	3621	1811	19	track	sent_comp	unexpected	The surgeons know the pilot track	2.173754182877019e-06	2.173754182877019e-06	18.81138038635254	18.81138038635254
3621	gpt2	3622	1811	19	track	sent_comp	expected	The surgeons know the pilot tracks	5.2265140766394325e-06	5.2265140766394325e-06	17.545719146728516	17.545719146728516
3622	gpt2	3623	1812	19	trade	sent_comp	unexpected	The surgeons know the pilot trade	6.0130651036161e-06	6.0130651036161e-06	17.343467712402344	17.343467712402344
3623	gpt2	3624	1812	19	trade	sent_comp	expected	The surgeons know the pilot trades	7.593169812025735e-06	7.593169812025735e-06	17.006866455078125	17.006866455078125
3624	gpt2	3625	1813	19	traduce	sent_comp	unexpected	The surgeons know the pilot traduce	0.003004599291618744	0.003004599291618744	16.49840545654297	16.49840545654297
3625	gpt2	3626	1813	19	traduce	sent_comp	expected	The surgeons know the pilot traduces	0.014475544377948945	0.014475544377948945	15.364217042922974	15.364217042922974
3626	gpt2	3627	1814	19	trail	sent_comp	unexpected	The surgeons know the pilot trail	1.290739646719885e-06	1.290739646719885e-06	19.56336975097656	19.56336975097656
3627	gpt2	3628	1814	19	trail	sent_comp	expected	The surgeons know the pilot trails	9.974139629775891e-07	9.974139629775891e-07	19.935304641723636	19.935304641723636
3628	gpt2	3629	1815	19	train	sent_comp	unexpected	The surgeons know the pilot train	9.758274245541544e-05	9.758274245541544e-05	13.32301425933838	13.32301425933838
3629	gpt2	3630	1815	19	train	sent_comp	expected	The surgeons know the pilot trains	2.4716115149203688e-05	2.4716115149203688e-05	15.30418872833252	15.30418872833252
3630	gpt2	3631	1816	19	transact	sent_comp	unexpected	The surgeons know the pilot transact	1.2790435377496578e-08	1.2790435377496578e-08	26.220359802246094	26.220359802246094
3631	gpt2	3632	1816	19	transact	sent_comp	expected	The surgeons know the pilot transacts	0.0006671102137261008	0.0006671102137261008	13.111502647399902	13.111502647399902
3632	gpt2	3633	1817	19	transfer	sent_comp	unexpected	The surgeons know the pilot transfer	9.482785571890416e-06	9.482785571890416e-06	16.68625831604004	16.68625831604004
3633	gpt2	3634	1817	19	transfer	sent_comp	expected	The surgeons know the pilot transfers	6.387702796928352e-06	6.387702796928352e-06	17.256271362304688	17.256271362304688
3634	gpt2	3635	1818	19	transform	sent_comp	unexpected	The surgeons know the pilot transform	4.0469549844601726e-07	4.0469549844601726e-07	21.23666000366211	21.23666000366211
3635	gpt2	3636	1818	19	transform	sent_comp	expected	The surgeons know the pilot transforms	2.2439032818510896e-06	2.2439032818510896e-06	18.76555824279785	18.76555824279785
3636	gpt2	3637	1819	19	translate	sent_comp	unexpected	The surgeons know the pilot translate	1.2223635437180748e-08	1.2223635437180748e-08	26.28575134277344	26.28575134277344
3637	gpt2	3638	1819	19	translate	sent_comp	expected	The surgeons know the pilot translates	2.251620344395633e-06	2.251620344395633e-06	18.76060485839844	18.76060485839844
3638	gpt2	3639	1820	19	transmit	sent_comp	unexpected	The surgeons know the pilot transmit	1.867234686869779e-07	1.867234686869779e-07	22.35259246826172	22.35259246826172
3639	gpt2	3640	1820	19	transmit	sent_comp	expected	The surgeons know the pilot transmits	0.4444852635083407	0.4444852635083407	8.884039379656315	8.884039379656315
3640	gpt2	3641	1821	19	transplant	sent_comp	unexpected	The surgeons know the pilot transplant	1.88776914455957e-06	1.88776914455957e-06	19.0148868560791	19.0148868560791
3641	gpt2	3642	1821	19	transplant	sent_comp	expected	The surgeons know the pilot transplants	0.36576282260001847	0.36576282260001847	10.962593585252762	10.962593585252762
3642	gpt2	3643	1822	19	transport	sent_comp	unexpected	The surgeons know the pilot transport	7.670318154850975e-06	7.670318154850975e-06	16.99228286743164	16.99228286743164
3643	gpt2	3644	1822	19	transport	sent_comp	expected	The surgeons know the pilot transports	1.4739810012542875e-06	1.4739810012542875e-06	19.371850967407227	19.371850967407227
3644	gpt2	3645	1823	19	trash	sent_comp	unexpected	The surgeons know the pilot trash	3.722885821844102e-07	3.722885821844102e-07	21.357074737548828	21.357074737548828
3645	gpt2	3646	1823	19	trash	sent_comp	expected	The surgeons know the pilot trashes	0.0016460986298624932	0.0016460986298624932	11.676178932189941	11.676178932189941
3646	gpt2	3647	1824	19	travel	sent_comp	unexpected	The surgeons know the pilot travel	5.831798716826597e-06	5.831798716826597e-06	17.38762664794922	17.38762664794922
3647	gpt2	3648	1824	19	travel	sent_comp	expected	The surgeons know the pilot travels	1.527288077340927e-05	1.527288077340927e-05	15.99866771697998	15.99866771697998
3648	gpt2	3649	1825	19	tread	sent_comp	unexpected	The surgeons know the pilot tread	3.2349082630389603e-06	3.2349082630389603e-06	18.23784446716309	18.23784446716309
3649	gpt2	3650	1825	19	tread	sent_comp	expected	The surgeons know the pilot treads	0.29158923842771856	0.29158923842771856	9.507921546697618	9.507921546697618
3650	gpt2	3651	1826	19	treat	sent_comp	unexpected	The surgeons know the pilot treat	1.2997618341614723e-06	1.2997618341614723e-06	19.553321838378903	19.553321838378903
3651	gpt2	3652	1826	19	treat	sent_comp	expected	The surgeons know the pilot treats	1.932161467266269e-05	1.932161467266269e-05	15.659424781799316	15.659424781799316
3652	gpt2	3653	1827	19	trend	sent_comp	unexpected	The surgeons know the pilot trend	1.2449056612240383e-06	1.2449056612240383e-06	19.61553192138672	19.61553192138672
3653	gpt2	3654	1827	19	trend	sent_comp	expected	The surgeons know the pilot trends	4.777581921189267e-07	4.777581921189267e-07	20.997215270996094	20.997215270996094
3654	gpt2	3655	1828	19	trickle	sent_comp	unexpected	The surgeons know the pilot trickle	8.888584979160896e-09	8.888584979160896e-09	26.745399475097656	26.745399475097656
3655	gpt2	3656	1828	19	trickle	sent_comp	expected	The surgeons know the pilot trickles	0.0006229664486454557	0.0006229664486454557	13.078817367553711	13.078817367553711
3656	gpt2	3657	1829	19	trick	sent_comp	unexpected	The surgeons know the pilot trick	1.0815809218911454e-05	1.0815809218911454e-05	16.496498107910156	16.496498107910156
3657	gpt2	3658	1829	19	trick	sent_comp	expected	The surgeons know the pilot tricks	3.3221490411960986e-06	3.3221490411960986e-06	18.199451446533203	18.199451446533203
3658	gpt2	3659	1830	19	trigger	sent_comp	unexpected	The surgeons know the pilot trigger	2.2708040887664538e-06	2.2708040887664538e-06	18.74836540222168	18.74836540222168
3659	gpt2	3660	1830	19	trigger	sent_comp	expected	The surgeons know the pilot triggers	3.790946266235551e-06	3.790946266235551e-06	18.009010314941406	18.009010314941406
3660	gpt2	3661	1831	19	trim	sent_comp	unexpected	The surgeons know the pilot trim	3.3638236800470622e-06	3.3638236800470622e-06	18.18146705627441	18.18146705627441
3661	gpt2	3662	1831	19	trim	sent_comp	expected	The surgeons know the pilot trims	0.013509002346836493	0.013509002346836493	10.152247667312622	10.152247667312622
3662	gpt2	3663	1832	19	triple	sent_comp	unexpected	The surgeons know the pilot triple	8.817404477667878e-07	8.817404477667878e-07	20.113142013549805	20.113142013549805
3663	gpt2	3664	1832	19	triple	sent_comp	expected	The surgeons know the pilot triples	0.0035893670710720063	0.0035893670710720063	11.91457986831665	11.91457986831665
3664	gpt2	3665	1833	19	trivialize	sent_comp	unexpected	The surgeons know the pilot trivialize	0.008409849526657331	0.008409849526657331	14.302583694458008	14.302583694458008
3665	gpt2	3666	1833	19	trivialize	sent_comp	expected	The surgeons know the pilot trivializes	0.12135062196321653	0.12135062196321653	12.37709903717041	12.37709903717041
3666	gpt2	3667	1834	19	trust	sent_comp	unexpected	The surgeons know the pilot trust	1.264312959392555e-05	1.264312959392555e-05	16.271286010742188	16.271286010742188
3667	gpt2	3668	1834	19	trust	sent_comp	expected	The surgeons know the pilot trusts	1.974965380213689e-05	1.974965380213689e-05	15.627813339233398	15.627813339233398
3668	gpt2	3669	1835	19	try	sent_comp	unexpected	The surgeons know the pilot try	3.0553510441677645e-06	3.0553510441677645e-06	18.32023048400879	18.32023048400879
3669	gpt2	3670	1835	19	try	sent_comp	expected	The surgeons know the pilot tries	4.93119987368118e-05	4.93119987368118e-05	14.30770206451416	14.30770206451416
3670	gpt2	3671	1836	19	tumble	sent_comp	unexpected	The surgeons know the pilot tumble	4.4659358877652267e-08	4.4659358877652267e-08	24.41646194458008	24.41646194458008
3671	gpt2	3672	1836	19	tumble	sent_comp	expected	The surgeons know the pilot tumbles	0.05254720815355538	0.05254720815355538	9.30792760848999	9.30792760848999
3672	gpt2	3673	1837	19	turn	sent_comp	unexpected	The surgeons know the pilot turn	1.909817683554138e-06	1.909817683554138e-06	18.99813270568848	18.99813270568848
3673	gpt2	3674	1837	19	turn	sent_comp	expected	The surgeons know the pilot turns	2.955559830297716e-05	2.955559830297716e-05	15.046209335327148	15.046209335327148
3674	gpt2	3675	1838	19	twitch	sent_comp	unexpected	The surgeons know the pilot twitch	7.03512910149584e-08	7.03512910149584e-08	23.760847091674805	23.760847091674805
3675	gpt2	3676	1838	19	twitch	sent_comp	expected	The surgeons know the pilot twitches	0.1630269638191066	0.1630269638191066	10.42639809846878	10.42639809846878
3676	gpt2	3677	1839	19	unblock	sent_comp	unexpected	The surgeons know the pilot unblock	0.00024306747945954403	0.00024306747945954403	13.01650094985962	13.01650094985962
3677	gpt2	3678	1839	19	unblock	sent_comp	expected	The surgeons know the pilot unblocks	5.675929060089402e-05	5.675929060089402e-05	14.256009101867676	14.256009101867676
3678	gpt2	3679	1840	19	uncover	sent_comp	unexpected	The surgeons know the pilot uncover	3.32785354828502e-08	3.32785354828502e-08	24.84083366394043	24.84083366394043
3679	gpt2	3680	1840	19	uncover	sent_comp	expected	The surgeons know the pilot uncovers	0.41380263639924425	0.41380263639924425	5.608824033290148	5.608824033290148
3680	gpt2	3681	1841	19	undercut	sent_comp	unexpected	The surgeons know the pilot undercut	9.290427271935189e-08	9.290427271935189e-08	23.35968017578125	23.35968017578125
3681	gpt2	3682	1841	19	undercut	sent_comp	expected	The surgeons know the pilot undercuts	0.0071097941618063	0.0071097941618063	9.4148690700531	9.4148690700531
3682	gpt2	3683	1842	19	undergo	sent_comp	unexpected	The surgeons know the pilot undergo	4.462587821763009e-05	4.462587821763009e-05	14.451760292053224	14.451760292053224
3683	gpt2	3684	1842	19	undergo	sent_comp	expected	The surgeons know the pilot undergoes	0.4950199931263342	0.4950199931263342	7.2331333006732175	7.2331333006732175
3684	gpt2	3685	1843	19	underlie	sent_comp	unexpected	The surgeons know the pilot underlie	0.00033974249527085	0.00033974249527085	11.784176349639893	11.784176349639893
3685	gpt2	3686	1843	19	underlie	sent_comp	expected	The surgeons know the pilot underlies	0.0005053192217019	0.0005053192217019	11.43241262435913	11.43241262435913
3686	gpt2	3687	1844	19	underline	sent_comp	unexpected	The surgeons know the pilot underline	0.00024105149350354998	0.00024105149350354998	12.122753620147705	12.122753620147705
3687	gpt2	3688	1844	19	underline	sent_comp	expected	The surgeons know the pilot underlines	0.0005401814196374499	0.0005401814196374499	11.376057147979736	11.376057147979736
3688	gpt2	3689	1845	19	undermine	sent_comp	unexpected	The surgeons know the pilot undermine	2.3188599485024497e-08	2.3188599485024497e-08	25.362009048461918	25.362009048461918
3689	gpt2	3690	1845	19	undermine	sent_comp	expected	The surgeons know the pilot undermines	8.499499699610169e-07	8.499499699610169e-07	20.16611862182617	20.16611862182617
3690	gpt2	3691	1846	19	underperform	sent_comp	unexpected	The surgeons know the pilot underperform	0.003168269046000167	0.003168269046000167	9.517817656199137	9.517817656199137
3691	gpt2	3692	1846	19	underperform	sent_comp	expected	The surgeons know the pilot underperforms	0.0137409513360277	0.0137409513360277	8.693194230397543	8.693194230397543
3692	gpt2	3693	1847	19	underpin	sent_comp	unexpected	The surgeons know the pilot underpin	4.404789422096656e-08	4.404789422096656e-08	24.436351776123047	24.436351776123047
3693	gpt2	3694	1847	19	underpin	sent_comp	expected	The surgeons know the pilot underpins	0.00036946495674780003	0.00036946495674780003	11.707067489624022	11.707067489624022
3694	gpt2	3695	1848	19	underscore	sent_comp	unexpected	The surgeons know the pilot underscore	1.4016070970512828e-08	1.4016070970512828e-08	26.088342666625977	26.088342666625977
3695	gpt2	3696	1848	19	underscore	sent_comp	expected	The surgeons know the pilot underscores	3.7633230931533045e-07	3.7633230931533045e-07	21.34148979187012	21.34148979187012
3696	gpt2	3697	1849	19	understand	sent_comp	unexpected	The surgeons know the pilot understand	8.26718496682588e-06	8.26718496682588e-06	16.884172439575195	16.884172439575195
3697	gpt2	3698	1849	19	understand	sent_comp	expected	The surgeons know the pilot understands	0.000265079375822	0.000265079375822	11.881287574768066	11.881287574768066
3698	gpt2	3699	1850	19	undertake	sent_comp	unexpected	The surgeons know the pilot undertake	4.72218921743206e-08	4.72218921743206e-08	24.335968017578125	24.335968017578125
3699	gpt2	3700	1850	19	undertake	sent_comp	expected	The surgeons know the pilot undertakes	0.43508852724045255	0.43508852724045255	10.176248513162136	10.176248513162136
3700	gpt2	3701	1851	19	underwrite	sent_comp	unexpected	The surgeons know the pilot underwrite	0.00011000929225698536	0.00011000929225698536	13.267074108123778	13.267074108123778
3701	gpt2	3702	1851	19	underwrite	sent_comp	expected	The surgeons know the pilot underwrites	0.3328638217183955	0.3328638217183955	8.768534140040476	8.768534140040476
3702	gpt2	3703	1852	19	undo	sent_comp	unexpected	The surgeons know the pilot undo	8.799960227179326e-08	8.799960227179326e-08	23.43792724609375	23.43792724609375
3703	gpt2	3704	1852	19	undo	sent_comp	expected	The surgeons know the pilot undoes	0.015947401496305247	0.015947401496305247	10.708949327468872	10.708949327468872
3704	gpt2	3705	1853	19	undulate	sent_comp	unexpected	The surgeons know the pilot undulate	0.00027406396293369796	0.00027406396293369796	13.654913425445557	13.654913425445557
3705	gpt2	3706	1853	19	undulate	sent_comp	expected	The surgeons know the pilot undulates	0.002406085814072848	0.002406085814072848	12.074656963348389	12.074656963348389
3706	gpt2	3707	1854	19	unfold	sent_comp	unexpected	The surgeons know the pilot unfold	2.430107137740833e-08	2.430107137740833e-08	25.294404983520508	25.294404983520508
3707	gpt2	3708	1854	19	unfold	sent_comp	expected	The surgeons know the pilot unfolds	5.57929865863116e-07	5.57929865863116e-07	20.773412704467773	20.773412704467773
3708	gpt2	3709	1855	20	unite	sent_comp	unexpected	The customer says the pilots unites	3.690536232170416e-05	3.690536232170416e-05	14.88314962387085	14.88314962387085
3709	gpt2	3710	1855	20	unite	sent_comp	expected	The customer says the pilots unite	2.451394891522796e-07	2.451394891522796e-07	21.95989418029785	21.95989418029785
3710	gpt2	3711	1856	20	unleash	sent_comp	unexpected	The customer says the pilots unleashes	0.052400964541376965	0.052400964541376965	12.384234786033629	12.384234786033629
3711	gpt2	3712	1856	20	unleash	sent_comp	expected	The customer says the pilots unleash	3.955488807605434e-07	3.955488807605434e-07	21.26963996887207	21.26963996887207
3712	gpt2	3713	1857	20	unload	sent_comp	unexpected	The customer says the pilots unloads	0.0013941072575107403	0.0013941072575107403	11.355656147003174	11.355656147003174
3713	gpt2	3714	1857	20	unload	sent_comp	expected	The customer says the pilots unload	0.04320021767125579	0.04320021767125579	8.8653804063797	8.8653804063797
3714	gpt2	3715	1858	20	unmask	sent_comp	unexpected	The customer says the pilots unmasks	0.32504128053309006	0.32504128053309006	8.875311287740866	8.875311287740866
3715	gpt2	3716	1858	20	unmask	sent_comp	expected	The customer says the pilots unmask	0.3577961423346352	0.3577961423346352	11.03462167084217	11.03462167084217
3716	gpt2	3717	1859	20	unplug	sent_comp	unexpected	The customer says the pilots unplugs	0.061667276170434555	0.061667276170434555	9.205183188120523	9.205183188120523
3717	gpt2	3718	1859	20	unplug	sent_comp	expected	The customer says the pilots unplug	0.10284440267787429	0.10284440267787429	8.2394460439682	8.2394460439682
3718	gpt2	3719	1860	20	unravel	sent_comp	unexpected	The customer says the pilots unravels	0.005500451687368007	0.005500451687368007	13.726789951324463	13.726789951324463
3719	gpt2	3720	1860	20	unravel	sent_comp	expected	The customer says the pilots unravel	4.945837304148881e-07	4.945837304148881e-07	20.947280883789062	20.947280883789062
3720	gpt2	3721	1861	20	unveil	sent_comp	unexpected	The customer says the pilots unveils	0.36168555647524414	0.36168555647524414	12.876518502831459	12.876518502831459
3721	gpt2	3722	1861	20	unveil	sent_comp	expected	The customer says the pilots unveil	3.730409616764519e-07	3.730409616764519e-07	21.354162216186523	21.354162216186523
3722	gpt2	3723	1862	20	unwind	sent_comp	unexpected	The customer says the pilots unwinds	0.07000311914892636	0.07000311914892636	7.909980932871501	7.909980932871501
3723	gpt2	3724	1862	20	unwind	sent_comp	expected	The customer says the pilots unwind	0.07156441291886038	0.07156441291886038	9.913836479187012	9.913836479187012
3724	gpt2	3725	1863	20	update	sent_comp	unexpected	The customer says the pilots updates	7.035998237370222e-07	7.035998237370222e-07	20.43874168395996	20.43874168395996
3725	gpt2	3726	1863	20	update	sent_comp	expected	The customer says the pilots update	5.541339305636939e-06	5.541339305636939e-06	17.461334228515625	17.461334228515625
3726	gpt2	3727	1864	20	upgrade	sent_comp	unexpected	The customer says the pilots upgrades	6.050527190382127e-07	6.050527190382127e-07	20.656435012817383	20.656435012817383
3727	gpt2	3728	1864	20	upgrade	sent_comp	expected	The customer says the pilots upgrade	8.72207419888582e-06	8.72207419888582e-06	16.80689811706543	16.80689811706543
3728	gpt2	3729	1865	20	uphold	sent_comp	unexpected	The customer says the pilots upholds	0.005489763481875765	0.005489763481875765	12.832158803939821	12.832158803939821
3729	gpt2	3730	1865	20	uphold	sent_comp	expected	The customer says the pilots uphold	1.712989728730463e-06	1.712989728730463e-06	19.155052185058597	19.155052185058597
3730	gpt2	3731	1866	20	upset	sent_comp	unexpected	The customer says the pilots upsets	0.18876291328408712	0.18876291328408712	11.950262010097504	11.950262010097504
3731	gpt2	3732	1866	20	upset	sent_comp	expected	The customer says the pilots upset	9.304526429332329e-06	9.304526429332329e-06	16.71363639831543	16.71363639831543
3732	gpt2	3733	1867	20	urge	sent_comp	unexpected	The customer says the pilots urges	3.0729088962289097e-07	3.0729088962289097e-07	21.63389205932617	21.63389205932617
3733	gpt2	3734	1867	20	urge	sent_comp	expected	The customer says the pilots urge	1.3539762221626006e-05	1.3539762221626006e-05	16.17243766784668	16.17243766784668
3734	gpt2	3735	1868	20	use	sent_comp	unexpected	The customer says the pilots uses	1.6846906873979606e-05	1.6846906873979606e-05	15.85715675354004	15.85715675354004
3735	gpt2	3736	1868	20	use	sent_comp	expected	The customer says the pilots use	0.0017672000685706	0.0017672000685706	9.14431858062744	9.14431858062744
3736	gpt2	3737	1869	20	usurp	sent_comp	unexpected	The customer says the pilots usurps	0.0009684319342113659	0.0009684319342113659	14.434815406799316	14.434815406799316
3737	gpt2	3738	1869	20	usurp	sent_comp	expected	The customer says the pilots usurp	0.05005993827614927	0.05005993827614927	11.588499784469604	11.588499784469604
3738	gpt2	3739	1870	20	utilize	sent_comp	unexpected	The customer says the pilots utilizes	1.438442467360801e-07	1.438442467360801e-07	22.728988647460938	22.728988647460938
3739	gpt2	3740	1870	20	utilize	sent_comp	expected	The customer says the pilots utilize	5.545018666452961e-06	5.545018666452961e-06	17.460376739501953	17.460376739501953
3740	gpt2	3741	1871	20	vacate	sent_comp	unexpected	The customer says the pilots vacates	0.004700030358662797	0.004700030358662797	12.27672553062439	12.27672553062439
3741	gpt2	3742	1871	20	vacate	sent_comp	expected	The customer says the pilots vacate	0.4217133081240263	0.4217133081240263	9.032673247158527	9.032673247158527
3742	gpt2	3743	1872	20	vacillate	sent_comp	unexpected	The customer says the pilots vacillates	0.010532582594805663	0.010532582594805663	9.957460244496664	9.957460244496664
3743	gpt2	3744	1872	20	vacillate	sent_comp	expected	The customer says the pilots vacillate	0.24558500738824776	0.24558500738824776	7.991758237282435	7.991758237282435
3744	gpt2	3745	1873	20	vacuum	sent_comp	unexpected	The customer says the pilots vacuums	0.09744793094084037	0.09744793094084037	8.009456555048624	8.009456555048624
3745	gpt2	3746	1873	20	vacuum	sent_comp	expected	The customer says the pilots vacuum	1.0987107998516876e-05	1.0987107998516876e-05	16.47382926940918	16.47382926940918
3746	gpt2	3747	1874	20	value	sent_comp	unexpected	The customer says the pilots values	2.4905416466936003e-06	2.4905416466936003e-06	18.615108489990234	18.615108489990234
3747	gpt2	3748	1874	20	value	sent_comp	expected	The customer says the pilots value	1.6484797015436925e-05	1.6484797015436925e-05	15.888504028320312	15.888504028320312
3748	gpt2	3749	1875	20	vanish	sent_comp	unexpected	The customer says the pilots vanishes	0.425055502872965	0.425055502872965	9.493795916438101	9.493795916438101
3749	gpt2	3750	1875	20	vanish	sent_comp	expected	The customer says the pilots vanish	2.9042835194559302e-06	2.9042835194559302e-06	18.393386840820312	18.393386840820312
3750	gpt2	3751	1876	20	vary	sent_comp	unexpected	The customer says the pilots varies	1.1930112009395089e-07	1.1930112009395089e-07	22.998889923095703	22.998889923095703
3751	gpt2	3752	1876	20	vary	sent_comp	expected	The customer says the pilots vary	5.235518528934335e-06	5.235518528934335e-06	17.543235778808594	17.543235778808594
3752	gpt2	3753	1877	20	vault	sent_comp	unexpected	The customer says the pilots vaults	0.0015523274678344023	0.0015523274678344023	11.828958988189697	11.828958988189697
3753	gpt2	3754	1877	20	vault	sent_comp	expected	The customer says the pilots vault	1.125336211771355e-06	1.125336211771355e-06	19.761213302612305	19.761213302612305
3754	gpt2	3755	1878	20	veer	sent_comp	unexpected	The customer says the pilots veers	0.0005022972272854234	0.0005022972272854234	12.9911208152771	12.9911208152771
3755	gpt2	3756	1878	20	veer	sent_comp	expected	The customer says the pilots veer	0.004648291311241323	0.004648291311241323	11.37622857093811	11.37622857093811
3756	gpt2	3757	1879	20	venture	sent_comp	unexpected	The customer says the pilots ventures	4.2135383182539954e-08	4.2135383182539954e-08	24.50039291381836	24.50039291381836
3757	gpt2	3758	1879	20	venture	sent_comp	expected	The customer says the pilots venture	2.045306018771953e-06	2.045306018771953e-06	18.89925193786621	18.89925193786621
3758	gpt2	3759	1880	20	vent	sent_comp	unexpected	The customer says the pilots vents	6.611523986066459e-07	6.611523986066459e-07	20.528512954711918	20.528512954711918
3759	gpt2	3760	1880	20	vent	sent_comp	expected	The customer says the pilots vent	1.0293515515513718e-05	1.0293515515513718e-05	16.56790542602539	16.56790542602539
3760	gpt2	3761	1881	20	verify	sent_comp	unexpected	The customer says the pilots verifies	0.01670631613376369	0.01670631613376369	11.50577998161316	11.50577998161316
3761	gpt2	3762	1881	20	verify	sent_comp	expected	The customer says the pilots verify	5.218689238972729e-06	5.218689238972729e-06	17.547880172729492	17.547880172729492
3762	gpt2	3763	1882	20	veto	sent_comp	unexpected	The customer says the pilots vetoes	0.012312604281966308	0.012312604281966308	14.169838905334473	14.169838905334473
3763	gpt2	3764	1882	20	veto	sent_comp	expected	The customer says the pilots veto	1.1954439571582045e-07	1.1954439571582045e-07	22.99595069885254	22.99595069885254
3764	gpt2	3765	1883	20	view	sent_comp	unexpected	The customer says the pilots views	2.6952195639751157e-06	2.6952195639751157e-06	18.50116539001465	18.50116539001465
3765	gpt2	3766	1883	20	view	sent_comp	expected	The customer says the pilots view	5.97256475884933e-05	5.97256475884933e-05	14.031290054321287	14.031290054321287
3766	gpt2	3767	1884	20	violate	sent_comp	unexpected	The customer says the pilots violates	1.3267290341900662e-06	1.3267290341900662e-06	19.52369499206543	19.52369499206543
3767	gpt2	3768	1884	20	violate	sent_comp	expected	The customer says the pilots violate	5.450958997244015e-05	5.450958997244015e-05	14.163130760192873	14.163130760192873
3768	gpt2	3769	1885	20	visit	sent_comp	unexpected	The customer says the pilots visits	7.499501748498005e-07	7.499501748498005e-07	20.346702575683597	20.346702575683597
3769	gpt2	3770	1885	20	visit	sent_comp	expected	The customer says the pilots visit	2.167315506085288e-05	2.167315506085288e-05	15.493731498718262	15.493731498718262
3770	gpt2	3771	1886	20	visualize	sent_comp	unexpected	The customer says the pilots visualizes	0.0015740301250843443	0.0015740301250843443	12.876402378082275	12.876402378082275
3771	gpt2	3772	1886	20	visualize	sent_comp	expected	The customer says the pilots visualize	4.268851228061976e-07	4.268851228061976e-07	21.159648895263672	21.159648895263672
3772	gpt2	3773	1887	20	vitiate	sent_comp	unexpected	The customer says the pilots vitiates	0.0016129605483001348	0.0016129605483001348	11.42690928777059	11.42690928777059
3773	gpt2	3774	1887	20	vitiate	sent_comp	expected	The customer says the pilots vitiate	0.0136494236388292	0.0136494236388292	10.356125990549723	10.356125990549723
3774	gpt2	3775	1888	20	voice	sent_comp	unexpected	The customer says the pilots voices	4.362008439784404e-06	4.362008439784404e-06	17.806575775146484	17.806575775146484
3775	gpt2	3776	1888	20	voice	sent_comp	expected	The customer says the pilots voice	3.450779331615195e-05	3.450779331615195e-05	14.822718620300291	14.822718620300291
3776	gpt2	3777	1889	20	void	sent_comp	unexpected	The customer says the pilots voids	0.007450380985744638	0.007450380985744638	12.699273109436035	12.699273109436035
3777	gpt2	3778	1889	20	void	sent_comp	expected	The customer says the pilots void	1.517439500275941e-06	1.517439500275941e-06	19.32992935180664	19.32992935180664
3778	gpt2	3779	1890	20	volunteer	sent_comp	unexpected	The customer says the pilots volunteers	1.7180549320983118e-06	1.7180549320983118e-06	19.150793075561523	19.150793075561523
3779	gpt2	3780	1890	20	volunteer	sent_comp	expected	The customer says the pilots volunteer	9.40358131629182e-06	9.40358131629182e-06	16.6983585357666	16.6983585357666
3780	gpt2	3781	1891	20	vote	sent_comp	unexpected	The customer says the pilots votes	3.347644508266967e-07	3.347644508266967e-07	21.510351181030277	21.510351181030277
3781	gpt2	3782	1891	20	vote	sent_comp	expected	The customer says the pilots vote	5.9548851822910365e-06	5.9548851822910365e-06	17.357494354248047	17.357494354248047
3782	gpt2	3783	1892	20	wade	sent_comp	unexpected	The customer says the pilots wades	0.0004493888718570397	0.0004493888718570397	12.549438953399658	12.549438953399658
3783	gpt2	3784	1892	20	wade	sent_comp	expected	The customer says the pilots wade	0.00803267266201144	0.00803267266201144	10.44471788406372	10.44471788406372
3784	gpt2	3785	1893	20	wad	sent_comp	unexpected	The customer says the pilots wads	0.0003450822277954897	0.0003450822277954897	12.748074531555176	12.748074531555176
3785	gpt2	3786	1893	20	wad	sent_comp	expected	The customer says the pilots wad	0.0036612144631362397	0.0036612144631362397	11.013223648071289	11.013223648071289
3786	gpt2	3787	1894	20	wage	sent_comp	unexpected	The customer says the pilots wages	3.017742756128428e-06	3.017742756128428e-06	18.338098526000977	18.338098526000977
3787	gpt2	3788	1894	20	wage	sent_comp	expected	The customer says the pilots wage	6.5575491134950425e-06	6.5575491134950425e-06	17.218412399291992	17.218412399291992
3788	gpt2	3789	1895	20	wail	sent_comp	unexpected	The customer says the pilots wails	0.0002537487325752897	0.0002537487325752897	12.982625961303711	12.982625961303711
3789	gpt2	3790	1895	20	wail	sent_comp	expected	The customer says the pilots wail	0.0019191372866771397	0.0019191372866771397	11.482045650482178	11.482045650482178
3790	gpt2	3791	1896	20	wait	sent_comp	unexpected	The customer says the pilots waits	7.952236273922608e-07	7.952236273922608e-07	20.262136459350582	20.262136459350582
3791	gpt2	3792	1896	20	wait	sent_comp	expected	The customer says the pilots wait	5.2811952627962455e-05	5.2811952627962455e-05	14.208775520324709	14.208775520324709
3792	gpt2	3793	1897	20	waive	sent_comp	unexpected	The customer says the pilots waives	0.0020855303562825485	0.0020855303562825485	13.861155509948732	13.861155509948732
3793	gpt2	3794	1897	20	waive	sent_comp	expected	The customer says the pilots waive	1.8704740796238184e-06	1.8704740796238184e-06	19.02816390991211	19.02816390991211
3794	gpt2	3795	1898	20	walk	sent_comp	unexpected	The customer says the pilots walks	5.87084377912106e-06	5.87084377912106e-06	17.378000259399414	17.378000259399414
3795	gpt2	3796	1898	20	walk	sent_comp	expected	The customer says the pilots walk	0.0001549614680698	0.0001549614680698	12.655802726745604	12.655802726745604
3796	gpt2	3797	1899	20	wall	sent_comp	unexpected	The customer says the pilots walls	3.134520909497951e-07	3.134520909497951e-07	21.60525131225586	21.60525131225586
3797	gpt2	3798	1899	20	wall	sent_comp	expected	The customer says the pilots wall	2.600068000901956e-06	2.600068000901956e-06	18.55301856994629	18.55301856994629
3798	gpt2	3799	1900	20	wander	sent_comp	unexpected	The customer says the pilots wanders	0.17422204494168622	0.17422204494168622	11.562983691692352	11.562983691692352
3799	gpt2	3800	1900	20	wander	sent_comp	expected	The customer says the pilots wander	3.145650453006965e-06	3.145650453006965e-06	18.278209686279297	18.278209686279297
3800	gpt2	3801	1901	20	wane	sent_comp	unexpected	The customer says the pilots wanes	0.0002080098947771897	0.0002080098947771897	13.136794090270996	13.136794090270996
3801	gpt2	3802	1901	20	wane	sent_comp	expected	The customer says the pilots wane	0.0006619818468606897	0.0006619818468606897	12.26149320602417	12.26149320602417
3802	gpt2	3803	1902	20	want	sent_comp	unexpected	The customer says the pilots wants	2.694614522624761e-05	2.694614522624761e-05	15.179561614990234	15.179561614990234
3803	gpt2	3804	1902	20	want	sent_comp	expected	The customer says the pilots want	0.0021288385614752	0.0021288385614752	8.875718116760254	8.875718116760254
3804	gpt2	3805	1903	20	ward	sent_comp	unexpected	The customer says the pilots wards	1.1119164611272937e-07	1.1119164611272937e-07	23.10044860839844	23.10044860839844
3805	gpt2	3806	1903	20	ward	sent_comp	expected	The customer says the pilots ward	2.056343504364122e-07	2.056343504364122e-07	22.213415145874023	22.213415145874023
3806	gpt2	3807	1904	20	warm	sent_comp	unexpected	The customer says the pilots warms	0.0392073054240427	0.0392073054240427	10.703120708465576	10.703120708465576
3807	gpt2	3808	1904	20	warm	sent_comp	expected	The customer says the pilots warm	8.47348383103963e-06	8.47348383103963e-06	16.848613739013672	16.848613739013672
3808	gpt2	3809	1905	20	warn	sent_comp	unexpected	The customer says the pilots warns	2.084977722915937e-06	2.084977722915937e-06	18.87153625488281	18.87153625488281
3809	gpt2	3810	1905	20	warn	sent_comp	expected	The customer says the pilots warn	6.063796172384173e-05	6.063796172384173e-05	14.009419441223145	14.009419441223145
3810	gpt2	3811	1906	20	warrant	sent_comp	unexpected	The customer says the pilots warrants	4.139487685961285e-08	4.139487685961285e-08	24.525972366333008	24.525972366333008
3811	gpt2	3812	1906	20	warrant	sent_comp	expected	The customer says the pilots warrant	3.1075560400495306e-06	3.1075560400495306e-06	18.295787811279297	18.295787811279297
3812	gpt2	3813	1907	20	wash	sent_comp	unexpected	The customer says the pilots washes	0.0009555552278470598	0.0009555552278470598	11.227037906646729	11.227037906646729
3813	gpt2	3814	1907	20	wash	sent_comp	expected	The customer says the pilots wash	1.1616391930147074e-05	1.1616391930147074e-05	16.393478393554688	16.393478393554688
3814	gpt2	3815	1908	20	waste	sent_comp	unexpected	The customer says the pilots wastes	1.3635489040098037e-06	1.3635489040098037e-06	19.48420143127441	19.48420143127441
3815	gpt2	3816	1908	20	waste	sent_comp	expected	The customer says the pilots waste	3.551041299942881e-05	3.551041299942881e-05	14.78139877319336	14.78139877319336
3816	gpt2	3817	1909	20	watch	sent_comp	unexpected	The customer says the pilots watches	5.96029394728248e-06	5.96029394728248e-06	17.356185913085938	17.356185913085938
3817	gpt2	3818	1909	20	watch	sent_comp	expected	The customer says the pilots watch	0.0001190953189507	0.0001190953189507	13.035595893859863	13.035595893859863
3818	gpt2	3819	1910	20	water	sent_comp	unexpected	The customer says the pilots waters	1.2292485962461797e-07	1.2292485962461797e-07	22.955720901489254	22.955720901489254
3819	gpt2	3820	1910	20	water	sent_comp	expected	The customer says the pilots water	1.050767423294019e-05	1.050767423294019e-05	16.538196563720703	16.538196563720703
3820	gpt2	3821	1911	20	weaken	sent_comp	unexpected	The customer says the pilots weakens	0.008767188032834381	0.008767188032834381	12.833836078643797	12.833836078643797
3821	gpt2	3822	1911	20	weaken	sent_comp	expected	The customer says the pilots weaken	3.596351518808661e-07	3.596351518808661e-07	21.406963348388672	21.406963348388672
3822	gpt2	3823	1912	20	wear	sent_comp	unexpected	The customer says the pilots wears	3.460545713096508e-06	3.460545713096508e-06	18.14056968688965	18.14056968688965
3823	gpt2	3824	1912	20	wear	sent_comp	expected	The customer says the pilots wear	0.0004459327028598	0.0004459327028598	11.13088607788086	11.13088607788086
3824	gpt2	3825	1913	20	weather	sent_comp	unexpected	The customer says the pilots weathers	0.0050660894435167894	0.0050660894435167894	11.51342511177063	11.51342511177063
3825	gpt2	3826	1913	20	weather	sent_comp	expected	The customer says the pilots weather	1.1561661267478485e-05	1.1561661267478485e-05	16.400291442871094	16.400291442871094
3826	gpt2	3827	1914	20	wedge	sent_comp	unexpected	The customer says the pilots wedges	0.002798290842406441	0.002798290842406441	13.629469871520994	13.629469871520994
3827	gpt2	3828	1914	20	wedge	sent_comp	expected	The customer says the pilots wedge	1.6961153903594098e-07	1.6961153903594098e-07	22.49126243591309	22.49126243591309
3828	gpt2	3829	1915	20	weight	sent_comp	unexpected	The customer says the pilots weights	9.360664421365072e-07	9.360664421365072e-07	20.026885986328125	20.026885986328125
3829	gpt2	3830	1915	20	weight	sent_comp	expected	The customer says the pilots weight	2.1438148905872367e-05	2.1438148905872367e-05	15.50946044921875	15.50946044921875
3830	gpt2	3831	1916	20	weigh	sent_comp	unexpected	The customer says the pilots weighs	4.3164368435100187e-07	4.3164368435100187e-07	21.14365577697754	21.14365577697754
3831	gpt2	3832	1916	20	weigh	sent_comp	expected	The customer says the pilots weigh	2.1180952899158e-05	2.1180952899158e-05	15.526872634887695	15.526872634887695
3832	gpt2	3833	1917	20	welcome	sent_comp	unexpected	The customer says the pilots welcomes	1.7882595670926096e-07	1.7882595670926096e-07	22.414939880371094	22.414939880371094
3833	gpt2	3834	1917	20	welcome	sent_comp	expected	The customer says the pilots welcome	1.8206817912869155e-05	1.8206817912869155e-05	15.745162010192873	15.745162010192873
3834	gpt2	3835	1918	20	whack	sent_comp	unexpected	The customer says the pilots whacks	0.00022444922797145865	0.00022444922797145865	12.90242862701416	12.90242862701416
3835	gpt2	3836	1918	20	whack	sent_comp	expected	The customer says the pilots whack	0.010635191538312909	0.010635191538312909	10.04998230934143	10.04998230934143
3836	gpt2	3837	1919	20	whip	sent_comp	unexpected	The customer says the pilots whips	0.0024636550442664585	0.0024636550442664585	11.109709024429321	11.109709024429321
3837	gpt2	3838	1919	20	whip	sent_comp	expected	The customer says the pilots whip	4.377778168418445e-06	4.377778168418445e-06	17.80137062072754	17.80137062072754
3838	gpt2	3839	1920	20	widen	sent_comp	unexpected	The customer says the pilots widens	0.07482030702418284	0.07482030702418284	12.666058897972105	12.666058897972105
3839	gpt2	3840	1920	20	widen	sent_comp	expected	The customer says the pilots widen	2.592055068362243e-07	2.592055068362243e-07	21.8794002532959	21.8794002532959
3840	gpt2	3841	1921	20	will	sent_comp	unexpected	The customer says the pilots wills	8.924076411176429e-08	8.924076411176429e-08	23.417722702026367	23.417722702026367
3841	gpt2	3842	1921	20	will	sent_comp	expected	The customer says the pilots will	0.0132650909945368	0.0132650909945368	6.236221790313721	6.236221790313721
3842	gpt2	3843	1922	20	wimp	sent_comp	unexpected	The customer says the pilots wimps	0.018123483111897525	0.018123483111897525	9.10631020863851	9.10631020863851
3843	gpt2	3844	1922	20	wimp	sent_comp	expected	The customer says the pilots wimp	0.0009915160208037897	0.0009915160208037897	11.964136600494385	11.964136600494385
3844	gpt2	3845	1923	20	wind	sent_comp	unexpected	The customer says the pilots winds	5.582816697824455e-07	5.582816697824455e-07	20.77250289916992	20.77250289916992
3845	gpt2	3846	1923	20	wind	sent_comp	expected	The customer says the pilots wind	3.5746899811783805e-05	3.5746899811783805e-05	14.771821975708008	14.771821975708008
3846	gpt2	3847	1924	20	win	sent_comp	unexpected	The customer says the pilots wins	4.269535338607966e-07	4.269535338607966e-07	21.1594181060791	21.1594181060791
3847	gpt2	3848	1924	20	win	sent_comp	expected	The customer says the pilots win	1.848803185566794e-05	1.848803185566794e-05	15.72304916381836	15.72304916381836
3848	gpt2	3849	1925	20	wipe	sent_comp	unexpected	The customer says the pilots wipes	5.455345331029093e-08	5.455345331029093e-08	24.12775421142578	24.12775421142578
3849	gpt2	3850	1925	20	wipe	sent_comp	expected	The customer says the pilots wipe	2.25345274884603e-06	2.25345274884603e-06	18.759431838989254	18.759431838989254
3850	gpt2	3851	1926	20	wire	sent_comp	unexpected	The customer says the pilots wires	3.381528301815706e-07	3.381528301815706e-07	21.495820999145508	21.495820999145508
3851	gpt2	3852	1926	20	wire	sent_comp	expected	The customer says the pilots wire	1.1908701935681163e-06	1.1908701935681163e-06	19.67955207824707	19.67955207824707
3852	gpt2	3853	1927	20	wish	sent_comp	unexpected	The customer says the pilots wishes	5.077614332549274e-06	5.077614332549274e-06	17.587417602539062	17.587417602539062
3853	gpt2	3854	1927	20	wish	sent_comp	expected	The customer says the pilots wish	0.0001704387541394	0.0001704387541394	12.51845932006836	12.51845932006836
3854	gpt2	3855	1928	20	withdraw	sent_comp	unexpected	The customer says the pilots withdraws	0.004635178887156142	0.004635178887156142	12.045285701751709	12.045285701751709
3855	gpt2	3856	1928	20	withdraw	sent_comp	expected	The customer says the pilots withdraw	6.042295808583731e-06	6.042295808583731e-06	17.336471557617188	17.336471557617188
3856	gpt2	3857	1929	20	withhold	sent_comp	unexpected	The customer says the pilots withholds	0.0019389555723989696	0.0019389555723989696	14.031870365142824	14.031870365142824
3857	gpt2	3858	1929	20	withhold	sent_comp	expected	The customer says the pilots withhold	9.193419714392804e-07	9.193419714392804e-07	20.05289459228516	20.05289459228516
3858	gpt2	3859	1930	20	withstand	sent_comp	unexpected	The customer says the pilots withstands	0.005222219469231935	0.005222219469231935	13.576512575149536	13.576512575149536
3859	gpt2	3860	1930	20	withstand	sent_comp	expected	The customer says the pilots withstand	6.416034352696443e-07	6.416034352696443e-07	20.571815490722656	20.571815490722656
3860	gpt2	3861	1931	20	witness	sent_comp	unexpected	The customer says the pilots witnesses	5.554521180783922e-07	5.554521180783922e-07	20.779834747314453	20.779834747314453
3861	gpt2	3862	1931	20	witness	sent_comp	expected	The customer says the pilots witness	4.078048277733615e-06	4.078048277733615e-06	17.903690338134766	17.903690338134766
3862	gpt2	3863	1932	20	wonder	sent_comp	unexpected	The customer says the pilots wonders	9.054242866568529e-08	9.054242866568529e-08	23.39683151245117	23.39683151245117
3863	gpt2	3864	1932	20	wonder	sent_comp	expected	The customer says the pilots wonder	5.793599484604783e-06	5.793599484604783e-06	17.39710807800293	17.39710807800293
3864	gpt2	3865	1933	20	woo	sent_comp	unexpected	The customer says the pilots wooes	2.337648265893222e-05	2.337648265893222e-05	16.433103561401367	16.433103561401367
3865	gpt2	3866	1933	20	woo	sent_comp	expected	The customer says the pilots woo	2.9135380827938206e-06	2.9135380827938206e-06	18.388795852661133	18.388795852661133
3866	gpt2	3867	1934	20	work	sent_comp	unexpected	The customer says the pilots works	7.492099484807113e-06	7.492099484807113e-06	17.026199340820312	17.026199340820312
3867	gpt2	3868	1934	20	work	sent_comp	expected	The customer says the pilots work	0.0006648231646977	0.0006648231646977	10.554741859436035	10.554741859436035
3868	gpt2	3869	1935	20	worry	sent_comp	unexpected	The customer says the pilots worries	1.2951750250067562e-06	1.2951750250067562e-06	19.558422088623047	19.558422088623047
3869	gpt2	3870	1935	20	worry	sent_comp	expected	The customer says the pilots worry	6.156092422315851e-05	6.156092422315851e-05	13.987625122070312	13.987625122070312
3870	gpt2	3871	1936	20	worsen	sent_comp	unexpected	The customer says the pilots worsens	0.00965301313105901	0.00965301313105901	14.87202000617981	14.87202000617981
3871	gpt2	3872	1936	20	worsen	sent_comp	expected	The customer says the pilots worsen	2.7110880296277173e-07	2.7110880296277173e-07	21.814624786376957	21.814624786376957
3872	gpt2	3873	1937	20	wound	sent_comp	unexpected	The customer says the pilots wounds	2.091820050509341e-07	2.091820050509341e-07	22.18873786926269	22.18873786926269
3873	gpt2	3874	1937	20	wound	sent_comp	expected	The customer says the pilots wound	2.283890535181854e-05	2.283890535181854e-05	15.418147087097168	15.418147087097168
3874	gpt2	3875	1938	20	wrap	sent_comp	unexpected	The customer says the pilots wraps	2.3214752786770987e-08	2.3214752786770987e-08	25.360382080078125	25.360382080078125
3875	gpt2	3876	1938	20	wrap	sent_comp	expected	The customer says the pilots wrap	1.3570211194746662e-06	1.3570211194746662e-06	19.491125106811523	19.491125106811523
3876	gpt2	3877	1939	20	wreak	sent_comp	unexpected	The customer says the pilots wreaks	0.001205236496318198	0.001205236496318198	14.921835899353027	14.921835899353027
3877	gpt2	3878	1939	20	wreak	sent_comp	expected	The customer says the pilots wreak	0.0429119013332837	0.0429119013332837	12.34471571445465	12.34471571445465
3878	gpt2	3879	1940	20	wreck	sent_comp	unexpected	The customer says the pilots wrecks	0.011985837676476749	0.011985837676476749	13.264748573303223	13.264748573303223
3879	gpt2	3880	1940	20	wreck	sent_comp	expected	The customer says the pilots wreck	2.170069365092786e-06	2.170069365092786e-06	18.81382751464844	18.81382751464844
3880	gpt2	3881	1941	20	wrestle	sent_comp	unexpected	The customer says the pilots wrestles	0.0026391091357709116	0.0026391091357709116	12.490674257278442	12.490674257278442
3881	gpt2	3882	1941	20	wrestle	sent_comp	expected	The customer says the pilots wrestle	1.5390913858936983e-06	1.5390913858936983e-06	19.309490203857425	19.309490203857425
3882	gpt2	3883	1942	20	wrest	sent_comp	unexpected	The customer says the pilots wrests	1.678492640166951e-05	1.678492640166951e-05	16.273164749145508	16.273164749145508
3883	gpt2	3884	1942	20	wrest	sent_comp	expected	The customer says the pilots wrest	5.725970822823001e-06	5.725970822823001e-06	17.41404914855957	17.41404914855957
3884	gpt2	3885	1943	20	wring	sent_comp	unexpected	The customer says the pilots wrings	0.0017855787409927991	0.0017855787409927991	14.285485744476318	14.285485744476318
3885	gpt2	3886	1943	20	wring	sent_comp	expected	The customer says the pilots wring	0.022743270801612397	0.022743270801612397	12.449867248535156	12.449867248535156
3886	gpt2	3887	1944	20	write	sent_comp	unexpected	The customer says the pilots writes	1.1736245824067737e-06	1.1736245824067737e-06	19.700597763061523	19.700597763061523
3887	gpt2	3888	1944	20	write	sent_comp	expected	The customer says the pilots write	3.790402479353361e-05	3.790402479353361e-05	14.687289237976074	14.687289237976074
3888	gpt2	3889	1945	20	yank	sent_comp	unexpected	The customer says the pilots yanks	0.0007480796602976557	0.0007480796602976557	12.745822429656982	12.745822429656982
3889	gpt2	3890	1945	20	yank	sent_comp	expected	The customer says the pilots yank	0.020315935061262256	0.020315935061262256	10.357508897781372	10.357508897781372
3890	gpt2	3891	1946	20	yield	sent_comp	unexpected	The customer says the pilots yields	7.191461293132306e-08	7.191461293132306e-08	23.72913932800293	23.72913932800293
3891	gpt2	3892	1946	20	yield	sent_comp	expected	The customer says the pilots yield	3.2738550999056315e-06	3.2738550999056315e-06	18.220577239990234	18.220577239990234
3892	gpt2	3893	1947	20	zero	sent_comp	unexpected	The customer says the pilots zeroes	0.31939677753083134	0.31939677753083134	7.7153313135107355	7.7153313135107355
3893	gpt2	3894	1947	20	zero	sent_comp	expected	The customer says the pilots zero	1.3197688531363385e-05	1.3197688531363385e-05	16.209354400634766	16.209354400634766
3894	gpt2	3895	1948	20	zip	sent_comp	unexpected	The customer says the pilots zips	0.0013553720000345417	0.0013553720000345417	12.068970680236816	12.068970680236816
3895	gpt2	3896	1948	20	zip	sent_comp	expected	The customer says the pilots zip	1.0307897355232852e-05	1.0307897355232852e-05	16.56589126586914	16.56589126586914
3896	gpt2	3897	1949	20	zoom	sent_comp	unexpected	The customer says the pilots zooms	0.06878654728619438	0.06878654728619438	12.166152477264404	12.166152477264404
3897	gpt2	3898	1949	20	zoom	sent_comp	expected	The customer says the pilots zoom	9.093426342587918e-06	9.093426342587918e-06	16.74674415588379	16.74674415588379
3898	gpt2	3899	1950	20	were	sent_comp	unexpected	The customer says the pilots was	0.0018152327975258	0.0018152327975258	9.105629920959473	9.105629920959473
3899	gpt2	3900	1950	20	were	sent_comp	expected	The customer says the pilots were	0.1439050883054733	0.1439050883054733	2.7968103885650635	2.7968103885650635
3900	gpt2	3901	1951	20	staunch	sent_comp	unexpected	The customer says the pilots staunches	0.0024509289990722236	0.0024509289990722236	11.11683448155721	11.11683448155721
3901	gpt2	3902	1951	20	staunch	sent_comp	expected	The customer says the pilots staunch	2.0323398075561275e-07	2.0323398075561275e-07	22.23035430908203	22.23035430908203
