	model	sentid	pairid	contextid	lemma	condition	comparison	sentence	probsum	probmean	surpsum	surpmean
0	gpt2	1	1	1	abandon	simple	unexpected	The pilot abandon	9.947598300641405e-07	9.947598300641405e-07	19.93914794921875	19.93914794921875
1	gpt2	2	1	1	abandon	simple	expected	The pilot abandons	0.4518294981474658	0.4518294981474658	5.9226890676654875	5.9226890676654875
2	gpt2	3	2	1	abate	simple	unexpected	The pilot abate	0.0002456666097713867	0.0002456666097713867	13.65613842010498	13.65613842010498
3	gpt2	4	2	1	abate	simple	expected	The pilot abates	0.0016941652556851866	0.0016941652556851866	12.247273445129395	12.247273445129395
4	gpt2	5	3	1	abide	simple	unexpected	The pilot abide	2.986979907859677e-08	2.986979907859677e-08	24.996736526489254	24.996736526489254
5	gpt2	6	3	1	abide	simple	expected	The pilot abides	0.023830091782656337	0.023830091782656337	10.33772087097168	10.33772087097168
6	gpt2	7	4	1	abolish	simple	unexpected	The pilot abolish	1.4126081637755306e-08	1.4126081637755306e-08	26.077062606811523	26.077062606811523
7	gpt2	8	4	1	abolish	simple	expected	The pilot abolishes	0.3786076442578086	0.3786076442578086	11.930633828043938	11.930633828043938
8	gpt2	9	5	1	absorb	simple	unexpected	The pilot absorb	7.404418056466967e-08	7.404418056466967e-08	23.68703842163086	23.68703842163086
9	gpt2	10	5	1	absorb	simple	expected	The pilot absorbs	6.584850211766025e-07	6.584850211766025e-07	20.53434562683105	20.53434562683105
10	gpt2	11	6	1	abuse	simple	unexpected	The pilot abuse	5.753388904849999e-06	5.753388904849999e-06	17.407155990600586	17.407155990600586
11	gpt2	12	6	1	abuse	simple	expected	The pilot abuses	1.267985453523579e-06	1.267985453523579e-06	19.58902931213379	19.58902931213379
12	gpt2	13	7	1	accede	simple	unexpected	The pilot accede	0.000476606619031365	0.000476606619031365	13.272072792053223	13.272072792053223
13	gpt2	14	7	1	accede	simple	expected	The pilot accedes	0.006426497733173115	0.006426497733173115	11.387847423553467	11.387847423553467
14	gpt2	15	8	1	accelerate	simple	unexpected	The pilot accelerate	1.8638925070035842e-08	1.8638925070035842e-08	25.677106857299805	25.677106857299805
15	gpt2	16	8	1	accelerate	simple	expected	The pilot accelerates	0.48316981202870574	0.48316981202870574	10.781705761328341	10.781705761328341
16	gpt2	17	9	1	accept	simple	unexpected	The pilot accept	4.036080099467654e-06	4.036080099467654e-06	17.91861343383789	17.91861343383789
17	gpt2	18	9	1	accept	simple	expected	The pilot accepts	3.359727998031303e-05	3.359727998031303e-05	14.861295700073242	14.861295700073242
18	gpt2	19	10	1	access	simple	unexpected	The pilot access	1.4422034837480169e-05	1.4422034837480169e-05	16.08136558532715	16.08136558532715
19	gpt2	20	10	1	access	simple	expected	The pilot accesses	0.01753611934464059	0.01753611934464059	10.457742691040039	10.457742691040039
20	gpt2	21	11	1	acclaim	simple	unexpected	The pilot acclaim	4.1656110738586005e-07	4.1656110738586005e-07	21.194969177246094	21.194969177246094
21	gpt2	22	11	1	acclaim	simple	expected	The pilot acclaims	0.013324560261835892	0.013324560261835892	13.212379932403564	13.212379932403564
22	gpt2	23	12	1	accommodate	simple	unexpected	The pilot accommodate	5.69919109238981e-07	5.69919109238981e-07	20.742738723754883	20.742738723754883
23	gpt2	24	12	1	accommodate	simple	expected	The pilot accommodates	0.31511919455419957	0.31511919455419957	8.98568269610405	8.98568269610405
24	gpt2	25	13	1	accomodate	simple	unexpected	The pilot accomodate	0.25399617403650154	0.25399617403650154	7.241714713629335	7.241714713629335
25	gpt2	26	13	1	accomodate	simple	expected	The pilot accomodates	0.29308556318187584	0.29308556318187584	6.3282996392808855	6.3282996392808855
26	gpt2	27	14	1	accompany	simple	unexpected	The pilot accompany	6.875346514334525e-08	6.875346514334525e-08	23.79399299621582	23.79399299621582
27	gpt2	28	14	1	accompany	simple	expected	The pilot accompanies	1.662506406319153e-06	1.662506406319153e-06	19.19820785522461	19.19820785522461
28	gpt2	29	15	1	accomplish	simple	unexpected	The pilot accomplish	6.937711418686376e-07	6.937711418686376e-07	20.45903778076172	20.45903778076172
29	gpt2	30	15	1	accomplish	simple	expected	The pilot accomplishes	0.48391986332433135	0.48391986332433135	9.105275209993124	9.105275209993124
30	gpt2	31	16	1	accord	simple	unexpected	The pilot accord	2.7090966341347662e-06	2.7090966341347662e-06	18.493757247924805	18.493757247924805
31	gpt2	32	16	1	accord	simple	expected	The pilot accords	0.029324531460133564	0.029324531460133564	10.292370080947876	10.292370080947876
32	gpt2	33	17	1	account	simple	unexpected	The pilot account	0.0003055581473745	0.0003055581473745	11.676265716552734	11.676265716552734
33	gpt2	34	17	1	account	simple	expected	The pilot accounts	4.035204619867727e-05	4.035204619867727e-05	14.59699821472168	14.59699821472168
34	gpt2	35	18	1	accrue	simple	unexpected	The pilot accrue	0.00033435687464586497	0.00033435687464586497	13.531318187713623	13.531318187713623
35	gpt2	36	18	1	accrue	simple	expected	The pilot accrues	0.3212024705471776	0.3212024705471776	7.4495344658692675	7.4495344658692675
36	gpt2	37	19	1	accuse	simple	unexpected	The pilot accuse	1.1159617940847967e-07	1.1159617940847967e-07	23.0952091217041	23.0952091217041
37	gpt2	38	19	1	accuse	simple	expected	The pilot accuses	3.306969801997184e-06	3.306969801997184e-06	18.206058502197266	18.206058502197266
38	gpt2	39	20	1	achieve	simple	unexpected	The pilot achieve	3.350702854731935e-06	3.350702854731935e-06	18.187105178833008	18.187105178833008
39	gpt2	40	20	1	achieve	simple	expected	The pilot achieves	2.120635872415733e-05	2.120635872415733e-05	15.52514362335205	15.52514362335205
40	gpt2	41	21	1	acknowledge	simple	unexpected	The pilot acknowledge	1.1190786608494818e-06	1.1190786608494818e-06	19.769256591796875	19.769256591796875
41	gpt2	42	21	1	acknowledge	simple	expected	The pilot acknowledges	2.8776108592865057e-05	2.8776108592865057e-05	15.084769248962402	15.084769248962402
42	gpt2	43	22	1	acquire	simple	unexpected	The pilot acquire	7.72930832226848e-07	7.72930832226848e-07	20.303157806396484	20.303157806396484
43	gpt2	44	22	1	acquire	simple	expected	The pilot acquires	0.49938247346244685	0.49938247346244685	8.409711183106992	8.409711183106992
44	gpt2	45	23	1	acquit	simple	unexpected	The pilot acquit	3.1629769637220306e-05	3.1629769637220306e-05	15.489155292510986	15.489155292510986
45	gpt2	46	23	1	acquit	simple	expected	The pilot acquits	0.00021543585853574688	0.00021543585853574688	14.013681888580322	14.013681888580322
46	gpt2	47	24	1	act	simple	unexpected	The pilot act	4.983496910426766e-05	4.983496910426766e-05	14.292482376098633	14.292482376098633
47	gpt2	48	24	1	act	simple	expected	The pilot acts	3.9222002669703215e-05	3.9222002669703215e-05	14.637977600097656	14.637977600097656
48	gpt2	49	25	1	adapt	simple	unexpected	The pilot adapt	6.050743650121149e-06	6.050743650121149e-06	17.334455490112305	17.334455490112305
49	gpt2	50	25	1	adapt	simple	expected	The pilot adapts	0.48514665706852605	0.48514665706852605	8.68898581340909	8.68898581340909
50	gpt2	51	26	1	address	simple	unexpected	The pilot address	3.457238926785067e-05	3.457238926785067e-05	14.820019721984863	14.820019721984863
51	gpt2	52	26	1	address	simple	expected	The pilot addresses	1.1121551324322354e-05	1.1121551324322354e-05	16.456281661987305	16.456281661987305
52	gpt2	53	27	1	add	simple	unexpected	The pilot add	1.1348607586114667e-05	1.1348607586114667e-05	16.427125930786133	16.427125930786133
53	gpt2	54	27	1	add	simple	expected	The pilot adds	0.0001850576954893	0.0001850576954893	12.399737358093262	12.399737358093262
54	gpt2	55	28	1	adhere	simple	unexpected	The pilot adhere	7.095433574022536e-08	7.095433574022536e-08	23.748533248901367	23.748533248901367
55	gpt2	56	28	1	adhere	simple	expected	The pilot adheres	0.0007731676614639565	0.0007731676614639565	11.765861511230469	11.765861511230469
56	gpt2	57	29	1	adjust	simple	unexpected	The pilot adjust	7.069473326737352e-07	7.069473326737352e-07	20.431894302368164	20.431894302368164
57	gpt2	58	29	1	adjust	simple	expected	The pilot adjusts	3.6909370919602233e-06	3.6909370919602233e-06	18.04758071899414	18.04758071899414
58	gpt2	59	30	1	administer	simple	unexpected	The pilot administer	2.2038655345113514e-07	2.2038655345113514e-07	22.113460540771484	22.113460540771484
59	gpt2	60	30	1	administer	simple	expected	The pilot administers	0.316712185093877	0.316712185093877	10.187481045722961	10.187481045722961
60	gpt2	61	31	1	admit	simple	unexpected	The pilot admit	3.92161473428132e-06	3.92161473428132e-06	17.960121154785156	17.960121154785156
61	gpt2	62	31	1	admit	simple	expected	The pilot admits	8.013032493181527e-05	8.013032493181527e-05	13.607292175292969	13.607292175292969
62	gpt2	63	32	1	adopt	simple	unexpected	The pilot adopt	1.479905222367961e-06	1.479905222367961e-06	19.366064071655277	19.366064071655277
63	gpt2	64	32	1	adopt	simple	expected	The pilot adopts	0.4997267440695623	0.4997267440695623	9.207127239671536	9.207127239671536
64	gpt2	65	33	1	adorn	simple	unexpected	The pilot adorn	0.0005486700265464565	0.0005486700265464565	12.024314403533936	12.024314403533936
65	gpt2	66	33	1	adorn	simple	expected	The pilot adorns	0.0010973477201332564	0.0010973477201332564	11.50541639328003	11.50541639328003
66	gpt2	67	34	1	advance	simple	unexpected	The pilot advance	2.2976198579272022e-06	2.2976198579272022e-06	18.731428146362305	18.731428146362305
67	gpt2	68	34	1	advance	simple	expected	The pilot advances	3.952492988901213e-06	3.952492988901213e-06	17.94880485534668	17.94880485534668
68	gpt2	69	35	1	advantage	simple	unexpected	The pilot advantage	3.735555992534501e-06	3.735555992534501e-06	18.030244827270508	18.030244827270508
69	gpt2	70	35	1	advantage	simple	expected	The pilot advantages	3.397305761154712e-07	3.397305761154712e-07	21.48910522460937	21.48910522460937
70	gpt2	71	36	1	advise	simple	unexpected	The pilot advise	2.0575068049311085e-07	2.0575068049311085e-07	22.21259880065918	22.21259880065918
71	gpt2	72	36	1	advise	simple	expected	The pilot advises	2.7247049274592428e-06	2.7247049274592428e-06	18.4854679107666	18.4854679107666
72	gpt2	73	37	1	affect	simple	unexpected	The pilot affect	9.207678317579848e-07	9.207678317579848e-07	20.0506591796875	20.0506591796875
73	gpt2	74	37	1	affect	simple	expected	The pilot affects	5.778595550509635e-06	5.778595550509635e-06	17.400850296020508	17.400850296020508
74	gpt2	75	38	1	afford	simple	unexpected	The pilot afford	3.887993500484299e-07	3.887993500484299e-07	21.294469833374023	21.294469833374023
75	gpt2	76	38	1	afford	simple	expected	The pilot affords	0.06209246328796776	0.06209246328796776	10.66553008556366	10.66553008556366
76	gpt2	77	39	1	aggravate	simple	unexpected	The pilot aggravate	0.009819738558334713	0.009819738558334713	14.006016254425049	14.006016254425049
77	gpt2	78	39	1	aggravate	simple	expected	The pilot aggravates	0.359293435691697	0.359293435691697	11.409342408180237	11.409342408180237
78	gpt2	79	40	1	agonize	simple	unexpected	The pilot agonize	0.001543573649897183	0.001543573649897183	15.566657543182373	15.566657543182373
79	gpt2	80	40	1	agonize	simple	expected	The pilot agonizes	0.2730091007764628	0.2730091007764628	11.833360314369202	11.833360314369202
80	gpt2	81	41	1	agree	simple	unexpected	The pilot agree	1.0504433021196746e-06	1.0504433021196746e-06	19.860570907592773	19.860570907592773
81	gpt2	82	41	1	agree	simple	expected	The pilot agrees	4.243272269377485e-05	4.243272269377485e-05	14.524462699890137	14.524462699890137
82	gpt2	83	42	1	aid	simple	unexpected	The pilot aid	1.5813666323083453e-05	1.5813666323083453e-05	15.948468208312988	15.948468208312988
83	gpt2	84	42	1	aid	simple	expected	The pilot aids	4.502091996982927e-06	4.502091996982927e-06	17.76097297668457	17.76097297668457
84	gpt2	85	43	1	aim	simple	unexpected	The pilot aim	1.129720749304397e-05	1.129720749304397e-05	16.433673858642578	16.433673858642578
85	gpt2	86	43	1	aim	simple	expected	The pilot aims	0.0003813455114141	0.0003813455114141	11.356613159179688	11.356613159179688
86	gpt2	87	44	1	air	simple	unexpected	The pilot air	0.0005962855648249	0.0005962855648249	10.711709022521973	10.711709022521973
87	gpt2	88	44	1	air	simple	expected	The pilot airs	2.855151797120925e-05	2.855151797120925e-05	15.096073150634766	15.096073150634766
88	gpt2	89	45	1	alert	simple	unexpected	The pilot alert	3.280873715993948e-05	3.280873715993948e-05	14.895560264587402	14.895560264587402
89	gpt2	90	45	1	alert	simple	expected	The pilot alerts	1.4511152812701766e-06	1.4511152812701766e-06	19.394407272338867	19.394407272338867
90	gpt2	91	46	1	alienate	simple	unexpected	The pilot alienate	0.0019964880098086394	0.0019964880098086394	12.813392400741577	12.813392400741577
91	gpt2	92	46	1	alienate	simple	expected	The pilot alienates	0.0009998508517127893	0.0009998508517127893	13.31310510635376	13.31310510635376
92	gpt2	93	47	1	allay	simple	unexpected	The pilot allay	0.00076604672722165	0.00076604672722165	11.292592525482178	11.292592525482178
93	gpt2	94	47	1	allay	simple	expected	The pilot allays	0.0005496432168001001	0.0005496432168001001	11.554793357849121	11.554793357849121
94	gpt2	95	48	1	allege	simple	unexpected	The pilot allege	3.774501351472282e-07	3.774501351472282e-07	21.33720970153809	21.33720970153809
95	gpt2	96	48	1	allege	simple	expected	The pilot alleges	1.529699147795327e-05	1.529699147795327e-05	15.996392250061035	15.996392250061035
96	gpt2	97	49	1	alleviate	simple	unexpected	The pilot alleviate	2.8148205544198394e-08	2.8148205544198394e-08	25.08238220214844	25.08238220214844
97	gpt2	98	49	1	alleviate	simple	expected	The pilot alleviates	0.20633174107823035	0.20633174107823035	10.741251528263092	10.741251528263092
98	gpt2	99	50	1	allocate	simple	unexpected	The pilot allocate	1.3692094569250912e-08	1.3692094569250912e-08	26.1220817565918	26.1220817565918
99	gpt2	100	50	1	allocate	simple	expected	The pilot allocates	0.49377129131707415	0.49377129131707415	10.094216802157463	10.094216802157463
100	gpt2	101	51	1	allowed	simple	unexpected	The pilot allowed	0.0003321943222545	0.0003321943222545	11.55568504333496	11.55568504333496
101	gpt2	102	51	1	allowed	simple	expected	The pilot alloweds	0.00017104437119996437	0.00017104437119996437	14.090319633483887	14.090319633483887
102	gpt2	103	52	1	allow	simple	unexpected	The pilot allow	1.285406597162364e-05	1.285406597162364e-05	16.24741554260254	16.24741554260254
103	gpt2	104	52	1	allow	simple	expected	The pilot allows	0.0002625028137117	0.0002625028137117	11.895379066467283	11.895379066467283
104	gpt2	105	53	1	ally	simple	unexpected	The pilot ally	1.916096010745605e-07	1.916096010745605e-07	22.315326690673828	22.315326690673828
105	gpt2	106	53	1	ally	simple	expected	The pilot allies	2.1126562899098647e-07	2.1126562899098647e-07	22.1744384765625	22.1744384765625
106	gpt2	107	54	1	alter	simple	unexpected	The pilot alter	3.027002435374016e-07	3.027002435374016e-07	21.655607223510746	21.655607223510746
107	gpt2	108	54	1	alter	simple	expected	The pilot alters	2.1183304852456786e-06	2.1183304852456786e-06	18.84864044189453	18.84864044189453
108	gpt2	109	55	1	amalgamate	simple	unexpected	The pilot amalgamate	0.004097118543796773	0.004097118543796773	14.865387201309204	14.865387201309204
109	gpt2	110	55	1	amalgamate	simple	expected	The pilot amalgamates	0.3057848373666161	0.3057848373666161	8.791528701782227	8.791528701782227
110	gpt2	111	56	1	amass	simple	unexpected	The pilot amass	0.03689866474769587	0.03689866474769587	10.41050112247467	10.41050112247467
111	gpt2	112	56	1	amass	simple	expected	The pilot amasses	0.012912309346120268	0.012912309346120268	11.168044805526733	11.168044805526733
112	gpt2	113	57	1	amaze	simple	unexpected	The pilot amaze	0.0029892826819377175	0.0029892826819377175	12.224161624908447	12.224161624908447
113	gpt2	114	57	1	amaze	simple	expected	The pilot amazes	0.016327324872236166	0.016327324872236166	10.9987313747406	10.9987313747406
114	gpt2	115	58	1	amble	simple	unexpected	The pilot amble	0.0032394333643423674	0.0032394333643423674	12.166122198104858	12.166122198104858
115	gpt2	116	58	1	amble	simple	expected	The pilot ambles	0.004622014603228295	0.004622014603228295	12.346944808959961	12.346944808959961
116	gpt2	117	59	1	amend	simple	unexpected	The pilot amend	5.3391460141938296e-08	5.3391460141938296e-08	24.158815383911133	24.158815383911133
117	gpt2	118	59	1	amend	simple	expected	The pilot amends	0.027462940280656767	0.027462940280656767	10.6235671043396	10.6235671043396
118	gpt2	119	60	1	amortize	simple	unexpected	The pilot amortize	0.006176589888430779	0.006176589888430779	10.250861803690592	10.250861803690592
119	gpt2	120	60	1	amortize	simple	expected	The pilot amortizes	0.017270979837424677	0.017270979837424677	9.351683298746744	9.351683298746744
120	gpt2	121	61	1	amount	simple	unexpected	The pilot amount	5.617968326987466e-06	5.617968326987466e-06	17.44152069091797	17.44152069091797
121	gpt2	122	61	1	amount	simple	expected	The pilot amounts	1.7068339275283506e-06	1.7068339275283506e-06	19.160245895385746	19.160245895385746
122	gpt2	123	62	1	amplify	simple	unexpected	The pilot amplify	5.3101585351100775e-09	5.3101585351100775e-09	27.488597869873047	27.488597869873047
123	gpt2	124	62	1	amplify	simple	expected	The pilot amplifies	0.44324502677261535	0.44324502677261535	10.081962071359158	10.081962071359158
124	gpt2	125	63	1	analyze	simple	unexpected	The pilot analyze	8.139273290908022e-07	8.139273290908022e-07	20.228595733642575	20.228595733642575
125	gpt2	126	63	1	analyze	simple	expected	The pilot analyzes	0.4981048813467624	0.4981048813467624	9.699222977738827	9.699222977738827
126	gpt2	127	64	1	anchor	simple	unexpected	The pilot anchor	2.1086877950438065e-06	2.1086877950438065e-06	18.855222702026367	18.855222702026367
127	gpt2	128	64	1	anchor	simple	expected	The pilot anchors	5.644667453452712e-07	5.644667453452712e-07	20.75660896301269	20.75660896301269
128	gpt2	129	65	1	announce	simple	unexpected	The pilot announce	7.826806154298538e-07	7.826806154298538e-07	20.28507232666016	20.28507232666016
129	gpt2	130	65	1	announce	simple	expected	The pilot announces	1.6856693036970682e-05	1.6856693036970682e-05	15.856318473815918	15.856318473815918
130	gpt2	131	66	1	answer	simple	unexpected	The pilot answer	1.40348456625361e-05	1.40348456625361e-05	16.12062644958496	16.12062644958496
131	gpt2	132	66	1	answer	simple	expected	The pilot answers	7.897439900261816e-06	7.897439900261816e-06	16.950183868408203	16.950183868408203
132	gpt2	133	67	1	antagonize	simple	unexpected	The pilot antagonize	0.0019898360905017073	0.0019898360905017073	13.903073787689209	13.903073787689209
133	gpt2	134	67	1	antagonize	simple	expected	The pilot antagonizes	0.06786802316389635	0.06786802316389635	11.356879949569702	11.356879949569702
134	gpt2	135	68	1	anticipate	simple	unexpected	The pilot anticipate	1.813265271266573e-07	1.813265271266573e-07	22.394906997680664	22.394906997680664
135	gpt2	136	68	1	anticipate	simple	expected	The pilot anticipates	0.4999167862197283	0.4999167862197283	8.326608903123997	8.326608903123997
136	gpt2	137	69	1	apologize	simple	unexpected	The pilot apologize	2.485635661741981e-07	2.485635661741981e-07	21.939882278442383	21.939882278442383
137	gpt2	138	69	1	apologize	simple	expected	The pilot apologizes	0.2824932118921879	0.2824932118921879	10.111339747905731	10.111339747905731
138	gpt2	139	70	1	appeal	simple	unexpected	The pilot appeal	1.0225428013654891e-05	1.0225428013654891e-05	16.577478408813477	16.577478408813477
139	gpt2	140	70	1	appeal	simple	expected	The pilot appeals	3.278132226114394e-06	3.278132226114394e-06	18.21869468688965	18.21869468688965
140	gpt2	141	71	1	appear	simple	unexpected	The pilot appear	4.167536189925158e-06	4.167536189925158e-06	17.872373580932617	17.872373580932617
141	gpt2	142	71	1	appear	simple	expected	The pilot appears	0.0003612656146287	0.0003612656146287	11.434652328491213	11.434652328491213
142	gpt2	143	72	1	appease	simple	unexpected	The pilot appease	4.167277722899598e-08	4.167277722899598e-08	24.516319274902344	24.516319274902344
143	gpt2	144	72	1	appease	simple	expected	The pilot appeases	0.12538367289556618	0.12538367289556618	10.583222389221193	10.583222389221193
144	gpt2	145	73	1	append	simple	unexpected	The pilot append	1.3860423564437954e-07	1.3860423564437954e-07	22.78252601623535	22.78252601623535
145	gpt2	146	73	1	append	simple	expected	The pilot appends	0.00012668501040023647	0.00012668501040023647	13.714797019958496	13.714797019958496
146	gpt2	147	74	1	applaud	simple	unexpected	The pilot applaud	1.1589353334784391e-06	1.1589353334784391e-06	19.718769073486328	19.718769073486328
147	gpt2	148	74	1	applaud	simple	expected	The pilot applauds	0.49432147871578996	0.49432147871578996	9.867624620907009	9.867624620907009
148	gpt2	149	75	1	apply	simple	unexpected	The pilot apply	1.5600057849951554e-06	1.5600057849951554e-06	19.290016174316406	19.290016174316406
149	gpt2	150	75	1	apply	simple	expected	The pilot applies	5.0684295274550095e-05	5.0684295274550095e-05	14.268101692199709	14.268101692199709
150	gpt2	151	76	1	appoint	simple	unexpected	The pilot appoint	3.40815716981524e-07	3.40815716981524e-07	21.48450469970703	21.48450469970703
151	gpt2	152	76	1	appoint	simple	expected	The pilot appoints	0.4641207968574435	0.4641207968574435	10.795966498553753	10.795966498553753
152	gpt2	153	77	1	appraise	simple	unexpected	The pilot appraise	0.00655142373996393	0.00655142373996393	13.670040607452393	13.670040607452393
153	gpt2	154	77	1	appraise	simple	expected	The pilot appraises	0.11104148735883253	0.11104148735883253	11.628443956375122	11.628443956375122
154	gpt2	155	78	1	appreciate	simple	unexpected	The pilot appreciate	2.112624031269661e-07	2.112624031269661e-07	22.174461364746094	22.174461364746094
155	gpt2	156	78	1	appreciate	simple	expected	The pilot appreciates	0.49658680163565805	0.49658680163565805	8.939606934320182	8.939606934320182
156	gpt2	157	79	1	approach	simple	unexpected	The pilot approach	0.000208549099625	0.000208549099625	12.227325439453123	12.227325439453123
157	gpt2	158	79	1	approach	simple	expected	The pilot approaches	1.9301245629321784e-05	1.9301245629321784e-05	15.6609468460083	15.6609468460083
158	gpt2	159	80	1	approve	simple	unexpected	The pilot approve	4.1619895796429773e-07	4.1619895796429773e-07	21.196224212646484	21.196224212646484
159	gpt2	160	80	1	approve	simple	expected	The pilot approves	4.596600319928257e-06	4.596600319928257e-06	17.731000900268555	17.731000900268555
160	gpt2	161	81	1	argue	simple	unexpected	The pilot argue	1.6606682038400322e-06	1.6606682038400322e-06	19.199804306030277	19.199804306030277
161	gpt2	162	81	1	argue	simple	expected	The pilot argues	3.895361078321002e-05	3.895361078321002e-05	14.647883415222168	14.647883415222168
162	gpt2	163	82	1	arise	simple	unexpected	The pilot arise	2.506706842098083e-08	2.506706842098083e-08	25.249631881713867	25.249631881713867
163	gpt2	164	82	1	arise	simple	expected	The pilot arises	9.942059477907603e-07	9.942059477907603e-07	19.9399528503418	19.9399528503418
164	gpt2	165	83	1	arm	simple	unexpected	The pilot arm	3.3205607905983925e-05	3.3205607905983925e-05	14.878213882446287	14.878213882446287
165	gpt2	166	83	1	arm	simple	expected	The pilot arms	3.855046998069156e-06	3.855046998069156e-06	17.984819412231445	17.984819412231445
166	gpt2	167	84	1	arouse	simple	unexpected	The pilot arouse	0.0007127892749849	0.0007127892749849	10.455198287963867	10.455198287963867
167	gpt2	168	84	1	arouse	simple	expected	The pilot arouses	0.47361671629501245	0.47361671629501245	11.27083270996809	11.27083270996809
168	gpt2	169	85	1	arrange	simple	unexpected	The pilot arrange	1.5110292679310078e-06	1.5110292679310078e-06	19.336036682128903	19.336036682128903
169	gpt2	170	85	1	arrange	simple	expected	The pilot arranges	0.4920521995700255	0.4920521995700255	9.20316225104034	9.20316225104034
170	gpt2	171	86	1	arrest	simple	unexpected	The pilot arrest	2.089128793159034e-05	2.089128793159034e-05	15.546738624572754	15.546738624572754
171	gpt2	172	86	1	arrest	simple	expected	The pilot arrests	6.367206424329197e-06	6.367206424329197e-06	17.260908126831055	17.260908126831055
172	gpt2	173	87	1	arrive	simple	unexpected	The pilot arrive	3.176038489982602e-06	3.176038489982602e-06	18.264339447021484	18.264339447021484
173	gpt2	174	87	1	arrive	simple	expected	The pilot arrives	0.0001679412380326	0.0001679412380326	12.539755821228027	12.539755821228027
174	gpt2	175	88	1	articulate	simple	unexpected	The pilot articulate	3.876041176908984e-08	3.876041176908984e-08	24.62084007263184	24.62084007263184
175	gpt2	176	88	1	articulate	simple	expected	The pilot articulates	0.3786873736363816	0.3786873736363816	11.805933997035027	11.805933997035027
176	gpt2	177	89	1	ask	simple	unexpected	The pilot ask	4.795853328687372e-06	4.795853328687372e-06	17.669780731201172	17.669780731201172
177	gpt2	178	89	1	ask	simple	expected	The pilot asks	0.0001018125622067	0.0001018125622067	13.261796951293944	13.261796951293944
178	gpt2	179	90	1	assassinate	simple	unexpected	The pilot assassinate	1.056760368101095e-08	1.056760368101095e-08	26.495777130126957	26.495777130126957
179	gpt2	180	90	1	assassinate	simple	expected	The pilot assassinates	0.2498485102919474	0.2498485102919474	11.74523711204529	11.74523711204529
180	gpt2	181	91	1	assemble	simple	unexpected	The pilot assemble	4.935777155878895e-07	4.935777155878895e-07	20.950220108032227	20.950220108032227
181	gpt2	182	91	1	assemble	simple	expected	The pilot assembles	0.4982861304796415	0.4982861304796415	9.151126387063414	9.151126387063414
182	gpt2	183	92	1	assert	simple	unexpected	The pilot assert	8.124073929138831e-07	8.124073929138831e-07	20.23129272460937	20.23129272460937
183	gpt2	184	92	1	assert	simple	expected	The pilot asserts	6.10215602137032e-06	6.10215602137032e-06	17.322248458862305	17.322248458862305
184	gpt2	185	93	1	assess	simple	unexpected	The pilot assess	1.6445368601125665e-05	1.6445368601125665e-05	15.891959190368652	15.891959190368652
185	gpt2	186	93	1	assess	simple	expected	The pilot assesses	0.48665004692975344	0.48665004692975344	7.965513497591019	7.965513497591019
186	gpt2	187	94	1	assign	simple	unexpected	The pilot assign	1.9195720142306527e-06	1.9195720142306527e-06	18.99078369140625	18.99078369140625
187	gpt2	188	94	1	assign	simple	expected	The pilot assigns	6.821224360464839e-06	6.821224360464839e-06	17.161537170410156	17.161537170410156
188	gpt2	189	95	1	assimilate	simple	unexpected	The pilot assimilate	0.009082072611832331	0.009082072611832331	14.246729135513307	14.246729135513307
189	gpt2	190	95	1	assimilate	simple	expected	The pilot assimilates	0.20696025920280192	0.20696025920280192	11.991629362106325	11.991629362106325
190	gpt2	191	96	1	assist	simple	unexpected	The pilot assist	1.0127755558642091e-05	1.0127755558642091e-05	16.591325759887695	16.591325759887695
191	gpt2	192	96	1	assist	simple	expected	The pilot assists	7.483023637178121e-06	7.483023637178121e-06	17.02794647216797	17.02794647216797
192	gpt2	193	97	1	assuage	simple	unexpected	The pilot assuage	0.008497640636657382	0.008497640636657382	9.641811688741049	9.641811688741049
193	gpt2	194	97	1	assuage	simple	expected	The pilot assuages	0.12448875527540315	0.12448875527540315	8.122459212938944	8.122459212938944
194	gpt2	195	98	1	assume	simple	unexpected	The pilot assume	1.5556320249743294e-06	1.5556320249743294e-06	19.2940673828125	19.2940673828125
195	gpt2	196	98	1	assume	simple	expected	The pilot assumes	2.370781294303015e-05	2.370781294303015e-05	15.364277839660645	15.364277839660645
196	gpt2	197	99	2	assure	simple	unexpected	The senators assures	6.240734364837408e-07	6.240734364837408e-07	20.611780166625977	20.611780166625977
197	gpt2	198	99	2	assure	simple	expected	The senators assure	3.1444164051208645e-05	3.1444164051208645e-05	14.95684814453125	14.95684814453125
198	gpt2	199	100	2	atone	simple	unexpected	The senators atones	0.0018929475338964109	0.0018929475338964109	15.263278484344482	15.263278484344482
199	gpt2	200	100	2	atone	simple	expected	The senators atone	0.0018949767263620244	0.0018949767263620244	12.948204517364502	12.948204517364502
200	gpt2	201	101	2	attach	simple	unexpected	The senators attaches	3.6666762071035925e-08	3.6666762071035925e-08	24.700952529907227	24.700952529907227
201	gpt2	202	101	2	attach	simple	expected	The senators attach	3.980893598054536e-05	3.980893598054536e-05	14.616548538208008	14.616548538208008
202	gpt2	203	102	2	attack	simple	unexpected	The senators attacks	2.6491659355087904e-06	2.6491659355087904e-06	18.526029586791992	18.526029586791992
203	gpt2	204	102	2	attack	simple	expected	The senators attack	5.8693014580057934e-05	5.8693014580057934e-05	14.056451797485352	14.056451797485352
204	gpt2	205	103	2	attain	simple	unexpected	The senators attains	0.0002064260979750101	0.0002064260979750101	15.010601997375488	15.010601997375488
205	gpt2	206	103	2	attain	simple	expected	The senators attain	1.483413001324152e-07	1.483413001324152e-07	22.6845760345459	22.6845760345459
206	gpt2	207	104	2	attempt	simple	unexpected	The senators attempts	3.4735066947177984e-06	3.4735066947177984e-06	18.13517570495605	18.13517570495605
207	gpt2	208	104	2	attempt	simple	expected	The senators attempt	0.0001072232626029	0.0001072232626029	13.187094688415527	13.187094688415527
208	gpt2	209	105	2	attend	simple	unexpected	The senators attends	2.067954341100631e-07	2.067954341100631e-07	22.205291748046875	22.205291748046875
209	gpt2	210	105	2	attend	simple	expected	The senators attend	4.882854045717977e-05	4.882854045717977e-05	14.32191562652588	14.32191562652588
210	gpt2	211	106	2	attention	simple	unexpected	The senators attentions	0.00021704572111498822	0.00021704572111498822	14.703970909118652	14.703970909118652
211	gpt2	212	106	2	attention	simple	expected	The senators attention	3.986803221778246e-06	3.986803221778246e-06	17.936336517333984	17.936336517333984
212	gpt2	213	107	2	attest	simple	unexpected	The senators attests	0.00142535035320176	0.00142535035320176	13.613442420959473	13.613442420959473
213	gpt2	214	107	2	attest	simple	expected	The senators attest	4.009742497146362e-06	4.009742497146362e-06	17.928058624267578	17.928058624267578
214	gpt2	215	108	2	attract	simple	unexpected	The senators attracts	4.771039119333409e-09	4.771039119333409e-09	27.643049240112305	27.643049240112305
215	gpt2	216	108	2	attract	simple	expected	The senators attract	2.1426283183245687e-06	2.1426283183245687e-06	18.83218765258789	18.83218765258789
216	gpt2	217	109	2	attribute	simple	unexpected	The senators attributes	4.540668214758625e-07	4.540668214758625e-07	21.070592880249023	21.070592880249023
217	gpt2	218	109	2	attribute	simple	expected	The senators attribute	6.356425274134381e-06	6.356425274134381e-06	17.26335334777832	17.26335334777832
218	gpt2	219	110	2	auction	simple	unexpected	The senators auctions	1.6035694994087635e-09	1.6035694994087635e-09	29.216066360473636	29.216066360473636
219	gpt2	220	110	2	auction	simple	expected	The senators auction	6.2344525986191e-07	6.2344525986191e-07	20.61323356628418	20.61323356628418
220	gpt2	221	111	2	audition	simple	unexpected	The senators auditions	0.0019172515651461946	0.0019172515651461946	12.776803493499756	12.776803493499756
221	gpt2	222	111	2	audition	simple	expected	The senators audition	1.3832582226314116e-06	1.3832582226314116e-06	19.463497161865234	19.463497161865234
222	gpt2	223	112	2	audit	simple	unexpected	The senators audits	6.471870594992879e-09	6.471870594992879e-09	27.203170776367188	27.203170776367188
223	gpt2	224	112	2	audit	simple	expected	The senators audit	4.696112512192485e-07	4.696112512192485e-07	21.022029876708984	21.022029876708984
224	gpt2	225	113	2	augment	simple	unexpected	The senators augments	0.0007603258154631167	0.0007603258154631167	15.488290309906006	15.488290309906006
225	gpt2	226	113	2	augment	simple	expected	The senators augment	6.830354095654911e-07	6.830354095654911e-07	20.48153686523437	20.48153686523437
226	gpt2	227	114	2	authorize	simple	unexpected	The senators authorizes	0.028151302745186506	0.028151302745186506	11.183396816253664	11.183396816253664
227	gpt2	228	114	2	authorize	simple	expected	The senators authorize	6.272169684962137e-06	6.272169684962137e-06	17.282604217529297	17.282604217529297
228	gpt2	229	115	2	autograph	simple	unexpected	The senators autographs	0.04879815081589807	0.04879815081589807	12.484659910202026	12.484659910202026
229	gpt2	230	115	2	autograph	simple	expected	The senators autograph	0.10181260059111708	0.10181260059111708	11.954149842262268	11.954149842262268
230	gpt2	231	116	2	average	simple	unexpected	The senators averages	1.5657963814419418e-08	1.5657963814419418e-08	25.92852783203125	25.92852783203125
231	gpt2	232	116	2	average	simple	expected	The senators average	9.5693176263012e-06	9.5693176263012e-06	16.673152923583984	16.673152923583984
232	gpt2	233	117	2	avert	simple	unexpected	The senators averts	5.4103144066175446e-05	5.4103144066175446e-05	14.274178981781006	14.274178981781006
233	gpt2	234	117	2	avert	simple	expected	The senators avert	4.675076979765436e-06	4.675076979765436e-06	17.706579208374023	17.706579208374023
234	gpt2	235	118	2	avoid	simple	unexpected	The senators avoids	3.555754801709554e-07	3.555754801709554e-07	21.42333984375	21.42333984375
235	gpt2	236	118	2	avoid	simple	expected	The senators avoid	5.050012987339869e-05	5.050012987339869e-05	14.273353576660156	14.273353576660156
236	gpt2	237	119	2	await	simple	unexpected	The senators awaits	2.9431947723423946e-07	2.9431947723423946e-07	21.69611358642578	21.69611358642578
237	gpt2	238	119	2	await	simple	expected	The senators await	1.231014175573364e-05	1.231014175573364e-05	16.30979347229004	16.30979347229004
238	gpt2	239	120	2	backfire	simple	unexpected	The senators backfires	0.0002992430227095237	0.0002992430227095237	13.392444610595703	13.392444610595703
239	gpt2	240	120	2	backfire	simple	expected	The senators backfire	0.0005442781548481	0.0005442781548481	10.847156047821045	10.847156047821045
240	gpt2	241	121	2	back	simple	unexpected	The senators backs	5.418800355982967e-06	5.418800355982967e-06	17.493595123291016	17.493595123291016
241	gpt2	242	121	2	back	simple	expected	The senators back	0.0005836684140376	0.0005836684140376	10.742563247680664	10.742563247680664
242	gpt2	243	122	2	bail	simple	unexpected	The senators bails	9.787969793249033e-05	9.787969793249033e-05	13.488748550415039	13.488748550415039
243	gpt2	244	122	2	bail	simple	expected	The senators bail	7.159405868151225e-07	7.159405868151225e-07	20.41365623474121	20.41365623474121
244	gpt2	245	123	2	balance	simple	unexpected	The senators balances	6.769722205035579e-08	6.769722205035579e-08	23.81632804870605	23.81632804870605
245	gpt2	246	123	2	balance	simple	expected	The senators balance	2.385283096373314e-06	2.385283096373314e-06	18.67740821838379	18.67740821838379
246	gpt2	247	124	2	balk	simple	unexpected	The senators balks	0.02449789794646049	0.02449789794646049	12.786154985427856	12.786154985427856
247	gpt2	248	124	2	balk	simple	expected	The senators balk	7.062142685754225e-05	7.062142685754225e-05	13.78953456878662	13.78953456878662
248	gpt2	249	125	2	balloon	simple	unexpected	The senators balloons	3.60784753183907e-08	3.60784753183907e-08	24.72428703308105	24.72428703308105
249	gpt2	250	125	2	balloon	simple	expected	The senators balloon	4.338822350291594e-07	4.338822350291594e-07	21.136192321777344	21.136192321777344
250	gpt2	251	126	2	band	simple	unexpected	The senators bands	1.4879469745210375e-07	1.4879469745210375e-07	22.680173873901367	22.680173873901367
251	gpt2	252	126	2	band	simple	expected	The senators band	1.8779606762109324e-05	1.8779606762109324e-05	15.70047378540039	15.70047378540039
252	gpt2	253	127	2	banish	simple	unexpected	The senators banishes	4.513041881182289e-05	4.513041881182289e-05	15.375867366790771	15.375867366790771
253	gpt2	254	127	2	banish	simple	expected	The senators banish	0.0073495361978074885	0.0073495361978074885	11.647608280181885	11.647608280181885
254	gpt2	255	128	2	bankroll	simple	unexpected	The senators bankrolls	0.008732488728734679	0.008732488728734679	10.636078198750814	10.636078198750814
255	gpt2	256	128	2	bankroll	simple	expected	The senators bankroll	0.012192339811917918	0.012192339811917918	11.40032958984375	11.40032958984375
256	gpt2	257	129	2	bankrupt	simple	unexpected	The senators bankrupts	0.0005594404190176642	0.0005594404190176642	16.67918634414673	16.67918634414673
257	gpt2	258	129	2	bankrupt	simple	expected	The senators bankrupt	8.116650462852705e-08	8.116650462852705e-08	23.554540634155277	23.554540634155277
258	gpt2	259	130	2	bank	simple	unexpected	The senators banks	9.686139037512476e-07	9.686139037512476e-07	19.977575302124023	19.977575302124023
259	gpt2	260	130	2	bank	simple	expected	The senators bank	5.614363544736989e-06	5.614363544736989e-06	17.442445755004883	17.442445755004883
260	gpt2	261	131	2	ban	simple	unexpected	The senators bans	6.222397530564194e-08	6.222397530564194e-08	23.93795394897461	23.93795394897461
261	gpt2	262	131	2	ban	simple	expected	The senators ban	6.612208835576894e-06	6.612208835576894e-06	17.206436157226562	17.206436157226562
262	gpt2	263	132	2	bargain	simple	unexpected	The senators bargains	0.00014007288837092094	0.00014007288837092094	14.21830940246582	14.21830940246582
263	gpt2	264	132	2	bargain	simple	expected	The senators bargain	4.0268491829920094e-06	4.0268491829920094e-06	17.921916961669922	17.921916961669922
264	gpt2	265	133	2	bar	simple	unexpected	The senators bars	3.492784514946834e-07	3.492784514946834e-07	21.449119567871094	21.449119567871094
265	gpt2	266	133	2	bar	simple	expected	The senators bar	1.654881089052651e-05	1.654881089052651e-05	15.882912635803224	15.882912635803224
266	gpt2	267	134	2	base	simple	unexpected	The senators bases	2.397478624516225e-07	2.397478624516225e-07	21.991979598999023	21.991979598999023
267	gpt2	268	134	2	base	simple	expected	The senators base	2.151992157450877e-05	2.151992157450877e-05	15.50396728515625	15.50396728515625
268	gpt2	269	135	2	bash	simple	unexpected	The senators bashes	0.0008815764449536316	0.0008815764449536316	12.553696155548096	12.553696155548096
269	gpt2	270	135	2	bash	simple	expected	The senators bash	9.68492531683296e-06	9.68492531683296e-06	16.65582847595215	16.65582847595215
270	gpt2	271	136	2	batter	simple	unexpected	The senators batters	1.476528854738035e-08	1.476528854738035e-08	26.01321601867676	26.01321601867676
271	gpt2	272	136	2	batter	simple	expected	The senators batter	1.8236271159821626e-07	1.8236271159821626e-07	22.38668632507324	22.38668632507324
272	gpt2	273	137	2	battle	simple	unexpected	The senators battles	4.95614926876442e-07	4.95614926876442e-07	20.944276809692383	20.944276809692383
273	gpt2	274	137	2	battle	simple	expected	The senators battle	2.531143582018558e-05	2.531143582018558e-05	15.269850730895996	15.269850730895996
274	gpt2	275	138	2	bear	simple	unexpected	The senators bears	9.29514243352969e-08	9.29514243352969e-08	23.35894775390625	23.35894775390625
275	gpt2	276	138	2	bear	simple	expected	The senators bear	1.3971692169434393e-05	1.3971692169434393e-05	16.127134323120117	16.127134323120117
276	gpt2	277	139	2	beat	simple	unexpected	The senators beats	1.939824301189219e-08	1.939824301189219e-08	25.61949920654297	25.61949920654297
277	gpt2	278	139	2	beat	simple	expected	The senators beat	6.108931120252237e-05	6.108931120252237e-05	13.998720169067385	13.998720169067385
278	gpt2	279	140	2	become	simple	unexpected	The senators becomes	5.096882205180009e-07	5.096882205180009e-07	20.903881072998047	20.903881072998047
279	gpt2	280	140	2	become	simple	expected	The senators become	5.595316179096699e-05	5.595316179096699e-05	14.125420570373535	14.125420570373535
280	gpt2	281	141	2	bedevil	simple	unexpected	The senators bedevils	0.049047865407582464	0.049047865407582464	10.15224806467692	10.15224806467692
281	gpt2	282	141	2	bedevil	simple	expected	The senators bedevil	0.0069110120637958464	0.0069110120637958464	13.115478754043579	13.115478754043579
282	gpt2	283	142	2	beef	simple	unexpected	The senators beefs	0.00012791659503363798	0.00012791659503363798	15.097367763519287	15.097367763519287
283	gpt2	284	142	2	beef	simple	expected	The senators beef	3.221254928575945e-06	3.221254928575945e-06	18.243946075439453	18.243946075439453
284	gpt2	285	143	2	begin	simple	unexpected	The senators begins	2.288799805683084e-06	2.288799805683084e-06	18.73697662353516	18.73697662353516
285	gpt2	286	143	2	begin	simple	expected	The senators begin	0.000262120302068	0.000262120302068	11.897482872009276	11.897482872009276
286	gpt2	287	144	2	behave	simple	unexpected	The senators behaves	1.4432276707054824e-08	1.4432276707054824e-08	26.046125411987305	26.046125411987305
287	gpt2	288	144	2	behave	simple	expected	The senators behave	2.2526103293785127e-06	2.2526103293785127e-06	18.759971618652344	18.759971618652344
288	gpt2	289	145	2	belie	simple	unexpected	The senators belies	0.0002916488588197955	0.0002916488588197955	13.719106674194336	13.719106674194336
289	gpt2	290	145	2	belie	simple	expected	The senators belie	1.1116318319182028e-06	1.1116318319182028e-06	19.778888702392575	19.778888702392575
290	gpt2	291	146	2	believe	simple	unexpected	The senators believes	2.0913594198646024e-05	2.0913594198646024e-05	15.545199394226074	15.545199394226074
291	gpt2	292	146	2	believe	simple	expected	The senators believe	0.0009303329279646	0.0009303329279646	10.069965362548828	10.069965362548828
292	gpt2	293	147	2	bellow	simple	unexpected	The senators bellows	0.00028591923819471855	0.00028591923819471855	13.95162582397461	13.95162582397461
293	gpt2	294	147	2	bellow	simple	expected	The senators bellow	0.01940807773553387	0.01940807773553387	10.90035104751587	10.90035104751587
294	gpt2	295	148	2	belong	simple	unexpected	The senators belongs	2.39978419358522e-07	2.39978419358522e-07	21.990591049194336	21.990591049194336
295	gpt2	296	148	2	belong	simple	expected	The senators belong	4.6704983105883e-05	4.6704983105883e-05	14.386063575744627	14.386063575744627
296	gpt2	297	149	2	bend	simple	unexpected	The senators bends	2.8933303752864962e-08	2.8933303752864962e-08	25.042694091796875	25.042694091796875
297	gpt2	298	149	2	bend	simple	expected	The senators bend	6.032438705005916e-06	6.032438705005916e-06	17.33882713317871	17.33882713317871
298	gpt2	299	150	2	benefit	simple	unexpected	The senators benefits	7.669677870580927e-07	7.669677870580927e-07	20.3143310546875	20.3143310546875
299	gpt2	300	150	2	benefit	simple	expected	The senators benefit	2.0246501662768424e-05	2.0246501662768424e-05	15.591967582702637	15.591967582702637
300	gpt2	301	151	2	bet	simple	unexpected	The senators bets	5.77897552034301e-08	5.77897552034301e-08	24.04461097717285	24.04461097717285
301	gpt2	302	151	2	bet	simple	expected	The senators bet	5.787061127193738e-06	5.787061127193738e-06	17.39873695373535	17.39873695373535
302	gpt2	303	152	2	are	simple	unexpected	The senators is	0.0004663361760322	0.0004663361760322	11.0663423538208	11.0663423538208
303	gpt2	304	152	2	are	simple	expected	The senators are	0.0579493716359138	0.0579493716359138	4.109063148498535	4.109063148498535
304	gpt2	305	153	2	bid	simple	unexpected	The senators bids	1.5395661989714426e-07	1.5395661989714426e-07	22.630971908569336	22.630971908569336
305	gpt2	306	153	2	bid	simple	expected	The senators bid	3.703840775415301e-05	3.703840775415301e-05	14.72061824798584	14.72061824798584
306	gpt2	307	154	2	bill	simple	unexpected	The senators bills	4.881417680735467e-06	4.881417680735467e-06	17.644268035888672	17.644268035888672
307	gpt2	308	154	2	bill	simple	expected	The senators bill	0.0001731518423184	0.0001731518423184	12.495675086975098	12.495675086975098
308	gpt2	309	155	2	bite	simple	unexpected	The senators bites	5.1735259631868764e-08	5.1735259631868764e-08	24.20427703857422	24.20427703857422
309	gpt2	310	155	2	bite	simple	expected	The senators bite	1.491738430559053e-06	1.491738430559053e-06	19.35457420349121	19.35457420349121
310	gpt2	311	156	2	blackmail	simple	unexpected	The senators blackmails	0.0007645145547030142	0.0007645145547030142	13.000797271728516	13.000797271728516
311	gpt2	312	156	2	blackmail	simple	expected	The senators blackmail	3.730324351636227e-07	3.730324351636227e-07	21.35419464111328	21.35419464111328
312	gpt2	313	157	2	blame	simple	unexpected	The senators blames	3.4860758546528814e-07	3.4860758546528814e-07	21.451892852783203	21.451892852783203
313	gpt2	314	157	2	blame	simple	expected	The senators blame	5.97256475884933e-05	5.97256475884933e-05	14.031290054321287	14.031290054321287
314	gpt2	315	158	2	blast	simple	unexpected	The senators blasts	4.594262179580255e-07	4.594262179580255e-07	21.05366325378418	21.05366325378418
315	gpt2	316	158	2	blast	simple	expected	The senators blast	8.719812285562512e-06	8.719812285562512e-06	16.80727195739746	16.80727195739746
316	gpt2	317	159	2	bleed	simple	unexpected	The senators bleeds	0.002278626151309021	0.002278626151309021	14.350615739822388	14.350615739822388
317	gpt2	318	159	2	bleed	simple	expected	The senators bleed	6.005058850178102e-08	6.005058850178102e-08	23.989246368408203	23.989246368408203
318	gpt2	319	160	2	blend	simple	unexpected	The senators blends	1.0257311444661354e-08	1.0257311444661354e-08	26.53877258300781	26.53877258300781
319	gpt2	320	160	2	blend	simple	expected	The senators blend	1.2143898686645116e-07	1.2143898686645116e-07	22.973264694213867	22.973264694213867
320	gpt2	321	161	2	bless	simple	unexpected	The senators blesses	0.0004299414163142171	0.0004299414163142171	15.336382865905762	15.336382865905762
321	gpt2	322	161	2	bless	simple	expected	The senators bless	6.799573384341784e-07	6.799573384341784e-07	20.488052368164062	20.488052368164062
322	gpt2	323	162	2	blink	simple	unexpected	The senators blinks	0.0007683210651520879	0.0007683210651520879	12.860360145568848	12.860360145568848
323	gpt2	324	162	2	blink	simple	expected	The senators blink	3.0093150371612865e-07	3.0093150371612865e-07	21.664060592651367	21.664060592651367
324	gpt2	325	163	2	block	simple	unexpected	The senators blocks	3.184586887527985e-07	3.184586887527985e-07	21.58238983154297	21.58238983154297
325	gpt2	326	163	2	block	simple	expected	The senators block	6.708580622216687e-05	6.708580622216687e-05	13.863633155822754	13.863633155822754
326	gpt2	327	164	2	blow	simple	unexpected	The senators blows	1.620660228240922e-08	1.620660228240922e-08	25.87884330749512	25.87884330749512
327	gpt2	328	164	2	blow	simple	expected	The senators blow	2.48776882472157e-06	2.48776882472157e-06	18.61671638488769	18.61671638488769
328	gpt2	329	165	2	blunder	simple	unexpected	The senators blunders	0.0006182433799039879	0.0006182433799039879	13.018490314483643	13.018490314483643
329	gpt2	330	165	2	blunder	simple	expected	The senators blunder	0.003810178976891588	0.003810178976891588	11.700855731964111	11.700855731964111
330	gpt2	331	166	2	blunt	simple	unexpected	The senators blunts	0.00022415047806133794	0.00022415047806133794	13.76273250579834	13.76273250579834
331	gpt2	332	166	2	blunt	simple	expected	The senators blunt	3.7319753687370404e-07	3.7319753687370404e-07	21.35355758666992	21.35355758666992
332	gpt2	333	167	2	blur	simple	unexpected	The senators blurs	0.0014323737932499879	0.0014323737932499879	12.40845012664795	12.40845012664795
333	gpt2	334	167	2	blur	simple	expected	The senators blur	2.721336841204902e-06	2.721336841204902e-06	18.487253189086918	18.487253189086918
334	gpt2	335	168	2	board	simple	unexpected	The senators boards	3.44493599868656e-07	3.44493599868656e-07	21.469018936157227	21.469018936157227
335	gpt2	336	168	2	board	simple	expected	The senators board	1.9990480723208748e-05	1.9990480723208748e-05	15.610326766967772	15.610326766967772
336	gpt2	337	169	2	boast	simple	unexpected	The senators boasts	3.536761710165593e-07	3.536761710165593e-07	21.43106842041016	21.43106842041016
337	gpt2	338	169	2	boast	simple	expected	The senators boast	3.429755452089012e-05	3.429755452089012e-05	14.831534385681152	14.831534385681152
338	gpt2	339	170	2	bode	simple	unexpected	The senators bodes	6.446507723012473e-05	6.446507723012473e-05	13.944241046905518	13.944241046905518
339	gpt2	340	170	2	bode	simple	expected	The senators bode	0.00016434203462264033	0.00016434203462264033	13.013993740081787	13.013993740081787
340	gpt2	341	171	2	bog	simple	unexpected	The senators bogs	2.856867286027409e-05	2.856867286027409e-05	16.04586935043335	16.04586935043335
341	gpt2	342	171	2	bog	simple	expected	The senators bog	3.124326042325265e-07	3.124326042325265e-07	21.60995101928711	21.60995101928711
342	gpt2	343	172	2	bolster	simple	unexpected	The senators bolsters	0.4541770477269722	0.4541770477269722	10.679821103811264	10.679821103811264
343	gpt2	344	172	2	bolster	simple	expected	The senators bolster	7.66854100220371e-06	7.66854100220371e-06	16.992616653442383	16.992616653442383
344	gpt2	345	173	2	bomb	simple	unexpected	The senators bombs	5.428845284427553e-08	5.428845284427553e-08	24.13477897644043	24.13477897644043
345	gpt2	346	173	2	bomb	simple	expected	The senators bomb	2.8417066459951457e-06	2.8417066459951457e-06	18.4248104095459	18.4248104095459
346	gpt2	347	174	2	boom	simple	unexpected	The senators booms	0.0015040158096439606	0.0015040158096439606	13.970380306243896	13.970380306243896
347	gpt2	348	174	2	boom	simple	expected	The senators boom	7.97765622451152e-08	7.97765622451152e-08	23.57946014404297	23.57946014404297
348	gpt2	349	175	2	boost	simple	unexpected	The senators boosts	1.588465181612264e-08	1.588465181612264e-08	25.907791137695312	25.907791137695312
349	gpt2	350	175	2	boost	simple	expected	The senators boost	2.3634006538486574e-06	2.3634006538486574e-06	18.690704345703125	18.690704345703125
350	gpt2	351	176	2	borrow	simple	unexpected	The senators borrows	0.005246779906087752	0.005246779906087752	12.68410921096802	12.68410921096802
351	gpt2	352	176	2	borrow	simple	expected	The senators borrow	2.200764583903947e-06	2.200764583903947e-06	18.79356384277344	18.79356384277344
352	gpt2	353	177	2	bother	simple	unexpected	The senators bothers	4.372462214519146e-08	4.372462214519146e-08	24.44697952270508	24.44697952270508
353	gpt2	354	177	2	bother	simple	expected	The senators bother	4.643829925043974e-06	4.643829925043974e-06	17.71625328063965	17.71625328063965
354	gpt2	355	178	2	bottle	simple	unexpected	The senators bottles	1.1332664939800453e-07	1.1332664939800453e-07	23.0730094909668	23.0730094909668
355	gpt2	356	178	2	bottle	simple	expected	The senators bottle	4.2652376919249946e-07	4.2652376919249946e-07	21.160869598388672	21.160869598388672
356	gpt2	357	179	2	bounce	simple	unexpected	The senators bounces	4.5922554647859215e-09	4.5922554647859215e-09	27.698150634765625	27.698150634765625
357	gpt2	358	179	2	bounce	simple	expected	The senators bounce	1.2679165592999198e-06	1.2679165592999198e-06	19.589109420776367	19.589109420776367
358	gpt2	359	180	2	bow	simple	unexpected	The senators bows	2.0251115984137869e-07	2.0251115984137869e-07	22.23549461364746	22.23549461364746
359	gpt2	360	180	2	bow	simple	expected	The senators bow	6.763179499102989e-06	6.763179499102989e-06	17.173866271972656	17.173866271972656
360	gpt2	361	181	2	brace	simple	unexpected	The senators braces	6.16559532318206e-08	6.16559532318206e-08	23.95118522644043	23.95118522644043
361	gpt2	362	181	2	brace	simple	expected	The senators brace	1.185955966320762e-06	1.185955966320762e-06	19.685518264770508	19.685518264770508
362	gpt2	363	182	2	brag	simple	unexpected	The senators brags	0.0021755280022261844	0.0021755280022261844	11.454266548156738	11.454266548156738
363	gpt2	364	182	2	brag	simple	expected	The senators brag	0.018089469899678034	0.018089469899678034	9.922107458114624	9.922107458114624
364	gpt2	365	183	2	branch	simple	unexpected	The senators branches	7.850259464703414e-08	7.850259464703414e-08	23.602684020996094	23.602684020996094
365	gpt2	366	183	2	branch	simple	expected	The senators branch	2.9917011943325637e-06	2.9917011943325637e-06	18.35060310363769	18.35060310363769
366	gpt2	367	184	2	brave	simple	unexpected	The senators braves	0.003911939683916888	0.003911939683916888	12.574466228485107	12.574466228485107
367	gpt2	368	184	2	brave	simple	expected	The senators brave	2.690608562261332e-05	2.690608562261332e-05	15.181708335876465	15.181708335876465
368	gpt2	369	185	2	brazen	simple	unexpected	The senators brazens	3.564715249619136e-05	3.564715249619136e-05	15.051045417785645	15.051045417785645
369	gpt2	370	185	2	brazen	simple	expected	The senators brazen	4.0305376387550496e-06	4.0305376387550496e-06	17.920597076416016	17.920597076416016
370	gpt2	371	186	2	breach	simple	unexpected	The senators breaches	7.595740925125939e-08	7.595740925125939e-08	23.65023422241211	23.65023422241211
371	gpt2	372	186	2	breach	simple	expected	The senators breach	1.4175744809108437e-06	1.4175744809108437e-06	19.42814445495605	19.42814445495605
372	gpt2	373	187	2	break	simple	unexpected	The senators breaks	9.218564400725882e-07	9.218564400725882e-07	20.04895401000977	20.04895401000977
373	gpt2	374	187	2	break	simple	expected	The senators break	0.000178356829565	0.000178356829565	12.452945709228516	12.452945709228516
374	gpt2	375	188	2	breed	simple	unexpected	The senators breeds	5.8509534994755086e-09	5.8509534994755086e-09	27.34868049621582	27.34868049621582
375	gpt2	376	188	2	breed	simple	expected	The senators breed	4.5350594746196293e-07	4.5350594746196293e-07	21.07237434387207	21.07237434387207
376	gpt2	377	189	2	brew	simple	unexpected	The senators brews	0.004568275911338978	0.004568275911338978	13.664798021316528	13.664798021316528
377	gpt2	378	189	2	brew	simple	expected	The senators brew	6.48963407456904e-07	6.48963407456904e-07	20.55535888671875	20.55535888671875
378	gpt2	379	190	2	bribe	simple	unexpected	The senators bribes	1.1445825620626238e-08	1.1445825620626238e-08	26.380603790283203	26.380603790283203
379	gpt2	380	190	2	bribe	simple	expected	The senators bribe	7.461908069217317e-08	7.461908069217317e-08	23.675880432128903	23.675880432128903
380	gpt2	381	191	2	bridge	simple	unexpected	The senators bridges	4.6699703659669474e-08	4.6699703659669474e-08	24.35201072692871	24.35201072692871
381	gpt2	382	191	2	bridge	simple	expected	The senators bridge	1.073811517926515e-06	1.073811517926515e-06	19.828826904296875	19.828826904296875
382	gpt2	383	192	2	brief	simple	unexpected	The senators briefs	8.053528972595814e-07	8.053528972595814e-07	20.24387550354004	20.24387550354004
383	gpt2	384	192	2	brief	simple	expected	The senators brief	2.7909893105970696e-05	2.7909893105970696e-05	15.128864288330078	15.128864288330078
384	gpt2	385	193	2	bring	simple	unexpected	The senators brings	4.0094978430715855e-06	4.0094978430715855e-06	17.928146362304688	17.928146362304688
385	gpt2	386	193	2	bring	simple	expected	The senators bring	0.0006050282390788	0.0006050282390788	10.690710067749023	10.690710067749023
386	gpt2	387	194	2	broadcast	simple	unexpected	The senators broadcasts	1.0536508554537251e-08	1.0536508554537251e-08	26.50002861022949	26.50002861022949
387	gpt2	388	194	2	broadcast	simple	expected	The senators broadcast	8.365185749426018e-06	8.365185749426018e-06	16.867170333862305	16.867170333862305
388	gpt2	389	195	2	broaden	simple	unexpected	The senators broadens	0.001860689355908071	0.001860689355908071	12.303252696990967	12.303252696990967
389	gpt2	390	195	2	broaden	simple	expected	The senators broaden	2.3490554212912684e-06	2.3490554212912684e-06	18.699487686157227	18.699487686157227
390	gpt2	391	196	2	browbeat	simple	unexpected	The senators browbeats	0.021332795641304362	0.021332795641304362	9.848488648732504	9.848488648732504
391	gpt2	392	196	2	browbeat	simple	expected	The senators browbeat	0.3878687362692972	0.3878687362692972	9.680120289325714	9.680120289325714
392	gpt2	393	197	3	brush	simple	unexpected	The surgeon brush	1.730414709300021e-07	1.730414709300021e-07	22.462379455566406	22.462379455566406
393	gpt2	394	197	3	brush	simple	expected	The surgeon brushes	1.1779276974266397e-05	1.1779276974266397e-05	16.373390197753906	16.373390197753906
394	gpt2	395	198	3	buckle	simple	unexpected	The surgeon buckle	9.658318589345072e-09	9.658318589345072e-09	26.62557983398437	26.62557983398437
395	gpt2	396	198	3	buckle	simple	expected	The surgeon buckles	0.02276336505099148	0.02276336505099148	11.541573762893677	11.541573762893677
396	gpt2	397	199	3	buck	simple	unexpected	The surgeon buck	2.471935431458405e-06	2.471935431458405e-06	18.625926971435547	18.625926971435547
397	gpt2	398	199	3	buck	simple	expected	The surgeon bucks	1.087175064640178e-06	1.087175064640178e-06	19.810983657836918	19.810983657836918
398	gpt2	399	200	3	budge	simple	unexpected	The surgeon budge	0.0048571395013254585	0.0048571395013254585	13.049218177795412	13.049218177795412
399	gpt2	400	200	3	budge	simple	expected	The surgeon budges	0.1371232134546858	0.1371232134546858	10.63950449228287	10.63950449228287
400	gpt2	401	201	3	buffer	simple	unexpected	The surgeon buffer	2.7254714041191622e-08	2.7254714041191622e-08	25.12891960144043	25.12891960144043
401	gpt2	402	201	3	buffer	simple	expected	The surgeon buffers	1.0566601105210793e-07	1.0566601105210793e-07	23.17398452758789	23.17398452758789
402	gpt2	403	202	3	buffet	simple	unexpected	The surgeon buffet	1.0670784433841619e-07	1.0670784433841619e-07	23.15983009338379	23.15983009338379
403	gpt2	404	202	3	buffet	simple	expected	The surgeon buffets	0.012000803272371706	0.012000803272371706	11.931907415390015	11.931907415390015
404	gpt2	405	203	3	build	simple	unexpected	The surgeon build	1.4501523537546746e-06	1.4501523537546746e-06	19.39536476135254	19.39536476135254
405	gpt2	406	203	3	build	simple	expected	The surgeon builds	2.524396040826105e-05	2.524396040826105e-05	15.273701667785645	15.273701667785645
406	gpt2	407	204	3	bumble	simple	unexpected	The surgeon bumble	0.00031796490475241655	0.00031796490475241655	12.519769191741943	12.519769191741943
407	gpt2	408	204	3	bumble	simple	expected	The surgeon bumbles	0.0010548952250246165	0.0010548952250246165	11.613412380218506	11.613412380218506
408	gpt2	409	205	3	bump	simple	unexpected	The surgeon bump	1.3081958059046883e-06	1.3081958059046883e-06	19.543989181518555	19.543989181518555
409	gpt2	410	205	3	bump	simple	expected	The surgeon bumps	6.282663889578544e-06	6.282663889578544e-06	17.28019142150879	17.28019142150879
410	gpt2	411	206	3	buoy	simple	unexpected	The surgeon buoy	3.519925328987483e-08	3.519925328987483e-08	24.75988006591797	24.75988006591797
411	gpt2	412	206	3	buoy	simple	expected	The surgeon buoys	0.01732367191323189	0.01732367191323189	12.34933543205261	12.34933543205261
412	gpt2	413	207	3	burn	simple	unexpected	The surgeon burn	2.418452822894324e-06	2.418452822894324e-06	18.65748405456543	18.65748405456543
413	gpt2	414	207	3	burn	simple	expected	The surgeon burns	9.789681826077867e-06	9.789681826077867e-06	16.64030647277832	16.64030647277832
414	gpt2	415	208	3	bury	simple	unexpected	The surgeon bury	1.8755040187556915e-08	1.8755040187556915e-08	25.66814613342285	25.66814613342285
415	gpt2	416	208	3	bury	simple	expected	The surgeon buries	0.4034524717731074	0.4034524717731074	8.65179418027401	8.65179418027401
416	gpt2	417	209	3	buttress	simple	unexpected	The surgeon buttress	0.023833137623341782	0.023833137623341782	11.533016681671143	11.533016681671143
417	gpt2	418	209	3	buttress	simple	expected	The surgeon buttresses	0.13153946647730663	0.13153946647730663	10.300759553909302	10.300759553909302
418	gpt2	419	210	3	butt	simple	unexpected	The surgeon butt	2.389146629866445e-06	2.389146629866445e-06	18.675073623657227	18.675073623657227
419	gpt2	420	210	3	butt	simple	expected	The surgeon butts	0.035243192760390195	0.035243192760390195	8.436030864715576	8.436030864715576
420	gpt2	421	211	3	buy-back	simple	unexpected	The surgeon buy-back	0.02182342816236371	0.02182342816236371	13.440237998962402	13.440237998962402
421	gpt2	422	211	3	buy-back	simple	expected	The surgeon buy-backs	0.02182342816236371	0.02182342816236371	13.440237998962402	13.440237998962402
422	gpt2	423	212	3	buy	simple	unexpected	The surgeon buy	1.8544679392107358e-07	1.8544679392107358e-07	22.362491607666016	22.362491607666016
423	gpt2	424	212	3	buy	simple	expected	The surgeon buys	8.522702046320774e-06	8.522702046320774e-06	16.84025764465332	16.84025764465332
424	gpt2	425	213	3	buzz	simple	unexpected	The surgeon buzz	3.4779384350258624e-06	3.4779384350258624e-06	18.133337020874023	18.133337020874023
425	gpt2	426	213	3	buzz	simple	expected	The surgeon buzzes	0.06320860535277006	0.06320860535277006	10.558555960655212	10.558555960655212
426	gpt2	427	214	3	bypass	simple	unexpected	The surgeon bypass	2.499158108548727e-05	2.499158108548727e-05	15.288198471069336	15.288198471069336
427	gpt2	428	214	3	bypass	simple	expected	The surgeon bypasses	0.11733975378137984	0.11733975378137984	8.689794182777405	8.689794182777405
428	gpt2	429	215	3	calculate	simple	unexpected	The surgeon calculate	3.290471113359672e-07	3.290471113359672e-07	21.535202026367188	21.535202026367188
429	gpt2	430	215	3	calculate	simple	expected	The surgeon calculates	2.423154364805669e-05	2.423154364805669e-05	15.332754135131836	15.332754135131836
430	gpt2	431	216	3	call	simple	unexpected	The surgeon call	1.1314200492051896e-05	1.1314200492051896e-05	16.43150520324707	16.43150520324707
431	gpt2	432	216	3	call	simple	expected	The surgeon calls	0.0005370699218474	0.0005370699218474	10.86260223388672	10.86260223388672
432	gpt2	433	217	3	calm	simple	unexpected	The surgeon calm	9.779412266652798e-07	9.779412266652798e-07	19.96374893188477	19.96374893188477
433	gpt2	434	217	3	calm	simple	expected	The surgeon calms	0.3434947236860353	0.3434947236860353	9.488202631473541	9.488202631473541
434	gpt2	435	218	3	cancel	simple	unexpected	The surgeon cancel	8.708518180355895e-06	8.708518180355895e-06	16.809141159057617	16.809141159057617
435	gpt2	436	218	3	cancel	simple	expected	The surgeon cancels	0.48784992410810446	0.48784992410810446	8.422322362661362	8.422322362661362
436	gpt2	437	219	3	capitalize	simple	unexpected	The surgeon capitalize	4.248122298378121e-09	4.248122298378121e-09	27.810527801513672	27.810527801513672
437	gpt2	438	219	3	capitalize	simple	expected	The surgeon capitalizes	0.2652336600574472	0.2652336600574472	9.856312334537504	9.856312334537504
438	gpt2	439	220	3	capture	simple	unexpected	The surgeon capture	5.8279567838326336e-08	5.8279567838326336e-08	24.032434463500977	24.032434463500977
439	gpt2	440	220	3	capture	simple	expected	The surgeon captures	9.993510502681602e-06	9.993510502681602e-06	16.610576629638672	16.610576629638672
440	gpt2	441	221	3	cap	simple	unexpected	The surgeon cap	2.3978936951607466e-06	2.3978936951607466e-06	18.669801712036133	18.669801712036133
441	gpt2	442	221	3	cap	simple	expected	The surgeon caps	3.210242084605852e-06	3.210242084605852e-06	18.24888610839844	18.24888610839844
442	gpt2	443	222	3	careen	simple	unexpected	The surgeon careen	0.00014792548608963407	0.00014792548608963407	13.651623725891113	13.651623725891113
443	gpt2	444	222	3	careen	simple	expected	The surgeon careens	0.0006607796822208841	0.0006607796822208841	12.528233051300049	12.528233051300049
444	gpt2	445	223	3	care	simple	unexpected	The surgeon care	2.2053311113268137e-05	2.2053311113268137e-05	15.468645095825195	15.468645095825195
445	gpt2	446	223	3	care	simple	expected	The surgeon cares	3.3317264751531184e-05	3.3317264751531184e-05	14.873370170593262	14.873370170593262
446	gpt2	447	224	3	caricature	simple	unexpected	The surgeon caricature	2.8997224177373937e-08	2.8997224177373937e-08	25.03951072692871	25.03951072692871
447	gpt2	448	224	3	caricature	simple	expected	The surgeon caricatures	0.19587950257842832	0.19587950257842832	12.029748499393463	12.029748499393463
448	gpt2	449	225	3	carry	simple	unexpected	The surgeon carry	1.2062887435604353e-06	1.2062887435604353e-06	19.660993576049805	19.660993576049805
449	gpt2	450	225	3	carry	simple	expected	The surgeon carries	0.000273595622275	0.000273595622275	11.835667610168455	11.835667610168455
450	gpt2	451	226	3	cash	simple	unexpected	The surgeon cash	4.145921650433593e-07	4.145921650433593e-07	21.20180320739746	21.20180320739746
451	gpt2	452	226	3	cash	simple	expected	The surgeon cashes	0.40033605181491794	0.40033605181491794	9.970141395926476	9.970141395926476
452	gpt2	453	227	3	cast	simple	unexpected	The surgeon cast	3.847570769721642e-05	3.847570769721642e-05	14.665692329406738	14.665692329406738
453	gpt2	454	227	3	cast	simple	expected	The surgeon casts	3.705992639879696e-05	3.705992639879696e-05	14.71977996826172	14.71977996826172
454	gpt2	455	228	3	catapult	simple	unexpected	The surgeon catapult	8.058515277298284e-07	8.058515277298284e-07	20.242982864379883	20.242982864379883
455	gpt2	456	228	3	catapult	simple	expected	The surgeon catapults	0.33765847531321924	0.33765847531321924	7.8090456603871035	7.8090456603871035
456	gpt2	457	229	3	catch	simple	unexpected	The surgeon catch	3.47182606219576e-07	3.47182606219576e-07	21.457801818847656	21.457801818847656
457	gpt2	458	229	3	catch	simple	expected	The surgeon catches	1.463775333832018e-05	1.463775333832018e-05	16.059946060180664	16.059946060180664
458	gpt2	459	230	3	cater	simple	unexpected	The surgeon cater	9.9518821627953e-08	9.9518821627953e-08	23.26045608520508	23.26045608520508
459	gpt2	460	230	3	cater	simple	expected	The surgeon caters	0.13840915240143659	0.13840915240143659	9.542469501495361	9.542469501495361
460	gpt2	461	231	3	cause	simple	unexpected	The surgeon cause	1.228551809617784e-06	1.228551809617784e-06	19.63460922241211	19.63460922241211
461	gpt2	462	231	3	cause	simple	expected	The surgeon causes	3.121496774838306e-05	3.121496774838306e-05	14.967402458190918	14.967402458190918
462	gpt2	463	232	3	caution	simple	unexpected	The surgeon caution	2.2747185539628845e-06	2.2747185539628845e-06	18.745880126953125	18.745880126953125
463	gpt2	464	232	3	caution	simple	expected	The surgeon cautions	0.45156458372366615	0.45156458372366615	6.805873580276966	6.805873580276966
464	gpt2	465	233	3	cease	simple	unexpected	The surgeon cease	2.2687366652007768e-08	2.2687366652007768e-08	25.393535614013672	25.393535614013672
465	gpt2	466	233	3	cease	simple	expected	The surgeon ceases	1.757363975229964e-06	1.757363975229964e-06	19.11815643310547	19.11815643310547
466	gpt2	467	234	3	cede	simple	unexpected	The surgeon cede	0.0008438125369138828	0.0008438125369138828	11.424673080444336	11.424673080444336
467	gpt2	468	234	3	cede	simple	expected	The surgeon cedes	0.010709235852118533	0.010709235852118533	9.558433294296265	9.558433294296265
468	gpt2	469	235	3	celebrate	simple	unexpected	The surgeon celebrate	3.855337027403039e-08	3.855337027403039e-08	24.62856674194336	24.62856674194336
469	gpt2	470	235	3	celebrate	simple	expected	The surgeon celebrates	9.195432539854664e-06	9.195432539854664e-06	16.73065185546875	16.73065185546875
470	gpt2	471	236	3	cement	simple	unexpected	The surgeon cement	2.2251292648434173e-06	2.2251292648434173e-06	18.77767944335937	18.77767944335937
471	gpt2	472	236	3	cement	simple	expected	The surgeon cements	0.006839578447397783	0.006839578447397783	9.883450031280518	9.883450031280518
472	gpt2	473	237	3	centralize	simple	unexpected	The surgeon centralize	0.0009247593840199961	0.0009247593840199961	13.957571029663086	13.957571029663086
473	gpt2	474	237	3	centralize	simple	expected	The surgeon centralizes	0.04847824964929259	0.04847824964929259	11.10069465637207	11.10069465637207
474	gpt2	475	238	3	certify	simple	unexpected	The surgeon certify	2.67372627149598e-07	2.67372627149598e-07	21.834644317626957	21.834644317626957
475	gpt2	476	238	3	certify	simple	expected	The surgeon certifies	0.4623614740421545	0.4623614740421545	7.77412911131978	7.77412911131978
476	gpt2	477	239	3	challenge	simple	unexpected	The surgeon challenge	4.6275451381916365e-07	4.6275451381916365e-07	21.043249130249023	21.043249130249023
477	gpt2	478	239	3	challenge	simple	expected	The surgeon challenges	3.331166954012588e-05	3.331166954012588e-05	14.873612403869627	14.873612403869627
478	gpt2	479	240	3	change	simple	unexpected	The surgeon change	1.2421045312294154e-06	1.2421045312294154e-06	19.61878204345703	19.61878204345703
479	gpt2	480	240	3	change	simple	expected	The surgeon changes	7.140327215893194e-05	7.140327215893194e-05	13.77365016937256	13.77365016937256
480	gpt2	481	241	3	channel	simple	unexpected	The surgeon channel	1.4110215488472022e-05	1.4110215488472022e-05	16.112899780273438	16.112899780273438
481	gpt2	482	241	3	channel	simple	expected	The surgeon channels	5.720998160541058e-06	5.720998160541058e-06	17.415302276611328	17.415302276611328
482	gpt2	483	242	3	characterize	simple	unexpected	The surgeon characterize	1.4318461971640772e-08	1.4318461971640772e-08	26.05754852294922	26.05754852294922
483	gpt2	484	242	3	characterize	simple	expected	The surgeon characterizes	0.06443074154230997	0.06443074154230997	8.959200263023376	8.959200263023376
484	gpt2	485	243	3	charge	simple	unexpected	The surgeon charge	3.889731488015968e-06	3.889731488015968e-06	17.97189712524414	17.97189712524414
485	gpt2	486	243	3	charge	simple	expected	The surgeon charges	8.342794899363071e-05	8.342794899363071e-05	13.54910945892334	13.54910945892334
486	gpt2	487	244	3	chart	simple	unexpected	The surgeon chart	1.7067501175915822e-05	1.7067501175915822e-05	15.838388442993164	15.838388442993164
487	gpt2	488	244	3	chart	simple	expected	The surgeon charts	1.1755933883250693e-05	1.1755933883250693e-05	16.376251220703125	16.376251220703125
488	gpt2	489	245	3	chase	simple	unexpected	The surgeon chase	1.3223633743564278e-08	1.3223633743564278e-08	26.172306060791016	26.172306060791016
489	gpt2	490	245	3	chase	simple	expected	The surgeon chases	0.05681250223278766	0.05681250223278766	8.556739807128906	8.556739807128906
490	gpt2	491	246	3	chat	simple	unexpected	The surgeon chat	1.0091383728649816e-06	1.0091383728649816e-06	19.91844367980957	19.91844367980957
491	gpt2	492	246	3	chat	simple	expected	The surgeon chats	2.131266683136346e-06	2.131266683136346e-06	18.83985710144043	18.83985710144043
492	gpt2	493	247	3	chauffeur	simple	unexpected	The surgeon chauffeur	0.4195230240060255	0.4195230240060255	7.293866239488125	7.293866239488125
493	gpt2	494	247	3	chauffeur	simple	expected	The surgeon chauffeurs	0.3720325265758599	0.3720325265758599	7.628103298445542	7.628103298445542
494	gpt2	495	248	3	cheat	simple	unexpected	The surgeon cheat	1.9470190792958423e-08	1.9470190792958423e-08	25.61415672302246	25.61415672302246
495	gpt2	496	248	3	cheat	simple	expected	The surgeon cheats	0.01871916322397734	0.01871916322397734	10.18127989768982	10.18127989768982
496	gpt2	497	249	3	check	simple	unexpected	The surgeon check	1.3141635463398416e-05	1.3141635463398416e-05	16.215496063232422	16.215496063232422
497	gpt2	498	249	3	check	simple	expected	The surgeon checks	0.000150873849634	0.000150873849634	12.694369316101074	12.694369316101074
498	gpt2	499	250	3	cheer	simple	unexpected	The surgeon cheer	2.260135488540982e-06	2.260135488540982e-06	18.75515937805176	18.75515937805176
499	gpt2	500	250	3	cheer	simple	expected	The surgeon cheers	1.2307846191106364e-06	1.2307846191106364e-06	19.631990432739254	19.631990432739254
500	gpt2	501	251	3	chew	simple	unexpected	The surgeon chew	6.87204249061324e-08	6.87204249061324e-08	23.79468536376953	23.79468536376953
501	gpt2	502	251	3	chew	simple	expected	The surgeon chews	0.0811107256113246	0.0811107256113246	9.123297691345215	9.123297691345215
502	gpt2	503	252	3	chill	simple	unexpected	The surgeon chill	4.266348128112441e-07	4.266348128112441e-07	21.16049575805664	21.16049575805664
503	gpt2	504	252	3	chill	simple	expected	The surgeon chills	0.00932366379856826	0.00932366379856826	9.862371683120728	9.862371683120728
504	gpt2	505	253	3	chisel	simple	unexpected	The surgeon chisel	0.00020748558017655923	0.00020748558017655923	12.721807479858398	12.721807479858398
505	gpt2	506	253	3	chisel	simple	expected	The surgeon chisels	0.09062312312016728	0.09062312312016728	7.372519572575887	7.372519572575887
506	gpt2	507	254	3	choke	simple	unexpected	The surgeon choke	1.0805009331704696e-08	1.0805009331704696e-08	26.46372413635254	26.46372413635254
507	gpt2	508	254	3	choke	simple	expected	The surgeon chokes	0.03623620027065041	0.03623620027065041	8.881352305412292	8.881352305412292
508	gpt2	509	255	3	choose	simple	unexpected	The surgeon choose	2.256293328173342e-06	2.256293328173342e-06	18.757614135742188	18.757614135742188
509	gpt2	510	255	3	choose	simple	expected	The surgeon chooses	0.0001528049469925	0.0001528049469925	12.676021575927734	12.676021575927734
510	gpt2	511	256	3	chop	simple	unexpected	The surgeon chop	4.770231498696376e-08	4.770231498696376e-08	24.321365356445312	24.321365356445312
511	gpt2	512	256	3	chop	simple	expected	The surgeon chops	3.622945996539784e-06	3.622945996539784e-06	18.074405670166016	18.074405670166016
512	gpt2	513	257	3	churn	simple	unexpected	The surgeon churn	3.375978167241556e-06	3.375978167241556e-06	18.1762638092041	18.1762638092041
513	gpt2	514	257	3	churn	simple	expected	The surgeon churns	0.19265075443729526	0.19265075443729526	9.77610832452774	9.77610832452774
514	gpt2	515	258	3	cinch	simple	unexpected	The surgeon cinch	0.002366914588492333	0.002366914588492333	10.657212495803833	10.657212495803833
515	gpt2	516	258	3	cinch	simple	expected	The surgeon cinches	0.003677094064187233	0.003677094064187233	10.33489203453064	10.33489203453064
516	gpt2	517	259	3	circulate	simple	unexpected	The surgeon circulate	1.7086748682615392e-09	1.7086748682615392e-09	29.124475479125977	29.124475479125977
517	gpt2	518	259	3	circulate	simple	expected	The surgeon circulates	0.44631149390107794	0.44631149390107794	10.712779209017754	10.712779209017754
518	gpt2	519	260	3	circumvent	simple	unexpected	The surgeon circumvent	9.626547807783936e-07	9.626547807783936e-07	19.986478805541992	19.986478805541992
519	gpt2	520	260	3	circumvent	simple	expected	The surgeon circumvents	0.5156156143113245	0.5156156143113245	6.028120644390583	6.028120644390583
520	gpt2	521	261	3	cite	simple	unexpected	The surgeon cite	1.812324796901521e-07	1.812324796901521e-07	22.395654678344727	22.395654678344727
521	gpt2	522	261	3	cite	simple	expected	The surgeon cites	4.071354851475917e-05	4.071354851475917e-05	14.584131240844728	14.584131240844728
522	gpt2	523	262	3	claim	simple	unexpected	The surgeon claim	5.402128863352118e-06	5.402128863352118e-06	17.4980411529541	17.4980411529541
523	gpt2	524	262	3	claim	simple	expected	The surgeon claims	0.0007698221015743	0.0007698221015743	10.34318733215332	10.34318733215332
524	gpt2	525	263	3	clamp	simple	unexpected	The surgeon clamp	5.117030923429411e-07	5.117030923429411e-07	20.89818954467773	20.89818954467773
525	gpt2	526	263	3	clamp	simple	expected	The surgeon clamps	0.057144771166349494	0.057144771166349494	8.367042541503906	8.367042541503906
526	gpt2	527	264	3	clarify	simple	unexpected	The surgeon clarify	2.2269951216458143e-08	2.2269951216458143e-08	25.42032623291016	25.42032623291016
527	gpt2	528	264	3	clarify	simple	expected	The surgeon clarifies	0.49265527672105236	0.49265527672105236	7.607045503333211	7.607045503333211
528	gpt2	529	265	3	clash	simple	unexpected	The surgeon clash	4.539301912132032e-08	4.539301912132032e-08	24.392953872680664	24.392953872680664
529	gpt2	530	265	3	clash	simple	expected	The surgeon clashes	1.6062135728134308e-06	1.6062135728134308e-06	19.24790382385254	19.24790382385254
530	gpt2	531	266	3	classify	simple	unexpected	The surgeon classify	2.1349425338712532e-08	2.1349425338712532e-08	25.48122787475586	25.48122787475586
531	gpt2	532	266	3	classify	simple	expected	The surgeon classifies	0.2444706552378193	0.2444706552378193	7.529389679431916	7.529389679431916
532	gpt2	533	267	3	cleanse	simple	unexpected	The surgeon cleanse	0.326128730311666	0.326128730311666	9.118087977170944	9.118087977170944
533	gpt2	534	267	3	cleanse	simple	expected	The surgeon cleanses	0.02237333679386208	0.02237333679386208	9.96701955795288	9.96701955795288
534	gpt2	535	268	3	clean	simple	unexpected	The surgeon clean	4.965334483131301e-06	4.965334483131301e-06	17.619678497314453	17.619678497314453
535	gpt2	536	268	3	clean	simple	expected	The surgeon cleans	2.232092992926482e-05	2.232092992926482e-05	15.45124340057373	15.45124340057373
536	gpt2	537	269	3	clear	simple	unexpected	The surgeon clear	9.755757673701735e-06	9.755757673701735e-06	16.645315170288086	16.645315170288086
537	gpt2	538	269	3	clear	simple	expected	The surgeon clears	9.01383245945908e-05	9.01383245945908e-05	13.4375	13.4375
538	gpt2	539	270	3	climb	simple	unexpected	The surgeon climb	2.0376049292281093e-07	2.0376049292281093e-07	22.226621627807617	22.226621627807617
539	gpt2	540	270	3	climb	simple	expected	The surgeon climbs	1.9532784790499136e-05	1.9532784790499136e-05	15.643742561340332	15.643742561340332
540	gpt2	541	271	3	cling	simple	unexpected	The surgeon cling	3.8096651167052193e-08	3.8096651167052193e-08	24.64575958251953	24.64575958251953
541	gpt2	542	271	3	cling	simple	expected	The surgeon clings	0.01775032917430505	0.01775032917430505	9.211557149887085	9.211557149887085
542	gpt2	543	272	3	clip	simple	unexpected	The surgeon clip	1.9094997583124498e-07	1.9094997583124498e-07	22.320301055908203	22.320301055908203
543	gpt2	544	272	3	clip	simple	expected	The surgeon clips	1.180270487566304e-06	1.180270487566304e-06	19.69245147705078	19.69245147705078
544	gpt2	545	273	3	clobber	simple	unexpected	The surgeon clobber	0.016044276967780463	0.016044276967780463	8.289846261342367	8.289846261342367
545	gpt2	546	273	3	clobber	simple	expected	The surgeon clobbers	0.039252318953610164	0.039252318953610164	7.781775554021199	7.781775554021199
546	gpt2	547	274	3	close	simple	unexpected	The surgeon close	3.68358232663013e-05	3.68358232663013e-05	14.728530883789062	14.728530883789062
547	gpt2	548	274	3	close	simple	expected	The surgeon closes	7.590407767565921e-05	7.590407767565921e-05	13.685462951660156	13.685462951660156
548	gpt2	549	275	3	cloud	simple	unexpected	The surgeon cloud	1.9493313629936893e-07	1.9493313629936893e-07	22.29051780700684	22.29051780700684
549	gpt2	550	275	3	cloud	simple	expected	The surgeon clouds	6.417285192128476e-08	6.417285192128476e-08	23.893461227416992	23.893461227416992
550	gpt2	551	276	3	clutter	simple	unexpected	The surgeon clutter	3.846829077502889e-09	3.846829077502889e-09	27.95368385314941	27.95368385314941
551	gpt2	552	276	3	clutter	simple	expected	The surgeon clutters	5.40515198963289e-05	5.40515198963289e-05	15.894083023071289	15.894083023071289
552	gpt2	553	277	3	coach	simple	unexpected	The surgeon coach	1.5136665751924738e-05	1.5136665751924738e-05	16.011592864990234	16.011592864990234
553	gpt2	554	277	3	coach	simple	expected	The surgeon coaches	6.14284135735943e-06	6.14284135735943e-06	17.31266212463379	17.31266212463379
554	gpt2	555	278	3	coax	simple	unexpected	The surgeon coax	1.1097564311057797e-05	1.1097564311057797e-05	16.459396362304688	16.459396362304688
555	gpt2	556	278	3	coax	simple	expected	The surgeon coaxes	0.12778559882144688	0.12778559882144688	9.213830888271332	9.213830888271332
556	gpt2	557	279	3	code	simple	unexpected	The surgeon code	1.984635218832409e-06	1.984635218832409e-06	18.94269561767578	18.94269561767578
557	gpt2	558	279	3	code	simple	expected	The surgeon codes	5.239376719146094e-07	5.239376719146094e-07	20.86410140991211	20.86410140991211
558	gpt2	559	280	3	co-exist	simple	unexpected	The surgeon co-exist	0.3878740927175386	0.3878740927175386	7.25511060655117	7.25511060655117
559	gpt2	560	280	3	co-exist	simple	expected	The surgeon co-exists	0.3878740927175386	0.3878740927175386	7.25511060655117	7.25511060655117
560	gpt2	561	281	3	cohere	simple	unexpected	The surgeon cohere	4.0324817746295594e-05	4.0324817746295594e-05	14.704183101654053	14.704183101654053
561	gpt2	562	281	3	cohere	simple	expected	The surgeon coheres	7.508162525482476e-05	7.508162525482476e-05	13.753372192382812	13.753372192382812
562	gpt2	563	282	3	co-host	simple	unexpected	The surgeon co-host	0.3878740927175386	0.3878740927175386	7.25511060655117	7.25511060655117
563	gpt2	564	282	3	co-host	simple	expected	The surgeon co-hosts	0.3878740927175386	0.3878740927175386	7.25511060655117	7.25511060655117
564	gpt2	565	283	3	coincide	simple	unexpected	The surgeon coincide	3.5626788186249314e-09	3.5626788186249314e-09	28.06439018249512	28.06439018249512
565	gpt2	566	283	3	coincide	simple	expected	The surgeon coincides	4.874888190897764e-07	4.874888190897764e-07	20.968128204345703	20.968128204345703
566	gpt2	567	284	3	collaborate	simple	unexpected	The surgeon collaborate	3.547911475720866e-08	3.547911475720866e-08	24.748455047607425	24.748455047607425
567	gpt2	568	284	3	collaborate	simple	expected	The surgeon collaborates	0.47113751924518965	0.47113751924518965	9.194725837558508	9.194725837558508
568	gpt2	569	285	3	collapse	simple	unexpected	The surgeon collapse	1.0376939485468029e-07	1.0376939485468029e-07	23.200115203857425	23.200115203857425
569	gpt2	570	285	3	collapse	simple	expected	The surgeon collapses	6.8014774114999454e-06	6.8014774114999454e-06	17.165719985961914	17.165719985961914
570	gpt2	571	286	3	collect	simple	unexpected	The surgeon collect	5.757535745942732e-07	5.757535745942732e-07	20.72804450988769	20.72804450988769
571	gpt2	572	286	3	collect	simple	expected	The surgeon collects	5.054064968135208e-05	5.054064968135208e-05	14.27219581604004	14.27219581604004
572	gpt2	573	287	3	combat	simple	unexpected	The surgeon combat	3.1361264518636744e-07	3.1361264518636744e-07	21.60451316833496	21.60451316833496
573	gpt2	574	287	3	combat	simple	expected	The surgeon combats	0.004200572973786585	0.004200572973786585	10.736827373504639	10.736827373504639
574	gpt2	575	288	3	combine	simple	unexpected	The surgeon combine	3.934034111807705e-07	3.934034111807705e-07	21.27748680114746	21.27748680114746
575	gpt2	576	288	3	combine	simple	expected	The surgeon combines	1.4600277609133627e-05	1.4600277609133627e-05	16.063644409179688	16.063644409179688
576	gpt2	577	289	3	come	simple	unexpected	The surgeon come	2.474493521731347e-05	2.474493521731347e-05	15.302507400512695	15.302507400512695
577	gpt2	578	289	3	come	simple	expected	The surgeon comes	0.0008729552500881	0.0008729552500881	10.161805152893066	10.161805152893066
578	gpt2	579	290	3	command	simple	unexpected	The surgeon command	5.204261469771154e-06	5.204261469771154e-06	17.551876068115234	17.551876068115234
579	gpt2	580	290	3	command	simple	expected	The surgeon commands	3.080238457187079e-05	3.080238457187079e-05	14.986598014831545	14.986598014831545
580	gpt2	581	291	3	commemorate	simple	unexpected	The surgeon commemorate	4.888419113946441e-10	4.888419113946441e-10	30.929912567138672	30.929912567138672
581	gpt2	582	291	3	commemorate	simple	expected	The surgeon commemorates	0.20881503854843686	0.20881503854843686	10.129594206809996	10.129594206809996
582	gpt2	583	292	3	commend	simple	unexpected	The surgeon commend	3.41758294553074e-07	3.41758294553074e-07	21.48052024841309	21.48052024841309
583	gpt2	584	292	3	commend	simple	expected	The surgeon commends	0.1251509892344984	0.1251509892344984	8.85681015253067	8.85681015253067
584	gpt2	585	293	3	comment	simple	unexpected	The surgeon comment	5.124671133671654e-06	5.124671133671654e-06	17.574108123779297	17.574108123779297
585	gpt2	586	293	3	comment	simple	expected	The surgeon comments	0.0001357676228508	0.0001357676228508	12.846572875976562	12.846572875976562
586	gpt2	587	294	3	commercialize	simple	unexpected	The surgeon commercialize	0.002400603262167066	0.002400603262167066	14.871949911117554	14.871949911117554
587	gpt2	588	294	3	commercialize	simple	expected	The surgeon commercializes	0.12122482468878812	0.12122482468878812	12.042843580245972	12.042843580245972
588	gpt2	589	295	4	commit	simple	unexpected	The senator commit	8.659602031002578e-07	8.659602031002578e-07	20.139196395874023	20.139196395874023
589	gpt2	590	295	4	commit	simple	expected	The senator commits	6.765882517356658e-06	6.765882517356658e-06	17.173290252685547	17.173290252685547
590	gpt2	591	296	4	communicate	simple	unexpected	The senator communicate	1.8677679847201037e-08	1.8677679847201037e-08	25.674108505249023	25.674108505249023
591	gpt2	592	296	4	communicate	simple	expected	The senator communicates	1.5967352737789042e-06	1.5967352737789042e-06	19.25644302368164	19.25644302368164
592	gpt2	593	297	4	compare	simple	unexpected	The senator compare	8.544035381419235e-07	8.544035381419235e-07	20.158578872680664	20.158578872680664
593	gpt2	594	297	4	compare	simple	expected	The senator compares	6.16212491877377e-05	6.16212491877377e-05	13.986212730407717	13.986212730407717
594	gpt2	595	298	4	compel	simple	unexpected	The senator compel	6.835684018824395e-09	6.835684018824395e-09	27.124267578125	27.124267578125
595	gpt2	596	298	4	compel	simple	expected	The senator compels	0.09158754646250597	0.09158754646250597	9.954020977020264	9.954020977020264
596	gpt2	597	299	4	compensate	simple	unexpected	The senator compensate	1.5789019869316693e-08	1.5789019869316693e-08	25.91650390625	25.91650390625
597	gpt2	598	299	4	compensate	simple	expected	The senator compensates	0.48763300091587775	0.48763300091587775	9.958796072751284	9.958796072751284
598	gpt2	599	300	4	compete	simple	unexpected	The senator compete	1.096100632480557e-07	1.096100632480557e-07	23.121116638183597	23.121116638183597
599	gpt2	600	300	4	compete	simple	expected	The senator competes	0.4968107210431754	0.4968107210431754	8.8660351135768	8.8660351135768
600	gpt2	601	301	4	compile	simple	unexpected	The senator compile	1.8204273644073513e-08	1.8204273644073513e-08	25.71114730834961	25.71114730834961
601	gpt2	602	301	4	compile	simple	expected	The senator compiles	0.21740389167734972	0.21740389167734972	9.330431044101715	9.330431044101715
602	gpt2	603	302	4	complain	simple	unexpected	The senator complain	9.072277293853404e-07	9.072277293853404e-07	20.072031021118164	20.072031021118164
603	gpt2	604	302	4	complain	simple	expected	The senator complains	4.563955735648051e-05	4.563955735648051e-05	14.419355392456056	14.419355392456056
604	gpt2	605	303	4	complement	simple	unexpected	The senator complement	2.215637380231783e-07	2.215637380231783e-07	22.10577392578125	22.10577392578125
605	gpt2	606	303	4	complement	simple	expected	The senator complements	0.15154152113893815	0.15154152113893815	10.609874725341797	10.609874725341797
606	gpt2	607	304	4	complete	simple	unexpected	The senator complete	2.677785005289479e-06	2.677785005289479e-06	18.510528564453125	18.510528564453125
607	gpt2	608	304	4	complete	simple	expected	The senator completes	7.143579750845674e-06	7.143579750845674e-06	17.094921112060547	17.094921112060547
608	gpt2	609	305	4	complicate	simple	unexpected	The senator complicate	1.5642859452213997e-08	1.5642859452213997e-08	25.929920196533203	25.929920196533203
609	gpt2	610	305	4	complicate	simple	expected	The senator complicates	0.04888476714086208	0.04888476714086208	10.761197328567505	10.761197328567505
610	gpt2	611	306	4	comply	simple	unexpected	The senator comply	1.5084390625474953e-08	1.5084390625474953e-08	25.98236846923828	25.98236846923828
611	gpt2	612	306	4	comply	simple	expected	The senator complies	0.3973244717676607	0.3973244717676607	9.24974501132965	9.24974501132965
612	gpt2	613	307	4	compound	simple	unexpected	The senator compound	1.0276428952238349e-07	1.0276428952238349e-07	23.214157104492188	23.214157104492188
613	gpt2	614	307	4	compound	simple	expected	The senator compounds	7.949954010655347e-07	7.949954010655347e-07	20.262550354003903	20.262550354003903
614	gpt2	615	308	4	comprise	simple	unexpected	The senator comprise	4.9388543033046524e-08	4.9388543033046524e-08	24.27124786376953	24.27124786376953
615	gpt2	616	308	4	comprise	simple	expected	The senator comprises	1.1747836197173456e-06	1.1747836197173456e-06	19.69917297363281	19.69917297363281
616	gpt2	617	309	4	compromise	simple	unexpected	The senator compromise	7.190268291878965e-08	7.190268291878965e-08	23.729379653930664	23.729379653930664
617	gpt2	618	309	4	compromise	simple	expected	The senator compromises	6.302813062575296e-07	6.302813062575296e-07	20.59749984741211	20.59749984741211
618	gpt2	619	310	4	computerize	simple	unexpected	The senator computerize	0.00030545589573623214	0.00030545589573623214	17.407382011413574	17.407382011413574
619	gpt2	620	310	4	computerize	simple	expected	The senator computerizes	0.006896194613668482	0.006896194613668482	15.15893864631653	15.15893864631653
620	gpt2	621	311	4	compute	simple	unexpected	The senator compute	8.473850954260342e-09	8.473850954260342e-09	26.81433486938477	26.81433486938477
621	gpt2	622	311	4	compute	simple	expected	The senator computes	0.0040152484498321254	0.0040152484498321254	12.21029281616211	12.21029281616211
622	gpt2	623	312	4	conceal	simple	unexpected	The senator conceal	8.397329054332658e-09	8.397329054332658e-09	26.827423095703125	26.827423095703125
623	gpt2	624	312	4	conceal	simple	expected	The senator conceals	0.3666558096454082	0.3666558096454082	9.314531549811363	9.314531549811363
624	gpt2	625	313	4	concede	simple	unexpected	The senator concede	1.3804412901663454e-07	1.3804412901663454e-07	22.788366317749023	22.788366317749023
625	gpt2	626	313	4	concede	simple	expected	The senator concedes	3.628058038884774e-05	3.628058038884774e-05	14.750442504882812	14.750442504882812
626	gpt2	627	314	4	conceive	simple	unexpected	The senator conceive	1.105704505732774e-08	1.105704505732774e-08	26.430458068847656	26.430458068847656
627	gpt2	628	314	4	conceive	simple	expected	The senator conceives	0.06334896183466296	0.06334896183466296	10.581064105033875	10.581064105033875
628	gpt2	629	315	4	concentrate	simple	unexpected	The senator concentrate	4.940813980169879e-08	4.940813980169879e-08	24.270675659179688	24.270675659179688
629	gpt2	630	315	4	concentrate	simple	expected	The senator concentrates	0.49980198755099536	0.49980198755099536	9.290438226045808	9.290438226045808
630	gpt2	631	316	4	concern	simple	unexpected	The senator concern	1.874185358019531e-07	1.874185358019531e-07	22.34723281860352	22.34723281860352
631	gpt2	632	316	4	concern	simple	expected	The senator concerns	1.759333463269286e-05	1.759333463269286e-05	15.794610977172852	15.794610977172852
632	gpt2	633	317	4	conclude	simple	unexpected	The senator conclude	6.948530426598154e-07	6.948530426598154e-07	20.456789016723636	20.456789016723636
633	gpt2	634	317	4	conclude	simple	expected	The senator concludes	9.475305705564097e-05	9.475305705564097e-05	13.36546802520752	13.36546802520752
634	gpt2	635	318	4	condemn	simple	unexpected	The senator condemn	1.5853371451157727e-06	1.5853371451157727e-06	19.26677894592285	19.26677894592285
635	gpt2	636	318	4	condemn	simple	expected	The senator condemns	1.4259152521844952e-05	1.4259152521844952e-05	16.09775161743164	16.09775161743164
636	gpt2	637	319	4	condone	simple	unexpected	The senator condone	1.8579817684383211e-09	1.8579817684383211e-09	29.00361633300781	29.00361633300781
637	gpt2	638	319	4	condone	simple	expected	The senator condones	0.33735495139649174	0.33735495139649174	9.766537606716156	9.766537606716156
638	gpt2	639	320	4	conduct	simple	unexpected	The senator conduct	5.6261658443190754e-08	5.6261658443190754e-08	24.08327293395996	24.08327293395996
639	gpt2	640	320	4	conduct	simple	expected	The senator conducts	2.514797643016209e-06	2.514797643016209e-06	18.60112571716309	18.60112571716309
640	gpt2	641	321	4	confer	simple	unexpected	The senator confer	1.632524799788371e-07	1.632524799788371e-07	22.5463924407959	22.5463924407959
641	gpt2	642	321	4	confer	simple	expected	The senator confers	0.030954198078688905	0.030954198078688905	9.618583679199219	9.618583679199219
642	gpt2	643	322	4	confirm	simple	unexpected	The senator confirm	3.587498440538184e-06	3.587498440538184e-06	18.08859062194824	18.08859062194824
643	gpt2	644	322	4	confirm	simple	expected	The senator confirms	9.402931027580053e-05	9.402931027580053e-05	13.376529693603516	13.376529693603516
644	gpt2	645	323	4	confiscate	simple	unexpected	The senator confiscate	0.017274762900505863	0.017274762900505863	13.911701917648315	13.911701917648315
645	gpt2	646	323	4	confiscate	simple	expected	The senator confiscates	0.30017823113683306	0.30017823113683306	11.852158665657043	11.852158665657043
646	gpt2	647	324	4	conform	simple	unexpected	The senator conform	2.5328674269076146e-07	2.5328674269076146e-07	21.9127254486084	21.9127254486084
647	gpt2	648	324	4	conform	simple	expected	The senator conforms	0.48181084541816693	0.48181084541816693	10.983093520626426	10.983093520626426
648	gpt2	649	325	4	confront	simple	unexpected	The senator confront	2.04739492914996e-07	2.04739492914996e-07	22.219707489013672	22.219707489013672
649	gpt2	650	325	4	confront	simple	expected	The senator confronts	1.43128863783204e-05	1.43128863783204e-05	16.09232521057129	16.09232521057129
650	gpt2	651	326	4	confuse	simple	unexpected	The senator confuse	2.4929795117145662e-08	2.4929795117145662e-08	25.257553100585938	25.257553100585938
651	gpt2	652	326	4	confuse	simple	expected	The senator confuses	0.011614071303483754	0.011614071303483754	10.326221942901611	10.326221942901611
652	gpt2	653	327	4	congratulate	simple	unexpected	The senator congratulate	8.045778798759785e-08	8.045778798759785e-08	23.56719207763672	23.56719207763672
653	gpt2	654	327	4	congratulate	simple	expected	The senator congratulates	0.49656685796617234	0.49656685796617234	8.705991642083973	8.705991642083973
654	gpt2	655	328	4	connect	simple	unexpected	The senator connect	1.0927523419468345e-07	1.0927523419468345e-07	23.12553024291992	23.12553024291992
655	gpt2	656	328	4	connect	simple	expected	The senator connects	6.147775820863899e-06	6.147775820863899e-06	17.311504364013672	17.311504364013672
656	gpt2	657	329	4	connote	simple	unexpected	The senator connote	0.0004769790853060788	0.0004769790853060788	13.349513053894043	13.349513053894043
657	gpt2	658	329	4	connote	simple	expected	The senator connotes	0.006613637250211429	0.006613637250211429	11.445932149887085	11.445932149887085
658	gpt2	659	330	4	conquer	simple	unexpected	The senator conquer	2.3121897729794227e-09	2.3121897729794227e-09	28.688093185424805	28.688093185424805
659	gpt2	660	330	4	conquer	simple	expected	The senator conquers	0.49716434467899306	0.49716434467899306	13.178331320174038	13.178331320174038
660	gpt2	661	331	4	consent	simple	unexpected	The senator consent	3.0232922654249705e-07	3.0232922654249705e-07	21.65737533569336	21.65737533569336
661	gpt2	662	331	4	consent	simple	expected	The senator consents	0.040771792191662826	0.040771792191662826	10.092156648635864	10.092156648635864
662	gpt2	663	332	4	conserve	simple	unexpected	The senator conserve	1.6730417051746826e-10	1.6730417051746826e-10	32.476806640625	32.476806640625
663	gpt2	664	332	4	conserve	simple	expected	The senator conserves	0.14296112217856205	0.14296112217856205	11.5809041261673	11.5809041261673
664	gpt2	665	333	4	consider	simple	unexpected	The senator consider	1.0259595910611097e-05	1.0259595910611097e-05	16.57266616821289	16.57266616821289
665	gpt2	666	333	4	consider	simple	expected	The senator considers	0.0002424611884634	0.0002424611884634	12.009958267211914	12.009958267211914
666	gpt2	667	334	4	consist	simple	unexpected	The senator consist	4.5079044497242655e-08	4.5079044497242655e-08	24.40296745300293	24.40296745300293
667	gpt2	668	334	4	consist	simple	expected	The senator consists	9.052128007169811e-06	9.052128007169811e-06	16.753311157226562	16.753311157226562
668	gpt2	669	335	4	console	simple	unexpected	The senator console	1.98489438218985e-08	1.98489438218985e-08	25.58636283874512	25.58636283874512
669	gpt2	670	335	4	console	simple	expected	The senator consoles	1.8183114036673945e-07	1.8183114036673945e-07	22.39089775085449	22.39089775085449
670	gpt2	671	336	4	consolidate	simple	unexpected	The senator consolidate	4.3378043379505016e-09	4.3378043379505016e-09	27.78038787841797	27.78038787841797
671	gpt2	672	336	4	consolidate	simple	expected	The senator consolidates	0.44135723518176917	0.44135723518176917	10.88216333836317	10.88216333836317
672	gpt2	673	337	4	constitute	simple	unexpected	The senator constitute	8.053578426370224e-08	8.053578426370224e-08	23.565793991088867	23.565793991088867
673	gpt2	674	337	4	constitute	simple	expected	The senator constitutes	2.5294796159869293e-06	2.5294796159869293e-06	18.59272766113281	18.59272766113281
674	gpt2	675	338	4	constrain	simple	unexpected	The senator constrain	0.001178142031221794	0.001178142031221794	13.206470012664795	13.206470012664795
675	gpt2	676	338	4	constrain	simple	expected	The senator constrains	0.347416650037303	0.347416650037303	7.40768935251981	7.40768935251981
676	gpt2	677	339	4	construct	simple	unexpected	The senator construct	3.274124935614964e-07	3.274124935614964e-07	21.542387008666992	21.542387008666992
677	gpt2	678	339	4	construct	simple	expected	The senator constructs	5.844913744113001e-07	5.844913744113001e-07	20.706314086914062	20.706314086914062
678	gpt2	679	340	4	construe	simple	unexpected	The senator construe	0.0013893526033825442	0.0013893526033825442	13.087298393249512	13.087298393249512
679	gpt2	680	340	4	construe	simple	expected	The senator construes	0.39473826391531475	0.39473826391531475	6.478132039308548	6.478132039308548
680	gpt2	681	341	4	consult	simple	unexpected	The senator consult	2.2110200461611385e-06	2.2110200461611385e-06	18.78685569763184	18.78685569763184
681	gpt2	682	341	4	consult	simple	expected	The senator consults	0.49274087234618946	0.49274087234618946	9.403978920541705	9.403978920541705
682	gpt2	683	342	4	consume	simple	unexpected	The senator consume	7.703059523578304e-09	7.703059523578304e-09	26.95192146301269	26.95192146301269
683	gpt2	684	342	4	consume	simple	expected	The senator consumes	5.657612405229884e-07	5.657612405229884e-07	20.75330352783203	20.75330352783203
684	gpt2	685	343	4	contact	simple	unexpected	The senator contact	2.1470270894496934e-07	2.1470270894496934e-07	22.15115547180176	22.15115547180176
685	gpt2	686	343	4	contact	simple	expected	The senator contacts	9.612401754566235e-07	9.612401754566235e-07	19.98859977722168	19.98859977722168
686	gpt2	687	344	4	contain	simple	unexpected	The senator contain	9.764180219917763e-08	9.764180219917763e-08	23.287925720214844	23.287925720214844
687	gpt2	688	344	4	contain	simple	expected	The senator contains	1.318675549555337e-05	1.318675549555337e-05	16.21055030822754	16.21055030822754
688	gpt2	689	345	4	contemplate	simple	unexpected	The senator contemplate	2.3948972582843453e-08	2.3948972582843453e-08	25.315460205078125	25.315460205078125
689	gpt2	690	345	4	contemplate	simple	expected	The senator contemplates	0.49991572764383824	0.49991572764383824	8.728308415054926	8.728308415054926
690	gpt2	691	346	4	contemporize	simple	unexpected	The senator contemporize	1.2886279989743343e-06	1.2886279989743343e-06	20.2578125	20.2578125
691	gpt2	692	346	4	contemporize	simple	expected	The senator contemporizes	4.075818509363671e-06	4.075818509363671e-06	19.370211601257324	19.370211601257324
692	gpt2	693	347	4	contend	simple	unexpected	The senator contend	1.0468370419403072e-06	1.0468370419403072e-06	19.86553192138672	19.86553192138672
693	gpt2	694	347	4	contend	simple	expected	The senator contends	0.0001511575683252	0.0001511575683252	12.691658973693848	12.691658973693848
694	gpt2	695	348	4	content	simple	unexpected	The senator content	2.557949301262852e-06	2.557949301262852e-06	18.576580047607425	18.576580047607425
695	gpt2	696	348	4	content	simple	expected	The senator contents	1.2785319825070476e-07	1.2785319825070476e-07	22.89900779724121	22.89900779724121
696	gpt2	697	349	4	continue	simple	unexpected	The senator continue	5.5483774303866085e-06	5.5483774303866085e-06	17.459503173828125	17.459503173828125
697	gpt2	698	349	4	continue	simple	expected	The senator continues	0.0007575005292892	0.0007575005292892	10.36646556854248	10.36646556854248
698	gpt2	699	350	4	contract	simple	unexpected	The senator contract	6.612069114453334e-08	6.612069114453334e-08	23.850322723388672	23.850322723388672
699	gpt2	700	350	4	contract	simple	expected	The senator contracts	2.593823182905908e-07	2.593823182905908e-07	21.878416061401367	21.878416061401367
700	gpt2	701	351	4	contrast	simple	unexpected	The senator contrast	1.39888436478941e-06	1.39888436478941e-06	19.44729232788086	19.44729232788086
701	gpt2	702	351	4	contrast	simple	expected	The senator contrasts	1.0739257049863228e-05	1.0739257049863228e-05	16.506746292114258	16.506746292114258
702	gpt2	703	352	4	contribute	simple	unexpected	The senator contribute	8.625541170204087e-08	8.625541170204087e-08	23.46681022644043	23.46681022644043
703	gpt2	704	352	4	contribute	simple	expected	The senator contributes	6.007745923852781e-06	6.007745923852781e-06	17.344745635986328	17.344745635986328
704	gpt2	705	353	4	control	simple	unexpected	The senator control	3.780156987431838e-07	3.780156987431838e-07	21.335050582885746	21.335050582885746
705	gpt2	706	353	4	control	simple	expected	The senator controls	8.86432098923251e-06	8.86432098923251e-06	16.783557891845703	16.783557891845703
706	gpt2	707	354	4	con	simple	unexpected	The senator con	9.72100406215759e-06	9.72100406215759e-06	16.650463104248047	16.650463104248047
707	gpt2	708	354	4	con	simple	expected	The senator cons	1.029393752105534e-05	1.029393752105534e-05	16.567846298217773	16.567846298217773
708	gpt2	709	355	4	convene	simple	unexpected	The senator convene	0.006719525897778984	0.006719525897778984	12.437252521514893	12.437252521514893
709	gpt2	710	355	4	convene	simple	expected	The senator convenes	0.4653054950701971	0.4653054950701971	9.3802869617939	9.3802869617939
710	gpt2	711	356	4	convert	simple	unexpected	The senator convert	2.23462421899967e-08	2.23462421899967e-08	25.41539192199707	25.41539192199707
711	gpt2	712	356	4	convert	simple	expected	The senator converts	1.5033623412818995e-06	1.5033623412818995e-06	19.34337615966797	19.34337615966797
712	gpt2	713	357	4	convey	simple	unexpected	The senator convey	3.068172205189512e-08	3.068172205189512e-08	24.958045959472656	24.958045959472656
713	gpt2	714	357	4	convey	simple	expected	The senator conveys	0.4930721460463588	0.4930721460463588	9.975059847347438	9.975059847347438
714	gpt2	715	358	4	convict	simple	unexpected	The senator convict	8.691467456856118e-08	8.691467456856118e-08	23.455825805664062	23.455825805664062
715	gpt2	716	358	4	convict	simple	expected	The senator convicts	0.07542234399204513	0.07542234399204513	11.121314406394957	11.121314406394957
716	gpt2	717	359	4	convince	simple	unexpected	The senator convince	2.218266281772685e-08	2.218266281772685e-08	25.42599296569824	25.42599296569824
717	gpt2	718	359	4	convince	simple	expected	The senator convinces	0.4998153588939261	0.4998153588939261	10.305995780043304	10.305995780043304
718	gpt2	719	360	4	cook	simple	unexpected	The senator cook	1.9023491404368545e-07	1.9023491404368545e-07	22.325714111328125	22.325714111328125
719	gpt2	720	360	4	cook	simple	expected	The senator cooks	5.697897904610727e-07	5.697897904610727e-07	20.743066787719727	20.743066787719727
720	gpt2	721	361	4	cool	simple	unexpected	The senator cool	1.1531516292961896e-06	1.1531516292961896e-06	19.72598648071289	19.72598648071289
721	gpt2	722	361	4	cool	simple	expected	The senator cools	0.342721770604669	0.342721770604669	10.135439544916153	10.135439544916153
722	gpt2	723	362	4	cooperate	simple	unexpected	The senator cooperate	1.1384297060601511e-08	1.1384297060601511e-08	26.38838005065918	26.38838005065918
723	gpt2	724	362	4	cooperate	simple	expected	The senator cooperates	0.044935585847639424	0.044935585847639424	11.957054018974304	11.957054018974304
724	gpt2	725	363	4	coordinate	simple	unexpected	The senator coordinate	1.5525863261700582e-08	1.5525863261700582e-08	25.940752029418945	25.940752029418945
725	gpt2	726	363	4	coordinate	simple	expected	The senator coordinates	9.995239906857023e-07	9.995239906857023e-07	19.93225479125977	19.93225479125977
726	gpt2	727	364	4	cope	simple	unexpected	The senator cope	8.068919754578019e-09	8.068919754578019e-09	26.88497734069824	26.88497734069824
727	gpt2	728	364	4	cope	simple	expected	The senator copes	0.06377444276984079	0.06377444276984079	11.775452971458435	11.775452971458435
728	gpt2	729	365	4	co-produce	simple	unexpected	The senator co-produce	0.43316655429589446	0.43316655429589446	7.115134537220002	7.115134537220002
729	gpt2	730	365	4	co-produce	simple	expected	The senator co-produces	0.43316655429589446	0.43316655429589446	7.115134537220002	7.115134537220002
730	gpt2	731	366	4	copy	simple	unexpected	The senator copy	3.156440016027773e-07	3.156440016027773e-07	21.595197677612305	21.595197677612305
731	gpt2	732	366	4	copy	simple	expected	The senator copies	2.08913957067125e-06	2.08913957067125e-06	18.86865997314453	18.86865997314453
732	gpt2	733	367	4	corner	simple	unexpected	The senator corner	1.1814658762432373e-07	1.1814658762432373e-07	23.01291847229004	23.01291847229004
733	gpt2	734	367	4	corner	simple	expected	The senator corners	3.994208697122304e-08	3.994208697122304e-08	24.5775146484375	24.5775146484375
734	gpt2	735	368	4	corral	simple	unexpected	The senator corral	0.014156254517047226	0.014156254517047226	11.75408411026001	11.75408411026001
735	gpt2	736	368	4	corral	simple	expected	The senator corrals	0.005929796533791876	0.005929796533791876	12.38188123703003	12.38188123703003
736	gpt2	737	369	4	correct	simple	unexpected	The senator correct	5.560921636060812e-06	5.560921636060812e-06	17.45624542236328	17.45624542236328
737	gpt2	738	369	4	correct	simple	expected	The senator corrects	0.4724656729931666	0.4724656729931666	8.768986243754625	8.768986243754625
738	gpt2	739	370	4	correspond	simple	unexpected	The senator correspond	2.627394678711425e-06	2.627394678711425e-06	18.537935256958008	18.537935256958008
739	gpt2	740	370	4	correspond	simple	expected	The senator corresponds	1.1283053709121305e-06	1.1283053709121305e-06	19.75741004943848	19.75741004943848
740	gpt2	741	371	4	co-sponsor	simple	unexpected	The senator co-sponsor	0.43316655429589446	0.43316655429589446	7.115134537220002	7.115134537220002
741	gpt2	742	371	4	co-sponsor	simple	expected	The senator co-sponsors	0.43316655429589446	0.43316655429589446	7.115134537220002	7.115134537220002
742	gpt2	743	372	4	cost	simple	unexpected	The senator cost	1.432293629477499e-05	1.432293629477499e-05	16.091312408447266	16.091312408447266
743	gpt2	744	372	4	cost	simple	expected	The senator costs	3.966335953009548e-06	3.966335953009548e-06	17.943761825561523	17.943761825561523
744	gpt2	745	373	4	cough	simple	unexpected	The senator cough	2.6535110464465106e-07	2.6535110464465106e-07	21.84559440612793	21.84559440612793
745	gpt2	746	373	4	cough	simple	expected	The senator coughs	0.4951153830245971	0.4951153830245971	10.929879054427147	10.929879054427147
746	gpt2	747	374	4	countenance	simple	unexpected	The senator countenance	0.07310572810865779	0.07310572810865779	10.174393773078918	10.174393773078918
747	gpt2	748	374	4	countenance	simple	expected	The senator countenances	0.1646129345175116	0.1646129345175116	8.770593444506327	8.770593444506327
748	gpt2	749	375	4	counteract	simple	unexpected	The senator counteract	8.155566888490284e-09	8.155566888490284e-09	26.86956787109375	26.86956787109375
749	gpt2	750	375	4	counteract	simple	expected	The senator counteracts	0.0034409140243951367	0.0034409140243951367	10.608975648880005	10.608975648880005
750	gpt2	751	376	4	counterprogram	simple	unexpected	The senator counterprogram	0.00041288380816693654	0.00041288380816693654	12.18664836883545	12.18664836883545
751	gpt2	752	376	4	counterprogram	simple	expected	The senator counterprograms	0.001597732375860958	0.001597732375860958	10.78362544377645	10.78362544377645
752	gpt2	753	377	4	counter	simple	unexpected	The senator counter	6.009880598867312e-05	6.009880598867312e-05	14.02230453491211	14.02230453491211
753	gpt2	754	377	4	counter	simple	expected	The senator counters	2.2424752387451008e-05	2.2424752387451008e-05	15.44454860687256	15.44454860687256
754	gpt2	755	378	4	count	simple	unexpected	The senator count	5.121984031575266e-06	5.121984031575266e-06	17.574865341186523	17.574865341186523
755	gpt2	756	378	4	count	simple	expected	The senator counts	5.012639667256735e-05	5.012639667256735e-05	14.284070014953612	14.284070014953612
756	gpt2	757	379	4	court	simple	unexpected	The senator court	4.417361481046101e-07	4.417361481046101e-07	21.11031150817871	21.11031150817871
757	gpt2	758	379	4	court	simple	expected	The senator courts	5.854732307852828e-07	5.854732307852828e-07	20.703893661499023	20.703893661499023
758	gpt2	759	380	4	cover	simple	unexpected	The senator cover	5.507360469891864e-07	5.507360469891864e-07	20.79213523864746	20.79213523864746
759	gpt2	760	380	4	cover	simple	expected	The senator covers	1.8306180209037848e-05	1.8306180209037848e-05	15.737309455871582	15.737309455871582
760	gpt2	761	381	4	crack	simple	unexpected	The senator crack	1.2715529464912834e-06	1.2715529464912834e-06	19.584976196289062	19.584976196289062
761	gpt2	762	381	4	crack	simple	expected	The senator cracks	1.807213493520976e-06	1.807213493520976e-06	19.077800750732425	19.077800750732425
762	gpt2	763	382	4	craft	simple	unexpected	The senator craft	7.237852628350083e-07	7.237852628350083e-07	20.397933959960938	20.397933959960938
763	gpt2	764	382	4	craft	simple	expected	The senator crafts	5.804828902000736e-07	5.804828902000736e-07	20.716243743896484	20.716243743896484
764	gpt2	765	383	4	crank	simple	unexpected	The senator crank	7.17706001296392e-08	7.17706001296392e-08	23.732030868530277	23.732030868530277
765	gpt2	766	383	4	crank	simple	expected	The senator cranks	0.011075239200636102	0.011075239200636102	10.792231798171997	10.792231798171997
766	gpt2	767	384	4	crash	simple	unexpected	The senator crash	3.137137696285208e-07	3.137137696285208e-07	21.604047775268555	21.604047775268555
767	gpt2	768	384	4	crash	simple	expected	The senator crashes	4.2338982098044653e-07	4.2338982098044653e-07	21.171510696411133	21.171510696411133
768	gpt2	769	385	4	crawl	simple	unexpected	The senator crawl	5.183479423465087e-09	5.183479423465087e-09	27.5234317779541	27.5234317779541
769	gpt2	770	385	4	crawl	simple	expected	The senator crawls	0.49746718932004796	0.49746718932004796	11.00795507687144	11.00795507687144
770	gpt2	771	386	4	creak	simple	unexpected	The senator creak	0.0040785673108700606	0.0040785673108700606	13.627775430679321	13.627775430679321
771	gpt2	772	386	4	creak	simple	expected	The senator creaks	0.05847188718959726	0.05847188718959726	11.706908106803894	11.706908106803894
772	gpt2	773	387	4	create	simple	unexpected	The senator create	5.495566028912435e-07	5.495566028912435e-07	20.795228958129883	20.795228958129883
773	gpt2	774	387	4	create	simple	expected	The senator creates	1.701435940049123e-05	1.701435940049123e-05	15.842887878417969	15.842887878417969
774	gpt2	775	388	4	credit	simple	unexpected	The senator credit	1.287759346269013e-06	1.287759346269013e-06	19.56670570373535	19.56670570373535
775	gpt2	776	388	4	credit	simple	expected	The senator credits	3.974228820879944e-05	3.974228820879944e-05	14.61896514892578	14.61896514892578
776	gpt2	777	389	4	crest	simple	unexpected	The senator crest	1.4934558123513852e-07	1.4934558123513852e-07	22.674842834472656	22.674842834472656
777	gpt2	778	389	4	crest	simple	expected	The senator crests	0.02474782131955066	0.02474782131955066	12.32713532447815	12.32713532447815
778	gpt2	779	390	4	criminalize	simple	unexpected	The senator criminalize	0.00026192404857280915	0.00026192404857280915	14.077930450439453	14.077930450439453
779	gpt2	780	390	4	criminalize	simple	expected	The senator criminalizes	0.10706127224784721	0.10706127224784721	9.7314612865448	9.7314612865448
780	gpt2	781	391	4	crimp	simple	unexpected	The senator crimp	0.02505729644716581	0.02505729644716581	13.60305166244507	13.60305166244507
781	gpt2	782	391	4	crimp	simple	expected	The senator crimps	0.02156904823304016	0.02156904823304016	13.711185932159426	13.711185932159426
782	gpt2	783	392	4	criticize	simple	unexpected	The senator criticize	5.687300586032507e-07	5.687300586032507e-07	20.745752334594727	20.745752334594727
783	gpt2	784	392	4	criticize	simple	expected	The senator criticizes	0.29964569439471234	0.29964569439471234	7.802063763141632	7.802063763141632
784	gpt2	785	393	5	crop	simple	unexpected	The teacher crop	5.53027632577141e-07	5.53027632577141e-07	20.7861442565918	20.7861442565918
785	gpt2	786	393	5	crop	simple	expected	The teacher crops	7.815140747879923e-07	7.815140747879923e-07	20.2872257232666	20.2872257232666
786	gpt2	787	394	5	cross	simple	unexpected	The teacher cross	1.6764031897764653e-05	1.6764031897764653e-05	15.86427116394043	15.86427116394043
787	gpt2	788	394	5	cross	simple	expected	The teacher crosses	1.1181319678144064e-05	1.1181319678144064e-05	16.448549270629883	16.448549270629883
788	gpt2	789	395	5	crumble	simple	unexpected	The teacher crumble	8.279906538177784e-09	8.279906538177784e-09	26.84773826599121	26.84773826599121
789	gpt2	790	395	5	crumble	simple	expected	The teacher crumbles	0.009533245221973626	0.009533245221973626	9.752346515655518	9.752346515655518
790	gpt2	791	396	5	crunch	simple	unexpected	The teacher crunch	6.652286401731544e-07	6.652286401731544e-07	20.51964569091797	20.51964569091797
791	gpt2	792	396	5	crunch	simple	expected	The teacher crunches	0.048211860230367144	0.048211860230367144	7.191863775253296	7.191863775253296
792	gpt2	793	397	5	crush	simple	unexpected	The teacher crush	2.4667721731930214e-07	2.4667721731930214e-07	21.95087242126465	21.95087242126465
793	gpt2	794	397	5	crush	simple	expected	The teacher crushes	0.03134729910016173	0.03134729910016173	8.891827940940857	8.891827940940857
794	gpt2	795	398	5	cry	simple	unexpected	The teacher cry	1.4827023733232636e-06	1.4827023733232636e-06	19.363340377807617	19.363340377807617
795	gpt2	796	398	5	cry	simple	expected	The teacher cries	3.013697823917028e-05	3.013697823917028e-05	15.018105506896973	15.018105506896973
796	gpt2	797	399	5	cuff	simple	unexpected	The teacher cuff	9.441717452318701e-08	9.441717452318701e-08	23.336376190185547	23.336376190185547
797	gpt2	798	399	5	cuff	simple	expected	The teacher cuffs	0.005323273820977186	0.005323273820977186	10.04045820236206	10.04045820236206
798	gpt2	799	400	5	curb	simple	unexpected	The teacher curb	9.02813468428576e-08	9.02813468428576e-08	23.400997161865234	23.400997161865234
799	gpt2	800	400	5	curb	simple	expected	The teacher curbs	0.018074361664503134	0.018074361664503134	11.251752376556396	11.251752376556396
800	gpt2	801	401	5	cure	simple	unexpected	The teacher cure	4.130701469762244e-08	4.130701469762244e-08	24.529037475585938	24.529037475585938
801	gpt2	802	401	5	cure	simple	expected	The teacher cures	1.2478218991418544e-07	1.2478218991418544e-07	22.934083938598636	22.934083938598636
802	gpt2	803	402	5	curl	simple	unexpected	The teacher curl	4.255131003105817e-08	4.255131003105817e-08	24.48622131347656	24.48622131347656
803	gpt2	804	402	5	curl	simple	expected	The teacher curls	4.044339050324197e-07	4.044339050324197e-07	21.237592697143555	21.237592697143555
804	gpt2	805	403	5	curry	simple	unexpected	The teacher curry	7.597464701802893e-08	7.597464701802893e-08	23.649906158447266	23.649906158447266
805	gpt2	806	403	5	curry	simple	expected	The teacher curries	0.004587646630852732	0.004587646630852732	12.241084575653076	12.241084575653076
806	gpt2	807	404	5	curtail	simple	unexpected	The teacher curtail	1.3076506100162533e-08	1.3076506100162533e-08	26.188447952270508	26.188447952270508
807	gpt2	808	404	5	curtail	simple	expected	The teacher curtails	0.006132197157739932	0.006132197157739932	12.031667470932007	12.031667470932007
808	gpt2	809	405	5	cushion	simple	unexpected	The teacher cushion	1.4670663972538025e-07	1.4670663972538025e-07	22.7005615234375	22.7005615234375
809	gpt2	810	405	5	cushion	simple	expected	The teacher cushions	0.0690180667725144	0.0690180667725144	12.047982454299929	12.047982454299929
810	gpt2	811	406	5	cut	simple	unexpected	The teacher cut	0.0002611653762869	0.0002611653762869	11.902749061584473	11.902749061584473
811	gpt2	812	406	5	cut	simple	expected	The teacher cuts	0.0001529244764242	0.0001529244764242	12.674893379211426	12.674893379211426
812	gpt2	813	407	5	dabble	simple	unexpected	The teacher dabble	0.006059879400766014	0.006059879400766014	13.96611523628235	13.96611523628235
813	gpt2	814	407	5	dabble	simple	expected	The teacher dabbles	0.06396863884583577	0.06396863884583577	7.106230656305949	7.106230656305949
814	gpt2	815	408	5	damage	simple	unexpected	The teacher damage	1.2773601838489412e-06	1.2773601838489412e-06	19.57840347290039	19.57840347290039
815	gpt2	816	408	5	damage	simple	expected	The teacher damages	1.6625634771116893e-06	1.6625634771116893e-06	19.19815826416016	19.19815826416016
816	gpt2	817	409	5	dampen	simple	unexpected	The teacher dampen	0.0015277155589501173	0.0015277155589501173	15.089974880218506	15.089974880218506
817	gpt2	818	409	5	dampen	simple	expected	The teacher dampens	0.02214161536267052	0.02214161536267052	13.161259651184082	13.161259651184082
818	gpt2	819	410	5	damp	simple	unexpected	The teacher damp	2.690885594347492e-07	2.690885594347492e-07	21.825414657592773	21.825414657592773
819	gpt2	820	410	5	damp	simple	expected	The teacher damps	0.0002760626302915	0.0002760626302915	11.885866165161133	11.885866165161133
820	gpt2	821	411	5	dance	simple	unexpected	The teacher dance	1.3555788882513298e-06	1.3555788882513298e-06	19.492658615112305	19.492658615112305
821	gpt2	822	411	5	dance	simple	expected	The teacher dances	6.5990361690637656e-06	6.5990361690637656e-06	17.209312438964844	17.209312438964844
822	gpt2	823	412	5	dare	simple	unexpected	The teacher dare	2.0602567474270472e-06	2.0602567474270472e-06	18.888744354248047	18.888744354248047
823	gpt2	824	412	5	dare	simple	expected	The teacher dares	0.0429307524391333	0.0429307524391333	7.9304962158203125	7.9304962158203125
824	gpt2	825	413	5	dash	simple	unexpected	The teacher dash	1.03082163604995e-06	1.03082163604995e-06	19.887773513793945	19.887773513793945
825	gpt2	826	413	5	dash	simple	expected	The teacher dashes	0.009627155428461199	0.009627155428461199	9.014647245407104	9.014647245407104
826	gpt2	827	414	5	date	simple	unexpected	The teacher date	6.610648028981814e-07	6.610648028981814e-07	20.528705596923828	20.528705596923828
827	gpt2	828	414	5	date	simple	expected	The teacher dates	2.8494271191448206e-06	2.8494271191448206e-06	18.420896530151367	18.420896530151367
828	gpt2	829	415	5	deal	simple	unexpected	The teacher deal	4.365758286439814e-06	4.365758286439814e-06	17.805335998535156	17.805335998535156
829	gpt2	830	415	5	deal	simple	expected	The teacher deals	7.592373549414333e-06	7.592373549414333e-06	17.007017135620117	17.007017135620117
830	gpt2	831	416	5	debate	simple	unexpected	The teacher debate	6.219021997821983e-06	6.219021997821983e-06	17.294879913330078	17.294879913330078
831	gpt2	832	416	5	debate	simple	expected	The teacher debates	5.836795480718138e-06	5.836795480718138e-06	17.38639259338379	17.38639259338379
832	gpt2	833	417	5	debunk	simple	unexpected	The teacher debunk	1.4702261807997274e-07	1.4702261807997274e-07	22.697458267211918	22.697458267211918
833	gpt2	834	417	5	debunk	simple	expected	The teacher debunks	0.09713515243038269	0.09713515243038269	9.629704236984253	9.629704236984253
834	gpt2	835	418	5	debut	simple	unexpected	The teacher debut	3.199579623469617e-07	3.199579623469617e-07	21.57561492919922	21.57561492919922
835	gpt2	836	418	5	debut	simple	expected	The teacher debuts	0.05653794831141564	0.05653794831141564	10.020113110542297	10.020113110542297
836	gpt2	837	419	5	deceive	simple	unexpected	The teacher deceive	1.1575423286558362e-08	1.1575423286558362e-08	26.36435890197754	26.36435890197754
837	gpt2	838	419	5	deceive	simple	expected	The teacher deceives	0.4892991292478328	0.4892991292478328	11.14137355610728	11.14137355610728
838	gpt2	839	420	5	decide	simple	unexpected	The teacher decide	1.99285136659455e-06	1.99285136659455e-06	18.93673515319824	18.93673515319824
839	gpt2	840	420	5	decide	simple	expected	The teacher decides	0.0001716977276373	0.0001716977276373	12.507841110229492	12.507841110229492
840	gpt2	841	421	5	declare	simple	unexpected	The teacher declare	5.130693239152606e-07	5.130693239152606e-07	20.89434242248535	20.89434242248535
841	gpt2	842	421	5	declare	simple	expected	The teacher declares	6.92526446073316e-05	6.92526446073316e-05	13.817770957946776	13.817770957946776
842	gpt2	843	422	5	decline	simple	unexpected	The teacher decline	4.694292783824494e-06	4.694292783824494e-06	17.700660705566406	17.700660705566406
843	gpt2	844	422	5	decline	simple	expected	The teacher declines	7.980727241374552e-05	7.980727241374552e-05	13.613120079040527	13.613120079040527
844	gpt2	845	423	5	decrease	simple	unexpected	The teacher decrease	1.2036771579460037e-07	1.2036771579460037e-07	22.986047744750977	22.986047744750977
845	gpt2	846	423	5	decrease	simple	expected	The teacher decreases	1.14903502890229e-06	1.14903502890229e-06	19.73114585876465	19.73114585876465
846	gpt2	847	424	5	deduct	simple	unexpected	The teacher deduct	4.4153480871500506e-07	4.4153480871500506e-07	21.11096954345703	21.11096954345703
847	gpt2	848	424	5	deduct	simple	expected	The teacher deducts	0.48061202191486535	0.48061202191486535	10.584012780338526	10.584012780338526
848	gpt2	849	425	5	default	simple	unexpected	The teacher default	7.321037173824152e-06	7.321037173824152e-06	17.059520721435547	17.059520721435547
849	gpt2	850	425	5	default	simple	expected	The teacher defaults	5.1841498134308495e-06	5.1841498134308495e-06	17.55746078491211	17.55746078491211
850	gpt2	851	426	5	defeat	simple	unexpected	The teacher defeat	6.694851890642894e-07	6.694851890642894e-07	20.51044464111328	20.51044464111328
851	gpt2	852	426	5	defeat	simple	expected	The teacher defeats	5.262816102913348e-06	5.262816102913348e-06	17.535734176635742	17.535734176635742
852	gpt2	853	427	5	defect	simple	unexpected	The teacher defect	1.2264399629202671e-06	1.2264399629202671e-06	19.63709259033203	19.63709259033203
853	gpt2	854	427	5	defect	simple	expected	The teacher defects	3.053189857382677e-06	3.053189857382677e-06	18.321250915527344	18.321250915527344
854	gpt2	855	428	5	defend	simple	unexpected	The teacher defend	9.801185569813242e-07	9.801185569813242e-07	19.96054077148437	19.96054077148437
855	gpt2	856	428	5	defend	simple	expected	The teacher defends	4.5604836486745626e-05	4.5604836486745626e-05	14.420454025268556	14.420454025268556
856	gpt2	857	429	5	defer	simple	unexpected	The teacher defer	5.636426294586272e-07	5.636426294586272e-07	20.758716583251957	20.758716583251957
857	gpt2	858	429	5	defer	simple	expected	The teacher defers	0.005902431796130248	0.005902431796130248	10.03746485710144	10.03746485710144
858	gpt2	859	430	5	define	simple	unexpected	The teacher define	1.777752771658925e-07	1.777752771658925e-07	22.42344284057617	22.42344284057617
859	gpt2	860	430	5	define	simple	expected	The teacher defines	3.072551771765575e-05	3.072551771765575e-05	14.99020290374756	14.99020290374756
860	gpt2	861	431	5	deflect	simple	unexpected	The teacher deflect	8.852944688442221e-07	8.852944688442221e-07	20.10733985900879	20.10733985900879
861	gpt2	862	431	5	deflect	simple	expected	The teacher deflects	0.4719550565712609	0.4719550565712609	10.095309924334288	10.095309924334288
862	gpt2	863	432	5	defraud	simple	unexpected	The teacher defraud	0.001511817339633098	0.001511817339633098	11.033902168273926	11.033902168273926
863	gpt2	864	432	5	defraud	simple	expected	The teacher defrauds	0.3049527043525207	0.3049527043525207	7.400320167342822	7.400320167342822
864	gpt2	865	433	5	defuse	simple	unexpected	The teacher defuse	0.0005596855262410481	0.0005596855262410481	11.783592224121094	11.783592224121094
865	gpt2	866	433	5	defuse	simple	expected	The teacher defuses	0.0015507862044614482	0.0015507862044614482	11.015069484710693	11.015069484710693
866	gpt2	867	434	5	degenerate	simple	unexpected	The teacher degenerate	0.03189010081960927	0.03189010081960927	12.776359558105469	12.776359558105469
867	gpt2	868	434	5	degenerate	simple	expected	The teacher degenerates	0.23474850786998047	0.23474850786998047	11.33638882637024	11.33638882637024
868	gpt2	869	435	5	delay	simple	unexpected	The teacher delay	2.552621083395934e-07	2.552621083395934e-07	21.901517868041992	21.901517868041992
869	gpt2	870	435	5	delay	simple	expected	The teacher delays	2.6503714707359904e-06	2.6503714707359904e-06	18.525373458862305	18.525373458862305
870	gpt2	871	436	5	delegate	simple	unexpected	The teacher delegate	7.368580554611981e-07	7.368580554611981e-07	20.37211036682129	20.37211036682129
871	gpt2	872	436	5	delegate	simple	expected	The teacher delegates	1.1125025594083129e-06	1.1125025594083129e-06	19.777759552001957	19.777759552001957
872	gpt2	873	437	5	deliberate	simple	unexpected	The teacher deliberate	7.287624725904607e-07	7.287624725904607e-07	20.38804817199707	20.38804817199707
873	gpt2	874	437	5	deliberate	simple	expected	The teacher deliberates	0.036733700633590126	0.036733700633590126	10.895230770111082	10.895230770111082
874	gpt2	875	438	5	delight	simple	unexpected	The teacher delight	1.0200333235843573e-06	1.0200333235843573e-06	19.902952194213867	19.902952194213867
875	gpt2	876	438	5	delight	simple	expected	The teacher delights	0.1924138211297759	0.1924138211297759	8.686139047145844	8.686139047145844
876	gpt2	877	439	5	deliver	simple	unexpected	The teacher deliver	7.158074595281505e-07	7.158074595281505e-07	20.41392517089844	20.41392517089844
877	gpt2	878	439	5	deliver	simple	expected	The teacher delivers	5.1146354962838814e-05	5.1146354962838814e-05	14.255008697509766	14.255008697509766
878	gpt2	879	440	5	demand	simple	unexpected	The teacher demand	4.95131916977698e-06	4.95131916977698e-06	17.623756408691406	17.623756408691406
879	gpt2	880	440	5	demand	simple	expected	The teacher demands	0.0001351934333797	0.0001351934333797	12.852686882019045	12.852686882019045
880	gpt2	881	441	5	demilitarize	simple	unexpected	The teacher demilitarize	0.24959992762524055	0.24959992762524055	8.539900153293274	8.539900153293274
881	gpt2	882	441	5	demilitarize	simple	expected	The teacher demilitarizes	0.28330755035494803	0.28330755035494803	7.063518672599457	7.063518672599457
882	gpt2	883	442	5	demobilize	simple	unexpected	The teacher demobilize	0.0019461746511902865	0.0019461746511902865	10.44264586766561	10.44264586766561
883	gpt2	884	442	5	demobilize	simple	expected	The teacher demobilizes	0.06530657282079723	0.06530657282079723	8.664154450098673	8.664154450098673
884	gpt2	885	443	5	democratize	simple	unexpected	The teacher democratize	0.005470534384201602	0.005470534384201602	13.985295057296753	13.985295057296753
885	gpt2	886	443	5	democratize	simple	expected	The teacher democratizes	0.0935503193810092	0.0935503193810092	11.937279105186462	11.937279105186462
886	gpt2	887	444	5	demolish	simple	unexpected	The teacher demolish	0.00322282045260631	0.00322282045260631	13.175703048706055	13.175703048706055
887	gpt2	888	444	5	demolish	simple	expected	The teacher demolishes	0.47983090310469834	0.47983090310469834	9.56647221930325	9.56647221930325
888	gpt2	889	445	5	demonstrate	simple	unexpected	The teacher demonstrate	2.885665537633031e-07	2.885665537633031e-07	21.724592208862305	21.724592208862305
889	gpt2	890	445	5	demonstrate	simple	expected	The teacher demonstrates	5.2691866585519165e-05	5.2691866585519165e-05	14.21205997467041	14.21205997467041
890	gpt2	891	446	5	denude	simple	unexpected	The teacher denude	1.6856394893238758e-05	1.6856394893238758e-05	17.021496772766113	17.021496772766113
891	gpt2	892	446	5	denude	simple	expected	The teacher denudes	0.00034615567727767335	0.00034615567727767335	14.80444288253784	14.80444288253784
892	gpt2	893	447	5	deny	simple	unexpected	The teacher deny	3.012223714904394e-07	3.012223714904394e-07	21.66266822814941	21.66266822814941
893	gpt2	894	447	5	deny	simple	expected	The teacher denies	7.835088763386011e-05	7.835088763386011e-05	13.639690399169922	13.639690399169922
894	gpt2	895	448	5	depart	simple	unexpected	The teacher depart	1.1841392222322614e-07	1.1841392222322614e-07	23.00965690612793	23.00965690612793
895	gpt2	896	448	5	depart	simple	expected	The teacher departs	0.39601675074663945	0.39601675074663945	7.481641024351119	7.481641024351119
896	gpt2	897	449	5	depend	simple	unexpected	The teacher depend	8.33184188309133e-08	8.33184188309133e-08	23.516788482666016	23.516788482666016
897	gpt2	898	449	5	depend	simple	expected	The teacher depends	2.07511675398564e-06	2.07511675398564e-06	18.87837600708008	18.87837600708008
898	gpt2	899	450	5	depict	simple	unexpected	The teacher depict	1.7330695101236415e-08	1.7330695101236415e-08	25.782094955444336	25.782094955444336
899	gpt2	900	450	5	depict	simple	expected	The teacher depicts	4.503311629378004e-06	4.503311629378004e-06	17.760581970214844	17.760581970214844
900	gpt2	901	451	5	deposit	simple	unexpected	The teacher deposit	9.554252500265649e-08	9.554252500265649e-08	23.31928253173828	23.31928253173828
901	gpt2	902	451	5	deposit	simple	expected	The teacher deposits	1.3365495306061348e-06	1.3365495306061348e-06	19.5130558013916	19.5130558013916
902	gpt2	903	452	5	depress	simple	unexpected	The teacher depress	1.7168109422982525e-07	1.7168109422982525e-07	22.473766326904297	22.473766326904297
903	gpt2	904	452	5	depress	simple	expected	The teacher depresses	0.005546691623749165	0.005546691623749165	10.563074827194214	10.563074827194214
904	gpt2	905	453	5	deprive	simple	unexpected	The teacher deprive	1.0304589181941992e-08	1.0304589181941992e-08	26.532136917114254	26.532136917114254
905	gpt2	906	453	5	deprive	simple	expected	The teacher deprives	0.47654627518397774	0.47654627518397774	10.101424224674703	10.101424224674703
906	gpt2	907	454	5	derail	simple	unexpected	The teacher derail	1.0154012386465185e-07	1.0154012386465185e-07	23.231447219848636	23.231447219848636
907	gpt2	908	454	5	derail	simple	expected	The teacher derails	0.00704708919602124	0.00704708919602124	11.463601350784302	11.463601350784302
908	gpt2	909	455	5	deregulate	simple	unexpected	The teacher deregulate	0.004635949381433062	0.004635949381433062	10.03659168879191	10.03659168879191
909	gpt2	910	455	5	deregulate	simple	expected	The teacher deregulates	0.23681847323799346	0.23681847323799346	8.080047369003296	8.080047369003296
910	gpt2	911	456	5	describe	simple	unexpected	The teacher describe	1.4321590242616369e-06	1.4321590242616369e-06	19.41337776184082	19.41337776184082
911	gpt2	912	456	5	describe	simple	expected	The teacher describes	0.000429188250564	0.000429188250564	11.186101913452148	11.186101913452148
912	gpt2	913	457	5	desert	simple	unexpected	The teacher desert	2.603185293992283e-07	2.603185293992283e-07	21.873218536376957	21.873218536376957
913	gpt2	914	457	5	desert	simple	expected	The teacher deserts	6.265114649295357e-08	6.265114649295357e-08	23.928083419799805	23.928083419799805
914	gpt2	915	458	5	deserve	simple	unexpected	The teacher deserve	4.1697924757500004e-07	4.1697924757500004e-07	21.19352149963379	21.19352149963379
915	gpt2	916	458	5	deserve	simple	expected	The teacher deserves	3.611136708059348e-05	3.611136708059348e-05	14.757186889648438	14.757186889648438
916	gpt2	917	459	5	designate	simple	unexpected	The teacher designate	2.0431545522114905e-07	2.0431545522114905e-07	22.22269821166992	22.22269821166992
917	gpt2	918	459	5	designate	simple	expected	The teacher designates	0.19034359850002144	0.19034359850002144	9.265619099140167	9.265619099140167
918	gpt2	919	460	5	design	simple	unexpected	The teacher design	6.933957592991646e-06	6.933957592991646e-06	17.137889862060547	17.137889862060547
919	gpt2	920	460	5	design	simple	expected	The teacher designs	1.9614760731201386e-06	1.9614760731201386e-06	18.95962905883789	18.95962905883789
920	gpt2	921	461	5	desist	simple	unexpected	The teacher desist	0.002925344914729053	0.002925344914729053	11.588291883468628	11.588291883468628
921	gpt2	922	461	5	desist	simple	expected	The teacher desists	0.003096918747360153	0.003096918747360153	11.547054529190063	11.547054529190063
922	gpt2	923	462	5	destabilize	simple	unexpected	The teacher destabilize	0.0015162943021351702	0.0015162943021351702	15.14635705947876	15.14635705947876
923	gpt2	924	462	5	destabilize	simple	expected	The teacher destabilizes	0.08002999295452182	0.08002999295452182	12.285339117050171	12.285339117050171
924	gpt2	925	463	5	destroy	simple	unexpected	The teacher destroy	4.417369723341835e-07	4.417369723341835e-07	21.11030960083008	21.11030960083008
925	gpt2	926	463	5	destroy	simple	expected	The teacher destroys	1.1447787073848303e-05	1.1447787073848303e-05	16.41457176208496	16.41457176208496
926	gpt2	927	464	5	detect	simple	unexpected	The teacher detect	6.275926978105417e-08	6.275926978105417e-08	23.925596237182617	23.925596237182617
927	gpt2	928	464	5	detect	simple	expected	The teacher detects	2.025701860475237e-06	2.025701860475237e-06	18.91314697265625	18.91314697265625
928	gpt2	929	465	5	deteriorate	simple	unexpected	The teacher deteriorate	0.0029654252609247677	0.0029654252609247677	14.641263246536255	14.641263246536255
929	gpt2	930	465	5	deteriorate	simple	expected	The teacher deteriorates	0.49242533243130987	0.49242533243130987	10.953470861539245	10.953470861539245
930	gpt2	931	466	5	determine	simple	unexpected	The teacher determine	2.167455903645532e-07	2.167455903645532e-07	22.13749313354492	22.13749313354492
931	gpt2	932	466	5	determine	simple	expected	The teacher determines	1.7014910554280505e-05	1.7014910554280505e-05	15.842841148376465	15.842841148376465
932	gpt2	933	467	5	deter	simple	unexpected	The teacher deter	4.406228697462211e-07	4.406228697462211e-07	21.11395263671875	21.11395263671875
933	gpt2	934	467	5	deter	simple	expected	The teacher deters	0.01784873942551708	0.01784873942551708	10.535436868667603	10.535436868667603
934	gpt2	935	468	5	detract	simple	unexpected	The teacher detract	1.9664271633246247e-07	1.9664271633246247e-07	22.27791976928711	22.27791976928711
935	gpt2	936	468	5	detract	simple	expected	The teacher detracts	0.47528878745786335	0.47528878745786335	11.17552187293768	11.17552187293768
936	gpt2	937	469	5	develop	simple	unexpected	The teacher develop	3.9526719319837866e-07	3.9526719319837866e-07	21.27066802978516	21.27066802978516
937	gpt2	938	469	5	develop	simple	expected	The teacher develops	1.1179356988577638e-05	1.1179356988577638e-05	16.448802947998047	16.448802947998047
938	gpt2	939	470	5	devise	simple	unexpected	The teacher devise	3.605309117915567e-08	3.605309117915567e-08	24.72530174255371	24.72530174255371
939	gpt2	940	470	5	devise	simple	expected	The teacher devises	0.013914442686655051	0.013914442686655051	10.312270164489746	10.312270164489746
940	gpt2	941	471	5	devote	simple	unexpected	The teacher devote	7.2482555424358e-07	7.2482555424358e-07	20.395862579345703	20.395862579345703
941	gpt2	942	471	5	devote	simple	expected	The teacher devotes	0.2346795565172215	0.2346795565172215	8.273709058761597	8.273709058761597
942	gpt2	943	472	5	dial	simple	unexpected	The teacher dial	4.427882686286466e-06	4.427882686286466e-06	17.78495216369629	17.78495216369629
943	gpt2	944	472	5	dial	simple	expected	The teacher dials	0.08200847469402105	0.08200847469402105	10.196537137031555	10.196537137031555
944	gpt2	945	473	5	dictate	simple	unexpected	The teacher dictate	2.1578932418719887e-08	2.1578932418719887e-08	25.465801239013672	25.465801239013672
945	gpt2	946	473	5	dictate	simple	expected	The teacher dictates	1.5692392025812296e-06	1.5692392025812296e-06	19.281503677368164	19.281503677368164
946	gpt2	947	474	5	die	simple	unexpected	The teacher die	1.4277297850640025e-06	1.4277297850640025e-06	19.417844772338867	19.417844772338867
947	gpt2	948	474	5	die	simple	expected	The teacher dies	4.6518151066266e-05	4.6518151066266e-05	14.391846656799316	14.391846656799316
948	gpt2	949	475	5	differentiate	simple	unexpected	The teacher differentiate	2.2643531494281888e-08	2.2643531494281888e-08	25.39632606506348	25.39632606506348
949	gpt2	950	475	5	differentiate	simple	expected	The teacher differentiates	0.32392350923430513	0.32392350923430513	9.515212833881376	9.515212833881376
950	gpt2	951	476	5	differ	simple	unexpected	The teacher differ	5.1633818998197973e-08	5.1633818998197973e-08	24.207107543945312	24.207107543945312
951	gpt2	952	476	5	differ	simple	expected	The teacher differs	1.8608041045808928e-06	1.8608041045808928e-06	19.035642623901367	19.035642623901367
952	gpt2	953	477	5	digest	simple	unexpected	The teacher digest	1.6322789520017977e-07	1.6322789520017977e-07	22.54660987854004	22.54660987854004
953	gpt2	954	477	5	digest	simple	expected	The teacher digests	0.04948551745110306	0.04948551745110306	10.208715796470642	10.208715796470642
954	gpt2	955	478	5	dignify	simple	unexpected	The teacher dignify	0.0016152781956293408	0.0016152781956293408	15.151965618133545	15.151965618133545
955	gpt2	956	478	5	dignify	simple	expected	The teacher dignifies	0.03350042307846479	0.03350042307846479	12.96475350856781	12.96475350856781
956	gpt2	957	479	5	dig	simple	unexpected	The teacher dig	7.215458026621491e-06	7.215458026621491e-06	17.080476760864258	17.080476760864258
957	gpt2	958	479	5	dig	simple	expected	The teacher digs	2.0250616216799244e-05	2.0250616216799244e-05	15.5916748046875	15.5916748046875
958	gpt2	959	480	5	dilute	simple	unexpected	The teacher dilute	0.008757154746263013	0.008757154746263013	11.627223014831543	11.627223014831543
959	gpt2	960	480	5	dilute	simple	expected	The teacher dilutes	0.23337926744511606	0.23337926744511606	9.25896143913269	9.25896143913269
960	gpt2	961	481	5	diminish	simple	unexpected	The teacher diminish	1.0518577120421924e-08	1.0518577120421924e-08	26.502485275268555	26.502485275268555
961	gpt2	962	481	5	diminish	simple	expected	The teacher diminishes	0.49326115895740946	0.49326115895740946	9.92416621465236	9.92416621465236
962	gpt2	963	482	5	dip	simple	unexpected	The teacher dip	5.832986289533437e-07	5.832986289533437e-07	20.70926284790039	20.70926284790039
963	gpt2	964	482	5	dip	simple	expected	The teacher dips	3.642388037405908e-06	3.642388037405908e-06	18.06668472290039	18.06668472290039
964	gpt2	965	483	5	direct	simple	unexpected	The teacher direct	4.812181941815652e-06	4.812181941815652e-06	17.66487693786621	17.66487693786621
965	gpt2	966	483	5	direct	simple	expected	The teacher directs	2.446047255943995e-05	2.446047255943995e-05	15.319188117980955	15.319188117980955
966	gpt2	967	484	5	disagree	simple	unexpected	The teacher disagree	3.449280484346673e-06	3.449280484346673e-06	18.145273208618164	18.145273208618164
967	gpt2	968	484	5	disagree	simple	expected	The teacher disagrees	2.8418624424375597e-05	2.8418624424375597e-05	15.102803230285645	15.102803230285645
968	gpt2	969	485	5	disappear	simple	unexpected	The teacher disappear	2.395807712218812e-07	2.395807712218812e-07	21.99298477172852	21.99298477172852
969	gpt2	970	485	5	disappear	simple	expected	The teacher disappears	1.7468046280555427e-05	1.7468046280555427e-05	15.804922103881836	15.804922103881836
970	gpt2	971	486	5	disappoint	simple	unexpected	The teacher disappoint	7.221925670819473e-07	7.221925670819473e-07	20.40111351013184	20.40111351013184
971	gpt2	972	486	5	disappoint	simple	expected	The teacher disappoints	0.4253549312466589	0.4253549312466589	10.31718783080578	10.31718783080578
972	gpt2	973	487	5	disarm	simple	unexpected	The teacher disarm	2.375187335701412e-07	2.375187335701412e-07	22.005455017089844	22.005455017089844
973	gpt2	974	487	5	disarm	simple	expected	The teacher disarms	0.005014153808588156	0.005014153808588156	10.12695574760437	10.12695574760437
974	gpt2	975	488	5	disassemble	simple	unexpected	The teacher disassemble	0.329386309972809	0.329386309972809	7.043892256294687	7.043892256294687
975	gpt2	976	488	5	disassemble	simple	expected	The teacher disassembles	0.29655588412424544	0.29655588412424544	7.13591010371844	7.13591010371844
976	gpt2	977	489	5	disassociate	simple	unexpected	The teacher disassociate	0.012015874594605203	0.012015874594605203	8.683143297831217	8.683143297831217
977	gpt2	978	489	5	disassociate	simple	expected	The teacher disassociates	0.4712705559359165	0.4712705559359165	5.292831706814468	5.292831706814468
978	gpt2	979	490	5	disband	simple	unexpected	The teacher disband	4.871576564369207e-08	4.871576564369207e-08	24.29103660583496	24.29103660583496
979	gpt2	980	490	5	disband	simple	expected	The teacher disbands	0.0008923043787945055	0.0008923043787945055	11.3996000289917	11.3996000289917
980	gpt2	981	491	6	discard	simple	unexpected	The officer discard	5.744183440015149e-08	5.744183440015149e-08	24.05332374572754	24.05332374572754
981	gpt2	982	491	6	discard	simple	expected	The officer discards	0.19628237647918922	0.19628237647918922	9.762446999549864	9.762446999549864
982	gpt2	983	492	6	discern	simple	unexpected	The officer discern	4.84322708871332e-06	4.84322708871332e-06	17.65559959411621	17.65559959411621
983	gpt2	984	492	6	discern	simple	expected	The officer discerns	0.1296293662746848	0.1296293662746848	9.801581025123596	9.801581025123596
984	gpt2	985	493	6	disclose	simple	unexpected	The officer disclose	7.017759884320185e-08	7.017759884320185e-08	23.764413833618164	23.764413833618164
985	gpt2	986	493	6	disclose	simple	expected	The officer discloses	0.49981811841814766	0.49981811841814766	9.434246794204228	9.434246794204228
986	gpt2	987	494	6	discomfit	simple	unexpected	The officer discomfit	0.0024905961132995666	0.0024905961132995666	9.875256379445394	9.875256379445394
987	gpt2	988	494	6	discomfit	simple	expected	The officer discomfits	0.014427458755865931	0.014427458755865931	8.952325026194254	8.952325026194254
988	gpt2	989	495	6	disconnect	simple	unexpected	The officer disconnect	2.878792429328314e-06	2.878792429328314e-06	18.406105041503903	18.406105041503903
989	gpt2	990	495	6	disconnect	simple	expected	The officer disconnects	0.4420813708937885	0.4420813708937885	9.291862957179545	9.291862957179545
990	gpt2	991	496	6	discontinue	simple	unexpected	The officer discontinue	0.006767673523199799	0.006767673523199799	13.503477573394774	13.503477573394774
991	gpt2	992	496	6	discontinue	simple	expected	The officer discontinues	0.3885308263013485	0.3885308263013485	10.581836119294165	10.581836119294165
992	gpt2	993	497	6	discount	simple	unexpected	The officer discount	4.899436589766992e-07	4.899436589766992e-07	20.960880279541016	20.960880279541016
993	gpt2	994	497	6	discount	simple	expected	The officer discounts	4.644394380193262e-07	4.644394380193262e-07	21.038005828857425	21.038005828857425
994	gpt2	995	498	6	discourage	simple	unexpected	The officer discourage	1.2814072469780058e-08	1.2814072469780058e-08	26.21769523620605	26.21769523620605
995	gpt2	996	498	6	discourage	simple	expected	The officer discourages	0.4924222652693971	0.4924222652693971	9.360676734708248	9.360676734708248
996	gpt2	997	499	6	discover	simple	unexpected	The officer discover	4.980883545613324e-07	4.980883545613324e-07	20.937095642089844	20.937095642089844
997	gpt2	998	499	6	discover	simple	expected	The officer discovers	2.635981945786625e-05	2.635981945786625e-05	15.211299896240234	15.211299896240234
998	gpt2	999	500	6	discredit	simple	unexpected	The officer discredit	4.6574788470366e-09	4.6574788470366e-09	27.67780303955078	27.67780303955078
999	gpt2	1000	500	6	discredit	simple	expected	The officer discredits	0.041032132636587414	0.041032132636587414	10.891522765159605	10.891522765159605
1000	gpt2	1001	501	6	discuss	simple	unexpected	The officer discuss	6.772831966372905e-07	6.772831966372905e-07	20.49373817443848	20.49373817443848
1001	gpt2	1002	501	6	discuss	simple	expected	The officer discusses	2.3023039830150083e-05	2.3023039830150083e-05	15.406561851501465	15.406561851501465
1002	gpt2	1003	502	6	disdain	simple	unexpected	The officer disdain	2.8712346988868376e-07	2.8712346988868376e-07	21.73182487487793	21.73182487487793
1003	gpt2	1004	502	6	disdain	simple	expected	The officer disdains	0.12314064312279993	0.12314064312279993	6.750569899876912	6.750569899876912
1004	gpt2	1005	503	6	disengage	simple	unexpected	The officer disengage	0.0011349896358296516	0.0011349896358296516	11.981555938720703	11.981555938720703
1005	gpt2	1006	503	6	disengage	simple	expected	The officer disengages	0.0605446826357365	0.0605446826357365	9.104376792907713	9.104376792907713
1006	gpt2	1007	504	6	disguise	simple	unexpected	The officer disguise	4.1970231734467234e-08	4.1970231734467234e-08	24.50605773925781	24.50605773925781
1007	gpt2	1008	504	6	disguise	simple	expected	The officer disguises	0.49518076074265593	0.49518076074265593	10.822735813912004	10.822735813912004
1008	gpt2	1009	505	6	dish	simple	unexpected	The officer dish	1.6067015451426414e-07	1.6067015451426414e-07	22.569395065307617	22.569395065307617
1009	gpt2	1010	505	6	dish	simple	expected	The officer dishes	1.7718473088734757e-07	1.7718473088734757e-07	22.428241729736328	22.428241729736328
1010	gpt2	1011	506	6	dislike	simple	unexpected	The officer dislike	6.90369077460673e-08	6.90369077460673e-08	23.788057327270508	23.788057327270508
1011	gpt2	1012	506	6	dislike	simple	expected	The officer dislikes	0.03556605036442302	0.03556605036442302	10.859089612960815	10.859089612960815
1012	gpt2	1013	507	6	dismantle	simple	unexpected	The officer dismantle	1.063605292728198e-08	1.063605292728198e-08	26.486461639404297	26.486461639404297
1013	gpt2	1014	507	6	dismantle	simple	expected	The officer dismantles	0.4973580979757343	0.4973580979757343	10.776974154636264	10.776974154636264
1014	gpt2	1015	508	6	dismember	simple	unexpected	The officer dismember	0.4261195381600089	0.4261195381600089	11.10334175825119	11.10334175825119
1015	gpt2	1016	508	6	dismember	simple	expected	The officer dismembers	0.0003324377248645	0.0003324377248645	11.746949672698975	11.746949672698975
1016	gpt2	1017	509	6	dismiss	simple	unexpected	The officer dismiss	1.590907049831003e-05	1.590907049831003e-05	15.939790725708008	15.939790725708008
1017	gpt2	1018	509	6	dismiss	simple	expected	The officer dismisses	0.4956951114509138	0.4956951114509138	7.976144465152174	7.976144465152174
1018	gpt2	1019	510	6	disobey	simple	unexpected	The officer disobey	0.0008980865663943061	0.0008980865663943061	12.65872859954834	12.65872859954834
1019	gpt2	1020	510	6	disobey	simple	expected	The officer disobeys	0.2852500007381119	0.2852500007381119	6.053553024927775	6.053553024927775
1020	gpt2	1021	511	6	disparage	simple	unexpected	The officer disparage	0.0006457771792156402	0.0006457771792156402	14.557020664215088	14.557020664215088
1021	gpt2	1022	511	6	disparage	simple	expected	The officer disparages	0.05023562922497149	0.05023562922497149	11.41551959514618	11.41551959514618
1022	gpt2	1023	512	6	dispatch	simple	unexpected	The officer dispatch	5.500436941474618e-07	5.500436941474618e-07	20.7939510345459	20.7939510345459
1023	gpt2	1024	512	6	dispatch	simple	expected	The officer dispatches	0.23768754441880446	0.23768754441880446	8.165657699108124	8.165657699108124
1024	gpt2	1025	513	6	dispel	simple	unexpected	The officer dispel	6.564090160310343e-09	6.564090160310343e-09	27.182758331298828	27.182758331298828
1025	gpt2	1026	513	6	dispel	simple	expected	The officer dispels	0.0034028761892841196	0.0034028761892841196	11.231412172317505	11.231412172317505
1026	gpt2	1027	514	6	dispense	simple	unexpected	The officer dispense	0.0005598687439487197	0.0005598687439487197	12.547126293182373	12.547126293182373
1027	gpt2	1028	514	6	dispense	simple	expected	The officer dispenses	0.02140483398579817	0.02140483398579817	9.902577877044678	9.902577877044678
1028	gpt2	1029	515	6	displace	simple	unexpected	The officer displace	0.00012176585005360795	0.00012176585005360795	13.135925769805908	13.135925769805908
1029	gpt2	1030	515	6	displace	simple	expected	The officer displaces	0.322914156395683	0.322914156395683	10.722248673439026	10.722248673439026
1030	gpt2	1031	516	6	display	simple	unexpected	The officer display	3.226910791909177e-07	3.226910791909177e-07	21.563343048095703	21.563343048095703
1031	gpt2	1032	516	6	display	simple	expected	The officer displays	1.4610013749916106e-05	1.4610013749916106e-05	16.06268310546875	16.06268310546875
1032	gpt2	1033	517	6	dispose	simple	unexpected	The officer dispose	1.587671683012104e-08	1.587671683012104e-08	25.90851211547852	25.90851211547852
1033	gpt2	1034	517	6	dispose	simple	expected	The officer disposes	0.00196494442207035	0.00196494442207035	10.282124996185303	10.282124996185303
1034	gpt2	1035	518	6	disprove	simple	unexpected	The officer disprove	0.03118992818497187	0.03118992818497187	11.73729419708252	11.73729419708252
1035	gpt2	1036	518	6	disprove	simple	expected	The officer disproves	0.07961482776306637	0.07961482776306637	11.061306118965149	11.061306118965149
1036	gpt2	1037	519	6	dispute	simple	unexpected	The officer dispute	3.442348202042922e-07	3.442348202042922e-07	21.470104217529297	21.470104217529297
1037	gpt2	1038	519	6	dispute	simple	expected	The officer disputes	2.2346212062984705e-05	2.2346212062984705e-05	15.449609756469728	15.449609756469728
1038	gpt2	1039	520	6	disqualify	simple	unexpected	The officer disqualify	0.0028089932514632028	0.0028089932514632028	14.507014513015747	14.507014513015747
1039	gpt2	1040	520	6	disqualify	simple	expected	The officer disqualifies	0.4387671205098087	0.4387671205098087	10.863343492150307	10.863343492150307
1040	gpt2	1041	521	6	disregard	simple	unexpected	The officer disregard	9.065734474233977e-08	9.065734474233977e-08	23.395000457763672	23.395000457763672
1041	gpt2	1042	521	6	disregard	simple	expected	The officer disregards	0.07726359662046885	0.07726359662046885	8.293177485466003	8.293177485466003
1042	gpt2	1043	522	6	disrupt	simple	unexpected	The officer disrupt	1.4276412230174174e-06	1.4276412230174174e-06	19.41793441772461	19.41793441772461
1043	gpt2	1044	522	6	disrupt	simple	expected	The officer disrupts	0.49261346315876153	0.49261346315876153	9.719704266637564	9.719704266637564
1044	gpt2	1045	523	6	dissipate	simple	unexpected	The officer dissipate	0.0009713040831797617	0.0009713040831797617	14.302651405334473	14.302651405334473
1045	gpt2	1046	523	6	dissipate	simple	expected	The officer dissipates	0.05907704792258526	0.05907704792258526	11.338925242424011	11.338925242424011
1046	gpt2	1047	524	6	dissociate	simple	unexpected	The officer dissociate	0.0008271508063443961	0.0008271508063443961	13.001729965209961	13.001729965209961
1047	gpt2	1048	524	6	dissociate	simple	expected	The officer dissociates	0.31284153634715034	0.31284153634715034	7.218703756729762	7.218703756729762
1048	gpt2	1049	525	6	dissolve	simple	unexpected	The officer dissolve	5.435597749681165e-09	5.435597749681165e-09	27.454914093017575	27.454914093017575
1049	gpt2	1050	525	6	dissolve	simple	expected	The officer dissolves	0.0659528773189777	0.0659528773189777	9.839258074760437	9.839258074760437
1050	gpt2	1051	526	6	dissuade	simple	unexpected	The officer dissuade	0.0066705628885301484	0.0066705628885301484	12.142795324325563	12.142795324325563
1051	gpt2	1052	526	6	dissuade	simple	expected	The officer dissuades	0.010520469735411049	0.010520469735411049	11.81406354904175	11.81406354904175
1052	gpt2	1053	527	6	distance	simple	unexpected	The officer distance	2.413638071629976e-07	2.413638071629976e-07	21.98228645324707	21.98228645324707
1053	gpt2	1054	527	6	distance	simple	expected	The officer distances	1.11849294626154e-06	1.11849294626154e-06	19.77001190185547	19.77001190185547
1054	gpt2	1055	528	6	distinguish	simple	unexpected	The officer distinguish	1.4788308533297825e-07	1.4788308533297825e-07	22.68903923034668	22.68903923034668
1055	gpt2	1056	528	6	distinguish	simple	expected	The officer distinguishes	5.164935714674357e-07	5.164935714674357e-07	20.884746551513672	20.884746551513672
1056	gpt2	1057	529	6	distort	simple	unexpected	The officer distort	2.166854473628632e-09	2.166854473628632e-09	28.7817497253418	28.7817497253418
1057	gpt2	1058	529	6	distort	simple	expected	The officer distorts	0.006015727555222797	0.006015727555222797	11.246922016143799	11.246922016143799
1058	gpt2	1059	530	6	distract	simple	unexpected	The officer distract	8.317135211655113e-07	8.317135211655113e-07	20.197410583496094	20.197410583496094
1059	gpt2	1060	530	6	distract	simple	expected	The officer distracts	0.4839012609075724	0.4839012609075724	10.122313605621457	10.122313605621457
1060	gpt2	1061	531	6	distribute	simple	unexpected	The officer distribute	2.3168968965592285e-08	2.3168968965592285e-08	25.363231658935547	25.363231658935547
1061	gpt2	1062	531	6	distribute	simple	expected	The officer distributes	0.025985000448144998	0.025985000448144998	10.19083833694458	10.19083833694458
1062	gpt2	1063	532	6	disturb	simple	unexpected	The officer disturb	1.2179202713014092e-07	1.2179202713014092e-07	22.96907615661621	22.96907615661621
1063	gpt2	1064	532	6	disturb	simple	expected	The officer disturbs	0.4979916644329308	0.4979916644329308	10.244847109308466	10.244847109308466
1064	gpt2	1065	533	6	diverge	simple	unexpected	The officer diverge	0.0018562225095592965	0.0018562225095592965	12.333340167999268	12.333340167999268
1065	gpt2	1066	533	6	diverge	simple	expected	The officer diverges	0.0036304591858424464	0.0036304591858424464	11.84848403930664	11.84848403930664
1066	gpt2	1067	534	6	diversify	simple	unexpected	The officer diversify	0.0008211119939573773	0.0008211119939573773	14.527580261230469	14.527580261230469
1067	gpt2	1068	534	6	diversify	simple	expected	The officer diversifies	0.00010760858373257725	0.00010760858373257725	15.996664047241211	15.996664047241211
1068	gpt2	1069	535	6	divert	simple	unexpected	The officer divert	4.985989932038137e-08	4.985989932038137e-08	24.257545471191406	24.257545471191406
1069	gpt2	1070	535	6	divert	simple	expected	The officer diverts	0.0908696473279633	0.0908696473279633	9.524728775024414	9.524728775024414
1070	gpt2	1071	536	6	divest	simple	unexpected	The officer divest	1.8367979359723563e-09	1.8367979359723563e-09	29.020160675048828	29.020160675048828
1071	gpt2	1072	536	6	divest	simple	expected	The officer divests	0.01382569796032835	0.01382569796032835	11.592183828353882	11.592183828353882
1072	gpt2	1073	537	6	divide	simple	unexpected	The officer divide	1.4882286514250609e-08	1.4882286514250609e-08	26.001829147338867	26.001829147338867
1073	gpt2	1074	537	6	divide	simple	expected	The officer divides	1.0443013707117643e-06	1.0443013707117643e-06	19.869029998779297	19.869029998779297
1074	gpt2	1075	538	6	doctor	simple	unexpected	The officer doctor	7.822887937436462e-07	7.822887937436462e-07	20.285795211791992	20.285795211791992
1075	gpt2	1076	538	6	doctor	simple	expected	The officer doctors	1.9910322635041666e-07	1.9910322635041666e-07	22.259979248046875	22.259979248046875
1076	gpt2	1077	539	6	document	simple	unexpected	The officer document	1.907874320750125e-07	1.907874320750125e-07	22.321531295776367	22.321531295776367
1077	gpt2	1078	539	6	document	simple	expected	The officer documents	3.579982831070083e-06	3.579982831070083e-06	18.091615676879883	18.091615676879883
1078	gpt2	1079	540	6	dole	simple	unexpected	The officer dole	0.0006483259403466687	0.0006483259403466687	11.856221675872803	11.856221675872803
1079	gpt2	1080	540	6	dole	simple	expected	The officer doles	0.0002965418680105	0.0002965418680105	11.727768898010254	11.727768898010254
1080	gpt2	1081	541	6	dominate	simple	unexpected	The officer dominate	6.183540790516417e-09	6.183540790516417e-09	27.268918991088867	27.268918991088867
1081	gpt2	1082	541	6	dominate	simple	expected	The officer dominates	1.3886396743600926e-07	1.3886396743600926e-07	22.77982521057129	22.77982521057129
1082	gpt2	1083	542	6	donate	simple	unexpected	The officer donate	4.2570853509005255e-09	4.2570853509005255e-09	27.80748748779297	27.80748748779297
1083	gpt2	1084	542	6	donate	simple	expected	The officer donates	0.054812161866720985	0.054812161866720985	8.707356214523315	8.707356214523315
1084	gpt2	1085	543	6	don	simple	unexpected	The officer don	5.2233524911571294e-05	5.2233524911571294e-05	14.224664688110352	14.224664688110352
1085	gpt2	1086	543	6	don	simple	expected	The officer dons	0.0031600924266967497	0.0031600924266967497	9.477850437164307	9.477850437164307
1086	gpt2	1087	544	6	double	simple	unexpected	The officer double	5.45940520169097e-06	5.45940520169097e-06	17.482824325561523	17.482824325561523
1087	gpt2	1088	544	6	double	simple	expected	The officer doubles	1.5211777508739033e-06	1.5211777508739033e-06	19.326379776000977	19.326379776000977
1088	gpt2	1089	545	6	doubt	simple	unexpected	The officer doubt	5.490542207553517e-07	5.490542207553517e-07	20.79654884338379	20.79654884338379
1089	gpt2	1090	545	6	doubt	simple	expected	The officer doubts	3.3369872198818484e-06	3.3369872198818484e-06	18.193021774291992	18.193021774291992
1090	gpt2	1091	546	6	do	simple	unexpected	The officer do	5.877120929653756e-05	5.877120929653756e-05	14.05453109741211	14.05453109741211
1091	gpt2	1092	546	6	do	simple	expected	The officer does	0.0009347190498374	0.0009347190498374	10.063179969787598	10.063179969787598
1092	gpt2	1093	547	6	downsize	simple	unexpected	The officer downsize	0.00012662176231965	0.00012662176231965	12.957898139953613	12.957898139953613
1093	gpt2	1094	547	6	downsize	simple	expected	The officer downsizes	0.0007638755863581468	0.0007638755863581468	13.720514297485352	13.720514297485352
1094	gpt2	1095	548	6	draft	simple	unexpected	The officer draft	1.2658281889343925e-07	1.2658281889343925e-07	22.91341590881348	22.91341590881348
1095	gpt2	1096	548	6	draft	simple	expected	The officer drafts	8.248338900784803e-08	8.248338900784803e-08	23.53132057189941	23.53132057189941
1096	gpt2	1097	549	6	drag	simple	unexpected	The officer drag	1.0978220643664829e-06	1.0978220643664829e-06	19.796924591064453	19.796924591064453
1097	gpt2	1098	549	6	drag	simple	expected	The officer drags	0.3924111151300167	0.3924111151300167	8.881714582443237	8.881714582443237
1098	gpt2	1099	550	6	drain	simple	unexpected	The officer drain	1.8095295928333144e-08	1.8095295928333144e-08	25.719810485839844	25.719810485839844
1099	gpt2	1100	550	6	drain	simple	expected	The officer drains	8.330744805107315e-08	8.330744805107315e-08	23.516979217529297	23.516979217529297
1100	gpt2	1101	551	6	drape	simple	unexpected	The officer drape	0.0011187959753442	0.0011187959753442	10.302822589874268	10.302822589874268
1101	gpt2	1102	551	6	drape	simple	expected	The officer drapes	0.3247256151904972	0.3247256151904972	6.856597471982241	6.856597471982241
1102	gpt2	1103	552	6	draw	simple	unexpected	The officer draw	1.7069112800527364e-05	1.7069112800527364e-05	15.838252067565918	15.838252067565918
1103	gpt2	1104	552	6	draw	simple	expected	The officer draws	7.544127583969384e-05	7.544127583969384e-05	13.694286346435549	13.694286346435549
1104	gpt2	1105	553	6	dream	simple	unexpected	The officer dream	5.527023176910006e-07	5.527023176910006e-07	20.78699493408203	20.78699493408203
1105	gpt2	1106	553	6	dream	simple	expected	The officer dreams	6.388948463609267e-07	6.388948463609267e-07	20.577919006347656	20.577919006347656
1106	gpt2	1107	554	6	dress	simple	unexpected	The officer dress	4.62943006596106e-07	4.62943006596106e-07	21.04266166687012	21.04266166687012
1107	gpt2	1108	554	6	dress	simple	expected	The officer dresses	2.0613081233022967e-06	2.0613081233022967e-06	18.88800811767578	18.88800811767578
1108	gpt2	1109	555	6	drift	simple	unexpected	The officer drift	2.4077584370729713e-08	2.4077584370729713e-08	25.3077335357666	25.3077335357666
1109	gpt2	1110	555	6	drift	simple	expected	The officer drifts	0.10163950409514651	0.10163950409514651	9.856181979179382	9.856181979179382
1110	gpt2	1111	556	6	drill	simple	unexpected	The officer drill	8.102574611257296e-08	8.102574611257296e-08	23.55704498291016	23.55704498291016
1111	gpt2	1112	556	6	drill	simple	expected	The officer drills	9.367200846099876e-07	9.367200846099876e-07	20.02587890625	20.02587890625
1112	gpt2	1113	557	6	drink	simple	unexpected	The officer drink	9.676722356743994e-07	9.676722356743994e-07	19.978979110717773	19.978979110717773
1113	gpt2	1114	557	6	drink	simple	expected	The officer drinks	3.736934786502388e-06	3.736934786502388e-06	18.029712677001957	18.029712677001957
1114	gpt2	1115	558	6	drive	simple	unexpected	The officer drive	3.6348892535897903e-06	3.6348892535897903e-06	18.069656372070312	18.069656372070312
1115	gpt2	1116	558	6	drive	simple	expected	The officer drives	3.706059942487627e-05	3.706059942487627e-05	14.719754219055176	14.719754219055176
1116	gpt2	1117	559	6	drop	simple	unexpected	The officer drop	2.4120654416037723e-06	2.4120654416037723e-06	18.66129875183105	18.66129875183105
1117	gpt2	1118	559	6	drop	simple	expected	The officer drops	2.6088520826306197e-05	2.6088520826306197e-05	15.226224899291992	15.226224899291992
1118	gpt2	1119	560	6	drown	simple	unexpected	The officer drown	2.262702878397249e-07	2.262702878397249e-07	22.075448989868164	22.075448989868164
1119	gpt2	1120	560	6	drown	simple	expected	The officer drowns	0.489759051686093	0.489759051686093	11.052652609534562	11.052652609534562
1120	gpt2	1121	561	6	drum	simple	unexpected	The officer drum	1.4379055528479512e-06	1.4379055528479512e-06	19.40760040283203	19.40760040283203
1121	gpt2	1122	561	6	drum	simple	expected	The officer drums	9.56750980662946e-08	9.56750980662946e-08	23.31728172302246	23.31728172302246
1122	gpt2	1123	562	6	dry	simple	unexpected	The officer dry	4.625193525953364e-07	4.625193525953364e-07	21.043983459472656	21.043983459472656
1123	gpt2	1124	562	6	dry	simple	expected	The officer dries	0.1939387804122532	0.1939387804122532	10.773355841636658	10.773355841636658
1124	gpt2	1125	563	6	dump	simple	unexpected	The officer dump	2.769974685179477e-07	2.769974685179477e-07	21.78362464904785	21.78362464904785
1125	gpt2	1126	563	6	dump	simple	expected	The officer dumps	7.703838491579518e-07	7.703838491579518e-07	20.307918548583984	20.307918548583984
1126	gpt2	1127	564	6	duplicate	simple	unexpected	The officer duplicate	1.1018140178009617e-08	1.1018140178009617e-08	26.43554306030273	26.43554306030273
1127	gpt2	1128	564	6	duplicate	simple	expected	The officer duplicates	0.15869341097325673	0.15869341097325673	11.147848784923553	11.147848784923553
1128	gpt2	1129	565	6	dwarf	simple	unexpected	The officer dwarf	1.955732287228784e-08	1.955732287228784e-08	25.607715606689453	25.607715606689453
1129	gpt2	1130	565	6	dwarf	simple	expected	The officer dwarfs	0.18704644763440115	0.18704644763440115	12.105947852134705	12.105947852134705
1130	gpt2	1131	566	6	earmark	simple	unexpected	The officer earmark	0.007928286900778361	0.007928286900778361	12.026686668395996	12.026686668395996
1131	gpt2	1132	566	6	earmark	simple	expected	The officer earmarks	0.02669120881523666	0.02669120881523666	11.150928974151611	11.150928974151611
1132	gpt2	1133	567	6	earn	simple	unexpected	The officer earn	1.85026181043213e-07	1.85026181043213e-07	22.365766525268555	22.365766525268555
1133	gpt2	1134	567	6	earn	simple	expected	The officer earns	9.94842866930412e-06	9.94842866930412e-06	16.61709976196289	16.61709976196289
1134	gpt2	1135	568	6	ease	simple	unexpected	The officer ease	3.57056499922237e-08	3.57056499922237e-08	24.739273071289062	24.739273071289062
1135	gpt2	1136	568	6	ease	simple	expected	The officer eases	0.016871002031166402	0.016871002031166402	10.63519811630249	10.63519811630249
1136	gpt2	1137	569	6	eat	simple	unexpected	The officer eat	2.502960114725284e-07	2.502960114725284e-07	21.929861068725582	21.929861068725582
1137	gpt2	1138	569	6	eat	simple	expected	The officer eats	4.444191290531308e-06	4.444191290531308e-06	17.779647827148438	17.779647827148438
1138	gpt2	1139	570	6	eavesdrop	simple	unexpected	The officer eavesdrop	0.001990563094238915	0.001990563094238915	13.781734704971312	13.781734704971312
1139	gpt2	1140	570	6	eavesdrop	simple	expected	The officer eavesdrops	0.09055644282847196	0.09055644282847196	11.027725815773008	11.027725815773008
1140	gpt2	1141	571	6	ebb	simple	unexpected	The officer ebb	0.00015143934570005234	0.00015143934570005234	14.063247203826904	14.063247203826904
1141	gpt2	1142	571	6	ebb	simple	expected	The officer ebbs	0.1941405312387374	0.1941405312387374	11.831330001354218	11.831330001354218
1142	gpt2	1143	572	6	echo	simple	unexpected	The officer echo	5.8337509045713893e-08	5.8337509045713893e-08	24.0310001373291	24.0310001373291
1143	gpt2	1144	572	6	echo	simple	expected	The officer echoes	6.742670848325361e-07	6.742670848325361e-07	20.50017738342285	20.50017738342285
1144	gpt2	1145	573	6	eclipse	simple	unexpected	The officer eclipse	3.415969951348074e-09	3.415969951348074e-09	28.125057220458984	28.125057220458984
1145	gpt2	1146	573	6	eclipse	simple	expected	The officer eclipses	0.031009662409985574	0.031009662409985574	13.118324518203737	13.118324518203737
1146	gpt2	1147	574	6	economize	simple	unexpected	The officer economize	0.0037643451202020494	0.0037643451202020494	16.522599935531616	16.522599935531616
1147	gpt2	1148	574	6	economize	simple	expected	The officer economizes	0.09082106505104455	0.09082106505104455	14.226320624351501	14.226320624351501
1148	gpt2	1149	575	6	edge	simple	unexpected	The officer edge	4.725205542399636e-07	4.725205542399636e-07	21.013118743896484	21.013118743896484
1149	gpt2	1150	575	6	edge	simple	expected	The officer edges	1.4079762422625208e-06	1.4079762422625208e-06	19.43794631958008	19.43794631958008
1150	gpt2	1151	576	6	edit	simple	unexpected	The officer edit	9.223827390769657e-08	9.223827390769657e-08	23.370059967041016	23.370059967041016
1151	gpt2	1152	576	6	edit	simple	expected	The officer edits	3.2480539857715485e-07	3.2480539857715485e-07	21.55392074584961	21.55392074584961
1152	gpt2	1153	577	6	educate	simple	unexpected	The officer educate	3.8870182628159e-09	3.8870182628159e-09	27.93868827819824	27.93868827819824
1153	gpt2	1154	577	6	educate	simple	expected	The officer educates	0.48716219753123374	0.48716219753123374	10.447554385289552	10.447554385289552
1154	gpt2	1155	578	6	effect	simple	unexpected	The officer effect	3.979932898801053e-07	3.979932898801053e-07	21.260751724243164	21.260751724243164
1155	gpt2	1156	578	6	effect	simple	expected	The officer effects	2.307541961954485e-07	2.307541961954485e-07	22.04714012145996	22.04714012145996
1156	gpt2	1157	579	6	elaborate	simple	unexpected	The officer elaborate	2.587323137959175e-07	2.587323137959175e-07	21.882036209106445	21.882036209106445
1157	gpt2	1158	579	6	elaborate	simple	expected	The officer elaborates	0.44472612240258513	0.44472612240258513	9.39815665781498	9.39815665781498
1158	gpt2	1159	580	6	elect	simple	unexpected	The officer elect	3.850472239719238e-06	3.850472239719238e-06	17.98653221130371	17.98653221130371
1159	gpt2	1160	580	6	elect	simple	expected	The officer elects	0.4411854624809166	0.4411854624809166	9.083540692925453	9.083540692925453
1160	gpt2	1161	581	6	eliminate	simple	unexpected	The officer eliminate	2.428828338452149e-08	2.428828338452149e-08	25.295164108276367	25.295164108276367
1161	gpt2	1162	581	6	eliminate	simple	expected	The officer eliminates	1.6252386103587924e-06	1.6252386103587924e-06	19.23091697692871	19.23091697692871
1162	gpt2	1163	582	6	elongate	simple	unexpected	The officer elongate	0.0015783722871631376	0.0015783722871631376	16.146094799041748	16.146094799041748
1163	gpt2	1164	582	6	elongate	simple	expected	The officer elongates	0.04159700529516639	0.04159700529516639	13.786096572875977	13.786096572875977
1164	gpt2	1165	583	6	emasculate	simple	unexpected	The officer emasculate	0.056262415973947086	0.056262415973947086	7.668295204639435	7.668295204639435
1165	gpt2	1166	583	6	emasculate	simple	expected	The officer emasculates	0.19757738257806068	0.19757738257806068	6.642351269721985	6.642351269721985
1166	gpt2	1167	584	6	embark	simple	unexpected	The officer embark	5.547385626414325e-07	5.547385626414325e-07	20.781688690185547	20.781688690185547
1167	gpt2	1168	584	6	embark	simple	expected	The officer embarks	0.4852088287845504	0.4852088287845504	9.52956753410399	9.52956753410399
1168	gpt2	1169	585	6	embarrass	simple	unexpected	The officer embarrass	7.11033294464869e-07	7.11033294464869e-07	20.42358016967773	20.42358016967773
1169	gpt2	1170	585	6	embarrass	simple	expected	The officer embarrasses	0.3583582022535552	0.3583582022535552	10.452053681015967	10.452053681015967
1170	gpt2	1171	586	6	embellish	simple	unexpected	The officer embellish	0.0012931007807423696	0.0012931007807423696	14.308001518249512	14.308001518249512
1171	gpt2	1172	586	6	embellish	simple	expected	The officer embellishes	0.02358130809471957	0.02358130809471957	12.213385105133057	12.213385105133057
1172	gpt2	1173	587	6	embrace	simple	unexpected	The officer embrace	1.686161255065599e-07	1.686161255065599e-07	22.499753952026367	22.499753952026367
1173	gpt2	1174	587	6	embrace	simple	expected	The officer embraces	4.040220119350124e-06	4.040220119350124e-06	17.91713523864746	17.91713523864746
1174	gpt2	1175	588	6	emerge	simple	unexpected	The officer emerge	9.360864794416557e-08	9.360864794416557e-08	23.348783493041992	23.348783493041992
1175	gpt2	1176	588	6	emerge	simple	expected	The officer emerges	6.44798319626716e-06	6.44798319626716e-06	17.242719650268555	17.242719650268555
1176	gpt2	1177	589	7	emote	simple	unexpected	The consultants emotes	0.03466718515110087	0.03466718515110087	15.062044739723206	15.062044739723206
1177	gpt2	1178	589	7	emote	simple	expected	The consultants emote	0.0034382869970386106	0.0034382869970386106	13.266184091567993	13.266184091567993
1178	gpt2	1179	590	7	empathize	simple	unexpected	The consultants empathizes	0.0018308310253587208	0.0018308310253587208	13.990339756011963	13.990339756011963
1179	gpt2	1180	590	7	empathize	simple	expected	The consultants empathize	0.23714509021453978	0.23714509021453978	10.481574475765228	10.481574475765228
1180	gpt2	1181	591	7	emphasize	simple	unexpected	The consultants emphasizes	2.8096377491237945e-07	2.8096377491237945e-07	21.763113021850582	21.763113021850582
1181	gpt2	1182	591	7	emphasize	simple	expected	The consultants emphasize	2.7742391466745172e-05	2.7742391466745172e-05	15.137548446655272	15.137548446655272
1182	gpt2	1183	592	7	emphaticize	simple	unexpected	The consultants emphaticizes	0.24676174471024837	0.24676174471024837	14.173890749613443	14.173890749613443
1183	gpt2	1184	592	7	emphaticize	simple	expected	The consultants emphaticize	0.24678026467218928	0.24678026467218928	12.834341367085775	12.834341367085775
1184	gpt2	1185	593	7	employ	simple	unexpected	The consultants employs	7.067741307764663e-07	7.067741307764663e-07	20.432247161865234	20.432247161865234
1185	gpt2	1186	593	7	employ	simple	expected	The consultants employ	5.946602686890401e-05	5.946602686890401e-05	14.037574768066406	14.037574768066406
1186	gpt2	1187	594	7	empty	simple	unexpected	The consultants empties	0.029648838441161684	0.029648838441161684	13.95564270019531	13.95564270019531
1187	gpt2	1188	594	7	empty	simple	expected	The consultants empty	9.225529993273084e-07	9.225529993273084e-07	20.04786491394043	20.04786491394043
1188	gpt2	1189	595	7	emulate	simple	unexpected	The consultants emulates	0.0027711615447287606	0.0027711615447287606	13.421821594238281	13.421821594238281
1189	gpt2	1190	595	7	emulate	simple	expected	The consultants emulate	1.225493519996235e-07	1.225493519996235e-07	22.960134506225582	22.960134506225582
1190	gpt2	1191	596	7	enable	simple	unexpected	The consultants enables	6.112809103342444e-08	6.112809103342444e-08	23.96358871459961	23.96358871459961
1191	gpt2	1192	596	7	enable	simple	expected	The consultants enable	2.684855417101062e-06	2.684855417101062e-06	18.506723403930664	18.506723403930664
1192	gpt2	1193	597	7	enact	simple	unexpected	The consultants enacts	0.0013121414804117876	0.0013121414804117876	12.250893592834473	12.250893592834473
1193	gpt2	1194	597	7	enact	simple	expected	The consultants enact	1.207101689715273e-07	1.207101689715273e-07	22.981948852539062	22.981948852539062
1194	gpt2	1195	598	7	encapsulate	simple	unexpected	The consultants encapsulates	0.008020617024385475	0.008020617024385475	13.453543424606323	13.453543424606323
1195	gpt2	1196	598	7	encapsulate	simple	expected	The consultants encapsulate	0.18816159102448182	0.18816159102448182	11.177464485168457	11.177464485168457
1196	gpt2	1197	599	7	encompass	simple	unexpected	The consultants encompasses	2.8824681308492472e-08	2.8824681308492472e-08	25.048120498657227	25.048120498657227
1197	gpt2	1198	599	7	encompass	simple	expected	The consultants encompass	1.3361557194002671e-06	1.3361557194002671e-06	19.51348114013672	19.51348114013672
1198	gpt2	1199	600	7	encounter	simple	unexpected	The consultants encounters	2.3277436866919746e-07	2.3277436866919746e-07	22.034564971923828	22.034564971923828
1199	gpt2	1200	600	7	encounter	simple	expected	The consultants encounter	1.1229824849579018e-05	1.1229824849579018e-05	16.442304611206055	16.442304611206055
1200	gpt2	1201	601	7	encourage	simple	unexpected	The consultants encourages	3.550197789081722e-07	3.550197789081722e-07	21.42559814453125	21.42559814453125
1201	gpt2	1202	601	7	encourage	simple	expected	The consultants encourage	3.1768733606440946e-05	3.1768733606440946e-05	14.94203281402588	14.94203281402588
1202	gpt2	1203	602	7	endanger	simple	unexpected	The consultants endangers	0.00011872146205859773	0.00011872146205859773	13.066568374633789	13.066568374633789
1203	gpt2	1204	602	7	endanger	simple	expected	The consultants endanger	1.224988750436751e-07	1.224988750436751e-07	22.96072769165039	22.96072769165039
1204	gpt2	1205	603	7	endeavor	simple	unexpected	The consultants endeavors	3.936921899594381e-08	3.936921899594381e-08	24.59835624694824	24.59835624694824
1205	gpt2	1206	603	7	endeavor	simple	expected	The consultants endeavor	3.015395350303152e-06	3.015395350303152e-06	18.339221954345703	18.339221954345703
1206	gpt2	1207	604	7	endorse	simple	unexpected	The consultants endorses	0.0014907597178534977	0.0014907597178534977	10.890327453613281	10.890327453613281
1207	gpt2	1208	604	7	endorse	simple	expected	The consultants endorse	9.502965440333355e-06	9.502965440333355e-06	16.683191299438477	16.683191299438477
1208	gpt2	1209	605	7	endure	simple	unexpected	The consultants endures	0.0007512418051191977	0.0007512418051191977	11.408749103546143	11.408749103546143
1209	gpt2	1210	605	7	endure	simple	expected	The consultants endure	2.162252258131048e-06	2.162252258131048e-06	18.819034576416016	18.819034576416016
1210	gpt2	1211	606	7	end	simple	unexpected	The consultants ends	8.388029186789936e-07	8.388029186789936e-07	20.18516540527344	20.18516540527344
1211	gpt2	1212	606	7	end	simple	expected	The consultants end	9.620014316169544e-05	9.620014316169544e-05	13.34360122680664	13.34360122680664
1212	gpt2	1213	607	7	enforce	simple	unexpected	The consultants enforces	0.0024453910873489374	0.0024453910873489374	11.799757242202759	11.799757242202759
1213	gpt2	1214	607	7	enforce	simple	expected	The consultants enforce	8.373450555154704e-07	8.373450555154704e-07	20.187673568725582	20.187673568725582
1214	gpt2	1215	608	7	engage	simple	unexpected	The consultants engages	8.71806591362656e-08	8.71806591362656e-08	23.451416015625	23.451416015625
1215	gpt2	1216	608	7	engage	simple	expected	The consultants engage	2.7272722945781425e-05	2.7272722945781425e-05	15.162181854248049	15.162181854248049
1216	gpt2	1217	609	7	engineer	simple	unexpected	The consultants engineers	1.9300553049106384e-06	1.9300553049106384e-06	18.982925415039062	18.982925415039062
1217	gpt2	1218	609	7	engineer	simple	expected	The consultants engineer	4.143943442613818e-06	4.143943442613818e-06	17.880563735961914	17.880563735961914
1218	gpt2	1219	610	7	enhance	simple	unexpected	The consultants enhances	9.169864867430988e-09	9.169864867430988e-09	26.70045280456543	26.70045280456543
1219	gpt2	1220	610	7	enhance	simple	expected	The consultants enhance	8.232821642195631e-07	8.232821642195631e-07	20.21211051940918	20.21211051940918
1220	gpt2	1221	611	7	enjoin	simple	unexpected	The consultants enjoins	0.24504353235958354	0.24504353235958354	8.857656588157019	8.857656588157019
1221	gpt2	1222	611	7	enjoin	simple	expected	The consultants enjoin	0.0035578295928643876	0.0035578295928643876	11.528544664382935	11.528544664382935
1222	gpt2	1223	612	7	enjoy	simple	unexpected	The consultants enjoys	9.3688313995699e-08	9.3688313995699e-08	23.34755516052246	23.34755516052246
1223	gpt2	1224	612	7	enjoy	simple	expected	The consultants enjoy	1.7746157027431764e-05	1.7746157027431764e-05	15.782134056091309	15.782134056091309
1224	gpt2	1225	613	7	enlarge	simple	unexpected	The consultants enlarges	0.04244461873518456	0.04244461873518456	14.358165621757509	14.358165621757509
1225	gpt2	1226	613	7	enlarge	simple	expected	The consultants enlarge	3.140744695429021e-07	3.140744695429021e-07	21.60239028930664	21.60239028930664
1226	gpt2	1227	614	7	enlist	simple	unexpected	The consultants enlists	0.009598858595381888	0.009598858595381888	10.811580657958984	10.811580657958984
1227	gpt2	1228	614	7	enlist	simple	expected	The consultants enlist	2.554841103119543e-06	2.554841103119543e-06	18.57833480834961	18.57833480834961
1228	gpt2	1229	615	7	enroll	simple	unexpected	The consultants enrolls	0.008930989525765636	0.008930989525765636	12.562939167022705	12.562939167022705
1229	gpt2	1230	615	7	enroll	simple	expected	The consultants enroll	1.5292009720724309e-06	1.5292009720724309e-06	19.318790435791016	19.318790435791016
1230	gpt2	1231	616	7	ensue	simple	unexpected	The consultants ensues	0.002158683492218926	0.002158683492218926	15.54043459892273	15.54043459892273
1231	gpt2	1232	616	7	ensue	simple	expected	The consultants ensue	0.009532999014830026	0.009532999014830026	14.469032287597656	14.469032287597656
1232	gpt2	1233	617	7	ensure	simple	unexpected	The consultants ensures	4.805167463928228e-07	4.805167463928228e-07	20.988910675048828	20.988910675048828
1233	gpt2	1234	617	7	ensure	simple	expected	The consultants ensure	3.477392965578474e-05	3.477392965578474e-05	14.811634063720703	14.811634063720703
1234	gpt2	1235	618	7	entail	simple	unexpected	The consultants entails	4.284392218778521e-08	4.284392218778521e-08	24.476333618164062	24.476333618164062
1235	gpt2	1236	618	7	entail	simple	expected	The consultants entail	3.905143159954605e-07	3.905143159954605e-07	21.28812026977539	21.28812026977539
1236	gpt2	1237	619	7	enter	simple	unexpected	The consultants enters	2.0025112235089185e-07	2.0025112235089185e-07	22.251686096191406	22.251686096191406
1237	gpt2	1238	619	7	enter	simple	expected	The consultants enter	2.3154007067205384e-05	2.3154007067205384e-05	15.398378372192385	15.398378372192385
1238	gpt2	1239	620	7	entice	simple	unexpected	The consultants entices	0.0013968497260066154	0.0013968497260066154	11.913221836090088	11.913221836090088
1239	gpt2	1240	620	7	entice	simple	expected	The consultants entice	0.017723094530083465	0.017723094530083465	10.074729919433594	10.074729919433594
1240	gpt2	1241	621	7	entitle	simple	unexpected	The consultants entitles	0.3185758722808094	0.3185758722808094	12.911989092826841	12.911989092826841
1241	gpt2	1242	621	7	entitle	simple	expected	The consultants entitle	9.461926708809189e-08	9.461926708809189e-08	23.333290100097656	23.333290100097656
1242	gpt2	1243	622	7	entrench	simple	unexpected	The consultants entrenches	5.957916800980456e-05	5.957916800980456e-05	14.346856117248535	14.346856117248535
1243	gpt2	1244	622	7	entrench	simple	expected	The consultants entrench	0.005063005115516716	0.005063005115516716	10.97974944114685	10.97974944114685
1244	gpt2	1245	623	7	entrust	simple	unexpected	The consultants entrusts	0.09083144520263885	0.09083144520263885	8.506874879201254	8.506874879201254
1245	gpt2	1246	623	7	entrust	simple	expected	The consultants entrust	0.1346581204306858	0.1346581204306858	8.611501455307007	8.611501455307007
1246	gpt2	1247	624	7	envision	simple	unexpected	The consultants envisions	0.29517281666494455	0.29517281666494455	9.313437759876251	9.313437759876251
1247	gpt2	1248	624	7	envision	simple	expected	The consultants envision	2.558011692599393e-05	2.558011692599393e-05	15.25461769104004	15.25461769104004
1248	gpt2	1249	625	7	equal	simple	unexpected	The consultants equals	3.297059691931281e-08	3.297059691931281e-08	24.85424423217773	24.85424423217773
1249	gpt2	1250	625	7	equal	simple	expected	The consultants equal	1.6970417391348749e-06	1.6970417391348749e-06	19.168546676635746	19.168546676635746
1250	gpt2	1251	626	7	equate	simple	unexpected	The consultants equates	0.002330137301441932	0.002330137301441932	12.924642562866213	12.924642562866213
1251	gpt2	1252	626	7	equate	simple	expected	The consultants equate	3.628890226536896e-06	3.628890226536896e-06	18.072040557861328	18.072040557861328
1252	gpt2	1253	627	7	equip	simple	unexpected	The consultants equips	0.00015443812412738192	0.00015443812412738192	14.890093803405763	14.890093803405763
1253	gpt2	1254	627	7	equip	simple	expected	The consultants equip	5.344951432562084e-07	5.344951432562084e-07	20.83531951904297	20.83531951904297
1254	gpt2	1255	628	7	eradicate	simple	unexpected	The consultants eradicates	0.004059701246731574	0.004059701246731574	14.642962217330934	14.642962217330934
1255	gpt2	1256	628	7	eradicate	simple	expected	The consultants eradicate	4.9190553852440644e-08	4.9190553852440644e-08	24.27704429626465	24.27704429626465
1256	gpt2	1257	629	7	erase	simple	unexpected	The consultants erases	0.00016045534539442234	0.00016045534539442234	14.561186790466309	14.561186790466309
1257	gpt2	1258	629	7	erase	simple	expected	The consultants erase	4.245854654527648e-07	4.245854654527648e-07	21.167442321777344	21.167442321777344
1258	gpt2	1259	630	7	erect	simple	unexpected	The consultants erects	0.008222988260058616	0.008222988260058616	12.197776794433594	12.197776794433594
1259	gpt2	1260	630	7	erect	simple	expected	The consultants erect	2.7556216082302853e-06	2.7556216082302853e-06	18.46919059753418	18.46919059753418
1260	gpt2	1261	631	7	erode	simple	unexpected	The consultants erodes	4.866764902544674e-05	4.866764902544674e-05	15.450818538665771	15.450818538665771
1261	gpt2	1262	631	7	erode	simple	expected	The consultants erode	0.004483924180021822	0.004483924180021822	12.14706802368164	12.14706802368164
1262	gpt2	1263	632	7	erupt	simple	unexpected	The consultants erupts	0.0007843029239538067	0.0007843029239538067	16.592722415924072	16.592722415924072
1263	gpt2	1264	632	7	erupt	simple	expected	The consultants erupt	6.526640561332897e-08	6.526640561332897e-08	23.869083404541016	23.869083404541016
1264	gpt2	1265	633	7	escalate	simple	unexpected	The consultants escalates	0.30697390832004334	0.30697390832004334	13.809878587722777	13.809878587722777
1265	gpt2	1266	633	7	escalate	simple	expected	The consultants escalate	1.762174548503026e-07	1.762174548503026e-07	22.436140060424805	22.436140060424805
1266	gpt2	1267	634	7	escape	simple	unexpected	The consultants escapes	6.057212509347209e-09	6.057212509347209e-09	27.29869842529297	27.29869842529297
1267	gpt2	1268	634	7	escape	simple	expected	The consultants escape	9.371668738822336e-07	9.371668738822336e-07	20.025190353393555	20.025190353393555
1268	gpt2	1269	635	7	establish	simple	unexpected	The consultants establishes	7.883931374408348e-08	7.883931374408348e-08	23.59650993347168	23.59650993347168
1269	gpt2	1270	635	7	establish	simple	expected	The consultants establish	9.503690307610668e-06	9.503690307610668e-06	16.683080673217773	16.683080673217773
1270	gpt2	1271	636	7	estimate	simple	unexpected	The consultants estimates	0.000166415629792	0.000166415629792	12.552921295166016	12.552921295166016
1271	gpt2	1272	636	7	estimate	simple	expected	The consultants estimate	0.0048631918616592	0.0048631918616592	7.683880805969238	7.683880805969238
1272	gpt2	1273	637	7	evade	simple	unexpected	The consultants evades	0.0007769513141226708	0.0007769513141226708	14.7318115234375	14.7318115234375
1273	gpt2	1274	637	7	evade	simple	expected	The consultants evade	1.2941421800860553e-07	1.2941421800860553e-07	22.881500244140625	22.881500244140625
1274	gpt2	1275	638	7	evaluate	simple	unexpected	The consultants evaluates	9.350528671348002e-07	9.350528671348002e-07	20.0284481048584	20.0284481048584
1275	gpt2	1276	638	7	evaluate	simple	expected	The consultants evaluate	3.362827919772826e-05	3.362827919772826e-05	14.859965324401855	14.859965324401855
1276	gpt2	1277	639	7	evaporate	simple	unexpected	The consultants evaporates	0.0010517637432165675	0.0010517637432165675	16.08980894088745	16.08980894088745
1277	gpt2	1278	639	7	evaporate	simple	expected	The consultants evaporate	0.06906751959590096	0.06906751959590096	13.071213483810425	13.071213483810425
1278	gpt2	1279	640	7	even	simple	unexpected	The consultants evens	0.000685250288597665	0.000685250288597665	13.569356918334961	13.569356918334961
1279	gpt2	1280	640	7	even	simple	expected	The consultants even	0.0013655446236953	0.0013655446236953	9.516307830810549	9.516307830810549
1280	gpt2	1281	641	7	evolve	simple	unexpected	The consultants evolves	2.3903508061806633e-09	2.3903508061806633e-09	28.6401309967041	28.6401309967041
1281	gpt2	1282	641	7	evolve	simple	expected	The consultants evolve	2.0929215338583165e-07	2.0929215338583165e-07	22.18797874450684	22.18797874450684
1282	gpt2	1283	642	7	exacerbate	simple	unexpected	The consultants exacerbates	0.08557605954941394	0.08557605954941394	13.223859548568726	13.223859548568726
1283	gpt2	1284	642	7	exacerbate	simple	expected	The consultants exacerbate	2.312203122301071e-07	2.312203122301071e-07	22.044227600097656	22.044227600097656
1284	gpt2	1285	643	7	exaggerate	simple	unexpected	The consultants exaggerates	0.0020745977049045736	0.0020745977049045736	13.07364273071289	13.07364273071289
1285	gpt2	1286	643	7	exaggerate	simple	expected	The consultants exaggerate	0.4899954929237538	0.4899954929237538	9.131184127181768	9.131184127181768
1286	gpt2	1287	644	7	examine	simple	unexpected	The consultants examines	1.0702945019147592e-06	1.0702945019147592e-06	19.83356094360352	19.83356094360352
1287	gpt2	1288	644	7	examine	simple	expected	The consultants examine	8.526892634108663e-05	8.526892634108663e-05	13.517620086669922	13.517620086669922
1288	gpt2	1289	645	7	exceed	simple	unexpected	The consultants exceeds	4.1533358086098815e-08	4.1533358086098815e-08	24.521154403686523	24.521154403686523
1289	gpt2	1290	645	7	exceed	simple	expected	The consultants exceed	2.3580512333865045e-06	2.3580512333865045e-06	18.69397354125977	18.69397354125977
1290	gpt2	1291	646	7	except	simple	unexpected	The consultants excepts	0.005944468937741441	0.005944468937741441	10.638149976730347	10.638149976730347
1291	gpt2	1292	646	7	except	simple	expected	The consultants except	3.320988253108226e-05	3.320988253108226e-05	14.87802791595459	14.87802791595459
1292	gpt2	1293	647	7	exchange	simple	unexpected	The consultants exchanges	3.29413524013944e-07	3.29413524013944e-07	21.53359603881836	21.53359603881836
1293	gpt2	1294	647	7	exchange	simple	expected	The consultants exchange	1.0822464901139028e-05	1.0822464901139028e-05	16.4956111907959	16.4956111907959
1294	gpt2	1295	648	7	exclude	simple	unexpected	The consultants excludes	2.311003868271655e-07	2.311003868271655e-07	22.04497718811035	22.04497718811035
1295	gpt2	1296	648	7	exclude	simple	expected	The consultants exclude	2.285222763021011e-06	2.285222763021011e-06	18.739233016967773	18.739233016967773
1296	gpt2	1297	649	7	excorciate	simple	unexpected	The consultants excorciates	0.019571878400142823	0.019571878400142823	11.752030730247498	11.752030730247498
1297	gpt2	1298	649	7	excorciate	simple	expected	The consultants excorciate	0.09272651686330845	0.09272651686330845	9.986965954303741	9.986965954303741
1298	gpt2	1299	650	7	excuse	simple	unexpected	The consultants excuses	1.2370855984045193e-07	1.2370855984045193e-07	22.94655036926269	22.94655036926269
1299	gpt2	1300	650	7	excuse	simple	expected	The consultants excuse	2.900983872677898e-06	2.900983872677898e-06	18.39502716064453	18.39502716064453
1300	gpt2	1301	651	7	execute	simple	unexpected	The consultants executes	1.0543987016831124e-08	1.0543987016831124e-08	26.499004364013672	26.499004364013672
1301	gpt2	1302	651	7	execute	simple	expected	The consultants execute	1.6596786736045033e-06	1.6596786736045033e-06	19.200664520263672	19.200664520263672
1302	gpt2	1303	652	7	exempt	simple	unexpected	The consultants exempts	0.020587904230865168	0.020587904230865168	12.27091383934021	12.27091383934021
1303	gpt2	1304	652	7	exempt	simple	expected	The consultants exempt	9.943566965375794e-07	9.943566965375794e-07	19.939733505249023	19.939733505249023
1304	gpt2	1305	653	7	exercise	simple	unexpected	The consultants exercises	3.742782155313762e-07	3.742782155313762e-07	21.34938621520996	21.34938621520996
1305	gpt2	1306	653	7	exercise	simple	expected	The consultants exercise	2.16290500247851e-05	2.16290500247851e-05	15.49666976928711	15.49666976928711
1306	gpt2	1307	654	7	exhaust	simple	unexpected	The consultants exhausts	0.0022595431529310495	0.0022595431529310495	14.583959102630615	14.583959102630615
1307	gpt2	1308	654	7	exhaust	simple	expected	The consultants exhaust	3.669158274988149e-07	3.669158274988149e-07	21.378047943115234	21.378047943115234
1308	gpt2	1309	655	7	exhibit	simple	unexpected	The consultants exhibits	1.6787907952675596e-08	1.6787907952675596e-08	25.8280029296875	25.8280029296875
1309	gpt2	1310	655	7	exhibit	simple	expected	The consultants exhibit	2.6973384592565708e-06	2.6973384592565708e-06	18.50003242492676	18.50003242492676
1310	gpt2	1311	656	7	exist	simple	unexpected	The consultants exists	1.1511392017382605e-07	1.1511392017382605e-07	23.050434112548828	23.050434112548828
1311	gpt2	1312	656	7	exist	simple	expected	The consultants exist	1.1883794286404736e-05	1.1883794286404736e-05	16.360645294189453	16.360645294189453
1312	gpt2	1313	657	7	exit	simple	unexpected	The consultants exits	1.1169855262949112e-08	1.1169855262949112e-08	26.41581344604492	26.41581344604492
1313	gpt2	1314	657	7	exit	simple	expected	The consultants exit	2.0278414467611583e-06	2.0278414467611583e-06	18.911623001098636	18.911623001098636
1314	gpt2	1315	658	7	exorcise	simple	unexpected	The consultants exorcises	0.0032487425086031524	0.0032487425086031524	14.204920768737793	14.204920768737793
1315	gpt2	1316	658	7	exorcise	simple	expected	The consultants exorcise	0.2518837821734081	0.2518837821734081	11.06650686264038	11.06650686264038
1316	gpt2	1317	659	7	expand	simple	unexpected	The consultants expands	3.3412224098583465e-08	3.3412224098583465e-08	24.83504867553711	24.83504867553711
1317	gpt2	1318	659	7	expand	simple	expected	The consultants expand	3.7726426853623703e-06	3.7726426853623703e-06	18.015993118286133	18.015993118286133
1318	gpt2	1319	660	7	expect	simple	unexpected	The consultants expects	1.3405419849732423e-05	1.3405419849732423e-05	16.186824798583984	16.186824798583984
1319	gpt2	1320	660	7	expect	simple	expected	The consultants expect	0.0008308459073305	0.0008308459073305	10.233131408691406	10.233131408691406
1320	gpt2	1321	661	7	expedite	simple	unexpected	The consultants expedites	0.000226093507393432	0.000226093507393432	15.902541160583498	15.902541160583498
1321	gpt2	1322	661	7	expedite	simple	expected	The consultants expedite	0.02503294948141383	0.02503294948141383	12.506225347518923	12.506225347518923
1322	gpt2	1323	662	7	expel	simple	unexpected	The consultants expels	0.00011256071798015411	0.00011256071798015411	15.013657569885254	15.013657569885254
1323	gpt2	1324	662	7	expel	simple	expected	The consultants expel	3.362806566542531e-08	3.362806566542531e-08	24.82575798034668	24.82575798034668
1324	gpt2	1325	663	7	experience	simple	unexpected	The consultants experiences	1.4304315243407473e-07	1.4304315243407473e-07	22.737045288085938	22.737045288085938
1325	gpt2	1326	663	7	experience	simple	expected	The consultants experience	3.179952909704298e-05	3.179952909704298e-05	14.940634727478027	14.940634727478027
1326	gpt2	1327	664	7	expire	simple	unexpected	The consultants expires	1.7120587614272154e-08	1.7120587614272154e-08	25.799692153930664	25.799692153930664
1327	gpt2	1328	664	7	expire	simple	expected	The consultants expire	4.729587601559615e-07	4.729587601559615e-07	21.011781692504883	21.011781692504883
1328	gpt2	1329	665	7	explain	simple	unexpected	The consultants explains	1.874739609775133e-05	1.874739609775133e-05	15.702950477600098	15.702950477600098
1329	gpt2	1330	665	7	explain	simple	expected	The consultants explain	0.0007271412177942	0.0007271412177942	10.425477027893066	10.425477027893066
1330	gpt2	1331	666	7	explode	simple	unexpected	The consultants explodes	3.479426080588155e-09	3.479426080588155e-09	28.09850311279297	28.09850311279297
1331	gpt2	1332	666	7	explode	simple	expected	The consultants explode	1.1633230911911598e-07	1.1633230911911598e-07	23.03524398803711	23.03524398803711
1332	gpt2	1333	667	7	exploit	simple	unexpected	The consultants exploits	8.181398669648843e-09	8.181398669648843e-09	26.865005493164062	26.865005493164062
1333	gpt2	1334	667	7	exploit	simple	expected	The consultants exploit	1.6911737930058734e-06	1.6911737930058734e-06	19.17354393005371	19.17354393005371
1334	gpt2	1335	668	7	explore	simple	unexpected	The consultants explores	3.8520570910804963e-07	3.8520570910804963e-07	21.3078670501709	21.3078670501709
1335	gpt2	1336	668	7	explore	simple	expected	The consultants explore	2.8298194592935037e-05	2.8298194592935037e-05	15.108930587768556	15.108930587768556
1336	gpt2	1337	669	7	export	simple	unexpected	The consultants exports	2.689791145371601e-08	2.689791145371601e-08	25.147930145263672	25.147930145263672
1337	gpt2	1338	669	7	export	simple	expected	The consultants export	2.2034599567177798e-07	2.2034599567177798e-07	22.113725662231445	22.113725662231445
1338	gpt2	1339	670	7	expose	simple	unexpected	The consultants exposes	8.88201441284764e-08	8.88201441284764e-08	23.424537658691406	23.424537658691406
1339	gpt2	1340	670	7	expose	simple	expected	The consultants expose	6.014149221300613e-06	6.014149221300613e-06	17.34320831298828	17.34320831298828
1340	gpt2	1341	671	7	express	simple	unexpected	The consultants expresses	1.4534454351178286e-07	1.4534454351178286e-07	22.714019775390625	22.714019775390625
1341	gpt2	1342	671	7	express	simple	expected	The consultants express	2.497268906154204e-05	2.497268906154204e-05	15.289289474487305	15.289289474487305
1342	gpt2	1343	672	7	expunge	simple	unexpected	The consultants expunges	0.01128273637383847	0.01128273637383847	10.585843880971273	10.585843880971273
1343	gpt2	1344	672	7	expunge	simple	expected	The consultants expunge	0.03637188434019357	0.03637188434019357	8.933160384496054	8.933160384496054
1344	gpt2	1345	673	7	extend	simple	unexpected	The consultants extends	1.4579100593437033e-07	1.4579100593437033e-07	22.7095947265625	22.7095947265625
1345	gpt2	1346	673	7	extend	simple	expected	The consultants extend	8.58495150168892e-06	8.58495150168892e-06	16.829757690429688	16.829757690429688
1346	gpt2	1347	674	7	extinguish	simple	unexpected	The consultants extinguishes	0.0031562529833734742	0.0031562529833734742	15.989753246307375	15.989753246307375
1347	gpt2	1348	674	7	extinguish	simple	expected	The consultants extinguish	0.42227553211652946	0.42227553211652946	12.457834981381895	12.457834981381895
1348	gpt2	1349	675	7	extort	simple	unexpected	The consultants extorts	0.0003161471486236846	0.0003161471486236846	14.89269018173218	14.89269018173218
1349	gpt2	1350	675	7	extort	simple	expected	The consultants extort	0.007891025490607684	0.007891025490607684	12.570038318634035	12.570038318634035
1350	gpt2	1351	676	7	extract	simple	unexpected	The consultants extracts	1.98359529690606e-07	1.98359529690606e-07	22.265378952026367	22.265378952026367
1351	gpt2	1352	676	7	extract	simple	expected	The consultants extract	1.591403929523949e-06	1.591403929523949e-06	19.261268615722656	19.261268615722656
1352	gpt2	1353	677	7	extricate	simple	unexpected	The consultants extricates	0.012969262341357523	0.012969262341357523	10.18579641977946	10.18579641977946
1353	gpt2	1354	677	7	extricate	simple	expected	The consultants extricate	0.07174139662553593	0.07174139662553593	9.001638730367025	9.001638730367025
1354	gpt2	1355	678	7	fabricate	simple	unexpected	The consultants fabricates	0.02714635668019123	0.02714635668019123	11.304174184799194	11.304174184799194
1355	gpt2	1356	678	7	fabricate	simple	expected	The consultants fabricate	0.3244391181848414	0.3244391181848414	9.514580488204956	9.514580488204956
1356	gpt2	1357	679	7	face	simple	unexpected	The consultants faces	1.8057198758469892e-06	1.8057198758469892e-06	19.07899475097656	19.07899475097656
1357	gpt2	1358	679	7	face	simple	expected	The consultants face	0.0001937936613103	0.0001937936613103	12.33319091796875	12.33319091796875
1358	gpt2	1359	680	7	facilitate	simple	unexpected	The consultants facilitates	2.2801154742069233e-08	2.2801154742069233e-08	25.38631820678711	25.38631820678711
1359	gpt2	1360	680	7	facilitate	simple	expected	The consultants facilitate	1.7915583612193586e-06	1.7915583612193586e-06	19.09035301208496	19.09035301208496
1360	gpt2	1361	681	7	factor	simple	unexpected	The consultants factors	8.567836857764632e-07	8.567836857764632e-07	20.154565811157227	20.154565811157227
1361	gpt2	1362	681	7	factor	simple	expected	The consultants factor	4.3356644710002e-06	4.3356644710002e-06	17.81531524658203	17.81531524658203
1362	gpt2	1363	682	7	fade	simple	unexpected	The consultants fades	1.4309418094882174e-09	1.4309418094882174e-09	29.38038825988769	29.38038825988769
1363	gpt2	1364	682	7	fade	simple	expected	The consultants fade	1.237047939639524e-07	1.237047939639524e-07	22.946596145629883	22.946596145629883
1364	gpt2	1365	683	7	fail	simple	unexpected	The consultants fails	2.496161641829531e-07	2.496161641829531e-07	21.93378448486328	21.93378448486328
1365	gpt2	1366	683	7	fail	simple	expected	The consultants fail	2.886271249735728e-05	2.886271249735728e-05	15.08043384552002	15.08043384552002
1366	gpt2	1367	684	7	fall	simple	unexpected	The consultants falls	1.0502524361299949e-07	1.0502524361299949e-07	23.18276023864746	23.18276023864746
1367	gpt2	1368	684	7	fall	simple	expected	The consultants fall	2.0257935830159116e-05	2.0257935830159116e-05	15.591153144836426	15.591153144836426
1368	gpt2	1369	685	7	falsify	simple	unexpected	The consultants falsifies	0.0005907470235797099	0.0005907470235797099	13.621195793151855	13.621195793151855
1369	gpt2	1370	685	7	falsify	simple	expected	The consultants falsify	0.01390539479825746	0.01390539479825746	11.339577674865723	11.339577674865723
1370	gpt2	1371	686	7	familiarize	simple	unexpected	The consultants familiarizes	9.398060630601435e-05	9.398060630601435e-05	19.9423770904541	19.9423770904541
1371	gpt2	1372	686	7	familiarize	simple	expected	The consultants familiarize	9.466402633502724e-05	9.466402633502724e-05	15.926259994506836	15.926259994506836
1372	gpt2	1373	687	8	fantasize	simple	unexpected	The author fantasize	0.0024610009537581984	0.0024610009537581984	13.6520357131958	13.6520357131958
1373	gpt2	1374	687	8	fantasize	simple	expected	The author fantasizes	0.21542319879210936	0.21542319879210936	10.425965666770935	10.425965666770935
1374	gpt2	1375	688	8	fare	simple	unexpected	The author fare	1.0233177860641264e-08	1.0233177860641264e-08	26.54216957092285	26.54216957092285
1375	gpt2	1376	688	8	fare	simple	expected	The author fares	2.501725020920276e-06	2.501725020920276e-06	18.608644485473636	18.608644485473636
1376	gpt2	1377	689	8	farm	simple	unexpected	The author farm	2.3656193448573504e-08	2.3656193448573504e-08	25.33320617675781	25.33320617675781
1377	gpt2	1378	689	8	farm	simple	expected	The author farms	4.058081515267986e-07	4.058081515267986e-07	21.23269844055176	21.23269844055176
1378	gpt2	1379	690	8	fashion	simple	unexpected	The author fashion	2.543612822591968e-07	2.543612822591968e-07	21.906618118286133	21.906618118286133
1379	gpt2	1380	690	8	fashion	simple	expected	The author fashions	0.3212368575526246	0.3212368575526246	6.6895957589149475	6.6895957589149475
1380	gpt2	1381	691	8	favor	simple	unexpected	The author favor	3.729486408587945e-08	3.729486408587945e-08	24.67644691467285	24.67644691467285
1381	gpt2	1382	691	8	favor	simple	expected	The author favors	1.879469164123293e-05	1.879469164123293e-05	15.699315071105955	15.699315071105955
1382	gpt2	1383	692	8	fear	simple	unexpected	The author fear	6.276729436649475e-06	6.276729436649475e-06	17.28155517578125	17.28155517578125
1383	gpt2	1384	692	8	fear	simple	expected	The author fears	0.0002463693672325	0.0002463693672325	11.986889839172363	11.986889839172363
1384	gpt2	1385	693	8	feature	simple	unexpected	The author feature	8.322387543557852e-07	8.322387543557852e-07	20.19649887084961	20.19649887084961
1385	gpt2	1386	693	8	feature	simple	expected	The author features	6.808470061514527e-05	6.808470061514527e-05	13.842309951782228	13.842309951782228
1386	gpt2	1387	694	8	feed	simple	unexpected	The author feed	5.785634584754007e-07	5.785634584754007e-07	20.72102165222168	20.72102165222168
1387	gpt2	1388	694	8	feed	simple	expected	The author feeds	8.888691809261218e-06	8.888691809261218e-06	16.779598236083984	16.779598236083984
1388	gpt2	1389	695	8	feel	simple	unexpected	The author feel	5.624835466733202e-06	5.624835466733202e-06	17.43975830078125	17.43975830078125
1389	gpt2	1390	695	8	feel	simple	expected	The author feels	0.0012489155633375	0.0012489155633375	9.645108222961426	9.645108222961426
1390	gpt2	1391	696	8	fend	simple	unexpected	The author fend	1.8137200630263806e-09	1.8137200630263806e-09	29.03840065002441	29.03840065002441
1391	gpt2	1392	696	8	fend	simple	expected	The author fends	0.004260326779331058	0.004260326779331058	10.379420757293701	10.379420757293701
1392	gpt2	1393	697	8	ferret	simple	unexpected	The author ferret	0.19325726268215246	0.19325726268215246	11.048262178897858	11.048262178897858
1393	gpt2	1394	697	8	ferret	simple	expected	The author ferrets	0.035939706241322256	0.035939706241322256	12.26170289516449	12.26170289516449
1394	gpt2	1395	698	8	ferry	simple	unexpected	The author ferry	7.900290199813753e-09	7.900290199813753e-09	26.915447235107425	26.915447235107425
1395	gpt2	1396	698	8	ferry	simple	expected	The author ferries	0.011831117545796108	0.011831117545796108	13.06321096420288	13.06321096420288
1396	gpt2	1397	699	8	fester	simple	unexpected	The author fester	6.716798816341907e-05	6.716798816341907e-05	13.861907005310059	13.861907005310059
1397	gpt2	1398	699	8	fester	simple	expected	The author festers	0.0001307549391640083	0.0001307549391640083	13.09904146194458	13.09904146194458
1398	gpt2	1399	700	8	fetch	simple	unexpected	The author fetch	5.6561958672318724e-08	5.6561958672318724e-08	24.075592041015625	24.075592041015625
1399	gpt2	1400	700	8	fetch	simple	expected	The author fetches	0.1037678497138472	0.1037678497138472	10.680676221847534	10.680676221847534
1400	gpt2	1401	701	8	field	simple	unexpected	The author field	2.229192432423588e-06	2.229192432423588e-06	18.775047302246094	18.775047302246094
1401	gpt2	1402	701	8	field	simple	expected	The author fields	3.6095959785598097e-06	3.6095959785598097e-06	18.079730987548828	18.079730987548828
1402	gpt2	1403	702	8	fight	simple	unexpected	The author fight	1.437282435290399e-07	1.437282435290399e-07	22.730152130126957	22.730152130126957
1403	gpt2	1404	702	8	fight	simple	expected	The author fights	5.222483196121175e-06	5.222483196121175e-06	17.546833038330078	17.546833038330078
1404	gpt2	1405	703	8	figure	simple	unexpected	The author figure	4.32188215881979e-07	4.32188215881979e-07	21.14183616638184	21.14183616638184
1405	gpt2	1406	703	8	figure	simple	expected	The author figures	3.48154098901432e-05	3.48154098901432e-05	14.809914588928224	14.809914588928224
1406	gpt2	1407	704	8	file	simple	unexpected	The author file	7.777169912515092e-07	7.777169912515092e-07	20.29425048828125	20.29425048828125
1407	gpt2	1408	704	8	file	simple	expected	The author files	3.0398992748814635e-05	3.0398992748814635e-05	15.005617141723633	15.005617141723633
1408	gpt2	1409	705	8	fill	simple	unexpected	The author fill	3.116238076472655e-07	3.116238076472655e-07	21.61369132995605	21.61369132995605
1409	gpt2	1410	705	8	fill	simple	expected	The author fills	5.750961645389907e-05	5.750961645389907e-05	14.085837364196776	14.085837364196776
1410	gpt2	1411	706	8	finance	simple	unexpected	The author finance	2.1796047633415585e-07	2.1796047633415585e-07	22.129430770874023	22.129430770874023
1411	gpt2	1412	706	8	finance	simple	expected	The author finances	1.3975709407532122e-06	1.3975709407532122e-06	19.44864654541016	19.44864654541016
1412	gpt2	1413	707	8	find	simple	unexpected	The author find	8.672855074109975e-06	8.672855074109975e-06	16.815061569213867	16.815061569213867
1413	gpt2	1414	707	8	find	simple	expected	The author finds	0.000625331129413	0.000625331129413	10.643092155456545	10.643092155456545
1414	gpt2	1415	708	8	fine-tune	simple	unexpected	The author fine-tune	0.3644493515515137	0.3644493515515137	10.275426119565964	10.275426119565964
1415	gpt2	1416	708	8	fine-tune	simple	expected	The author fine-tunines	0.3644493515515137	0.3644493515515137	10.275426119565964	10.275426119565964
1416	gpt2	1417	709	8	fine	simple	unexpected	The author fine	8.93120727596397e-07	8.93120727596397e-07	20.094640731811523	20.094640731811523
1417	gpt2	1418	709	8	fine	simple	expected	The author fines	1.201315882326526e-07	1.201315882326526e-07	22.988880157470703	22.988880157470703
1418	gpt2	1419	710	8	finger	simple	unexpected	The author finger	2.949996691370416e-08	2.949996691370416e-08	25.014711380004883	25.014711380004883
1419	gpt2	1420	710	8	finger	simple	expected	The author fingers	3.509967996251362e-07	3.509967996251362e-07	21.442039489746094	21.442039489746094
1420	gpt2	1421	711	8	finish	simple	unexpected	The author finish	2.879719147586002e-07	2.879719147586002e-07	21.72756767272949	21.72756767272949
1421	gpt2	1422	711	8	finish	simple	expected	The author finishes	4.924765744362958e-05	4.924765744362958e-05	14.309585571289062	14.309585571289062
1422	gpt2	1423	712	8	fire	simple	unexpected	The author fire	1.1233337460225813e-07	1.1233337460225813e-07	23.08571052551269	23.08571052551269
1423	gpt2	1424	712	8	fire	simple	expected	The author fires	2.415725703031057e-06	2.415725703031057e-06	18.65911102294922	18.65911102294922
1424	gpt2	1425	713	8	firm	simple	unexpected	The author firm	1.2433193887773086e-06	1.2433193887773086e-06	19.617372512817383	19.617372512817383
1425	gpt2	1426	713	8	firm	simple	expected	The author firms	4.56227581935309e-07	4.56227581935309e-07	21.063743591308597	21.063743591308597
1426	gpt2	1427	714	8	fit	simple	unexpected	The author fit	3.2849450235517e-06	3.2849450235517e-06	18.215700149536133	18.215700149536133
1427	gpt2	1428	714	8	fit	simple	expected	The author fits	8.008543773030397e-06	8.008543773030397e-06	16.930028915405273	16.930028915405273
1428	gpt2	1429	715	8	fix	simple	unexpected	The author fix	5.29229225776362e-07	5.29229225776362e-07	20.8496036529541	20.8496036529541
1429	gpt2	1430	715	8	fix	simple	expected	The author fixes	1.0538604328758083e-05	1.0538604328758083e-05	16.53395652770996	16.53395652770996
1430	gpt2	1431	716	8	flash	simple	unexpected	The author flash	7.822891490150141e-08	7.822891490150141e-08	23.607723236083984	23.607723236083984
1431	gpt2	1432	716	8	flash	simple	expected	The author flashes	1.0926142977041309e-06	1.0926142977041309e-06	19.803783416748047	19.803783416748047
1432	gpt2	1433	717	8	flatten	simple	unexpected	The author flatten	0.01085385110885892	0.01085385110885892	15.223903179168701	15.223903179168701
1433	gpt2	1434	717	8	flatten	simple	expected	The author flattens	0.43431966089368856	0.43431966089368856	12.562663115561008	12.562663115561008
1434	gpt2	1435	718	8	flaunt	simple	unexpected	The author flaunt	0.0005746604122123196	0.0005746604122123196	13.599298477172852	13.599298477172852
1435	gpt2	1436	718	8	flaunt	simple	expected	The author flaunts	0.02434907275642217	0.02434907275642217	10.893304109573364	10.893304109573364
1436	gpt2	1437	719	8	flay	simple	unexpected	The author flay	0.00019341861229801958	0.00019341861229801958	14.39188289642334	14.39188289642334
1437	gpt2	1438	719	8	flay	simple	expected	The author flays	0.0008653544184653196	0.0008653544184653196	13.30280590057373	13.30280590057373
1438	gpt2	1439	720	8	flee	simple	unexpected	The author flee	8.670682838385346e-09	8.670682838385346e-09	26.78120803833008	26.78120803833008
1439	gpt2	1440	720	8	flee	simple	expected	The author flees	0.4562212827810015	0.4562212827810015	10.161903947591782	10.161903947591782
1440	gpt2	1441	721	8	flinch	simple	unexpected	The author flinch	0.0005861699876277196	0.0005861699876277196	13.58492374420166	13.58492374420166
1441	gpt2	1442	721	8	flinch	simple	expected	The author flinches	0.004294502357197369	0.004294502357197369	12.145349025726318	12.145349025726318
1442	gpt2	1443	722	8	flip	simple	unexpected	The author flip	1.377336502628168e-07	1.377336502628168e-07	22.791616439819336	22.791616439819336
1443	gpt2	1444	722	8	flip	simple	expected	The author flips	2.6302402602595976e-06	2.6302402602595976e-06	18.53637313842773	18.53637313842773
1444	gpt2	1445	723	8	float	simple	unexpected	The author float	1.939443272647168e-08	1.939443272647168e-08	25.619781494140625	25.619781494140625
1445	gpt2	1446	723	8	float	simple	expected	The author floats	1.3652587540491368e-06	1.3652587540491368e-06	19.482393264770508	19.482393264770508
1446	gpt2	1447	724	8	flood	simple	unexpected	The author flood	3.1959290769378863e-09	3.1959290769378863e-09	28.22111701965332	28.22111701965332
1447	gpt2	1448	724	8	flood	simple	expected	The author floods	1.3571731471984094e-07	1.3571731471984094e-07	22.812891006469727	22.812891006469727
1448	gpt2	1449	725	8	flounder	simple	unexpected	The author flounder	0.006351088977226013	0.006351088977226013	10.289122263590494	10.289122263590494
1449	gpt2	1450	725	8	flounder	simple	expected	The author flounders	0.026301827774811177	0.026301827774811177	9.293607870737711	9.293607870737711
1450	gpt2	1451	726	8	flourish	simple	unexpected	The author flourish	3.669522019578153e-09	3.669522019578153e-09	28.02176094055176	28.02176094055176
1451	gpt2	1452	726	8	flourish	simple	expected	The author flourishes	0.49828702683295484	0.49828702683295484	11.44751158519648	11.44751158519648
1452	gpt2	1453	727	8	flow	simple	unexpected	The author flow	5.90755178109248e-08	5.90755178109248e-08	24.01286506652832	24.01286506652832
1453	gpt2	1454	727	8	flow	simple	expected	The author flows	8.572495744374464e-07	8.572495744374464e-07	20.15378189086914	20.15378189086914
1454	gpt2	1455	728	8	fluctuate	simple	unexpected	The author fluctuate	0.004244631869458003	0.004244631869458003	14.959898710250854	14.959898710250854
1455	gpt2	1456	728	8	fluctuate	simple	expected	The author fluctuates	0.43841135340344195	0.43841135340344195	11.614637978374958	11.614637978374958
1456	gpt2	1457	729	8	flush	simple	unexpected	The author flush	1.5531757213693712e-08	1.5531757213693712e-08	25.940204620361328	25.940204620361328
1457	gpt2	1458	729	8	flush	simple	expected	The author flushes	0.00535299516673147	0.00535299516673147	11.986326932907104	11.986326932907104
1458	gpt2	1459	730	8	fly	simple	unexpected	The author fly	1.325491467696338e-07	1.325491467696338e-07	22.846969604492188	22.846969604492188
1459	gpt2	1460	730	8	fly	simple	expected	The author flies	5.386782959249104e-06	5.386782959249104e-06	17.50214385986328	17.50214385986328
1460	gpt2	1461	731	8	focus	simple	unexpected	The author focus	3.636629799075308e-06	3.636629799075308e-06	18.068965911865234	18.068965911865234
1461	gpt2	1462	731	8	focus	simple	expected	The author focuses	0.0002358328056288	0.0002358328056288	12.04994773864746	12.04994773864746
1462	gpt2	1463	732	8	fog	simple	unexpected	The author fog	1.0525486260348774e-07	1.0525486260348774e-07	23.17960929870605	23.17960929870605
1463	gpt2	1464	732	8	fog	simple	expected	The author fogs	0.0002434777852613083	0.0002434777852613083	12.544508934020996	12.544508934020996
1464	gpt2	1465	733	8	foil	simple	unexpected	The author foil	7.199994378481733e-09	7.199994378481733e-09	27.04935646057129	27.04935646057129
1465	gpt2	1466	733	8	foil	simple	expected	The author foils	0.09423387927392923	0.09423387927392923	11.236352801322937	11.236352801322937
1466	gpt2	1467	734	8	fold	simple	unexpected	The author fold	7.377352062576392e-08	7.377352062576392e-08	23.69232177734375	23.69232177734375
1467	gpt2	1468	734	8	fold	simple	expected	The author folds	1.494156094850041e-06	1.494156094850041e-06	19.352237701416016	19.352237701416016
1468	gpt2	1469	735	8	follow	simple	unexpected	The author follow	3.322982365716598e-06	3.322982365716598e-06	18.19908905029297	18.19908905029297
1469	gpt2	1470	735	8	follow	simple	expected	The author follows	0.0002364615938859	0.0002364615938859	12.046106338500977	12.046106338500977
1470	gpt2	1471	736	8	fool	simple	unexpected	The author fool	8.2500854148293e-08	8.2500854148293e-08	23.531015396118164	23.531015396118164
1471	gpt2	1472	736	8	fool	simple	expected	The author fools	1.8343473584536698e-07	1.8343473584536698e-07	22.37822914123535	22.37822914123535
1472	gpt2	1473	737	8	foot	simple	unexpected	The author foot	3.232448761991691e-07	3.232448761991691e-07	21.560869216918945	21.560869216918945
1473	gpt2	1474	737	8	foot	simple	expected	The author foots	0.01420324066725695	0.01420324066725695	13.349260807037354	13.349260807037354
1474	gpt2	1475	738	8	force	simple	unexpected	The author force	7.10756964394932e-08	7.10756964394932e-08	23.746068954467773	23.746068954467773
1475	gpt2	1476	738	8	force	simple	expected	The author forces	3.3818073461588938e-06	3.3818073461588938e-06	18.17377471923828	18.17377471923828
1476	gpt2	1477	739	8	forecast	simple	unexpected	The author forecast	4.332531261752592e-06	4.332531261752592e-06	17.81635856628418	17.81635856628418
1477	gpt2	1478	739	8	forecast	simple	expected	The author forecasts	1.8708282368606888e-05	1.8708282368606888e-05	15.705963134765623	15.705963134765623
1478	gpt2	1479	740	8	foresee	simple	unexpected	The author foresee	3.697717261275102e-07	3.697717261275102e-07	21.36686134338379	21.36686134338379
1479	gpt2	1480	740	8	foresee	simple	expected	The author foresees	0.5144140447931326	0.5144140447931326	4.73498158607011	4.73498158607011
1480	gpt2	1481	741	8	forfeit	simple	unexpected	The author forfeit	4.3234752666876375e-08	4.3234752666876375e-08	24.463233947753903	24.463233947753903
1481	gpt2	1482	741	8	forfeit	simple	expected	The author forfeits	0.07877825455443599	0.07877825455443599	10.225059390068054	10.225059390068054
1482	gpt2	1483	742	8	forget	simple	unexpected	The author forget	5.911415428272448e-07	5.911415428272448e-07	20.68999290466309	20.68999290466309
1483	gpt2	1484	742	8	forget	simple	expected	The author forgets	0.4756210918621946	0.4756210918621946	7.429429423063993	7.429429423063993
1484	gpt2	1485	743	8	forge	simple	unexpected	The author forge	5.2157207441894116e-09	5.2157207441894116e-09	27.51448631286621	27.51448631286621
1485	gpt2	1486	743	8	forge	simple	expected	The author forges	0.0004441813172206741	0.0004441813172206741	14.228294372558594	14.228294372558594
1486	gpt2	1487	744	8	forgive	simple	unexpected	The author forgive	8.464179046541177e-08	8.464179046541177e-08	23.494054794311523	23.494054794311523
1487	gpt2	1488	744	8	forgive	simple	expected	The author forgives	0.0077027848074066995	0.0077027848074066995	10.405205488204956	10.405205488204956
1488	gpt2	1489	745	8	forgo	simple	unexpected	The author forgo	0.0004473072949622212	0.0004473072949622212	13.426525115966797	13.426525115966797
1489	gpt2	1490	745	8	forgo	simple	expected	The author forgoes	0.3297075458807133	0.3297075458807133	8.956711462388435	8.956711462388435
1490	gpt2	1491	746	8	formulate	simple	unexpected	The author formulate	2.0555052770987462e-08	2.0555052770987462e-08	25.535932540893555	25.535932540893555
1491	gpt2	1492	746	8	formulate	simple	expected	The author formulates	0.016226010020545762	0.016226010020545762	10.926312446594238	10.926312446594238
1492	gpt2	1493	747	8	form	simple	unexpected	The author form	8.139006240526214e-06	8.139006240526214e-06	16.906715393066406	16.906715393066406
1493	gpt2	1494	747	8	form	simple	expected	The author forms	1.6480804333696142e-05	1.6480804333696142e-05	15.888854026794434	15.888854026794434
1494	gpt2	1495	748	8	foster	simple	unexpected	The author foster	2.8351880843047184e-08	2.8351880843047184e-08	25.07197952270508	25.07197952270508
1495	gpt2	1496	748	8	foster	simple	expected	The author fosters	0.3078632396043304	0.3078632396043304	9.803155511617659	9.803155511617659
1496	gpt2	1497	749	8	frame	simple	unexpected	The author frame	9.180960773846892e-07	9.180960773846892e-07	20.054851531982425	20.054851531982425
1497	gpt2	1498	749	8	frame	simple	expected	The author frames	9.815118573897053e-06	9.815118573897053e-06	16.63656234741211	16.63656234741211
1498	gpt2	1499	750	8	franchise	simple	unexpected	The author franchise	3.060521436282215e-08	3.060521436282215e-08	24.961647033691406	24.961647033691406
1499	gpt2	1500	750	8	franchise	simple	expected	The author franchises	2.0891972596359665e-08	2.0891972596359665e-08	25.512475967407227	25.512475967407227
1500	gpt2	1501	751	8	free	simple	unexpected	The author free	2.791621454889537e-06	2.791621454889537e-06	18.45046615600586	18.45046615600586
1501	gpt2	1502	751	8	free	simple	expected	The author frees	0.2749367688068105	0.2749367688068105	9.176627099514008	9.176627099514008
1502	gpt2	1503	752	8	freeze	simple	unexpected	The author freeze	4.6731869929317333e-08	4.6731869929317333e-08	24.35101890563965	24.35101890563965
1503	gpt2	1504	752	8	freeze	simple	expected	The author freezes	1.4975455542298732e-06	1.4975455542298732e-06	19.34896850585937	19.34896850585937
1504	gpt2	1505	753	8	freight	simple	unexpected	The author freight	1.4735944020571878e-08	1.4735944020571878e-08	26.016084671020508	26.016084671020508
1505	gpt2	1506	753	8	freight	simple	expected	The author freights	7.655993090334753e-05	7.655993090334753e-05	15.107780456542969	15.107780456542969
1506	gpt2	1507	754	8	fret	simple	unexpected	The author fret	8.416398600274989e-08	8.416398600274989e-08	23.502222061157227	23.502222061157227
1507	gpt2	1508	754	8	fret	simple	expected	The author frets	0.1502352092632009	0.1502352092632009	9.612571477890015	9.612571477890015
1508	gpt2	1509	755	8	frighten	simple	unexpected	The author frighten	0.010288915137337514	0.010288915137337514	14.135870933532715	14.135870933532715
1509	gpt2	1510	755	8	frighten	simple	expected	The author frightens	0.38034685003249535	0.38034685003249535	11.531789526343346	11.531789526343346
1510	gpt2	1511	756	8	frolic	simple	unexpected	The author frolic	0.0255513034629757	0.0255513034629757	13.529036045074463	13.529036045074463
1511	gpt2	1512	756	8	frolic	simple	expected	The author frolics	0.33436986753463316	0.33436986753463316	9.043009323378405	9.043009323378405
1512	gpt2	1513	757	8	frustrate	simple	unexpected	The author frustrate	0.008447640089642027	0.008447640089642027	13.826924085617065	13.826924085617065
1513	gpt2	1514	757	8	frustrate	simple	expected	The author frustrates	0.48818128414298206	0.48818128414298206	10.900549864396453	10.900549864396453
1514	gpt2	1515	758	8	fudge	simple	unexpected	The author fudge	0.0011781002831412082	0.0011781002831412082	11.321709632873535	11.321709632873535
1515	gpt2	1516	758	8	fudge	simple	expected	The author fudges	0.054140205213722446	0.054140205213722446	7.679250160853068	7.679250160853068
1516	gpt2	1517	759	8	fuel	simple	unexpected	The author fuel	2.214237859732293e-08	2.214237859732293e-08	25.428613662719727	25.428613662719727
1517	gpt2	1518	759	8	fuel	simple	expected	The author fuels	8.81638698047027e-07	8.81638698047027e-07	20.11330986022949	20.11330986022949
1518	gpt2	1519	760	8	fulfill	simple	unexpected	The author fulfill	1.6277761361038756e-08	1.6277761361038756e-08	25.872522354125977	25.872522354125977
1519	gpt2	1520	760	8	fulfill	simple	expected	The author fulfills	0.4237161641124203	0.4237161641124203	8.72081046551466	8.72081046551466
1520	gpt2	1521	761	8	function	simple	unexpected	The author function	8.580187568441033e-06	8.580187568441033e-06	16.83055877685547	16.83055877685547
1521	gpt2	1522	761	8	function	simple	expected	The author functions	3.238376302761026e-05	3.238376302761026e-05	14.914369583129885	14.914369583129885
1522	gpt2	1523	762	8	fund	simple	unexpected	The author fund	2.2147564493479882e-07	2.2147564493479882e-07	22.106348037719727	22.106348037719727
1523	gpt2	1524	762	8	fund	simple	expected	The author funds	1.180447816295782e-05	1.180447816295782e-05	16.37030601501465	16.37030601501465
1524	gpt2	1525	763	8	funnel	simple	unexpected	The author funnel	1.0883488954505085e-07	1.0883488954505085e-07	23.13135528564453	23.13135528564453
1525	gpt2	1526	763	8	funnel	simple	expected	The author funnels	0.38373586347267974	0.38373586347267974	9.96326644718647	9.96326644718647
1526	gpt2	1527	764	8	furnish	simple	unexpected	The author furnish	3.330107389842851e-08	3.330107389842851e-08	24.8398551940918	24.8398551940918
1527	gpt2	1528	764	8	furnish	simple	expected	The author furnishes	0.4978546752079467	0.4978546752079467	10.161526627372949	10.161526627372949
1528	gpt2	1529	765	8	further	simple	unexpected	The author further	0.0016753891250118	0.0016753891250118	9.221287727355955	9.221287727355955
1529	gpt2	1530	765	8	further	simple	expected	The author furthers	0.00093535248015535	0.00093535248015535	10.771595478057861	10.771595478057861
1530	gpt2	1531	766	8	gain	simple	unexpected	The author gain	2.000728329676349e-07	2.000728329676349e-07	22.25297164916992	22.25297164916992
1531	gpt2	1532	766	8	gain	simple	expected	The author gains	1.426294693374075e-05	1.426294693374075e-05	16.097368240356445	16.097368240356445
1532	gpt2	1533	767	8	galvanize	simple	unexpected	The author galvanize	0.001039246508106785	0.001039246508106785	16.334681510925293	16.334681510925293
1533	gpt2	1534	767	8	galvanize	simple	expected	The author galvanizes	0.04151737114060693	0.04151737114060693	13.674604892730713	13.674604892730713
1534	gpt2	1535	768	8	gamble	simple	unexpected	The author gamble	6.064179713938245e-10	6.064179713938245e-10	30.618968963623047	30.618968963623047
1535	gpt2	1536	768	8	gamble	simple	expected	The author gambles	0.1250496664008622	0.1250496664008622	12.200562596321108	12.200562596321108
1536	gpt2	1537	769	8	garden	simple	unexpected	The author garden	6.831112386862516e-08	6.831112386862516e-08	23.80330467224121	23.80330467224121
1537	gpt2	1538	769	8	garden	simple	expected	The author gardens	1.198267796098662e-07	1.198267796098662e-07	22.99254608154297	22.99254608154297
1538	gpt2	1539	770	8	garner	simple	unexpected	The author garner	3.805046588922778e-08	3.805046588922778e-08	24.647510528564453	24.647510528564453
1539	gpt2	1540	770	8	garner	simple	expected	The author garners	0.429990533165423	0.429990533165423	10.803728610277176	10.803728610277176
1540	gpt2	1541	771	8	gasp	simple	unexpected	The author gasp	3.983501972726344e-09	3.983501972726344e-09	27.9033145904541	27.9033145904541
1541	gpt2	1542	771	8	gasp	simple	expected	The author gasps	0.4706306967378851	0.4706306967378851	9.425215020775793	9.425215020775793
1542	gpt2	1543	772	8	gather	simple	unexpected	The author gather	1.3356633132843856e-07	1.3356633132843856e-07	22.835939407348636	22.835939407348636
1543	gpt2	1544	772	8	gather	simple	expected	The author gathers	4.545202045846963e-06	4.545202045846963e-06	17.747224807739258	17.747224807739258
1544	gpt2	1545	773	8	gauge	simple	unexpected	The author gauge	1.4462395725445276e-08	1.4462395725445276e-08	26.04311752319336	26.04311752319336
1545	gpt2	1546	773	8	gauge	simple	expected	The author gauges	0.15116097535583606	0.15116097535583606	11.751422047615051	11.751422047615051
1546	gpt2	1547	774	8	gender	simple	unexpected	The author gender	1.3220533219282515e-06	1.3220533219282515e-06	19.52878761291504	19.52878761291504
1547	gpt2	1548	774	8	gender	simple	expected	The author genders	1.2000060678474256e-07	1.2000060678474256e-07	22.990455627441406	22.990455627441406
1548	gpt2	1549	775	8	generalize	simple	unexpected	The author generalize	0.0016100306038424508	0.0016100306038424508	11.511944770812988	11.511944770812988
1549	gpt2	1550	775	8	generalize	simple	expected	The author generalizes	0.0627974636827275	0.0627974636827275	8.861084342002869	8.861084342002869
1550	gpt2	1551	776	8	generate	simple	unexpected	The author generate	5.862428764658034e-08	5.862428764658034e-08	24.02392578125	24.02392578125
1551	gpt2	1552	776	8	generate	simple	expected	The author generates	9.834982847678477e-06	9.834982847678477e-06	16.63364601135254	16.63364601135254
1552	gpt2	1553	777	8	get	simple	unexpected	The author get	3.3146013720397605e-06	3.3146013720397605e-06	18.202733993530277	18.202733993530277
1553	gpt2	1554	777	8	get	simple	expected	The author gets	0.0002568607742432	0.0002568607742432	11.926725387573242	11.926725387573242
1554	gpt2	1555	778	8	give	simple	unexpected	The author give	6.107564786361763e-06	6.107564786361763e-06	17.32097053527832	17.32097053527832
1555	gpt2	1556	778	8	give	simple	expected	The author gives	0.0012878626585006	0.0012878626585006	9.600805282592772	9.600805282592772
1556	gpt2	1557	779	8	glamorize	simple	unexpected	The author glamorize	0.2441942291308171	0.2441942291308171	9.794405609369278	9.794405609369278
1557	gpt2	1558	779	8	glamorize	simple	expected	The author glamorizes	0.4916765248997734	0.4916765248997734	7.653398642937343	7.653398642937343
1558	gpt2	1559	780	8	glaze	simple	unexpected	The author glaze	0.0004997391031338251	0.0004997391031338251	13.554029941558838	13.554029941558838
1559	gpt2	1560	780	8	glaze	simple	expected	The author glazes	0.0012190787481358252	0.0012190787481358252	12.907776832580566	12.907776832580566
1560	gpt2	1561	781	8	glean	simple	unexpected	The author glean	2.9602606446132995e-06	2.9602606446132995e-06	18.3658447265625	18.3658447265625
1561	gpt2	1562	781	8	glean	simple	expected	The author gleans	0.020977162010240108	0.020977162010240108	9.23552680015564	9.23552680015564
1562	gpt2	1563	782	8	glide	simple	unexpected	The author glide	1.056804199706107e-09	1.056804199706107e-09	29.81764411926269	29.81764411926269
1563	gpt2	1564	782	8	glide	simple	expected	The author glides	0.07963980300223737	0.07963980300223737	9.890931606292725	9.890931606292725
1564	gpt2	1565	783	8	gloat	simple	unexpected	The author gloat	0.002447746078132675	0.002447746078132675	12.403908967971802	12.403908967971802
1565	gpt2	1566	783	8	gloat	simple	expected	The author gloats	0.3136929989721769	0.3136929989721769	6.647808005412419	6.647808005412419
1566	gpt2	1567	784	8	gloss	simple	unexpected	The author gloss	4.060421815665904e-06	4.060421815665904e-06	17.90993881225586	17.90993881225586
1567	gpt2	1568	784	8	gloss	simple	expected	The author glosses	0.43752158053439416	0.43752158053439416	9.051259696483612	9.051259696483612
1568	gpt2	1569	785	9	glut	simple	unexpected	The customers gluts	8.479515599901788e-06	8.479515599901788e-06	16.965916633605957	16.965916633605957
1569	gpt2	1570	785	9	glut	simple	expected	The customers glut	4.031085154565517e-07	4.031085154565517e-07	21.242328643798828	21.242328643798828
1570	gpt2	1571	786	9	gon	simple	unexpected	The customers gons	2.06902009267651e-05	2.06902009267651e-05	15.85853385925293	15.85853385925293
1571	gpt2	1572	786	9	gon	simple	expected	The customers gon	1.2685146089097546e-07	1.2685146089097546e-07	22.910356521606445	22.910356521606445
1572	gpt2	1573	787	9	gore	simple	unexpected	The customers gores	6.345877045532688e-05	6.345877045532688e-05	14.136654376983643	14.136654376983643
1573	gpt2	1574	787	9	gore	simple	expected	The customers gore	3.91447407821488e-08	3.91447407821488e-08	24.60660552978516	24.60660552978516
1574	gpt2	1575	788	9	go	simple	unexpected	The customers goes	1.6575520930928178e-05	1.6575520930928178e-05	15.880586624145508	15.880586624145508
1575	gpt2	1576	788	9	go	simple	expected	The customers go	0.0014384824316948	0.0014384824316948	9.44123649597168	9.44123649597168
1576	gpt2	1577	789	9	govern	simple	unexpected	The customers governs	4.646653728457295e-09	4.646653728457295e-09	27.68115997314453	27.68115997314453
1577	gpt2	1578	789	9	govern	simple	expected	The customers govern	1.044550828055435e-07	1.044550828055435e-07	23.190614700317383	23.190614700317383
1578	gpt2	1579	790	9	grab	simple	unexpected	The customers grabs	2.503950895516027e-07	2.503950895516027e-07	21.92929077148437	21.92929077148437
1579	gpt2	1580	790	9	grab	simple	expected	The customers grab	1.572646760905627e-05	1.572646760905627e-05	15.956445693969728	15.956445693969728
1580	gpt2	1581	791	9	grace	simple	unexpected	The customers graces	7.227418063847283e-05	7.227418063847283e-05	14.881598472595215	14.881598472595215
1581	gpt2	1582	791	9	grace	simple	expected	The customers grace	2.9317861844901927e-06	2.9317861844901927e-06	18.379789352416992	18.379789352416992
1582	gpt2	1583	792	9	grant	simple	unexpected	The customers grants	2.928889557551884e-07	2.928889557551884e-07	21.70314216613769	21.70314216613769
1583	gpt2	1584	792	9	grant	simple	expected	The customers grant	4.0402469494438265e-06	4.0402469494438265e-06	17.917125701904297	17.917125701904297
1584	gpt2	1585	793	9	grapple	simple	unexpected	The customers grapples	0.003864066583602686	0.003864066583602686	14.045760154724121	14.045760154724121
1585	gpt2	1586	793	9	grapple	simple	expected	The customers grapple	8.652073688608652e-07	8.652073688608652e-07	20.14045143127441	20.14045143127441
1586	gpt2	1587	794	9	grasp	simple	unexpected	The customers grasps	0.3246572205086219	0.3246572205086219	8.854811299592257	8.854811299592257
1587	gpt2	1588	794	9	grasp	simple	expected	The customers grasp	2.290605607413454e-06	2.290605607413454e-06	18.73583984375	18.73583984375
1588	gpt2	1589	795	9	grimace	simple	unexpected	The customers grimaces	0.01649330868634988	0.01649330868634988	13.10610055923462	13.10610055923462
1589	gpt2	1590	795	9	grimace	simple	expected	The customers grimace	0.03704739487979223	0.03704739487979223	12.522350192070007	12.522350192070007
1590	gpt2	1591	796	9	ground	simple	unexpected	The customers grounds	7.22976380984619e-08	7.22976380984619e-08	23.72147560119629	23.72147560119629
1591	gpt2	1592	796	9	ground	simple	expected	The customers ground	7.00270788911439e-07	7.00270788911439e-07	20.44558334350586	20.44558334350586
1592	gpt2	1593	797	9	group	simple	unexpected	The customers groups	3.5028857382712886e-05	3.5028857382712886e-05	14.80109691619873	14.80109691619873
1593	gpt2	1594	797	9	group	simple	expected	The customers group	9.728465374791996e-05	9.728465374791996e-05	13.327427864074709	13.327427864074709
1594	gpt2	1595	798	9	growth	simple	unexpected	The customers growths	0.0001315489334956258	0.0001315489334956258	14.784893989562988	14.784893989562988
1595	gpt2	1596	798	9	growth	simple	expected	The customers growth	4.859433829551563e-06	4.859433829551563e-06	17.650779724121094	17.650779724121094
1596	gpt2	1597	799	9	grow	simple	unexpected	The customers grows	8.628474574834399e-07	8.628474574834399e-07	20.144392013549805	20.144392013549805
1597	gpt2	1598	799	9	grow	simple	expected	The customers grow	7.764142355881631e-05	7.764142355881631e-05	13.652813911437988	13.652813911437988
1598	gpt2	1599	800	9	guarantee	simple	unexpected	The customers guarantees	3.214842081433744e-07	3.214842081433744e-07	21.568748474121094	21.568748474121094
1599	gpt2	1600	800	9	guarantee	simple	expected	The customers guarantee	1.8823840946424752e-05	1.8823840946424752e-05	15.6970796585083	15.6970796585083
1600	gpt2	1601	801	9	guard	simple	unexpected	The customers guards	3.0147239726829866e-07	3.0147239726829866e-07	21.661470413208008	21.661470413208008
1601	gpt2	1602	801	9	guard	simple	expected	The customers guard	4.070692739333026e-06	4.070692739333026e-06	17.906293869018555	17.906293869018555
1602	gpt2	1603	802	9	guess	simple	unexpected	The customers guesses	2.022538865276147e-07	2.022538865276147e-07	22.237329483032227	22.237329483032227
1603	gpt2	1604	802	9	guess	simple	expected	The customers guess	5.917312591918744e-06	5.917312591918744e-06	17.366626739501953	17.366626739501953
1604	gpt2	1605	803	9	guide	simple	unexpected	The customers guides	3.22452052614608e-07	3.22452052614608e-07	21.56441116333008	21.56441116333008
1605	gpt2	1606	803	9	guide	simple	expected	The customers guide	1.192451691167662e-05	1.192451691167662e-05	16.355709075927734	16.355709075927734
1606	gpt2	1607	804	9	gut	simple	unexpected	The customers guts	3.719179275663009e-08	3.719179275663009e-08	24.68044090270996	24.68044090270996
1607	gpt2	1608	804	9	gut	simple	expected	The customers gut	8.097542263385549e-07	8.097542263385549e-07	20.236013412475582	20.236013412475582
1608	gpt2	1609	805	9	guzzle	simple	unexpected	The customers guzzles	0.20573163686151472	0.20573163686151472	9.835088312625885	9.835088312625885
1609	gpt2	1610	805	9	guzzle	simple	expected	The customers guzzle	0.0564222686479638	0.0564222686479638	11.80878746509552	11.80878746509552
1610	gpt2	1611	806	9	hack	simple	unexpected	The customers hacks	1.1492119966760585e-07	1.1492119966760585e-07	23.0528507232666	23.0528507232666
1611	gpt2	1612	806	9	hack	simple	expected	The customers hack	3.434108180044859e-07	3.434108180044859e-07	21.473560333251957	21.473560333251957
1612	gpt2	1613	807	9	halt	simple	unexpected	The customers halts	0.006575385406932764	0.006575385406932764	13.747533082962036	13.747533082962036
1613	gpt2	1614	807	9	halt	simple	expected	The customers halt	4.6789955376880243e-07	4.6789955376880243e-07	21.02729797363281	21.02729797363281
1614	gpt2	1615	808	9	halve	simple	unexpected	The customers halves	4.614348725340278e-08	4.614348725340278e-08	24.36929702758789	24.36929702758789
1615	gpt2	1616	808	9	halve	simple	expected	The customers halve	0.029040394183567714	0.029040394183567714	12.676059007644653	12.676059007644653
1616	gpt2	1617	809	9	hammer	simple	unexpected	The customers hammers	0.41998739036394994	0.41998739036394994	12.923721760511398	12.923721760511398
1617	gpt2	1618	809	9	hammer	simple	expected	The customers hammer	3.584938497169788e-07	3.584938497169788e-07	21.411548614501957	21.411548614501957
1618	gpt2	1619	810	9	hamper	simple	unexpected	The customers hampers	0.3066836105257001	0.3066836105257001	8.456733745833237	8.456733745833237
1619	gpt2	1620	810	9	hamper	simple	expected	The customers hamper	0.10817419735650445	0.10817419735650445	11.187876343727112	11.187876343727112
1620	gpt2	1621	811	9	handicap	simple	unexpected	The customers handicaps	0.0039000372502187	0.0039000372502187	14.20267391204834	14.20267391204834
1621	gpt2	1622	811	9	handicap	simple	expected	The customers handicap	0.0422303207318464	0.0422303207318464	12.484283924102783	12.484283924102783
1622	gpt2	1623	812	9	handle	simple	unexpected	The customers handles	1.2008915746264393e-06	1.2008915746264393e-06	19.667463302612305	19.667463302612305
1623	gpt2	1624	812	9	handle	simple	expected	The customers handle	1.6506615793332458e-05	1.6506615793332458e-05	15.886595726013184	15.886595726013184
1624	gpt2	1625	813	9	hand	simple	unexpected	The customers hands	1.0378553270129489e-05	1.0378553270129489e-05	16.5560359954834	16.5560359954834
1625	gpt2	1626	813	9	hand	simple	expected	The customers hand	8.349433483090252e-05	8.349433483090252e-05	13.547962188720703	13.547962188720703
1626	gpt2	1627	814	9	hang	simple	unexpected	The customers hangs	1.954547315108357e-07	1.954547315108357e-07	22.28666114807129	22.28666114807129
1627	gpt2	1628	814	9	hang	simple	expected	The customers hang	2.0051638784934767e-05	2.0051638784934767e-05	15.605920791625977	15.605920791625977
1628	gpt2	1629	815	9	happen	simple	unexpected	The customers happens	1.5181850585577197e-06	1.5181850585577197e-06	19.329221725463867	19.329221725463867
1629	gpt2	1630	815	9	happen	simple	expected	The customers happen	3.1302075512940064e-05	3.1302075512940064e-05	14.96338176727295	14.96338176727295
1630	gpt2	1631	816	9	harass	simple	unexpected	The customers harasses	0.0029130821155831307	0.0029130821155831307	13.414304256439209	13.414304256439209
1631	gpt2	1632	816	9	harass	simple	expected	The customers harass	1.440484538761666e-06	1.440484538761666e-06	19.405014038085938	19.405014038085938
1632	gpt2	1633	817	9	harm	simple	unexpected	The customers harms	2.138542356533435e-07	2.138542356533435e-07	22.15686798095703	22.15686798095703
1633	gpt2	1634	817	9	harm	simple	expected	The customers harm	1.3723823713007732e-06	1.3723823713007732e-06	19.47488594055176	19.47488594055176
1634	gpt2	1635	818	9	hasten	simple	unexpected	The customers hastens	0.0012553484006048005	0.0012553484006048005	13.568416595458984	13.568416595458984
1635	gpt2	1636	818	9	hasten	simple	expected	The customers hasten	0.14918347688524136	0.14918347688524136	10.121218383312225	10.121218383312225
1636	gpt2	1637	819	9	hate	simple	unexpected	The customers hates	1.752547177602537e-06	1.752547177602537e-06	19.122116088867188	19.122116088867188
1637	gpt2	1638	819	9	hate	simple	expected	The customers hate	0.0001123281908803	0.0001123281908803	13.11999225616455	13.11999225616455
1638	gpt2	1639	820	9	haul	simple	unexpected	The customers hauls	0.005877459159819405	0.005877459159819405	11.370468616485596	11.370468616485596
1639	gpt2	1640	820	9	haul	simple	expected	The customers haul	3.399063871256658e-06	3.399063871256658e-06	18.166431427001957	18.166431427001957
1640	gpt2	1641	821	9	haunt	simple	unexpected	The customers haunts	0.4327320387442004	0.4327320387442004	12.294390723109245	12.294390723109245
1641	gpt2	1642	821	9	haunt	simple	expected	The customers haunt	5.674947942679864e-07	5.674947942679864e-07	20.748889923095703	20.748889923095703
1642	gpt2	1643	822	9	have	simple	unexpected	The customers haves	0.037057789246318855	0.037057789246318855	10.041584730148315	10.041584730148315
1643	gpt2	1644	822	9	have	simple	expected	The customers have	0.0423825569450855	0.0423825569450855	4.560385704040527	4.560385704040527
1644	gpt2	1645	823	9	head	simple	unexpected	The customers heads	6.331151212179975e-07	6.331151212179975e-07	20.591028213500977	20.591028213500977
1645	gpt2	1646	823	9	head	simple	expected	The customers head	3.5204073355998844e-05	3.5204073355998844e-05	14.79389762878418	14.79389762878418
1646	gpt2	1647	824	9	heal	simple	unexpected	The customers heals	2.9423823377783265e-08	2.9423823377783265e-08	25.01844024658203	25.01844024658203
1647	gpt2	1648	824	9	heal	simple	expected	The customers heal	7.637875114596682e-07	7.637875114596682e-07	20.32032585144043	20.32032585144043
1648	gpt2	1649	825	9	hear	simple	unexpected	The customers hears	2.210875607033813e-07	2.210875607033813e-07	22.10887908935547	22.10887908935547
1649	gpt2	1650	825	9	hear	simple	expected	The customers hear	5.395407788455486e-05	5.395407788455486e-05	14.177908897399902	14.177908897399902
1650	gpt2	1651	826	9	heat	simple	unexpected	The customers heats	1.197912382622235e-07	1.197912382622235e-07	22.99297332763672	22.99297332763672
1651	gpt2	1652	826	9	heat	simple	expected	The customers heat	3.4059171412081923e-06	3.4059171412081923e-06	18.163524627685547	18.163524627685547
1652	gpt2	1653	827	9	hedge	simple	unexpected	The customers hedges	0.007525850490992478	0.007525850490992478	13.032052278518677	13.032052278518677
1653	gpt2	1654	827	9	hedge	simple	expected	The customers hedge	3.162056145811221e-07	3.162056145811221e-07	21.592634201049805	21.592634201049805
1654	gpt2	1655	828	9	heed	simple	unexpected	The customers heeds	0.0016828004154376	0.0016828004154376	9.248323440551758	9.248323440551758
1655	gpt2	1656	828	9	heed	simple	expected	The customers heed	8.738846872802242e-07	8.738846872802242e-07	20.126052856445312	20.126052856445312
1656	gpt2	1657	829	9	heighten	simple	unexpected	The customers heightens	0.10061907791160252	0.10061907791160252	11.426294565200806	11.426294565200806
1657	gpt2	1658	829	9	heighten	simple	expected	The customers heighten	0.1769531818535199	0.1769531818535199	11.01906168460846	11.01906168460846
1658	gpt2	1659	830	9	help	simple	unexpected	The customers helps	2.844664777512662e-06	2.844664777512662e-06	18.423309326171875	18.423309326171875
1659	gpt2	1660	830	9	help	simple	expected	The customers help	0.0002479819522704	0.0002479819522704	11.977477073669434	11.977477073669434
1660	gpt2	1661	831	9	herald	simple	unexpected	The customers heralds	0.0010315332471861824	0.0010315332471861824	14.57213020324707	14.57213020324707
1661	gpt2	1662	831	9	herald	simple	expected	The customers herald	8.172641514647694e-07	8.172641514647694e-07	20.222694396972656	20.222694396972656
1662	gpt2	1663	832	9	hesitate	simple	unexpected	The customers hesitates	0.12560869993819776	0.12560869993819776	10.732192814350128	10.732192814350128
1663	gpt2	1664	832	9	hesitate	simple	expected	The customers hesitate	6.687414497719146e-06	6.687414497719146e-06	17.190120697021484	17.190120697021484
1664	gpt2	1665	833	9	hide	simple	unexpected	The customers hides	7.470880092341758e-08	7.470880092341758e-08	23.67414665222168	23.67414665222168
1665	gpt2	1666	833	9	hide	simple	expected	The customers hide	4.271259967936203e-06	4.271259967936203e-06	17.83690643310547	17.83690643310547
1666	gpt2	1667	834	9	highlight	simple	unexpected	The customers highlights	5.694377591680677e-07	5.694377591680677e-07	20.74395751953125	20.74395751953125
1667	gpt2	1668	834	9	highlight	simple	expected	The customers highlight	6.534794010804035e-06	6.534794010804035e-06	17.223426818847656	17.223426818847656
1668	gpt2	1669	835	9	hinder	simple	unexpected	The customers hinders	0.03770904924105163	0.03770904924105163	13.077170491218565	13.077170491218565
1669	gpt2	1670	835	9	hinder	simple	expected	The customers hinder	2.941340255802061e-07	2.941340255802061e-07	21.697023391723636	21.697023391723636
1670	gpt2	1671	836	9	hinge	simple	unexpected	The customers hinges	1.3597551173916145e-07	1.3597551173916145e-07	22.81015014648437	22.81015014648437
1671	gpt2	1672	836	9	hinge	simple	expected	The customers hinge	1.1824178045571898e-06	1.1824178045571898e-06	19.689828872680664	19.689828872680664
1672	gpt2	1673	837	9	hint	simple	unexpected	The customers hints	5.402628389106212e-08	5.402628389106212e-08	24.14176368713379	24.14176368713379
1673	gpt2	1674	837	9	hint	simple	expected	The customers hint	1.2262412383279298e-06	1.2262412383279298e-06	19.637325286865234	19.637325286865234
1674	gpt2	1675	838	9	hire	simple	unexpected	The customers hires	5.600878694167477e-07	5.600878694167477e-07	20.76784324645996	20.76784324645996
1675	gpt2	1676	838	9	hire	simple	expected	The customers hire	2.124996535712853e-05	2.124996535712853e-05	15.52217960357666	15.52217960357666
1676	gpt2	1677	839	9	hit	simple	unexpected	The customers hits	7.103331540747604e-07	7.103331540747604e-07	20.42500114440918	20.42500114440918
1677	gpt2	1678	839	9	hit	simple	expected	The customers hit	0.0001290445652557	0.0001290445652557	12.919842720031738	12.919842720031738
1678	gpt2	1679	840	9	hoe	simple	unexpected	The customers hoes	5.378837158787064e-05	5.378837158787064e-05	14.223294258117676	14.223294258117676
1679	gpt2	1680	840	9	hoe	simple	expected	The customers hoe	0.00030669081388622863	0.00030669081388622863	12.669886589050293	12.669886589050293
1680	gpt2	1681	841	9	hold	simple	unexpected	The customers holds	9.14482768621383e-07	9.14482768621383e-07	20.0605411529541	20.0605411529541
1681	gpt2	1682	841	9	hold	simple	expected	The customers hold	9.270227747038008e-05	9.270227747038008e-05	13.397035598754885	13.397035598754885
1682	gpt2	1683	842	9	holler	simple	unexpected	The customers hollers	0.01934081607275095	0.01934081607275095	8.90564235051473	8.90564235051473
1683	gpt2	1684	842	9	holler	simple	expected	The customers holler	0.0026750850411189787	0.0026750850411189787	11.06299614906311	11.06299614906311
1684	gpt2	1685	843	9	homer	simple	unexpected	The customers homers	2.738545568092832e-08	2.738545568092832e-08	25.12201499938965	25.12201499938965
1685	gpt2	1686	843	9	homer	simple	expected	The customers homer	2.8331609058795948e-08	2.8331609058795948e-08	25.07301139831543	25.07301139831543
1686	gpt2	1687	844	9	hone	simple	unexpected	The customers hones	0.00021949218717052862	0.00021949218717052862	12.932103633880613	12.932103633880613
1687	gpt2	1688	844	9	hone	simple	expected	The customers hone	1.234694195773045e-07	1.234694195773045e-07	22.949342727661133	22.949342727661133
1688	gpt2	1689	845	9	honor	simple	unexpected	The customers honors	1.0297383568058649e-07	1.0297383568058649e-07	23.211217880249023	23.211217880249023
1689	gpt2	1690	845	9	honor	simple	expected	The customers honor	3.06709875985689e-06	3.06709875985689e-06	18.31469345092773	18.31469345092773
1690	gpt2	1691	846	9	hope	simple	unexpected	The customers hopes	6.911814125487581e-06	6.911814125487581e-06	17.14250373840332	17.14250373840332
1691	gpt2	1692	846	9	hope	simple	expected	The customers hope	0.0001638035610085	0.0001638035610085	12.575745582580566	12.575745582580566
1692	gpt2	1693	847	9	host	simple	unexpected	The customers hosts	5.328517431735236e-07	5.328517431735236e-07	20.83976173400879	20.83976173400879
1693	gpt2	1694	847	9	host	simple	expected	The customers host	1.0351508535677569e-05	1.0351508535677569e-05	16.559799194335938	16.559799194335938
1694	gpt2	1695	848	9	house	simple	unexpected	The customers houses	1.7295411680606776e-06	1.7295411680606776e-06	19.14118003845215	19.14118003845215
1695	gpt2	1696	848	9	house	simple	expected	The customers house	1.422763853042852e-05	1.422763853042852e-05	16.10094451904297	16.10094451904297
1696	gpt2	1697	849	9	hum	simple	unexpected	The customers hums	0.0022329061919208045	0.0022329061919208045	13.401441574096678	13.401441574096678
1697	gpt2	1698	849	9	hum	simple	expected	The customers hum	1.913434516609413e-06	1.913434516609413e-06	18.99540328979492	18.99540328979492
1698	gpt2	1699	850	9	hurry	simple	unexpected	The customers hurries	0.011464868517236911	0.011464868517236911	12.788419485092163	12.788419485092163
1699	gpt2	1700	850	9	hurry	simple	expected	The customers hurry	2.425386583126965e-06	2.425386583126965e-06	18.65335464477539	18.65335464477539
1700	gpt2	1701	851	9	hurt	simple	unexpected	The customers hurts	1.0004962547327525e-07	1.0004962547327525e-07	23.25278091430664	23.25278091430664
1701	gpt2	1702	851	9	hurt	simple	expected	The customers hurt	1.2387432434479706e-05	1.2387432434479706e-05	16.300764083862305	16.300764083862305
1702	gpt2	1703	852	9	identify	simple	unexpected	The customers identifies	1.0421911156299757e-06	1.0421911156299757e-06	19.8719482421875	19.8719482421875
1703	gpt2	1704	852	9	identify	simple	expected	The customers identify	4.443223224370741e-05	4.443223224370741e-05	14.458033561706545	14.458033561706545
1704	gpt2	1705	853	9	idle	simple	unexpected	The customers idles	0.013274755819793415	0.013274755819793415	11.444868326187134	11.444868326187134
1705	gpt2	1706	853	9	idle	simple	expected	The customers idle	1.147981379290286e-06	1.147981379290286e-06	19.73246955871582	19.73246955871582
1706	gpt2	1707	854	9	ignite	simple	unexpected	The customers ignites	0.03974412442826032	0.03974412442826032	13.414468884468079	13.414468884468079
1707	gpt2	1708	854	9	ignite	simple	expected	The customers ignite	8.20665917444785e-08	8.20665917444785e-08	23.53862953186035	23.53862953186035
1708	gpt2	1709	855	9	ignore	simple	unexpected	The customers ignores	9.859440979198553e-07	9.859440979198553e-07	19.95199012756348	19.95199012756348
1709	gpt2	1710	855	9	ignore	simple	expected	The customers ignore	4.362672189017758e-05	4.362672189017758e-05	14.48442840576172	14.48442840576172
1710	gpt2	1711	856	9	illuminate	simple	unexpected	The customers illuminates	0.2555734949470813	0.2555734949470813	8.881995985905329	8.881995985905329
1711	gpt2	1712	856	9	illuminate	simple	expected	The customers illuminate	1.706348058405638e-07	1.706348058405638e-07	22.48258399963379	22.48258399963379
1712	gpt2	1713	857	9	illustrate	simple	unexpected	The customers illustrates	1.916099705567831e-07	1.916099705567831e-07	22.315324783325195	22.315324783325195
1713	gpt2	1714	857	9	illustrate	simple	expected	The customers illustrate	4.361222181614721e-06	4.361222181614721e-06	17.806835174560547	17.806835174560547
1714	gpt2	1715	858	9	imagine	simple	unexpected	The customers imagines	0.37306271582011874	0.37306271582011874	11.301477551460266	11.301477551460266
1715	gpt2	1716	858	9	imagine	simple	expected	The customers imagine	3.2733791158534586e-05	3.2733791158534586e-05	14.898859977722168	14.898859977722168
1716	gpt2	1717	859	9	impact	simple	unexpected	The customers impacts	5.643257168230775e-07	5.643257168230775e-07	20.756969451904297	20.756969451904297
1717	gpt2	1718	859	9	impact	simple	expected	The customers impact	8.865199561114423e-06	8.865199561114423e-06	16.783414840698242	16.783414840698242
1718	gpt2	1719	860	9	impair	simple	unexpected	The customers impairs	6.058579896260403e-05	6.058579896260403e-05	16.64782190322876	16.64782190322876
1719	gpt2	1720	860	9	impair	simple	expected	The customers impair	7.970324844563947e-08	7.970324844563947e-08	23.580785751342773	23.580785751342773
1720	gpt2	1721	861	9	impede	simple	unexpected	The customers impedes	0.05751898554954327	0.05751898554954327	14.240373849868776	14.240373849868776
1721	gpt2	1722	861	9	impede	simple	expected	The customers impede	1.2217441280881758e-07	1.2217441280881758e-07	22.96455383300781	22.96455383300781
1722	gpt2	1723	862	9	implement	simple	unexpected	The customers implements	3.3420000988826366e-08	3.3420000988826366e-08	24.83471298217773	24.83471298217773
1723	gpt2	1724	862	9	implement	simple	expected	The customers implement	5.989165401842911e-06	5.989165401842911e-06	17.349212646484375	17.349212646484375
1724	gpt2	1725	863	9	implicate	simple	unexpected	The customers implicates	2.713865666237325e-05	2.713865666237325e-05	16.6313796043396	16.6313796043396
1725	gpt2	1726	863	9	implicate	simple	expected	The customers implicate	0.0008552837703632477	0.0008552837703632477	14.11814308166504	14.11814308166504
1726	gpt2	1727	864	9	imply	simple	unexpected	The customers implies	4.573815886033117e-07	4.573815886033117e-07	21.06009864807129	21.06009864807129
1727	gpt2	1728	864	9	imply	simple	expected	The customers imply	4.472282398637617e-06	4.472282398637617e-06	17.770557403564453	17.770557403564453
1728	gpt2	1729	865	9	import	simple	unexpected	The customers imports	2.162199592703473e-07	2.162199592703473e-07	22.1409969329834	22.1409969329834
1729	gpt2	1730	865	9	import	simple	expected	The customers import	3.792682036873885e-06	3.792682036873885e-06	18.008350372314453	18.008350372314453
1730	gpt2	1731	866	9	impose	simple	unexpected	The customers imposes	7.334433149708276e-08	7.334433149708276e-08	23.70073890686035	23.70073890686035
1731	gpt2	1732	866	9	impose	simple	expected	The customers impose	1.9564804460969758e-06	1.9564804460969758e-06	18.963308334350582	18.963308334350582
1732	gpt2	1733	867	9	impound	simple	unexpected	The customers impounds	0.00042895926748085406	0.00042895926748085406	15.231884479522705	15.231884479522705
1733	gpt2	1734	867	9	impound	simple	expected	The customers impound	0.017783676250871804	0.017783676250871804	12.544453144073488	12.544453144073488
1734	gpt2	1735	868	9	impress	simple	unexpected	The customers impresses	0.00653294225745071	0.00653294225745071	13.592422723770142	13.592422723770142
1735	gpt2	1736	868	9	impress	simple	expected	The customers impress	5.016766522203397e-07	5.016766522203397e-07	20.926738739013672	20.926738739013672
1736	gpt2	1737	869	9	imprison	simple	unexpected	The customers imprisons	0.3281281001245209	0.3281281001245209	10.044396459435424	10.044396459435424
1737	gpt2	1738	869	9	imprison	simple	expected	The customers imprison	4.699474942526649e-08	4.699474942526649e-08	24.342926025390625	24.342926025390625
1738	gpt2	1739	870	9	improve	simple	unexpected	The customers improves	1.7088754589167365e-07	1.7088754589167365e-07	22.480449676513672	22.480449676513672
1739	gpt2	1740	870	9	improve	simple	expected	The customers improve	1.0263902368023992e-05	1.0263902368023992e-05	16.57206153869629	16.57206153869629
1740	gpt2	1741	871	9	impugn	simple	unexpected	The customers impugns	0.006273920011418903	0.006273920011418903	11.793386777242025	11.793386777242025
1741	gpt2	1742	871	9	impugn	simple	expected	The customers impugn	0.06658689241548167	0.06658689241548167	9.531012376149496	9.531012376149496
1742	gpt2	1743	872	9	incarcerate	simple	unexpected	The customers incarcerates	0.009540516839278345	0.009540516839278345	15.404681921005249	15.404681921005249
1743	gpt2	1744	872	9	incarcerate	simple	expected	The customers incarcerate	0.4204189916634089	0.4204189916634089	12.67387256026268	12.67387256026268
1744	gpt2	1745	873	9	inch	simple	unexpected	The customers inches	1.2437325835890078e-07	1.2437325835890078e-07	22.938819885253903	22.938819885253903
1745	gpt2	1746	873	9	inch	simple	expected	The customers inch	9.485960106303537e-08	9.485960106303537e-08	23.32963180541992	23.32963180541992
1746	gpt2	1747	874	9	include	simple	unexpected	The customers includes	2.5224178898497485e-05	2.5224178898497485e-05	15.274832725524902	15.274832725524902
1747	gpt2	1748	874	9	include	simple	expected	The customers include	0.0019457433372735	0.0019457433372735	9.005462646484375	9.005462646484375
1748	gpt2	1749	875	9	incorporate	simple	unexpected	The customers incorporates	1.5850400814088061e-07	1.5850400814088061e-07	22.588977813720703	22.588977813720703
1749	gpt2	1750	875	9	incorporate	simple	expected	The customers incorporate	2.587173867141246e-06	2.587173867141246e-06	18.560192108154297	18.560192108154297
1750	gpt2	1751	876	9	increased	simple	unexpected	The customers increaseds	2.839950820998638e-05	2.839950820998638e-05	15.96153211593628	15.96153211593628
1751	gpt2	1752	876	9	increased	simple	expected	The customers increased	5.208385118748993e-05	5.208385118748993e-05	14.228804588317873	14.228804588317873
1752	gpt2	1753	877	9	increase	simple	unexpected	The customers increases	1.7962441916097305e-06	1.7962441916097305e-06	19.086584091186523	19.086584091186523
1753	gpt2	1754	877	9	increase	simple	expected	The customers increase	4.524847099673934e-05	4.524847099673934e-05	14.431771278381348	14.431771278381348
1754	gpt2	1755	878	9	incur	simple	unexpected	The customers incurs	0.024501215217242127	0.024501215217242127	10.877137899398804	10.877137899398804
1755	gpt2	1756	878	9	incur	simple	expected	The customers incur	9.580740879755467e-06	9.580740879755467e-06	16.671430587768555	16.671430587768555
1756	gpt2	1757	879	9	indemnify	simple	unexpected	The customers indemnifies	0.0130171500639733	0.0130171500639733	12.789450645446777	12.789450645446777
1757	gpt2	1758	879	9	indemnify	simple	expected	The customers indemnify	0.2897744732470926	0.2897744732470926	10.551207900047302	10.551207900047302
1758	gpt2	1759	880	9	indicate	simple	unexpected	The customers indicates	8.954413601713895e-07	8.954413601713895e-07	20.090898513793945	20.090898513793945
1759	gpt2	1760	880	9	indicate	simple	expected	The customers indicate	4.059080310980789e-05	4.059080310980789e-05	14.58848762512207	14.58848762512207
1760	gpt2	1761	881	9	indict	simple	unexpected	The customers indicts	0.00714589422730678	0.00714589422730678	13.422816038131716	13.422816038131716
1761	gpt2	1762	881	9	indict	simple	expected	The customers indict	1.9850240562391266e-07	1.9850240562391266e-07	22.264339447021484	22.264339447021484
1762	gpt2	1763	882	9	induce	simple	unexpected	The customers induces	2.1098323088608595e-08	2.1098323088608595e-08	25.4982967376709	25.4982967376709
1763	gpt2	1764	882	9	induce	simple	expected	The customers induce	5.559751912187494e-07	5.559751912187494e-07	20.77847671508789	20.77847671508789
1764	gpt2	1765	883	10	indulge	simple	unexpected	The manager indulge	2.0409022027934043e-08	2.0409022027934043e-08	25.54621696472168	25.54621696472168
1765	gpt2	1766	883	10	indulge	simple	expected	The manager indulges	0.13005829822441226	0.13005829822441226	9.785412013530731	9.785412013530731
1766	gpt2	1767	884	10	industrialize	simple	unexpected	The manager industrialize	0.0020833857412014393	0.0020833857412014393	14.401463270187378	14.401463270187378
1767	gpt2	1768	884	10	industrialize	simple	expected	The manager industrializes	0.02278203811110299	0.02278203811110299	12.6759352684021	12.6759352684021
1768	gpt2	1769	885	10	infiltrate	simple	unexpected	The manager infiltrate	8.401317863615532e-09	8.401317863615532e-09	26.826736450195312	26.826736450195312
1769	gpt2	1770	885	10	infiltrate	simple	expected	The manager infiltrates	0.4824757022040558	0.4824757022040558	10.513110555708408	10.513110555708408
1770	gpt2	1771	886	10	inflame	simple	unexpected	The manager inflame	0.001058288988843931	0.001058288988843931	15.104972839355469	15.104972839355469
1771	gpt2	1772	886	10	inflame	simple	expected	The manager inflames	0.00555629914086348	0.00555629914086348	13.908672571182251	13.908672571182251
1772	gpt2	1773	887	10	inflate	simple	unexpected	The manager inflate	0.0011165162786710295	0.0011165162786710295	12.59592866897583	12.59592866897583
1773	gpt2	1774	887	10	inflate	simple	expected	The manager inflates	0.3273045534959067	0.3273045534959067	10.968465596437454	10.968465596437454
1774	gpt2	1775	888	10	inflict	simple	unexpected	The manager inflict	3.1071036854513064e-09	3.1071036854513064e-09	28.261781692504883	28.261781692504883
1775	gpt2	1776	888	10	inflict	simple	expected	The manager inflicts	0.49875856614752934	0.49875856614752934	10.934319074382074	10.934319074382074
1776	gpt2	1777	889	10	influence	simple	unexpected	The manager influence	1.463600796114406e-07	1.463600796114406e-07	22.7039737701416	22.7039737701416
1777	gpt2	1778	889	10	influence	simple	expected	The manager influences	6.032855708326679e-07	6.032855708326679e-07	20.6606559753418	20.6606559753418
1778	gpt2	1779	890	10	inform	simple	unexpected	The manager inform	4.662240826291964e-06	4.662240826291964e-06	17.71054458618164	17.71054458618164
1779	gpt2	1780	890	10	inform	simple	expected	The manager informs	0.000150364197907	0.000150364197907	12.699251174926758	12.699251174926758
1780	gpt2	1781	891	10	infringe	simple	unexpected	The manager infringe	0.008294543347915342	0.008294543347915342	13.239308595657349	13.239308595657349
1781	gpt2	1782	891	10	infringe	simple	expected	The manager infringes	0.12903007315810555	0.12903007315810555	11.259581983089447	11.259581983089447
1782	gpt2	1783	892	10	infuriate	simple	unexpected	The manager infuriate	0.2518640524400932	0.2518640524400932	7.629390289386113	7.629390289386113
1783	gpt2	1784	892	10	infuriate	simple	expected	The manager infuriates	0.005031581856201225	0.005031581856201225	12.181144714355469	12.181144714355469
1784	gpt2	1785	893	10	infuse	simple	unexpected	The manager infuse	0.0018779373267534295	0.0018779373267534295	12.219311237335205	12.219311237335205
1785	gpt2	1786	893	10	infuse	simple	expected	The manager infuses	0.03219260843525258	0.03219260843525258	10.167428970336914	10.167428970336914
1786	gpt2	1787	894	10	ingest	simple	unexpected	The manager ingest	1.2800026816250922e-08	1.2800026816250922e-08	26.21927833557129	26.21927833557129
1787	gpt2	1788	894	10	ingest	simple	expected	The manager ingests	0.07055342924309116	0.07055342924309116	10.848064541816711	10.848064541816711
1788	gpt2	1789	895	10	ingratiate	simple	unexpected	The manager ingratiate	0.26754707740849426	0.26754707740849426	6.844261816702783	6.844261816702783
1789	gpt2	1790	895	10	ingratiate	simple	expected	The manager ingratiates	0.35910130841887167	0.35910130841887167	6.005444607697427	6.005444607697427
1790	gpt2	1791	896	10	inhibit	simple	unexpected	The manager inhibit	8.2447320082224e-09	8.2447320082224e-09	26.853879928588867	26.853879928588867
1791	gpt2	1792	896	10	inhibit	simple	expected	The manager inhibits	2.972999197936588e-07	2.972999197936588e-07	21.68157768249512	21.68157768249512
1792	gpt2	1793	897	10	initiate	simple	unexpected	The manager initiate	6.524338402869034e-08	6.524338402869034e-08	23.869592666625977	23.869592666625977
1793	gpt2	1794	897	10	initiate	simple	expected	The manager initiates	0.49845338920272303	0.49845338920272303	8.596290964400396	8.596290964400396
1794	gpt2	1795	898	10	inject	simple	unexpected	The manager inject	1.3266342193674063e-06	1.3266342193674063e-06	19.5237979888916	19.5237979888916
1795	gpt2	1796	898	10	inject	simple	expected	The manager injects	0.492348231590654	0.492348231590654	9.77302447706461	9.77302447706461
1796	gpt2	1797	899	10	injure	simple	unexpected	The manager injure	2.282869004943677e-09	2.282869004943677e-09	28.706504821777344	28.706504821777344
1797	gpt2	1798	899	10	injure	simple	expected	The manager injures	0.49379027407786685	0.49379027407786685	10.410254650749266	10.410254650749266
1798	gpt2	1799	900	10	innovate	simple	unexpected	The manager innovate	2.611697080823205e-09	2.611697080823205e-09	28.512365341186523	28.512365341186523
1799	gpt2	1800	900	10	innovate	simple	expected	The manager innovates	0.2981845586053282	0.2981845586053282	11.288673162460325	11.288673162460325
1800	gpt2	1801	901	10	insist	simple	unexpected	The manager insist	1.179982973553706e-05	1.179982973553706e-05	16.370874404907227	16.370874404907227
1801	gpt2	1802	901	10	insist	simple	expected	The manager insists	0.0006796115194447	0.0006796115194447	10.523001670837402	10.523001670837402
1802	gpt2	1803	902	10	inspect	simple	unexpected	The manager inspect	1.051269646268338e-05	1.051269646268338e-05	16.537508010864258	16.537508010864258
1803	gpt2	1804	902	10	inspect	simple	expected	The manager inspects	0.4967058710390119	0.4967058710390119	8.273529769852757	8.273529769852757
1804	gpt2	1805	903	10	inspire	simple	unexpected	The manager inspire	1.7782198824534134e-08	1.7782198824534134e-08	25.744991302490234	25.744991302490234
1805	gpt2	1806	903	10	inspire	simple	expected	The manager inspires	1.168109633908898e-06	1.168109633908898e-06	19.707393646240234	19.707393646240234
1806	gpt2	1807	904	10	install	simple	unexpected	The manager install	6.578497959708329e-07	6.578497959708329e-07	20.535737991333008	20.535737991333008
1807	gpt2	1808	904	10	install	simple	expected	The manager installs	2.497612967999885e-06	2.497612967999885e-06	18.611019134521484	18.611019134521484
1808	gpt2	1809	905	10	instill	simple	unexpected	The manager instill	0.005314915530107062	0.005314915530107062	11.159435033798218	11.159435033798218
1809	gpt2	1810	905	10	instill	simple	expected	The manager instills	0.009377427488288912	0.009377427488288912	10.749332189559937	10.749332189559937
1810	gpt2	1811	906	10	institute	simple	unexpected	The manager institute	1.3766471340659336e-07	1.3766471340659336e-07	22.79233741760254	22.79233741760254
1811	gpt2	1812	906	10	institute	simple	expected	The manager institutes	0.47016954078407025	0.47016954078407025	10.468711290508507	10.468711290508507
1812	gpt2	1813	907	10	insulate	simple	unexpected	The manager insulate	0.002689946939199201	0.002689946939199201	13.060106039047243	13.060106039047243
1813	gpt2	1814	907	10	insulate	simple	expected	The manager insulates	0.0294764421721538	0.0294764421721538	11.332839012145998	11.332839012145998
1814	gpt2	1815	908	10	insure	simple	unexpected	The manager insure	1.1068967076255376e-08	1.1068967076255376e-08	26.428903579711918	26.428903579711918
1815	gpt2	1816	908	10	insure	simple	expected	The manager insures	0.27166991753779257	0.27166991753779257	9.730700910091402	9.730700910091402
1816	gpt2	1817	909	10	integrate	simple	unexpected	The manager integrate	1.2385688918925553e-08	1.2385688918925553e-08	26.26675033569336	26.26675033569336
1817	gpt2	1818	909	10	integrate	simple	expected	The manager integrates	9.769158850758686e-07	9.769158850758686e-07	19.965261459350582	19.965261459350582
1818	gpt2	1819	910	10	intend	simple	unexpected	The manager intend	1.3684686450687877e-07	1.3684686450687877e-07	22.800933837890625	22.800933837890625
1819	gpt2	1820	910	10	intend	simple	expected	The manager intends	5.496378798852675e-05	5.496378798852675e-05	14.151159286499023	14.151159286499023
1820	gpt2	1821	911	10	intensify	simple	unexpected	The manager intensify	3.797330450083791e-09	3.797330450083791e-09	27.97236633300781	27.97236633300781
1821	gpt2	1822	911	10	intensify	simple	expected	The manager intensifies	0.47837612107468885	0.47837612107468885	9.987099964171648	9.987099964171648
1822	gpt2	1823	912	10	interconnect	simple	unexpected	The manager interconnect	9.580412006468152e-05	9.580412006468152e-05	13.706523418426514	13.706523418426514
1823	gpt2	1824	912	10	interconnect	simple	expected	The manager interconnects	0.29683930978838663	0.29683930978838663	9.19354692598184	9.19354692598184
1824	gpt2	1825	913	10	interest	simple	unexpected	The manager interest	1.1079370096922505e-06	1.1079370096922505e-06	19.783693313598636	19.783693313598636
1825	gpt2	1826	913	10	interest	simple	expected	The manager interests	1.1610105730142095e-06	1.1610105730142095e-06	19.7161865234375	19.7161865234375
1826	gpt2	1827	914	10	interfere	simple	unexpected	The manager interfere	1.7171048583008997e-08	1.7171048583008997e-08	25.795446395874023	25.795446395874023
1827	gpt2	1828	914	10	interfere	simple	expected	The manager interferes	0.3430126801977167	0.3430126801977167	6.623255665076916	6.623255665076916
1828	gpt2	1829	915	10	interpret	simple	unexpected	The manager interpret	1.6140624836680217e-07	1.6140624836680217e-07	22.56279945373535	22.56279945373535
1829	gpt2	1830	915	10	interpret	simple	expected	The manager interprets	0.4998668864268439	0.4998668864268439	8.704344498066348	8.704344498066348
1830	gpt2	1831	916	10	intervene	simple	unexpected	The manager intervene	1.5114666496174325e-07	1.5114666496174325e-07	22.657546997070312	22.657546997070312
1831	gpt2	1832	916	10	intervene	simple	expected	The manager intervenes	0.4997759411726292	0.4997759411726292	8.732041543378728	8.732041543378728
1832	gpt2	1833	917	10	interview	simple	unexpected	The manager interview	1.612119740457274e-05	1.612119740457274e-05	15.920681953430176	15.920681953430176
1833	gpt2	1834	917	10	interview	simple	expected	The manager interviews	3.548322638380341e-05	3.548322638380341e-05	14.782503128051758	14.782503128051758
1834	gpt2	1835	918	10	intimate	simple	unexpected	The manager intimate	3.22024874321869e-07	3.22024874321869e-07	21.56632423400879	21.56632423400879
1835	gpt2	1836	918	10	intimate	simple	expected	The manager intimates	0.08927399640015209	0.08927399640015209	9.361281991004944	9.361281991004944
1836	gpt2	1837	919	10	introduce	simple	unexpected	The manager introduce	5.53293489247153e-07	5.53293489247153e-07	20.78545188903809	20.78545188903809
1837	gpt2	1838	919	10	introduce	simple	expected	The manager introduces	6.161478813737631e-05	6.161478813737631e-05	13.986363410949709	13.986363410949709
1838	gpt2	1839	920	10	invade	simple	unexpected	The manager invade	1.1537951039031212e-08	1.1537951039031212e-08	26.369037628173828	26.369037628173828
1839	gpt2	1840	920	10	invade	simple	expected	The manager invades	0.00983201750614168	0.00983201750614168	11.24134635925293	11.24134635925293
1840	gpt2	1841	921	10	invent	simple	unexpected	The manager invent	1.3424096323433332e-07	1.3424096323433332e-07	22.828672409057617	22.828672409057617
1841	gpt2	1842	921	10	invent	simple	expected	The manager invents	0.05978850686051373	0.05978850686051373	9.938925862312317	9.938925862312317
1842	gpt2	1843	922	10	investigate	simple	unexpected	The manager investigate	2.4199096060328884e-07	2.4199096060328884e-07	21.97854423522949	21.97854423522949
1843	gpt2	1844	922	10	investigate	simple	expected	The manager investigates	1.7087109881686047e-05	1.7087109881686047e-05	15.836731910705566	15.836731910705566
1844	gpt2	1845	923	10	invest	simple	unexpected	The manager invest	1.4446743534790585e-07	1.4446743534790585e-07	22.72275161743164	22.72275161743164
1845	gpt2	1846	923	10	invest	simple	expected	The manager invests	2.876095095416531e-06	2.876095095416531e-06	18.40745735168457	18.40745735168457
1846	gpt2	1847	924	10	invite	simple	unexpected	The manager invite	1.6045785287133183e-06	1.6045785287133183e-06	19.24937438964844	19.24937438964844
1847	gpt2	1848	924	10	invite	simple	expected	The manager invites	5.225350469117984e-05	5.225350469117984e-05	14.224112510681152	14.224112510681152
1848	gpt2	1849	925	10	invoke	simple	unexpected	The manager invoke	6.310592937097681e-08	6.310592937097681e-08	23.917648315429688	23.917648315429688
1849	gpt2	1850	925	10	invoke	simple	expected	The manager invokes	0.40266310089327817	0.40266310089327817	8.563064590096474	8.563064590096474
1850	gpt2	1851	926	10	involve	simple	unexpected	The manager involve	4.6392436559017376e-08	4.6392436559017376e-08	24.361534118652344	24.361534118652344
1851	gpt2	1852	926	10	involve	simple	expected	The manager involves	4.003250523965107e-06	4.003250523965107e-06	17.930397033691406	17.930397033691406
1852	gpt2	1853	927	10	irk	simple	unexpected	The manager irk	0.0010585050763438463	0.0010585050763438463	12.878316402435303	12.878316402435303
1853	gpt2	1854	927	10	irk	simple	expected	The manager irks	0.009027515581237796	0.009027515581237796	11.329644203186035	11.329644203186035
1854	gpt2	1855	928	10	iron	simple	unexpected	The manager iron	1.6614476407994516e-06	1.6614476407994516e-06	19.199127197265625	19.199127197265625
1855	gpt2	1856	928	10	iron	simple	expected	The manager irons	0.012859095862495446	0.012859095862495446	11.074350357055664	11.074350357055664
1856	gpt2	1857	929	10	isolate	simple	unexpected	The manager isolate	1.1272050848276647e-08	1.1272050848276647e-08	26.40267372131348	26.40267372131348
1857	gpt2	1858	929	10	isolate	simple	expected	The manager isolates	0.49841642759875526	0.49841642759875526	10.145026196260005	10.145026196260005
1858	gpt2	1859	930	10	issue	simple	unexpected	The manager issue	3.4934025734401075e-06	3.4934025734401075e-06	18.126935958862305	18.126935958862305
1859	gpt2	1860	930	10	issue	simple	expected	The manager issues	4.770566374645568e-05	4.770566374645568e-05	14.355480194091797	14.355480194091797
1860	gpt2	1861	931	10	itemize	simple	unexpected	The manager itemize	0.005937002537223164	0.005937002537223164	13.172571182250977	13.172571182250977
1861	gpt2	1862	931	10	itemize	simple	expected	The manager itemizes	0.04388475644719846	0.04388475644719846	11.729562640190125	11.729562640190125
1862	gpt2	1863	932	10	jack	simple	unexpected	The manager jack	2.589094037830364e-06	2.589094037830364e-06	18.559120178222656	18.559120178222656
1863	gpt2	1864	932	10	jack	simple	expected	The manager jacks	0.0035398209474806087	0.0035398209474806087	10.361726760864258	10.361726760864258
1864	gpt2	1865	933	10	jeopardize	simple	unexpected	The manager jeopardize	0.0015783656151881972	0.0015783656151881972	14.191774368286131	14.191774368286131
1865	gpt2	1866	933	10	jeopardize	simple	expected	The manager jeopardizes	0.1263650113712913	0.1263650113712913	11.030059456825255	11.030059456825255
1866	gpt2	1867	934	10	join	simple	unexpected	The manager join	1.453913341720181e-06	1.453913341720181e-06	19.391626358032227	19.391626358032227
1867	gpt2	1868	934	10	join	simple	expected	The manager joins	4.47989150416106e-05	4.47989150416106e-05	14.446176528930664	14.446176528930664
1868	gpt2	1869	935	10	joke	simple	unexpected	The manager joke	3.131991434202064e-06	3.131991434202064e-06	18.28448867797852	18.28448867797852
1869	gpt2	1870	935	10	joke	simple	expected	The manager jokes	1.936385706358124e-05	1.936385706358124e-05	15.65627384185791	15.65627384185791
1870	gpt2	1871	936	10	jolt	simple	unexpected	The manager jolt	0.0006588838768948087	0.0006588838768948087	11.612720489501953	11.612720489501953
1871	gpt2	1872	936	10	jolt	simple	expected	The manager jolts	0.0339986856100343	0.0339986856100343	7.730775276819865	7.730775276819865
1872	gpt2	1873	937	10	judge	simple	unexpected	The manager judge	2.461744315951364e-06	2.461744315951364e-06	18.63188743591309	18.63188743591309
1873	gpt2	1874	937	10	judge	simple	expected	The manager judges	4.081678525835741e-06	4.081678525835741e-06	17.902406692504883	17.902406692504883
1874	gpt2	1875	938	10	juggle	simple	unexpected	The manager juggle	0.030294439392264366	0.030294439392264366	11.352166175842285	11.352166175842285
1875	gpt2	1876	938	10	juggle	simple	expected	The manager juggles	0.33999504205780795	0.33999504205780795	9.607945501804352	9.607945501804352
1876	gpt2	1877	939	10	jump	simple	unexpected	The manager jump	2.385167135798838e-06	2.385167135798838e-06	18.677478790283203	18.677478790283203
1877	gpt2	1878	939	10	jump	simple	expected	The manager jumps	2.192890315200202e-05	2.192890315200202e-05	15.476806640625	15.476806640625
1878	gpt2	1879	940	10	junk	simple	unexpected	The manager junk	2.8904028681608906e-07	2.8904028681608906e-07	21.722225189208984	21.722225189208984
1879	gpt2	1880	940	10	junk	simple	expected	The manager junks	0.07780830074953825	0.07780830074953825	12.326528191566467	12.326528191566467
1880	gpt2	1881	941	10	justify	simple	unexpected	The manager justify	1.1478910266760069e-07	1.1478910266760069e-07	23.05451011657715	23.05451011657715
1881	gpt2	1882	941	10	justify	simple	expected	The manager justifies	9.3821272457717e-06	9.3821272457717e-06	16.70165252685547	16.70165252685547
1882	gpt2	1883	942	10	keen	simple	unexpected	The manager keen	2.336822035431396e-06	2.336822035431396e-06	18.707019805908203	18.707019805908203
1883	gpt2	1884	942	10	keen	simple	expected	The manager keens	0.006259293157881945	0.006259293157881945	12.516255140304565	12.516255140304565
1884	gpt2	1885	943	10	keep	simple	unexpected	The manager keep	5.7639554142951965e-06	5.7639554142951965e-06	17.404508590698242	17.404508590698242
1885	gpt2	1886	943	10	keep	simple	expected	The manager keeps	0.0003929390513803	0.0003929390513803	11.313406944274902	11.313406944274902
1886	gpt2	1887	944	10	key	simple	unexpected	The manager key	1.7348778783343732e-05	1.7348778783343732e-05	15.81480598449707	15.81480598449707
1887	gpt2	1888	944	10	key	simple	expected	The manager keys	3.5078246582997963e-06	3.5078246582997963e-06	18.12099266052246	18.12099266052246
1888	gpt2	1889	945	10	kick	simple	unexpected	The manager kick	3.636362862380338e-06	3.636362862380338e-06	18.069072723388672	18.069072723388672
1889	gpt2	1890	945	10	kick	simple	expected	The manager kicks	1.3735641005041543e-05	1.3735641005041543e-05	16.151716232299805	16.151716232299805
1890	gpt2	1891	946	10	kidnap	simple	unexpected	The manager kidnap	2.607029969681207e-08	2.607029969681207e-08	25.193017959594727	25.193017959594727
1891	gpt2	1892	946	10	kidnap	simple	expected	The manager kidnaps	0.4895039830099108	0.4895039830099108	9.634885214269161	9.634885214269161
1892	gpt2	1893	947	10	kill	simple	unexpected	The manager kill	4.6787545215920556e-07	4.6787545215920556e-07	21.02737236022949	21.02737236022949
1893	gpt2	1894	947	10	kill	simple	expected	The manager kills	7.677299436181784e-06	7.677299436181784e-06	16.990968704223633	16.990968704223633
1894	gpt2	1895	948	10	kiss	simple	unexpected	The manager kiss	2.73009305828964e-07	2.73009305828964e-07	21.80454635620117	21.80454635620117
1895	gpt2	1896	948	10	kiss	simple	expected	The manager kisses	3.3869036997202784e-06	3.3869036997202784e-06	18.171602249145508	18.171602249145508
1896	gpt2	1897	949	10	knock	simple	unexpected	The manager knock	8.05067998044251e-07	8.05067998044251e-07	20.244386672973636	20.244386672973636
1897	gpt2	1898	949	10	knock	simple	expected	The manager knocks	1.2682473425229546e-05	1.2682473425229546e-05	16.266803741455078	16.266803741455078
1898	gpt2	1899	950	10	know	simple	unexpected	The manager know	1.4984248991822824e-05	1.4984248991822824e-05	16.026193618774414	16.026193618774414
1899	gpt2	1900	950	10	know	simple	expected	The manager knows	0.0006912467069923	0.0006912467069923	10.49851131439209	10.49851131439209
1900	gpt2	1901	951	10	kowtow	simple	unexpected	The manager kowtow	0.2566005980179397	0.2566005980179397	7.2063376465812325	7.2063376465812325
1901	gpt2	1902	951	10	kowtow	simple	expected	The manager kowtows	0.3670124135960577	0.3670124135960577	5.903077916242182	5.903077916242182
1902	gpt2	1903	952	10	label	simple	unexpected	The manager label	1.3112284023009124e-06	1.3112284023009124e-06	19.5406494140625	19.5406494140625
1903	gpt2	1904	952	10	label	simple	expected	The manager labels	3.525290594552644e-06	3.525290594552644e-06	18.113826751708984	18.113826751708984
1904	gpt2	1905	953	10	lag	simple	unexpected	The manager lag	5.799104485504358e-08	5.799104485504358e-08	24.039594650268555	24.039594650268555
1905	gpt2	1906	953	10	lag	simple	expected	The manager lags	0.006012427918903947	0.006012427918903947	10.220725059509277	10.220725059509277
1906	gpt2	1907	954	10	land	simple	unexpected	The manager land	5.878779916201893e-07	5.878779916201893e-07	20.697978973388672	20.697978973388672
1907	gpt2	1908	954	10	land	simple	expected	The manager lands	6.213852429937106e-06	6.213852429937106e-06	17.296079635620117	17.296079635620117
1908	gpt2	1909	955	10	languish	simple	unexpected	The manager languish	0.00813393292625618	0.00813393292625618	13.451542377471922	13.451542377471922
1909	gpt2	1910	955	10	languish	simple	expected	The manager languishes	0.15029846781541778	0.15029846781541778	11.347655236721037	11.347655236721037
1910	gpt2	1911	956	10	lash	simple	unexpected	The manager lash	3.4432034112796834e-08	3.4432034112796834e-08	24.79167366027832	24.79167366027832
1911	gpt2	1912	956	10	lash	simple	expected	The manager lashes	2.6748089112516027e-06	2.6748089112516027e-06	18.51213264465332	18.51213264465332
1912	gpt2	1913	957	10	last	simple	unexpected	The manager last	0.0001520786317996	0.0001520786317996	12.682894706726074	12.682894706726074
1913	gpt2	1914	957	10	last	simple	expected	The manager lasts	1.372709562019736e-06	1.372709562019736e-06	19.47454261779785	19.47454261779785
1914	gpt2	1915	958	10	laugh	simple	unexpected	The manager laugh	7.939638635434676e-06	7.939638635434676e-06	16.942495346069336	16.942495346069336
1915	gpt2	1916	958	10	laugh	simple	expected	The manager laughs	6.599870539503172e-05	6.599870539503172e-05	13.887203216552734	13.887203216552734
1916	gpt2	1917	959	10	launch	simple	unexpected	The manager launch	8.607976269559003e-07	8.607976269559003e-07	20.147823333740234	20.147823333740234
1917	gpt2	1918	959	10	launch	simple	expected	The manager launches	1.4900230780767744e-05	1.4900230780767744e-05	16.034305572509766	16.034305572509766
1918	gpt2	1919	960	10	launder	simple	unexpected	The manager launder	0.00014554921654049666	0.00014554921654049666	13.063798904418945	13.063798904418945
1919	gpt2	1920	960	10	launder	simple	expected	The manager launders	0.03049519414845391	0.03049519414845391	13.734410285949707	13.734410285949707
1920	gpt2	1921	961	10	lay	simple	unexpected	The manager lay	1.3075478818791453e-05	1.3075478818791453e-05	16.222776412963867	16.222776412963867
1921	gpt2	1922	961	10	lay	simple	expected	The manager lays	2.53651051025372e-05	2.53651051025372e-05	15.26679515838623	15.26679515838623
1922	gpt2	1923	962	10	lead	simple	unexpected	The manager lead	1.2834810149797704e-05	1.2834810149797704e-05	16.24957847595215	16.24957847595215
1923	gpt2	1924	962	10	lead	simple	expected	The manager leads	6.315394421108067e-05	6.315394421108067e-05	13.950767517089844	13.950767517089844
1924	gpt2	1925	963	10	lean	simple	unexpected	The manager lean	4.528477290932642e-07	4.528477290932642e-07	21.07447052001953	21.07447052001953
1925	gpt2	1926	963	10	lean	simple	expected	The manager leans	1.108516789827263e-05	1.108516789827263e-05	16.461009979248047	16.461009979248047
1926	gpt2	1927	964	10	leapfrog	simple	unexpected	The manager leapfrog	0.03740572218211469	0.03740572218211469	12.336280107498169	12.336280107498169
1927	gpt2	1928	964	10	leapfrog	simple	expected	The manager leapfrogs	0.3448585224423937	0.3448585224423937	8.243936148782572	8.243936148782572
1928	gpt2	1929	965	10	leap	simple	unexpected	The manager leap	4.998666440769739e-07	4.998666440769739e-07	20.93195343017578	20.93195343017578
1929	gpt2	1930	965	10	leap	simple	expected	The manager leaps	2.637481884448789e-06	2.637481884448789e-06	18.53240776062012	18.53240776062012
1930	gpt2	1931	966	10	learn	simple	unexpected	The manager learn	9.362708510707308e-07	9.362708510707308e-07	20.02657127380371	20.02657127380371
1931	gpt2	1932	966	10	learn	simple	expected	The manager learns	3.2214316888712347e-05	3.2214316888712347e-05	14.9219388961792	14.9219388961792
1932	gpt2	1933	967	10	lease	simple	unexpected	The manager lease	7.148383929234114e-08	7.148383929234114e-08	23.737808227539062	23.737808227539062
1933	gpt2	1934	967	10	lease	simple	expected	The manager leases	1.5854006960580591e-06	1.5854006960580591e-06	19.266721725463867	19.266721725463867
1934	gpt2	1935	968	10	leave	simple	unexpected	The manager leave	2.89202557723911e-06	2.89202557723911e-06	18.39948844909668	18.39948844909668
1935	gpt2	1936	968	10	leave	simple	expected	The manager leaves	0.0001677395484875	0.0001677395484875	12.541489601135254	12.541489601135254
1936	gpt2	1937	969	10	lecture	simple	unexpected	The manager lecture	5.31176397089439e-07	5.31176397089439e-07	20.84430503845215	20.84430503845215
1937	gpt2	1938	969	10	lecture	simple	expected	The manager lectures	6.648002909059869e-06	6.648002909059869e-06	17.19864845275879	17.19864845275879
1938	gpt2	1939	970	10	legislate	simple	unexpected	The manager legislate	0.006761181268615231	0.006761181268615231	13.695440530776976	13.695440530776976
1939	gpt2	1940	970	10	legislate	simple	expected	The manager legislates	0.16588933915622303	0.16588933915622303	11.38701796531677	11.38701796531677
1940	gpt2	1941	971	10	legitimize	simple	unexpected	The manager legitimize	0.004707187499263865	0.004707187499263865	13.585172176361084	13.585172176361084
1941	gpt2	1942	971	10	legitimize	simple	expected	The manager legitimizes	0.15826837121636572	0.15826837121636572	11.049437999725342	11.049437999725342
1942	gpt2	1943	972	10	lend	simple	unexpected	The manager lend	2.4305940371505134e-08	2.4305940371505134e-08	25.29411506652832	25.29411506652832
1943	gpt2	1944	972	10	lend	simple	expected	The manager lends	4.602899934980087e-06	4.602899934980087e-06	17.72902488708496	17.72902488708496
1944	gpt2	1945	973	10	lengthen	simple	unexpected	The manager lengthen	0.3981107421775931	0.3981107421775931	10.778767973184584	10.778767973184584
1945	gpt2	1946	973	10	lengthen	simple	expected	The manager lengthens	0.09026053776942433	0.09026053776942433	11.849270462989805	11.849270462989805
1946	gpt2	1947	974	10	lessen	simple	unexpected	The manager lessen	8.762889969204934e-09	8.762889969204934e-09	26.765945434570312	26.765945434570312
1947	gpt2	1948	974	10	lessen	simple	expected	The manager lessens	0.07165429686847345	0.07165429686847345	9.840770483016968	9.840770483016968
1948	gpt2	1949	975	10	let	simple	unexpected	The manager let	0.0007441726047545	0.0007441726047545	10.392074584960938	10.392074584960938
1949	gpt2	1950	975	10	let	simple	expected	The manager lets	0.0001573448680574	0.0001573448680574	12.633782386779783	12.633782386779783
1950	gpt2	1951	976	10	level	simple	unexpected	The manager level	3.281812314526178e-05	3.281812314526178e-05	14.895147323608398	14.895147323608398
1951	gpt2	1952	976	10	level	simple	expected	The manager levels	5.095489541417919e-06	5.095489541417919e-06	17.582347869873047	17.582347869873047
1952	gpt2	1953	977	10	levy	simple	unexpected	The manager levy	2.2721751591348042e-08	2.2721751591348042e-08	25.39134979248047	25.39134979248047
1953	gpt2	1954	977	10	levy	simple	expected	The manager levies	0.20170739923065636	0.20170739923065636	10.691293597221373	10.691293597221373
1954	gpt2	1955	978	10	liberalize	simple	unexpected	The manager liberalize	0.0014990205494313689	0.0014990205494313689	14.898265361785889	14.898265361785889
1955	gpt2	1956	978	10	liberalize	simple	expected	The manager liberalizes	0.07327288394697007	0.07327288394697007	12.0925874710083	12.0925874710083
1956	gpt2	1957	979	10	license	simple	unexpected	The manager license	1.1056233688577777e-06	1.1056233688577777e-06	19.78670883178711	19.78670883178711
1957	gpt2	1958	979	10	license	simple	expected	The manager licenses	1.804778207770141e-06	1.804778207770141e-06	19.07974624633789	19.07974624633789
1958	gpt2	1959	980	10	lie	simple	unexpected	The manager lie	9.67090045378427e-07	9.67090045378427e-07	19.979846954345703	19.979846954345703
1959	gpt2	1960	980	10	lie	simple	expected	The manager lies	3.71010901289992e-05	3.71010901289992e-05	14.718178749084473	14.718178749084473
1960	gpt2	1961	981	11	lift	simple	unexpected	The customer lift	4.445840204425622e-06	4.445840204425622e-06	17.779111862182617	17.779111862182617
1961	gpt2	1962	981	11	lift	simple	expected	The customer lifts	1.122923640650697e-05	1.122923640650697e-05	16.442380905151367	16.442380905151367
1962	gpt2	1963	982	11	lighten	simple	unexpected	The customer lighten	0.00013575949265029187	0.00013575949265029187	14.689709663391113	14.689709663391113
1963	gpt2	1964	982	11	lighten	simple	expected	The customer lightens	7.856227307454187e-05	7.856227307454187e-05	15.094977855682373	15.094977855682373
1964	gpt2	1965	983	11	light	simple	unexpected	The customer light	5.380288257583743e-06	5.380288257583743e-06	17.50388526916504	17.50388526916504
1965	gpt2	1966	983	11	light	simple	expected	The customer lights	2.990585699080839e-06	2.990585699080839e-06	18.35114097595215	18.35114097595215
1966	gpt2	1967	984	11	like	simple	unexpected	The customer like	9.266815322916956e-05	9.266815322916956e-05	13.39756679534912	13.39756679534912
1967	gpt2	1968	984	11	like	simple	expected	The customer likes	9.63912534643896e-05	9.63912534643896e-05	13.340738296508787	13.340738296508787
1968	gpt2	1969	985	11	limit	simple	unexpected	The customer limit	1.5250729120452888e-05	1.5250729120452888e-05	16.000762939453125	16.000762939453125
1969	gpt2	1970	985	11	limit	simple	expected	The customer limits	5.162421985005494e-06	5.162421985005494e-06	17.563520431518555	17.563520431518555
1970	gpt2	1971	986	11	line	simple	unexpected	The customer line	0.0003717505896929	0.0003717505896929	11.393377304077148	11.393377304077148
1971	gpt2	1972	986	11	line	simple	expected	The customer lines	6.662324449280277e-05	6.662324449280277e-05	13.873614311218262	13.873614311218262
1972	gpt2	1973	987	11	linger	simple	unexpected	The customer linger	2.8840918275818694e-07	2.8840918275818694e-07	21.725379943847656	21.725379943847656
1973	gpt2	1974	987	11	linger	simple	expected	The customer lingers	0.0726829581062702	0.0726829581062702	9.4533132314682	9.4533132314682
1974	gpt2	1975	988	11	link	simple	unexpected	The customer link	1.6136023987201042e-05	1.6136023987201042e-05	15.919355392456056	15.919355392456056
1975	gpt2	1976	988	11	link	simple	expected	The customer links	7.148145414248575e-06	7.148145414248575e-06	17.0939998626709	17.0939998626709
1976	gpt2	1977	989	11	liquefy	simple	unexpected	The customer liquefy	0.14906039445695282	0.14906039445695282	9.783657431602476	9.783657431602476
1977	gpt2	1978	989	11	liquefy	simple	expected	The customer liquefies	0.20788510252135003	0.20788510252135003	9.238691647847492	9.238691647847492
1978	gpt2	1979	990	11	liquidate	simple	unexpected	The customer liquidate	0.001962759797606804	0.001962759797606804	11.499707221984863	11.499707221984863
1979	gpt2	1980	990	11	liquidate	simple	expected	The customer liquidates	0.010825726585608203	0.010825726585608203	10.263325214385986	10.263325214385986
1980	gpt2	1981	991	11	listen	simple	unexpected	The customer listen	2.443621269776486e-06	2.443621269776486e-06	18.642547607421875	18.642547607421875
1981	gpt2	1982	991	11	listen	simple	expected	The customer listens	1.6576121197431348e-05	1.6576121197431348e-05	15.880534172058104	15.880534172058104
1982	gpt2	1983	992	11	list	simple	unexpected	The customer list	0.001254377188161	0.001254377188161	9.638813018798828	9.638813018798828
1983	gpt2	1984	992	11	list	simple	expected	The customer lists	0.0004128457221668	0.0004128457221668	11.242109298706056	11.242109298706056
1984	gpt2	1985	993	11	live	simple	unexpected	The customer live	6.647166173934238e-06	6.647166173934238e-06	17.198829650878906	17.198829650878906
1985	gpt2	1986	993	11	live	simple	expected	The customer lives	0.0004108316497877	0.0004108316497877	11.249164581298828	11.249164581298828
1986	gpt2	1987	994	11	load	simple	unexpected	The customer load	7.137386273825541e-05	7.137386273825541e-05	13.77424430847168	13.77424430847168
1987	gpt2	1988	994	11	load	simple	expected	The customer loads	2.868470437533688e-05	2.868470437533688e-05	15.08935832977295	15.08935832977295
1988	gpt2	1989	995	11	loan	simple	unexpected	The customer loan	6.150511762825772e-05	6.150511762825772e-05	13.988933563232422	13.988933563232422
1989	gpt2	1990	995	11	loan	simple	expected	The customer loans	1.461309329897631e-05	1.461309329897631e-05	16.0623779296875	16.0623779296875
1990	gpt2	1991	996	11	lobby	simple	unexpected	The customer lobby	1.1764098417188508e-05	1.1764098417188508e-05	16.3752498626709	16.3752498626709
1991	gpt2	1992	996	11	lobby	simple	expected	The customer lobbies	0.49759424962573456	0.49759424962573456	10.1866099240724	10.1866099240724
1992	gpt2	1993	997	11	locate	simple	unexpected	The customer locate	3.948437381495751e-07	3.948437381495751e-07	21.272214889526367	21.272214889526367
1993	gpt2	1994	997	11	locate	simple	expected	The customer locates	0.021473196949045772	0.021473196949045772	10.221123933792114	10.221123933792114
1994	gpt2	1995	998	11	lock	simple	unexpected	The customer lock	1.2221906217746437e-05	1.2221906217746437e-05	16.320171356201172	16.320171356201172
1995	gpt2	1996	998	11	lock	simple	expected	The customer locks	3.4379438602627488e-06	3.4379438602627488e-06	18.150022506713867	18.150022506713867
1996	gpt2	1997	999	11	lodge	simple	unexpected	The customer lodge	3.30761167788296e-07	3.30761167788296e-07	21.527706146240234	21.527706146240234
1997	gpt2	1998	999	11	lodge	simple	expected	The customer lodges	0.25992369157330586	0.25992369157330586	11.08554607629776	11.08554607629776
1998	gpt2	1999	1000	11	log	simple	unexpected	The customer log	0.0001420576300006	0.0001420576300006	12.781235694885254	12.781235694885254
1999	gpt2	2000	1000	11	log	simple	expected	The customer logs	0.0002284094225615	0.0002284094225615	12.09609031677246	12.09609031677246
2000	gpt2	2001	1001	11	look	simple	unexpected	The customer look	1.8405577066005208e-05	1.8405577066005208e-05	15.729496955871582	15.729496955871582
2001	gpt2	2002	1001	11	look	simple	expected	The customer looks	0.000454711029306	0.000454711029306	11.10276222229004	11.10276222229004
2002	gpt2	2003	1002	11	loom	simple	unexpected	The customer loom	0.007626133133271613	0.007626133133271613	10.795369148254395	10.795369148254395
2003	gpt2	2004	1002	11	loom	simple	expected	The customer looms	1.1633952112788393e-07	1.1633952112788393e-07	23.03515625	23.03515625
2004	gpt2	2005	1003	11	loosen	simple	unexpected	The customer loosen	2.0963183189337545e-08	2.0963183189337545e-08	25.507566452026367	25.507566452026367
2005	gpt2	2006	1003	11	loosen	simple	expected	The customer loosens	0.05624088775391552	0.05624088775391552	12.050108194351196	12.050108194351196
2006	gpt2	2007	1004	11	loose	simple	unexpected	The customer loose	4.811408302884956e-07	4.811408302884956e-07	20.987037658691406	20.987037658691406
2007	gpt2	2008	1004	11	loose	simple	expected	The customer looses	0.0888791383249554	0.0888791383249554	9.023059010505676	9.023059010505676
2008	gpt2	2009	1005	11	loot	simple	unexpected	The customer loot	6.500988547486486e-07	6.500988547486486e-07	20.55283737182617	20.55283737182617
2009	gpt2	2010	1005	11	loot	simple	expected	The customer loots	0.002738395767664759	0.002738395767664759	10.692101240158081	10.692101240158081
2010	gpt2	2011	1006	11	lose	simple	unexpected	The customer lose	3.67024154002138e-06	3.67024154002138e-06	18.05569267272949	18.05569267272949
2011	gpt2	2012	1006	11	lose	simple	expected	The customer loses	0.0001422452623955	0.0001422452623955	12.779332160949709	12.779332160949709
2012	gpt2	2013	1007	11	love	simple	unexpected	The customer love	0.0001368449884466	0.0001368449884466	12.835169792175291	12.835169792175291
2013	gpt2	2014	1007	11	love	simple	expected	The customer loves	0.0002012033946812	0.0002012033946812	12.279057502746582	12.279057502746582
2014	gpt2	2015	1008	11	lower	simple	unexpected	The customer lower	2.3100994894775795e-06	2.3100994894775795e-06	18.723613739013672	18.723613739013672
2015	gpt2	2016	1008	11	lower	simple	expected	The customer lowers	3.450372787483502e-06	3.450372787483502e-06	18.14481544494629	18.14481544494629
2016	gpt2	2017	1009	11	lunch	simple	unexpected	The customer lunch	4.517747584031895e-06	4.517747584031895e-06	17.755964279174805	17.755964279174805
2017	gpt2	2018	1009	11	lunch	simple	expected	The customer lunches	0.3338963041910574	0.3338963041910574	8.792207777500153	8.792207777500153
2018	gpt2	2019	1010	11	lure	simple	unexpected	The customer lure	9.260334365990276e-08	9.260334365990276e-08	23.36436080932617	23.36436080932617
2019	gpt2	2020	1010	11	lure	simple	expected	The customer lures	0.02078027237803326	0.02078027237803326	9.22241735458374	9.22241735458374
2020	gpt2	2021	1011	11	mail	simple	unexpected	The customer mail	7.069858111208305e-05	7.069858111208305e-05	13.787959098815918	13.787959098815918
2021	gpt2	2022	1011	11	mail	simple	expected	The customer mails	0.29410266298873466	0.29410266298873466	7.513983875513077	7.513983875513077
2022	gpt2	2023	1012	11	maintain	simple	unexpected	The customer maintain	1.544663609820418e-05	1.544663609820418e-05	15.98234748840332	15.98234748840332
2023	gpt2	2024	1012	11	maintain	simple	expected	The customer maintains	0.0001520304795121	0.0001520304795121	12.683351516723633	12.683351516723633
2024	gpt2	2025	1013	11	make	simple	unexpected	The customer make	7.765964255668223e-05	7.765964255668223e-05	13.652475357055664	13.652475357055664
2025	gpt2	2026	1013	11	make	simple	expected	The customer makes	0.0017710350221022	0.0017710350221022	9.141191482543944	9.141191482543944
2026	gpt2	2027	1014	11	manage	simple	unexpected	The customer manage	3.892313998221653e-06	3.892313998221653e-06	17.97093963623047	17.97093963623047
2027	gpt2	2028	1014	11	manage	simple	expected	The customer manages	7.798679871484637e-05	7.798679871484637e-05	13.646410942077637	13.646410942077637
2028	gpt2	2029	1015	11	mandate	simple	unexpected	The customer mandate	2.553070316935191e-06	2.553070316935191e-06	18.57933616638184	18.57933616638184
2029	gpt2	2030	1015	11	mandate	simple	expected	The customer mandates	1.3688035096492968e-06	1.3688035096492968e-06	19.47865295410156	19.47865295410156
2030	gpt2	2031	1016	11	maneuver	simple	unexpected	The customer maneuver	5.376366516429698e-07	5.376366516429698e-07	20.82686424255371	20.82686424255371
2031	gpt2	2032	1016	11	maneuver	simple	expected	The customer maneuvers	3.506511916384625e-07	3.506511916384625e-07	21.44346046447754	21.44346046447754
2032	gpt2	2033	1017	11	manipulate	simple	unexpected	The customer manipulate	2.1722225795883787e-08	2.1722225795883787e-08	25.45625305175781	25.45625305175781
2033	gpt2	2034	1017	11	manipulate	simple	expected	The customer manipulates	0.375084639882175	0.375084639882175	10.251838088035583	10.251838088035583
2034	gpt2	2035	1018	11	manufacture	simple	unexpected	The customer manufacture	6.010826041347173e-07	6.010826041347173e-07	20.66593360900879	20.66593360900879
2035	gpt2	2036	1018	11	manufacture	simple	expected	The customer manufactures	1.8935498928840389e-06	1.8935498928840389e-06	19.010475158691406	19.010475158691406
2036	gpt2	2037	1019	11	man	simple	unexpected	The customer man	3.809540430665948e-05	3.809540430665948e-05	14.680023193359377	14.680023193359377
2037	gpt2	2038	1019	11	man	simple	expected	The customer mans	4.17015826315037e-07	4.17015826315037e-07	21.19339370727539	21.19339370727539
2038	gpt2	2039	1020	11	march	simple	unexpected	The customer march	9.126270015258342e-07	9.126270015258342e-07	20.0634708404541	20.0634708404541
2039	gpt2	2040	1020	11	march	simple	expected	The customer marches	3.9525664874418e-07	3.9525664874418e-07	21.27070617675781	21.27070617675781
2040	gpt2	2041	1021	11	market	simple	unexpected	The customer market	9.088688238989562e-05	9.088688238989562e-05	13.42556858062744	13.42556858062744
2041	gpt2	2042	1021	11	market	simple	expected	The customer markets	8.240028364525642e-06	8.240028364525642e-06	16.888919830322266	16.888919830322266
2042	gpt2	2043	1022	11	mark	simple	unexpected	The customer mark	1.2872712431999387e-05	1.2872712431999387e-05	16.245325088500977	16.245325088500977
2043	gpt2	2044	1022	11	mark	simple	expected	The customer marks	9.987032171920872e-06	9.987032171920872e-06	16.611513137817383	16.611513137817383
2044	gpt2	2045	1023	11	marry	simple	unexpected	The customer marry	1.312939588160589e-07	1.312939588160589e-07	22.86069679260254	22.86069679260254
2045	gpt2	2046	1023	11	marry	simple	expected	The customer marries	0.32895714823109756	0.32895714823109756	9.44818252325058	9.44818252325058
2046	gpt2	2047	1024	11	marvel	simple	unexpected	The customer marvel	2.092549266308197e-06	2.092549266308197e-06	18.86630630493164	18.86630630493164
2047	gpt2	2048	1024	11	marvel	simple	expected	The customer marvels	0.3047313722119043	0.3047313722119043	9.790350705385208	9.790350705385208
2048	gpt2	2049	1025	11	massage	simple	unexpected	The customer massage	1.4061579349800013e-06	1.4061579349800013e-06	19.439809799194336	19.439809799194336
2049	gpt2	2050	1025	11	massage	simple	expected	The customer massages	0.005014654985870928	0.005014654985870928	11.96329641342163	11.96329641342163
2050	gpt2	2051	1026	11	master	simple	unexpected	The customer master	6.650158866250422e-06	6.650158866250422e-06	17.198179244995117	17.198179244995117
2051	gpt2	2052	1026	11	master	simple	expected	The customer masters	1.0315336567146003e-06	1.0315336567146003e-06	19.886777877807617	19.886777877807617
2052	gpt2	2053	1027	11	match	simple	unexpected	The customer match	5.665660410159035e-06	5.665660410159035e-06	17.429325103759766	17.429325103759766
2053	gpt2	2054	1027	11	match	simple	expected	The customer matches	6.992101134528639e-06	6.992101134528639e-06	17.125843048095703	17.125843048095703
2054	gpt2	2055	1028	11	materialize	simple	unexpected	The customer materialize	0.00022690450805384316	0.00022690450805384316	13.156708240509033	13.156708240509033
2055	gpt2	2056	1028	11	materialize	simple	expected	The customer materializes	0.002099902879308493	0.002099902879308493	11.510248184204102	11.510248184204102
2056	gpt2	2057	1029	11	matter	simple	unexpected	The customer matter	1.2792431334673893e-05	1.2792431334673893e-05	16.254350662231445	16.254350662231445
2057	gpt2	2058	1029	11	matter	simple	expected	The customer matters	7.366086356341839e-05	7.366086356341839e-05	13.728741645812988	13.728741645812988
2058	gpt2	2059	1030	11	mature	simple	unexpected	The customer mature	4.053065367770614e-07	4.053065367770614e-07	21.23448371887207	21.23448371887207
2059	gpt2	2060	1030	11	mature	simple	expected	The customer matures	0.007118843480611723	0.007118843480611723	11.637948513031006	11.637948513031006
2060	gpt2	2061	1031	11	maul	simple	unexpected	The customer maul	0.001329398877714975	0.001329398877714975	11.422563076019287	11.422563076019287
2061	gpt2	2062	1031	11	maul	simple	expected	The customer mauls	0.1048345610349012	0.1048345610349012	8.175408522288004	8.175408522288004
2062	gpt2	2063	1032	11	maximize	simple	unexpected	The customer maximize	4.5790248037747006e-08	4.5790248037747006e-08	24.38038444519043	24.38038444519043
2063	gpt2	2064	1032	11	maximize	simple	expected	The customer maximizes	0.17238953678986488	0.17238953678986488	10.432208836078644	10.432208836078644
2064	gpt2	2065	1033	11	mean	simple	unexpected	The customer mean	8.134590643749107e-06	8.134590643749107e-06	16.907499313354492	16.907499313354492
2065	gpt2	2066	1033	11	mean	simple	expected	The customer means	0.0001037485781125	0.0001037485781125	13.234621047973633	13.234621047973633
2066	gpt2	2067	1034	11	measure	simple	unexpected	The customer measure	3.904359346051933e-06	3.904359346051933e-06	17.966482162475586	17.966482162475586
2067	gpt2	2068	1034	11	measure	simple	expected	The customer measures	4.117569005757105e-06	4.117569005757105e-06	17.8897762298584	17.8897762298584
2068	gpt2	2069	1035	11	mediate	simple	unexpected	The customer mediate	0.010363475092503875	0.010363475092503875	12.253409385681154	12.253409385681154
2069	gpt2	2070	1035	11	mediate	simple	expected	The customer mediates	0.07044978684305643	0.07044978684305643	11.764887928962708	11.764887928962708
2070	gpt2	2071	1036	11	meet	simple	unexpected	The customer meet	1.19718042697059e-05	1.19718042697059e-05	16.350000381469727	16.350000381469727
2071	gpt2	2072	1036	11	meet	simple	expected	The customer meets	7.135480700526386e-05	7.135480700526386e-05	13.774629592895508	13.774629592895508
2072	gpt2	2073	1037	11	meld	simple	unexpected	The customer meld	0.045222198055853355	0.045222198055853355	9.116835594177246	9.116835594177246
2073	gpt2	2074	1037	11	meld	simple	expected	The customer melds	0.22777529894422818	0.22777529894422818	6.329285184542338	6.329285184542338
2074	gpt2	2075	1038	11	melt	simple	unexpected	The customer melt	4.127018087274337e-07	4.127018087274337e-07	21.208396911621094	21.208396911621094
2075	gpt2	2076	1038	11	melt	simple	expected	The customer melts	1.3581513940152945e-06	1.3581513940152945e-06	19.48992347717285	19.48992347717285
2076	gpt2	2077	1039	11	mention	simple	unexpected	The customer mention	1.655387859500479e-05	1.655387859500479e-05	15.882471084594728	15.882471084594728
2077	gpt2	2078	1039	11	mention	simple	expected	The customer mentions	0.0001369650999549	0.0001369650999549	12.833904266357422	12.833904266357422
2078	gpt2	2079	1040	11	merge	simple	unexpected	The customer merge	9.5814118594717e-07	9.5814118594717e-07	19.993257522583008	19.993257522583008
2079	gpt2	2080	1040	11	merge	simple	expected	The customer merges	0.23312314480244822	0.23312314480244822	8.937418460845947	8.937418460845947
2080	gpt2	2081	1041	11	merit	simple	unexpected	The customer merit	4.969330120729865e-07	4.969330120729865e-07	20.940444946289062	20.940444946289062
2081	gpt2	2082	1041	11	merit	simple	expected	The customer merits	3.9866071688265947e-07	3.9866071688265947e-07	21.25833511352539	21.25833511352539
2082	gpt2	2083	1042	11	mesh	simple	unexpected	The customer mesh	5.725252663069114e-07	5.725252663069114e-07	20.736156463623047	20.736156463623047
2083	gpt2	2084	1042	11	mesh	simple	expected	The customer meshes	4.278180085748318e-07	4.278180085748318e-07	21.1564998626709	21.1564998626709
2084	gpt2	2085	1043	11	migrate	simple	unexpected	The customer migrate	4.482981239561923e-07	4.482981239561923e-07	21.089038848876957	21.089038848876957
2085	gpt2	2086	1043	11	migrate	simple	expected	The customer migrates	0.42859871459199894	0.42859871459199894	8.919958986341953	8.919958986341953
2086	gpt2	2087	1044	11	militate	simple	unexpected	The customer militate	0.005385143203762133	0.005385143203762133	15.41856861114502	15.41856861114502
2087	gpt2	2088	1044	11	militate	simple	expected	The customer militates	0.04006727597313818	0.04006727597313818	13.970881938934326	13.970881938934326
2088	gpt2	2089	1045	11	milk	simple	unexpected	The customer milk	4.599863132170867e-06	4.599863132170867e-06	17.729978561401367	17.729978561401367
2089	gpt2	2090	1045	11	milk	simple	expected	The customer milks	0.008180729162518191	0.008180729162518191	11.968336582183838	11.968336582183838
2090	gpt2	2091	1046	11	mimic	simple	unexpected	The customer mimic	1.690149105115779e-07	1.690149105115779e-07	22.49634552001953	22.49634552001953
2091	gpt2	2092	1046	11	mimic	simple	expected	The customer mimics	0.34409145183281	0.34409145183281	9.604608714580534	9.604608714580534
2092	gpt2	2093	1047	11	mince	simple	unexpected	The customer mince	0.00014401461157827493	0.00014401461157827493	13.152108669281006	13.152108669281006
2093	gpt2	2094	1047	11	mince	simple	expected	The customer minces	0.0004969532339486761	0.0004969532339486761	14.520880222320557	14.520880222320557
2094	gpt2	2095	1048	11	mind	simple	unexpected	The customer mind	3.0398963644984175e-05	3.0398963644984175e-05	15.00561809539795	15.00561809539795
2095	gpt2	2096	1048	11	mind	simple	expected	The customer minds	3.0937437713873805e-06	3.0937437713873805e-06	18.302215576171875	18.302215576171875
2096	gpt2	2097	1049	11	minimize	simple	unexpected	The customer minimize	8.765836412294449e-08	8.765836412294449e-08	23.443532943725582	23.443532943725582
2097	gpt2	2098	1049	11	minimize	simple	expected	The customer minimizes	0.3133567130746542	0.3133567130746542	10.059136271476746	10.059136271476746
2098	gpt2	2099	1050	11	mirror	simple	unexpected	The customer mirror	6.560078986694862e-07	6.560078986694862e-07	20.539783477783203	20.539783477783203
2099	gpt2	2100	1050	11	mirror	simple	expected	The customer mirrors	5.412006203187048e-07	5.412006203187048e-07	20.817333221435547	20.817333221435547
2100	gpt2	2101	1051	11	misinterpret	simple	unexpected	The customer misinterpret	3.92415904570953e-06	3.92415904570953e-06	17.959184646606445	17.959184646606445
2101	gpt2	2102	1051	11	misinterpret	simple	expected	The customer misinterprets	0.5070227201204034	0.5070227201204034	4.850683405995369	4.850683405995369
2102	gpt2	2103	1052	11	misrepresent	simple	unexpected	The customer misrepresent	2.9260600058478303e-06	2.9260600058478303e-06	18.38260841369629	18.38260841369629
2103	gpt2	2104	1052	11	misrepresent	simple	expected	The customer misrepresents	0.35286948992749484	0.35286948992749484	6.295706468013425	6.295706468013425
2104	gpt2	2105	1053	11	miss	simple	unexpected	The customer miss	3.295158194305259e-06	3.295158194305259e-06	18.21122169494629	18.21122169494629
2105	gpt2	2106	1053	11	miss	simple	expected	The customer misses	2.9678010832867585e-05	2.9678010832867585e-05	15.04024600982666	15.04024600982666
2106	gpt2	2107	1054	11	mistreat	simple	unexpected	The customer mistreat	0.01053114430578715	0.01053114430578715	10.831163167953491	10.831163167953491
2107	gpt2	2108	1054	11	mistreat	simple	expected	The customer mistreats	0.3326569709279284	0.3326569709279284	7.2320102614661055	7.2320102614661055
2108	gpt2	2109	1055	11	mitigate	simple	unexpected	The customer mitigate	2.9956066072145404e-08	2.9956066072145404e-08	24.992576599121094	24.992576599121094
2109	gpt2	2110	1055	11	mitigate	simple	expected	The customer mitigates	0.46906197497973307	0.46906197497973307	6.975107275570433	6.975107275570433
2110	gpt2	2111	1056	11	mix	simple	unexpected	The customer mix	5.6284603488165885e-05	5.6284603488165885e-05	14.116900444030762	14.116900444030762
2111	gpt2	2112	1056	11	mix	simple	expected	The customer mixes	6.631918495259015e-06	6.631918495259015e-06	17.2021427154541	17.2021427154541
2112	gpt2	2113	1057	11	moan	simple	unexpected	The customer moan	3.589255470615172e-07	3.589255470615172e-07	21.40981101989746	21.40981101989746
2113	gpt2	2114	1057	11	moan	simple	expected	The customer moans	0.12495681514496935	0.12495681514496935	10.344600200653074	10.344600200653074
2114	gpt2	2115	1058	11	mobilize	simple	unexpected	The customer mobilize	1.3358905981419866e-08	1.3358905981419866e-08	26.157623291015625	26.157623291015625
2115	gpt2	2116	1058	11	mobilize	simple	expected	The customer mobilizes	0.22199353934738042	0.22199353934738042	10.81640774011612	10.81640774011612
2116	gpt2	2117	1059	11	model	simple	unexpected	The customer model	0.0003584157675504	0.0003584157675504	11.446078300476074	11.446078300476074
2117	gpt2	2118	1059	11	model	simple	expected	The customer models	3.0760347726754844e-05	3.0760347726754844e-05	14.988568305969238	14.988568305969238
2118	gpt2	2119	1060	11	moderate	simple	unexpected	The customer moderate	2.957017386506777e-07	2.957017386506777e-07	21.689353942871094	21.689353942871094
2119	gpt2	2120	1060	11	moderate	simple	expected	The customer moderates	1.613022249102869e-07	1.613022249102869e-07	22.563730239868164	22.563730239868164
2120	gpt2	2121	1061	11	modernize	simple	unexpected	The customer modernize	0.011435228094342127	0.011435228094342127	12.121948242187498	12.121948242187498
2121	gpt2	2122	1061	11	modernize	simple	expected	The customer modernizes	0.13773327849048653	0.13773327849048653	10.326724410057066	10.326724410057066
2122	gpt2	2123	1062	11	modify	simple	unexpected	The customer modify	4.889766813676034e-08	4.889766813676034e-08	24.285659790039062	24.285659790039062
2123	gpt2	2124	1062	11	modify	simple	expected	The customer modifies	0.05339199896366152	0.05339199896366152	10.491360068321228	10.491360068321228
2124	gpt2	2125	1063	11	mollify	simple	unexpected	The customer mollify	0.0049367438502182495	0.0049367438502182495	10.364470481872559	10.364470481872559
2125	gpt2	2126	1063	11	mollify	simple	expected	The customer mollifies	0.025512259155220787	0.025512259155220787	9.556946277618408	9.556946277618408
2126	gpt2	2127	1064	11	monitor	simple	unexpected	The customer monitor	5.614112069451949e-06	5.614112069451949e-06	17.4425106048584	17.4425106048584
2127	gpt2	2128	1064	11	monitor	simple	expected	The customer monitors	2.7964363198407227e-06	2.7964363198407227e-06	18.447978973388672	18.447978973388672
2128	gpt2	2129	1065	11	monopolize	simple	unexpected	The customer monopolize	0.0074941150711396	0.0074941150711396	13.847803592681885	13.847803592681885
2129	gpt2	2130	1065	11	monopolize	simple	expected	The customer monopolizes	0.01723106278642205	0.01723106278642205	13.247204303741455	13.247204303741455
2130	gpt2	2131	1066	11	mop	simple	unexpected	The customer mop	0.001367254346405375	0.001367254346405375	11.401919841766357	11.401919841766357
2131	gpt2	2132	1066	11	mop	simple	expected	The customer mops	0.0004404149840411249	0.0004404149840411249	12.248470783233643	12.248470783233643
2132	gpt2	2133	1067	11	mortgage	simple	unexpected	The customer mortgage	1.6203558743654869e-06	1.6203558743654869e-06	19.235258102416992	19.235258102416992
2133	gpt2	2134	1067	11	mortgage	simple	expected	The customer mortgages	3.453123156305083e-07	3.453123156305083e-07	21.465595245361328	21.465595245361328
2134	gpt2	2135	1068	11	motivate	simple	unexpected	The customer motivate	4.2806103550674386e-08	4.2806103550674386e-08	24.47760772705078	24.47760772705078
2135	gpt2	2136	1068	11	motivate	simple	expected	The customer motivates	0.4953465344545691	0.4953465344545691	10.454007149673998	10.454007149673998
2136	gpt2	2137	1069	11	mount	simple	unexpected	The customer mount	2.7875323667103657e-06	2.7875323667103657e-06	18.452579498291016	18.452579498291016
2137	gpt2	2138	1069	11	mount	simple	expected	The customer mounts	2.3173192857939284e-06	2.3173192857939284e-06	18.719112396240234	18.719112396240234
2138	gpt2	2139	1070	11	move	simple	unexpected	The customer move	4.701032958109863e-05	4.701032958109863e-05	14.376662254333496	14.376662254333496
2139	gpt2	2140	1070	11	move	simple	expected	The customer moves	0.0001024757366394	0.0001024757366394	13.252429962158203	13.252429962158203
2140	gpt2	2141	1071	11	mow	simple	unexpected	The customer mow	7.27329243090935e-05	7.27329243090935e-05	13.815207958221436	13.815207958221436
2141	gpt2	2142	1071	11	mow	simple	expected	The customer mows	0.00029849585916962495	0.00029849585916962495	12.550389766693115	12.550389766693115
2142	gpt2	2143	1072	11	mull	simple	unexpected	The customer mull	1.7917650438903363e-06	1.7917650438903363e-06	19.090187072753903	19.090187072753903
2143	gpt2	2144	1072	11	mull	simple	expected	The customer mulls	0.2297998386868585	0.2297998386868585	10.105871498584746	10.105871498584746
2144	gpt2	2145	1073	11	multiply	simple	unexpected	The customer multiply	9.167473535853789e-08	9.167473535853789e-08	23.3789005279541	23.3789005279541
2145	gpt2	2146	1073	11	multiply	simple	expected	The customer multiplies	0.4280054213323581	0.4280054213323581	10.728774674236774	10.728774674236774
2146	gpt2	2147	1074	11	muse	simple	unexpected	The customer muse	7.481759922711717e-08	7.481759922711717e-08	23.672046661376957	23.672046661376957
2147	gpt2	2148	1074	11	muse	simple	expected	The customer muses	0.35321879047978655	0.35321879047978655	9.490690320730208	9.490690320730208
2148	gpt2	2149	1075	11	muster	simple	unexpected	The customer muster	2.382991048932581e-08	2.382991048932581e-08	25.322650909423828	25.322650909423828
2149	gpt2	2150	1075	11	muster	simple	expected	The customer musters	0.0067939713267150745	0.0067939713267150745	12.082485437393188	12.082485437393188
2150	gpt2	2151	1076	11	mute	simple	unexpected	The customer mute	1.017739634789905e-07	1.017739634789905e-07	23.22812843322754	23.22812843322754
2151	gpt2	2152	1076	11	mute	simple	expected	The customer mutes	0.007703082916123075	0.007703082916123075	10.143678188323975	10.143678188323975
2152	gpt2	2153	1077	11	nail	simple	unexpected	The customer nail	2.428760126349516e-07	2.428760126349516e-07	21.973276138305664	21.973276138305664
2153	gpt2	2154	1077	11	nail	simple	expected	The customer nails	8.20980972093821e-07	8.20980972093821e-07	20.216148376464844	20.216148376464844
2154	gpt2	2155	1078	11	name	simple	unexpected	The customer name	0.0006833524093963	0.0006833524093963	10.515082359313965	10.515082359313965
2155	gpt2	2156	1078	11	name	simple	expected	The customer names	0.0001855496811913	0.0001855496811913	12.395906448364258	12.395906448364258
2156	gpt2	2157	1079	12	narrow	simple	unexpected	The farmer narrow	7.798817023285665e-06	7.798817023285665e-06	16.968313217163086	16.968313217163086
2157	gpt2	2158	1079	12	narrow	simple	expected	The farmer narrows	0.4877827418576998	0.4877827418576998	8.502007054165006	8.502007054165006
2158	gpt2	2159	1080	12	navigate	simple	unexpected	The farmer navigate	1.5773751727010676e-07	1.5773751727010676e-07	22.595970153808597	22.595970153808597
2159	gpt2	2160	1080	12	navigate	simple	expected	The farmer navigates	0.30073796458941615	0.30073796458941615	9.200517565011978	9.200517565011978
2160	gpt2	2161	1081	12	naysay	simple	unexpected	The farmer naysay	0.007133697352401156	0.007133697352401156	9.57753817240397	9.57753817240397
2161	gpt2	2162	1081	12	naysay	simple	expected	The farmer naysays	0.0017005034011768894	0.0017005034011768894	11.066707928975424	11.066707928975424
2162	gpt2	2163	1082	12	need	simple	unexpected	The farmer need	0.0001124985428759	0.0001124985428759	13.117806434631348	13.117806434631348
2163	gpt2	2164	1082	12	need	simple	expected	The farmer needs	0.0011936691589653	0.0011936691589653	9.710381507873535	9.710381507873535
2164	gpt2	2165	1083	12	negotiate	simple	unexpected	The farmer negotiate	2.5236980150111776e-07	2.5236980150111776e-07	21.917957305908203	21.917957305908203
2165	gpt2	2166	1083	12	negotiate	simple	expected	The farmer negotiates	0.499735491878937	0.499735491878937	8.726319768524263	8.726319768524263
2166	gpt2	2167	1084	12	net	simple	unexpected	The farmer net	2.2749766230845125e-06	2.2749766230845125e-06	18.745716094970703	18.745716094970703
2167	gpt2	2168	1084	12	net	simple	expected	The farmer nets	6.94461914463318e-06	6.94461914463318e-06	17.13567352294922	17.13567352294922
2168	gpt2	2169	1085	12	network	simple	unexpected	The farmer network	5.409093773778295e-06	5.409093773778295e-06	17.49618148803711	17.49618148803711
2169	gpt2	2170	1085	12	network	simple	expected	The farmer networks	2.7935122943745228e-06	2.7935122943745228e-06	18.449487686157227	18.449487686157227
2170	gpt2	2171	1086	12	nominate	simple	unexpected	The farmer nominate	1.7098395588277526e-08	1.7098395588277526e-08	25.801563262939453	25.801563262939453
2171	gpt2	2172	1086	12	nominate	simple	expected	The farmer nominates	0.022002811025686242	0.022002811025686242	10.581310749053955	10.581310749053955
2172	gpt2	2173	1087	12	normalize	simple	unexpected	The farmer normalize	0.0044057773382064225	0.0044057773382064225	13.572821378707886	13.572821378707886
2173	gpt2	2174	1087	12	normalize	simple	expected	The farmer normalizes	0.10732449814236132	0.10732449814236132	11.26954185962677	11.26954185962677
2174	gpt2	2175	1088	12	notch	simple	unexpected	The farmer notch	5.0963496533995574e-08	5.0963496533995574e-08	24.22595977783203	24.22595977783203
2175	gpt2	2176	1088	12	notch	simple	expected	The farmer notches	0.00029103007545924536	0.00029103007545924536	12.345280170440674	12.345280170440674
2176	gpt2	2177	1089	12	note	simple	unexpected	The farmer note	8.880676432454493e-06	8.880676432454493e-06	16.780899047851562	16.780899047851562
2177	gpt2	2178	1089	12	note	simple	expected	The farmer notes	0.0002029019669862	0.0002029019669862	12.266929626464844	12.266929626464844
2178	gpt2	2179	1090	12	notice	simple	unexpected	The farmer notice	3.627118758231518e-06	3.627118758231518e-06	18.07274436950684	18.07274436950684
2179	gpt2	2180	1090	12	notice	simple	expected	The farmer notices	5.556858377531171e-05	5.556858377531171e-05	14.135371208190918	14.135371208190918
2180	gpt2	2181	1091	12	notify	simple	unexpected	The farmer notify	8.423384656452981e-08	8.423384656452981e-08	23.50102424621582	23.50102424621582
2181	gpt2	2182	1091	12	notify	simple	expected	The farmer notifies	0.00161860091611735	0.00161860091611735	9.728265285491943	9.728265285491943
2182	gpt2	2183	1092	12	nudge	simple	unexpected	The farmer nudge	0.005394686768340734	0.005394686768340734	10.768493890762329	10.768493890762329
2183	gpt2	2184	1092	12	nudge	simple	expected	The farmer nudges	0.05006159974209364	0.05006159974209364	10.790453672409056	10.790453672409056
2184	gpt2	2185	1093	12	nullify	simple	unexpected	The farmer nullify	0.008020171399323296	0.008020171399323296	12.922343492507935	12.922343492507935
2185	gpt2	2186	1093	12	nullify	simple	expected	The farmer nullifies	0.1580134587987345	0.1580134587987345	10.772163927555084	10.772163927555084
2186	gpt2	2187	1094	12	nurture	simple	unexpected	The farmer nurture	5.0327884082435055e-08	5.0327884082435055e-08	24.24406623840332	24.24406623840332
2187	gpt2	2188	1094	12	nurture	simple	expected	The farmer nurtures	0.2916588682537622	0.2916588682537622	9.069344758987427	9.069344758987427
2188	gpt2	2189	1095	12	obfuscate	simple	unexpected	The farmer obfuscate	0.007078800150871674	0.007078800150871674	14.083739280700682	14.083739280700682
2189	gpt2	2190	1095	12	obfuscate	simple	expected	The farmer obfuscates	0.13887086304438157	0.13887086304438157	11.936680257320402	11.936680257320402
2190	gpt2	2191	1096	12	object	simple	unexpected	The farmer object	1.109103686758317e-05	1.109103686758317e-05	16.460247039794922	16.460247039794922
2191	gpt2	2192	1096	12	object	simple	expected	The farmer objects	1.4764142179046758e-05	1.4764142179046758e-05	16.047542572021484	16.047542572021484
2192	gpt2	2193	1097	12	obscure	simple	unexpected	The farmer obscure	1.568674292684591e-07	1.568674292684591e-07	22.60395050048828	22.60395050048828
2193	gpt2	2194	1097	12	obscure	simple	expected	The farmer obscures	0.4265001184615471	0.4265001184615471	10.308934055268764	10.308934055268764
2194	gpt2	2195	1098	12	observe	simple	unexpected	The farmer observe	4.265400264102937e-07	4.265400264102937e-07	21.160816192626957	21.160816192626957
2195	gpt2	2196	1098	12	observe	simple	expected	The farmer observes	3.990289405919612e-05	3.990289405919612e-05	14.613146781921388	14.613146781921388
2196	gpt2	2197	1099	12	obtain	simple	unexpected	The farmer obtain	2.30028354053502e-06	2.30028354053502e-06	18.72975730895996	18.72975730895996
2197	gpt2	2198	1099	12	obtain	simple	expected	The farmer obtains	0.3174827246193672	0.3174827246193672	8.13042837381363	8.13042837381363
2198	gpt2	2199	1100	12	obviate	simple	unexpected	The farmer obviate	0.0026216928824093193	0.0026216928824093193	10.53486442565918	10.53486442565918
2199	gpt2	2200	1100	12	obviate	simple	expected	The farmer obviates	0.18073017511596845	0.18073017511596845	8.124496877193451	8.124496877193451
2200	gpt2	2201	1101	12	occasion	simple	unexpected	The farmer occasion	6.723484489157272e-07	6.723484489157272e-07	20.50428771972656	20.50428771972656
2201	gpt2	2202	1101	12	occasion	simple	expected	The farmer occasions	1.0192684385401662e-07	1.0192684385401662e-07	23.225961685180664	23.225961685180664
2202	gpt2	2203	1102	12	occupy	simple	unexpected	The farmer occupy	9.88021966463748e-08	9.88021966463748e-08	23.27088165283203	23.27088165283203
2203	gpt2	2204	1102	12	occupy	simple	expected	The farmer occupies	2.1590965843643065e-05	2.1590965843643065e-05	15.499212265014648	15.499212265014648
2204	gpt2	2205	1103	12	occur	simple	unexpected	The farmer occur	4.4130473497716594e-08	4.4130473497716594e-08	24.43364906311035	24.43364906311035
2205	gpt2	2206	1103	12	occur	simple	expected	The farmer occurs	2.686207608348923e-06	2.686207608348923e-06	18.505998611450195	18.505998611450195
2206	gpt2	2207	1104	12	offend	simple	unexpected	The farmer offend	1.1539998290288622e-08	1.1539998290288622e-08	26.36878204345703	26.36878204345703
2207	gpt2	2208	1104	12	offend	simple	expected	The farmer offends	0.006209605340700333	0.006209605340700333	10.195602893829346	10.195602893829346
2208	gpt2	2209	1105	12	offer	simple	unexpected	The farmer offer	6.303110694716452e-06	6.303110694716452e-06	17.27550506591797	17.27550506591797
2209	gpt2	2210	1105	12	offer	simple	expected	The farmer offers	0.0003529421519488	0.0003529421519488	11.468280792236328	11.468280792236328
2210	gpt2	2211	1106	12	offset	simple	unexpected	The farmer offset	1.7749736116456916e-06	1.7749736116456916e-06	19.1037712097168	19.1037712097168
2211	gpt2	2212	1106	12	offset	simple	expected	The farmer offsets	1.0306908961865702e-06	1.0306908961865702e-06	19.88795661926269	19.88795661926269
2212	gpt2	2213	1107	12	omit	simple	unexpected	The farmer omit	8.166244569451921e-09	8.166244569451921e-09	26.867679595947266	26.867679595947266
2213	gpt2	2214	1107	12	omit	simple	expected	The farmer omits	0.012369739743007773	0.012369739743007773	10.107151508331299	10.107151508331299
2214	gpt2	2215	1108	12	ooze	simple	unexpected	The farmer ooze	0.29835951260853716	0.29835951260853716	6.157631456851959	6.157631456851959
2215	gpt2	2216	1108	12	ooze	simple	expected	The farmer oozes	0.2841532364005843	0.2841532364005843	9.63885512948036	9.63885512948036
2216	gpt2	2217	1109	12	open	simple	unexpected	The farmer open	2.0062750991201028e-05	2.0062750991201028e-05	15.605120658874512	15.605120658874512
2217	gpt2	2218	1109	12	open	simple	expected	The farmer opens	0.0001758262660587	0.0001758262660587	12.473562240600586	12.473562240600586
2218	gpt2	2219	1110	12	operate	simple	unexpected	The farmer operate	4.6433845568572e-07	4.6433845568572e-07	21.03832054138184	21.03832054138184
2219	gpt2	2220	1110	12	operate	simple	expected	The farmer operates	6.603314250241965e-05	6.603314250241965e-05	13.886449813842772	13.886449813842772
2220	gpt2	2221	1111	12	oppose	simple	unexpected	The farmer oppose	2.802337633056595e-07	2.802337633056595e-07	21.76686668395996	21.76686668395996
2221	gpt2	2222	1111	12	oppose	simple	expected	The farmer opposes	1.64013727044221e-05	1.64013727044221e-05	15.89582347869873	15.89582347869873
2222	gpt2	2223	1112	12	opt	simple	unexpected	The farmer opt	2.2689890101901256e-05	2.2689890101901256e-05	15.427590370178224	15.427590370178224
2223	gpt2	2224	1112	12	opt	simple	expected	The farmer opts	0.49467902401647734	0.49467902401647734	7.721529425121845	7.721529425121845
2224	gpt2	2225	1113	12	order	simple	unexpected	The farmer order	1.3754241081187502e-05	1.3754241081187502e-05	16.149763107299805	16.149763107299805
2225	gpt2	2226	1113	12	order	simple	expected	The farmer orders	3.824972009169869e-05	3.824972009169869e-05	14.67419147491455	14.67419147491455
2226	gpt2	2227	1114	12	organize	simple	unexpected	The farmer organize	1.7682889108527888e-07	1.7682889108527888e-07	22.43114280700684	22.43114280700684
2227	gpt2	2228	1114	12	organize	simple	expected	The farmer organizes	0.4142751205317836	0.4142751205317836	7.962737038731575	7.962737038731575
2228	gpt2	2229	1115	12	originate	simple	unexpected	The farmer originate	2.0510837472897947e-08	2.0510837472897947e-08	25.539037704467773	25.539037704467773
2229	gpt2	2230	1115	12	originate	simple	expected	The farmer originates	0.47101931873885405	0.47101931873885405	8.166634976863861	8.166634976863861
2230	gpt2	2231	1116	12	oust	simple	unexpected	The farmer oust	7.846188054827509e-08	7.846188054827509e-08	23.60343360900879	23.60343360900879
2231	gpt2	2232	1116	12	oust	simple	expected	The farmer ousts	0.4920442496649003	0.4920442496649003	11.813286865130067	11.813286865130067
2232	gpt2	2233	1117	12	outfit	simple	unexpected	The farmer outfit	2.3161680928751598e-06	2.3161680928751598e-06	18.71982765197754	18.71982765197754
2233	gpt2	2234	1117	12	outfit	simple	expected	The farmer outfits	8.277286269731121e-07	8.277286269731121e-07	20.20433807373047	20.20433807373047
2234	gpt2	2235	1118	12	outflank	simple	unexpected	The farmer outflank	0.020494594413321434	0.020494594413321434	8.015764713287354	8.015764713287354
2235	gpt2	2236	1118	12	outflank	simple	expected	The farmer outflanks	0.014960755147815967	0.014960755147815967	8.176538626352945	8.176538626352945
2236	gpt2	2237	1119	12	outfly	simple	unexpected	The farmer outfly	0.0001848727044943868	0.0001848727044943868	14.71917200088501	14.71917200088501
2237	gpt2	2238	1119	12	outfly	simple	expected	The farmer outflies	0.0001833179215679817	0.0001833179215679817	15.988635540008545	15.988635540008545
2238	gpt2	2239	1120	12	outlast	simple	unexpected	The farmer outlast	0.0007075969770084501	0.0007075969770084501	10.656198978424072	10.656198978424072
2239	gpt2	2240	1120	12	outlast	simple	expected	The farmer outlasts	0.01963986784578251	0.01963986784578251	13.091025829315186	13.091025829315186
2240	gpt2	2241	1121	12	outline	simple	unexpected	The farmer outline	3.8366880517060054e-07	3.8366880517060054e-07	21.313634872436523	21.313634872436523
2241	gpt2	2242	1121	12	outline	simple	expected	The farmer outlines	1.6199286619666964e-05	1.6199286619666964e-05	15.91370964050293	15.91370964050293
2242	gpt2	2243	1122	12	outpace	simple	unexpected	The farmer outpace	0.00019808066008406483	0.00019808066008406483	13.21617603302002	13.21617603302002
2243	gpt2	2244	1122	12	outpace	simple	expected	The farmer outpaces	0.3878336179240591	0.3878336179240591	10.61778447031975	10.61778447031975
2244	gpt2	2245	1123	12	outperform	simple	unexpected	The farmer outperform	0.011094924883593609	0.011094924883593609	12.382319688796997	12.382319688796997
2245	gpt2	2246	1123	12	outperform	simple	expected	The farmer outperforms	0.05726406805371196	0.05726406805371196	11.198413133621216	11.198413133621216
2246	gpt2	2247	1124	12	outsell	simple	unexpected	The farmer outsell	0.00039765062683725	0.00039765062683725	11.300798416137695	11.300798416137695
2247	gpt2	2248	1124	12	outsell	simple	expected	The farmer outsells	0.30808391056295176	0.30808391056295176	7.572160345812638	7.572160345812638
2248	gpt2	2249	1125	12	outshine	simple	unexpected	The farmer outshine	0.0002936478995252	0.0002936478995252	11.778789043426514	11.778789043426514
2249	gpt2	2250	1125	12	outshine	simple	expected	The farmer outshines	0.1508827859264177	0.1508827859264177	6.550343592961631	6.550343592961631
2250	gpt2	2251	1126	12	out-smart	simple	unexpected	The farmer out-smart	0.01551043815561565	0.01551043815561565	8.221824407577515	8.221824407577515
2251	gpt2	2252	1126	12	out-smart	simple	expected	The farmer out-smarts	0.01551043815561565	0.01551043815561565	8.221824407577515	8.221824407577515
2252	gpt2	2253	1127	12	outstrip	simple	unexpected	The farmer outstrip	0.00020433071949807951	0.00020433071949807951	12.966132640838623	12.966132640838623
2253	gpt2	2254	1127	12	outstrip	simple	expected	The farmer outstrips	0.25458755183111254	0.25458755183111254	6.7589123745759325	6.7589123745759325
2254	gpt2	2255	1128	12	out-trade	simple	unexpected	The farmer out-trade	0.01551043815561565	0.01551043815561565	8.221824407577515	8.221824407577515
2255	gpt2	2256	1128	12	out-trade	simple	expected	The farmer out-trades	0.01551043815561565	0.01551043815561565	8.221824407577515	8.221824407577515
2256	gpt2	2257	1129	12	outweigh	simple	unexpected	The farmer outweigh	6.777096359655843e-07	6.777096359655843e-07	20.492830276489254	20.492830276489254
2257	gpt2	2258	1129	12	outweigh	simple	expected	The farmer outweighs	0.486410479846029	0.486410479846029	10.266292521730064	10.266292521730064
2258	gpt2	2259	1130	12	overbid	simple	unexpected	The farmer overbid	0.0001439280385966237	0.0001439280385966237	12.96784782409668	12.96784782409668
2259	gpt2	2260	1130	12	overbid	simple	expected	The farmer overbids	0.0009620312630431333	0.0009620312630431333	10.671868960062662	10.671868960062662
2260	gpt2	2261	1131	12	overcome	simple	unexpected	The farmer overcome	2.542474248912185e-06	2.542474248912185e-06	18.58533477783203	18.58533477783203
2261	gpt2	2262	1131	12	overcome	simple	expected	The farmer overcomes	0.00910245536215365	0.00910245536215365	8.988081216812134	8.988081216812134
2262	gpt2	2263	1132	12	overemphasize	simple	unexpected	The farmer overemphasize	0.44316596881639286	0.44316596881639286	7.741254002030473	7.741254002030473
2263	gpt2	2264	1132	12	overemphasize	simple	expected	The farmer overemphasizes	0.5659404589716726	0.5659404589716726	6.254512131388765	6.254512131388765
2264	gpt2	2265	1133	12	overhaul	simple	unexpected	The farmer overhaul	1.390262241329765e-06	1.390262241329765e-06	19.45621109008789	19.45621109008789
2265	gpt2	2266	1133	12	overhaul	simple	expected	The farmer overhauls	0.06592256798535341	0.06592256798535341	11.189655065536499	11.189655065536499
2266	gpt2	2267	1134	12	overlook	simple	unexpected	The farmer overlook	7.754852049401961e-06	7.754852049401961e-06	16.976469039916992	16.976469039916992
2267	gpt2	2268	1134	12	overlook	simple	expected	The farmer overlooks	0.4928835959681237	0.4928835959681237	8.498580739833415	8.498580739833415
2268	gpt2	2269	1135	12	overpower	simple	unexpected	The farmer overpower	2.3517887370871906e-07	2.3517887370871906e-07	22.019737243652344	22.019737243652344
2269	gpt2	2270	1135	12	overpower	simple	expected	The farmer overpowers	0.0006348359966068	0.0006348359966068	11.034619808197021	11.034619808197021
2270	gpt2	2271	1136	12	overpurchase	simple	unexpected	The farmer overpurchase	0.00036278958335356665	0.00036278958335356665	11.587468783060709	11.587468783060709
2271	gpt2	2272	1136	12	overpurchase	simple	expected	The farmer overpurchases	0.00622701085740115	0.00622701085740115	9.530330419540405	9.530330419540405
2272	gpt2	2273	1137	12	overreact	simple	unexpected	The farmer overreact	0.00044476810580815	0.00044476810580815	11.357259273529053	11.357259273529053
2273	gpt2	2274	1137	12	overreact	simple	expected	The farmer overreacts	0.09016641355022627	0.09016641355022627	6.196817239125569	6.196817239125569
2274	gpt2	2275	1138	12	override	simple	unexpected	The farmer override	3.4410039262411374e-08	3.4410039262411374e-08	24.79259490966797	24.79259490966797
2275	gpt2	2276	1138	12	override	simple	expected	The farmer overrides	0.20968802170631307	0.20968802170631307	10.584574818611145	10.584574818611145
2276	gpt2	2277	1139	12	overrule	simple	unexpected	The farmer overrule	0.00021479327551785	0.00021479327551785	12.184773445129395	12.184773445129395
2277	gpt2	2278	1139	12	overrule	simple	expected	The farmer overrules	0.046332365738123826	0.046332365738123826	11.673657059669495	11.673657059669495
2278	gpt2	2279	1140	12	oversee	simple	unexpected	The farmer oversee	1.0025096486288021e-07	1.0025096486288021e-07	23.249879837036133	23.249879837036133
2279	gpt2	2280	1140	12	oversee	simple	expected	The farmer oversees	1.4429835573537275e-05	1.4429835573537275e-05	16.080585479736328	16.080585479736328
2280	gpt2	2281	1141	12	overstate	simple	unexpected	The farmer overstate	0.00027337283972880003	0.00027337283972880003	11.869816780090332	11.869816780090332
2281	gpt2	2282	1141	12	overstate	simple	expected	The farmer overstates	0.0007382055846392	0.0007382055846392	10.905431747436523	10.905431747436523
2282	gpt2	2283	1142	12	overthrow	simple	unexpected	The farmer overthrow	5.863893548507804e-08	5.863893548507804e-08	24.0235652923584	24.0235652923584
2283	gpt2	2284	1142	12	overthrow	simple	expected	The farmer overthrows	0.11410565023481921	0.11410565023481921	10.068256139755249	10.068256139755249
2284	gpt2	2285	1143	12	overturn	simple	unexpected	The farmer overturn	3.5965985034636105e-07	3.5965985034636105e-07	21.40686416625977	21.40686416625977
2285	gpt2	2286	1143	12	overturn	simple	expected	The farmer overturns	0.4824263761666714	0.4824263761666714	10.729242013767363	10.729242013767363
2286	gpt2	2287	1144	12	overwhelm	simple	unexpected	The farmer overwhelm	2.1243772962975527e-08	2.1243772962975527e-08	25.48838424682617	25.48838424682617
2287	gpt2	2288	1144	12	overwhelm	simple	expected	The farmer overwhelms	0.4996842009343823	0.4996842009343823	10.176124060351865	10.176124060351865
2288	gpt2	2289	1145	12	owe	simple	unexpected	The farmer owe	1.1839981084449393e-07	1.1839981084449393e-07	23.00983047485352	23.00983047485352
2289	gpt2	2290	1145	12	owe	simple	expected	The farmer owes	5.454869824461639e-05	5.454869824461639e-05	14.16209602355957	14.16209602355957
2290	gpt2	2291	1146	12	own	simple	unexpected	The farmer own	2.0506271539488807e-05	2.0506271539488807e-05	15.573575019836426	15.573575019836426
2291	gpt2	2292	1146	12	own	simple	expected	The farmer owns	0.0007895994349382	0.0007895994349382	10.306591033935549	10.306591033935549
2292	gpt2	2293	1147	12	pace	simple	unexpected	The farmer pace	2.2410812050566167e-07	2.2410812050566167e-07	22.08930206298828	22.08930206298828
2293	gpt2	2294	1147	12	pace	simple	expected	The farmer paces	0.00745934152291735	0.00745934152291735	9.64438509941101	9.64438509941101
2294	gpt2	2295	1148	12	package	simple	unexpected	The farmer package	1.4449492482526691e-06	1.4449492482526691e-06	19.400548934936523	19.400548934936523
2295	gpt2	2296	1148	12	package	simple	expected	The farmer packages	9.821574167290237e-07	9.821574167290237e-07	19.957542419433597	19.957542419433597
2296	gpt2	2297	1149	12	pack	simple	unexpected	The farmer pack	4.883279871137347e-06	4.883279871137347e-06	17.643718719482422	17.643718719482422
2297	gpt2	2298	1149	12	pack	simple	expected	The farmer packs	1.2728845831588842e-05	1.2728845831588842e-05	16.261539459228516	16.261539459228516
2298	gpt2	2299	1150	12	paint	simple	unexpected	The farmer paint	6.768053708583466e-07	6.768053708583466e-07	20.49475479125977	20.49475479125977
2299	gpt2	2300	1150	12	paint	simple	expected	The farmer paints	1.2077292922185734e-05	1.2077292922185734e-05	16.337343215942383	16.337343215942383
2300	gpt2	2301	1151	12	pair	simple	unexpected	The farmer pair	3.0723360850970494e-06	3.0723360850970494e-06	18.312232971191406	18.312232971191406
2301	gpt2	2302	1151	12	pair	simple	expected	The farmer pairs	1.3115222827764228e-06	1.3115222827764228e-06	19.540327072143555	19.540327072143555
2302	gpt2	2303	1152	12	pale	simple	unexpected	The farmer pale	1.7667591691861162e-06	1.7667591691861162e-06	19.110462188720703	19.110462188720703
2303	gpt2	2304	1152	12	pale	simple	expected	The farmer pales	0.00193030012087545	0.00193030012087545	10.634350299835205	10.634350299835205
2304	gpt2	2305	1153	12	palm	simple	unexpected	The farmer palm	1.0880785339395516e-06	1.0880785339395516e-06	19.809785842895508	19.809785842895508
2305	gpt2	2306	1153	12	palm	simple	expected	The farmer palms	5.048004823038355e-07	5.048004823038355e-07	20.917783737182617	20.917783737182617
2306	gpt2	2307	1154	12	panic	simple	unexpected	The farmer panic	2.750496605585795e-06	2.750496605585795e-06	18.47187614440918	18.47187614440918
2307	gpt2	2308	1154	12	panic	simple	expected	The farmer panics	0.029151766971153837	0.029151766971153837	9.754458665847778	9.754458665847778
2308	gpt2	2309	1155	12	pan	simple	unexpected	The farmer pan	2.2998900021775626e-05	2.2998900021775626e-05	15.408075332641602	15.408075332641602
2309	gpt2	2310	1155	12	pan	simple	expected	The farmer pans	4.855750830756733e-06	4.855750830756733e-06	17.651874542236328	17.651874542236328
2310	gpt2	2311	1156	12	parachute	simple	unexpected	The farmer parachute	5.3697743140901366e-08	5.3697743140901366e-08	24.150564193725582	24.150564193725582
2311	gpt2	2312	1156	12	parachute	simple	expected	The farmer parachutes	0.08842350459269707	0.08842350459269707	11.458916902542114	11.458916902542114
2312	gpt2	2313	1157	12	parallel	simple	unexpected	The farmer parallel	1.3146178616807449e-06	1.3146178616807449e-06	19.536924362182617	19.536924362182617
2313	gpt2	2314	1157	12	parallel	simple	expected	The farmer parallels	1.2165279485998326e-06	1.2165279485998326e-06	19.648799896240234	19.648799896240234
2314	gpt2	2315	1158	12	parcel	simple	unexpected	The farmer parcel	1.6282288584079654e-07	1.6282288584079654e-07	22.550193786621094	22.550193786621094
2315	gpt2	2316	1158	12	parcel	simple	expected	The farmer parcels	5.748093485635763e-07	5.748093485635763e-07	20.73041343688965	20.73041343688965
2316	gpt2	2317	1159	12	park	simple	unexpected	The farmer park	1.4768761502637062e-05	1.4768761502637062e-05	16.04709243774414	16.04709243774414
2317	gpt2	2318	1159	12	park	simple	expected	The farmer parks	1.8562515833764337e-05	1.8562515833764337e-05	15.71724796295166	15.71724796295166
2318	gpt2	2319	1160	12	parry	simple	unexpected	The farmer parry	0.0015163071275310182	0.0015163071275310182	11.634417533874512	11.634417533874512
2319	gpt2	2320	1160	12	parry	simple	expected	The farmer parries	0.005328931036274269	0.005328931036274269	10.722122192382812	10.722122192382812
2320	gpt2	2321	1161	12	partake	simple	unexpected	The farmer partake	4.396882502533117e-08	4.396882502533117e-08	24.43894386291504	24.43894386291504
2321	gpt2	2322	1161	12	partake	simple	expected	The farmer partakes	0.0023334463330684048	0.0023334463330684048	10.675236225128174	10.675236225128174
2322	gpt2	2323	1162	12	participate	simple	unexpected	The farmer participate	6.713130460411776e-07	6.713130460411776e-07	20.506511688232425	20.506511688232425
2323	gpt2	2324	1162	12	participate	simple	expected	The farmer participates	3.251466478104703e-05	3.251466478104703e-05	14.908550262451172	14.908550262451172
2324	gpt2	2325	1163	12	part	simple	unexpected	The farmer part	8.15636885818094e-05	8.15636885818094e-05	13.581713676452637	13.581713676452637
2325	gpt2	2326	1163	12	part	simple	expected	The farmer parts	3.6368448945722776e-06	3.6368448945722776e-06	18.06888198852539	18.06888198852539
2326	gpt2	2327	1164	12	pass	simple	unexpected	The farmer pass	8.463469384878408e-06	8.463469384878408e-06	16.850318908691406	16.850318908691406
2327	gpt2	2328	1164	12	pass	simple	expected	The farmer passes	0.0001077678243746	0.0001077678243746	13.17978572845459	13.17978572845459
2328	gpt2	2329	1165	12	patronize	simple	unexpected	The farmer patronize	0.001124338920817519	0.001124338920817519	13.08753776550293	13.08753776550293
2329	gpt2	2330	1165	12	patronize	simple	expected	The farmer patronizes	0.07269251285924837	0.07269251285924837	10.07834792137146	10.07834792137146
2330	gpt2	2331	1166	12	pave	simple	unexpected	The farmer pave	5.7462653302309263e-08	5.7462653302309263e-08	24.05279922485352	24.05279922485352
2331	gpt2	2332	1166	12	pave	simple	expected	The farmer paves	0.0024012247777136	0.0024012247777136	10.472917795181274	10.472917795181274
2332	gpt2	2333	1167	12	pay	simple	unexpected	The farmer pay	3.6113400710746646e-05	3.6113400710746646e-05	14.757105827331545	14.757105827331545
2333	gpt2	2334	1167	12	pay	simple	expected	The farmer pays	0.0006945261848159	0.0006945261848159	10.49168300628662	10.49168300628662
2334	gpt2	2335	1168	12	peak	simple	unexpected	The farmer peak	6.797654350521043e-07	6.797654350521043e-07	20.488460540771484	20.488460540771484
2335	gpt2	2336	1168	12	peak	simple	expected	The farmer peaks	1.3297083114593988e-06	1.3297083114593988e-06	19.520458221435547	19.520458221435547
2336	gpt2	2337	1169	12	pedal	simple	unexpected	The farmer pedal	1.562403610932961e-07	1.562403610932961e-07	22.609729766845703	22.609729766845703
2337	gpt2	2338	1169	12	pedal	simple	expected	The farmer pedals	2.3434959928181345e-07	2.3434959928181345e-07	22.02483367919922	22.02483367919922
2338	gpt2	2339	1170	12	peddle	simple	unexpected	The farmer peddle	0.004862203295488102	0.004862203295488102	11.753545761108398	11.753545761108398
2339	gpt2	2340	1170	12	peddle	simple	expected	The farmer peddles	0.2558761192813108	0.2558761192813108	8.894071578979492	8.894071578979492
2340	gpt2	2341	1171	12	peer	simple	unexpected	The farmer peer	7.423901706715696e-07	7.423901706715696e-07	20.36131858825684	20.36131858825684
2341	gpt2	2342	1171	12	peer	simple	expected	The farmer peers	4.672759132517967e-06	4.672759132517967e-06	17.707294464111328	17.707294464111328
2342	gpt2	2343	1172	12	penalize	simple	unexpected	The farmer penalize	0.0003680270840504806	0.0003680270840504806	15.680078029632568	15.680078029632568
2343	gpt2	2344	1172	12	penalize	simple	expected	The farmer penalizes	0.06221156268497903	0.06221156268497903	11.978983640670776	11.978983640670776
2344	gpt2	2345	1173	12	penetrate	simple	unexpected	The farmer penetrate	2.503414719967623e-08	2.503414719967623e-08	25.251527786254883	25.251527786254883
2345	gpt2	2346	1173	12	penetrate	simple	expected	The farmer penetrates	0.49972191900178586	0.49972191900178586	9.497027617559072	9.497027617559072
2346	gpt2	2347	1174	12	perform	simple	unexpected	The farmer perform	9.70537257671822e-07	9.70537257671822e-07	19.97471237182617	19.97471237182617
2347	gpt2	2348	1174	12	perform	simple	expected	The farmer performs	6.694367039017379e-05	6.694367039017379e-05	13.866692543029783	13.866692543029783
2348	gpt2	2349	1175	12	permit	simple	unexpected	The farmer permit	6.748254577360058e-07	6.748254577360058e-07	20.49898147583008	20.49898147583008
2349	gpt2	2350	1175	12	permit	simple	expected	The farmer permits	6.153812137199566e-06	6.153812137199566e-06	17.310089111328125	17.310089111328125
2350	gpt2	2351	1176	13	perpetuate	simple	unexpected	The pilots perpetuates	0.008929676801017158	0.008929676801017158	12.681696653366089	12.681696653366089
2351	gpt2	2352	1176	13	perpetuate	simple	expected	The pilots perpetuate	2.8534230978038977e-07	2.8534230978038977e-07	21.740802764892575	21.740802764892575
2352	gpt2	2353	1177	13	persist	simple	unexpected	The pilots persists	1.690435169621196e-08	1.690435169621196e-08	25.818029403686523	25.818029403686523
2353	gpt2	2354	1177	13	persist	simple	expected	The pilots persist	1.700565462670056e-06	1.700565462670056e-06	19.16555404663086	19.16555404663086
2354	gpt2	2355	1178	13	persuade	simple	unexpected	The pilots persuades	0.027979453514916455	0.027979453514916455	12.57008981704712	12.57008981704712
2355	gpt2	2356	1178	13	persuade	simple	expected	The pilots persuade	1.7874334616863052e-06	1.7874334616863052e-06	19.093679428100582	19.093679428100582
2356	gpt2	2357	1179	13	peruse	simple	unexpected	The pilots peruses	0.00015695074762330543	0.00015695074762330543	12.925556182861328	12.925556182861328
2357	gpt2	2358	1179	13	peruse	simple	expected	The pilots peruse	0.008112494750093855	0.008112494750093855	9.909811735153198	9.909811735153198
2358	gpt2	2359	1180	13	petition	simple	unexpected	The pilots petitions	2.3523607239894775e-07	2.3523607239894775e-07	22.01938819885254	22.01938819885254
2359	gpt2	2360	1180	13	petition	simple	expected	The pilots petition	2.860051790776197e-05	2.860051790776197e-05	15.093599319458008	15.093599319458008
2360	gpt2	2361	1181	13	phase	simple	unexpected	The pilots phases	1.5833660427233553e-07	1.5833660427233553e-07	22.59050178527832	22.59050178527832
2361	gpt2	2362	1181	13	phase	simple	expected	The pilots phase	2.2659496607957408e-06	2.2659496607957408e-06	18.751453399658203	18.751453399658203
2362	gpt2	2363	1182	13	pick	simple	unexpected	The pilots picks	3.4472877814550884e-06	3.4472877814550884e-06	18.146106719970703	18.146106719970703
2363	gpt2	2364	1182	13	pick	simple	expected	The pilots pick	7.208240276668221e-05	7.208240276668221e-05	13.75999355316162	13.75999355316162
2364	gpt2	2365	1183	13	piece	simple	unexpected	The pilots pieces	3.04559819142014e-07	3.04559819142014e-07	21.64677047729492	21.64677047729492
2365	gpt2	2366	1183	13	piece	simple	expected	The pilots piece	1.1050652574340347e-05	1.1050652574340347e-05	16.46550941467285	16.46550941467285
2366	gpt2	2367	1184	13	pile	simple	unexpected	The pilots piles	2.3664735238071446e-07	2.3664735238071446e-07	22.010757446289062	22.010757446289062
2367	gpt2	2368	1184	13	pile	simple	expected	The pilots pile	2.503237010387238e-05	2.503237010387238e-05	15.285845756530762	15.285845756530762
2368	gpt2	2369	1185	13	pinch	simple	unexpected	The pilots pinches	8.884254202712327e-05	8.884254202712327e-05	13.463184833526611	13.463184833526611
2369	gpt2	2370	1185	13	pinch	simple	expected	The pilots pinch	6.226175628398778e-07	6.226175628398778e-07	20.61515045166016	20.61515045166016
2370	gpt2	2371	1186	13	ping	simple	unexpected	The pilots pings	0.0003629166712925915	0.0003629166712925915	12.090515613555908	12.090515613555908
2371	gpt2	2372	1186	13	ping	simple	expected	The pilots ping	2.180722503908328e-06	2.180722503908328e-06	18.8067626953125	18.8067626953125
2372	gpt2	2373	1187	13	pinpoint	simple	unexpected	The pilots pinpoints	0.006313667250651619	0.006313667250651619	11.768674612045288	11.768674612045288
2373	gpt2	2374	1187	13	pinpoint	simple	expected	The pilots pinpoint	5.7655056480143685e-06	5.7655056480143685e-06	17.40412139892578	17.40412139892578
2374	gpt2	2375	1188	13	pin	simple	unexpected	The pilots pins	1.6809640612791554e-07	1.6809640612791554e-07	22.504207611083984	22.504207611083984
2375	gpt2	2376	1188	13	pin	simple	expected	The pilots pin	6.50824949843809e-06	6.50824949843809e-06	17.229299545288086	17.229299545288086
2376	gpt2	2377	1189	13	pitch	simple	unexpected	The pilots pitches	1.310770812779083e-06	1.310770812779083e-06	19.54115295410156	19.54115295410156
2377	gpt2	2378	1189	13	pitch	simple	expected	The pilots pitch	7.216273661470041e-05	7.216273661470041e-05	13.758386611938477	13.758386611938477
2378	gpt2	2379	1190	13	pit	simple	unexpected	The pilots pits	1.9708917875504997e-07	1.9708917875504997e-07	22.27464866638184	22.27464866638184
2379	gpt2	2380	1190	13	pit	simple	expected	The pilots pit	2.65591388597386e-05	2.65591388597386e-05	15.200431823730469	15.200431823730469
2380	gpt2	2381	1191	13	placate	simple	unexpected	The pilots placates	0.0019253122778763558	0.0019253122778763558	14.809146404266356	14.809146404266356
2381	gpt2	2382	1191	13	placate	simple	expected	The pilots placate	0.06335396430642956	0.06335396430642956	12.288953781127928	12.288953781127928
2382	gpt2	2383	1192	13	place	simple	unexpected	The pilots places	1.7577897324372316e-06	1.7577897324372316e-06	19.11780548095703	19.11780548095703
2383	gpt2	2384	1192	13	place	simple	expected	The pilots place	2.4817489247652705e-05	2.4817489247652705e-05	15.298283576965332	15.298283576965332
2384	gpt2	2385	1193	13	plague	simple	unexpected	The pilots plagues	2.7211899578105658e-05	2.7211899578105658e-05	15.274126529693604	15.274126529693604
2385	gpt2	2386	1193	13	plague	simple	expected	The pilots plague	5.2592888266644884e-08	5.2592888266644884e-08	24.18055725097656	24.18055725097656
2386	gpt2	2387	1194	13	plant	simple	unexpected	The pilots plants	7.381366913250531e-07	7.381366913250531e-07	20.36960792541504	20.36960792541504
2387	gpt2	2388	1194	13	plant	simple	expected	The pilots plant	1.033261105476413e-05	1.033261105476413e-05	16.562435150146484	16.562435150146484
2388	gpt2	2389	1195	13	plan	simple	unexpected	The pilots plans	3.21429361065384e-05	3.21429361065384e-05	14.925138473510742	14.925138473510742
2389	gpt2	2390	1195	13	plan	simple	expected	The pilots plan	0.0009012749651446	0.0009012749651446	10.115744590759276	10.115744590759276
2390	gpt2	2391	1196	13	play	simple	unexpected	The pilots plays	8.275320624306914e-07	8.275320624306914e-07	20.20468139648437	20.20468139648437
2391	gpt2	2392	1196	13	play	simple	expected	The pilots play	0.0001135660349973	0.0001135660349973	13.104181289672852	13.104181289672852
2392	gpt2	2393	1197	13	plead	simple	unexpected	The pilots pleads	0.36420775973414266	0.36420775973414266	10.466309159994125	10.466309159994125
2393	gpt2	2394	1197	13	plead	simple	expected	The pilots plead	7.1466592999058776e-06	7.1466592999058776e-06	17.09429931640625	17.09429931640625
2394	gpt2	2395	1198	13	please	simple	unexpected	The pilots pleases	0.00024680775999284815	0.00024680775999284815	15.73089075088501	15.73089075088501
2395	gpt2	2396	1198	13	please	simple	expected	The pilots please	4.067590271006338e-05	4.067590271006338e-05	14.585466384887695	14.585466384887695
2396	gpt2	2397	1199	13	plea	simple	unexpected	The pilots pleas	1.0271573955833446e-06	1.0271573955833446e-06	19.892911911010746	19.892911911010746
2397	gpt2	2398	1199	13	plea	simple	expected	The pilots plea	2.56044728530469e-07	2.56044728530469e-07	21.8971004486084	21.8971004486084
2398	gpt2	2399	1200	13	plot	simple	unexpected	The pilots plots	3.748408232695511e-07	3.748408232695511e-07	21.34721946716309	21.34721946716309
2399	gpt2	2400	1200	13	plot	simple	expected	The pilots plot	1.997796061914414e-05	1.997796061914414e-05	15.611230850219728	15.611230850219728
2400	gpt2	2401	1201	13	plow	simple	unexpected	The pilots plows	0.0006549142744916023	0.0006549142744916023	12.718287944793701	12.718287944793701
2401	gpt2	2402	1201	13	plow	simple	expected	The pilots plow	0.006385720484104202	0.006385720484104202	11.067073106765747	11.067073106765747
2402	gpt2	2403	1202	13	pluck	simple	unexpected	The pilots plucks	7.621895565530234e-05	7.621895565530234e-05	14.345860481262207	14.345860481262207
2403	gpt2	2404	1202	13	pluck	simple	expected	The pilots pluck	0.006475135367509203	0.006475135367509203	11.057029247283936	11.057029247283936
2404	gpt2	2405	1203	13	plug	simple	unexpected	The pilots plugs	6.854853751292468e-08	6.854853751292468e-08	23.79829788208008	23.79829788208008
2405	gpt2	2406	1203	13	plug	simple	expected	The pilots plug	1.23584459288395e-06	1.23584459288395e-06	19.62607192993164	19.62607192993164
2406	gpt2	2407	1204	13	plummet	simple	unexpected	The pilots plummets	0.31168892601514625	0.31168892601514625	7.710947424173355	7.710947424173355
2407	gpt2	2408	1204	13	plummet	simple	expected	The pilots plummet	1.9545484519767342e-06	1.9545484519767342e-06	18.964733123779297	18.964733123779297
2408	gpt2	2409	1205	13	plunge	simple	unexpected	The pilots plunges	0.004773512862527652	0.004773512862527652	13.426584482192993	13.426584482192993
2409	gpt2	2410	1205	13	plunge	simple	expected	The pilots plunge	2.8540450784930727e-06	2.8540450784930727e-06	18.41856002807617	18.41856002807617
2410	gpt2	2411	1206	13	pocket	simple	unexpected	The pilots pockets	6.11320842835994e-07	6.11320842835994e-07	20.64156723022461	20.64156723022461
2411	gpt2	2412	1206	13	pocket	simple	expected	The pilots pocket	2.864943780878093e-05	2.864943780878093e-05	15.091134071350098	15.091134071350098
2412	gpt2	2413	1207	13	point	simple	unexpected	The pilots points	6.942122581676813e-06	6.942122581676813e-06	17.136192321777344	17.136192321777344
2413	gpt2	2414	1207	13	point	simple	expected	The pilots point	0.000127133593196	0.000127133593196	12.941367149353027	12.941367149353027
2414	gpt2	2415	1208	13	police	simple	unexpected	The pilots polices	0.0073426826359366025	0.0073426826359366025	13.045565366744995	13.045565366744995
2415	gpt2	2416	1208	13	police	simple	expected	The pilots police	5.244348358246498e-06	5.244348358246498e-06	17.54080581665039	17.54080581665039
2416	gpt2	2417	1209	13	polish	simple	unexpected	The pilots polishes	0.0159291694374417	0.0159291694374417	12.486894130706787	12.486894130706787
2417	gpt2	2418	1209	13	polish	simple	expected	The pilots polish	7.414045626319421e-07	7.414045626319421e-07	20.36323547363281	20.36323547363281
2418	gpt2	2419	1210	13	pollinate	simple	unexpected	The pilots pollinates	6.827949118812148e-05	6.827949118812148e-05	15.418705463409424	15.418705463409424
2419	gpt2	2420	1210	13	pollinate	simple	expected	The pilots pollinate	0.0004316540494073215	0.0004316540494073215	14.070757389068604	14.070757389068604
2420	gpt2	2421	1211	13	pollute	simple	unexpected	The pilots pollutes	0.0015373634582829215	0.0015373634582829215	13.152133464813232	13.152133464813232
2421	gpt2	2422	1211	13	pollute	simple	expected	The pilots pollute	0.01553973166164722	0.01553973166164722	11.48258662223816	11.48258662223816
2422	gpt2	2423	1212	13	poll	simple	unexpected	The pilots polls	3.7613281733683845e-07	3.7613281733683845e-07	21.342254638671875	21.342254638671875
2423	gpt2	2424	1212	13	poll	simple	expected	The pilots poll	3.929843842342962e-06	3.929843842342962e-06	17.957096099853516	17.957096099853516
2424	gpt2	2425	1213	13	ponder	simple	unexpected	The pilots ponders	0.0005111833006594605	0.0005111833006594605	13.267972946166992	13.267972946166992
2425	gpt2	2426	1213	13	ponder	simple	expected	The pilots ponder	4.264991730451584e-06	4.264991730451584e-06	17.839025497436523	17.839025497436523
2426	gpt2	2427	1214	13	popularize	simple	unexpected	The pilots popularizes	0.0006986932355630235	0.0006986932355630235	13.33722972869873	13.33722972869873
2427	gpt2	2428	1214	13	popularize	simple	expected	The pilots popularize	0.012515900097014273	0.012515900097014273	11.252469539642334	11.252469539642334
2428	gpt2	2429	1215	13	populate	simple	unexpected	The pilots populates	0.0006346077229863964	0.0006346077229863964	13.760538101196289	13.760538101196289
2429	gpt2	2430	1215	13	populate	simple	expected	The pilots populate	4.2022159618682053e-07	4.2022159618682053e-07	21.18234634399414	21.18234634399414
2430	gpt2	2431	1216	13	pop	simple	unexpected	The pilots pops	1.0853781873265689e-07	1.0853781873265689e-07	23.135299682617188	23.135299682617188
2431	gpt2	2432	1216	13	pop	simple	expected	The pilots pop	4.103950232092757e-06	4.103950232092757e-06	17.894556045532227	17.894556045532227
2432	gpt2	2433	1217	13	portend	simple	unexpected	The pilots portends	0.002715348886340504	0.002715348886340504	12.695853471755981	12.695853471755981
2433	gpt2	2434	1217	13	portend	simple	expected	The pilots portend	0.019482056997730954	0.019482056997730954	11.273906469345093	11.273906469345093
2434	gpt2	2435	1218	13	portray	simple	unexpected	The pilots portrays	5.2826127472371815e-08	5.2826127472371815e-08	24.17417335510254	24.17417335510254
2435	gpt2	2436	1218	13	portray	simple	expected	The pilots portray	3.9279257180169225e-06	3.9279257180169225e-06	17.957801818847656	17.957801818847656
2436	gpt2	2437	1219	13	pose	simple	unexpected	The pilots poses	4.06575566103129e-07	4.06575566103129e-07	21.22997283935547	21.22997283935547
2437	gpt2	2438	1219	13	pose	simple	expected	The pilots pose	4.580053791869432e-05	4.580053791869432e-05	14.414276123046877	14.414276123046877
2438	gpt2	2439	1220	13	position	simple	unexpected	The pilots positions	3.4299205253773835e-06	3.4299205253773835e-06	18.153392791748047	18.153392791748047
2439	gpt2	2440	1220	13	position	simple	expected	The pilots position	3.471266609267332e-05	3.471266609267332e-05	14.814178466796877	14.814178466796877
2440	gpt2	2441	1221	13	possess	simple	unexpected	The pilots possesses	3.0741958312319184e-07	3.0741958312319184e-07	21.63328742980957	21.63328742980957
2441	gpt2	2442	1221	13	possess	simple	expected	The pilots possess	1.0511754226172345e-05	1.0511754226172345e-05	16.53763771057129	16.53763771057129
2442	gpt2	2443	1222	13	postpone	simple	unexpected	The pilots postpones	0.011763940493846513	0.011763940493846513	14.444167852401735	14.444167852401735
2443	gpt2	2444	1222	13	postpone	simple	expected	The pilots postpone	7.476072028111957e-07	7.476072028111957e-07	20.351215362548828	20.351215362548828
2444	gpt2	2445	1223	13	post	simple	unexpected	The pilots posts	9.464999948249896e-07	9.464999948249896e-07	20.010894775390625	20.010894775390625
2445	gpt2	2446	1223	13	post	simple	expected	The pilots post	3.2389107218477875e-05	3.2389107218477875e-05	14.914132118225098	14.914132118225098
2446	gpt2	2447	1224	13	pot	simple	unexpected	The pilots pots	1.1164961932763617e-07	1.1164961932763617e-07	23.094518661499023	23.094518661499023
2447	gpt2	2448	1224	13	pot	simple	expected	The pilots pot	1.387442353006918e-06	1.387442353006918e-06	19.45914077758789	19.45914077758789
2448	gpt2	2449	1225	13	pounce	simple	unexpected	The pilots pounces	0.0006101102590036915	0.0006101102590036915	11.679694652557373	11.679694652557373
2449	gpt2	2450	1225	13	pounce	simple	expected	The pilots pounce	0.005819032459839941	0.005819032459839941	10.008017778396606	10.008017778396606
2450	gpt2	2451	1226	13	pound	simple	unexpected	The pilots pounds	2.403189967026265e-07	2.403189967026265e-07	21.98854637145996	21.98854637145996
2451	gpt2	2452	1226	13	pound	simple	expected	The pilots pound	1.8799146346282212e-06	1.8799146346282212e-06	19.02090072631836	19.02090072631836
2452	gpt2	2453	1227	13	pour	simple	unexpected	The pilots pours	0.00031442808904099155	0.00031442808904099155	12.20820140838623	12.20820140838623
2453	gpt2	2454	1227	13	pour	simple	expected	The pilots pour	8.019098459044471e-06	8.019098459044471e-06	16.928129196166992	16.928129196166992
2454	gpt2	2455	1228	13	practice	simple	unexpected	The pilots practices	3.2738269055698765e-06	3.2738269055698765e-06	18.220590591430664	18.220590591430664
2455	gpt2	2456	1228	13	practice	simple	expected	The pilots practice	8.491632615914568e-05	8.491632615914568e-05	13.523598670959473	13.523598670959473
2456	gpt2	2457	1229	13	precede	simple	unexpected	The pilots precedes	0.001341851422132831	0.001341851422132831	15.761088371276855	15.761088371276855
2457	gpt2	2458	1229	13	precede	simple	expected	The pilots precede	0.49710446677034525	0.49710446677034525	11.494465940631926	11.494465940631926
2458	gpt2	2459	1230	13	preclude	simple	unexpected	The pilots precludes	5.655231598211685e-05	5.655231598211685e-05	14.305640697479248	14.305640697479248
2459	gpt2	2460	1230	13	preclude	simple	expected	The pilots preclude	1.6022136151150337e-07	1.6022136151150337e-07	22.573429107666016	22.573429107666016
2460	gpt2	2461	1231	13	predict	simple	unexpected	The pilots predicts	2.0372124254208762e-07	2.0372124254208762e-07	22.226900100708008	22.226900100708008
2461	gpt2	2462	1231	13	predict	simple	expected	The pilots predict	1.0318510248907842e-05	1.0318510248907842e-05	16.56440544128418	16.56440544128418
2462	gpt2	2463	1232	13	predispose	simple	unexpected	The pilots predisposes	0.007070733239657968	0.007070733239657968	15.194366931915283	15.194366931915283
2463	gpt2	2464	1232	13	predispose	simple	expected	The pilots predispose	0.42948108446390165	0.42948108446390165	12.232068963348866	12.232068963348866
2464	gpt2	2465	1233	13	pre-empt	simple	unexpected	The pilots pre-empts	0.22803614784515958	0.22803614784515958	8.103354513645172	8.103354513645172
2465	gpt2	2466	1233	13	pre-empt	simple	expected	The pilots pre-empt	0.22803614784515958	0.22803614784515958	8.103354513645172	8.103354513645172
2466	gpt2	2467	1234	13	prefer	simple	unexpected	The pilots prefers	2.8679806973741506e-07	2.8679806973741506e-07	21.733461380004883	21.733461380004883
2467	gpt2	2468	1234	13	prefer	simple	expected	The pilots prefer	4.085068212589249e-05	4.085068212589249e-05	14.579279899597168	14.579279899597168
2468	gpt2	2469	1235	13	premiere	simple	unexpected	The pilots premieres	0.4987563273864275	0.4987563273864275	11.828327937750146	11.828327937750146
2469	gpt2	2470	1235	13	premiere	simple	expected	The pilots premiere	6.314436404863955e-07	6.314436404863955e-07	20.5948429107666	20.5948429107666
2470	gpt2	2471	1236	13	prepare	simple	unexpected	The pilots prepares	2.8587742235686164e-06	2.8587742235686164e-06	18.41617202758789	18.41617202758789
2471	gpt2	2472	1236	13	prepare	simple	expected	The pilots prepare	0.0001851675042416	0.0001851675042416	12.398880958557127	12.398880958557127
2472	gpt2	2473	1237	13	prepay	simple	unexpected	The pilots prepays	0.00045082382746384006	0.00045082382746384006	14.350578308105469	14.350578308105469
2473	gpt2	2474	1237	13	prepay	simple	expected	The pilots prepay	0.0024491571460884902	0.0024491571460884902	13.128087043762205	13.128087043762205
2474	gpt2	2475	1238	13	pre-register	simple	unexpected	The pilots pre-registers	0.22803614784515958	0.22803614784515958	8.103354513645172	8.103354513645172
2475	gpt2	2476	1238	13	pre-register	simple	expected	The pilots pre-register	0.22803614784515958	0.22803614784515958	8.103354513645172	8.103354513645172
2476	gpt2	2477	1239	13	presage	simple	unexpected	The pilots presages	0.0017211383648145578	0.0017211383648145578	14.001641750335695	14.001641750335695
2477	gpt2	2478	1239	13	presage	simple	expected	The pilots presage	0.023913036912858808	0.023913036912858808	12.10325050354004	12.10325050354004
2478	gpt2	2479	1240	13	prescribe	simple	unexpected	The pilots prescribes	0.059781952878275	0.059781952878275	13.316834092140198	13.316834092140198
2479	gpt2	2480	1240	13	prescribe	simple	expected	The pilots prescribe	2.5558998117958254e-07	2.5558998117958254e-07	21.89966583251953	21.89966583251953
2480	gpt2	2481	1241	13	present	simple	unexpected	The pilots presents	8.663335506753356e-07	8.663335506753356e-07	20.138574600219727	20.138574600219727
2481	gpt2	2482	1241	13	present	simple	expected	The pilots present	0.0005209656665101	0.0005209656665101	10.906523704528809	10.906523704528809
2482	gpt2	2483	1242	13	preserve	simple	unexpected	The pilots preserves	2.735507287354721e-08	2.735507287354721e-08	25.12361717224121	25.12361717224121
2483	gpt2	2484	1242	13	preserve	simple	expected	The pilots preserve	3.626340458140476e-06	3.626340458140476e-06	18.07305335998535	18.07305335998535
2484	gpt2	2485	1243	13	pressure	simple	unexpected	The pilots pressures	2.439396382669657e-07	2.439396382669657e-07	21.96697235107422	21.96697235107422
2485	gpt2	2486	1243	13	pressure	simple	expected	The pilots pressure	4.275384071661392e-06	4.275384071661392e-06	17.835514068603516	17.835514068603516
2486	gpt2	2487	1244	13	press	simple	unexpected	The pilots presses	4.202761090255081e-07	4.202761090255081e-07	21.182159423828125	21.182159423828125
2487	gpt2	2488	1244	13	press	simple	expected	The pilots press	9.810490882955492e-05	9.810490882955492e-05	13.315315246582031	13.315315246582031
2488	gpt2	2489	1245	13	pretend	simple	unexpected	The pilots pretends	0.13190482449800808	0.13190482449800808	10.732681393623352	10.732681393623352
2489	gpt2	2490	1245	13	pretend	simple	expected	The pilots pretend	2.124875027220696e-05	2.124875027220696e-05	15.522262573242188	15.522262573242188
2490	gpt2	2491	1246	13	pre-try	simple	unexpected	The pilots pre-tries	0.22803614784515958	0.22803614784515958	8.103354513645172	8.103354513645172
2491	gpt2	2492	1246	13	pre-try	simple	expected	The pilots pre-try	0.22803614784515958	0.22803614784515958	8.103354513645172	8.103354513645172
2492	gpt2	2493	1247	13	prevail	simple	unexpected	The pilots prevails	0.3643889768091526	0.3643889768091526	13.626693367958069	13.626693367958069
2493	gpt2	2494	1247	13	prevail	simple	expected	The pilots prevail	1.907355766661567e-07	1.907355766661567e-07	22.321922302246094	22.321922302246094
2494	gpt2	2495	1248	13	prevent	simple	unexpected	The pilots prevents	1.109753213768272e-07	1.109753213768272e-07	23.10325813293457	23.10325813293457
2495	gpt2	2496	1248	13	prevent	simple	expected	The pilots prevent	1.1853720025101213e-05	1.1853720025101213e-05	16.364299774169922	16.364299774169922
2496	gpt2	2497	1249	13	price	simple	unexpected	The pilots prices	1.4639385881309866e-07	1.4639385881309866e-07	22.70364189147949	22.70364189147949
2497	gpt2	2498	1249	13	price	simple	expected	The pilots price	1.4987756458140211e-06	1.4987756458140211e-06	19.3477840423584	19.3477840423584
2498	gpt2	2499	1250	13	privatize	simple	unexpected	The pilots privatizes	0.0004209136967716207	0.0004209136967716207	15.993149757385254	15.993149757385254
2499	gpt2	2500	1250	13	privatize	simple	expected	The pilots privatize	0.018189126581901822	0.018189126581901822	13.276211977005005	13.276211977005005
2500	gpt2	2501	1251	13	probe	simple	unexpected	The pilots probes	1.469219910177344e-07	1.469219910177344e-07	22.69844627380371	22.69844627380371
2501	gpt2	2502	1251	13	probe	simple	expected	The pilots probe	3.539553745213197e-06	3.539553745213197e-06	18.10800170898437	18.10800170898437
2502	gpt2	2503	1252	13	proceed	simple	unexpected	The pilots proceeds	3.531608285811672e-07	3.531608285811672e-07	21.43317222595215	21.43317222595215
2503	gpt2	2504	1252	13	proceed	simple	expected	The pilots proceed	4.096772681805305e-05	4.096772681805305e-05	14.575152397155762	14.575152397155762
2504	gpt2	2505	1253	13	process	simple	unexpected	The pilots processes	2.5036547413037624e-07	2.5036547413037624e-07	21.92946052551269	21.92946052551269
2505	gpt2	2506	1253	13	process	simple	expected	The pilots process	2.060143742710352e-05	2.060143742710352e-05	15.566895484924316	15.566895484924316
2506	gpt2	2507	1254	13	proclaim	simple	unexpected	The pilots proclaims	0.0003693691743364806	0.0003693691743364806	14.43750858306885	14.43750858306885
2507	gpt2	2508	1254	13	proclaim	simple	expected	The pilots proclaim	2.7598691758612404e-06	2.7598691758612404e-06	18.466968536376957	18.466968536376957
2508	gpt2	2509	1255	13	produce	simple	unexpected	The pilots produces	5.044034878665116e-07	5.044034878665116e-07	20.91891860961914	20.91891860961914
2509	gpt2	2510	1255	13	produce	simple	expected	The pilots produce	1.5279700164683163e-05	1.5279700164683163e-05	15.998023986816406	15.998023986816406
2510	gpt2	2511	1256	13	prod	simple	unexpected	The pilots prods	0.0005229367679930746	0.0005229367679930746	12.819740295410156	12.819740295410156
2511	gpt2	2512	1256	13	prod	simple	expected	The pilots prod	1.3611823135306622e-07	1.3611823135306622e-07	22.80863571166992	22.80863571166992
2512	gpt2	2513	1257	13	profile	simple	unexpected	The pilots profiles	1.034684487422055e-06	1.034684487422055e-06	19.88237762451172	19.88237762451172
2513	gpt2	2514	1257	13	profile	simple	expected	The pilots profile	8.865368727128953e-06	8.865368727128953e-06	16.783388137817383	16.783388137817383
2514	gpt2	2515	1258	13	profit	simple	unexpected	The pilots profits	4.727959606043442e-07	4.727959606043442e-07	21.012279510498047	21.012279510498047
2515	gpt2	2516	1258	13	profit	simple	expected	The pilots profit	3.88145281249308e-06	3.88145281249308e-06	17.974971771240234	17.974971771240234
2516	gpt2	2517	1259	13	program	simple	unexpected	The pilots programs	2.09732434086618e-06	2.09732434086618e-06	18.863018035888672	18.863018035888672
2517	gpt2	2518	1259	13	program	simple	expected	The pilots program	9.27762157516554e-05	9.27762157516554e-05	13.395885467529297	13.395885467529297
2518	gpt2	2519	1260	13	progress	simple	unexpected	The pilots progresses	1.020567950149598e-07	1.020567950149598e-07	23.224124908447266	23.224124908447266
2519	gpt2	2520	1260	13	progress	simple	expected	The pilots progress	1.688124393695034e-05	1.688124393695034e-05	15.854219436645508	15.854219436645508
2520	gpt2	2521	1261	13	prohibit	simple	unexpected	The pilots prohibits	5.783871515063765e-08	5.783871515063765e-08	24.04338836669922	24.04338836669922
2521	gpt2	2522	1261	13	prohibit	simple	expected	The pilots prohibit	8.773083663982106e-07	8.773083663982106e-07	20.12041282653809	20.12041282653809
2522	gpt2	2523	1262	13	project	simple	unexpected	The pilots projects	2.2221561266633216e-06	2.2221561266633216e-06	18.77960777282715	18.77960777282715
2523	gpt2	2524	1262	13	project	simple	expected	The pilots project	5.694318315363489e-05	5.694318315363489e-05	14.100117683410645	14.100117683410645
2524	gpt2	2525	1263	13	prolong	simple	unexpected	The pilots prolongs	0.0033179811178456298	0.0033179811178456298	14.078458786010742	14.078458786010742
2525	gpt2	2526	1263	13	prolong	simple	expected	The pilots prolong	5.035614094595076e-07	5.035614094595076e-07	20.921329498291016	20.921329498291016
2526	gpt2	2527	1264	13	promise	simple	unexpected	The pilots promises	1.2326805745033198e-06	1.2326805745033198e-06	19.629770278930664	19.629770278930664
2527	gpt2	2528	1264	13	promise	simple	expected	The pilots promise	4.219278707751073e-05	4.219278707751073e-05	14.532644271850586	14.532644271850586
2528	gpt2	2529	1265	13	promote	simple	unexpected	The pilots promotes	5.65963844678663e-08	5.65963844678663e-08	24.07471466064453	24.07471466064453
2529	gpt2	2530	1265	13	promote	simple	expected	The pilots promote	5.637020422000205e-06	5.637020422000205e-06	17.436635971069336	17.436635971069336
2530	gpt2	2531	1266	13	prompt	simple	unexpected	The pilots prompts	1.2592090037344406e-08	1.2592090037344406e-08	26.24290657043457	26.24290657043457
2531	gpt2	2532	1266	13	prompt	simple	expected	The pilots prompt	9.766569064595387e-07	9.766569064595387e-07	19.96564483642578	19.96564483642578
2532	gpt2	2533	1267	13	propel	simple	unexpected	The pilots propels	0.027995357853342284	0.027995357853342284	11.129472732543945	11.129472732543945
2533	gpt2	2534	1267	13	propel	simple	expected	The pilots propel	4.207444987969211e-07	4.207444987969211e-07	21.180551528930664	21.180551528930664
2534	gpt2	2535	1268	13	propose	simple	unexpected	The pilots proposes	2.947124357888242e-07	2.947124357888242e-07	21.694189071655277	21.694189071655277
2535	gpt2	2536	1268	13	propose	simple	expected	The pilots propose	1.209840047522448e-05	1.209840047522448e-05	16.334823608398438	16.334823608398438
2536	gpt2	2537	1269	13	prop	simple	unexpected	The pilots props	2.294977576866586e-07	2.294977576866586e-07	22.05501747131348	22.05501747131348
2537	gpt2	2538	1269	13	prop	simple	expected	The pilots prop	3.558779098966625e-06	3.558779098966625e-06	18.10018539428711	18.10018539428711
2538	gpt2	2539	1270	13	prosper	simple	unexpected	The pilots prospers	0.09280926898221269	0.09280926898221269	8.42651637395223	8.42651637395223
2539	gpt2	2540	1270	13	prosper	simple	expected	The pilots prosper	1.6683790704519197e-07	1.6683790704519197e-07	22.51504898071289	22.51504898071289
2540	gpt2	2541	1271	13	protect	simple	unexpected	The pilots protects	1.9501457870774175e-07	1.9501457870774175e-07	22.289915084838867	22.289915084838867
2541	gpt2	2542	1271	13	protect	simple	expected	The pilots protect	1.8405402443022467e-05	1.8405402443022467e-05	15.729511260986328	15.729511260986328
2542	gpt2	2543	1272	13	protest	simple	unexpected	The pilots protests	1.5926777905406198e-06	1.5926777905406198e-06	19.260114669799805	19.260114669799805
2543	gpt2	2544	1272	13	protest	simple	expected	The pilots protest	1.859864642028697e-05	1.859864642028697e-05	15.71444320678711	15.71444320678711
2544	gpt2	2545	1273	14	prove	simple	unexpected	The consultant prove	7.033401629996661e-07	7.033401629996661e-07	20.43927383422852	20.43927383422852
2545	gpt2	2546	1273	14	prove	simple	expected	The consultant proves	2.561421933933161e-05	2.561421933933161e-05	15.252695083618164	15.252695083618164
2546	gpt2	2547	1274	14	provide	simple	unexpected	The consultant provide	2.174331712012645e-05	2.174331712012645e-05	15.489068031311035	15.489068031311035
2547	gpt2	2548	1274	14	provide	simple	expected	The consultant provides	0.0005664734053425	0.0005664734053425	10.785703659057615	10.785703659057615
2548	gpt2	2549	1275	14	provoke	simple	unexpected	The consultant provoke	1.6727019769291473e-08	1.6727019769291473e-08	25.83324432373047	25.83324432373047
2549	gpt2	2550	1275	14	provoke	simple	expected	The consultant provokes	0.03984898288149448	0.03984898288149448	10.51378333568573	10.51378333568573
2550	gpt2	2551	1276	14	prune	simple	unexpected	The consultant prune	0.00037372146789489073	0.00037372146789489073	13.258173942565918	13.258173942565918
2551	gpt2	2552	1276	14	prune	simple	expected	The consultant prunes	0.0006082564318603407	0.0006082564318603407	12.901446342468262	12.901446342468262
2552	gpt2	2553	1277	14	publicize	simple	unexpected	The consultant publicize	0.0003172893848386	0.0003172893848386	11.944404602050781	11.944404602050781
2553	gpt2	2554	1277	14	publicize	simple	expected	The consultant publicizes	0.00132441145979095	0.00132441145979095	10.788268089294434	10.788268089294434
2554	gpt2	2555	1278	14	publish	simple	unexpected	The consultant publish	9.401935585628962e-07	9.401935585628962e-07	20.020538330078125	20.020538330078125
2555	gpt2	2556	1278	14	publish	simple	expected	The consultant publishes	9.896883966575842e-06	9.896883966575842e-06	16.62459373474121	16.62459373474121
2556	gpt2	2557	1279	14	pull	simple	unexpected	The consultant pull	6.428363121813163e-07	6.428363121813163e-07	20.56904602050781	20.56904602050781
2557	gpt2	2558	1279	14	pull	simple	expected	The consultant pulls	1.815959876694251e-05	1.815959876694251e-05	15.748908042907717	15.748908042907717
2558	gpt2	2559	1280	14	pummel	simple	unexpected	The consultant pummel	0.004709480783882689	0.004709480783882689	9.32075802485148	9.32075802485148
2559	gpt2	2560	1280	14	pummel	simple	expected	The consultant pummels	0.04969649496827816	0.04969649496827816	7.925957600275676	7.925957600275676
2560	gpt2	2561	1281	14	pump	simple	unexpected	The consultant pump	8.990094784167013e-07	8.990094784167013e-07	20.085161209106445	20.085161209106445
2561	gpt2	2562	1281	14	pump	simple	expected	The consultant pumps	7.498679224227089e-07	7.498679224227089e-07	20.34686088562012	20.34686088562012
2562	gpt2	2563	1282	14	punch	simple	unexpected	The consultant punch	4.0009737745094753e-07	4.0009737745094753e-07	21.253145217895508	21.253145217895508
2563	gpt2	2564	1282	14	punch	simple	expected	The consultant punches	7.93433628132334e-07	7.93433628132334e-07	20.2653865814209	20.2653865814209
2564	gpt2	2565	1283	14	punish	simple	unexpected	The consultant punish	3.3677152178057664e-09	3.3677152178057664e-09	28.14558219909668	28.14558219909668
2565	gpt2	2566	1283	14	punish	simple	expected	The consultant punishes	0.19710419328464468	0.19710419328464468	10.356795012950897	10.356795012950897
2566	gpt2	2567	1284	14	purchase	simple	unexpected	The consultant purchase	1.6926146599871572e-06	1.6926146599871572e-06	19.17231559753418	19.17231559753418
2567	gpt2	2568	1284	14	purchase	simple	expected	The consultant purchases	2.746630343608558e-06	2.746630343608558e-06	18.47390556335449	18.47390556335449
2568	gpt2	2569	1285	14	pursue	simple	unexpected	The consultant pursue	1.5872939229666374e-07	1.5872939229666374e-07	22.58692741394043	22.58692741394043
2569	gpt2	2570	1285	14	pursue	simple	expected	The consultant pursues	0.43855586267000035	0.43855586267000035	9.041662968695164	9.041662968695164
2570	gpt2	2571	1286	14	push	simple	unexpected	The consultant push	2.646168923092773e-06	2.646168923092773e-06	18.527664184570312	18.527664184570312
2571	gpt2	2572	1286	14	push	simple	expected	The consultant pushes	4.8723995860200375e-06	4.8723995860200375e-06	17.646936416625977	17.646936416625977
2572	gpt2	2573	1287	14	put	simple	unexpected	The consultant put	0.0006428786437027	0.0006428786437027	10.60316562652588	10.60316562652588
2573	gpt2	2574	1287	14	put	simple	expected	The consultant puts	0.0001727251801639	0.0001727251801639	12.499234199523926	12.499234199523926
2574	gpt2	2575	1288	14	puzzle	simple	unexpected	The consultant puzzle	1.4828154917267966e-06	1.4828154917267966e-06	19.363229751586918	19.363229751586918
2575	gpt2	2576	1288	14	puzzle	simple	expected	The consultant puzzles	5.624956429528538e-07	5.624956429528538e-07	20.761653900146484	20.761653900146484
2576	gpt2	2577	1289	14	qualify	simple	unexpected	The consultant qualify	4.3737550470268616e-08	4.3737550470268616e-08	24.446552276611328	24.446552276611328
2577	gpt2	2578	1289	14	qualify	simple	expected	The consultant qualifies	4.336115125624929e-06	4.336115125624929e-06	17.81516456604004	17.81516456604004
2578	gpt2	2579	1290	14	quantify	simple	unexpected	The consultant quantify	1.1047248449358449e-07	1.1047248449358449e-07	23.10980987548828	23.10980987548828
2579	gpt2	2580	1290	14	quantify	simple	expected	The consultant quantifies	0.2493525222732842	0.2493525222732842	9.207501649856567	9.207501649856567
2580	gpt2	2581	1291	14	quarrel	simple	unexpected	The consultant quarrel	1.092862831342245e-07	1.092862831342245e-07	23.125383377075195	23.125383377075195
2581	gpt2	2582	1291	14	quarrel	simple	expected	The consultant quarrels	0.41126641134976083	0.41126641134976083	11.703619211912155	11.703619211912155
2582	gpt2	2583	1292	14	quell	simple	unexpected	The consultant quell	0.0018139687472284807	0.0018139687472284807	11.314989566802979	11.314989566802979
2583	gpt2	2584	1292	14	quell	simple	expected	The consultant quells	0.0005478144030348306	0.0005478144030348306	12.19895315170288	12.19895315170288
2584	gpt2	2585	1293	14	question	simple	unexpected	The consultant question	9.080406016437335e-05	9.080406016437335e-05	13.426883697509766	13.426883697509766
2585	gpt2	2586	1293	14	question	simple	expected	The consultant questions	0.0001327465724898	0.0001327465724898	12.879037857055664	12.879037857055664
2586	gpt2	2587	1294	14	quiet	simple	unexpected	The consultant quiet	9.9524186225608e-07	9.9524186225608e-07	19.93844985961914	19.93844985961914
2587	gpt2	2588	1294	14	quiet	simple	expected	The consultant quiets	0.0016885838576854307	0.0016885838576854307	11.367300033569336	11.367300033569336
2588	gpt2	2589	1295	14	quit	simple	unexpected	The consultant quit	2.532952203182504e-05	2.532952203182504e-05	15.268820762634276	15.268820762634276
2589	gpt2	2590	1295	14	quit	simple	expected	The consultant quits	0.02474348047871898	0.02474348047871898	9.422107219696045	9.422107219696045
2590	gpt2	2591	1296	14	quiz	simple	unexpected	The consultant quiz	1.4792449292144738e-06	1.4792449292144738e-06	19.36670684814453	19.36670684814453
2591	gpt2	2592	1296	14	quiz	simple	expected	The consultant quizes	7.130547055567149e-05	7.130547055567149e-05	13.899561405181885	13.899561405181885
2592	gpt2	2593	1297	14	quote	simple	unexpected	The consultant quote	1.0032738828158472e-05	1.0032738828158472e-05	16.60492515563965	16.60492515563965
2593	gpt2	2594	1297	14	quote	simple	expected	The consultant quotes	5.427331416285597e-05	5.427331416285597e-05	14.169397354125977	14.169397354125977
2594	gpt2	2595	1298	14	rage	simple	unexpected	The consultant rage	1.0066541733522173e-07	1.0066541733522173e-07	23.24392890930176	23.24392890930176
2595	gpt2	2596	1298	14	rage	simple	expected	The consultant rages	0.004175865591605515	0.004175865591605515	10.792318344116211	10.792318344116211
2596	gpt2	2597	1299	14	raid	simple	unexpected	The consultant raid	4.145937566590874e-07	4.145937566590874e-07	21.20179748535156	21.20179748535156
2597	gpt2	2598	1299	14	raid	simple	expected	The consultant raids	2.1841721320470242e-07	2.1841721320470242e-07	22.12640953063965	22.12640953063965
2598	gpt2	2599	1300	14	rain	simple	unexpected	The consultant rain	4.203747039355221e-07	4.203747039355221e-07	21.181819915771484	21.181819915771484
2599	gpt2	2600	1300	14	rain	simple	expected	The consultant rains	1.494849470873305e-07	1.494849470873305e-07	22.67349624633789	22.67349624633789
2600	gpt2	2601	1301	14	raise	simple	unexpected	The consultant raise	1.8504550780562568e-06	1.8504550780562568e-06	19.04368782043457	19.04368782043457
2601	gpt2	2602	1301	14	raise	simple	expected	The consultant raises	5.278440949041397e-05	5.278440949041397e-05	14.209528923034668	14.209528923034668
2602	gpt2	2603	1302	14	rally	simple	unexpected	The consultant rally	1.5848685279706842e-06	1.5848685279706842e-06	19.2672061920166	19.2672061920166
2603	gpt2	2604	1302	14	rally	simple	expected	The consultant rallies	8.283643069262325e-07	8.283643069262325e-07	20.20323181152344	20.20323181152344
2604	gpt2	2605	1303	14	ramp	simple	unexpected	The consultant ramp	8.810965255179326e-07	8.810965255179326e-07	20.11419677734375	20.11419677734375
2605	gpt2	2606	1303	14	ramp	simple	expected	The consultant ramps	1.8795442713326338e-07	1.8795442713326338e-07	22.34311294555664	22.34311294555664
2606	gpt2	2607	1304	14	range	simple	unexpected	The consultant range	3.5578104871092364e-05	3.5578104871092364e-05	14.778651237487791	14.778651237487791
2607	gpt2	2608	1304	14	range	simple	expected	The consultant ranges	5.464744390337728e-06	5.464744390337728e-06	17.481414794921875	17.481414794921875
2608	gpt2	2609	1305	14	rank	simple	unexpected	The consultant rank	4.2486153688514605e-06	4.2486153688514605e-06	17.844575881958008	17.844575881958008
2609	gpt2	2610	1305	14	rank	simple	expected	The consultant ranks	1.7074469724320807e-05	1.7074469724320807e-05	15.83780002593994	15.83780002593994
2610	gpt2	2611	1306	14	ratify	simple	unexpected	The consultant ratify	0.0005637262124764535	0.0005637262124764535	13.381224155426025	13.381224155426025
2611	gpt2	2612	1306	14	ratify	simple	expected	The consultant ratifies	0.025487182812412353	0.025487182812412353	10.626981019973755	10.626981019973755
2612	gpt2	2613	1307	14	rationalize	simple	unexpected	The consultant rationalize	0.002571186877958079	0.002571186877958079	12.270905494689941	12.270905494689941
2613	gpt2	2614	1307	14	rationalize	simple	expected	The consultant rationalizes	0.1668238277902674	0.1668238277902674	9.259929656982422	9.259929656982422
2614	gpt2	2615	1308	14	rattle	simple	unexpected	The consultant rattle	0.0012305314066907156	0.0012305314066907156	11.681702613830566	11.681702613830566
2615	gpt2	2616	1308	14	rattle	simple	expected	The consultant rattles	0.4120274165079536	0.4120274165079536	9.576411932706835	9.576411932706835
2616	gpt2	2617	1309	14	rat	simple	unexpected	The consultant rat	7.845762411307078e-06	7.845762411307078e-06	16.95965576171875	16.95965576171875
2617	gpt2	2618	1309	14	rat	simple	expected	The consultant rats	2.160283884222736e-06	2.160283884222736e-06	18.82034683227539	18.82034683227539
2618	gpt2	2619	1310	14	rave	simple	unexpected	The consultant rave	2.99206760701054e-07	2.99206760701054e-07	21.67235374450684	21.67235374450684
2619	gpt2	2620	1310	14	rave	simple	expected	The consultant raves	0.019454700441201567	0.019454700441201567	9.679731130599976	9.679731130599976
2620	gpt2	2621	1311	14	reach	simple	unexpected	The consultant reach	6.07632330229535e-07	6.07632330229535e-07	20.650297164916992	20.650297164916992
2621	gpt2	2622	1311	14	reach	simple	expected	The consultant reaches	7.306975476240041e-06	7.306975476240041e-06	17.062294006347656	17.062294006347656
2622	gpt2	2623	1312	14	react	simple	unexpected	The consultant react	7.427562991324521e-07	7.427562991324521e-07	20.3606071472168	20.3606071472168
2623	gpt2	2624	1312	14	react	simple	expected	The consultant reacts	5.232428975432413e-06	5.232428975432413e-06	17.54408836364746	17.54408836364746
2624	gpt2	2625	1313	14	readmit	simple	unexpected	The consultant readmit	6.91728282617966e-05	6.91728282617966e-05	14.119043827056885	14.119043827056885
2625	gpt2	2626	1313	14	readmit	simple	expected	The consultant readmits	5.561007264986772e-05	5.561007264986772e-05	16.153127670288086	16.153127670288086
2626	gpt2	2627	1314	14	read	simple	unexpected	The consultant read	0.0001095005281968	0.0001095005281968	13.156774520874023	13.156774520874023
2627	gpt2	2628	1314	14	read	simple	expected	The consultant reads	7.509507122449577e-05	7.509507122449577e-05	13.700922012329102	13.700922012329102
2628	gpt2	2629	1315	14	reaffirm	simple	unexpected	The consultant reaffirm	0.0013865341561540606	0.0013865341561540606	12.065861701965332	12.065861701965332
2629	gpt2	2630	1315	14	reaffirm	simple	expected	The consultant reaffirms	0.03742867728124111	0.03742867728124111	9.683599352836609	9.683599352836609
2630	gpt2	2631	1316	14	realign	simple	unexpected	The consultant realign	0.008756795454246416	0.008756795454246416	9.943699836730959	9.943699836730959
2631	gpt2	2632	1316	14	realign	simple	expected	The consultant realigns	0.2867853899321441	0.2867853899321441	6.711354871590934	6.711354871590934
2632	gpt2	2633	1317	14	realize	simple	unexpected	The consultant realize	8.28010456643824e-07	8.28010456643824e-07	20.20384788513184	20.20384788513184
2633	gpt2	2634	1317	14	realize	simple	expected	The consultant realizes	1.576397698954679e-05	1.576397698954679e-05	15.953008651733398	15.953008651733398
2634	gpt2	2635	1318	14	reappraise	simple	unexpected	The consultant reappraise	6.121481374065835e-05	6.121481374065835e-05	14.61680269241333	14.61680269241333
2635	gpt2	2636	1318	14	reappraise	simple	expected	The consultant reappraises	0.04435199081459964	0.04435199081459964	7.960796038309733	7.960796038309733
2636	gpt2	2637	1319	14	reap	simple	unexpected	The consultant reap	3.526228553596411e-08	3.526228553596411e-08	24.757299423217773	24.757299423217773
2637	gpt2	2638	1319	14	reap	simple	expected	The consultant reaps	0.0009448413075005891	0.0009448413075005891	11.330891132354736	11.330891132354736
2638	gpt2	2639	1320	14	rearm	simple	unexpected	The consultant rearm	6.57753935229266e-05	6.57753935229266e-05	13.946056842803955	13.946056842803955
2639	gpt2	2640	1320	14	rearm	simple	expected	The consultant rearms	3.691302470087976e-05	3.691302470087976e-05	16.02282190322876	16.02282190322876
2640	gpt2	2641	1321	14	rearrange	simple	unexpected	The consultant rearrange	0.0007891471082643546	0.0007891471082643546	14.636319160461426	14.636319160461426
2641	gpt2	2642	1321	14	rearrange	simple	expected	The consultant rearranges	0.015247409062396855	0.015247409062396855	12.49983263015747	12.49983263015747
2642	gpt2	2643	1322	14	reason	simple	unexpected	The consultant reason	1.1606082807702478e-05	1.1606082807702478e-05	16.394760131835938	16.394760131835938
2643	gpt2	2644	1322	14	reason	simple	expected	The consultant reasons	9.871620932244696e-06	9.871620932244696e-06	16.628280639648438	16.628280639648438
2644	gpt2	2645	1323	14	reassert	simple	unexpected	The consultant reassert	0.05185589713255464	0.05185589713255464	9.777469873428345	9.777469873428345
2645	gpt2	2646	1323	14	reassert	simple	expected	The consultant reasserts	0.1726313367313802	0.1726313367313802	6.942200740178426	6.942200740178426
2646	gpt2	2647	1324	14	reassess	simple	unexpected	The consultant reassess	0.007261657223352786	0.007261657223352786	11.196073532104492	11.196073532104492
2647	gpt2	2648	1324	14	reassess	simple	expected	The consultant reassesses	0.009998552102842936	0.009998552102842936	10.965193033218384	10.965193033218384
2648	gpt2	2649	1325	14	reassume	simple	unexpected	The consultant reassume	0.00015501507186853588	0.00015501507186853588	14.00009536743164	14.00009536743164
2649	gpt2	2650	1325	14	reassume	simple	expected	The consultant reassumes	0.0006694034764222859	0.0006694034764222859	12.921904563903809	12.921904563903809
2650	gpt2	2651	1326	14	reassure	simple	unexpected	The consultant reassure	1.784615335509443e-07	1.784615335509443e-07	22.417882919311523	22.417882919311523
2651	gpt2	2652	1326	14	reassure	simple	expected	The consultant reassures	0.20072439459363522	0.20072439459363522	8.801087319850922	8.801087319850922
2652	gpt2	2653	1327	14	reauthorize	simple	unexpected	The consultant reauthorize	0.002055332649130493	0.002055332649130493	10.648382186889648	10.648382186889648
2653	gpt2	2654	1327	14	reauthorize	simple	expected	The consultant reauthorizes	0.07863867869067083	0.07863867869067083	8.847383658091227	8.847383658091227
2654	gpt2	2655	1328	14	rebound	simple	unexpected	The consultant rebound	5.3729603877172856e-08	5.3729603877172856e-08	24.149707794189453	24.149707794189453
2655	gpt2	2656	1328	14	rebound	simple	expected	The consultant rebounds	4.855605197917612e-07	4.855605197917612e-07	20.973846435546875	20.973846435546875
2656	gpt2	2657	1329	14	rebuild	simple	unexpected	The consultant rebuild	1.523490482213674e-06	1.523490482213674e-06	19.324188232421875	19.324188232421875
2657	gpt2	2658	1329	14	rebuild	simple	expected	The consultant rebuilds	0.40817322015550417	0.40817322015550417	9.808468729257584	9.808468729257584
2658	gpt2	2659	1330	14	rebut	simple	unexpected	The consultant rebut	0.08194962525612934	0.08194962525612934	9.164538621902466	9.164538621902466
2659	gpt2	2660	1330	14	rebut	simple	expected	The consultant rebuts	0.08880620086438284	0.08880620086438284	9.106570839881897	9.106570839881897
2660	gpt2	2661	1331	14	recall	simple	unexpected	The consultant recall	2.8269939775782404e-06	2.8269939775782404e-06	18.432300567626957	18.432300567626957
2661	gpt2	2662	1331	14	recall	simple	expected	The consultant recalls	6.464962643804029e-05	6.464962643804029e-05	13.916998863220217	13.916998863220217
2662	gpt2	2663	1332	14	recapture	simple	unexpected	The consultant recapture	0.007866355571479708	0.007866355571479708	14.02980661392212	14.02980661392212
2663	gpt2	2664	1332	14	recapture	simple	expected	The consultant recaptures	0.14496151542249436	0.14496151542249436	11.92788153886795	11.92788153886795
2664	gpt2	2665	1333	14	receive	simple	unexpected	The consultant receive	1.0962078249576734e-06	1.0962078249576734e-06	19.799047470092773	19.799047470092773
2665	gpt2	2666	1333	14	receive	simple	expected	The consultant receives	6.149549881229177e-05	6.149549881229177e-05	13.98915958404541	13.98915958404541
2666	gpt2	2667	1334	14	reckon	simple	unexpected	The consultant reckon	1.301878228332498e-06	1.301878228332498e-06	19.550973892211918	19.550973892211918
2667	gpt2	2668	1334	14	reckon	simple	expected	The consultant reckons	0.4994414203520136	0.4994414203520136	7.123251901532058	7.123251901532058
2668	gpt2	2669	1335	14	reclaim	simple	unexpected	The consultant reclaim	2.784618970963493e-07	2.784618970963493e-07	21.77601623535156	21.77601623535156
2669	gpt2	2670	1335	14	reclaim	simple	expected	The consultant reclaims	0.4422930083219825	0.4422930083219825	10.97647116333246	10.97647116333246
2670	gpt2	2671	1336	14	recognize	simple	unexpected	The consultant recognize	9.36771016313287e-07	9.36771016313287e-07	20.02580070495605	20.02580070495605
2671	gpt2	2672	1336	14	recognize	simple	expected	The consultant recognizes	2.261499139422085e-05	2.261499139422085e-05	15.432360649108888	15.432360649108888
2672	gpt2	2673	1337	14	recommend	simple	unexpected	The consultant recommend	4.286728290026076e-05	4.286728290026076e-05	14.509763717651367	14.509763717651367
2673	gpt2	2674	1337	14	recommend	simple	expected	The consultant recommends	0.0004001573252025	0.0004001573252025	11.287144660949709	11.287144660949709
2674	gpt2	2675	1338	14	reconcile	simple	unexpected	The consultant reconcile	1.364881825338671e-07	1.364881825338671e-07	22.80471992492676	22.80471992492676
2675	gpt2	2676	1338	14	reconcile	simple	expected	The consultant reconciles	0.13662960818510328	0.13662960818510328	9.931377828121185	9.931377828121185
2676	gpt2	2677	1339	14	reconnect	simple	unexpected	The consultant reconnect	9.380369192513172e-07	9.380369192513172e-07	20.02385139465332	20.02385139465332
2677	gpt2	2678	1339	14	reconnect	simple	expected	The consultant reconnects	0.13217622749948532	0.13217622749948532	10.97166097164154	10.97166097164154
2678	gpt2	2679	1340	14	reconsider	simple	unexpected	The consultant reconsider	1.3518962305170137e-07	1.3518962305170137e-07	22.818511962890625	22.818511962890625
2679	gpt2	2680	1340	14	reconsider	simple	expected	The consultant reconsiders	0.06731877788226368	0.06731877788226368	11.662729263305664	11.662729263305664
2680	gpt2	2681	1341	14	reconstruct	simple	unexpected	The consultant reconstruct	2.4421581201750087e-06	2.4421581201750087e-06	18.64341163635254	18.64341163635254
2681	gpt2	2682	1341	14	reconstruct	simple	expected	The consultant reconstructs	0.4600887588445631	0.4600887588445631	9.381715647876263	9.381715647876263
2682	gpt2	2683	1342	14	record	simple	unexpected	The consultant record	5.362341835279949e-05	5.362341835279949e-05	14.186777114868164	14.186777114868164
2683	gpt2	2684	1342	14	record	simple	expected	The consultant records	0.0001608440943527	0.0001608440943527	12.602048873901367	12.602048873901367
2684	gpt2	2685	1343	14	recoup	simple	unexpected	The consultant recoup	0.00029297757828317025	0.00029297757828317025	12.956340789794922	12.956340789794922
2685	gpt2	2686	1343	14	recoup	simple	expected	The consultant recoups	0.054776229836230976	0.054776229836230976	8.207272132237753	8.207272132237753
2686	gpt2	2687	1344	14	recover	simple	unexpected	The consultant recover	3.414807281387766e-07	3.414807281387766e-07	21.481693267822266	21.481693267822266
2687	gpt2	2688	1344	14	recover	simple	expected	The consultant recovers	6.2464118855132256e-06	6.2464118855132256e-06	17.28853988647461	17.28853988647461
2688	gpt2	2689	1345	14	recraft	simple	unexpected	The consultant recraft	0.00011788886877182028	0.00011788886877182028	13.669752597808838	13.669752597808838
2689	gpt2	2690	1345	14	recraft	simple	expected	The consultant recrafts	0.19474766043883088	0.19474766043883088	9.37181568145752	9.37181568145752
2690	gpt2	2691	1346	14	recreate	simple	unexpected	The consultant recreate	4.4648199803987154e-08	4.4648199803987154e-08	24.41682243347168	24.41682243347168
2691	gpt2	2692	1346	14	recreate	simple	expected	The consultant recreates	0.33585576241481857	0.33585576241481857	7.34578873188002	7.34578873188002
2692	gpt2	2693	1347	14	recycle	simple	unexpected	The consultant recycle	2.7531523727475363e-08	2.7531523727475363e-08	25.11433982849121	25.11433982849121
2693	gpt2	2694	1347	14	recycle	simple	expected	The consultant recycles	0.48192780095064336	0.48192780095064336	9.745407685637476	9.745407685637476
2694	gpt2	2695	1348	14	redden	simple	unexpected	The consultant redden	5.4607653510174714e-05	5.4607653510174714e-05	14.396172523498535	14.396172523498535
2695	gpt2	2696	1348	14	redden	simple	expected	The consultant reddens	0.0016213157668403103	0.0016213157668403103	14.801108360290527	14.801108360290527
2696	gpt2	2697	1349	14	redeem	simple	unexpected	The consultant redeem	4.068895265163519e-08	4.068895265163519e-08	24.5507869720459	24.5507869720459
2697	gpt2	2698	1349	14	redeem	simple	expected	The consultant redeems	0.14259613334540688	0.14259613334540688	11.526507198810576	11.526507198810576
2698	gpt2	2699	1350	14	redefine	simple	unexpected	The consultant redefine	0.024316863925605465	0.024316863925605465	11.991467952728271	11.991467952728271
2699	gpt2	2700	1350	14	redefine	simple	expected	The consultant redefines	0.4409818591786916	0.4409818591786916	9.901105552911758	9.901105552911758
2700	gpt2	2701	1351	14	redesign	simple	unexpected	The consultant redesign	3.327634658489842e-06	3.327634658489842e-06	18.197071075439453	18.197071075439453
2701	gpt2	2702	1351	14	redesign	simple	expected	The consultant redesigns	0.1904280581607054	0.1904280581607054	9.794882833957672	9.794882833957672
2702	gpt2	2703	1352	14	redevelop	simple	unexpected	The consultant redevelop	3.450950316619128e-07	3.450950316619128e-07	21.466503143310547	21.466503143310547
2703	gpt2	2704	1352	14	redevelop	simple	expected	The consultant redevelops	0.08572546511095423	0.08572546511095423	12.005319237709045	12.005319237709045
2704	gpt2	2705	1353	14	redial	simple	unexpected	The consultant redial	0.0004444393298399174	0.0004444393298399174	12.886495590209963	12.886495590209963
2705	gpt2	2706	1353	14	redial	simple	expected	The consultant redials	1.1929639867958029e-05	1.1929639867958029e-05	16.807744026184082	16.807744026184082
2706	gpt2	2707	1354	14	rediscover	simple	unexpected	The consultant rediscover	0.0009892727566693674	0.0009892727566693674	12.300183773040771	12.300183773040771
2707	gpt2	2708	1354	14	rediscover	simple	expected	The consultant rediscovers	0.33157145862727094	0.33157145862727094	7.1761262354751425	7.1761262354751425
2708	gpt2	2709	1355	14	redound	simple	unexpected	The consultant redound	0.0003532347354848674	0.0003532347354848674	13.05649185180664	13.05649185180664
2709	gpt2	2710	1355	14	redound	simple	expected	The consultant redounds	0.0008387292937186174	0.0008387292937186174	12.42059326171875	12.42059326171875
2710	gpt2	2711	1356	14	redo	simple	unexpected	The consultant redo	0.031737965679894814	0.031737965679894814	9.791206955909729	9.791206955909729
2711	gpt2	2712	1356	14	redo	simple	expected	The consultant redoes	0.0006213165206645174	0.0006213165206645174	12.640095710754395	12.640095710754395
2712	gpt2	2713	1357	14	redraw	simple	unexpected	The consultant redraw	0.019131648502479916	0.019131648502479916	10.156481504440308	10.156481504440308
2713	gpt2	2714	1357	14	redraw	simple	expected	The consultant redraws	0.19212859071740238	0.19212859071740238	7.06898554166158	7.06898554166158
2714	gpt2	2715	1358	14	reduce	simple	unexpected	The consultant reduce	3.292794019671419e-07	3.292794019671419e-07	21.534183502197266	21.534183502197266
2715	gpt2	2716	1358	14	reduce	simple	expected	The consultant reduces	8.557984074286651e-06	8.557984074286651e-06	16.83429718017578	16.83429718017578
2716	gpt2	2717	1359	14	re-emerge	simple	unexpected	The consultant re-emerge	0.2242846876652038	0.2242846876652038	7.352929711341859	7.352929711341859
2717	gpt2	2718	1359	14	re-emerge	simple	expected	The consultant re-emerges	0.2242846876652038	0.2242846876652038	7.352929711341859	7.352929711341859
2718	gpt2	2719	1360	14	re-enter	simple	unexpected	The consultant re-enter	0.2242846876652038	0.2242846876652038	7.352929711341859	7.352929711341859
2719	gpt2	2720	1360	14	re-enter	simple	expected	The consultant re-enters	0.2242846876652038	0.2242846876652038	7.352929711341859	7.352929711341859
2720	gpt2	2721	1361	14	re-establish	simple	unexpected	The consultant re-establish	0.2242846876652038	0.2242846876652038	7.352929711341859	7.352929711341859
2721	gpt2	2722	1361	14	re-establish	simple	expected	The consultant re-establishes	0.2242846876652038	0.2242846876652038	7.352929711341859	7.352929711341859
2722	gpt2	2723	1362	14	reestablish	simple	unexpected	The consultant reestablish	5.5575568694621325e-05	5.5575568694621325e-05	14.343944549560549	14.343944549560549
2723	gpt2	2724	1362	14	reestablish	simple	expected	The consultant reestablishes	0.4873491834314336	0.4873491834314336	6.0629764961777255	6.0629764961777255
2724	gpt2	2725	1363	14	re-evaluate	simple	unexpected	The consultant re-evaluate	0.2242846876652038	0.2242846876652038	7.352929711341859	7.352929711341859
2725	gpt2	2726	1363	14	re-evaluate	simple	expected	The consultant re-evaluates	0.2242846876652038	0.2242846876652038	7.352929711341859	7.352929711341859
2726	gpt2	2727	1364	14	re-examine	simple	unexpected	The consultant re-examine	0.2242846876652038	0.2242846876652038	7.352929711341859	7.352929711341859
2727	gpt2	2728	1364	14	re-examine	simple	expected	The consultant re-examines	0.2242846876652038	0.2242846876652038	7.352929711341859	7.352929711341859
2728	gpt2	2729	1365	14	refer	simple	unexpected	The consultant refer	2.8041597488481784e-06	2.8041597488481784e-06	18.444000244140625	18.444000244140625
2729	gpt2	2730	1365	14	refer	simple	expected	The consultant refers	0.0001354081468889	0.0001354081468889	12.850398063659668	12.850398063659668
2730	gpt2	2731	1366	14	refinance	simple	unexpected	The consultant refinance	3.988761363871163e-05	3.988761363871163e-05	14.863169193267822	14.863169193267822
2731	gpt2	2732	1366	14	refinance	simple	expected	The consultant refinances	8.071472893789117e-05	8.071472893789117e-05	14.25341510772705	14.25341510772705
2732	gpt2	2733	1367	14	refine	simple	unexpected	The consultant refine	3.715584284691431e-08	3.715584284691431e-08	24.681835174560547	24.681835174560547
2733	gpt2	2734	1367	14	refine	simple	expected	The consultant refines	0.002606951492452891	0.002606951492452891	11.662369012832642	11.662369012832642
2734	gpt2	2735	1368	14	reflect	simple	unexpected	The consultant reflect	7.262869416990725e-07	7.262869416990725e-07	20.39295768737793	20.39295768737793
2735	gpt2	2736	1368	14	reflect	simple	expected	The consultant reflects	4.1098192014032975e-05	4.1098192014032975e-05	14.570565223693848	14.570565223693848
2736	gpt2	2737	1369	14	refocuses	simple	unexpected	The consultant refocuses	0.32429397878816724	0.32429397878816724	8.869094751775265	8.869094751775265
2737	gpt2	2738	1369	14	refocuses	simple	expected	The consultant refocuseses	0.24322088474332307	0.24322088474332307	11.464607642963529	11.464607642963529
2738	gpt2	2739	1370	15	refocus	simple	unexpected	The surgeons refocuses	0.11457895215911168	0.11457895215911168	8.653570373853048	8.653570373853048
2739	gpt2	2740	1370	15	refocus	simple	expected	The surgeons refocus	0.00189214176498352	0.00189214176498352	11.672782897949219	11.672782897949219
2740	gpt2	2741	1371	15	reform	simple	unexpected	The surgeons reforms	3.435202131640836e-07	3.435202131640836e-07	21.473100662231445	21.473100662231445
2741	gpt2	2742	1371	15	reform	simple	expected	The surgeons reform	5.16431282449048e-06	5.16431282449048e-06	17.562992095947266	17.562992095947266
2742	gpt2	2743	1372	15	refrain	simple	unexpected	The surgeons refrains	0.3269340292705844	0.3269340292705844	7.579856342325608	7.579856342325608
2743	gpt2	2744	1372	15	refrain	simple	expected	The surgeons refrain	1.0271951396134682e-05	1.0271951396134682e-05	16.57093048095703	16.57093048095703
2744	gpt2	2745	1373	15	refund	simple	unexpected	The surgeons refunds	5.118609536225449e-08	5.118609536225449e-08	24.21967315673828	24.21967315673828
2745	gpt2	2746	1373	15	refund	simple	expected	The surgeons refund	6.309949185379082e-06	6.309949185379082e-06	17.273941040039062	17.273941040039062
2746	gpt2	2747	1374	15	refurbish	simple	unexpected	The surgeons refurbishes	0.00018229682837042947	0.00018229682837042947	14.846356868743896	14.846356868743896
2747	gpt2	2748	1374	15	refurbish	simple	expected	The surgeons refurbish	0.03161938479252058	0.03161938479252058	11.120868444442749	11.120868444442749
2748	gpt2	2749	1375	15	refuse	simple	unexpected	The surgeons refuses	1.0754358754638815e-06	1.0754358754638815e-06	19.82664680480957	19.82664680480957
2749	gpt2	2750	1375	15	refuse	simple	expected	The surgeons refuse	7.606465806020424e-05	7.606465806020424e-05	13.682414054870604	13.682414054870604
2750	gpt2	2751	1376	15	refute	simple	unexpected	The surgeons refutes	0.00073281477671112	0.00073281477671112	12.364648818969727	12.364648818969727
2751	gpt2	2752	1376	15	refute	simple	expected	The surgeons refute	1.3926839983469108e-06	1.3926839983469108e-06	19.45370101928711	19.45370101928711
2752	gpt2	2753	1377	15	regain	simple	unexpected	The surgeons regains	0.0009366780359413965	0.0009366780359413965	11.799243927001953	11.799243927001953
2753	gpt2	2754	1377	15	regain	simple	expected	The surgeons regain	1.0630978067638353e-05	1.0630978067638353e-05	16.521366119384766	16.521366119384766
2754	gpt2	2755	1378	15	regard	simple	unexpected	The surgeons regards	2.1746694756075163e-07	2.1746694756075163e-07	22.132699966430664	22.132699966430664
2755	gpt2	2756	1378	15	regard	simple	expected	The surgeons regard	1.073620569513878e-05	1.073620569513878e-05	16.507156372070312	16.507156372070312
2756	gpt2	2757	1379	15	regenerate	simple	unexpected	The surgeons regenerates	0.002503555754856236	0.002503555754856236	13.15312361717224	13.15312361717224
2757	gpt2	2758	1379	15	regenerate	simple	expected	The surgeons regenerate	1.8559196632850217e-06	1.8559196632850217e-06	19.0394344329834	19.0394344329834
2758	gpt2	2759	1380	15	register	simple	unexpected	The surgeons registers	6.496922537735372e-07	6.496922537735372e-07	20.55373954772949	20.55373954772949
2759	gpt2	2760	1380	15	register	simple	expected	The surgeons register	6.55090479995124e-06	6.55090479995124e-06	17.219873428344727	17.219873428344727
2760	gpt2	2761	1381	15	regret	simple	unexpected	The surgeons regrets	5.991367402202741e-07	5.991367402202741e-07	20.670610427856445	20.670610427856445
2761	gpt2	2762	1381	15	regret	simple	expected	The surgeons regret	3.024281613761559e-05	3.024281613761559e-05	15.01304817199707	15.01304817199707
2762	gpt2	2763	1382	15	regroup	simple	unexpected	The surgeons regroups	0.0009340286560472965	0.0009340286560472965	11.801334857940674	11.801334857940674
2763	gpt2	2764	1382	15	regroup	simple	expected	The surgeons regroup	0.22102015210111858	0.22102015210111858	7.8413532972335815	7.8413532972335815
2764	gpt2	2765	1383	15	regulate	simple	unexpected	The surgeons regulates	2.3313793562351748e-08	2.3313793562351748e-08	25.35424041748047	25.35424041748047
2765	gpt2	2766	1383	15	regulate	simple	expected	The surgeons regulate	1.115966711040528e-06	1.115966711040528e-06	19.77327537536621	19.77327537536621
2766	gpt2	2767	1384	15	rehabilitate	simple	unexpected	The surgeons rehabilitates	0.001777428864556859	0.001777428864556859	13.258327960968018	13.258327960968018
2767	gpt2	2768	1384	15	rehabilitate	simple	expected	The surgeons rehabilitate	0.08444111639266791	0.08444111639266791	10.4727041721344	10.4727041721344
2768	gpt2	2769	1385	15	reignite	simple	unexpected	The surgeons reignites	0.001964480628004128	0.001964480628004128	15.495697021484377	15.495697021484377
2769	gpt2	2770	1385	15	reignite	simple	expected	The surgeons reignite	0.08592185379259829	0.08592185379259829	12.770272970199587	12.770272970199587
2770	gpt2	2771	1386	15	reimburse	simple	unexpected	The surgeons reimburses	0.006556887245949362	0.006556887245949362	12.722340822219849	12.722340822219849
2771	gpt2	2772	1386	15	reimburse	simple	expected	The surgeons reimburse	8.556478405807866e-07	8.556478405807866e-07	20.156478881835938	20.156478881835938
2772	gpt2	2773	1387	15	reimpose	simple	unexpected	The surgeons reimposes	0.00018135745369816936	0.00018135745369816936	14.828480243682861	14.828480243682861
2773	gpt2	2774	1387	15	reimpose	simple	expected	The surgeons reimpose	0.01443746733013992	0.01443746733013992	11.66457748413086	11.66457748413086
2774	gpt2	2775	1388	15	reinforce	simple	unexpected	The surgeons reinforces	1.530514737169142e-07	1.530514737169142e-07	22.639480590820312	22.639480590820312
2775	gpt2	2776	1388	15	reinforce	simple	expected	The surgeons reinforce	8.252989573520608e-06	8.252989573520608e-06	16.88665199279785	16.88665199279785
2776	gpt2	2777	1389	15	reinstate	simple	unexpected	The surgeons reinstates	0.001026410980841733	0.001026410980841733	14.181890964508057	14.181890964508057
2777	gpt2	2778	1389	15	reinstate	simple	expected	The surgeons reinstate	0.04592320849070573	0.04592320849070573	11.439634561538696	11.439634561538696
2778	gpt2	2779	1390	15	rein	simple	unexpected	The surgeons reins	2.2211168015928706e-07	2.2211168015928706e-07	22.10221099853516	22.10221099853516
2779	gpt2	2780	1390	15	rein	simple	expected	The surgeons rein	1.4112307553659775e-06	1.4112307553659775e-06	19.434614181518555	19.434614181518555
2780	gpt2	2781	1391	15	reinvent	simple	unexpected	The surgeons reinvents	0.05578354569073929	0.05578354569073929	9.873640219370523	9.873640219370523
2781	gpt2	2782	1391	15	reinvent	simple	expected	The surgeons reinvent	1.190598823086475e-06	1.190598823086475e-06	19.679882049560547	19.679882049560547
2782	gpt2	2783	1392	15	reinvest	simple	unexpected	The surgeons reinvests	0.05409490173061232	0.05409490173061232	11.381632169087728	11.381632169087728
2783	gpt2	2784	1392	15	reinvest	simple	expected	The surgeons reinvest	5.091273578727851e-06	5.091273578727851e-06	17.583541870117188	17.583541870117188
2784	gpt2	2785	1393	15	reinvigorate	simple	unexpected	The surgeons reinvigorates	0.23413059481040932	0.23413059481040932	8.441000558435917	8.441000558435917
2785	gpt2	2786	1393	15	reinvigorate	simple	expected	The surgeons reinvigorate	0.3237782184261562	0.3237782184261562	6.222262286115438	6.222262286115438
2786	gpt2	2787	1394	15	reject	simple	unexpected	The surgeons rejects	2.6957246745951124e-07	2.6957246745951124e-07	21.82282257080078	21.82282257080078
2787	gpt2	2788	1394	15	reject	simple	expected	The surgeons reject	2.296683305758052e-05	2.296683305758052e-05	15.410088539123535	15.410088539123535
2788	gpt2	2789	1395	15	rejoin	simple	unexpected	The surgeons rejoins	0.0004088745099579203	0.0004088745099579203	12.988525867462158	12.988525867462158
2789	gpt2	2790	1395	15	rejoin	simple	expected	The surgeons rejoin	0.0007277372060343001	0.0007277372060343001	10.573472023010254	10.573472023010254
2790	gpt2	2791	1396	15	rejuvenate	simple	unexpected	The surgeons rejuvenates	0.0003914014501447064	0.0003914014501447064	15.323830604553223	15.323830604553223
2791	gpt2	2792	1396	15	rejuvenate	simple	expected	The surgeons rejuvenate	0.014086227963673507	0.014086227963673507	12.738402843475342	12.738402843475342
2792	gpt2	2793	1397	15	rekindle	simple	unexpected	The surgeons rekindles	0.0009635581324497666	0.0009635581324497666	10.431866010030111	10.431866010030111
2793	gpt2	2794	1397	15	rekindle	simple	expected	The surgeons rekindle	0.020112120701620936	0.020112120701620936	8.09998337427775	8.09998337427775
2794	gpt2	2795	1398	15	relate	simple	unexpected	The surgeons relates	1.3829370004714292e-07	1.3829370004714292e-07	22.7857608795166	22.7857608795166
2795	gpt2	2796	1398	15	relate	simple	expected	The surgeons relate	6.813370418967679e-06	6.813370418967679e-06	17.16320037841797	17.16320037841797
2796	gpt2	2797	1399	15	relaunch	simple	unexpected	The surgeons relaunches	0.003302340199297714	0.003302340199297714	10.467702865600586	10.467702865600586
2797	gpt2	2798	1399	15	relaunch	simple	expected	The surgeons relaunch	0.0011506269765959212	0.0011506269765959212	11.203308582305908	11.203308582305908
2798	gpt2	2799	1400	15	relax	simple	unexpected	The surgeons relaxes	0.0001971706856238512	0.0001971706856238512	13.809570789337158	13.809570789337158
2799	gpt2	2800	1400	15	relax	simple	expected	The surgeons relax	1.27106131913024e-05	1.27106131913024e-05	16.263607025146484	16.263607025146484
2800	gpt2	2801	1401	15	release	simple	unexpected	The surgeons releases	2.92215599984047e-06	2.92215599984047e-06	18.38453483581543	18.38453483581543
2801	gpt2	2802	1401	15	release	simple	expected	The surgeons release	7.496484613511711e-05	7.496484613511711e-05	13.703426361083984	13.703426361083984
2802	gpt2	2803	1402	15	relieve	simple	unexpected	The surgeons relieves	0.03717978549821054	0.03717978549821054	10.616207361221313	10.616207361221313
2803	gpt2	2804	1402	15	relieve	simple	expected	The surgeons relieve	9.150432561000343e-06	9.150432561000343e-06	16.737728118896484	16.737728118896484
2804	gpt2	2805	1403	15	relinquish	simple	unexpected	The surgeons relinquishes	0.00019538990022734503	0.00019538990022734503	14.391839981079102	14.391839981079102
2805	gpt2	2806	1403	15	relinquish	simple	expected	The surgeons relinquish	0.0703436884170969	0.0703436884170969	10.135461926460266	10.135461926460266
2806	gpt2	2807	1404	15	relish	simple	unexpected	The surgeons relishes	0.0001024314660753212	0.0001024314660753212	13.285314083099365	13.285314083099365
2807	gpt2	2808	1404	15	relish	simple	expected	The surgeons relish	0.0077606388913409215	0.0077606388913409215	9.804355144500732	9.804355144500732
2808	gpt2	2809	1405	15	relocate	simple	unexpected	The surgeons relocates	0.06821848797214138	0.06821848797214138	7.00719141960144	7.00719141960144
2809	gpt2	2810	1405	15	relocate	simple	expected	The surgeons relocate	6.20681657892419e-06	6.20681657892419e-06	17.297714233398438	17.297714233398438
2810	gpt2	2811	1406	15	rely	simple	unexpected	The surgeons relies	8.44364080876403e-07	8.44364080876403e-07	20.175630569458008	20.175630569458008
2811	gpt2	2812	1406	15	rely	simple	expected	The surgeons rely	7.270499918377027e-05	7.270499918377027e-05	13.747586250305176	13.747586250305176
2812	gpt2	2813	1407	15	remake	simple	unexpected	The surgeons remakes	5.976162174192723e-05	5.976162174192723e-05	14.22512674331665	14.22512674331665
2813	gpt2	2814	1407	15	remake	simple	expected	The surgeons remake	4.086786589141411e-07	4.086786589141411e-07	21.222530364990234	21.222530364990234
2814	gpt2	2815	1408	15	remain	simple	unexpected	The surgeons remains	3.252919213991845e-06	3.252919213991845e-06	18.229833602905277	18.229833602905277
2815	gpt2	2816	1408	15	remain	simple	expected	The surgeons remain	0.000258557323832	0.000258557323832	11.917227745056152	11.917227745056152
2816	gpt2	2817	1409	15	remark	simple	unexpected	The surgeons remarks	2.5189212919940478e-06	2.5189212919940478e-06	18.59876251220703	18.59876251220703
2817	gpt2	2818	1409	15	remark	simple	expected	The surgeons remark	1.388329837936908e-05	1.388329837936908e-05	16.136289596557617	16.136289596557617
2818	gpt2	2819	1410	15	remedy	simple	unexpected	The surgeons remedies	2.324941590359231e-07	2.324941590359231e-07	22.03630256652832	22.03630256652832
2819	gpt2	2820	1410	15	remedy	simple	expected	The surgeons remedy	1.7264134157812805e-06	1.7264134157812805e-06	19.14379119873047	19.14379119873047
2820	gpt2	2821	1411	15	remember	simple	unexpected	The surgeons remembers	2.02401020032994e-06	2.02401020032994e-06	18.914352416992188	18.914352416992188
2821	gpt2	2822	1411	15	remember	simple	expected	The surgeons remember	5.775270983576775e-05	5.775270983576775e-05	14.079751968383787	14.079751968383787
2822	gpt2	2823	1412	15	remind	simple	unexpected	The surgeons reminds	4.737356675832416e-07	4.737356675832416e-07	21.00941467285156	21.00941467285156
2823	gpt2	2824	1412	15	remind	simple	expected	The surgeons remind	1.1497634659463074e-05	1.1497634659463074e-05	16.40830421447754	16.40830421447754
2824	gpt2	2825	1413	15	remove	simple	unexpected	The surgeons removes	6.710451998515055e-06	6.710451998515055e-06	17.185157775878906	17.185157775878906
2825	gpt2	2826	1413	15	remove	simple	expected	The surgeons remove	0.0006816133391112	0.0006816133391112	10.518758773803713	10.518758773803713
2826	gpt2	2827	1414	15	renege	simple	unexpected	The surgeons reneges	0.0046092171008543	0.0046092171008543	9.600199063618978	9.600199063618978
2827	gpt2	2828	1414	15	renege	simple	expected	The surgeons renege	0.011989260247598067	0.011989260247598067	7.658633550008138	7.658633550008138
2828	gpt2	2829	1415	15	renegotiate	simple	unexpected	The surgeons renegotiates	0.0004909797263507857	0.0004909797263507857	15.069081306457516	15.069081306457516
2829	gpt2	2830	1415	15	renegotiate	simple	expected	The surgeons renegotiate	0.05795046602554518	0.05795046602554518	11.626946330070494	11.626946330070494
2830	gpt2	2831	1416	15	renew	simple	unexpected	The surgeons renews	0.00397516964437727	0.00397516964437727	12.937629222869873	12.937629222869873
2831	gpt2	2832	1416	15	renew	simple	expected	The surgeons renew	2.044075472440454e-06	2.044075472440454e-06	18.90011978149414	18.90011978149414
2832	gpt2	2833	1417	15	renounce	simple	unexpected	The surgeons renounces	0.0006081599560729501	0.0006081599560729501	14.210203170776367	14.210203170776367
2833	gpt2	2834	1417	15	renounce	simple	expected	The surgeons renounce	0.05284315624089685	0.05284315624089685	10.988296747207642	10.988296747207642
2834	gpt2	2835	1418	15	renovate	simple	unexpected	The surgeons renovates	0.0006388108773762712	0.0006388108773762712	14.002315998077393	14.002315998077393
2835	gpt2	2836	1418	15	renovate	simple	expected	The surgeons renovate	0.41391622643607207	0.41391622643607207	9.330804765224455	9.330804765224455
2836	gpt2	2837	1419	15	rent	simple	unexpected	The surgeons rents	1.4353524591115274e-07	1.4353524591115274e-07	22.732091903686523	22.732091903686523
2837	gpt2	2838	1419	15	rent	simple	expected	The surgeons rent	2.762570829872857e-06	2.762570829872857e-06	18.465557098388672	18.465557098388672
2838	gpt2	2839	1420	15	reopen	simple	unexpected	The surgeons reopens	0.00034216159838245004	0.00034216159838245004	11.54480791091919	11.54480791091919
2839	gpt2	2840	1420	15	reopen	simple	expected	The surgeons reopen	4.2560932342894375e-06	4.2560932342894375e-06	17.842039108276367	17.842039108276367
2840	gpt2	2841	1421	15	reorganize	simple	unexpected	The surgeons reorganizes	0.000352229134648475	0.000352229134648475	14.786147117614744	14.786147117614744
2841	gpt2	2842	1421	15	reorganize	simple	expected	The surgeons reorganize	0.05558962106914578	0.05558962106914578	11.133252263069151	11.133252263069151
2842	gpt2	2843	1422	15	repair	simple	unexpected	The surgeons repairs	1.5693050272602704e-06	1.5693050272602704e-06	19.281442642211918	19.281442642211918
2843	gpt2	2844	1422	15	repair	simple	expected	The surgeons repair	7.606988219777122e-05	7.606988219777122e-05	13.6823148727417	13.6823148727417
2844	gpt2	2845	1423	15	repatriate	simple	unexpected	The surgeons repatriates	0.0007391878289126425	0.0007391878289126425	13.908449172973633	13.908449172973633
2845	gpt2	2846	1423	15	repatriate	simple	expected	The surgeons repatriate	0.008803325600638342	0.008803325600638342	12.120148658752441	12.120148658752441
2846	gpt2	2847	1424	15	repay	simple	unexpected	The surgeons repays	0.00021495223700182414	0.00021495223700182414	13.46526288986206	13.46526288986206
2847	gpt2	2848	1424	15	repay	simple	expected	The surgeons repay	5.211748543842987e-07	5.211748543842987e-07	20.871728897094727	20.871728897094727
2848	gpt2	2849	1425	15	repeal	simple	unexpected	The surgeons repeals	2.4238404620291476e-05	2.4238404620291476e-05	17.419416427612305	17.419416427612305
2849	gpt2	2850	1425	15	repeal	simple	expected	The surgeons repeal	4.61851584532269e-07	4.61851584532269e-07	21.04606819152832	21.04606819152832
2850	gpt2	2851	1426	15	repeat	simple	unexpected	The surgeons repeats	3.719301844284928e-07	3.719301844284928e-07	21.35846519470215	21.35846519470215
2851	gpt2	2852	1426	15	repeat	simple	expected	The surgeons repeat	7.828008529031649e-05	7.828008529031649e-05	13.640995025634766	13.640995025634766
2852	gpt2	2853	1427	15	repel	simple	unexpected	The surgeons repels	0.0005061393640062241	0.0005061393640062241	12.82853651046753	12.82853651046753
2853	gpt2	2854	1427	15	repel	simple	expected	The surgeons repel	0.005713289665436574	0.005713289665436574	11.067692756652832	11.067692756652832
2854	gpt2	2855	1428	15	replace	simple	unexpected	The surgeons replaces	2.938934358098777e-07	2.938934358098777e-07	21.698204040527344	21.698204040527344
2855	gpt2	2856	1428	15	replace	simple	expected	The surgeons replace	3.711085446411744e-05	3.711085446411744e-05	14.717799186706545	14.717799186706545
2856	gpt2	2857	1429	15	replaster	simple	unexpected	The surgeons replasters	0.00010869423954313424	0.00010869423954313424	14.878455638885498	14.878455638885498
2857	gpt2	2858	1429	15	replaster	simple	expected	The surgeons replaster	0.00043374296751603423	0.00043374296751603423	13.867059707641602	13.867059707641602
2858	gpt2	2859	1430	15	replenish	simple	unexpected	The surgeons replenishes	0.0018791828017583512	0.0018791828017583512	13.620035171508789	13.620035171508789
2859	gpt2	2860	1430	15	replenish	simple	expected	The surgeons replenish	0.18607669094967605	0.18607669094967605	10.304891765117645	10.304891765117645
2860	gpt2	2861	1431	15	replicate	simple	unexpected	The surgeons replicates	0.014937094205606584	0.014937094205606584	11.309895038604736	11.309895038604736
2861	gpt2	2862	1431	15	replicate	simple	expected	The surgeons replicate	3.419058202780434e-06	3.419058202780434e-06	18.1579704284668	18.1579704284668
2862	gpt2	2863	1432	15	reply	simple	unexpected	The surgeons replies	7.119866722860024e-07	7.119866722860024e-07	20.421646118164062	20.421646118164062
2863	gpt2	2864	1432	15	reply	simple	expected	The surgeons reply	7.979749170772266e-06	7.979749170772266e-06	16.935224533081055	16.935224533081055
2864	gpt2	2865	1433	15	repond	simple	unexpected	The surgeons reponds	1.859945223259274e-05	1.859945223259274e-05	15.714763641357422	15.714763641357422
2865	gpt2	2866	1433	15	repond	simple	expected	The surgeons repond	0.0003595766356738741	0.0003595766356738741	13.080808639526367	13.080808639526367
2866	gpt2	2867	1434	15	report	simple	unexpected	The surgeons reports	2.351129660382867e-05	2.351129660382867e-05	15.376286506652832	15.376286506652832
2867	gpt2	2868	1434	15	report	simple	expected	The surgeons report	0.0008555871318094	0.0008555871318094	10.190797805786133	10.190797805786133
2868	gpt2	2869	1435	15	reposition	simple	unexpected	The surgeons repositions	0.16156707739234358	0.16156707739234358	7.902598897616069	7.902598897616069
2869	gpt2	2870	1435	15	reposition	simple	expected	The surgeons reposition	0.23861988593489514	0.23861988593489514	8.374394953250885	8.374394953250885
2870	gpt2	2871	1436	15	repossess	simple	unexpected	The surgeons repossesses	0.003295435766631216	0.003295435766631216	10.36259094874064	10.36259094874064
2871	gpt2	2872	1436	15	repossess	simple	expected	The surgeons repossess	0.014462660108013817	0.014462660108013817	9.262817223866781	9.262817223866781
2872	gpt2	2873	1437	15	represent	simple	unexpected	The surgeons represents	8.807101039565168e-07	8.807101039565168e-07	20.114830017089844	20.114830017089844
2873	gpt2	2874	1437	15	represent	simple	expected	The surgeons represent	6.219879287527874e-05	6.219879287527874e-05	13.972753524780272	13.972753524780272
2874	gpt2	2875	1438	15	reproduce	simple	unexpected	The surgeons reproduces	0.06429602285459167	0.06429602285459167	11.056156754493712	11.056156754493712
2875	gpt2	2876	1438	15	reproduce	simple	expected	The surgeons reproduce	9.737613254401367e-06	9.737613254401367e-06	16.648000717163086	16.648000717163086
2876	gpt2	2877	1439	15	repurchase	simple	unexpected	The surgeons repurchases	0.00025615710425578274	0.00025615710425578274	12.869524955749512	12.869524955749512
2877	gpt2	2878	1439	15	repurchase	simple	expected	The surgeons repurchase	2.4199624022003263e-05	2.4199624022003263e-05	15.368376731872559	15.368376731872559
2878	gpt2	2879	1440	15	request	simple	unexpected	The surgeons requests	1.1885567801073194e-06	1.1885567801073194e-06	19.682357788085938	19.682357788085938
2879	gpt2	2880	1440	15	request	simple	expected	The surgeons request	2.1534558982239105e-05	2.1534558982239105e-05	15.502986907958984	15.502986907958984
2880	gpt2	2881	1441	15	require	simple	unexpected	The surgeons requires	2.1411760826595128e-06	2.1411760826595128e-06	18.83316421508789	18.83316421508789
2881	gpt2	2882	1441	15	require	simple	expected	The surgeons require	0.000113162343041	0.000113162343041	13.109318733215332	13.109318733215332
2882	gpt2	2883	1442	15	reschedule	simple	unexpected	The surgeons reschedules	0.02033023826273465	0.02033023826273465	10.517314751942951	10.517314751942951
2883	gpt2	2884	1442	15	reschedule	simple	expected	The surgeons reschedule	0.3103102559252875	0.3103102559252875	6.527747641007104	6.527747641007104
2884	gpt2	2885	1443	15	rescind	simple	unexpected	The surgeons rescinds	0.0006704401512251842	0.0006704401512251842	13.604115962982178	13.604115962982178
2885	gpt2	2886	1443	15	rescind	simple	expected	The surgeons rescind	4.827055818168446e-06	4.827055818168446e-06	17.660425186157227	17.660425186157227
2886	gpt2	2887	1444	15	rescue	simple	unexpected	The surgeons rescues	0.08604534589267128	0.08604534589267128	10.292789578437805	10.292789578437805
2887	gpt2	2888	1444	15	rescue	simple	expected	The surgeons rescue	9.761490218807012e-06	9.761490218807012e-06	16.644466400146484	16.644466400146484
2888	gpt2	2889	1445	15	research	simple	unexpected	The surgeons researches	0.4404204190223915	0.4404204190223915	12.090442888438702	12.090442888438702
2889	gpt2	2890	1445	15	research	simple	expected	The surgeons research	1.5183045434241649e-05	1.5183045434241649e-05	16.007179260253906	16.007179260253906
2890	gpt2	2891	1446	15	resell	simple	unexpected	The surgeons resells	0.0070384441144899805	0.0070384441144899805	9.7609011332194	9.7609011332194
2891	gpt2	2892	1446	15	resell	simple	expected	The surgeons resell	0.00827048321480102	0.00827048321480102	10.755245447158813	10.755245447158813
2892	gpt2	2893	1447	15	resemble	simple	unexpected	The surgeons resembles	9.997313554777065e-08	9.997313554777065e-08	23.253883361816406	23.253883361816406
2893	gpt2	2894	1447	15	resemble	simple	expected	The surgeons resemble	4.085432465217309e-06	4.085432465217309e-06	17.901079177856445	17.901079177856445
2894	gpt2	2895	1448	15	resent	simple	unexpected	The surgeons resents	0.0023037908176774756	0.0023037908176774756	11.258793354034424	11.258793354034424
2895	gpt2	2896	1448	15	resent	simple	expected	The surgeons resent	3.845206720143324e-06	3.845206720143324e-06	17.988508224487305	17.988508224487305
2896	gpt2	2897	1449	15	reserve	simple	unexpected	The surgeons reserves	8.820078960525279e-07	8.820078960525279e-07	20.11270523071289	20.11270523071289
2897	gpt2	2898	1449	15	reserve	simple	expected	The surgeons reserve	7.71508439356694e-06	7.71508439356694e-06	16.98388671875	16.98388671875
2898	gpt2	2899	1450	15	reset	simple	unexpected	The surgeons resets	0.0003232668896089257	0.0003232668896089257	12.71151304244995	12.71151304244995
2899	gpt2	2900	1450	15	reset	simple	expected	The surgeons reset	4.450727374205599e-06	4.450727374205599e-06	17.77752685546875	17.77752685546875
2900	gpt2	2901	1451	15	reshape	simple	unexpected	The surgeons reshapes	0.0017365268540743086	0.0017365268540743086	12.140520572662354	12.140520572662354
2901	gpt2	2902	1451	15	reshape	simple	expected	The surgeons reshape	0.1258197259267035	0.1258197259267035	9.04810482263565	9.04810482263565
2902	gpt2	2903	1452	15	reshuffle	simple	unexpected	The surgeons reshuffles	0.023850553986752204	0.023850553986752204	8.630166053771973	8.630166053771973
2903	gpt2	2904	1452	15	reshuffle	simple	expected	The surgeons reshuffle	0.010058352734631609	0.010058352734631609	10.871018886566162	10.871018886566162
2904	gpt2	2905	1453	15	reside	simple	unexpected	The surgeons resides	1.339938506816907e-07	1.339938506816907e-07	22.831329345703125	22.831329345703125
2905	gpt2	2906	1453	15	reside	simple	expected	The surgeons reside	8.164123755705077e-06	8.164123755705077e-06	16.902271270751953	16.902271270751953
2906	gpt2	2907	1454	15	resign	simple	unexpected	The surgeons resigns	0.006320725930436275	0.006320725930436275	11.521326065063477	11.521326065063477
2907	gpt2	2908	1454	15	resign	simple	expected	The surgeons resign	9.161959496850614e-06	9.161959496850614e-06	16.735912322998047	16.735912322998047
2908	gpt2	2909	1455	15	resist	simple	unexpected	The surgeons resists	9.248120136362561e-08	9.248120136362561e-08	23.36626434326172	23.36626434326172
2909	gpt2	2910	1455	15	resist	simple	expected	The surgeons resist	5.974777650408214e-06	5.974777650408214e-06	17.352684020996094	17.352684020996094
2910	gpt2	2911	1456	15	resolve	simple	unexpected	The surgeons resolves	3.209713952401217e-07	3.209713952401217e-07	21.57105255126953	21.57105255126953
2911	gpt2	2912	1456	15	resolve	simple	expected	The surgeons resolve	1.0352831850468648e-05	1.0352831850468648e-05	16.559614181518555	16.559614181518555
2912	gpt2	2913	1457	15	resort	simple	unexpected	The surgeons resorts	2.845841038379149e-07	2.845841038379149e-07	21.74464225769043	21.74464225769043
2913	gpt2	2914	1457	15	resort	simple	expected	The surgeons resort	1.0530396139074584e-05	1.0530396139074584e-05	16.535079956054688	16.535079956054688
2914	gpt2	2915	1458	15	respect	simple	unexpected	The surgeons respects	2.1081157797198105e-07	2.1081157797198105e-07	22.17754173278809	22.17754173278809
2915	gpt2	2916	1458	15	respect	simple	expected	The surgeons respect	9.854727068159264e-06	9.854727068159264e-06	16.630752563476562	16.630752563476562
2916	gpt2	2917	1459	15	respond	simple	unexpected	The surgeons responds	1.698973619568278e-06	1.698973619568278e-06	19.16690444946289	19.16690444946289
2917	gpt2	2918	1459	15	respond	simple	expected	The surgeons respond	0.0001251780922757	0.0001251780922757	12.963729858398438	12.963729858398438
2918	gpt2	2919	1460	15	restart	simple	unexpected	The surgeons restarts	0.0001007706487143566	0.0001007706487143566	13.27800178527832	13.27800178527832
2919	gpt2	2920	1460	15	restart	simple	expected	The surgeons restart	6.76029685564572e-06	6.76029685564572e-06	17.174482345581055	17.174482345581055
2920	gpt2	2921	1461	15	restate	simple	unexpected	The surgeons restates	7.886866478653766e-05	7.886866478653766e-05	13.715107440948486	13.715107440948486
2921	gpt2	2922	1461	15	restate	simple	expected	The surgeons restate	0.00139653378937505	0.00139653378937505	10.877266883850098	10.877266883850098
2922	gpt2	2923	1462	15	restore	simple	unexpected	The surgeons restores	4.873363650403917e-07	4.873363650403917e-07	20.968578338623047	20.968578338623047
2923	gpt2	2924	1462	15	restore	simple	expected	The surgeons restore	1.0188049600401428e-05	1.0188049600401428e-05	16.582761764526367	16.582761764526367
2924	gpt2	2925	1463	15	restrain	simple	unexpected	The surgeons restrains	0.2105607034488154	0.2105607034488154	8.163791497548422	8.163791497548422
2925	gpt2	2926	1463	15	restrain	simple	expected	The surgeons restrain	5.321014668879798e-06	5.321014668879798e-06	17.519866943359375	17.519866943359375
2926	gpt2	2927	1464	15	restrict	simple	unexpected	The surgeons restricts	3.3563537726877264e-08	3.3563537726877264e-08	24.82852935791016	24.82852935791016
2927	gpt2	2928	1464	15	restrict	simple	expected	The surgeons restrict	2.6491684366192203e-06	2.6491684366192203e-06	18.526029586791992	18.526029586791992
2928	gpt2	2929	1465	15	restructure	simple	unexpected	The surgeons restructures	4.6604965945107324e-05	4.6604965945107324e-05	16.704782962799072	16.704782962799072
2929	gpt2	2930	1465	15	restructure	simple	expected	The surgeons restructure	0.00104009172719085	0.00104009172719085	11.099573135375977	11.099573135375977
2930	gpt2	2931	1466	15	rest	simple	unexpected	The surgeons rests	3.151453142891114e-07	3.151453142891114e-07	21.59747886657715	21.59747886657715
2931	gpt2	2932	1466	15	rest	simple	expected	The surgeons rest	0.0001051518847816	0.0001051518847816	13.215237617492676	13.215237617492676
2932	gpt2	2933	1467	16	result	simple	unexpected	The teachers results	1.335525098511425e-06	1.335525098511425e-06	19.514162063598636	19.514162063598636
2933	gpt2	2934	1467	16	result	simple	expected	The teachers result	1.9748326849367004e-06	1.9748326849367004e-06	18.949838638305664	18.949838638305664
2934	gpt2	2935	1468	16	resume	simple	unexpected	The teachers resumes	6.558899912079141e-08	6.558899912079141e-08	23.861970901489254	23.861970901489254
2935	gpt2	2936	1468	16	resume	simple	expected	The teachers resume	2.764341843430884e-06	2.764341843430884e-06	18.46463203430176	18.46463203430176
2936	gpt2	2937	1469	16	resurrect	simple	unexpected	The teachers resurrects	0.0043328707720746585	0.0043328707720746585	14.805410146713257	14.805410146713257
2937	gpt2	2938	1469	16	resurrect	simple	expected	The teachers resurrect	1.407525758168049e-07	1.407525758168049e-07	22.76033592224121	22.76033592224121
2938	gpt2	2939	1470	16	retail	simple	unexpected	The teachers retails	6.277650572883431e-05	6.277650572883431e-05	14.11516284942627	14.11516284942627
2939	gpt2	2940	1470	16	retail	simple	expected	The teachers retail	5.430287615126872e-07	5.430287615126872e-07	20.81246757507324	20.81246757507324
2940	gpt2	2941	1471	16	retain	simple	unexpected	The teachers retains	2.54833054214032e-07	2.54833054214032e-07	21.90394401550293	21.90394401550293
2941	gpt2	2942	1471	16	retain	simple	expected	The teachers retain	1.794098352547735e-05	1.794098352547735e-05	15.76638126373291	15.76638126373291
2942	gpt2	2943	1472	16	rethink	simple	unexpected	The teachers rethinks	0.12335980113615123	0.12335980113615123	8.444525798161825	8.444525798161825
2943	gpt2	2944	1472	16	rethink	simple	expected	The teachers rethink	1.1010903335773037e-06	1.1010903335773037e-06	19.792634963989254	19.792634963989254
2944	gpt2	2945	1473	16	retire	simple	unexpected	The teachers retires	0.002551610488808317	0.002551610488808317	11.210995435714722	11.210995435714722
2945	gpt2	2946	1473	16	retire	simple	expected	The teachers retire	6.455939455918269e-06	6.455939455918269e-06	17.240942001342773	17.240942001342773
2946	gpt2	2947	1474	16	retreat	simple	unexpected	The teachers retreats	0.0037843963273189356	0.0037843963273189356	11.451952934265137	11.451952934265137
2947	gpt2	2948	1474	16	retreat	simple	expected	The teachers retreat	1.6872520063770935e-05	1.6872520063770935e-05	15.854965209960938	15.854965209960938
2948	gpt2	2949	1475	16	retrieve	simple	unexpected	The teachers retrieves	0.48446789893777925	0.48446789893777925	13.296346936374903	13.296346936374903
2949	gpt2	2950	1475	16	retrieve	simple	expected	The teachers retrieve	1.2885431033282655e-06	1.2885431033282655e-06	19.565828323364254	19.565828323364254
2950	gpt2	2951	1476	16	retrofit	simple	unexpected	The teachers retrofits	0.00021200932260965642	0.00021200932260965642	16.558515548706055	16.558515548706055
2951	gpt2	2952	1476	16	retrofit	simple	expected	The teachers retrofit	0.009478250514263207	0.009478250514263207	13.816883563995361	13.816883563995361
2952	gpt2	2953	1477	16	retry	simple	unexpected	The teachers retries	4.3132593418704346e-05	4.3132593418704346e-05	14.526242733001709	14.526242733001709
2953	gpt2	2954	1477	16	retry	simple	expected	The teachers retry	0.0009583279261278168	0.0009583279261278168	11.925760746002197	11.925760746002197
2954	gpt2	2955	1478	16	return	simple	unexpected	The teachers returns	1.0584396932245e-06	1.0584396932245e-06	19.849628448486328	19.849628448486328
2955	gpt2	2956	1478	16	return	simple	expected	The teachers return	0.0001407833915436	0.0001407833915436	12.794235229492188	12.794235229492188
2956	gpt2	2957	1479	16	reunite	simple	unexpected	The teachers reunites	0.010283526424018374	0.010283526424018374	12.093757152557373	12.093757152557373
2957	gpt2	2958	1479	16	reunite	simple	expected	The teachers reunite	0.3870576530878225	0.3870576530878225	9.476599484682083	9.476599484682083
2958	gpt2	2959	1480	16	revamp	simple	unexpected	The teachers revamps	0.0001275866407013191	0.0001275866407013191	14.240358829498291	14.240358829498291
2959	gpt2	2960	1480	16	revamp	simple	expected	The teachers revamp	0.006462196443862919	0.006462196443862919	11.378151893615723	11.378151893615723
2960	gpt2	2961	1481	16	reveal	simple	unexpected	The teachers reveals	7.047663075354649e-07	7.047663075354649e-07	20.436351776123047	20.436351776123047
2961	gpt2	2962	1481	16	reveal	simple	expected	The teachers reveal	2.157386188628152e-05	2.157386188628152e-05	15.50035572052002	15.50035572052002
2962	gpt2	2963	1482	16	reverberate	simple	unexpected	The teachers reverberates	0.0005633950489993529	0.0005633950489993529	15.803205490112305	15.803205490112305
2963	gpt2	2964	1482	16	reverberate	simple	expected	The teachers reverberate	0.025070084040095253	0.025070084040095253	13.065197706222534	13.065197706222534
2964	gpt2	2965	1483	16	reverse	simple	unexpected	The teachers reverses	0.346836648734973	0.346836648734973	12.476097106933594	12.476097106933594
2965	gpt2	2966	1483	16	reverse	simple	expected	The teachers reverse	5.80247103698639e-07	5.80247103698639e-07	20.71682929992676	20.71682929992676
2966	gpt2	2967	1484	16	review	simple	unexpected	The teachers reviews	5.0133348850067705e-06	5.0133348850067705e-06	17.605798721313477	17.605798721313477
2967	gpt2	2968	1484	16	review	simple	expected	The teachers review	4.799095040652901e-05	4.799095040652901e-05	14.346878051757812	14.346878051757812
2968	gpt2	2969	1485	16	revise	simple	unexpected	The teachers revises	0.00033540983258716913	0.00033540983258716913	13.5234055519104	13.5234055519104
2969	gpt2	2970	1485	16	revise	simple	expected	The teachers revise	1.828791937441565e-06	1.828791937441565e-06	19.060678482055664	19.060678482055664
2970	gpt2	2971	1486	16	revisit	simple	unexpected	The teachers revisits	0.002737930547937129	0.002737930547937129	13.81089186668396	13.81089186668396
2971	gpt2	2972	1486	16	revisit	simple	expected	The teachers revisit	6.12278881817474e-07	6.12278881817474e-07	20.639307022094727	20.639307022094727
2972	gpt2	2973	1487	16	revive	simple	unexpected	The teachers revives	0.0019322719626870691	0.0019322719626870691	12.250447750091553	12.250447750091553
2973	gpt2	2974	1487	16	revive	simple	expected	The teachers revive	4.23282415340509e-07	4.23282415340509e-07	21.171876907348636	21.171876907348636
2974	gpt2	2975	1488	16	revoke	simple	unexpected	The teachers revokes	0.0004957927476425191	0.0004957927476425191	13.237644672393799	13.237644672393799
2975	gpt2	2976	1488	16	revoke	simple	expected	The teachers revoke	4.203699006666284e-07	4.203699006666284e-07	21.18183708190918	21.18183708190918
2976	gpt2	2977	1489	16	revolutionize	simple	unexpected	The teachers revolutionizes	0.0021870425728138317	0.0021870425728138317	12.69337797164917	12.69337797164917
2977	gpt2	2978	1489	16	revolutionize	simple	expected	The teachers revolutionize	0.0007193130616087319	0.0007193130616087319	13.4972825050354	13.4972825050354
2978	gpt2	2979	1490	16	revolve	simple	unexpected	The teachers revolves	1.5864699776102498e-08	1.5864699776102498e-08	25.90960502624512	25.90960502624512
2979	gpt2	2980	1490	16	revolve	simple	expected	The teachers revolve	0.06986603522364017	0.06986603522364017	9.660350561141968	9.660350561141968
2980	gpt2	2981	1491	16	reward	simple	unexpected	The teachers rewards	3.287761103365483e-07	3.287761103365483e-07	21.53639030456543	21.53639030456543
2981	gpt2	2982	1491	16	reward	simple	expected	The teachers reward	2.7877877073478885e-06	2.7877877073478885e-06	18.45244789123535	18.45244789123535
2982	gpt2	2983	1492	16	rewrite	simple	unexpected	The teachers rewrites	0.12772616391400027	0.12772616391400027	8.319912354151407	8.319912354151407
2983	gpt2	2984	1492	16	rewrite	simple	expected	The teachers rewrite	9.209504696627846e-07	9.209504696627846e-07	20.050373077392575	20.050373077392575
2984	gpt2	2985	1493	16	ride	simple	unexpected	The teachers rides	2.2316480396966654e-07	2.2316480396966654e-07	22.095386505126957	22.095386505126957
2985	gpt2	2986	1493	16	ride	simple	expected	The teachers ride	7.677153007534798e-06	7.677153007534798e-06	16.990997314453125	16.990997314453125
2986	gpt2	2987	1494	16	rid	simple	unexpected	The teachers rids	7.059835843392648e-05	7.059835843392648e-05	13.861717224121094	13.861717224121094
2987	gpt2	2988	1494	16	rid	simple	expected	The teachers rid	5.258599458102253e-07	5.258599458102253e-07	20.85881805419922	20.85881805419922
2988	gpt2	2989	1495	16	ring	simple	unexpected	The teachers rings	4.608730534982897e-07	4.608730534982897e-07	21.04912757873535	21.04912757873535
2989	gpt2	2990	1495	16	ring	simple	expected	The teachers ring	1.989343218156137e-05	1.989343218156137e-05	15.617348670959473	15.617348670959473
2990	gpt2	2991	1496	16	rise	simple	unexpected	The teachers rises	3.0742015155738045e-07	3.0742015155738045e-07	21.633285522460938	21.633285522460938
2991	gpt2	2992	1496	16	rise	simple	expected	The teachers rise	2.5584435206837952e-05	2.5584435206837952e-05	15.254374504089355	15.254374504089355
2992	gpt2	2993	1497	16	risk	simple	unexpected	The teachers risks	1.5426430763909591e-06	1.5426430763909591e-06	19.3061637878418	19.3061637878418
2993	gpt2	2994	1497	16	risk	simple	expected	The teachers risk	7.233485666802153e-05	7.233485666802153e-05	13.754949569702148	13.754949569702148
2994	gpt2	2995	1498	16	rival	simple	unexpected	The teachers rivals	1.4599929443193105e-07	1.4599929443193105e-07	22.707534790039062	22.707534790039062
2995	gpt2	2996	1498	16	rival	simple	expected	The teachers rival	1.3337431710169767e-06	1.3337431710169767e-06	19.516088485717773	19.516088485717773
2996	gpt2	2997	1499	16	rock	simple	unexpected	The teachers rocks	1.7770950933027055e-07	1.7770950933027055e-07	22.423974990844727	22.423974990844727
2997	gpt2	2998	1499	16	rock	simple	expected	The teachers rock	3.773193384404294e-06	3.773193384404294e-06	18.015783309936523	18.015783309936523
2998	gpt2	2999	1500	16	roil	simple	unexpected	The teachers roils	1.5591066130582476e-05	1.5591066130582476e-05	16.03419542312622	16.03419542312622
2999	gpt2	3000	1500	16	roil	simple	expected	The teachers roil	0.00039723012423563945	0.00039723012423563945	13.394660949707031	13.394660949707031
3000	gpt2	3001	1501	16	roll	simple	unexpected	The teachers rolls	1.9165868252457585e-06	1.9165868252457585e-06	18.99302864074707	18.99302864074707
3001	gpt2	3002	1501	16	roll	simple	expected	The teachers roll	3.180392741342075e-05	3.180392741342075e-05	14.940435409545898	14.940435409545898
3002	gpt2	3003	1502	16	roost	simple	unexpected	The teachers roosts	0.008103064477533393	0.008103064477533393	9.774949550628662	9.774949550628662
3003	gpt2	3004	1502	16	roost	simple	expected	The teachers roost	0.00431421198709354	0.00431421198709354	11.664994478225708	11.664994478225708
3004	gpt2	3005	1503	16	root	simple	unexpected	The teachers roots	2.615578011955222e-07	2.615578011955222e-07	21.86636734008789	21.86636734008789
3005	gpt2	3006	1503	16	root	simple	expected	The teachers root	3.018068127857987e-06	3.018068127857987e-06	18.33794403076172	18.33794403076172
3006	gpt2	3007	1504	16	rotate	simple	unexpected	The teachers rotates	0.0036583575973736493	0.0036583575973736493	13.206773281097412	13.206773281097412
3007	gpt2	3008	1504	16	rotate	simple	expected	The teachers rotate	1.6204494386329316e-05	1.6204494386329316e-05	15.913246154785156	15.913246154785156
3008	gpt2	3009	1505	16	round	simple	unexpected	The teachers rounds	1.4847051943434053e-07	1.4847051943434053e-07	22.683320999145508	22.683320999145508
3009	gpt2	3010	1505	16	round	simple	expected	The teachers round	1.1298500794509891e-05	1.1298500794509891e-05	16.433509826660156	16.433509826660156
3010	gpt2	3011	1506	16	row	simple	unexpected	The teachers rows	5.23007145147858e-07	5.23007145147858e-07	20.86666679382324	20.86666679382324
3011	gpt2	3012	1506	16	row	simple	expected	The teachers row	1.1900318895641249e-05	1.1900318895641249e-05	16.358640670776367	16.358640670776367
3012	gpt2	3013	1507	16	rubber-stamp	simple	unexpected	The teachers rubber-stamps	0.19408830252882578	0.19408830252882578	9.909178018569946	9.909178018569946
3013	gpt2	3014	1507	16	rubber-stamp	simple	expected	The teachers rubber-stamp	0.19408830252882578	0.19408830252882578	9.909178018569946	9.909178018569946
3014	gpt2	3015	1508	16	rub	simple	unexpected	The teachers rubs	0.005881387760155086	0.005881387760155086	12.217112541198729	12.217112541198729
3015	gpt2	3016	1508	16	rub	simple	expected	The teachers rub	3.7514068935706746e-06	3.7514068935706746e-06	18.02413749694824	18.02413749694824
3016	gpt2	3017	1509	16	ruin	simple	unexpected	The teachers ruins	9.41470759130425e-08	9.41470759130425e-08	23.34050750732422	23.34050750732422
3017	gpt2	3018	1509	16	ruin	simple	expected	The teachers ruin	1.1604482779148384e-06	1.1604482779148384e-06	19.716886520385746	19.716886520385746
3018	gpt2	3019	1510	16	rule	simple	unexpected	The teachers rules	2.928494495790801e-06	2.928494495790801e-06	18.38140869140625	18.38140869140625
3019	gpt2	3020	1510	16	rule	simple	expected	The teachers rule	7.081758212734712e-06	7.081758212734712e-06	17.107460021972656	17.107460021972656
3020	gpt2	3021	1511	16	run	simple	unexpected	The teachers runs	2.043779204541352e-06	2.043779204541352e-06	18.90032958984375	18.90032958984375
3021	gpt2	3022	1511	16	run	simple	expected	The teachers run	0.0001762871397659	0.0001762871397659	12.4697847366333	12.4697847366333
3022	gpt2	3023	1512	16	rush	simple	unexpected	The teachers rushes	3.367037777479709e-07	3.367037777479709e-07	21.502016067504883	21.502016067504883
3023	gpt2	3024	1512	16	rush	simple	expected	The teachers rush	2.469853643560782e-05	2.469853643560782e-05	15.305214881896973	15.305214881896973
3024	gpt2	3025	1513	16	sabotage	simple	unexpected	The teachers sabotages	0.0003379465348416116	0.0003379465348416116	14.542263984680176	14.542263984680176
3025	gpt2	3026	1513	16	sabotage	simple	expected	The teachers sabotage	1.6559112054892466e-06	1.6559112054892466e-06	19.20394325256348	19.20394325256348
3026	gpt2	3027	1514	16	sacrifice	simple	unexpected	The teachers sacrifices	3.506083885440603e-07	3.506083885440603e-07	21.44363594055176	21.44363594055176
3027	gpt2	3028	1514	16	sacrifice	simple	expected	The teachers sacrifice	4.637036909116432e-06	4.637036909116432e-06	17.718364715576172	17.718364715576172
3028	gpt2	3029	1515	16	safeguard	simple	unexpected	The teachers safeguards	8.699942810608263e-08	8.699942810608263e-08	23.454418182373047	23.454418182373047
3029	gpt2	3030	1515	16	safeguard	simple	expected	The teachers safeguard	4.122738062051212e-07	4.122738062051212e-07	21.20989418029785	21.20989418029785
3030	gpt2	3031	1516	16	safety	simple	unexpected	The teachers safeties	0.006405167340517435	0.006405167340517435	14.011945247650146	14.011945247650146
3031	gpt2	3032	1516	16	safety	simple	expected	The teachers safety	1.4823976925981697e-05	1.4823976925981697e-05	16.04170799255371	16.04170799255371
3032	gpt2	3033	1517	16	salvage	simple	unexpected	The teachers salvages	0.000307199437486311	0.000307199437486311	14.930766582489015	14.930766582489015
3033	gpt2	3034	1517	16	salvage	simple	expected	The teachers salvage	3.016581899828452e-07	3.016581899828452e-07	21.66058158874512	21.66058158874512
3034	gpt2	3035	1518	16	sap	simple	unexpected	The teachers saps	0.00031145335947254234	0.00031145335947254234	14.317008972167969	14.317008972167969
3035	gpt2	3036	1518	16	sap	simple	expected	The teachers sap	2.881716341107677e-07	2.881716341107677e-07	21.7265682220459	21.7265682220459
3036	gpt2	3037	1519	16	satisfy	simple	unexpected	The teachers satisfies	2.7421362958079957e-08	2.7421362958079957e-08	25.12012481689453	25.12012481689453
3037	gpt2	3038	1519	16	satisfy	simple	expected	The teachers satisfy	1.2525152897069347e-06	1.2525152897069347e-06	19.60674095153809	19.60674095153809
3038	gpt2	3039	1520	16	saturate	simple	unexpected	The teachers saturates	0.005563252441547187	0.005563252441547187	14.918347120285034	14.918347120285034
3039	gpt2	3040	1520	16	saturate	simple	expected	The teachers saturate	0.451441245455257	0.451441245455257	11.747108295559883	11.747108295559883
3040	gpt2	3041	1521	16	save	simple	unexpected	The teachers saves	3.774645449539094e-07	3.774645449539094e-07	21.337156295776367	21.337156295776367
3041	gpt2	3042	1521	16	save	simple	expected	The teachers save	9.723730727273503e-06	9.723730727273503e-06	16.65005874633789	16.65005874633789
3042	gpt2	3043	1522	16	savor	simple	unexpected	The teachers savors	0.0005969622006887152	0.0005969622006887152	14.430421352386475	14.430421352386475
3043	gpt2	3044	1522	16	savor	simple	expected	The teachers savor	0.026223875321193166	0.026223875321193166	11.70085597038269	11.70085597038269
3044	gpt2	3045	1523	16	say	simple	unexpected	The teachers says	0.0001422333152731	0.0001422333152731	12.77945327758789	12.77945327758789
3045	gpt2	3046	1523	16	say	simple	expected	The teachers say	0.0108118867501616	0.0108118867501616	6.531238079071045	6.531238079071045
3046	gpt2	3047	1524	16	scale	simple	unexpected	The teachers scales	1.1590717718945599e-07	1.1590717718945599e-07	23.04052734375	23.04052734375
3047	gpt2	3048	1524	16	scale	simple	expected	The teachers scale	1.8069481484417336e-06	1.8069481484417336e-06	19.078012466430664	19.078012466430664
3048	gpt2	3049	1525	16	scan	simple	unexpected	The teachers scans	1.3459631986734166e-07	1.3459631986734166e-07	22.824857711791992	22.824857711791992
3049	gpt2	3050	1525	16	scan	simple	expected	The teachers scan	2.2777749109081924e-06	2.2777749109081924e-06	18.74394416809082	18.74394416809082
3050	gpt2	3051	1526	16	scape	simple	unexpected	The teachers scapes	5.762406954089354e-05	5.762406954089354e-05	14.867630004882812	14.867630004882812
3051	gpt2	3052	1526	16	scape	simple	expected	The teachers scape	0.00143541298530175	0.00143541298530175	10.860709190368652	10.860709190368652
3052	gpt2	3053	1527	16	scare	simple	unexpected	The teachers scares	2.0242552523086488e-08	2.0242552523086488e-08	25.558032989501957	25.558032989501957
3053	gpt2	3054	1527	16	scare	simple	expected	The teachers scare	1.2288893458389794e-06	1.2288893458389794e-06	19.63421440124512	19.63421440124512
3054	gpt2	3055	1528	16	schedule	simple	unexpected	The teachers schedules	2.8015188036079053e-06	2.8015188036079053e-06	18.44536018371582	18.44536018371582
3055	gpt2	3056	1528	16	schedule	simple	expected	The teachers schedule	1.2720703125523867e-05	1.2720703125523867e-05	16.262462615966797	16.262462615966797
3056	gpt2	3057	1529	16	school	simple	unexpected	The teachers schools	1.9848102965625003e-05	1.9848102965625003e-05	15.620638847351074	15.620638847351074
3057	gpt2	3058	1529	16	school	simple	expected	The teachers school	0.0001052979932865	0.0001052979932865	13.213233947753906	13.213233947753906
3058	gpt2	3059	1530	16	scold	simple	unexpected	The teachers scolds	0.0033725075954862	0.0033725075954862	10.229040145874023	10.229040145874023
3059	gpt2	3060	1530	16	scold	simple	expected	The teachers scold	0.030118563638097798	0.030118563638097798	8.639645338058472	8.639645338058472
3060	gpt2	3061	1531	16	scorn	simple	unexpected	The teachers scorns	0.000238464843278	0.000238464843278	12.3072509765625	12.3072509765625
3061	gpt2	3062	1531	16	scorn	simple	expected	The teachers scorn	1.0575033684290247e-06	1.0575033684290247e-06	19.850906372070312	19.850906372070312
3062	gpt2	3063	1532	16	scour	simple	unexpected	The teachers scours	0.00035433557422945	0.00035433557422945	11.958222389221191	11.958222389221191
3063	gpt2	3064	1532	16	scour	simple	expected	The teachers scour	0.01178121423072295	0.01178121423072295	9.318682432174683	9.318682432174683
3064	gpt2	3065	1533	16	scout	simple	unexpected	The teachers scouts	4.74466304467569e-07	4.74466304467569e-07	21.007190704345703	21.007190704345703
3065	gpt2	3066	1533	16	scout	simple	expected	The teachers scout	1.6182926856345148e-06	1.6182926856345148e-06	19.237096786499023	19.237096786499023
3066	gpt2	3067	1534	16	scrap	simple	unexpected	The teachers scraps	1.6217464349210786e-07	1.6217464349210786e-07	22.55594825744629	22.55594825744629
3067	gpt2	3068	1534	16	scrap	simple	expected	The teachers scrap	1.931052429426927e-05	1.931052429426927e-05	15.660253524780272	15.660253524780272
3068	gpt2	3069	1535	16	screen	simple	unexpected	The teachers screens	9.237894715852236e-08	9.237894715852236e-08	23.367860794067383	23.367860794067383
3069	gpt2	3070	1535	16	screen	simple	expected	The teachers screen	4.240599992044736e-06	4.240599992044736e-06	17.847299575805664	17.847299575805664
3070	gpt2	3071	1536	16	scrutinize	simple	unexpected	The teachers scrutinizes	0.001979480896807201	0.001979480896807201	11.933366775512695	11.933366775512695
3071	gpt2	3072	1536	16	scrutinize	simple	expected	The teachers scrutinize	0.13698852660945704	0.13698852660945704	8.873988330364227	8.873988330364227
3072	gpt2	3073	1537	16	scurry	simple	unexpected	The teachers scurries	0.02236406071703333	0.02236406071703333	9.240145921707153	9.240145921707153
3073	gpt2	3074	1537	16	scurry	simple	expected	The teachers scurry	0.02769448371327595	0.02769448371327595	8.700282335281372	8.700282335281372
3074	gpt2	3075	1538	16	scuttle	simple	unexpected	The teachers scuttles	0.004585846358774366	0.004585846358774366	10.265198548634848	10.265198548634848
3075	gpt2	3076	1538	16	scuttle	simple	expected	The teachers scuttle	0.33184293864420994	0.33184293864420994	7.224929794358711	7.224929794358711
3076	gpt2	3077	1539	16	seal	simple	unexpected	The teachers seals	7.583768990571117e-08	7.583768990571117e-08	23.65250968933105	23.65250968933105
3077	gpt2	3078	1539	16	seal	simple	expected	The teachers seal	1.3924715176472091e-06	1.3924715176472091e-06	19.453920364379883	19.453920364379883
3078	gpt2	3079	1540	16	search	simple	unexpected	The teachers searches	7.169853120103653e-07	7.169853120103653e-07	20.41155242919922	20.41155242919922
3079	gpt2	3080	1540	16	search	simple	expected	The teachers search	2.475381006661337e-05	2.475381006661337e-05	15.301989555358888	15.301989555358888
3080	gpt2	3081	1541	16	secure	simple	unexpected	The teachers secures	0.11560198670531462	0.11560198670531462	10.771397948265076	10.771397948265076
3081	gpt2	3082	1541	16	secure	simple	expected	The teachers secure	5.424720711744158e-06	5.424720711744158e-06	17.492019653320312	17.492019653320312
3082	gpt2	3083	1542	16	seduce	simple	unexpected	The teachers seduces	0.0008277823022240121	0.0008277823022240121	14.643019676208496	14.643019676208496
3083	gpt2	3084	1542	16	seduce	simple	expected	The teachers seduce	0.03569908036530476	0.03569908036530476	11.927380919456482	11.927380919456482
3084	gpt2	3085	1543	16	seek	simple	unexpected	The teachers seeks	8.359415915037971e-07	8.359415915037971e-07	20.190093994140625	20.190093994140625
3085	gpt2	3086	1543	16	seek	simple	expected	The teachers seek	5.1210976380389184e-05	5.1210976380389184e-05	14.25318717956543	14.25318717956543
3086	gpt2	3087	1544	16	seem	simple	unexpected	The teachers seems	1.1704296412062831e-05	1.1704296412062831e-05	16.38260269165039	16.38260269165039
3087	gpt2	3088	1544	16	seem	simple	expected	The teachers seem	0.0007618579547852	0.0007618579547852	10.358190536499023	10.358190536499023
3088	gpt2	3089	1545	16	see	simple	unexpected	The teachers sees	3.617090897023445e-06	3.617090897023445e-06	18.076738357543945	18.076738357543945
3089	gpt2	3090	1545	16	see	simple	expected	The teachers see	0.0003612489090301	0.0003612489090301	11.43471908569336	11.43471908569336
3090	gpt2	3091	1546	16	segregate	simple	unexpected	The teachers segregates	0.0025057673469745943	0.0025057673469745943	13.962909936904907	13.962909936904907
3091	gpt2	3092	1546	16	segregate	simple	expected	The teachers segregate	0.4840239325553739	0.4840239325553739	10.165956845507026	10.165956845507026
3092	gpt2	3093	1547	16	seize	simple	unexpected	The teachers seizes	0.0042765919765769935	0.0042765919765769935	12.328734874725342	12.328734874725342
3093	gpt2	3094	1547	16	seize	simple	expected	The teachers seize	4.582349447446177e-06	4.582349447446177e-06	17.73548126220703	17.73548126220703
3094	gpt2	3095	1548	16	select	simple	unexpected	The teachers selects	2.736317412654899e-07	2.736317412654899e-07	21.80126190185547	21.80126190185547
3095	gpt2	3096	1548	16	select	simple	expected	The teachers select	2.4346807549591176e-05	2.4346807549591176e-05	15.325907707214355	15.325907707214355
3096	gpt2	3097	1549	16	self-reinsure	simple	unexpected	The teachers self-reinsures	0.4609080489735789	0.4609080489735789	7.254367705434562	7.254367705434562
3097	gpt2	3098	1549	16	self-reinsure	simple	expected	The teachers self-reinsure	0.4609080489735789	0.4609080489735789	7.254367705434562	7.254367705434562
3098	gpt2	3099	1550	16	sell	simple	unexpected	The teachers sells	1.547127084222666e-07	1.547127084222666e-07	22.62390518188477	22.62390518188477
3099	gpt2	3100	1550	16	sell	simple	expected	The teachers sell	1.1143719348183367e-05	1.1143719348183367e-05	16.45340919494629	16.45340919494629
3100	gpt2	3101	1551	16	send	simple	unexpected	The teachers sends	1.0425868595120846e-06	1.0425868595120846e-06	19.871400833129883	19.871400833129883
3101	gpt2	3102	1551	16	send	simple	expected	The teachers send	6.102042971178889e-05	6.102042971178889e-05	14.000348091125488	14.000348091125488
3102	gpt2	3103	1552	16	sense	simple	unexpected	The teachers senses	2.0414795187662094e-07	2.0414795187662094e-07	22.223880767822266	22.223880767822266
3103	gpt2	3104	1552	16	sense	simple	expected	The teachers sense	6.194327397679444e-06	6.194327397679444e-06	17.300621032714844	17.300621032714844
3104	gpt2	3105	1553	16	sensitize	simple	unexpected	The teachers sensitizes	0.2599648255205314	0.2599648255205314	10.1727543870608	10.1727543870608
3105	gpt2	3106	1553	16	sensitize	simple	expected	The teachers sensitize	0.06847923557961617	0.06847923557961617	12.988903999328613	12.988903999328613
3106	gpt2	3107	1554	16	separate	simple	unexpected	The teachers separates	4.896747896054877e-08	4.896747896054877e-08	24.283599853515625	24.283599853515625
3107	gpt2	3108	1554	16	separate	simple	expected	The teachers separate	5.92407695876318e-06	5.92407695876318e-06	17.364978790283203	17.364978790283203
3108	gpt2	3109	1555	16	sequester	simple	unexpected	The teachers sequesters	0.001285274733447723	0.001285274733447723	14.389235019683838	14.389235019683838
3109	gpt2	3110	1555	16	sequester	simple	expected	The teachers sequester	0.17846425411909192	0.17846425411909192	10.830292105674744	10.830292105674744
3110	gpt2	3111	1556	16	serve	simple	unexpected	The teachers serves	1.1570182323339395e-06	1.1570182323339395e-06	19.72115707397461	19.72115707397461
3111	gpt2	3112	1556	16	serve	simple	expected	The teachers serve	9.002698789117858e-05	9.002698789117858e-05	13.43928337097168	13.43928337097168
3112	gpt2	3113	1557	16	service	simple	unexpected	The teachers services	1.927049379446544e-05	1.927049379446544e-05	15.663247108459473	15.663247108459473
3113	gpt2	3114	1557	16	service	simple	expected	The teachers service	4.645768058253452e-05	4.645768058253452e-05	14.393723487854004	14.393723487854004
3114	gpt2	3115	1558	16	settle	simple	unexpected	The teachers settles	1.1391448850872621e-07	1.1391448850872621e-07	23.0655460357666	23.0655460357666
3115	gpt2	3116	1558	16	settle	simple	expected	The teachers settle	7.647281563549768e-06	7.647281563549768e-06	16.99662208557129	16.99662208557129
3116	gpt2	3117	1559	16	set	simple	unexpected	The teachers sets	3.2800335247884504e-06	3.2800335247884504e-06	18.217857360839844	18.217857360839844
3117	gpt2	3118	1559	16	set	simple	expected	The teachers set	0.0003753901692107	0.0003753901692107	11.379321098327637	11.379321098327637
3118	gpt2	3119	1560	16	sever	simple	unexpected	The teachers severs	0.0006399004319063932	0.0006399004319063932	13.701128959655762	13.701128959655762
3119	gpt2	3120	1560	16	sever	simple	expected	The teachers sever	8.872722787600651e-07	8.872722787600651e-07	20.1041202545166	20.1041202545166
3120	gpt2	3121	1561	16	shadow	simple	unexpected	The teachers shadows	4.284516990082921e-07	4.284516990082921e-07	21.15436363220215	21.15436363220215
3121	gpt2	3122	1561	16	shadow	simple	expected	The teachers shadow	3.0471643185592256e-05	3.0471643185592256e-05	15.00217342376709	15.00217342376709
3122	gpt2	3123	1562	16	shake	simple	unexpected	The teachers shakes	4.985926125300466e-07	4.985926125300466e-07	20.93563461303711	20.93563461303711
3123	gpt2	3124	1562	16	shake	simple	expected	The teachers shake	3.680323789012618e-05	3.680323789012618e-05	14.72980785369873	14.72980785369873
3124	gpt2	3125	1563	16	shape	simple	unexpected	The teachers shapes	1.018011417386333e-07	1.018011417386333e-07	23.22774314880371	23.22774314880371
3125	gpt2	3126	1563	16	shape	simple	expected	The teachers shape	1.0623878097248962e-06	1.0623878097248962e-06	19.844257354736328	19.844257354736328
3126	gpt2	3127	1564	17	share	simple	unexpected	The farmers shares	8.891074685379863e-06	8.891074685379863e-06	16.779211044311523	16.779211044311523
3127	gpt2	3128	1564	17	share	simple	expected	The farmers share	0.0006397073157131	0.0006397073157131	10.610300064086914	10.610300064086914
3128	gpt2	3129	1565	17	sharpen	simple	unexpected	The farmers sharpens	0.0020910315324726885	0.0020910315324726885	13.229495286941528	13.229495286941528
3129	gpt2	3130	1565	17	sharpen	simple	expected	The farmers sharpen	0.47396408160267356	0.47396408160267356	9.823883075267076	9.823883075267076
3130	gpt2	3131	1566	17	shave	simple	unexpected	The farmers shaves	0.0012893845378130196	0.0012893845378130196	11.222450733184814	11.222450733184814
3131	gpt2	3132	1566	17	shave	simple	expected	The farmers shave	1.8048435777018312e-06	1.8048435777018312e-06	19.079694747924805	19.079694747924805
3132	gpt2	3133	1567	17	shed	simple	unexpected	The farmers sheds	1.6366099089282216e-06	1.6366099089282216e-06	19.220857620239254	19.220857620239254
3133	gpt2	3134	1567	17	shed	simple	expected	The farmers shed	6.591001874767244e-05	6.591001874767244e-05	13.889142990112305	13.889142990112305
3134	gpt2	3135	1568	17	shell	simple	unexpected	The farmers shells	5.482751248564455e-07	5.482751248564455e-07	20.79859733581543	20.79859733581543
3135	gpt2	3136	1568	17	shell	simple	expected	The farmers shell	2.992462896145298e-06	2.992462896145298e-06	18.35023498535156	18.35023498535156
3136	gpt2	3137	1569	17	shield	simple	unexpected	The farmers shields	2.432529129237082e-07	2.432529129237082e-07	21.97103881835937	21.97103881835937
3137	gpt2	3138	1569	17	shield	simple	expected	The farmers shield	1.9759213500947226e-06	1.9759213500947226e-06	18.94904327392578	18.94904327392578
3138	gpt2	3139	1570	17	shift	simple	unexpected	The farmers shifts	5.605153887699998e-07	5.605153887699998e-07	20.766742706298828	20.766742706298828
3139	gpt2	3140	1570	17	shift	simple	expected	The farmers shift	3.075641507166438e-05	3.075641507166438e-05	14.98875331878662	14.98875331878662
3140	gpt2	3141	1571	17	shine	simple	unexpected	The farmers shines	5.1117506671971575e-08	5.1117506671971575e-08	24.221607208251957	24.221607208251957
3141	gpt2	3142	1571	17	shine	simple	expected	The farmers shine	1.57619547280774e-06	1.57619547280774e-06	19.275121688842773	19.275121688842773
3142	gpt2	3143	1572	17	ship	simple	unexpected	The farmers ships	1.2333531458352809e-06	1.2333531458352809e-06	19.628982543945312	19.628982543945312
3143	gpt2	3144	1572	17	ship	simple	expected	The farmers ship	4.470323256100528e-05	4.470323256100528e-05	14.449261665344238	14.449261665344238
3144	gpt2	3145	1573	17	shirk	simple	unexpected	The farmers shirks	0.010555838533036847	0.010555838533036847	8.73208745320638	8.73208745320638
3145	gpt2	3146	1573	17	shirk	simple	expected	The farmers shirk	0.0038622398678853196	0.0038622398678853196	10.417824983596802	10.417824983596802
3146	gpt2	3147	1574	17	shock	simple	unexpected	The farmers shocks	1.0901376157335109e-07	1.0901376157335109e-07	23.128986358642575	23.128986358642575
3147	gpt2	3148	1574	17	shock	simple	expected	The farmers shock	2.832104883054853e-06	2.832104883054853e-06	18.4296932220459	18.4296932220459
3148	gpt2	3149	1575	17	shoe-horn	simple	unexpected	The farmers shoe-horns	0.01665497282033356	0.01665497282033356	12.861786842346191	12.861786842346191
3149	gpt2	3150	1575	17	shoe-horn	simple	expected	The farmers shoe-horn	0.01665497282033356	0.01665497282033356	12.861786842346191	12.861786842346191
3150	gpt2	3151	1576	17	shoot	simple	unexpected	The farmers shoots	2.4993511260618106e-07	2.4993511260618106e-07	21.931943893432617	21.931943893432617
3151	gpt2	3152	1576	17	shoot	simple	expected	The farmers shoot	1.5290603187168017e-05	1.5290603187168017e-05	15.996994972229004	15.996994972229004
3152	gpt2	3153	1577	17	shop	simple	unexpected	The farmers shops	1.8659833585843444e-05	1.8659833585843444e-05	15.709704399108888	15.709704399108888
3153	gpt2	3154	1577	17	shop	simple	expected	The farmers shop	9.201384818879887e-05	9.201384818879887e-05	13.40778923034668	13.40778923034668
3154	gpt2	3155	1578	17	shore	simple	unexpected	The farmers shores	8.921604788270088e-09	8.921604788270088e-09	26.740049362182617	26.740049362182617
3155	gpt2	3156	1578	17	shore	simple	expected	The farmers shore	3.0219086966098985e-07	3.0219086966098985e-07	21.658037185668945	21.658037185668945
3156	gpt2	3157	1579	17	shorn	simple	unexpected	The farmers shorns	3.8028330891393125e-05	3.8028330891393125e-05	15.547348976135254	15.547348976135254
3157	gpt2	3158	1579	17	shorn	simple	expected	The farmers shorn	0.005059205908764819	0.005059205908764819	10.22153353691101	10.22153353691101
3158	gpt2	3159	1580	17	shorten	simple	unexpected	The farmers shortens	0.0010094916287925876	0.0010094916287925876	12.16844892501831	12.16844892501831
3159	gpt2	3160	1580	17	shorten	simple	expected	The farmers shorten	1.25997428312985e-06	1.25997428312985e-06	19.598175048828125	19.598175048828125
3160	gpt2	3161	1581	17	short	simple	unexpected	The farmers shorts	6.266038212743297e-07	6.266038212743297e-07	20.60594367980957	20.60594367980957
3161	gpt2	3162	1581	17	short	simple	expected	The farmers short	2.3650951334275305e-05	2.3650951334275305e-05	15.367742538452148	15.367742538452148
3162	gpt2	3163	1582	17	shoulder	simple	unexpected	The farmers shoulders	7.810357374182786e-07	7.810357374182786e-07	20.288108825683597	20.288108825683597
3163	gpt2	3164	1582	17	shoulder	simple	expected	The farmers shoulder	4.2624378693290055e-06	4.2624378693290055e-06	17.839889526367188	17.839889526367188
3164	gpt2	3165	1583	17	shout	simple	unexpected	The farmers shouts	1.7331340131931938e-06	1.7331340131931938e-06	19.138185501098636	19.138185501098636
3165	gpt2	3166	1583	17	shout	simple	expected	The farmers shout	2.632723408169113e-05	2.632723408169113e-05	15.21308422088623	15.21308422088623
3166	gpt2	3167	1584	17	shove	simple	unexpected	The farmers shoves	0.0005887217521376195	0.0005887217521376195	11.812254905700684	11.812254905700684
3167	gpt2	3168	1584	17	shove	simple	expected	The farmers shove	1.7949838593267486e-06	1.7949838593267486e-06	19.087596893310547	19.087596893310547
3168	gpt2	3169	1585	17	shower	simple	unexpected	The farmers showers	4.772409170072933e-07	4.772409170072933e-07	20.998779296875	20.998779296875
3169	gpt2	3170	1585	17	shower	simple	expected	The farmers shower	3.888551873387769e-06	3.888551873387769e-06	17.972335815429688	17.972335815429688
3170	gpt2	3171	1586	17	show	simple	unexpected	The farmers shows	3.1063084406923736e-06	3.1063084406923736e-06	18.296367645263672	18.296367645263672
3171	gpt2	3172	1586	17	show	simple	expected	The farmers show	0.0002298731124028	0.0002298731124028	12.086874961853027	12.086874961853027
3172	gpt2	3173	1587	17	shrink	simple	unexpected	The farmers shrinks	0.00904987016588161	0.00904987016588161	12.086199760437013	12.086199760437013
3173	gpt2	3174	1587	17	shrink	simple	expected	The farmers shrink	1.6225609442699351e-06	1.6225609442699351e-06	19.233295440673828	19.233295440673828
3174	gpt2	3175	1588	17	shun	simple	unexpected	The farmers shuns	0.0025738226067914694	0.0025738226067914694	10.713888168334961	10.713888168334961
3175	gpt2	3176	1588	17	shun	simple	expected	The farmers shun	1.5028183952381369e-05	1.5028183952381369e-05	16.021968841552734	16.021968841552734
3176	gpt2	3177	1589	17	shut	simple	unexpected	The farmers shuts	1.5984592494078242e-07	1.5984592494078242e-07	22.576814651489254	22.576814651489254
3177	gpt2	3178	1589	17	shut	simple	expected	The farmers shut	7.501189975300804e-05	7.501189975300804e-05	13.702521324157717	13.702521324157717
3178	gpt2	3179	1590	17	shy	simple	unexpected	The farmers shies	0.0015571975200145696	0.0015571975200145696	11.08287239074707	11.08287239074707
3179	gpt2	3180	1590	17	shy	simple	expected	The farmers shy	5.62853301744326e-06	5.62853301744326e-06	17.438810348510742	17.438810348510742
3180	gpt2	3181	1591	17	sidetrack	simple	unexpected	The farmers sidetracks	0.021752250791526706	0.021752250791526706	10.430247147878012	10.430247147878012
3181	gpt2	3182	1591	17	sidetrack	simple	expected	The farmers sidetrack	0.03044197904659994	0.03044197904659994	9.304176489512125	9.304176489512125
3182	gpt2	3183	1592	17	side	simple	unexpected	The farmers sides	2.6895784230873687e-06	2.6895784230873687e-06	18.504188537597656	18.504188537597656
3183	gpt2	3184	1592	17	side	simple	expected	The farmers side	4.1971095924964175e-05	4.1971095924964175e-05	14.540244102478027	14.540244102478027
3184	gpt2	3185	1593	17	sift	simple	unexpected	The farmers sifts	0.002044572436716368	0.002044572436716368	11.05513048171997	11.05513048171997
3185	gpt2	3186	1593	17	sift	simple	expected	The farmers sift	0.03696623881114647	0.03696623881114647	8.957773208618164	8.957773208618164
3186	gpt2	3187	1594	17	signal	simple	unexpected	The farmers signals	2.430544157050463e-07	2.430544157050463e-07	21.972217559814453	21.972217559814453
3187	gpt2	3188	1594	17	signal	simple	expected	The farmers signal	5.470240012073191e-06	5.470240012073191e-06	17.479965209960938	17.479965209960938
3188	gpt2	3189	1595	17	signify	simple	unexpected	The farmers signifies	3.9477953350797186e-08	3.9477953350797186e-08	24.594377517700195	24.594377517700195
3189	gpt2	3190	1595	17	signify	simple	expected	The farmers signify	1.1348320185788907e-06	1.1348320185788907e-06	19.74909019470215	19.74909019470215
3190	gpt2	3191	1596	17	sign	simple	unexpected	The farmers signs	4.316731065046042e-06	4.316731065046042e-06	17.82162857055664	17.82162857055664
3191	gpt2	3192	1596	17	sign	simple	expected	The farmers sign	0.0001094919643946	0.0001094919643946	13.15688705444336	13.15688705444336
3192	gpt2	3193	1597	17	simplify	simple	unexpected	The farmers simplifies	0.06646773815195668	0.06646773815195668	12.886845588684082	12.886845588684082
3193	gpt2	3194	1597	17	simplify	simple	expected	The farmers simplify	3.354070940986276e-07	3.354070940986276e-07	21.507583618164062	21.507583618164062
3194	gpt2	3195	1598	17	sing	simple	unexpected	The farmers sings	4.627871703632991e-07	4.627871703632991e-07	21.043148040771484	21.043148040771484
3195	gpt2	3196	1598	17	sing	simple	expected	The farmers sing	4.117406206205487e-05	4.117406206205487e-05	14.567904472351074	14.567904472351074
3196	gpt2	3197	1599	17	sink	simple	unexpected	The farmers sinks	6.215114467522653e-08	6.215114467522653e-08	23.93964385986328	23.93964385986328
3197	gpt2	3198	1599	17	sink	simple	expected	The farmers sink	3.0083494948485168e-06	3.0083494948485168e-06	18.34259605407715	18.34259605407715
3198	gpt2	3199	1600	17	sit	simple	unexpected	The farmers sits	1.517420741947717e-06	1.517420741947717e-06	19.329946517944336	19.329946517944336
3199	gpt2	3200	1600	17	sit	simple	expected	The farmers sit	0.0003279617521911	0.0003279617521911	11.57418441772461	11.57418441772461
3200	gpt2	3201	1601	17	skid	simple	unexpected	The farmers skids	0.0004588934859839333	0.0004588934859839333	13.916082382202148	13.916082382202148
3201	gpt2	3202	1601	17	skid	simple	expected	The farmers skid	0.017545290556654432	0.017545290556654432	11.284175157546997	11.284175157546997
3202	gpt2	3203	1602	17	skim	simple	unexpected	The farmers skims	0.0010233812824935334	0.0010233812824935334	13.335532188415527	13.335532188415527
3203	gpt2	3204	1602	17	skim	simple	expected	The farmers skim	1.432822955393931e-06	1.432822955393931e-06	19.412708282470703	19.412708282470703
3204	gpt2	3205	1603	17	skipper	simple	unexpected	The farmers skippers	0.0011105217597559833	0.0011105217597559833	13.276458263397217	13.276458263397217
3205	gpt2	3206	1603	17	skipper	simple	expected	The farmers skipper	0.007716946103528233	0.007716946103528233	11.876786231994629	11.876786231994629
3206	gpt2	3207	1604	17	skip	simple	unexpected	The farmers skips	0.012040287521585884	0.012040287521585884	11.555825233459473	11.555825233459473
3207	gpt2	3208	1604	17	skip	simple	expected	The farmers skip	3.0545354547939496e-06	3.0545354547939496e-06	18.320615768432617	18.320615768432617
3208	gpt2	3209	1605	17	ski	simple	unexpected	The farmers skis	0.0019379182811007833	0.0019379182811007833	12.874186515808105	12.874186515808105
3209	gpt2	3210	1605	17	ski	simple	expected	The farmers ski	6.211775485098769e-07	6.211775485098769e-07	20.61849021911621	20.61849021911621
3210	gpt2	3211	1606	17	slack	simple	unexpected	The farmers slacks	0.0009654006307755477	0.0009654006307755477	12.490018367767334	12.490018367767334
3211	gpt2	3212	1606	17	slack	simple	expected	The farmers slack	5.397996005740424e-07	5.397996005740424e-07	20.82107353210449	20.82107353210449
3212	gpt2	3213	1607	17	slam-dunk	simple	unexpected	The farmers slam-dunks	0.0005655134174276071	0.0005655134174276071	14.033206462860107	14.033206462860107
3213	gpt2	3214	1607	17	slam-dunk	simple	expected	The farmers slam-dunk	0.0005655134174276071	0.0005655134174276071	14.033206462860107	14.033206462860107
3214	gpt2	3215	1608	17	slash	simple	unexpected	The farmers slashes	0.0007696491402384478	0.0007696491402384478	12.65499496459961	12.65499496459961
3215	gpt2	3216	1608	17	slash	simple	expected	The farmers slash	2.773663709376706e-06	2.773663709376706e-06	18.459775924682617	18.459775924682617
3216	gpt2	3217	1609	17	sleep	simple	unexpected	The farmers sleeps	3.789570826029376e-07	3.789570826029376e-07	21.331462860107425	21.331462860107425
3217	gpt2	3218	1609	17	sleep	simple	expected	The farmers sleep	1.92640618479345e-05	1.92640618479345e-05	15.663728713989258	15.663728713989258
3218	gpt2	3219	1610	17	slide	simple	unexpected	The farmers slides	3.076070953511589e-08	3.076070953511589e-08	24.95433616638184	24.95433616638184
3219	gpt2	3220	1610	17	slide	simple	expected	The farmers slide	2.370413994867704e-06	2.370413994867704e-06	18.686429977416992	18.686429977416992
3220	gpt2	3221	1611	17	slip	simple	unexpected	The farmers slips	1.2876162713837402e-07	1.2876162713837402e-07	22.8887939453125	22.8887939453125
3221	gpt2	3222	1611	17	slip	simple	expected	The farmers slip	2.750525482042576e-06	2.750525482042576e-06	18.47186088562012	18.47186088562012
3222	gpt2	3223	1612	17	slog	simple	unexpected	The farmers slogs	0.00038794841657359777	0.00038794841657359777	13.156551361083984	13.156551361083984
3223	gpt2	3224	1612	17	slog	simple	expected	The farmers slog	2.4914800178521546e-06	2.4914800178521546e-06	18.614564895629883	18.614564895629883
3224	gpt2	3225	1613	17	slow	simple	unexpected	The farmers slows	1.4056504937798309e-07	1.4056504937798309e-07	22.76225852966309	22.76225852966309
3225	gpt2	3226	1613	17	slow	simple	expected	The farmers slow	5.0804960665118415e-06	5.0804960665118415e-06	17.586599349975586	17.586599349975586
3226	gpt2	3227	1614	17	slump	simple	unexpected	The farmers slumps	0.0006050629626769978	0.0006050629626769978	12.83058786392212	12.83058786392212
3227	gpt2	3228	1614	17	slump	simple	expected	The farmers slump	2.88468208964332e-06	2.88468208964332e-06	18.403156280517575	18.403156280517575
3228	gpt2	3229	1615	17	smash	simple	unexpected	The farmers smashes	0.0016278002385661076	0.0016278002385661076	12.903691291809082	12.903691291809082
3229	gpt2	3230	1615	17	smash	simple	expected	The farmers smash	1.7846605260274373e-06	1.7846605260274373e-06	19.095918655395508	19.095918655395508
3230	gpt2	3231	1616	17	smoke	simple	unexpected	The farmers smokes	2.253913606864444e-07	2.253913606864444e-07	22.081064224243164	22.081064224243164
3231	gpt2	3232	1616	17	smoke	simple	expected	The farmers smoke	7.487663879146567e-06	7.487663879146567e-06	17.02705192565918	17.02705192565918
3232	gpt2	3233	1617	17	smooth	simple	unexpected	The farmers smooths	0.005272000817512853	0.005272000817512853	13.377245664596558	13.377245664596558
3233	gpt2	3234	1617	17	smooth	simple	expected	The farmers smooth	8.377692211070098e-07	8.377692211070098e-07	20.18694305419922	20.18694305419922
3234	gpt2	3235	1618	17	smother	simple	unexpected	The farmers smothers	0.013575977535462339	0.013575977535462339	9.712262153625488	9.712262153625488
3235	gpt2	3236	1618	17	smother	simple	expected	The farmers smother	0.014958966357880807	0.014958966357880807	11.302648305892944	11.302648305892944
3236	gpt2	3237	1619	17	smuggle	simple	unexpected	The farmers smuggles	0.0002237745970887513	0.0002237745970887513	14.566446781158447	14.566446781158447
3237	gpt2	3238	1619	17	smuggle	simple	expected	The farmers smuggle	0.4956262180089652	0.4956262180089652	9.003757065162063	9.003757065162063
3238	gpt2	3239	1620	17	snatch	simple	unexpected	The farmers snatches	0.0006935036617505546	0.0006935036617505546	12.85167407989502	12.85167407989502
3239	gpt2	3240	1620	17	snatch	simple	expected	The farmers snatch	9.357335102322396e-07	9.357335102322396e-07	20.02739906311035	20.02739906311035
3240	gpt2	3241	1621	17	sniff	simple	unexpected	The farmers sniffs	0.0014858138856652546	0.0014858138856652546	12.298314094543457	12.298314094543457
3241	gpt2	3242	1621	17	sniff	simple	expected	The farmers sniff	2.082646687995293e-06	2.082646687995293e-06	18.87314987182617	18.87314987182617
3242	gpt2	3243	1622	17	soak	simple	unexpected	The farmers soaks	0.0012291652601561	0.0012291652601561	10.677883625030518	10.677883625030518
3243	gpt2	3244	1622	17	soak	simple	expected	The farmers soak	3.616104550019372e-06	3.616104550019372e-06	18.077131271362305	18.077131271362305
3244	gpt2	3245	1623	17	soar	simple	unexpected	The farmers soars	0.0013923952574258999	0.0013923952574258999	10.58198595046997	10.58198595046997
3245	gpt2	3246	1623	17	soar	simple	expected	The farmers soar	3.7009664310971857e-07	3.7009664310971857e-07	21.3655948638916	21.3655948638916
3246	gpt2	3247	1624	17	sob	simple	unexpected	The farmers sobs	0.00059327281633155	0.00059327281633155	11.260169982910156	11.260169982910156
3247	gpt2	3248	1624	17	sob	simple	expected	The farmers sob	2.9774325867037987e-06	2.9774325867037987e-06	18.357500076293945	18.357500076293945
3248	gpt2	3249	1625	17	socialize	simple	unexpected	The farmers socializes	0.007696370191297293	0.007696370191297293	10.75387978553772	10.75387978553772
3249	gpt2	3250	1625	17	socialize	simple	expected	The farmers socialize	0.021764555543086293	0.021764555543086293	10.003352880477905	10.003352880477905
3250	gpt2	3251	1626	17	sock	simple	unexpected	The farmers socks	1.1249139220126381e-07	1.1249139220126381e-07	23.083681106567383	23.083681106567383
3251	gpt2	3252	1626	17	sock	simple	expected	The farmers sock	1.745600570757233e-07	1.745600570757233e-07	22.44977378845215	22.44977378845215
3252	gpt2	3253	1627	17	soften	simple	unexpected	The farmers softens	0.02485716455157668	0.02485716455157668	11.6886043548584	11.6886043548584
3253	gpt2	3254	1627	17	soften	simple	expected	The farmers soften	7.888869504313334e-07	7.888869504313334e-07	20.27367782592773	20.27367782592773
3254	gpt2	3255	1628	17	solicit	simple	unexpected	The farmers solicits	0.0009090383272791632	0.0009090383272791632	14.282744407653809	14.282744407653809
3255	gpt2	3256	1628	17	solicit	simple	expected	The farmers solicit	2.8851977162958065e-07	2.8851977162958065e-07	21.72482681274414	21.72482681274414
3256	gpt2	3257	1629	17	solidify	simple	unexpected	The farmers solidifies	0.005388520390567881	0.005388520390567881	13.185298442840578	13.185298442840578
3257	gpt2	3258	1629	17	solidify	simple	expected	The farmers solidify	0.03995719385596883	0.03995719385596883	11.739989399909975	11.739989399909975
3258	gpt2	3259	1630	17	solve	simple	unexpected	The farmers solves	7.931441814434947e-08	7.931441814434947e-08	23.587841033935547	23.587841033935547
3259	gpt2	3260	1630	17	solve	simple	expected	The farmers solve	7.259341600729385e-06	7.259341600729385e-06	17.07172966003418	17.07172966003418
3260	gpt2	3261	1631	17	soothe	simple	unexpected	The farmers soothes	0.00021160828327985	0.00021160828327985	12.246602058410645	12.246602058410645
3261	gpt2	3262	1631	17	soothe	simple	expected	The farmers soothe	0.00103324316296485	0.00103324316296485	10.812866687774658	10.812866687774658
3262	gpt2	3263	1632	17	sort	simple	unexpected	The farmers sorts	4.46660237685137e-07	4.46660237685137e-07	21.094318389892575	21.094318389892575
3263	gpt2	3264	1632	17	sort	simple	expected	The farmers sort	2.448544546496123e-05	2.448544546496123e-05	15.317715644836426	15.317715644836426
3264	gpt2	3265	1633	17	sound	simple	unexpected	The farmers sounds	1.1826614354504272e-06	1.1826614354504272e-06	19.689531326293945	19.689531326293945
3265	gpt2	3266	1633	17	sound	simple	expected	The farmers sound	1.1082778655691072e-05	1.1082778655691072e-05	16.461320877075195	16.461320877075195
3266	gpt2	3267	1634	17	sour	simple	unexpected	The farmers sours	9.47021835599682e-05	9.47021835599682e-05	13.507630825042725	13.507630825042725
3267	gpt2	3268	1634	17	sour	simple	expected	The farmers sour	1.1245413134020057e-06	1.1245413134020057e-06	19.762231826782227	19.762231826782227
3268	gpt2	3269	1635	17	sow	simple	unexpected	The farmers sows	0.008714004128705669	0.008714004128705669	10.001908779144287	10.001908779144287
3269	gpt2	3270	1635	17	sow	simple	expected	The farmers sow	8.988881745608523e-06	8.988881745608523e-06	16.763427734375	16.763427734375
3270	gpt2	3271	1636	17	spare	simple	unexpected	The farmers spares	0.0007337441707022284	0.0007337441707022284	12.716365814208984	12.716365814208984
3271	gpt2	3272	1636	17	spare	simple	expected	The farmers spare	6.74029820402211e-07	6.74029820402211e-07	20.50068473815918	20.50068473815918
3272	gpt2	3273	1637	17	spark	simple	unexpected	The farmers sparks	2.760372979082604e-07	2.760372979082604e-07	21.788633346557617	21.788633346557617
3273	gpt2	3274	1637	17	spark	simple	expected	The farmers spark	2.552685600676341e-06	2.552685600676341e-06	18.579551696777344	18.579551696777344
3274	gpt2	3275	1638	17	spawn	simple	unexpected	The farmers spawns	5.9583044276223525e-08	5.9583044276223525e-08	24.00052261352539	24.00052261352539
3275	gpt2	3276	1638	17	spawn	simple	expected	The farmers spawn	4.599556177709019e-06	4.599556177709019e-06	17.730073928833008	17.730073928833008
3276	gpt2	3277	1639	17	speak	simple	unexpected	The farmers speaks	2.340189666938386e-06	2.340189666938386e-06	18.70494270324707	18.70494270324707
3277	gpt2	3278	1639	17	speak	simple	expected	The farmers speak	0.0003326870210003	0.0003326870210003	11.553546905517578	11.553546905517578
3278	gpt2	3279	1640	17	specialize	simple	unexpected	The farmers specializes	1.6716981576792025e-07	1.6716981576792025e-07	22.512182235717773	22.512182235717773
3279	gpt2	3280	1640	17	specialize	simple	expected	The farmers specialize	2.136375587724615e-05	2.136375587724615e-05	15.514474868774414	15.514474868774414
3280	gpt2	3281	1641	17	specify	simple	unexpected	The farmers specifies	1.5178541445948213e-07	1.5178541445948213e-07	22.65146255493164	22.65146255493164
3281	gpt2	3282	1641	17	specify	simple	expected	The farmers specify	1.071666702046059e-05	1.071666702046059e-05	16.509784698486328	16.509784698486328
3282	gpt2	3283	1642	17	speculate	simple	unexpected	The farmers speculates	0.08377013388781052	0.08377013388781052	8.985587000846863	8.985587000846863
3283	gpt2	3284	1642	17	speculate	simple	expected	The farmers speculate	3.2151398045243695e-05	3.2151398045243695e-05	14.924758911132812	14.924758911132812
3284	gpt2	3285	1643	17	speed	simple	unexpected	The farmers speeds	6.812648933873788e-08	6.812648933873788e-08	23.807209014892575	23.807209014892575
3285	gpt2	3286	1643	17	speed	simple	expected	The farmers speed	1.693192643870134e-06	1.693192643870134e-06	19.17182159423828	19.17182159423828
3286	gpt2	3287	1644	17	spell	simple	unexpected	The farmers spells	5.27190593402338e-07	5.27190593402338e-07	20.85517120361328	20.85517120361328
3287	gpt2	3288	1644	17	spell	simple	expected	The farmers spell	4.303183686715784e-06	4.303183686715784e-06	17.82616424560547	17.82616424560547
3288	gpt2	3289	1645	17	spend	simple	unexpected	The farmers spends	1.3237804523669183e-06	1.3237804523669183e-06	19.526905059814453	19.526905059814453
3289	gpt2	3290	1645	17	spend	simple	expected	The farmers spend	0.0002641486935317	0.0002641486935317	11.886362075805664	11.886362075805664
3290	gpt2	3291	1646	17	spill	simple	unexpected	The farmers spills	8.633705306237972e-08	8.633705306237972e-08	23.465444564819336	23.465444564819336
3291	gpt2	3292	1646	17	spill	simple	expected	The farmers spill	3.45923581335228e-06	3.45923581335228e-06	18.141115188598636	18.141115188598636
3292	gpt2	3293	1647	17	spin	simple	unexpected	The farmers spins	3.9443328603283596e-08	3.9443328603283596e-08	24.595643997192383	24.595643997192383
3293	gpt2	3294	1647	17	spin	simple	expected	The farmers spin	4.796082066604868e-06	4.796082066604868e-06	17.66971206665039	17.66971206665039
3294	gpt2	3295	1648	17	split	simple	unexpected	The farmers splits	2.2236473284920066e-07	2.2236473284920066e-07	22.100568771362305	22.100568771362305
3295	gpt2	3296	1648	17	split	simple	expected	The farmers split	2.984199818456545e-05	2.984199818456545e-05	15.032296180725098	15.032296180725098
3296	gpt2	3297	1649	17	sponsor	simple	unexpected	The farmers sponsors	1.030002067636815e-06	1.030002067636815e-06	19.8889217376709	19.8889217376709
3297	gpt2	3298	1649	17	sponsor	simple	expected	The farmers sponsor	5.011241228203289e-06	5.011241228203289e-06	17.606401443481445	17.606401443481445
3298	gpt2	3299	1650	17	spotlight	simple	unexpected	The farmers spotlights	0.0003808671781371102	0.0003808671781371102	13.831791877746582	13.831791877746582
3299	gpt2	3300	1650	17	spotlight	simple	expected	The farmers spotlight	7.477983103854058e-07	7.477983103854058e-07	20.35084724426269	20.35084724426269
3300	gpt2	3301	1651	17	spot	simple	unexpected	The farmers spots	5.753726100010681e-07	5.753726100010681e-07	20.72900009155273	20.72900009155273
3301	gpt2	3302	1651	17	spot	simple	expected	The farmers spot	6.225751349120401e-06	6.225751349120401e-06	17.293319702148438	17.293319702148438
3302	gpt2	3303	1652	17	spread	simple	unexpected	The farmers spreads	4.380411269266915e-07	4.380411269266915e-07	21.1224308013916	21.1224308013916
3303	gpt2	3304	1652	17	spread	simple	expected	The farmers spread	0.0001494603639002	0.0001494603639002	12.7079496383667	12.7079496383667
3304	gpt2	3305	1653	17	spring	simple	unexpected	The farmers springs	5.239324352146468e-08	5.239324352146468e-08	24.186044692993164	24.186044692993164
3305	gpt2	3306	1653	17	spring	simple	expected	The farmers spring	1.1782175533880944e-05	1.1782175533880944e-05	16.373035430908203	16.373035430908203
3306	gpt2	3307	1654	17	sprout	simple	unexpected	The farmers sprouts	0.011833697431939069	0.011833697431939069	11.051321983337402	11.051321983337402
3307	gpt2	3308	1654	17	sprout	simple	expected	The farmers sprout	0.20583130313571016	0.20583130313571016	8.99080753326416	8.99080753326416
3308	gpt2	3309	1655	17	spruce	simple	unexpected	The farmers spruces	0.019980182322797187	0.019980182322797187	8.81150738398234	8.81150738398234
3309	gpt2	3310	1655	17	spruce	simple	expected	The farmers spruce	0.009535727199818178	0.009535727199818178	10.859431743621826	10.859431743621826
3310	gpt2	3311	1656	17	spurn	simple	unexpected	The farmers spurns	0.012057222498394018	0.012057222498394018	9.233673890431723	9.233673890431723
3311	gpt2	3312	1656	17	spurn	simple	expected	The farmers spurn	0.011564816456939278	0.011564816456939278	10.72016716003418	10.72016716003418
3312	gpt2	3313	1657	17	spur	simple	unexpected	The farmers spurs	0.0016742029615670283	0.0016742029615670283	12.11707353591919	12.11707353591919
3313	gpt2	3314	1657	17	spur	simple	expected	The farmers spur	3.379603583653079e-07	3.379603583653079e-07	21.49664306640625	21.49664306640625
3314	gpt2	3315	1658	17	spy	simple	unexpected	The farmers spies	1.382348813194767e-07	1.382348813194767e-07	22.786375045776367	22.786375045776367
3315	gpt2	3316	1658	17	spy	simple	expected	The farmers spy	1.1192345255039982e-06	1.1192345255039982e-06	19.76905632019043	19.76905632019043
3316	gpt2	3317	1659	17	square	simple	unexpected	The farmers squares	8.3595591604535e-07	8.3595591604535e-07	20.1900691986084	20.1900691986084
3317	gpt2	3318	1659	17	square	simple	expected	The farmers square	1.47153787111165e-05	1.47153787111165e-05	16.052316665649414	16.052316665649414
3318	gpt2	3319	1660	17	squeeze	simple	unexpected	The farmers squeezes	0.09895452044759168	0.09895452044759168	11.527516126632692	11.527516126632692
3319	gpt2	3320	1660	17	squeeze	simple	expected	The farmers squeeze	9.58315376919927e-06	9.58315376919927e-06	16.67106819152832	16.67106819152832
3320	gpt2	3321	1661	18	stabilize	simple	unexpected	The officers stabilizes	0.0008611197047798455	0.0008611197047798455	14.928645133972168	14.928645133972168
3321	gpt2	3322	1661	18	stabilize	simple	expected	The officers stabilize	2.7857106488227146e-07	2.7857106488227146e-07	21.77545166015625	21.77545166015625
3322	gpt2	3323	1662	18	stack	simple	unexpected	The officers stacks	5.981373618624275e-08	5.981373618624275e-08	23.99494743347168	23.99494743347168
3323	gpt2	3324	1662	18	stack	simple	expected	The officers stack	3.1148431389738107e-06	3.1148431389738107e-06	18.292409896850582	18.292409896850582
3324	gpt2	3325	1663	18	staff	simple	unexpected	The officers staffs	0.0073808708057185686	0.0073808708057185686	12.14286208152771	12.14286208152771
3325	gpt2	3326	1663	18	staff	simple	expected	The officers staff	3.3130527299363166e-06	3.3130527299363166e-06	18.203407287597656	18.203407287597656
3326	gpt2	3327	1664	18	stage	simple	unexpected	The officers stages	3.3828005285840845e-08	3.3828005285840845e-08	24.81720733642578	24.81720733642578
3327	gpt2	3328	1664	18	stage	simple	expected	The officers stage	7.387007485704089e-07	7.387007485704089e-07	20.368507385253903	20.368507385253903
3328	gpt2	3329	1665	18	stain	simple	unexpected	The officers stains	4.70616647874067e-08	4.70616647874067e-08	24.34087181091309	24.34087181091309
3329	gpt2	3330	1665	18	stain	simple	expected	The officers stain	1.0150623808158345e-07	1.0150623808158345e-07	23.2319278717041	23.2319278717041
3330	gpt2	3331	1666	18	stall	simple	unexpected	The officers stalls	9.317294313859749e-08	9.317294313859749e-08	23.355514526367188	23.355514526367188
3331	gpt2	3332	1666	18	stall	simple	expected	The officers stall	1.6826410274006776e-06	1.6826410274006776e-06	19.18084144592285	19.18084144592285
3332	gpt2	3333	1667	18	stampede	simple	unexpected	The officers stampedes	0.003167097725508933	0.003167097725508933	12.009448051452637	12.009448051452637
3333	gpt2	3334	1667	18	stampede	simple	expected	The officers stampede	0.007261812257183883	0.007261812257183883	11.410266160964966	11.410266160964966
3334	gpt2	3335	1668	18	stamp	simple	unexpected	The officers stamps	7.99935335749069e-08	7.99935335749069e-08	23.57554054260254	23.57554054260254
3335	gpt2	3336	1668	18	stamp	simple	expected	The officers stamp	3.132813162665116e-06	3.132813162665116e-06	18.284109115600582	18.284109115600582
3336	gpt2	3337	1669	18	stanch	simple	unexpected	The officers stanches	8.960137893152858e-05	8.960137893152858e-05	13.626980304718018	13.626980304718018
3337	gpt2	3338	1669	18	stanch	simple	expected	The officers stanch	0.001109839642595	0.001109839642595	10.896573066711426	10.896573066711426
3338	gpt2	3339	1670	18	standardize	simple	unexpected	The officers standardizes	0.0008715709913928549	0.0008715709913928549	15.356932640075684	15.356932640075684
3339	gpt2	3340	1670	18	standardize	simple	expected	The officers standardize	0.0007774180625972049	0.0007774180625972049	15.439412593841553	15.439412593841553
3340	gpt2	3341	1671	18	stand	simple	unexpected	The officers stands	6.949601356609492e-06	6.949601356609492e-06	17.1346378326416	17.1346378326416
3341	gpt2	3342	1671	18	stand	simple	expected	The officers stand	0.0006380725535564	0.0006380725535564	10.613991737365724	10.613991737365724
3342	gpt2	3343	1672	18	start	simple	unexpected	The officers starts	1.4112939652477507e-06	1.4112939652477507e-06	19.43454933166504	19.43454933166504
3343	gpt2	3344	1672	18	start	simple	expected	The officers start	0.000144817342516	0.000144817342516	12.753478050231934	12.753478050231934
3344	gpt2	3345	1673	18	star	simple	unexpected	The officers stars	3.170477782532544e-07	3.170477782532544e-07	21.588796615600582	21.588796615600582
3345	gpt2	3346	1673	18	star	simple	expected	The officers star	8.403694664593786e-06	8.403694664593786e-06	16.860544204711914	16.860544204711914
3346	gpt2	3347	1674	18	starve	simple	unexpected	The officers starves	0.006657475791143947	0.006657475791143947	11.54613208770752	11.54613208770752
3347	gpt2	3348	1674	18	starve	simple	expected	The officers starve	6.123764251242392e-07	6.123764251242392e-07	20.63907814025879	20.63907814025879
3348	gpt2	3349	1675	18	stash	simple	unexpected	The officers stashes	0.00014660064334745	0.00014660064334745	12.743215084075928	12.743215084075928
3349	gpt2	3350	1675	18	stash	simple	expected	The officers stash	4.516069509463705e-07	4.516069509463705e-07	21.078428268432617	21.078428268432617
3350	gpt2	3351	1676	18	state	simple	unexpected	The officers states	1.3011131159146316e-05	1.3011131159146316e-05	16.229894638061523	16.229894638061523
3351	gpt2	3352	1676	18	state	simple	expected	The officers state	0.0001803009799914	0.0001803009799914	12.437305450439451	12.437305450439451
3352	gpt2	3353	1677	18	stave	simple	unexpected	The officers staves	0.00013681259588335	0.00013681259588335	12.83648157119751	12.83648157119751
3353	gpt2	3354	1677	18	stave	simple	expected	The officers stave	0.00297726585267805	0.00297726585267805	10.156744718551636	10.156744718551636
3354	gpt2	3355	1678	18	stay	simple	unexpected	The officers stays	3.844687626042287e-07	3.844687626042287e-07	21.310630798339844	21.310630798339844
3355	gpt2	3356	1678	18	stay	simple	expected	The officers stay	9.467618656344712e-05	9.467618656344712e-05	13.366639137268066	13.366639137268066
3356	gpt2	3357	1679	18	steal	simple	unexpected	The officers steals	2.633958899878053e-07	2.633958899878053e-07	21.856264114379883	21.856264114379883
3357	gpt2	3358	1679	18	steal	simple	expected	The officers steal	2.55489103437867e-05	2.55489103437867e-05	15.25637912750244	15.25637912750244
3358	gpt2	3359	1680	18	steer	simple	unexpected	The officers steers	0.013763716718472093	0.013763716718472093	11.923139095306395	11.923139095306395
3359	gpt2	3360	1680	18	steer	simple	expected	The officers steer	3.453345470916247e-06	3.453345470916247e-06	18.143573760986328	18.143573760986328
3360	gpt2	3361	1681	18	stem	simple	unexpected	The officers stems	2.786312336411356e-08	2.786312336411356e-08	25.09706687927246	25.09706687927246
3361	gpt2	3362	1681	18	stem	simple	expected	The officers stem	2.0374718587845564e-06	2.0374718587845564e-06	18.904788970947266	18.904788970947266
3362	gpt2	3363	1682	18	step	simple	unexpected	The officers steps	2.6628033538145246e-06	2.6628033538145246e-06	18.51862335205078	18.51862335205078
3363	gpt2	3364	1682	18	step	simple	expected	The officers step	5.671993858413771e-05	5.671993858413771e-05	14.10578441619873	14.10578441619873
3364	gpt2	3365	1683	18	sterilize	simple	unexpected	The officers sterilizes	0.0010157402607830917	0.0010157402607830917	14.742296218872069	14.742296218872069
3365	gpt2	3366	1683	18	sterilize	simple	expected	The officers sterilize	0.05469925322134369	0.05469925322134369	11.866609096527098	11.866609096527098
3366	gpt2	3367	1684	18	stick	simple	unexpected	The officers sticks	2.738758553277876e-07	2.738758553277876e-07	21.79997444152832	21.79997444152832
3367	gpt2	3368	1684	18	stick	simple	expected	The officers stick	9.884159226203336e-06	9.884159226203336e-06	16.626449584960938	16.626449584960938
3368	gpt2	3369	1685	18	stifle	simple	unexpected	The officers stifles	0.0001670831479714	0.0001670831479714	12.580060005187988	12.580060005187988
3369	gpt2	3370	1685	18	stifle	simple	expected	The officers stifle	0.00150786665471965	0.00150786665471965	10.663573741912842	10.663573741912842
3370	gpt2	3371	1686	18	stimulate	simple	unexpected	The officers stimulates	2.8289908193812607e-09	2.8289908193812607e-09	28.397066116333008	28.397066116333008
3371	gpt2	3372	1686	18	stimulate	simple	expected	The officers stimulate	1.3676688581654164e-07	1.3676688581654164e-07	22.801776885986328	22.801776885986328
3372	gpt2	3373	1687	18	stipulate	simple	unexpected	The officers stipulates	0.0013483512434504207	0.0013483512434504207	12.73054313659668	12.73054313659668
3373	gpt2	3374	1687	18	stipulate	simple	expected	The officers stipulate	0.03719789069009492	0.03719789069009492	10.335487723350525	10.335487723350525
3374	gpt2	3375	1688	18	stir	simple	unexpected	The officers stirs	0.0053571106806771145	0.0053571106806771145	13.53882670402527	13.53882670402527
3375	gpt2	3376	1688	18	stir	simple	expected	The officers stir	6.58992007629422e-07	6.58992007629422e-07	20.53323554992676	20.53323554992676
3376	gpt2	3377	1689	18	stockpile	simple	unexpected	The officers stockpiles	0.0060560905616284764	0.0060560905616284764	13.055985689163208	13.055985689163208
3377	gpt2	3378	1689	18	stockpile	simple	expected	The officers stockpile	5.236973947830847e-07	5.236973947830847e-07	20.86476325988769	20.86476325988769
3378	gpt2	3379	1690	18	stock	simple	unexpected	The officers stocks	7.431569315485832e-08	7.431569315485832e-08	23.6817569732666	23.6817569732666
3379	gpt2	3380	1690	18	stock	simple	expected	The officers stock	1.6174147958736285e-06	1.6174147958736285e-06	19.23787879943848	19.23787879943848
3380	gpt2	3381	1691	18	stomach	simple	unexpected	The officers stomaches	0.0030043335427762333	0.0030043335427762333	9.529733339945475	9.529733339945475
3381	gpt2	3382	1691	18	stomach	simple	expected	The officers stomach	6.353633921207802e-07	6.353633921207802e-07	20.585914611816406	20.585914611816406
3382	gpt2	3383	1692	18	stop	simple	unexpected	The officers stops	2.437530156385037e-06	2.437530156385037e-06	18.646148681640625	18.646148681640625
3383	gpt2	3384	1692	18	stop	simple	expected	The officers stop	0.0001939696958288	0.0001939696958288	12.331881523132324	12.331881523132324
3384	gpt2	3385	1693	18	store	simple	unexpected	The officers stores	1.699496152696156e-07	1.699496152696156e-07	22.48838996887207	22.48838996887207
3385	gpt2	3386	1693	18	store	simple	expected	The officers store	4.498104772210354e-06	4.498104772210354e-06	17.762250900268555	17.762250900268555
3386	gpt2	3387	1694	18	strafe	simple	unexpected	The officers strafes	0.005298980993453946	0.005298980993453946	11.116530100504557	11.116530100504557
3387	gpt2	3388	1694	18	strafe	simple	expected	The officers strafe	0.004667565949148369	0.004667565949148369	12.210883378982544	12.210883378982544
3388	gpt2	3389	1695	18	straighten	simple	unexpected	The officers straightens	0.0004910984721390939	0.0004910984721390939	14.133670806884766	14.133670806884766
3389	gpt2	3390	1695	18	straighten	simple	expected	The officers straighten	0.04626590877933264	0.04626590877933264	10.852473139762878	10.852473139762878
3390	gpt2	3391	1696	18	strain	simple	unexpected	The officers strains	6.058440504830287e-08	6.058440504830287e-08	23.97647857666016	23.97647857666016
3391	gpt2	3392	1696	18	strain	simple	expected	The officers strain	5.582560902439582e-07	5.582560902439582e-07	20.77256965637207	20.77256965637207
3392	gpt2	3393	1697	18	stray	simple	unexpected	The officers strays	0.00014921824549671172	0.00014921824549671172	13.196846008300781	13.196846008300781
3393	gpt2	3394	1697	18	stray	simple	expected	The officers stray	1.1053734851884656e-06	1.1053734851884656e-06	19.78703498840332	19.78703498840332
3394	gpt2	3395	1698	18	streamline	simple	unexpected	The officers streamlines	0.00027194218398561093	0.00027194218398561093	15.128840446472168	15.128840446472168
3395	gpt2	3396	1698	18	streamline	simple	expected	The officers streamline	0.00869898682265101	0.00869898682265101	12.627255201339722	12.627255201339722
3396	gpt2	3397	1699	18	streetspeak	simple	unexpected	The officers streetspeaks	0.014985608121098908	0.014985608121098908	14.605799516042074	14.605799516042074
3397	gpt2	3398	1699	18	streetspeak	simple	expected	The officers streetspeak	5.205668152541421e-06	5.205668152541421e-06	19.677091598510742	19.677091598510742
3398	gpt2	3399	1700	18	strengthen	simple	unexpected	The officers strengthens	3.199411624521531e-09	3.199411624521531e-09	28.219545364379883	28.219545364379883
3399	gpt2	3400	1700	18	strengthen	simple	expected	The officers strengthen	4.161223614573828e-07	4.161223614573828e-07	21.196489334106445	21.196489334106445
3400	gpt2	3401	1701	18	stress	simple	unexpected	The officers stresses	1.367335045188156e-07	1.367335045188156e-07	22.8021297454834	22.8021297454834
3401	gpt2	3402	1701	18	stress	simple	expected	The officers stress	1.886145219032187e-05	1.886145219032187e-05	15.694199562072754	15.694199562072754
3402	gpt2	3403	1702	18	stretch	simple	unexpected	The officers stretches	4.4788166064790864e-08	4.4788166064790864e-08	24.41230773925781	24.41230773925781
3403	gpt2	3404	1702	18	stretch	simple	expected	The officers stretch	2.230770405731164e-06	2.230770405731164e-06	18.77402687072754	18.77402687072754
3404	gpt2	3405	1703	18	strike	simple	unexpected	The officers strikes	5.931824489380233e-07	5.931824489380233e-07	20.685020446777344	20.685020446777344
3405	gpt2	3406	1703	18	strike	simple	expected	The officers strike	5.350750871002674e-05	5.350750871002674e-05	14.189899444580078	14.189899444580078
3406	gpt2	3407	1704	18	strip	simple	unexpected	The officers strips	3.038753959572205e-07	3.038753959572205e-07	21.65001678466797	21.65001678466797
3407	gpt2	3408	1704	18	strip	simple	expected	The officers strip	4.673136209021322e-05	4.673136209021322e-05	14.385249137878418	14.385249137878418
3408	gpt2	3409	1705	18	stroll	simple	unexpected	The officers strolls	0.00021419321785739535	0.00021419321785739535	15.362648963928223	15.362648963928223
3409	gpt2	3410	1705	18	stroll	simple	expected	The officers stroll	1.3190685876907082e-06	1.3190685876907082e-06	19.53204917907715	19.53204917907715
3410	gpt2	3411	1706	18	structure	simple	unexpected	The officers structures	7.876656837879636e-08	7.876656837879636e-08	23.597841262817383	23.597841262817383
3411	gpt2	3412	1706	18	structure	simple	expected	The officers structure	7.703691835558857e-07	7.703691835558857e-07	20.30794715881348	20.30794715881348
3412	gpt2	3413	1707	18	struggle	simple	unexpected	The officers struggles	1.3659333717441768e-06	1.3659333717441768e-06	19.48168182373047	19.48168182373047
3413	gpt2	3414	1707	18	struggle	simple	expected	The officers struggle	0.0001119198277592	0.0001119198277592	13.12524700164795	13.12524700164795
3414	gpt2	3415	1708	18	study	simple	unexpected	The officers studies	2.1501682567759417e-07	2.1501682567759417e-07	22.1490478515625	22.1490478515625
3415	gpt2	3416	1708	18	study	simple	expected	The officers study	2.758419213932939e-06	2.758419213932939e-06	18.46772766113281	18.46772766113281
3416	gpt2	3417	1709	18	stumble	simple	unexpected	The officers stumbles	0.00068084173108215	0.00068084173108215	11.278330326080322	11.278330326080322
3417	gpt2	3418	1709	18	stumble	simple	expected	The officers stumble	5.19394325237954e-06	5.19394325237954e-06	17.554738998413086	17.554738998413086
3418	gpt2	3419	1710	18	subcontract	simple	unexpected	The officers subcontracts	0.05028534947564456	0.05028534947564456	14.435953855514526	14.435953855514526
3419	gpt2	3420	1710	18	subcontract	simple	expected	The officers subcontract	2.024035161696247e-08	2.024035161696247e-08	25.558189392089844	25.558189392089844
3420	gpt2	3421	1711	18	subject	simple	unexpected	The officers subjects	2.5197539343935205e-07	2.5197539343935205e-07	21.92021369934082	21.92021369934082
3421	gpt2	3422	1711	18	subject	simple	expected	The officers subject	4.665512460633181e-05	4.665512460633181e-05	14.38760471343994	14.38760471343994
3422	gpt2	3423	1712	18	sublet	simple	unexpected	The officers sublets	7.500519450331371e-05	7.500519450331371e-05	14.821548461914062	14.821548461914062
3423	gpt2	3424	1712	18	sublet	simple	expected	The officers sublet	0.006578524680207914	0.006578524680207914	11.553005695343018	11.553005695343018
3424	gpt2	3425	1713	18	submit	simple	unexpected	The officers submits	0.08250300082318061	0.08250300082318061	9.728275179862976	9.728275179862976
3425	gpt2	3426	1713	18	submit	simple	expected	The officers submit	1.5667979823774658e-05	1.5667979823774658e-05	15.961821556091309	15.961821556091309
3426	gpt2	3427	1714	18	subordinate	simple	unexpected	The officers subordinates	1.852010278469152e-08	1.852010278469152e-08	25.68633270263672	25.68633270263672
3427	gpt2	3428	1714	18	subordinate	simple	expected	The officers subordinate	2.7095370569441e-07	2.7095370569441e-07	21.81545066833496	21.81545066833496
3428	gpt2	3429	1715	18	subpoena	simple	unexpected	The officers subpoenas	0.00028857793677157	0.00028857793677157	14.115061283111572	14.115061283111572
3429	gpt2	3430	1715	18	subpoena	simple	expected	The officers subpoena	4.285984118723718e-07	4.285984118723718e-07	21.15386962890625	21.15386962890625
3430	gpt2	3431	1716	18	subscribe	simple	unexpected	The officers subscribes	0.4256362407170817	0.4256362407170817	12.994619242846966	12.994619242846966
3431	gpt2	3432	1716	18	subscribe	simple	expected	The officers subscribe	6.743725293745229e-07	6.743725293745229e-07	20.499950408935547	20.499950408935547
3432	gpt2	3433	1717	18	subsidize	simple	unexpected	The officers subsidizes	0.004520041620651217	0.004520041620651217	14.306113958358765	14.306113958358765
3433	gpt2	3434	1717	18	subsidize	simple	expected	The officers subsidize	0.19983986088476513	0.19983986088476513	11.57291066646576	11.57291066646576
3434	gpt2	3435	1718	18	substantiate	simple	unexpected	The officers substantiates	0.0035200435100648177	0.0035200435100648177	13.596002578735352	13.596002578735352
3435	gpt2	3436	1718	18	substantiate	simple	expected	The officers substantiate	0.22360624506981708	0.22360624506981708	10.601297318935394	10.601297318935394
3436	gpt2	3437	1719	18	substitute	simple	unexpected	The officers substitutes	1.6691739546104145e-08	1.6691739546104145e-08	25.83629035949707	25.83629035949707
3437	gpt2	3438	1719	18	substitute	simple	expected	The officers substitute	8.784209626355732e-07	8.784209626355732e-07	20.11858367919922	20.11858367919922
3438	gpt2	3439	1720	18	subtract	simple	unexpected	The officers subtracts	0.013486411748175399	0.013486411748175399	14.25112247467041	14.25112247467041
3439	gpt2	3440	1720	18	subtract	simple	expected	The officers subtract	9.750891649673576e-08	9.750891649673576e-08	23.28989028930664	23.28989028930664
3440	gpt2	3441	1721	18	subvert	simple	unexpected	The officers subverts	0.00013455928592516372	0.00013455928592516372	14.381209373474121	14.381209373474121
3441	gpt2	3442	1721	18	subvert	simple	expected	The officers subvert	0.009190003936510014	0.009190003936510014	11.311723709106445	11.311723709106445
3442	gpt2	3443	1722	18	succeed	simple	unexpected	The officers succeeds	6.16474906678377e-08	6.16474906678377e-08	23.95138168334961	23.95138168334961
3443	gpt2	3444	1722	18	succeed	simple	expected	The officers succeed	1.490129670855822e-05	1.490129670855822e-05	16.034202575683594	16.034202575683594
3444	gpt2	3445	1723	18	sue	simple	unexpected	The officers sues	0.024739846775901235	0.024739846775901235	10.566627264022827	10.566627264022827
3445	gpt2	3446	1723	18	sue	simple	expected	The officers sue	1.7651963162279571e-06	1.7651963162279571e-06	19.111740112304688	19.111740112304688
3446	gpt2	3447	1724	18	suffer	simple	unexpected	The officers suffers	1.777961244897597e-07	1.777961244897597e-07	22.42327308654785	22.42327308654785
3447	gpt2	3448	1724	18	suffer	simple	expected	The officers suffer	1.6315258108079433e-05	1.6315258108079433e-05	15.90341854095459	15.90341854095459
3448	gpt2	3449	1725	18	suffice	simple	unexpected	The officers suffices	1.000640776283035e-05	1.000640776283035e-05	17.730262279510498	17.730262279510498
3449	gpt2	3450	1725	18	suffice	simple	expected	The officers suffice	3.427110186748905e-07	3.427110186748905e-07	21.476503372192383	21.476503372192383
3450	gpt2	3451	1726	18	suggest	simple	unexpected	The officers suggests	1.1193935733899707e-06	1.1193935733899707e-06	19.76885032653809	19.76885032653809
3451	gpt2	3452	1726	18	suggest	simple	expected	The officers suggest	6.948464579181746e-05	6.948464579181746e-05	13.812946319580078	13.812946319580078
3452	gpt2	3453	1727	18	suit	simple	unexpected	The officers suits	6.995389156827514e-08	6.995389156827514e-08	23.769020080566406	23.769020080566406
3453	gpt2	3454	1727	18	suit	simple	expected	The officers suit	3.3738635920599336e-06	3.3738635920599336e-06	18.177165985107425	18.177165985107425
3454	gpt2	3455	1728	18	summarize	simple	unexpected	The officers summarizes	1.0945373496440425e-08	1.0945373496440425e-08	26.44510269165039	26.44510269165039
3455	gpt2	3456	1728	18	summarize	simple	expected	The officers summarize	3.482566910406604e-07	3.482566910406604e-07	21.453346252441406	21.453346252441406
3456	gpt2	3457	1729	18	summon	simple	unexpected	The officers summons	1.285076223211945e-06	1.285076223211945e-06	19.569713592529297	19.569713592529297
3457	gpt2	3458	1729	18	summon	simple	expected	The officers summon	2.028971266554436e-06	2.028971266554436e-06	18.91082000732422	18.91082000732422
3458	gpt2	3459	1730	18	sum	simple	unexpected	The officers sums	2.5509017120839417e-08	2.5509017120839417e-08	25.22441673278809	25.22441673278809
3459	gpt2	3460	1730	18	sum	simple	expected	The officers sum	1.4111002428762731e-06	1.4111002428762731e-06	19.43474769592285	19.43474769592285
3460	gpt2	3461	1731	18	supersede	simple	unexpected	The officers supersedes	0.1923692697722856	0.1923692697722856	8.835426847139994	8.835426847139994
3461	gpt2	3462	1731	18	supersede	simple	expected	The officers supersede	0.02310266493680042	0.02310266493680042	12.70786476135254	12.70786476135254
3462	gpt2	3463	1732	18	supervise	simple	unexpected	The officers supervises	0.0009380191986565232	0.0009380191986565232	12.485573768615723	12.485573768615723
3463	gpt2	3464	1732	18	supervise	simple	expected	The officers supervise	0.04710349941888122	0.04710349941888122	9.654348611831665	9.654348611831665
3464	gpt2	3465	1733	18	supplement	simple	unexpected	The officers supplements	2.785972164076611e-08	2.785972164076611e-08	25.097244262695312	25.097244262695312
3465	gpt2	3466	1733	18	supplement	simple	expected	The officers supplement	8.178543566828012e-07	8.178543566828012e-07	20.22165298461914	20.22165298461914
3466	gpt2	3467	1734	18	supply	simple	unexpected	The officers supplies	4.5117991476217867e-07	4.5117991476217867e-07	21.07979393005371	21.07979393005371
3467	gpt2	3468	1734	18	supply	simple	expected	The officers supply	1.5855987385293702e-06	1.5855987385293702e-06	19.26654052734375	19.26654052734375
3468	gpt2	3469	1735	18	support	simple	unexpected	The officers supports	2.631909978845215e-07	2.631909978845215e-07	21.857385635375977	21.857385635375977
3469	gpt2	3470	1735	18	support	simple	expected	The officers support	1.4417950296774508e-05	1.4417950296774508e-05	16.08177375793457	16.08177375793457
3470	gpt2	3471	1736	18	suppose	simple	unexpected	The officers supposes	0.0007205839852133446	0.0007205839852133446	14.793282985687256	14.793282985687256
3471	gpt2	3472	1736	18	suppose	simple	expected	The officers suppose	4.166960025031585e-06	4.166960025031585e-06	17.872573852539062	17.872573852539062
3472	gpt2	3473	1737	18	suppress	simple	unexpected	The officers suppresses	0.0013679907192738446	0.0013679907192738446	14.330668926239014	14.330668926239014
3473	gpt2	3474	1737	18	suppress	simple	expected	The officers suppress	1.618056558072567e-06	1.618056558072567e-06	19.237306594848636	19.237306594848636
3474	gpt2	3475	1738	18	surface	simple	unexpected	The officers surfaces	2.1010377437846728e-08	2.1010377437846728e-08	25.504322052001957	25.504322052001957
3475	gpt2	3476	1738	18	surface	simple	expected	The officers surface	2.5072125708902604e-07	2.5072125708902604e-07	21.92741203308105	21.92741203308105
3476	gpt2	3477	1739	18	surge	simple	unexpected	The officers surges	2.7360082199834324e-08	2.7360082199834324e-08	25.12335205078125	25.12335205078125
3477	gpt2	3478	1739	18	surge	simple	expected	The officers surge	1.0845561746464227e-06	1.0845561746464227e-06	19.8144645690918	19.8144645690918
3478	gpt2	3479	1740	18	surpass	simple	unexpected	The officers surpasses	0.008224285458467739	0.008224285458467739	14.131929159164429	14.131929159164429
3479	gpt2	3480	1740	18	surpass	simple	expected	The officers surpass	1.88628717978645e-07	1.88628717978645e-07	22.337947845458984	22.337947845458984
3480	gpt2	3481	1741	18	surprise	simple	unexpected	The officers surprises	8.226123071608528e-08	8.226123071608528e-08	23.53521156311035	23.53521156311035
3481	gpt2	3482	1741	18	surprise	simple	expected	The officers surprise	4.872004410572117e-06	4.872004410572117e-06	17.647052764892578	17.647052764892578
3482	gpt2	3483	1742	18	surrender	simple	unexpected	The officers surrenders	0.10720887896301667	0.10720887896301667	7.545437216758728	7.545437216758728
3483	gpt2	3484	1742	18	surrender	simple	expected	The officers surrender	1.6256983144558035e-05	1.6256983144558035e-05	15.908580780029297	15.908580780029297
3484	gpt2	3485	1743	18	survey	simple	unexpected	The officers surveys	1.317604443329401e-07	1.317604443329401e-07	22.855579376220703	22.855579376220703
3485	gpt2	3486	1743	18	survey	simple	expected	The officers survey	8.711728582966316e-07	8.711728582966316e-07	20.13053703308105	20.13053703308105
3486	gpt2	3487	1744	18	survive	simple	unexpected	The officers survives	5.588199059047839e-08	5.588199059047839e-08	24.093040466308597	24.093040466308597
3487	gpt2	3488	1744	18	survive	simple	expected	The officers survive	5.813568805024261e-06	5.813568805024261e-06	17.39214515686035	17.39214515686035
3488	gpt2	3489	1745	18	suspect	simple	unexpected	The officers suspects	1.1047038242395502e-05	1.1047038242395502e-05	16.465980529785156	16.465980529785156
3489	gpt2	3490	1745	18	suspect	simple	expected	The officers suspect	0.0003607335384003	0.0003607335384003	11.436779022216797	11.436779022216797
3490	gpt2	3491	1746	18	suspend	simple	unexpected	The officers suspends	0.01170709192464158	0.01170709192464158	13.765475273132324	13.765475273132324
3491	gpt2	3492	1746	18	suspend	simple	expected	The officers suspend	5.455821110444958e-07	5.455821110444958e-07	20.805700302124023	20.805700302124023
3492	gpt2	3493	1747	18	sustain	simple	unexpected	The officers sustains	0.18533622898235433	0.18533622898235433	12.797909557819366	12.797909557819366
3493	gpt2	3494	1747	18	sustain	simple	expected	The officers sustain	1.1815577636298258e-06	1.1815577636298258e-06	19.69087791442871	19.69087791442871
3494	gpt2	3495	1748	18	swallow	simple	unexpected	The officers swallows	0.18216625129792804	0.18216625129792804	14.450457453727722	14.450457453727722
3495	gpt2	3496	1748	18	swallow	simple	expected	The officers swallow	2.904691882577026e-07	2.904691882577026e-07	21.715110778808597	21.715110778808597
3496	gpt2	3497	1749	18	swamp	simple	unexpected	The officers swamps	0.0002287988008901777	0.0002287988008901777	14.353425979614258	14.353425979614258
3497	gpt2	3498	1749	18	swamp	simple	expected	The officers swamp	1.994232405877483e-07	1.994232405877483e-07	22.25766372680664	22.25766372680664
3498	gpt2	3499	1750	18	swap	simple	unexpected	The officers swaps	1.5714689993728825e-08	1.5714689993728825e-08	25.923311233520508	25.923311233520508
3499	gpt2	3500	1750	18	swap	simple	expected	The officers swap	2.372541985096177e-06	2.372541985096177e-06	18.685134887695312	18.685134887695312
3500	gpt2	3501	1751	18	sway	simple	unexpected	The officers sways	0.00075461973756315	0.00075461973756315	11.003368377685547	11.003368377685547
3501	gpt2	3502	1751	18	sway	simple	expected	The officers sway	3.171832645421091e-07	3.171832645421091e-07	21.588180541992188	21.588180541992188
3502	gpt2	3503	1752	18	swear	simple	unexpected	The officers swears	0.0019845373899442503	0.0019845373899442503	9.63062858581543	9.63062858581543
3503	gpt2	3504	1752	18	swear	simple	expected	The officers swear	9.2456211859826e-05	9.2456211859826e-05	13.400870323181152	13.400870323181152
3504	gpt2	3505	1753	18	sweat	simple	unexpected	The officers sweats	8.762944503359905e-08	8.762944503359905e-08	23.44400978088379	23.44400978088379
3505	gpt2	3506	1753	18	sweat	simple	expected	The officers sweat	1.867265950750152e-06	1.867265950750152e-06	19.030641555786133	19.030641555786133
3506	gpt2	3507	1754	18	sweeten	simple	unexpected	The officers sweetens	0.006905833198970841	0.006905833198970841	12.582468271255493	12.582468271255493
3507	gpt2	3508	1754	18	sweeten	simple	expected	The officers sweeten	0.05226384236971169	0.05226384236971169	11.12241816520691	11.12241816520691
3508	gpt2	3509	1755	18	swell	simple	unexpected	The officers swells	0.00022966257461117147	0.00022966257461117147	14.140937805175781	14.140937805175781
3509	gpt2	3510	1755	18	swell	simple	expected	The officers swell	2.596765966700332e-07	2.596765966700332e-07	21.876781463623047	21.876781463623047
3510	gpt2	3511	1756	18	swing	simple	unexpected	The officers swings	9.630234387714155e-08	9.630234387714155e-08	23.30785369873047	23.30785369873047
3511	gpt2	3512	1756	18	swing	simple	expected	The officers swing	2.6570398858893896e-06	2.6570398858893896e-06	18.52174949645996	18.52174949645996
3512	gpt2	3513	1757	18	switch	simple	unexpected	The officers switches	9.054363658833608e-08	9.054363658833608e-08	23.39681053161621	23.39681053161621
3513	gpt2	3514	1757	18	switch	simple	expected	The officers switch	3.052290367122623e-06	3.052290367122623e-06	18.32167625427246	18.32167625427246
3514	gpt2	3515	1758	19	synthesize	simple	unexpected	The managers synthesizes	0.0024198442035299013	0.0024198442035299013	14.15491008758545	14.15491008758545
3515	gpt2	3516	1758	19	synthesize	simple	expected	The managers synthesize	0.17944724618354255	0.17944724618354255	11.048567831516266	11.048567831516266
3516	gpt2	3517	1759	19	tackle	simple	unexpected	The managers tackles	3.100568051195296e-07	3.100568051195296e-07	21.62096405029297	21.62096405029297
3517	gpt2	3518	1759	19	tackle	simple	expected	The managers tackle	6.236548870219849e-06	6.236548870219849e-06	17.290821075439453	17.290821075439453
3518	gpt2	3519	1760	19	tag	simple	unexpected	The managers tags	1.5358295968326274e-07	1.5358295968326274e-07	22.634477615356445	22.634477615356445
3519	gpt2	3520	1760	19	tag	simple	expected	The managers tag	7.091672614478739e-06	7.091672614478739e-06	17.10544204711914	17.10544204711914
3520	gpt2	3521	1761	19	take	simple	unexpected	The managers takes	1.129448264691746e-05	1.129448264691746e-05	16.434022903442383	16.434022903442383
3521	gpt2	3522	1761	19	take	simple	expected	The managers take	0.0011625047773122	0.0011625047773122	9.748547554016112	9.748547554016112
3522	gpt2	3523	1762	19	talk	simple	unexpected	The managers talks	1.80810566234868e-05	1.80810566234868e-05	15.75516128540039	15.75516128540039
3523	gpt2	3524	1762	19	talk	simple	expected	The managers talk	0.0003749361494556	0.0003749361494556	11.381067276000977	11.381067276000977
3524	gpt2	3525	1763	19	tamper	simple	unexpected	The managers tampers	0.0014405512106385632	0.0014405512106385632	15.9183931350708	15.9183931350708
3525	gpt2	3526	1763	19	tamper	simple	expected	The managers tamper	0.030564504726214626	0.030564504726214626	11.886077642440796	11.886077642440796
3526	gpt2	3527	1764	19	tandy	simple	unexpected	The managers tandies	0.0003458963474258401	0.0003458963474258401	12.034015337626139	12.034015337626139
3527	gpt2	3528	1764	19	tandy	simple	expected	The managers tandy	4.6628739255538676e-05	4.6628739255538676e-05	14.787306785583496	14.787306785583496
3528	gpt2	3529	1765	19	tap	simple	unexpected	The managers taps	9.871968842389833e-08	9.871968842389833e-08	23.27208709716797	23.27208709716797
3529	gpt2	3530	1765	19	tap	simple	expected	The managers tap	3.520583504723618e-06	3.520583504723618e-06	18.115753173828125	18.115753173828125
3530	gpt2	3531	1766	19	target	simple	unexpected	The managers targets	1.7238386362805611e-06	1.7238386362805611e-06	19.145944595336918	19.145944595336918
3531	gpt2	3532	1766	19	target	simple	expected	The managers target	2.913272874138784e-05	2.913272874138784e-05	15.066999435424805	15.066999435424805
3532	gpt2	3533	1767	19	tarnish	simple	unexpected	The managers tarnishes	0.0006454826405430732	0.0006454826405430732	15.855056285858154	15.855056285858154
3533	gpt2	3534	1767	19	tarnish	simple	expected	The managers tarnish	0.061693484331776426	0.061693484331776426	12.565636157989502	12.565636157989502
3534	gpt2	3535	1768	19	taste	simple	unexpected	The managers tastes	2.8425574782886546e-08	2.8425574782886546e-08	25.068235397338867	25.068235397338867
3535	gpt2	3536	1768	19	taste	simple	expected	The managers taste	2.1079379166621948e-06	2.1079379166621948e-06	18.855735778808597	18.855735778808597
3536	gpt2	3537	1769	19	tax	simple	unexpected	The managers taxes	4.089511662641599e-07	4.089511662641599e-07	21.221567153930664	21.221567153930664
3537	gpt2	3538	1769	19	tax	simple	expected	The managers tax	7.115681910363492e-06	7.115681910363492e-06	17.100566864013672	17.100566864013672
3538	gpt2	3539	1770	19	teach	simple	unexpected	The managers teaches	2.540999162192748e-07	2.540999162192748e-07	21.908100128173828	21.908100128173828
3539	gpt2	3540	1770	19	teach	simple	expected	The managers teach	2.736808346526232e-05	2.736808346526232e-05	15.157146453857422	15.157146453857422
3540	gpt2	3541	1771	19	team	simple	unexpected	The managers teams	1.870360756583977e-05	1.870360756583977e-05	15.706323623657228	15.706323623657228
3541	gpt2	3542	1771	19	team	simple	expected	The managers team	0.0002006000722758	0.0002006000722758	12.283390045166016	12.283390045166016
3542	gpt2	3543	1772	19	tear	simple	unexpected	The managers tears	8.998389375847182e-07	8.998389375847182e-07	20.083829879760746	20.083829879760746
3543	gpt2	3544	1772	19	tear	simple	expected	The managers tear	2.7874552870343905e-06	2.7874552870343905e-06	18.452619552612305	18.452619552612305
3544	gpt2	3545	1773	19	tell	simple	unexpected	The managers tells	9.93530647974694e-06	9.93530647974694e-06	16.619003295898438	16.619003295898438
3545	gpt2	3546	1773	19	tell	simple	expected	The managers tell	0.0008231138344854	0.0008231138344854	10.246620178222656	10.246620178222656
3546	gpt2	3547	1774	19	tender	simple	unexpected	The managers tenders	0.0001506545040683299	0.0001506545040683299	13.469569206237793	13.469569206237793
3547	gpt2	3548	1774	19	tender	simple	expected	The managers tender	7.498099989788898e-07	7.498099989788898e-07	20.34697151184082	20.34697151184082
3548	gpt2	3549	1775	19	tend	simple	unexpected	The managers tends	1.1011691185558448e-06	1.1011691185558448e-06	19.79253196716309	19.79253196716309
3549	gpt2	3550	1775	19	tend	simple	expected	The managers tend	0.0002728230901993	0.0002728230901993	11.839746475219728	11.839746475219728
3550	gpt2	3551	1776	19	terminate	simple	unexpected	The managers terminates	0.15001541733597887	0.15001541733597887	11.623130142688753	11.623130142688753
3551	gpt2	3552	1776	19	terminate	simple	expected	The managers terminate	6.835883596068015e-06	6.835883596068015e-06	17.1584415435791	17.1584415435791
3552	gpt2	3553	1777	19	term	simple	unexpected	The managers terms	2.1580578959401464e-06	2.1580578959401464e-06	18.821834564208984	18.821834564208984
3553	gpt2	3554	1777	19	term	simple	expected	The managers term	1.6016974768717773e-05	1.6016974768717773e-05	15.930038452148438	15.930038452148438
3554	gpt2	3555	1778	19	test-drive	simple	unexpected	The managers test-drives	0.0027034227787225596	0.0027034227787225596	11.06028938293457	11.06028938293457
3555	gpt2	3556	1778	19	test-drive	simple	expected	The managers test-drive	0.0027034227787225596	0.0027034227787225596	11.06028938293457	11.06028938293457
3556	gpt2	3557	1779	19	testify	simple	unexpected	The managers testifies	0.00031280646726370966	0.00031280646726370966	12.659271240234375	12.659271240234375
3557	gpt2	3558	1779	19	testify	simple	expected	The managers testify	7.27770384401083e-06	7.27770384401083e-06	17.068084716796875	17.068084716796875
3558	gpt2	3559	1780	19	test	simple	unexpected	The managers tests	1.3538102621168946e-06	1.3538102621168946e-06	19.494543075561523	19.494543075561523
3559	gpt2	3560	1780	19	test	simple	expected	The managers test	4.086895933141932e-05	4.086895933141932e-05	14.578635215759276	14.578635215759276
3560	gpt2	3561	1781	19	thank	simple	unexpected	The managers thanks	8.009536941244733e-06	8.009536941244733e-06	16.92984962463379	16.92984962463379
3561	gpt2	3562	1781	19	thank	simple	expected	The managers thank	4.314712714403868e-05	4.314712714403868e-05	14.500375747680664	14.500375747680664
3562	gpt2	3563	1782	19	the	simple	unexpected	The managers thes	0.0004924680797557444	0.0004924680797557444	12.94558048248291	12.94558048248291
3563	gpt2	3564	1782	19	the	simple	expected	The managers the	0.0009683420066721	0.0009683420066721	10.012195587158203	10.012195587158203
3564	gpt2	3565	1783	19	think	simple	unexpected	The managers thinks	8.875021194398869e-06	8.875021194398869e-06	16.781818389892578	16.781818389892578
3565	gpt2	3566	1783	19	think	simple	expected	The managers think	0.0007460478809662	0.0007460478809662	10.38844394683838	10.38844394683838
3566	gpt2	3567	1784	19	thrash	simple	unexpected	The managers thrashes	0.00028259989903743296	0.00028259989903743296	14.69132947921753	14.69132947921753
3567	gpt2	3568	1784	19	thrash	simple	expected	The managers thrash	0.046992141014015935	0.046992141014015935	10.999343633651733	10.999343633651733
3568	gpt2	3569	1785	19	threaten	simple	unexpected	The managers threatens	2.119361965924327e-07	2.119361965924327e-07	22.16986656188965	22.16986656188965
3569	gpt2	3570	1785	19	threaten	simple	expected	The managers threaten	8.702366358193103e-06	8.702366358193103e-06	16.810161590576172	16.810161590576172
3570	gpt2	3571	1786	19	thrive	simple	unexpected	The managers thrives	0.012491579611634046	0.012491579611634046	12.69098711013794	12.69098711013794
3571	gpt2	3572	1786	19	thrive	simple	expected	The managers thrive	1.949955276359105e-06	1.949955276359105e-06	18.968128204345703	18.968128204345703
3572	gpt2	3573	1787	19	throw	simple	unexpected	The managers throws	2.783235686365515e-07	2.783235686365515e-07	21.7767333984375	21.7767333984375
3573	gpt2	3574	1787	19	throw	simple	expected	The managers throw	2.2491942218039185e-05	2.2491942218039185e-05	15.440232276916504	15.440232276916504
3574	gpt2	3575	1788	19	thwart	simple	unexpected	The managers thwarts	0.006873581390664181	0.006873581390664181	12.029446363449097	12.029446363449097
3575	gpt2	3576	1788	19	thwart	simple	expected	The managers thwart	3.610523719999037e-07	3.610523719999037e-07	21.40128898620605	21.40128898620605
3576	gpt2	3577	1789	19	tick	simple	unexpected	The managers ticks	6.465655388865343e-08	6.465655388865343e-08	23.882627487182617	23.882627487182617
3577	gpt2	3578	1789	19	tick	simple	expected	The managers tick	6.720820692862617e-06	6.720820692862617e-06	17.182931900024414	17.182931900024414
3578	gpt2	3579	1790	19	tie	simple	unexpected	The managers ties	5.536814455808781e-07	5.536814455808781e-07	20.78444099426269	20.78444099426269
3579	gpt2	3580	1790	19	tie	simple	expected	The managers tie	4.3722875489038415e-06	4.3722875489038415e-06	17.803180694580078	17.803180694580078
3580	gpt2	3581	1791	19	tighten	simple	unexpected	The managers tightens	0.05551128579679694	0.05551128579679694	10.656078457832336	10.656078457832336
3581	gpt2	3582	1791	19	tighten	simple	expected	The managers tighten	9.678567494120216e-07	9.678567494120216e-07	19.978702545166016	19.978702545166016
3582	gpt2	3583	1792	19	tilt	simple	unexpected	The managers tilts	0.18045338658809837	0.18045338658809837	11.969756126403809	11.969756126403809
3583	gpt2	3584	1792	19	tilt	simple	expected	The managers tilt	6.822359637226327e-07	6.822359637226327e-07	20.483226776123047	20.483226776123047
3584	gpt2	3585	1793	19	time	simple	unexpected	The managers times	1.8383657334197776e-06	1.8383657334197776e-06	19.05314445495605	19.05314445495605
3585	gpt2	3586	1793	19	time	simple	expected	The managers time	2.6691914172261025e-05	2.6691914172261025e-05	15.1932373046875	15.1932373046875
3586	gpt2	3587	1794	19	tiptoe	simple	unexpected	The managers tiptoes	0.01183854415042634	0.01183854415042634	8.523169676462809	8.523169676462809
3587	gpt2	3588	1794	19	tiptoe	simple	expected	The managers tiptoe	0.17177991878512933	0.17177991878512933	6.671302596728008	6.671302596728008
3588	gpt2	3589	1795	19	tolerate	simple	unexpected	The managers tolerates	0.07189798057845564	0.07189798057845564	11.206234455108643	11.206234455108643
3589	gpt2	3590	1795	19	tolerate	simple	expected	The managers tolerate	5.232743205851875e-06	5.232743205851875e-06	17.54400062561035	17.54400062561035
3590	gpt2	3591	1796	19	topple	simple	unexpected	The managers topples	0.02929833573574924	0.02929833573574924	14.082261323928833	14.082261323928833
3591	gpt2	3592	1796	19	topple	simple	expected	The managers topple	1.1559224333268506e-07	1.1559224333268506e-07	23.044452667236328	23.044452667236328
3592	gpt2	3593	1797	19	top	simple	unexpected	The managers tops	8.063150289672194e-07	8.063150289672194e-07	20.24215316772461	20.24215316772461
3593	gpt2	3594	1797	19	top	simple	expected	The managers top	3.779011240112595e-05	3.779011240112595e-05	14.691631317138672	14.691631317138672
3594	gpt2	3595	1798	19	torment	simple	unexpected	The managers torments	0.0005655891261539641	0.0005655891261539641	13.828757762908936	13.828757762908936
3595	gpt2	3596	1798	19	torment	simple	expected	The managers torment	1.2200553101138212e-06	1.2200553101138212e-06	19.64462280273437	19.64462280273437
3596	gpt2	3597	1799	19	torpedo	simple	unexpected	The managers torpedoes	0.4430726841361956	0.4430726841361956	13.084584079682825	13.084584079682825
3597	gpt2	3598	1799	19	torpedo	simple	expected	The managers torpedo	2.9619027941407694e-07	2.9619027941407694e-07	21.68697166442871	21.68697166442871
3598	gpt2	3599	1800	19	torture	simple	unexpected	The managers tortures	0.0638642821468522	0.0638642821468522	12.259641408920288	12.259641408920288
3599	gpt2	3600	1800	19	torture	simple	expected	The managers torture	3.952336555812508e-07	3.952336555812508e-07	21.270790100097656	21.270790100097656
3600	gpt2	3601	1801	19	toss	simple	unexpected	The managers tosses	0.0004260549110312747	0.0004260549110312747	14.503782272338867	14.503782272338867
3601	gpt2	3602	1801	19	toss	simple	expected	The managers toss	2.180067440349376e-06	2.180067440349376e-06	18.80719566345215	18.80719566345215
3602	gpt2	3603	1802	19	total	simple	unexpected	The managers totals	6.20289313246758e-08	6.20289313246758e-08	23.94248390197754	23.94248390197754
3603	gpt2	3604	1802	19	total	simple	expected	The managers total	1.2985397006559651e-05	1.2985397006559651e-05	16.232749938964844	16.232749938964844
3604	gpt2	3605	1803	19	totter	simple	unexpected	The managers totters	0.0014319226061445215	0.0014319226061445215	14.395774841308594	14.395774841308594
3605	gpt2	3606	1803	19	totter	simple	expected	The managers totter	0.0025595785732832215	0.0025595785732832215	13.976714849472046	13.976714849472046
3606	gpt2	3607	1804	19	touch	simple	unexpected	The managers touches	1.122427804034487e-07	1.122427804034487e-07	23.08687400817871	23.08687400817871
3607	gpt2	3608	1804	19	touch	simple	expected	The managers touch	1.317299211223144e-05	1.317299211223144e-05	16.21205711364746	16.21205711364746
3608	gpt2	3609	1805	19	toughen	simple	unexpected	The managers toughens	0.00024678624268402585	0.00024678624268402585	15.947354793548584	15.947354793548584
3609	gpt2	3610	1805	19	toughen	simple	expected	The managers toughen	0.4942833042800032	0.4942833042800032	10.46268205344677	10.46268205344677
3610	gpt2	3611	1806	19	tough	simple	unexpected	The managers toughs	0.000337025273097414	0.000337025273097414	15.130594730377197	15.130594730377197
3611	gpt2	3612	1806	19	tough	simple	expected	The managers tough	1.154852043327992e-06	1.154852043327992e-06	19.723859786987305	19.723859786987305
3612	gpt2	3613	1807	19	tour	simple	unexpected	The managers tours	2.006617592087423e-07	2.006617592087423e-07	22.24873161315918	22.24873161315918
3613	gpt2	3614	1807	19	tour	simple	expected	The managers tour	5.180942025617696e-06	5.180942025617696e-06	17.558353424072266	17.558353424072266
3614	gpt2	3615	1808	19	tout	simple	unexpected	The managers touts	0.00428258113970511	0.00428258113970511	10.272385358810425	10.272385358810425
3615	gpt2	3616	1808	19	tout	simple	expected	The managers tout	0.03878885599260681	0.03878885599260681	8.677041172981262	8.677041172981262
3616	gpt2	3617	1809	19	tower	simple	unexpected	The managers towers	2.2888335138304686e-07	2.2888335138304686e-07	22.058883666992188	22.058883666992188
3617	gpt2	3618	1809	19	tower	simple	expected	The managers tower	2.065574335574638e-06	2.065574335574638e-06	18.885025024414062	18.885025024414062
3618	gpt2	3619	1810	19	trace	simple	unexpected	The managers traces	2.016147107042343e-07	2.016147107042343e-07	22.24189567565918	22.24189567565918
3619	gpt2	3620	1810	19	trace	simple	expected	The managers trace	3.0116361813270487e-06	3.0116361813270487e-06	18.341020584106445	18.341020584106445
3620	gpt2	3621	1811	19	track	simple	unexpected	The managers tracks	5.316867941473902e-07	5.316867941473902e-07	20.842920303344727	20.842920303344727
3621	gpt2	3622	1811	19	track	simple	expected	The managers track	1.1347427971486468e-05	1.1347427971486468e-05	16.427274703979492	16.427274703979492
3622	gpt2	3623	1812	19	trade	simple	unexpected	The managers trades	1.56722080646432e-07	1.56722080646432e-07	22.605287551879883	22.605287551879883
3623	gpt2	3624	1812	19	trade	simple	expected	The managers trade	1.1246587746427394e-05	1.1246587746427394e-05	16.440153121948242	16.440153121948242
3624	gpt2	3625	1813	19	traduce	simple	unexpected	The managers traduces	0.001027784838162995	0.001027784838162995	16.467285633087158	16.467285633087158
3625	gpt2	3626	1813	19	traduce	simple	expected	The managers traduce	0.008607813917853546	0.008607813917853546	14.934212923049927	14.934212923049927
3626	gpt2	3627	1814	19	trail	simple	unexpected	The managers trails	1.0908365055684045e-07	1.0908365055684045e-07	23.128061294555664	23.128061294555664
3627	gpt2	3628	1814	19	trail	simple	expected	The managers trail	1.1373293773431217e-06	1.1373293773431217e-06	19.74591827392578	19.74591827392578
3628	gpt2	3629	1815	19	train	simple	unexpected	The managers trains	1.0004710020439234e-06	1.0004710020439234e-06	19.930889129638672	19.930889129638672
3629	gpt2	3630	1815	19	train	simple	expected	The managers train	2.8968273909413256e-05	2.8968273909413256e-05	15.075166702270508	15.075166702270508
3630	gpt2	3631	1816	19	transact	simple	unexpected	The managers transacts	0.0006353819812829839	0.0006353819812829839	14.464105129241943	14.464105129241943
3631	gpt2	3632	1816	19	transact	simple	expected	The managers transact	2.935984468876996e-07	2.935984468876996e-07	21.69965171813965	21.69965171813965
3632	gpt2	3633	1817	19	transfer	simple	unexpected	The managers transfers	7.469209322152892e-07	7.469209322152892e-07	20.352540969848636	20.352540969848636
3633	gpt2	3634	1817	19	transfer	simple	expected	The managers transfer	1.0187068255618216e-05	1.0187068255618216e-05	16.582901000976562	16.582901000976562
3634	gpt2	3635	1818	19	transform	simple	unexpected	The managers transforms	5.341356512644779e-08	5.341356512644779e-08	24.158218383789062	24.158218383789062
3635	gpt2	3636	1818	19	transform	simple	expected	The managers transform	2.0089239569642814e-06	2.0089239569642814e-06	18.925146102905277	18.925146102905277
3636	gpt2	3637	1819	19	translate	simple	unexpected	The managers translates	8.038171017688e-08	8.038171017688e-08	23.56855773925781	23.56855773925781
3637	gpt2	3638	1819	19	translate	simple	expected	The managers translate	1.3789433523925254e-06	1.3789433523925254e-06	19.468006134033203	19.468006134033203
3638	gpt2	3639	1820	19	transmit	simple	unexpected	The managers transmits	0.01468986681655336	0.01468986681655336	13.273435354232788	13.273435354232788
3639	gpt2	3640	1820	19	transmit	simple	expected	The managers transmit	6.547397788381204e-07	6.547397788381204e-07	20.54257583618164	20.54257583618164
3640	gpt2	3641	1821	19	transplant	simple	unexpected	The managers transplants	0.010510821925720391	0.010510821925720391	13.752382755279541	13.752382755279541
3641	gpt2	3642	1821	19	transplant	simple	expected	The managers transplant	3.252046099078143e-07	3.252046099078143e-07	21.552148818969727	21.552148818969727
3642	gpt2	3643	1822	19	transport	simple	unexpected	The managers transports	4.2883002038252016e-08	4.2883002038252016e-08	24.47501945495605	24.47501945495605
3643	gpt2	3644	1822	19	transport	simple	expected	The managers transport	1.0241027439406023e-06	1.0241027439406023e-06	19.89720726013184	19.89720726013184
3644	gpt2	3645	1823	19	trash	simple	unexpected	The managers trashes	0.0005532666828003049	0.0005532666828003049	13.236631393432617	13.236631393432617
3645	gpt2	3646	1823	19	trash	simple	expected	The managers trash	5.386810926211183e-07	5.386810926211183e-07	20.824064254760746	20.824064254760746
3646	gpt2	3647	1824	19	travel	simple	unexpected	The managers travels	3.719397625445709e-07	3.719397625445709e-07	21.35842704772949	21.35842704772949
3647	gpt2	3648	1824	19	travel	simple	expected	The managers travel	1.4039169400348328e-05	1.4039169400348328e-05	16.120182037353516	16.120182037353516
3648	gpt2	3649	1825	19	tread	simple	unexpected	The managers treads	0.0009265599510399579	0.0009265599510399579	13.583271026611328	13.583271026611328
3649	gpt2	3650	1825	19	tread	simple	expected	The managers tread	3.5891716834157705e-06	3.5891716834157705e-06	18.08791732788086	18.08791732788086
3650	gpt2	3651	1826	19	treat	simple	unexpected	The managers treats	1.36215044221899e-06	1.36215044221899e-06	19.48568153381348	19.48568153381348
3651	gpt2	3652	1826	19	treat	simple	expected	The managers treat	6.289183511398733e-05	6.289183511398733e-05	13.956768035888672	13.956768035888672
3652	gpt2	3653	1827	19	trend	simple	unexpected	The managers trends	1.7496287796348042e-07	1.7496287796348042e-07	22.446447372436523	22.446447372436523
3653	gpt2	3654	1827	19	trend	simple	expected	The managers trend	5.933703164373583e-07	5.933703164373583e-07	20.6845645904541	20.6845645904541
3654	gpt2	3655	1828	19	trickle	simple	unexpected	The managers trickles	0.0036801822857341795	0.0036801822857341795	12.307966232299805	12.307966232299805
3655	gpt2	3656	1828	19	trickle	simple	expected	The managers trickle	6.935666760909953e-07	6.935666760909953e-07	20.459461212158203	20.459461212158203
3656	gpt2	3657	1829	19	trick	simple	unexpected	The managers tricks	2.2048809000807526e-07	2.2048809000807526e-07	22.112796783447266	22.112796783447266
3657	gpt2	3658	1829	19	trick	simple	expected	The managers trick	5.287844942358788e-06	5.287844942358788e-06	17.528888702392578	17.528888702392578
3658	gpt2	3659	1830	19	trigger	simple	unexpected	The managers triggers	6.647831440886875e-08	6.647831440886875e-08	23.8425407409668	23.8425407409668
3659	gpt2	3660	1830	19	trigger	simple	expected	The managers trigger	4.526661996351322e-06	4.526661996351322e-06	17.75312042236328	17.75312042236328
3660	gpt2	3661	1831	19	trim	simple	unexpected	The managers trims	0.0009367687880512548	0.0009367687880512548	12.854142189025879	12.854142189025879
3661	gpt2	3662	1831	19	trim	simple	expected	The managers trim	2.224032414233079e-06	2.224032414233079e-06	18.77839088439941	18.77839088439941
3662	gpt2	3663	1832	19	triple	simple	unexpected	The managers triples	0.00021817106880913436	0.00021817106880913436	14.559010028839111	14.559010028839111
3663	gpt2	3664	1832	19	triple	simple	expected	The managers triple	3.6097250699640426e-07	3.6097250699640426e-07	21.40160751342773	21.40160751342773
3664	gpt2	3665	1833	19	trivialize	simple	unexpected	The managers trivializes	0.011328257643725666	0.011328257643725666	13.709638833999634	13.709638833999634
3665	gpt2	3666	1833	19	trivialize	simple	expected	The managers trivialize	0.1720228232677243	0.1720228232677243	11.747330486774445	11.747330486774445
3666	gpt2	3667	1834	19	trust	simple	unexpected	The managers trusts	5.595588277174102e-07	5.595588277174102e-07	20.769207000732425	20.769207000732425
3667	gpt2	3668	1834	19	trust	simple	expected	The managers trust	7.413240382447839e-05	7.413240382447839e-05	13.71953582763672	13.71953582763672
3668	gpt2	3669	1835	19	try	simple	unexpected	The managers tries	6.990041129029123e-06	6.990041129029123e-06	17.12626838684082	17.12626838684082
3669	gpt2	3670	1835	19	try	simple	expected	The managers try	0.0006433297530747	0.0006433297530747	10.602153778076172	10.602153778076172
3670	gpt2	3671	1836	19	tumble	simple	unexpected	The managers tumbles	0.0001766692876117102	0.0001766692876117102	12.742903709411621	12.742903709411621
3671	gpt2	3672	1836	19	tumble	simple	expected	The managers tumble	2.577353939159366e-07	2.577353939159366e-07	21.887605667114254	21.887605667114254
3672	gpt2	3673	1837	19	turn	simple	unexpected	The managers turns	1.257468966286979e-06	1.257468966286979e-06	19.601045608520508	19.601045608520508
3673	gpt2	3674	1837	19	turn	simple	expected	The managers turn	0.0001066785989678	0.0001066785989678	13.19444179534912	13.19444179534912
3674	gpt2	3675	1838	19	twitch	simple	unexpected	The managers twitches	0.002705044629806225	0.002705044629806225	13.249609231948853	13.249609231948853
3675	gpt2	3676	1838	19	twitch	simple	expected	The managers twitch	1.255134520761203e-07	1.255134520761203e-07	22.925655364990234	22.925655364990234
3676	gpt2	3677	1839	19	unblock	simple	unexpected	The managers unblocks	8.121351129374809e-05	8.121351129374809e-05	13.69877290725708	13.69877290725708
3677	gpt2	3678	1839	19	unblock	simple	expected	The managers unblock	0.003141045162919898	0.003141045162919898	10.798897981643677	10.798897981643677
3678	gpt2	3679	1840	19	uncover	simple	unexpected	The managers uncovers	0.0652014582495515	0.0652014582495515	7.396312475204468	7.396312475204468
3679	gpt2	3680	1840	19	uncover	simple	expected	The managers uncover	1.7306780364378938e-06	1.7306780364378938e-06	19.14023208618164	19.14023208618164
3680	gpt2	3681	1841	19	undercut	simple	unexpected	The managers undercuts	0.000337851808581	0.000337851808581	11.894064903259277	11.894064903259277
3681	gpt2	3682	1841	19	undercut	simple	expected	The managers undercut	8.748194204599713e-07	8.748194204599713e-07	20.12451171875	20.12451171875
3682	gpt2	3683	1842	19	undergo	simple	unexpected	The managers undergoes	0.00026964049925479877	0.00026964049925479877	13.967095375061035	13.967095375061035
3683	gpt2	3684	1842	19	undergo	simple	expected	The managers undergo	7.329916570597561e-06	7.329916570597561e-06	17.057771682739258	17.057771682739258
3684	gpt2	3685	1843	19	underlie	simple	unexpected	The managers underlies	0.0003088747689616586	0.0003088747689616586	12.341137409210205	12.341137409210205
3685	gpt2	3686	1843	19	underlie	simple	expected	The managers underlie	0.00040086223452810005	0.00040086223452810005	11.392453670501709	11.392453670501709
3686	gpt2	3687	1844	19	underline	simple	unexpected	The managers underlines	0.0029553866188507	0.0029553866188507	9.185525178909302	9.185525178909302
3687	gpt2	3688	1844	19	underline	simple	expected	The managers underline	0.0009592144924681	0.0009592144924681	10.170581340789795	10.170581340789795
3688	gpt2	3689	1845	19	undermine	simple	unexpected	The managers undermines	4.6271456000113176e-08	4.6271456000113176e-08	24.36530303955078	24.36530303955078
3689	gpt2	3690	1845	19	undermine	simple	expected	The managers undermine	1.4464106925515807e-06	1.4464106925515807e-06	19.39909172058105	19.39909172058105
3690	gpt2	3691	1846	19	underperform	simple	unexpected	The managers underperforms	0.0005547262650603666	0.0005547262650603666	10.820860226949057	10.820860226949057
3691	gpt2	3692	1846	19	underperform	simple	expected	The managers underperform	0.04917102114995936	0.04917102114995936	8.09062155087789	8.09062155087789
3692	gpt2	3693	1847	19	underpin	simple	unexpected	The managers underpins	0.00042477581882845	0.00042477581882845	11.266862392425537	11.266862392425537
3693	gpt2	3694	1847	19	underpin	simple	expected	The managers underpin	3.595514783683029e-07	3.595514783683029e-07	21.407299041748047	21.407299041748047
3694	gpt2	3695	1848	19	underscore	simple	unexpected	The managers underscores	5.71860319098505e-08	5.71860319098505e-08	24.05976104736328	24.05976104736328
3695	gpt2	3696	1848	19	underscore	simple	expected	The managers underscore	1.1132061672469715e-06	1.1132061672469715e-06	19.77684783935547	19.77684783935547
3696	gpt2	3697	1849	19	understand	simple	unexpected	The managers understands	2.969450179080013e-06	2.969450179080013e-06	18.361371994018555	18.361371994018555
3697	gpt2	3698	1849	19	understand	simple	expected	The managers understand	0.0003551422269083	0.0003551422269083	11.459315299987791	11.459315299987791
3698	gpt2	3699	1850	19	undertake	simple	unexpected	The managers undertakes	0.4019890643371795	0.4019890643371795	11.434510469436646	11.434510469436646
3699	gpt2	3700	1850	19	undertake	simple	expected	The managers undertake	4.403118055051891e-06	4.403118055051891e-06	17.79304313659668	17.79304313659668
3700	gpt2	3701	1851	19	underwrite	simple	unexpected	The managers underwrites	0.3028762827210206	0.3028762827210206	7.672811811168988	7.672811811168988
3701	gpt2	3702	1851	19	underwrite	simple	expected	The managers underwrite	0.0005366220721043	0.0005366220721043	10.86427116394043	10.86427116394043
3702	gpt2	3703	1852	19	undo	simple	unexpected	The managers undoes	0.0015215134501431358	0.0015215134501431358	13.184657096862793	13.184657096862793
3703	gpt2	3704	1852	19	undo	simple	expected	The managers undo	3.903102765434596e-07	3.903102765434596e-07	21.288875579833984	21.288875579833984
3704	gpt2	3705	1853	19	undulate	simple	unexpected	The managers undulates	0.00029765977728853576	0.00029765977728853576	14.365256309509277	14.365256309509277
3705	gpt2	3706	1853	19	undulate	simple	expected	The managers undulate	0.005798893749897586	0.005798893749897586	12.218857526779175	12.218857526779175
3706	gpt2	3707	1854	19	unfold	simple	unexpected	The managers unfolds	4.024443445160841e-09	4.024443445160841e-09	27.88856315612793	27.88856315612793
3707	gpt2	3708	1854	19	unfold	simple	expected	The managers unfold	1.74371209027413e-07	1.74371209027413e-07	22.45133399963379	22.45133399963379
3708	gpt2	3709	1855	20	unite	simple	unexpected	The authors unites	0.0005535760301426929	0.0005535760301426929	12.256760597229004	12.256760597229004
3709	gpt2	3710	1855	20	unite	simple	expected	The authors unite	3.4421266263962025e-06	3.4421266263962025e-06	18.14826774597168	18.14826774597168
3710	gpt2	3711	1856	20	unleash	simple	unexpected	The authors unleashes	0.042938009190123666	0.042938009190123666	13.038576364517212	13.038576364517212
3711	gpt2	3712	1856	20	unleash	simple	expected	The authors unleash	3.160853054851032e-07	3.160853054851032e-07	21.59318351745605	21.59318351745605
3712	gpt2	3713	1857	20	unload	simple	unexpected	The authors unloads	0.00015000935127314292	0.00015000935127314292	13.273400783538818	13.273400783538818
3713	gpt2	3714	1857	20	unload	simple	expected	The authors unload	0.003784620132137193	0.003784620132137193	10.847917079925537	10.847917079925537
3714	gpt2	3715	1858	20	unmask	simple	unexpected	The authors unmasks	0.27613728009479627	0.27613728009479627	8.60016518831253	8.60016518831253
3715	gpt2	3716	1858	20	unmask	simple	expected	The authors unmask	0.4382015973077955	0.4382015973077955	10.064316138625147	10.064316138625147
3716	gpt2	3717	1859	20	unplug	simple	unexpected	The authors unplugs	0.008452841964753996	0.008452841964753996	10.316187540690104	10.316187540690104
3717	gpt2	3718	1859	20	unplug	simple	expected	The authors unplug	0.003136785164315343	0.003136785164315343	10.984121799468994	10.984121799468994
3718	gpt2	3719	1860	20	unravel	simple	unexpected	The authors unravels	0.007601414535656647	0.007601414535656647	11.499265432357788	11.499265432357788
3719	gpt2	3720	1860	20	unravel	simple	expected	The authors unravel	7.853300303395372e-06	7.853300303395372e-06	16.958269119262695	16.958269119262695
3720	gpt2	3721	1861	20	unveil	simple	unexpected	The authors unveils	0.4535952297370471	0.4535952297370471	11.885605238378048	11.885605238378048
3721	gpt2	3722	1861	20	unveil	simple	expected	The authors unveil	9.014713214128278e-06	9.014713214128278e-06	16.759286880493164	16.759286880493164
3722	gpt2	3723	1862	20	unwind	simple	unexpected	The authors unwinds	0.047397267767640444	0.047397267767640444	9.122213363647461	9.122213363647461
3723	gpt2	3724	1862	20	unwind	simple	expected	The authors unwind	0.06585469014771657	0.06585469014771657	10.395378112792969	10.395378112792969
3724	gpt2	3725	1863	20	update	simple	unexpected	The authors updates	3.6350121490613684e-07	3.6350121490613684e-07	21.391536712646484	21.391536712646484
3725	gpt2	3726	1863	20	update	simple	expected	The authors update	0.0001549053122289	0.0001549053122289	12.656325340270996	12.656325340270996
3726	gpt2	3727	1864	20	upgrade	simple	unexpected	The authors upgrades	1.7757988413080739e-09	1.7757988413080739e-09	29.068883895874023	29.068883895874023
3727	gpt2	3728	1864	20	upgrade	simple	expected	The authors upgrade	9.574789601174416e-07	9.574789601174416e-07	19.99425506591797	19.99425506591797
3728	gpt2	3729	1865	20	uphold	simple	unexpected	The authors upholds	0.002512837884751177	0.002512837884751177	11.69075894355774	11.69075894355774
3729	gpt2	3730	1865	20	uphold	simple	expected	The authors uphold	1.8274660760653205e-05	1.8274660760653205e-05	15.739795684814451	15.739795684814451
3730	gpt2	3731	1866	20	upset	simple	unexpected	The authors upsets	0.21471877677614004	0.21471877677614004	14.311830163002014	14.311830163002014
3731	gpt2	3732	1866	20	upset	simple	expected	The authors upset	8.913933697840548e-07	8.913933697840548e-07	20.097434997558597	20.097434997558597
3732	gpt2	3733	1867	20	urge	simple	unexpected	The authors urges	8.811293241706153e-07	8.811293241706153e-07	20.11414337158203	20.11414337158203
3733	gpt2	3734	1867	20	urge	simple	expected	The authors urge	0.0016388067742809	0.0016388067742809	9.253138542175291	9.253138542175291
3734	gpt2	3735	1868	20	use	simple	unexpected	The authors uses	2.21176446757454e-06	2.21176446757454e-06	18.7863712310791	18.7863712310791
3735	gpt2	3736	1868	20	use	simple	expected	The authors use	0.0028458333108574	0.0028458333108574	8.45693302154541	8.45693302154541
3736	gpt2	3737	1869	20	usurp	simple	unexpected	The authors usurps	0.002907840811872081	0.002907840811872081	13.700403213500977	13.700403213500977
3737	gpt2	3738	1869	20	usurp	simple	expected	The authors usurp	0.23997756191272399	0.23997756191272399	10.516880512237549	10.516880512237549
3738	gpt2	3739	1870	20	utilize	simple	unexpected	The authors utilizes	3.5631430250759883e-08	3.5631430250759883e-08	24.74227523803711	24.74227523803711
3739	gpt2	3740	1870	20	utilize	simple	expected	The authors utilize	7.07883809809573e-05	7.07883809809573e-05	13.786128044128418	13.786128044128418
3740	gpt2	3741	1871	20	vacate	simple	unexpected	The authors vacates	4.735233721930854e-05	4.735233721930854e-05	15.886294841766354	15.886294841766354
3741	gpt2	3742	1871	20	vacate	simple	expected	The authors vacate	0.057996566681481426	0.057996566681481426	10.73415958881378	10.73415958881378
3742	gpt2	3743	1872	20	vacillate	simple	unexpected	The authors vacillates	0.28572161253964623	0.28572161253964623	9.509281908472376	9.509281908472376
3743	gpt2	3744	1872	20	vacillate	simple	expected	The authors vacillate	0.5927526126890825	0.5927526126890825	6.233818570772805	6.233818570772805
3744	gpt2	3745	1873	20	vacuum	simple	unexpected	The authors vacuums	0.1314378441586541	0.1314378441586541	9.214306155840555	9.214306155840555
3745	gpt2	3746	1873	20	vacuum	simple	expected	The authors vacuum	5.214388352214883e-07	5.214388352214883e-07	20.87099838256836	20.87099838256836
3746	gpt2	3747	1874	20	value	simple	unexpected	The authors values	5.225618906479212e-07	5.225618906479212e-07	20.867895126342773	20.867895126342773
3747	gpt2	3748	1874	20	value	simple	expected	The authors value	7.924354576971382e-05	7.924354576971382e-05	13.623347282409668	13.623347282409668
3748	gpt2	3749	1875	20	vanish	simple	unexpected	The authors vanishes	0.004023330916794508	0.004023330916794508	13.863912343978882	13.863912343978882
3749	gpt2	3750	1875	20	vanish	simple	expected	The authors vanish	9.99216638319922e-08	9.99216638319922e-08	23.254627227783203	23.254627227783203
3750	gpt2	3751	1876	20	vary	simple	unexpected	The authors varies	4.223416727455742e-09	4.223416727455742e-09	27.81894302368164	27.81894302368164
3751	gpt2	3752	1876	20	vary	simple	expected	The authors vary	7.849107532820199e-06	7.849107532820199e-06	16.95903968811035	16.95903968811035
3752	gpt2	3753	1877	20	vault	simple	unexpected	The authors vaults	0.0008896843082766226	0.0008896843082766226	12.205156326293945	12.205156326293945
3753	gpt2	3754	1877	20	vault	simple	expected	The authors vault	3.8353142883806874e-08	3.8353142883806874e-08	24.636079788208008	24.636079788208008
3754	gpt2	3755	1878	20	veer	simple	unexpected	The authors veers	0.00743352230750812	0.00743352230750812	13.018790483474733	13.018790483474733
3755	gpt2	3756	1878	20	veer	simple	expected	The authors veer	0.18969030333795442	0.18969030333795442	10.682016909122469	10.682016909122469
3756	gpt2	3757	1879	20	venture	simple	unexpected	The authors ventures	1.214872291654956e-08	1.214872291654956e-08	26.294620513916016	26.294620513916016
3757	gpt2	3758	1879	20	venture	simple	expected	The authors venture	2.811302329064347e-05	2.811302329064347e-05	15.118401527404783	15.118401527404783
3758	gpt2	3759	1880	20	vent	simple	unexpected	The authors vents	3.8905433541458485e-08	3.8905433541458485e-08	24.615453720092773	24.615453720092773
3759	gpt2	3760	1880	20	vent	simple	expected	The authors vent	9.274865078623408e-06	9.274865078623408e-06	16.718242645263672	16.718242645263672
3760	gpt2	3761	1881	20	verify	simple	unexpected	The authors verifies	0.027204514137906692	0.027204514137906692	11.165395975112915	11.165395975112915
3761	gpt2	3762	1881	20	verify	simple	expected	The authors verify	2.090745147143025e-05	2.090745147143025e-05	15.54562282562256	15.54562282562256
3762	gpt2	3763	1882	20	veto	simple	unexpected	The authors vetoes	0.004937824424615647	0.004937824424615647	14.919542074203491	14.919542074203491
3763	gpt2	3764	1882	20	veto	simple	expected	The authors veto	1.0543368489379645e-07	1.0543368489379645e-07	23.177160263061523	23.177160263061523
3764	gpt2	3765	1883	20	view	simple	unexpected	The authors views	1.0110370567417704e-06	1.0110370567417704e-06	19.915733337402344	19.915733337402344
3765	gpt2	3766	1883	20	view	simple	expected	The authors view	0.0004777174908667	0.0004777174908667	11.031554222106934	11.031554222106934
3766	gpt2	3767	1884	20	violate	simple	unexpected	The authors violates	4.502874961787029e-09	4.502874961787029e-09	27.72650718688965	27.72650718688965
3767	gpt2	3768	1884	20	violate	simple	expected	The authors violate	2.6542338673607446e-06	2.6542338673607446e-06	18.523273468017575	18.523273468017575
3768	gpt2	3769	1885	20	visit	simple	unexpected	The authors visits	4.1793608573925673e-08	4.1793608573925673e-08	24.512142181396484	24.512142181396484
3769	gpt2	3770	1885	20	visit	simple	expected	The authors visit	6.121037586126477e-05	6.121037586126477e-05	13.995863914489746	13.995863914489746
3770	gpt2	3771	1886	20	visualize	simple	unexpected	The authors visualizes	0.0021519264387279513	0.0021519264387279513	13.199947118759155	13.199947118759155
3771	gpt2	3772	1886	20	visualize	simple	expected	The authors visualize	8.247599907917902e-06	8.247599907917902e-06	16.88759422302246	16.88759422302246
3772	gpt2	3773	1887	20	vitiate	simple	unexpected	The authors vitiates	0.0016132255950651153	0.0016132255950651153	10.910320917765299	10.910320917765299
3773	gpt2	3774	1887	20	vitiate	simple	expected	The authors vitiate	0.09979520563623129	0.09979520563623129	8.693650603294373	8.693650603294373
3774	gpt2	3775	1888	20	voice	simple	unexpected	The authors voices	1.3069868032289378e-07	1.3069868032289378e-07	22.86725234985352	22.86725234985352
3775	gpt2	3776	1888	20	voice	simple	expected	The authors voice	1.2571483239298686e-05	1.2571483239298686e-05	16.27948570251465	16.27948570251465
3776	gpt2	3777	1889	20	void	simple	unexpected	The authors voids	0.00024608833180648625	0.00024608833180648625	15.70086336135864	15.70086336135864
3777	gpt2	3778	1889	20	void	simple	expected	The authors void	7.172171194724797e-07	7.172171194724797e-07	20.41108703613281	20.41108703613281
3778	gpt2	3779	1890	20	volunteer	simple	unexpected	The authors volunteers	5.052725100540556e-07	5.052725100540556e-07	20.91643524169922	20.91643524169922
3779	gpt2	3780	1890	20	volunteer	simple	expected	The authors volunteer	1.5826506569283083e-05	1.5826506569283083e-05	15.947298049926758	15.947298049926758
3780	gpt2	3781	1891	20	vote	simple	unexpected	The authors votes	1.790868076056995e-08	1.790868076056995e-08	25.734766006469727	25.734766006469727
3781	gpt2	3782	1891	20	vote	simple	expected	The authors vote	2.7239970222581175e-05	2.7239970222581175e-05	15.163915634155272	15.163915634155272
3782	gpt2	3783	1892	20	wade	simple	unexpected	The authors wades	0.0004434680295161817	0.0004434680295161817	12.68873643875122	12.68873643875122
3783	gpt2	3784	1892	20	wade	simple	expected	The authors wade	0.03444507821313888	0.03444507821313888	9.527332305908203	9.527332305908203
3784	gpt2	3785	1893	20	wad	simple	unexpected	The authors wads	4.278740289009875e-05	4.278740289009875e-05	14.622873306274414	14.622873306274414
3785	gpt2	3786	1893	20	wad	simple	expected	The authors wad	0.0004743465242426817	0.0004743465242426817	12.638726711273193	12.638726711273193
3786	gpt2	3787	1894	20	wage	simple	unexpected	The authors wages	5.734079877584009e-08	5.734079877584009e-08	24.05586242675781	24.05586242675781
3787	gpt2	3788	1894	20	wage	simple	expected	The authors wage	7.427134278259473e-06	7.427134278259473e-06	17.03876304626465	17.03876304626465
3788	gpt2	3789	1895	20	wail	simple	unexpected	The authors wails	3.855796512652887e-05	3.855796512652887e-05	14.734692096710205	14.734692096710205
3789	gpt2	3790	1895	20	wail	simple	expected	The authors wail	0.0003563295022103817	0.0003563295022103817	12.85203504562378	12.85203504562378
3790	gpt2	3791	1896	20	wait	simple	unexpected	The authors waits	3.7589646950664254e-09	3.7589646950664254e-09	27.987016677856445	27.987016677856445
3791	gpt2	3792	1896	20	wait	simple	expected	The authors wait	4.1709379729582e-05	4.1709379729582e-05	14.54926872253418	14.54926872253418
3792	gpt2	3793	1897	20	waive	simple	unexpected	The authors waives	0.001934783065962572	0.001934783065962572	13.774652481079102	13.774652481079102
3793	gpt2	3794	1897	20	waive	simple	expected	The authors waive	6.49434241495328e-06	6.49434241495328e-06	17.232385635375977	17.232385635375977
3794	gpt2	3795	1898	20	walk	simple	unexpected	The authors walks	3.9528359252472e-08	3.9528359252472e-08	24.59253692626953	24.59253692626953
3795	gpt2	3796	1898	20	walk	simple	expected	The authors walk	5.105001400806941e-05	5.105001400806941e-05	14.257729530334473	14.257729530334473
3796	gpt2	3797	1899	20	wall	simple	unexpected	The authors walls	1.5109412387914745e-08	1.5109412387914745e-08	25.97997665405273	25.97997665405273
3797	gpt2	3798	1899	20	wall	simple	expected	The authors wall	3.973258344558417e-07	3.973258344558417e-07	21.26317405700684	21.26317405700684
3798	gpt2	3799	1900	20	wander	simple	unexpected	The authors wanders	0.35861069781037536	0.35861069781037536	13.17323413491249	13.17323413491249
3799	gpt2	3800	1900	20	wander	simple	expected	The authors wander	1.6637673070363237e-06	1.6637673070363237e-06	19.197114944458008	19.197114944458008
3800	gpt2	3801	1901	20	wane	simple	unexpected	The authors wanes	4.865109349339036e-05	4.865109349339036e-05	14.491907596588135	14.491907596588135
3801	gpt2	3802	1901	20	wane	simple	expected	The authors wane	0.0002843223182935317	0.0002843223182935317	13.022014141082764	13.022014141082764
3802	gpt2	3803	1902	20	want	simple	unexpected	The authors wants	7.929668868200679e-07	7.929668868200679e-07	20.2662353515625	20.2662353515625
3803	gpt2	3804	1902	20	want	simple	expected	The authors want	0.0013755671679973	0.0013755671679973	9.505757331848145	9.505757331848145
3804	gpt2	3805	1903	20	ward	simple	unexpected	The authors wards	6.618665171487237e-09	6.618665171487237e-09	27.170812606811523	27.170812606811523
3805	gpt2	3806	1903	20	ward	simple	expected	The authors ward	1.632763115821945e-07	1.632763115821945e-07	22.546180725097656	22.546180725097656
3806	gpt2	3807	1904	20	warm	simple	unexpected	The authors warms	0.010282349326274677	0.010282349326274677	12.933635473251343	12.933635473251343
3807	gpt2	3808	1904	20	warm	simple	expected	The authors warm	6.0162828958709724e-06	6.0162828958709724e-06	17.342695236206055	17.342695236206055
3808	gpt2	3809	1905	20	warn	simple	unexpected	The authors warns	1.1194405260539495e-06	1.1194405260539495e-06	19.76879119873047	19.76879119873047
3809	gpt2	3810	1905	20	warn	simple	expected	The authors warn	0.0011854511685669	0.0011854511685669	9.720348358154297	9.720348358154297
3810	gpt2	3811	1906	20	warrant	simple	unexpected	The authors warrants	8.301539011768e-09	8.301539011768e-09	26.84397315979004	26.84397315979004
3811	gpt2	3812	1906	20	warrant	simple	expected	The authors warrant	1.5229727068799548e-05	1.5229727068799548e-05	16.002750396728516	16.002750396728516
3812	gpt2	3813	1907	20	wash	simple	unexpected	The authors washes	0.00014222889330993313	0.00014222889330993313	13.427623748779297	13.427623748779297
3813	gpt2	3814	1907	20	wash	simple	expected	The authors wash	3.515322987368563e-06	3.515322987368563e-06	18.11791038513184	18.11791038513184
3814	gpt2	3815	1908	20	waste	simple	unexpected	The authors wastes	8.14233924728569e-09	8.14233924728569e-09	26.871910095214844	26.871910095214844
3815	gpt2	3816	1908	20	waste	simple	expected	The authors waste	3.772887566810823e-06	3.772887566810823e-06	18.015899658203125	18.015899658203125
3816	gpt2	3817	1909	20	watch	simple	unexpected	The authors watches	8.086992409062077e-09	8.086992409062077e-09	26.881750106811523	26.881750106811523
3817	gpt2	3818	1909	20	watch	simple	expected	The authors watch	1.5646775864297524e-05	1.5646775864297524e-05	15.963774681091309	15.963774681091309
3818	gpt2	3819	1910	20	water	simple	unexpected	The authors waters	9.897359376509485e-09	9.897359376509485e-09	26.590309143066406	26.590309143066406
3819	gpt2	3820	1910	20	water	simple	expected	The authors water	1.362846887786873e-06	1.362846887786873e-06	19.48494529724121	19.48494529724121
3820	gpt2	3821	1911	20	weaken	simple	unexpected	The authors weakens	0.0022258260137846247	0.0022258260137846247	14.393967151641846	14.393967151641846
3821	gpt2	3822	1911	20	weaken	simple	expected	The authors weaken	1.3761161881120645e-06	1.3761161881120645e-06	19.470966339111328	19.470966339111328
3822	gpt2	3823	1912	20	wear	simple	unexpected	The authors wears	8.178699495431374e-09	8.178699495431374e-09	26.865480422973636	26.865480422973636
3823	gpt2	3824	1912	20	wear	simple	expected	The authors wear	4.998645181331085e-06	4.998645181331085e-06	17.610031127929688	17.610031127929688
3824	gpt2	3825	1913	20	weather	simple	unexpected	The authors weathers	0.0019653412035438265	0.0019653412035438265	14.752452850341799	14.752452850341799
3825	gpt2	3826	1913	20	weather	simple	expected	The authors weather	3.339698082527321e-07	3.339698082527321e-07	21.51377868652344	21.51377868652344
3826	gpt2	3827	1914	20	wedge	simple	unexpected	The authors wedges	0.0007032571710964996	0.0007032571710964996	14.59536075592041	14.59536075592041
3827	gpt2	3828	1914	20	wedge	simple	expected	The authors wedge	2.1753487899900392e-08	2.1753487899900392e-08	25.454177856445312	25.454177856445312
3828	gpt2	3829	1915	20	weight	simple	unexpected	The authors weights	2.22449045850226e-08	2.22449045850226e-08	25.42194938659668	25.42194938659668
3829	gpt2	3830	1915	20	weight	simple	expected	The authors weight	1.11406061478192e-05	1.11406061478192e-05	16.453813552856445	16.453813552856445
3830	gpt2	3831	1916	20	weigh	simple	unexpected	The authors weighs	1.7662462425960257e-07	1.7662462425960257e-07	22.432809829711918	22.432809829711918
3831	gpt2	3832	1916	20	weigh	simple	expected	The authors weigh	0.0001816464937292	0.0001816464937292	12.426578521728516	12.426578521728516
3832	gpt2	3833	1917	20	welcome	simple	unexpected	The authors welcomes	1.8694886705361569e-07	1.8694886705361569e-07	22.350852966308597	22.350852966308597
3833	gpt2	3834	1917	20	welcome	simple	expected	The authors welcome	0.0005687943776138	0.0005687943776138	10.779805183410645	10.779805183410645
3834	gpt2	3835	1918	20	whack	simple	unexpected	The authors whacks	0.00017513746070104406	0.00017513746070104406	13.994449615478516	13.994449615478516
3835	gpt2	3836	1918	20	whack	simple	expected	The authors whack	0.009899280625631944	0.009899280625631944	11.061311721801758	11.061311721801758
3836	gpt2	3837	1919	20	whip	simple	unexpected	The authors whips	0.0029882568728680442	0.0029882568728680442	11.926254987716675	11.926254987716675
3837	gpt2	3838	1919	20	whip	simple	expected	The authors whip	1.145707528849016e-06	1.145707528849016e-06	19.73533058166504	19.73533058166504
3838	gpt2	3839	1920	20	widen	simple	unexpected	The authors widens	0.09799764202516313	0.09799764202516313	13.034783959388733	13.034783959388733
3839	gpt2	3840	1920	20	widen	simple	expected	The authors widen	2.602042513899505e-06	2.602042513899505e-06	18.55192375183105	18.55192375183105
3840	gpt2	3841	1921	20	will	simple	unexpected	The authors wills	1.1922655751561706e-08	1.1922655751561706e-08	26.321718215942383	26.321718215942383
3841	gpt2	3842	1921	20	will	simple	expected	The authors will	0.0043039987795054	0.0043039987795054	7.860106468200684	7.860106468200684
3842	gpt2	3843	1922	20	wimp	simple	unexpected	The authors wimps	0.0055472327894676545	0.0055472327894676545	10.880115509033203	10.880115509033203
3843	gpt2	3844	1922	20	wimp	simple	expected	The authors wimp	7.79023530412317e-05	7.79023530412317e-05	14.056678771972656	14.056678771972656
3844	gpt2	3845	1923	20	wind	simple	unexpected	The authors winds	1.4052609742520872e-08	1.4052609742520872e-08	26.08458709716797	26.08458709716797
3845	gpt2	3846	1923	20	wind	simple	expected	The authors wind	1.6849726307555102e-06	1.6849726307555102e-06	19.178842544555664	19.178842544555664
3846	gpt2	3847	1924	20	win	simple	unexpected	The authors wins	5.0289954423021754e-09	5.0289954423021754e-09	27.56708335876465	27.56708335876465
3847	gpt2	3848	1924	20	win	simple	expected	The authors win	1.5586607332807034e-05	1.5586607332807034e-05	15.96933364868164	15.96933364868164
3848	gpt2	3849	1925	20	wipe	simple	unexpected	The authors wipes	1.7663346341123546e-08	1.7663346341123546e-08	25.75466537475586	25.75466537475586
3849	gpt2	3850	1925	20	wipe	simple	expected	The authors wipe	1.8742666725302115e-06	1.8742666725302115e-06	19.02524185180664	19.02524185180664
3850	gpt2	3851	1926	20	wire	simple	unexpected	The authors wires	1.0217613422014438e-08	1.0217613422014438e-08	26.54436683654785	26.54436683654785
3851	gpt2	3852	1926	20	wire	simple	expected	The authors wire	4.6230061911956e-07	4.6230061911956e-07	21.04466438293457	21.04466438293457
3852	gpt2	3853	1927	20	wish	simple	unexpected	The authors wishes	7.274230711118435e-07	7.274230711118435e-07	20.390701293945312	20.390701293945312
3853	gpt2	3854	1927	20	wish	simple	expected	The authors wish	0.0008769558626227	0.0008769558626227	10.155208587646484	10.155208587646484
3854	gpt2	3855	1928	20	withdraw	simple	unexpected	The authors withdraws	0.001995628805161657	0.001995628805161657	11.975133657455444	11.975133657455444
3855	gpt2	3856	1928	20	withdraw	simple	expected	The authors withdraw	1.5517907741013914e-05	1.5517907741013914e-05	15.975706100463867	15.975706100463867
3856	gpt2	3857	1929	20	withhold	simple	unexpected	The authors withholds	0.0005057566149843806	0.0005057566149843806	12.71461820602417	12.71461820602417
3857	gpt2	3858	1929	20	withhold	simple	expected	The authors withhold	2.237589615106117e-05	2.237589615106117e-05	15.447694778442385	15.447694778442385
3858	gpt2	3859	1930	20	withstand	simple	unexpected	The authors withstands	0.0021218268353706145	0.0021218268353706145	15.272868633270264	15.272868633270264
3859	gpt2	3860	1930	20	withstand	simple	expected	The authors withstand	1.503460538287982e-07	1.503460538287982e-07	22.66520881652832	22.66520881652832
3860	gpt2	3861	1931	20	witness	simple	unexpected	The authors witnesses	5.4975238583665487e-08	5.4975238583665487e-08	24.116641998291016	24.116641998291016
3861	gpt2	3862	1931	20	witness	simple	expected	The authors witness	8.601965419074986e-06	8.601965419074986e-06	16.826902389526367	16.826902389526367
3862	gpt2	3863	1932	20	wonder	simple	unexpected	The authors wonders	4.5342810039983306e-07	4.5342810039983306e-07	21.072622299194336	21.072622299194336
3863	gpt2	3864	1932	20	wonder	simple	expected	The authors wonder	0.0001787580258678	0.0001787580258678	12.44970417022705	12.44970417022705
3864	gpt2	3865	1933	20	woo	simple	unexpected	The authors wooes	1.650231044436623e-05	1.650231044436623e-05	17.741243362426758	17.741243362426758
3865	gpt2	3866	1933	20	woo	simple	expected	The authors woo	6.437043680307397e-07	6.437043680307397e-07	20.56709861755371	20.56709861755371
3866	gpt2	3867	1934	20	work	simple	unexpected	The authors works	5.524914854504459e-07	5.524914854504459e-07	20.78754425048828	20.78754425048828
3867	gpt2	3868	1934	20	work	simple	expected	The authors work	0.0006421920843422	0.0006421920843422	10.604707717895508	10.604707717895508
3868	gpt2	3869	1935	20	worry	simple	unexpected	The authors worries	9.286901558880345e-08	9.286901558880345e-08	23.360227584838867	23.360227584838867
3869	gpt2	3870	1935	20	worry	simple	expected	The authors worry	0.0001910622959258	0.0001910622959258	12.35366916656494	12.35366916656494
3870	gpt2	3871	1936	20	worsen	simple	unexpected	The authors worsens	0.009840452509667025	0.009840452509667025	17.077181339263916	17.077181339263916
3871	gpt2	3872	1936	20	worsen	simple	expected	The authors worsen	2.706634063542879e-07	2.706634063542879e-07	21.81699752807617	21.81699752807617
3872	gpt2	3873	1937	20	wound	simple	unexpected	The authors wounds	1.2157624240671794e-08	1.2157624240671794e-08	26.29356384277344	26.29356384277344
3873	gpt2	3874	1937	20	wound	simple	expected	The authors wound	7.747252311673947e-06	7.747252311673947e-06	16.97788429260254	16.97788429260254
3874	gpt2	3875	1938	20	wrap	simple	unexpected	The authors wraps	6.124347695646293e-09	6.124347695646293e-09	27.28279685974121	27.28279685974121
3875	gpt2	3876	1938	20	wrap	simple	expected	The authors wrap	1.2772865375154652e-05	1.2772865375154652e-05	16.25655746459961	16.25655746459961
3876	gpt2	3877	1939	20	wreak	simple	unexpected	The authors wreaks	0.002411240427672805	0.002411240427672805	15.810784339904785	15.810784339904785
3877	gpt2	3878	1939	20	wreak	simple	expected	The authors wreak	0.1428039685775637	0.1428039685775637	12.866716623306274	12.866716623306274
3878	gpt2	3879	1940	20	wreck	simple	unexpected	The authors wrecks	0.0029565386426746052	0.0029565386426746052	15.663715600967407	15.663715600967407
3879	gpt2	3880	1940	20	wreck	simple	expected	The authors wreck	7.326281803443635e-08	7.326281803443635e-08	23.702342987060547	23.702342987060547
3880	gpt2	3881	1941	20	wrestle	simple	unexpected	The authors wrestles	0.0039053013292686626	0.0039053013292686626	11.544836521148682	11.544836521148682
3881	gpt2	3882	1941	20	wrestle	simple	expected	The authors wrestle	5.368576239561662e-06	5.368576239561662e-06	17.507028579711914	17.507028579711914
3882	gpt2	3883	1942	20	wrest	simple	unexpected	The authors wrests	6.223945592861253e-05	6.223945592861253e-05	14.617717742919922	14.617717742919922
3883	gpt2	3884	1942	20	wrest	simple	expected	The authors wrest	1.4369138625625055e-05	1.4369138625625055e-05	16.086666107177734	16.086666107177734
3884	gpt2	3885	1943	20	wring	simple	unexpected	The authors wrings	0.0035054474944899885	0.0035054474944899885	12.38155484199524	12.38155484199524
3885	gpt2	3886	1943	20	wring	simple	expected	The authors wring	0.025768603511778537	0.025768603511778537	10.942137241363525	10.942137241363525
3886	gpt2	3887	1944	20	write	simple	unexpected	The authors writes	1.3682495591638144e-05	1.3682495591638144e-05	16.15730857849121	16.15730857849121
3887	gpt2	3888	1944	20	write	simple	expected	The authors write	0.0138289695605635	0.0138289695605635	6.1761627197265625	6.1761627197265625
3888	gpt2	3889	1945	20	yank	simple	unexpected	The authors yanks	0.0010268488982773769	0.0010268488982773769	13.809668540954588	13.809668540954588
3889	gpt2	3890	1945	20	yank	simple	expected	The authors yank	0.020289983003408427	0.020289983003408427	11.656643867492674	11.656643867492674
3890	gpt2	3891	1946	20	yield	simple	unexpected	The authors yields	1.0320403198704753e-08	1.0320403198704753e-08	26.529924392700195	26.529924392700195
3891	gpt2	3892	1946	20	yield	simple	expected	The authors yield	1.570885615365114e-05	1.570885615365114e-05	15.958062171936035	15.958062171936035
3892	gpt2	3893	1947	20	zero	simple	unexpected	The authors zeroes	0.34994954734520434	0.34994954734520434	7.107914494971435	7.107914494971435
3893	gpt2	3894	1947	20	zero	simple	expected	The authors zero	5.739770131185651e-06	5.739770131185651e-06	17.41057586669922	17.41057586669922
3894	gpt2	3895	1948	20	zip	simple	unexpected	The authors zips	0.0010951978961202251	0.0010951978961202251	13.28020191192627	13.28020191192627
3895	gpt2	3896	1948	20	zip	simple	expected	The authors zip	2.893920964197605e-06	2.893920964197605e-06	18.398542404174805	18.398542404174805
3896	gpt2	3897	1949	20	zoom	simple	unexpected	The authors zooms	0.0961877037480825	0.0961877037480825	12.779310464859009	12.779310464859009
3897	gpt2	3898	1949	20	zoom	simple	expected	The authors zoom	1.143607823905768e-05	1.143607823905768e-05	16.416048049926758	16.416048049926758
3898	gpt2	3899	1950	20	were	simple	unexpected	The authors was	0.0002517375105526	0.0002517375105526	11.955792427062988	11.955792427062988
3899	gpt2	3900	1950	20	were	simple	expected	The authors were	0.0113307060673832	0.0113307060673832	6.463618278503418	6.463618278503418
3900	gpt2	3901	1951	20	staunch	simple	unexpected	The authors staunches	0.0011575318800774838	0.0011575318800774838	11.606903076171875	11.606903076171875
3901	gpt2	3902	1951	20	staunch	simple	expected	The authors staunch	1.931889528350439e-06	1.931889528350439e-06	18.981555938720703	18.981555938720703
