	model	sentid	pairid	contextid	lemma	condition	comparison	sentence	probsum	probmean	surpsum	surpmean
0	gpt2	1	1	1	abandon	subj_rel	unexpected	The senator that slumps the consultant abandon	2.1487414869625357e-07	2.1487414869625357e-07	22.15000534057617	22.15000534057617
1	gpt2	2	1	1	abandon	subj_rel	expected	The senator that slumps the consultant abandons	0.4312862318923483	0.4312862318923483	5.760611058290427	5.760611058290427
2	gpt2	3	2	1	abate	subj_rel	unexpected	The senator that slumps the consultant abate	8.399716352864564e-05	8.399716352864564e-05	14.127782821655273	14.127782821655273
3	gpt2	4	2	1	abate	subj_rel	expected	The senator that slumps the consultant abates	0.0018823553782567456	0.0018823553782567456	11.7912015914917	11.7912015914917
4	gpt2	5	3	1	abide	subj_rel	unexpected	The senator that slumps the consultant abide	1.2990585673833266e-07	1.2990585673833266e-07	22.87602996826172	22.87602996826172
5	gpt2	6	3	1	abide	subj_rel	expected	The senator that slumps the consultant abides	0.0981031823412195	0.0981031823412195	8.935348629951477	8.935348629951477
6	gpt2	7	4	1	abolish	subj_rel	unexpected	The senator that slumps the consultant abolish	2.0880729323380365e-07	2.0880729323380365e-07	22.19132423400879	22.19132423400879
7	gpt2	8	4	1	abolish	subj_rel	expected	The senator that slumps the consultant abolishes	0.43214597173192004	0.43214597173192004	11.176701843738558	11.176701843738558
8	gpt2	9	5	1	absorb	subj_rel	unexpected	The senator that slumps the consultant absorb	5.419355488811561e-07	5.419355488811561e-07	20.81537437438965	20.81537437438965
9	gpt2	10	5	1	absorb	subj_rel	expected	The senator that slumps the consultant absorbs	4.66814242372493e-07	4.66814242372493e-07	21.03064727783203	21.03064727783203
10	gpt2	11	6	1	abuse	subj_rel	unexpected	The senator that slumps the consultant abuse	1.665177842369303e-05	1.665177842369303e-05	15.873964309692385	15.873964309692385
11	gpt2	12	6	1	abuse	subj_rel	expected	The senator that slumps the consultant abuses	2.455242565702065e-06	2.455242565702065e-06	18.63570213317871	18.63570213317871
12	gpt2	13	7	1	accede	subj_rel	unexpected	The senator that slumps the consultant accede	0.000557684859813885	0.000557684859813885	13.302295684814453	13.302295684814453
13	gpt2	14	7	1	accede	subj_rel	expected	The senator that slumps the consultant accedes	0.00027866349773828506	0.00027866349773828506	13.808563232421875	13.808563232421875
14	gpt2	15	8	1	accelerate	subj_rel	unexpected	The senator that slumps the consultant accelerate	1.6414875858572486e-07	1.6414875858572486e-07	22.53849220275879	22.53849220275879
15	gpt2	16	8	1	accelerate	subj_rel	expected	The senator that slumps the consultant accelerates	0.49325615673313905	0.49325615673313905	9.682988660410048	9.682988660410048
16	gpt2	17	9	1	accept	subj_rel	unexpected	The senator that slumps the consultant accept	2.0396892068674788e-05	2.0396892068674788e-05	15.581291198730469	15.581291198730469
17	gpt2	18	9	1	accept	subj_rel	expected	The senator that slumps the consultant accepts	2.2267329768510532e-05	2.2267329768510532e-05	15.4547119140625	15.4547119140625
18	gpt2	19	10	1	access	subj_rel	unexpected	The senator that slumps the consultant access	4.716404146165587e-05	4.716404146165587e-05	14.371953010559082	14.371953010559082
19	gpt2	20	10	1	access	subj_rel	expected	The senator that slumps the consultant accesses	0.004225233571560228	0.004225233571560228	10.633390426635742	10.633390426635742
20	gpt2	21	11	1	acclaim	subj_rel	unexpected	The senator that slumps the consultant acclaim	1.2266212934264331e-06	1.2266212934264331e-06	19.63687896728516	19.63687896728516
21	gpt2	22	11	1	acclaim	subj_rel	expected	The senator that slumps the consultant acclaims	0.3739985996273276	0.3739985996273276	10.027888268232347	10.027888268232347
22	gpt2	23	12	1	accommodate	subj_rel	unexpected	The senator that slumps the consultant accommodate	1.3244579122329014e-07	1.3244579122329014e-07	22.848094940185547	22.848094940185547
23	gpt2	24	12	1	accommodate	subj_rel	expected	The senator that slumps the consultant accommodates	0.26212039804977394	0.26212039804977394	10.73141697049141	10.73141697049141
24	gpt2	25	13	1	accomodate	subj_rel	unexpected	The senator that slumps the consultant accomodate	0.26854269244176976	0.26854269244176976	6.54795681592077	6.54795681592077
25	gpt2	26	13	1	accomodate	subj_rel	expected	The senator that slumps the consultant accomodates	0.34163186271143786	0.34163186271143786	5.835235974751413	5.835235974751413
26	gpt2	27	14	1	accompany	subj_rel	unexpected	The senator that slumps the consultant accompany	5.992290397216493e-08	5.992290397216493e-08	23.99231719970703	23.99231719970703
27	gpt2	28	14	1	accompany	subj_rel	expected	The senator that slumps the consultant accompanies	7.160771247072262e-07	7.160771247072262e-07	20.41338157653809	20.41338157653809
28	gpt2	29	15	1	accomplish	subj_rel	unexpected	The senator that slumps the consultant accomplish	1.3960809042146138e-07	1.3960809042146138e-07	22.772113800048828	22.772113800048828
29	gpt2	30	15	1	accomplish	subj_rel	expected	The senator that slumps the consultant accomplishes	0.4638854841669087	0.4638854841669087	10.560031916946173	10.560031916946173
30	gpt2	31	16	1	accord	subj_rel	unexpected	The senator that slumps the consultant accord	4.594702659233008e-06	4.594702659233008e-06	17.731597900390625	17.731597900390625
31	gpt2	32	16	1	accord	subj_rel	expected	The senator that slumps the consultant accords	0.09061558061148388	0.09061558061148388	9.624497890472412	9.624497890472412
32	gpt2	33	17	1	account	subj_rel	unexpected	The senator that slumps the consultant account	0.0001603703567525	0.0001603703567525	12.606305122375488	12.606305122375488
33	gpt2	34	17	1	account	subj_rel	expected	The senator that slumps the consultant accounts	3.325856596347876e-05	3.325856596347876e-05	14.875914573669434	14.875914573669434
34	gpt2	35	18	1	accrue	subj_rel	unexpected	The senator that slumps the consultant accrue	0.000576310729229585	0.000576310729229585	13.278410911560059	13.278410911560059
35	gpt2	36	18	1	accrue	subj_rel	expected	The senator that slumps the consultant accrues	0.317603238429001	0.317603238429001	7.498400931557019	7.498400931557019
36	gpt2	37	19	1	accuse	subj_rel	unexpected	The senator that slumps the consultant accuse	1.3998412669025129e-06	1.3998412669025129e-06	19.44630622863769	19.44630622863769
37	gpt2	38	19	1	accuse	subj_rel	expected	The senator that slumps the consultant accuses	1.3498814041668084e-05	1.3498814041668084e-05	16.176807403564453	16.176807403564453
38	gpt2	39	20	1	achieve	subj_rel	unexpected	The senator that slumps the consultant achieve	8.45130216475809e-07	8.45130216475809e-07	20.1743221282959	20.1743221282959
39	gpt2	40	20	1	achieve	subj_rel	expected	The senator that slumps the consultant achieves	2.7287799184705364e-06	2.7287799184705364e-06	18.483312606811523	18.483312606811523
40	gpt2	41	21	1	acknowledge	subj_rel	unexpected	The senator that slumps the consultant acknowledge	1.080101810657652e-05	1.080101810657652e-05	16.498472213745117	16.498472213745117
41	gpt2	42	21	1	acknowledge	subj_rel	expected	The senator that slumps the consultant acknowledges	2.18806690099882e-05	2.18806690099882e-05	15.47998332977295	15.47998332977295
42	gpt2	43	22	1	acquire	subj_rel	unexpected	The senator that slumps the consultant acquire	2.924482487287605e-07	2.924482487287605e-07	21.70531463623047	21.70531463623047
43	gpt2	44	22	1	acquire	subj_rel	expected	The senator that slumps the consultant acquires	0.48745346158071357	0.48745346158071357	10.355223402380942	10.355223402380942
44	gpt2	45	23	1	acquit	subj_rel	unexpected	The senator that slumps the consultant acquit	0.00038558199562996705	0.00038558199562996705	15.507787704467772	15.507787704467772
45	gpt2	46	23	1	acquit	subj_rel	expected	The senator that slumps the consultant acquits	0.002102500482266117	0.002102500482266117	14.283832788467405	14.283832788467405
46	gpt2	47	24	1	act	subj_rel	unexpected	The senator that slumps the consultant act	0.0001164865825558	0.0001164865825558	13.067548751831056	13.067548751831056
47	gpt2	48	24	1	act	subj_rel	expected	The senator that slumps the consultant acts	2.3970236725290303e-05	2.3970236725290303e-05	15.348396301269531	15.348396301269531
48	gpt2	49	25	1	adapt	subj_rel	unexpected	The senator that slumps the consultant adapt	4.1026214603334665e-07	4.1026214603334665e-07	21.216951370239254	21.216951370239254
49	gpt2	50	25	1	adapt	subj_rel	expected	The senator that slumps the consultant adapts	0.4506486023383332	0.4506486023383332	10.683438614010809	10.683438614010809
50	gpt2	51	26	1	address	subj_rel	unexpected	The senator that slumps the consultant address	1.2443377272575162e-05	1.2443377272575162e-05	16.294261932373047	16.294261932373047
51	gpt2	52	26	1	address	subj_rel	expected	The senator that slumps the consultant addresses	8.073311619227752e-06	8.073311619227752e-06	16.918407440185547	16.918407440185547
52	gpt2	53	27	1	add	subj_rel	unexpected	The senator that slumps the consultant add	1.968761534953956e-05	1.968761534953956e-05	15.632351875305176	15.632351875305176
53	gpt2	54	27	1	add	subj_rel	expected	The senator that slumps the consultant adds	0.0001063442105078	0.0001063442105078	13.198970794677734	13.198970794677734
54	gpt2	55	28	1	adhere	subj_rel	unexpected	The senator that slumps the consultant adhere	3.543811146755616e-07	3.543811146755616e-07	21.428194046020508	21.428194046020508
55	gpt2	56	28	1	adhere	subj_rel	expected	The senator that slumps the consultant adheres	0.0007457130413968	0.0007457130413968	10.828367233276367	10.828367233276367
56	gpt2	57	29	1	adjust	subj_rel	unexpected	The senator that slumps the consultant adjust	9.368308724333474e-07	9.368308724333474e-07	20.025707244873047	20.025707244873047
57	gpt2	58	29	1	adjust	subj_rel	expected	The senator that slumps the consultant adjusts	1.3492372090695426e-06	1.3492372090695426e-06	19.49942398071289	19.49942398071289
58	gpt2	59	30	1	administer	subj_rel	unexpected	The senator that slumps the consultant administer	3.823450924755889e-07	3.823450924755889e-07	21.31862068176269	21.31862068176269
59	gpt2	60	30	1	administer	subj_rel	expected	The senator that slumps the consultant administers	0.18236906736774472	0.18236906736774472	9.92062783241272	9.92062783241272
60	gpt2	61	31	1	admit	subj_rel	unexpected	The senator that slumps the consultant admit	4.3070987885585055e-05	4.3070987885585055e-05	14.502923965454102	14.502923965454102
61	gpt2	62	31	1	admit	subj_rel	expected	The senator that slumps the consultant admits	0.0001742145686876	0.0001742145686876	12.486846923828123	12.486846923828123
62	gpt2	63	32	1	adopt	subj_rel	unexpected	The senator that slumps the consultant adopt	8.538211204722757e-07	8.538211204722757e-07	20.159563064575195	20.159563064575195
63	gpt2	64	32	1	adopt	subj_rel	expected	The senator that slumps the consultant adopts	0.49985941272970535	0.49985941272970535	10.748020122409796	10.748020122409796
64	gpt2	65	33	1	adorn	subj_rel	unexpected	The senator that slumps the consultant adorn	0.00029174851079005	0.00029174851079005	11.76418399810791	11.76418399810791
65	gpt2	66	33	1	adorn	subj_rel	expected	The senator that slumps the consultant adorns	0.00020080789545315	0.00020080789545315	12.313064098358154	12.313064098358154
66	gpt2	67	34	1	advance	subj_rel	unexpected	The senator that slumps the consultant advance	3.981119334639516e-06	3.981119334639516e-06	17.93839454650879	17.93839454650879
67	gpt2	68	34	1	advance	subj_rel	expected	The senator that slumps the consultant advances	7.581802037748275e-06	7.581802037748275e-06	17.0090274810791	17.0090274810791
68	gpt2	69	35	1	advantage	subj_rel	unexpected	The senator that slumps the consultant advantage	9.452606172999368e-05	9.452606172999368e-05	13.36892795562744	13.36892795562744
69	gpt2	70	35	1	advantage	subj_rel	expected	The senator that slumps the consultant advantages	1.7717941318551311e-06	1.7717941318551311e-06	19.10635757446289	19.10635757446289
70	gpt2	71	36	1	advise	subj_rel	unexpected	The senator that slumps the consultant advise	1.4298547284852248e-05	1.4298547284852248e-05	16.09377098083496	16.09377098083496
71	gpt2	72	36	1	advise	subj_rel	expected	The senator that slumps the consultant advises	6.487434347945964e-06	6.487434347945964e-06	17.23392105102539	17.23392105102539
72	gpt2	73	37	1	affect	subj_rel	unexpected	The senator that slumps the consultant affect	4.531827926257392e-06	4.531827926257392e-06	17.751476287841797	17.751476287841797
73	gpt2	74	37	1	affect	subj_rel	expected	The senator that slumps the consultant affects	7.0315745688276365e-06	7.0315745688276365e-06	17.117721557617188	17.117721557617188
74	gpt2	75	38	1	afford	subj_rel	unexpected	The senator that slumps the consultant afford	4.223386895318981e-06	4.223386895318981e-06	17.853168487548828	17.853168487548828
75	gpt2	76	38	1	afford	subj_rel	expected	The senator that slumps the consultant affords	0.13406785260076504	0.13406785260076504	9.048604011535645	9.048604011535645
76	gpt2	77	39	1	aggravate	subj_rel	unexpected	The senator that slumps the consultant aggravate	0.0037172890540090957	0.0037172890540090957	13.299063444137573	13.299063444137573
77	gpt2	78	39	1	aggravate	subj_rel	expected	The senator that slumps the consultant aggravates	0.46126548105775095	0.46126548105775095	9.821334764361382	9.821334764361382
78	gpt2	79	40	1	agonize	subj_rel	unexpected	The senator that slumps the consultant agonize	0.0017189747262591386	0.0017189747262591386	14.016599655151367	14.016599655151367
79	gpt2	80	40	1	agonize	subj_rel	expected	The senator that slumps the consultant agonizes	0.2918780675930748	0.2918780675930748	10.312541663646698	10.312541663646698
80	gpt2	81	41	1	agree	subj_rel	unexpected	The senator that slumps the consultant agree	5.1019836973864585e-05	5.1019836973864585e-05	14.25858211517334	14.25858211517334
81	gpt2	82	41	1	agree	subj_rel	expected	The senator that slumps the consultant agrees	9.19041340239346e-05	9.19041340239346e-05	13.409510612487791	13.409510612487791
82	gpt2	83	42	1	aid	subj_rel	unexpected	The senator that slumps the consultant aid	1.808650813472923e-05	1.808650813472923e-05	15.75472640991211	15.75472640991211
83	gpt2	84	42	1	aid	subj_rel	expected	The senator that slumps the consultant aids	6.69837390887551e-06	6.69837390887551e-06	17.18775749206543	17.18775749206543
84	gpt2	85	43	1	aim	subj_rel	unexpected	The senator that slumps the consultant aim	3.78882464246999e-06	3.78882464246999e-06	18.00981903076172	18.00981903076172
85	gpt2	86	43	1	aim	subj_rel	expected	The senator that slumps the consultant aims	1.119987791753374e-05	1.119987791753374e-05	16.446157455444336	16.446157455444336
86	gpt2	87	44	1	air	subj_rel	unexpected	The senator that slumps the consultant air	1.435702961316565e-05	1.435702961316565e-05	16.08788299560547	16.08788299560547
87	gpt2	88	44	1	air	subj_rel	expected	The senator that slumps the consultant airs	3.0677454105898505e-06	3.0677454105898505e-06	18.31439018249512	18.31439018249512
88	gpt2	89	45	1	alert	subj_rel	unexpected	The senator that slumps the consultant alert	1.787817041076778e-06	1.787817041076778e-06	19.09336853027344	19.09336853027344
89	gpt2	90	45	1	alert	subj_rel	expected	The senator that slumps the consultant alerts	6.468280275839788e-07	6.468280275839788e-07	20.56011390686035	20.56011390686035
90	gpt2	91	46	1	alienate	subj_rel	unexpected	The senator that slumps the consultant alienate	0.009303082310907469	0.009303082310907469	10.634936809539795	10.634936809539795
91	gpt2	92	46	1	alienate	subj_rel	expected	The senator that slumps the consultant alienates	0.0075560091709121185	0.0075560091709121185	10.785170078277588	10.785170078277588
92	gpt2	93	47	1	allay	subj_rel	unexpected	The senator that slumps the consultant allay	0.0004996047628082631	0.0004996047628082631	12.472225189208984	12.472225189208984
93	gpt2	94	47	1	allay	subj_rel	expected	The senator that slumps the consultant allays	0.0004912612594125274	0.0004912612594125274	13.003318309783936	13.003318309783936
94	gpt2	95	48	1	allege	subj_rel	unexpected	The senator that slumps the consultant allege	2.5755468868737807e-06	2.5755468868737807e-06	18.56669044494629	18.56669044494629
95	gpt2	96	48	1	allege	subj_rel	expected	The senator that slumps the consultant alleges	1.1034066119464114e-05	1.1034066119464114e-05	16.467676162719727	16.467676162719727
96	gpt2	97	49	1	alleviate	subj_rel	unexpected	The senator that slumps the consultant alleviate	6.752338777005208e-08	6.752338777005208e-08	23.820037841796875	23.820037841796875
97	gpt2	98	49	1	alleviate	subj_rel	expected	The senator that slumps the consultant alleviates	0.2641724311542504	0.2641724311542504	11.06928876042366	11.06928876042366
98	gpt2	99	50	1	allocate	subj_rel	unexpected	The senator that slumps the consultant allocate	2.42006422013219e-07	2.42006422013219e-07	21.978450775146484	21.978450775146484
99	gpt2	100	50	1	allocate	subj_rel	expected	The senator that slumps the consultant allocates	0.48596282020105264	0.48596282020105264	9.35231282375753	9.35231282375753
100	gpt2	101	51	1	allowed	subj_rel	unexpected	The senator that slumps the consultant allowed	0.0001885361998574	0.0001885361998574	12.372870445251465	12.372870445251465
101	gpt2	102	51	1	allowed	subj_rel	expected	The senator that slumps the consultant alloweds	9.636468325875791e-05	9.636468325875791e-05	15.118199825286865	15.118199825286865
102	gpt2	103	52	1	allow	subj_rel	unexpected	The senator that slumps the consultant allow	1.141232678492088e-05	1.141232678492088e-05	16.419048309326172	16.419048309326172
103	gpt2	104	52	1	allow	subj_rel	expected	The senator that slumps the consultant allows	0.0001196262310259	0.0001196262310259	13.029178619384766	13.029178619384766
104	gpt2	105	53	1	ally	subj_rel	unexpected	The senator that slumps the consultant ally	6.481349373643752e-06	6.481349373643752e-06	17.235275268554688	17.235275268554688
105	gpt2	106	53	1	ally	subj_rel	expected	The senator that slumps the consultant allies	3.863729489239631e-06	3.863729489239631e-06	17.98157501220703	17.98157501220703
106	gpt2	107	54	1	alter	subj_rel	unexpected	The senator that slumps the consultant alter	2.171129153794027e-06	2.171129153794027e-06	18.81312370300293	18.81312370300293
107	gpt2	108	54	1	alter	subj_rel	expected	The senator that slumps the consultant alters	4.653547875932418e-06	4.653547875932418e-06	17.713237762451172	17.713237762451172
108	gpt2	109	55	1	amalgamate	subj_rel	unexpected	The senator that slumps the consultant amalgamate	0.004638386781437002	0.004638386781437002	12.935366868972778	12.935366868972778
109	gpt2	110	55	1	amalgamate	subj_rel	expected	The senator that slumps the consultant amalgamates	0.24844143253013343	0.24844143253013343	8.073260148366293	8.073260148366293
110	gpt2	111	56	1	amass	subj_rel	unexpected	The senator that slumps the consultant amass	0.019767475269873058	0.019767475269873058	9.979462385177612	9.979462385177612
111	gpt2	112	56	1	amass	subj_rel	expected	The senator that slumps the consultant amasses	0.024859907992322357	0.024859907992322357	9.814023494720459	9.814023494720459
112	gpt2	113	57	1	amaze	subj_rel	unexpected	The senator that slumps the consultant amaze	0.0012954878175150577	0.0012954878175150577	11.951737403869629	11.951737403869629
113	gpt2	114	57	1	amaze	subj_rel	expected	The senator that slumps the consultant amazes	0.04034172087176556	0.04034172087176556	9.464659214019775	9.464659214019775
114	gpt2	115	58	1	amble	subj_rel	unexpected	The senator that slumps the consultant amble	0.0008686602950547078	0.0008686602950547078	12.243491649627686	12.243491649627686
115	gpt2	116	58	1	amble	subj_rel	expected	The senator that slumps the consultant ambles	0.013520521586428878	0.013520521586428878	12.059013843536377	12.059013843536377
116	gpt2	117	59	1	amend	subj_rel	unexpected	The senator that slumps the consultant amend	2.0764758801306018e-07	2.0764758801306018e-07	22.199359893798828	22.199359893798828
117	gpt2	118	59	1	amend	subj_rel	expected	The senator that slumps the consultant amends	0.041430608324844756	0.041430608324844756	9.445441246032715	9.445441246032715
118	gpt2	119	60	1	amortize	subj_rel	unexpected	The senator that slumps the consultant amortize	0.016352355295263472	0.016352355295263472	9.18068011601766	9.18068011601766
119	gpt2	120	60	1	amortize	subj_rel	expected	The senator that slumps the consultant amortizes	0.10248060257617907	0.10248060257617907	8.257372697194418	8.257372697194418
120	gpt2	121	61	1	amount	subj_rel	unexpected	The senator that slumps the consultant amount	4.32801571150776e-05	4.32801571150776e-05	14.49593448638916	14.49593448638916
121	gpt2	122	61	1	amount	subj_rel	expected	The senator that slumps the consultant amounts	2.5353376258863136e-05	2.5353376258863136e-05	15.267462730407717	15.267462730407717
122	gpt2	123	62	1	amplify	subj_rel	unexpected	The senator that slumps the consultant amplify	1.7865004053874145e-07	1.7865004053874145e-07	22.41636085510254	22.41636085510254
123	gpt2	124	62	1	amplify	subj_rel	expected	The senator that slumps the consultant amplifies	0.4380492782177896	0.4380492782177896	10.533368974924088	10.533368974924088
124	gpt2	125	63	1	analyze	subj_rel	unexpected	The senator that slumps the consultant analyze	3.449064820415515e-07	3.449064820415515e-07	21.4672908782959	21.4672908782959
125	gpt2	126	63	1	analyze	subj_rel	expected	The senator that slumps the consultant analyzes	0.4929079453921758	0.4929079453921758	9.329142929054797	9.329142929054797
126	gpt2	127	64	1	anchor	subj_rel	unexpected	The senator that slumps the consultant anchor	2.3941907784319483e-05	2.3941907784319483e-05	15.350102424621582	15.350102424621582
127	gpt2	128	64	1	anchor	subj_rel	expected	The senator that slumps the consultant anchors	3.4928264085465344e-06	3.4928264085465344e-06	18.127174377441406	18.127174377441406
128	gpt2	129	65	1	announce	subj_rel	unexpected	The senator that slumps the consultant announce	2.904647544710315e-07	2.904647544710315e-07	21.715133666992188	21.715133666992188
129	gpt2	130	65	1	announce	subj_rel	expected	The senator that slumps the consultant announces	3.2284883673128206e-06	3.2284883673128206e-06	18.24070930480957	18.24070930480957
130	gpt2	131	66	1	answer	subj_rel	unexpected	The senator that slumps the consultant answer	6.417019903892651e-05	6.417019903892651e-05	13.92773723602295	13.92773723602295
131	gpt2	132	66	1	answer	subj_rel	expected	The senator that slumps the consultant answers	2.7827609301311892e-05	2.7827609301311892e-05	15.133123397827148	15.133123397827148
132	gpt2	133	67	1	antagonize	subj_rel	unexpected	The senator that slumps the consultant antagonize	0.0016143967548031984	0.0016143967548031984	13.85177230834961	13.85177230834961
133	gpt2	134	67	1	antagonize	subj_rel	expected	The senator that slumps the consultant antagonizes	0.2315287227427234	0.2315287227427234	10.269431471824646	10.269431471824646
134	gpt2	135	68	1	anticipate	subj_rel	unexpected	The senator that slumps the consultant anticipate	1.6034746863624605e-07	1.6034746863624605e-07	22.57229423522949	22.57229423522949
135	gpt2	136	68	1	anticipate	subj_rel	expected	The senator that slumps the consultant anticipates	0.49987836024482135	0.49987836024482135	10.777430803136667	10.777430803136667
136	gpt2	137	69	1	apologize	subj_rel	unexpected	The senator that slumps the consultant apologize	4.796962684849859e-07	4.796962684849859e-07	20.991374969482425	20.991374969482425
137	gpt2	138	69	1	apologize	subj_rel	expected	The senator that slumps the consultant apologizes	0.414150234461772	0.414150234461772	9.148625582456587	9.148625582456587
138	gpt2	139	70	1	appeal	subj_rel	unexpected	The senator that slumps the consultant appeal	5.447591684060171e-05	5.447591684060171e-05	14.164021492004396	14.164021492004396
139	gpt2	140	70	1	appeal	subj_rel	expected	The senator that slumps the consultant appeals	2.6103352865902707e-05	2.6103352865902707e-05	15.2254056930542	15.2254056930542
140	gpt2	141	71	1	appear	subj_rel	unexpected	The senator that slumps the consultant appear	8.936038648243994e-05	8.936038648243994e-05	13.45000457763672	13.45000457763672
141	gpt2	142	71	1	appear	subj_rel	expected	The senator that slumps the consultant appears	0.0009597696480341	0.0009597696480341	10.0250244140625	10.0250244140625
142	gpt2	143	72	1	appease	subj_rel	unexpected	The senator that slumps the consultant appease	1.522640076245807e-07	1.522640076245807e-07	22.646921157836918	22.646921157836918
143	gpt2	144	72	1	appease	subj_rel	expected	The senator that slumps the consultant appeases	0.32271940737030036	0.32271940737030036	9.53227201104164	9.53227201104164
144	gpt2	145	73	1	append	subj_rel	unexpected	The senator that slumps the consultant append	4.980543963029049e-06	4.980543963029049e-06	17.615264892578125	17.615264892578125
145	gpt2	146	73	1	append	subj_rel	expected	The senator that slumps the consultant appends	0.0006527224632009071	0.0006527224632009071	11.985024452209473	11.985024452209473
146	gpt2	147	74	1	applaud	subj_rel	unexpected	The senator that slumps the consultant applaud	2.162252258131048e-06	2.162252258131048e-06	18.819034576416016	18.819034576416016
147	gpt2	148	74	1	applaud	subj_rel	expected	The senator that slumps the consultant applauds	0.49724493254939267	0.49724493254939267	9.413504586555064	9.413504586555064
148	gpt2	149	75	1	apply	subj_rel	unexpected	The senator that slumps the consultant apply	1.9249671368015697e-06	1.9249671368015697e-06	18.98673439025879	18.98673439025879
149	gpt2	150	75	1	apply	subj_rel	expected	The senator that slumps the consultant applies	1.066077584255254e-05	1.066077584255254e-05	16.5173282623291	16.5173282623291
150	gpt2	151	76	1	appoint	subj_rel	unexpected	The senator that slumps the consultant appoint	1.7300319086643867e-05	1.7300319086643867e-05	15.818841934204102	15.818841934204102
151	gpt2	152	76	1	appoint	subj_rel	expected	The senator that slumps the consultant appoints	0.15292339775533037	0.15292339775533037	8.764021217823029	8.764021217823029
152	gpt2	153	77	1	appraise	subj_rel	unexpected	The senator that slumps the consultant appraise	0.015059156080724253	0.015059156080724253	11.5835702419281	11.5835702419281
153	gpt2	154	77	1	appraise	subj_rel	expected	The senator that slumps the consultant appraises	0.1127296208571806	0.1127296208571806	10.131420135498047	10.131420135498047
154	gpt2	155	78	1	appreciate	subj_rel	unexpected	The senator that slumps the consultant appreciate	2.507537715246144e-07	2.507537715246144e-07	21.92722511291504	21.92722511291504
155	gpt2	156	78	1	appreciate	subj_rel	expected	The senator that slumps the consultant appreciates	0.4991110239489416	0.4991110239489416	10.719271925394423	10.719271925394423
156	gpt2	157	79	1	approach	subj_rel	unexpected	The senator that slumps the consultant approach	0.0002404085244052	0.0002404085244052	12.022224426269531	12.022224426269531
157	gpt2	158	79	1	approach	subj_rel	expected	The senator that slumps the consultant approaches	1.4562884643964937e-05	1.4562884643964937e-05	16.067344665527344	16.067344665527344
158	gpt2	159	80	1	approve	subj_rel	unexpected	The senator that slumps the consultant approve	1.849063210102031e-06	1.849063210102031e-06	19.04477310180664	19.04477310180664
159	gpt2	160	80	1	approve	subj_rel	expected	The senator that slumps the consultant approves	4.76997729492723e-06	4.76997729492723e-06	17.67758560180664	17.67758560180664
160	gpt2	161	81	1	argue	subj_rel	unexpected	The senator that slumps the consultant argue	7.089860446285456e-06	7.089860446285456e-06	17.105812072753906	17.105812072753906
161	gpt2	162	81	1	argue	subj_rel	expected	The senator that slumps the consultant argues	2.344463973713573e-05	2.344463973713573e-05	15.380382537841797	15.380382537841797
162	gpt2	163	82	1	arise	subj_rel	unexpected	The senator that slumps the consultant arise	1.382165635277488e-07	1.382165635277488e-07	22.78656578063965	22.78656578063965
163	gpt2	164	82	1	arise	subj_rel	expected	The senator that slumps the consultant arises	2.261806457681814e-06	2.261806457681814e-06	18.754093170166016	18.754093170166016
164	gpt2	165	83	1	arm	subj_rel	unexpected	The senator that slumps the consultant arm	0.0006106068613007	0.0006106068613007	10.677468299865724	10.677468299865724
165	gpt2	166	83	1	arm	subj_rel	expected	The senator that slumps the consultant arms	8.890612662071362e-05	8.890612662071362e-05	13.457357406616213	13.457357406616213
166	gpt2	167	84	1	arouse	subj_rel	unexpected	The senator that slumps the consultant arouse	0.0005605718324659	0.0005605718324659	11.504575729370117	11.504575729370117
167	gpt2	168	84	1	arouse	subj_rel	expected	The senator that slumps the consultant arouses	0.49552722328465393	0.49552722328465393	11.705465158913283	11.705465158913283
168	gpt2	169	85	1	arrange	subj_rel	unexpected	The senator that slumps the consultant arrange	6.775287033633504e-07	6.775287033633504e-07	20.493213653564453	20.493213653564453
169	gpt2	170	85	1	arrange	subj_rel	expected	The senator that slumps the consultant arranges	0.4976849508555574	0.4976849508555574	9.715665227500722	9.715665227500722
170	gpt2	171	86	1	arrest	subj_rel	unexpected	The senator that slumps the consultant arrest	5.891008640901418e-07	5.891008640901418e-07	20.694982528686523	20.694982528686523
171	gpt2	172	86	1	arrest	subj_rel	expected	The senator that slumps the consultant arrests	3.681159057578043e-07	3.681159057578043e-07	21.373336791992188	21.373336791992188
172	gpt2	173	87	1	arrive	subj_rel	unexpected	The senator that slumps the consultant arrive	2.353845275138156e-06	2.353845275138156e-06	18.696548461914062	18.696548461914062
173	gpt2	174	87	1	arrive	subj_rel	expected	The senator that slumps the consultant arrives	3.838272823486477e-05	3.838272823486477e-05	14.669182777404783	14.669182777404783
174	gpt2	175	88	1	articulate	subj_rel	unexpected	The senator that slumps the consultant articulate	4.405636104820587e-07	4.405636104820587e-07	21.114147186279297	21.114147186279297
175	gpt2	176	88	1	articulate	subj_rel	expected	The senator that slumps the consultant articulates	0.42053453403190133	0.42053453403190133	9.6612409055233	9.6612409055233
176	gpt2	177	89	1	ask	subj_rel	unexpected	The senator that slumps the consultant ask	2.5574849132681265e-05	2.5574849132681265e-05	15.25491428375244	15.25491428375244
177	gpt2	178	89	1	ask	subj_rel	expected	The senator that slumps the consultant asks	5.123515802551992e-05	5.123515802551992e-05	14.252506256103516	14.252506256103516
178	gpt2	179	90	1	assassinate	subj_rel	unexpected	The senator that slumps the consultant assassinate	1.235472808502891e-07	1.235472808502891e-07	22.94843292236328	22.94843292236328
179	gpt2	180	90	1	assassinate	subj_rel	expected	The senator that slumps the consultant assassinates	0.3119373516596937	0.3119373516596937	11.636108666658401	11.636108666658401
180	gpt2	181	91	1	assemble	subj_rel	unexpected	The senator that slumps the consultant assemble	1.6300808169944506e-07	1.6300808169944506e-07	22.548553466796875	22.548553466796875
181	gpt2	182	91	1	assemble	subj_rel	expected	The senator that slumps the consultant assembles	0.49787137679012966	0.49787137679012966	10.086266161175445	10.086266161175445
182	gpt2	183	92	1	assert	subj_rel	unexpected	The senator that slumps the consultant assert	1.4009096958034206e-06	1.4009096958034206e-06	19.44520378112793	19.44520378112793
183	gpt2	184	92	1	assert	subj_rel	expected	The senator that slumps the consultant asserts	5.584758127952227e-06	5.584758127952227e-06	17.4500732421875	17.4500732421875
184	gpt2	185	93	1	assess	subj_rel	unexpected	The senator that slumps the consultant assess	3.058434231206775e-05	3.058434231206775e-05	14.99684715270996	14.99684715270996
185	gpt2	186	93	1	assess	subj_rel	expected	The senator that slumps the consultant assesses	0.4574871695076581	0.4574871695076581	7.562546081840991	7.562546081840991
186	gpt2	187	94	1	assign	subj_rel	unexpected	The senator that slumps the consultant assign	2.01241391550866e-06	2.01241391550866e-06	18.92264175415039	18.92264175415039
187	gpt2	188	94	1	assign	subj_rel	expected	The senator that slumps the consultant assigns	4.319947493058862e-06	4.319947493058862e-06	17.820554733276367	17.820554733276367
188	gpt2	189	95	1	assimilate	subj_rel	unexpected	The senator that slumps the consultant assimilate	0.007325247814847531	0.007325247814847531	14.48233366012573	14.48233366012573
189	gpt2	190	95	1	assimilate	subj_rel	expected	The senator that slumps the consultant assimilates	0.3945047910790578	0.3945047910790578	11.606816738843916	11.606816738843916
190	gpt2	191	96	1	assist	subj_rel	unexpected	The senator that slumps the consultant assist	4.8962997425405774e-06	4.8962997425405774e-06	17.639877319335938	17.639877319335938
191	gpt2	192	96	1	assist	subj_rel	expected	The senator that slumps the consultant assists	5.075754870631499e-06	5.075754870631499e-06	17.58794593811035	17.58794593811035
192	gpt2	193	97	1	assuage	subj_rel	unexpected	The senator that slumps the consultant assuage	0.004954965806973577	0.004954965806973577	9.32605791091919	9.32605791091919
193	gpt2	194	97	1	assuage	subj_rel	expected	The senator that slumps the consultant assuages	0.30005692444440984	0.30005692444440984	7.093800152341525	7.093800152341525
194	gpt2	195	98	1	assume	subj_rel	unexpected	The senator that slumps the consultant assume	1.786439952411456e-06	1.786439952411456e-06	19.094480514526367	19.094480514526367
195	gpt2	196	98	1	assume	subj_rel	expected	The senator that slumps the consultant assumes	2.6632618755684238e-05	2.6632618755684238e-05	15.196446418762209	15.196446418762209
196	gpt2	197	99	2	assure	subj_rel	unexpected	The teacher that motivates the manager assure	3.835019981579535e-07	3.835019981579535e-07	21.31426239013672	21.31426239013672
197	gpt2	198	99	2	assure	subj_rel	expected	The teacher that motivates the manager assures	2.5294448278145865e-05	2.5294448278145865e-05	15.270819664001465	15.270819664001465
198	gpt2	199	100	2	atone	subj_rel	unexpected	The teacher that motivates the manager atone	0.004248100177107926	0.004248100177107926	13.63526463508606	13.63526463508606
199	gpt2	200	100	2	atone	subj_rel	expected	The teacher that motivates the manager atones	0.00424777069754607	0.00424777069754607	15.343512773513794	15.343512773513794
200	gpt2	201	101	2	attach	subj_rel	unexpected	The teacher that motivates the manager attach	3.795102188064448e-08	3.795102188064448e-08	24.65128517150879	24.65128517150879
201	gpt2	202	101	2	attach	subj_rel	expected	The teacher that motivates the manager attaches	3.690213645768381e-07	3.690213645768381e-07	21.369792938232425	21.369792938232425
202	gpt2	203	102	2	attack	subj_rel	unexpected	The teacher that motivates the manager attack	5.307063020154601e-06	5.307063020154601e-06	17.52365493774414	17.52365493774414
203	gpt2	204	102	2	attack	subj_rel	expected	The teacher that motivates the manager attacks	3.1520063203061e-05	3.1520063203061e-05	14.953370094299316	14.953370094299316
204	gpt2	205	103	2	attain	subj_rel	unexpected	The teacher that motivates the manager attain	7.535379609180383e-08	7.535379609180383e-08	23.661745071411133	23.661745071411133
205	gpt2	206	103	2	attain	subj_rel	expected	The teacher that motivates the manager attains	0.40226282827825344	0.40226282827825344	8.844282791018486	8.844282791018486
206	gpt2	207	104	2	attempt	subj_rel	unexpected	The teacher that motivates the manager attempt	1.3162638197172782e-06	1.3162638197172782e-06	19.535120010375977	19.535120010375977
207	gpt2	208	104	2	attempt	subj_rel	expected	The teacher that motivates the manager attempts	3.091890175710432e-05	3.091890175710432e-05	14.981151580810549	14.981151580810549
208	gpt2	209	105	2	attend	subj_rel	unexpected	The teacher that motivates the manager attend	8.140135037137952e-07	8.140135037137952e-07	20.228443145751957	20.228443145751957
209	gpt2	210	105	2	attend	subj_rel	expected	The teacher that motivates the manager attends	1.4368754818860909e-05	1.4368754818860909e-05	16.086706161499023	16.086706161499023
210	gpt2	211	106	2	attention	subj_rel	unexpected	The teacher that motivates the manager attention	1.973625785467448e-06	1.973625785467448e-06	18.950719833374023	18.950719833374023
211	gpt2	212	106	2	attention	subj_rel	expected	The teacher that motivates the manager attentions	0.0032126364593665093	0.0032126364593665093	14.734905004501343	14.734905004501343
212	gpt2	213	107	2	attest	subj_rel	unexpected	The teacher that motivates the manager attest	5.81405608102159e-08	5.81405608102159e-08	24.03587913513184	24.03587913513184
213	gpt2	214	107	2	attest	subj_rel	expected	The teacher that motivates the manager attests	0.04720926560730731	0.04720926560730731	10.3898206949234	10.3898206949234
214	gpt2	215	108	2	attract	subj_rel	unexpected	The teacher that motivates the manager attract	2.4998314529511845e-06	2.4998314529511845e-06	18.609737396240234	18.609737396240234
215	gpt2	216	108	2	attract	subj_rel	expected	The teacher that motivates the manager attracts	2.347793270018883e-05	2.347793270018883e-05	15.378334999084473	15.378334999084473
216	gpt2	217	109	2	attribute	subj_rel	unexpected	The teacher that motivates the manager attribute	3.342223180879955e-06	3.342223180879955e-06	18.19075965881348	18.19075965881348
217	gpt2	218	109	2	attribute	subj_rel	expected	The teacher that motivates the manager attributes	1.848535248427652e-05	1.848535248427652e-05	15.723258018493652	15.723258018493652
218	gpt2	219	110	2	auction	subj_rel	unexpected	The teacher that motivates the manager auction	5.180289619488576e-08	5.180289619488576e-08	24.202392578125	24.202392578125
219	gpt2	220	110	2	auction	subj_rel	expected	The teacher that motivates the manager auctions	2.6929996010949253e-08	2.6929996010949253e-08	25.146211624145508	25.146211624145508
220	gpt2	221	111	2	audition	subj_rel	unexpected	The teacher that motivates the manager audition	1.5230931182941276e-07	1.5230931182941276e-07	22.64649200439453	22.64649200439453
221	gpt2	222	111	2	audition	subj_rel	expected	The teacher that motivates the manager auditions	0.0396206488723578	0.0396206488723578	11.719483613967896	11.719483613967896
222	gpt2	223	112	2	audit	subj_rel	unexpected	The teacher that motivates the manager audit	4.0258044009533485e-08	4.0258044009533485e-08	24.566146850585938	24.566146850585938
223	gpt2	224	112	2	audit	subj_rel	expected	The teacher that motivates the manager audits	1.2310786701164034e-07	1.2310786701164034e-07	22.95357322692871	22.95357322692871
224	gpt2	225	113	2	augment	subj_rel	unexpected	The teacher that motivates the manager augment	2.2442733893512923e-08	2.2442733893512923e-08	25.40917587280273	25.40917587280273
225	gpt2	226	113	2	augment	subj_rel	expected	The teacher that motivates the manager augments	0.35550134806208433	0.35550134806208433	11.818258419632912	11.818258419632912
226	gpt2	227	114	2	authorize	subj_rel	unexpected	The teacher that motivates the manager authorize	3.565250139558884e-08	3.565250139558884e-08	24.74142074584961	24.74142074584961
227	gpt2	228	114	2	authorize	subj_rel	expected	The teacher that motivates the manager authorizes	0.32993161146714556	0.32993161146714556	9.360746890306473	9.360746890306473
228	gpt2	229	115	2	autograph	subj_rel	unexpected	The teacher that motivates the manager autograph	0.01648240445157962	0.01648240445157962	12.655931949615479	12.655931949615479
229	gpt2	230	115	2	autograph	subj_rel	expected	The teacher that motivates the manager autographs	0.04826963601610142	0.04826963601610142	11.880826830863953	11.880826830863953
230	gpt2	231	116	2	average	subj_rel	unexpected	The teacher that motivates the manager average	1.8715446685746429e-06	1.8715446685746429e-06	19.02733993530273	19.02733993530273
231	gpt2	232	116	2	average	subj_rel	expected	The teacher that motivates the manager averages	1.945697704286431e-06	1.945697704286431e-06	18.971281051635746	18.971281051635746
232	gpt2	233	117	2	avert	subj_rel	unexpected	The teacher that motivates the manager avert	1.7500701332551216e-08	1.7500701332551216e-08	25.76801109313965	25.76801109313965
233	gpt2	234	117	2	avert	subj_rel	expected	The teacher that motivates the manager averts	0.41913801148874086	0.41913801148874086	10.846268683671951	10.846268683671951
234	gpt2	235	118	2	avoid	subj_rel	unexpected	The teacher that motivates the manager avoid	4.118067863601027e-06	4.118067863601027e-06	17.88960075378418	17.88960075378418
235	gpt2	236	118	2	avoid	subj_rel	expected	The teacher that motivates the manager avoids	3.4120341297239065e-05	3.4120341297239065e-05	14.839008331298828	14.839008331298828
236	gpt2	237	119	2	await	subj_rel	unexpected	The teacher that motivates the manager await	2.555464639897309e-08	2.555464639897309e-08	25.22183990478516	25.22183990478516
237	gpt2	238	119	2	await	subj_rel	expected	The teacher that motivates the manager awaits	1.319602006333298e-06	1.319602006333298e-06	19.531465530395508	19.531465530395508
238	gpt2	239	120	2	backfire	subj_rel	unexpected	The teacher that motivates the manager backfire	0.00045943059376435	0.00045943059376435	11.297193050384521	11.297193050384521
239	gpt2	240	120	2	backfire	subj_rel	expected	The teacher that motivates the manager backfires	0.0063407254056073	0.0063407254056073	9.210347175598145	9.210347175598145
240	gpt2	241	121	2	back	subj_rel	unexpected	The teacher that motivates the manager back	0.0002288540126755	0.0002288540126755	12.093284606933594	12.093284606933594
241	gpt2	242	121	2	back	subj_rel	expected	The teacher that motivates the manager backs	7.850574547774158e-06	7.850574547774158e-06	16.958770751953125	16.958770751953125
242	gpt2	243	122	2	bail	subj_rel	unexpected	The teacher that motivates the manager bail	7.019514214334778e-08	7.019514214334778e-08	23.76405334472656	23.76405334472656
243	gpt2	244	122	2	bail	subj_rel	expected	The teacher that motivates the manager bails	0.03716440837797563	0.03716440837797563	9.590518116950989	9.590518116950989
244	gpt2	245	123	2	balance	subj_rel	unexpected	The teacher that motivates the manager balance	3.443990124196717e-07	3.443990124196717e-07	21.46941566467285	21.46941566467285
245	gpt2	246	123	2	balance	subj_rel	expected	The teacher that motivates the manager balances	1.8680211724131368e-06	1.8680211724131368e-06	19.03005790710449	19.03005790710449
246	gpt2	247	124	2	balk	subj_rel	unexpected	The teacher that motivates the manager balk	1.2497077932493994e-06	1.2497077932493994e-06	19.60997772216797	19.60997772216797
247	gpt2	248	124	2	balk	subj_rel	expected	The teacher that motivates the manager balks	0.45010686867706795	0.45010686867706795	10.640130184590818	10.640130184590818
248	gpt2	249	125	2	balloon	subj_rel	unexpected	The teacher that motivates the manager balloon	3.334796758736047e-07	3.334796758736047e-07	21.51589775085449	21.51589775085449
249	gpt2	250	125	2	balloon	subj_rel	expected	The teacher that motivates the manager balloons	9.494413433230876e-08	9.494413433230876e-08	23.328346252441406	23.328346252441406
250	gpt2	251	126	2	band	subj_rel	unexpected	The teacher that motivates the manager band	1.0283973779223745e-06	1.0283973779223745e-06	19.891170501708984	19.891170501708984
251	gpt2	252	126	2	band	subj_rel	expected	The teacher that motivates the manager bands	1.576340480369254e-07	1.576340480369254e-07	22.5969181060791	22.5969181060791
252	gpt2	253	127	2	banish	subj_rel	unexpected	The teacher that motivates the manager banish	0.0012363734217615075	0.0012363734217615075	13.809422492980957	13.809422492980957
253	gpt2	254	127	2	banish	subj_rel	expected	The teacher that motivates the manager banishes	0.0041633292362348575	0.0041633292362348575	12.933207750320435	12.933207750320435
254	gpt2	255	128	2	bankroll	subj_rel	unexpected	The teacher that motivates the manager bankroll	0.079366374911217	0.079366374911217	11.171044707298279	11.171044707298279
255	gpt2	256	128	2	bankroll	subj_rel	expected	The teacher that motivates the manager bankrolls	0.22392594079265868	0.22392594079265868	7.768310646216075	7.768310646216075
256	gpt2	257	129	2	bankrupt	subj_rel	unexpected	The teacher that motivates the manager bankrupt	1.2866698284597078e-07	1.2866698284597078e-07	22.889854431152344	22.889854431152344
257	gpt2	258	129	2	bankrupt	subj_rel	expected	The teacher that motivates the manager bankrupts	0.25806314226012717	0.25806314226012717	11.922029346227646	11.922029346227646
258	gpt2	259	130	2	bank	subj_rel	unexpected	The teacher that motivates the manager bank	1.1849430165966623e-06	1.1849430165966623e-06	19.686750411987305	19.686750411987305
259	gpt2	260	130	2	bank	subj_rel	expected	The teacher that motivates the manager banks	1.691927877800481e-07	1.691927877800481e-07	22.494829177856445	22.494829177856445
260	gpt2	261	131	2	ban	subj_rel	unexpected	The teacher that motivates the manager ban	1.9636527213151567e-06	1.9636527213151567e-06	18.95802879333496	18.95802879333496
261	gpt2	262	131	2	ban	subj_rel	expected	The teacher that motivates the manager bans	1.091425565391546e-05	1.091425565391546e-05	16.483427047729492	16.483427047729492
262	gpt2	263	132	2	bargain	subj_rel	unexpected	The teacher that motivates the manager bargain	4.11443863868044e-07	4.11443863868044e-07	21.212800979614254	21.212800979614254
263	gpt2	264	132	2	bargain	subj_rel	expected	The teacher that motivates the manager bargains	0.1627697976946365	0.1627697976946365	9.879218220710753	9.879218220710753
264	gpt2	265	133	2	bar	subj_rel	unexpected	The teacher that motivates the manager bar	6.18506555838394e-06	6.18506555838394e-06	17.302780151367188	17.302780151367188
265	gpt2	266	133	2	bar	subj_rel	expected	The teacher that motivates the manager bars	8.158912123690243e-07	8.158912123690243e-07	20.225120544433597	20.225120544433597
266	gpt2	267	134	2	base	subj_rel	unexpected	The teacher that motivates the manager base	1.1734417057596149e-05	1.1734417057596149e-05	16.378894805908203	16.378894805908203
267	gpt2	268	134	2	base	subj_rel	expected	The teacher that motivates the manager bases	1.3837226333635044e-06	1.3837226333635044e-06	19.463014602661133	19.463014602661133
268	gpt2	269	135	2	bash	subj_rel	unexpected	The teacher that motivates the manager bash	1.1210734385258549e-07	1.1210734385258549e-07	23.08861541748047	23.08861541748047
269	gpt2	270	135	2	bash	subj_rel	expected	The teacher that motivates the manager bashes	0.3603363718696073	0.3603363718696073	9.168702527880669	9.168702527880669
270	gpt2	271	136	2	batter	subj_rel	unexpected	The teacher that motivates the manager batter	2.879559986013192e-07	2.879559986013192e-07	21.72764778137207	21.72764778137207
271	gpt2	272	136	2	batter	subj_rel	expected	The teacher that motivates the manager batters	3.216648565285141e-07	3.216648565285141e-07	21.56793785095215	21.56793785095215
272	gpt2	273	137	2	battle	subj_rel	unexpected	The teacher that motivates the manager battle	2.3799932478141272e-06	2.3799932478141272e-06	18.68061065673828	18.68061065673828
273	gpt2	274	137	2	battle	subj_rel	expected	The teacher that motivates the manager battles	7.58909391151974e-06	7.58909391151974e-06	17.007640838623047	17.007640838623047
274	gpt2	275	138	2	bear	subj_rel	unexpected	The teacher that motivates the manager bear	4.938053734804271e-06	4.938053734804271e-06	17.627626419067383	17.627626419067383
275	gpt2	276	138	2	bear	subj_rel	expected	The teacher that motivates the manager bears	6.181790377013385e-05	6.181790377013385e-05	13.981616020202637	13.981616020202637
276	gpt2	277	139	2	beat	subj_rel	unexpected	The teacher that motivates the manager beat	9.472129931964446e-06	9.472129931964446e-06	16.68787956237793	16.68787956237793
277	gpt2	278	139	2	beat	subj_rel	expected	The teacher that motivates the manager beats	1.5143928067118397e-05	1.5143928067118397e-05	16.010900497436523	16.010900497436523
278	gpt2	279	140	2	become	subj_rel	unexpected	The teacher that motivates the manager become	2.293336729053408e-05	2.293336729053408e-05	15.412192344665527	15.412192344665527
279	gpt2	280	140	2	become	subj_rel	expected	The teacher that motivates the manager becomes	0.0003398357366677	0.0003398357366677	11.52287483215332	11.52287483215332
280	gpt2	281	141	2	bedevil	subj_rel	unexpected	The teacher that motivates the manager bedevil	0.0005059474005122146	0.0005059474005122146	15.42964220046997	15.42964220046997
281	gpt2	282	141	2	bedevil	subj_rel	expected	The teacher that motivates the manager bedevils	0.21320516818493238	0.21320516818493238	9.989771525065104	9.989771525065104
282	gpt2	283	142	2	beef	subj_rel	unexpected	The teacher that motivates the manager beef	3.719894152709458e-07	3.719894152709458e-07	21.358234405517575	21.358234405517575
283	gpt2	284	142	2	beef	subj_rel	expected	The teacher that motivates the manager beefs	0.4587447119041314	0.4587447119041314	10.741235770285128	10.741235770285128
284	gpt2	285	143	2	begin	subj_rel	unexpected	The teacher that motivates the manager begin	8.491826974932337e-07	8.491826974932337e-07	20.167421340942383	20.167421340942383
285	gpt2	286	143	2	begin	subj_rel	expected	The teacher that motivates the manager begins	7.29310413589701e-05	7.29310413589701e-05	13.743107795715332	13.743107795715332
286	gpt2	287	144	2	behave	subj_rel	unexpected	The teacher that motivates the manager behave	6.059211727915681e-07	6.059211727915681e-07	20.65436553955078	20.65436553955078
287	gpt2	288	144	2	behave	subj_rel	expected	The teacher that motivates the manager behaves	1.1568366971914656e-05	1.1568366971914656e-05	16.399456024169922	16.399456024169922
288	gpt2	289	145	2	belie	subj_rel	unexpected	The teacher that motivates the manager belie	2.445156326302822e-07	2.445156326302822e-07	21.96356964111328	21.96356964111328
289	gpt2	290	145	2	belie	subj_rel	expected	The teacher that motivates the manager belies	0.1463281071798974	0.1463281071798974	9.786318600177765	9.786318600177765
290	gpt2	291	146	2	believe	subj_rel	unexpected	The teacher that motivates the manager believe	1.7669690350885503e-05	1.7669690350885503e-05	15.788363456726074	15.788363456726074
291	gpt2	292	146	2	believe	subj_rel	expected	The teacher that motivates the manager believes	0.0005195930134505	0.0005195930134505	10.910330772399902	10.910330772399902
292	gpt2	293	147	2	bellow	subj_rel	unexpected	The teacher that motivates the manager bellow	0.031081670847470353	0.031081670847470353	11.229542016983032	11.229542016983032
293	gpt2	294	147	2	bellow	subj_rel	expected	The teacher that motivates the manager bellows	0.1466480437188693	0.1466480437188693	10.110405623912811	10.110405623912811
294	gpt2	295	148	2	belong	subj_rel	unexpected	The teacher that motivates the manager belong	5.062429409008473e-07	5.062429409008473e-07	20.913667678833008	20.913667678833008
295	gpt2	296	148	2	belong	subj_rel	expected	The teacher that motivates the manager belongs	1.843633799580857e-05	1.843633799580857e-05	15.72708797454834	15.72708797454834
296	gpt2	297	149	2	bend	subj_rel	unexpected	The teacher that motivates the manager bend	2.723372105606359e-08	2.723372105606359e-08	25.130029678344727	25.130029678344727
297	gpt2	298	149	2	bend	subj_rel	expected	The teacher that motivates the manager bends	5.790127488580765e-07	5.790127488580765e-07	20.71990203857422	20.71990203857422
298	gpt2	299	150	2	benefit	subj_rel	unexpected	The teacher that motivates the manager benefit	1.1085405731137143e-06	1.1085405731137143e-06	19.782907485961918	19.782907485961918
299	gpt2	300	150	2	benefit	subj_rel	expected	The teacher that motivates the manager benefits	6.38172059552744e-05	6.38172059552744e-05	13.935694694519045	13.935694694519045
300	gpt2	301	151	2	bet	subj_rel	unexpected	The teacher that motivates the manager bet	1.0970774383167736e-05	1.0970774383167736e-05	16.475975036621094	16.475975036621094
301	gpt2	302	151	2	bet	subj_rel	expected	The teacher that motivates the manager bets	8.259496553364443e-07	8.259496553364443e-07	20.207443237304688	20.207443237304688
302	gpt2	303	152	2	are	subj_rel	unexpected	The teacher that motivates the manager are	0.0006308120209723	0.0006308120209723	10.630501747131348	10.630501747131348
303	gpt2	304	152	2	are	subj_rel	expected	The teacher that motivates the manager is	0.1294166147708892	0.1294166147708892	2.9499051570892334	2.9499051570892334
304	gpt2	305	153	2	bid	subj_rel	unexpected	The teacher that motivates the manager bid	1.464951878915599e-06	1.464951878915599e-06	19.380714416503903	19.380714416503903
305	gpt2	306	153	2	bid	subj_rel	expected	The teacher that motivates the manager bids	1.7937055645234068e-06	1.7937055645234068e-06	19.088624954223636	19.088624954223636
306	gpt2	307	154	2	bill	subj_rel	unexpected	The teacher that motivates the manager bill	1.0397420737717766e-06	1.0397420737717766e-06	19.875343322753903	19.875343322753903
307	gpt2	308	154	2	bill	subj_rel	expected	The teacher that motivates the manager bills	7.129154369067692e-07	7.129154369067692e-07	20.41976547241211	20.41976547241211
308	gpt2	309	155	2	bite	subj_rel	unexpected	The teacher that motivates the manager bite	1.1715530234823747e-07	1.1715530234823747e-07	23.025074005126957	23.025074005126957
309	gpt2	310	155	2	bite	subj_rel	expected	The teacher that motivates the manager bites	8.276970220322255e-07	8.276970220322255e-07	20.20439338684082	20.20439338684082
310	gpt2	311	156	2	blackmail	subj_rel	unexpected	The teacher that motivates the manager blackmail	1.434595588989396e-07	1.434595588989396e-07	22.732852935791016	22.732852935791016
311	gpt2	312	156	2	blackmail	subj_rel	expected	The teacher that motivates the manager blackmails	0.03116003681498111	0.03116003681498111	11.001853942871094	11.001853942871094
312	gpt2	313	157	2	blame	subj_rel	unexpected	The teacher that motivates the manager blame	4.646893216886383e-07	4.646893216886383e-07	21.037229537963867	21.037229537963867
313	gpt2	314	157	2	blame	subj_rel	expected	The teacher that motivates the manager blames	3.738562372745946e-05	3.738562372745946e-05	14.707157135009766	14.707157135009766
314	gpt2	315	158	2	blast	subj_rel	unexpected	The teacher that motivates the manager blast	2.5667867475931416e-07	2.5667867475931416e-07	21.89353370666504	21.89353370666504
315	gpt2	316	158	2	blast	subj_rel	expected	The teacher that motivates the manager blasts	1.6962262634478975e-06	1.6962262634478975e-06	19.169239044189453	19.169239044189453
316	gpt2	317	159	2	bleed	subj_rel	unexpected	The teacher that motivates the manager bleed	3.099174250564829e-08	3.099174250564829e-08	24.94354057312012	24.94354057312012
317	gpt2	318	159	2	bleed	subj_rel	expected	The teacher that motivates the manager bleeds	0.4188168151513594	0.4188168151513594	10.795057237148287	10.795057237148287
318	gpt2	319	160	2	blend	subj_rel	unexpected	The teacher that motivates the manager blend	4.2493400798093723e-08	4.2493400798093723e-08	24.48818588256836	24.48818588256836
319	gpt2	320	160	2	blend	subj_rel	expected	The teacher that motivates the manager blends	7.006856321822852e-07	7.006856321822852e-07	20.44472885131836	20.44472885131836
320	gpt2	321	161	2	bless	subj_rel	unexpected	The teacher that motivates the manager bless	9.846107786870562e-07	9.846107786870562e-07	19.95394325256348	19.95394325256348
321	gpt2	322	161	2	bless	subj_rel	expected	The teacher that motivates the manager blesses	0.49460469243012994	0.49460469243012994	9.984798421151938	9.984798421151938
322	gpt2	323	162	2	blink	subj_rel	unexpected	The teacher that motivates the manager blink	8.124871442305448e-09	8.124871442305448e-09	26.87500762939453	26.87500762939453
323	gpt2	324	162	2	blink	subj_rel	expected	The teacher that motivates the manager blinks	0.05542720513540185	0.05542720513540185	10.253926634788513	10.253926634788513
324	gpt2	325	163	2	block	subj_rel	unexpected	The teacher that motivates the manager block	2.2364279175235424e-06	2.2364279175235424e-06	18.77037239074707	18.77037239074707
325	gpt2	326	163	2	block	subj_rel	expected	The teacher that motivates the manager blocks	7.979862857609987e-06	7.979862857609987e-06	16.935203552246094	16.935203552246094
326	gpt2	327	164	2	blow	subj_rel	unexpected	The teacher that motivates the manager blow	6.605070552723191e-07	6.605070552723191e-07	20.52992248535156	20.52992248535156
327	gpt2	328	164	2	blow	subj_rel	expected	The teacher that motivates the manager blows	4.912876647722442e-06	4.912876647722442e-06	17.635000228881836	17.635000228881836
328	gpt2	329	165	2	blunder	subj_rel	unexpected	The teacher that motivates the manager blunder	0.006482790076461199	0.006482790076461199	11.802177667617798	11.802177667617798
329	gpt2	330	165	2	blunder	subj_rel	expected	The teacher that motivates the manager blunders	0.034884557445820946	0.034884557445820946	10.587952733039856	10.587952733039856
330	gpt2	331	166	2	blunt	subj_rel	unexpected	The teacher that motivates the manager blunt	1.5022393995423045e-07	1.5022393995423045e-07	22.6663818359375	22.6663818359375
331	gpt2	332	166	2	blunt	subj_rel	expected	The teacher that motivates the manager blunts	0.006366532148149399	0.006366532148149399	11.815237522125244	11.815237522125244
332	gpt2	333	167	2	blur	subj_rel	unexpected	The teacher that motivates the manager blur	1.3045267905908986e-06	1.3045267905908986e-06	19.54804229736328	19.54804229736328
333	gpt2	334	167	2	blur	subj_rel	expected	The teacher that motivates the manager blurs	0.1075596961577503	0.1075596961577503	9.77567183971405	9.77567183971405
334	gpt2	335	168	2	board	subj_rel	unexpected	The teacher that motivates the manager board	2.5228810045518912e-06	2.5228810045518912e-06	18.59649658203125	18.59649658203125
335	gpt2	336	168	2	board	subj_rel	expected	The teacher that motivates the manager boards	3.804785592365079e-06	3.804785592365079e-06	18.003753662109375	18.003753662109375
336	gpt2	337	169	2	boast	subj_rel	unexpected	The teacher that motivates the manager boast	1.4787011082262325e-07	1.4787011082262325e-07	22.68916702270508	22.68916702270508
337	gpt2	338	169	2	boast	subj_rel	expected	The teacher that motivates the manager boasts	2.592797955003334e-06	2.592797955003334e-06	18.557058334350582	18.557058334350582
338	gpt2	339	170	2	bode	subj_rel	unexpected	The teacher that motivates the manager bode	0.0013442814952213309	0.0013442814952213309	11.990906238555908	11.990906238555908
339	gpt2	340	170	2	bode	subj_rel	expected	The teacher that motivates the manager bodes	0.04639996182140748	0.04639996182140748	9.430373311042786	9.430373311042786
340	gpt2	341	171	2	bog	subj_rel	unexpected	The teacher that motivates the manager bog	2.2096477536592832e-08	2.2096477536592832e-08	25.43160820007324	25.43160820007324
341	gpt2	342	171	2	bog	subj_rel	expected	The teacher that motivates the manager bogs	0.00884956274148858	0.00884956274148858	10.626343488693237	10.626343488693237
342	gpt2	343	172	2	bolster	subj_rel	unexpected	The teacher that motivates the manager bolster	3.941828552456173e-08	3.941828552456173e-08	24.596559524536133	24.596559524536133
343	gpt2	344	172	2	bolster	subj_rel	expected	The teacher that motivates the manager bolsters	0.4962880835433339	0.4962880835433339	9.972259533125905	9.972259533125905
344	gpt2	345	173	2	bomb	subj_rel	unexpected	The teacher that motivates the manager bomb	1.2002103630948111e-06	1.2002103630948111e-06	19.66828155517578	19.66828155517578
345	gpt2	346	173	2	bomb	subj_rel	expected	The teacher that motivates the manager bombs	2.053270833357601e-07	2.053270833357601e-07	22.21557235717773	22.21557235717773
346	gpt2	347	174	2	boom	subj_rel	unexpected	The teacher that motivates the manager boom	2.4288424356200267e-06	2.4288424356200267e-06	18.65130043029785	18.65130043029785
347	gpt2	348	174	2	boom	subj_rel	expected	The teacher that motivates the manager booms	0.06761788990775128	0.06761788990775128	10.320341110229492	10.320341110229492
348	gpt2	349	175	2	boost	subj_rel	unexpected	The teacher that motivates the manager boost	6.98348117111891e-07	6.98348117111891e-07	20.44955062866211	20.44955062866211
349	gpt2	350	175	2	boost	subj_rel	expected	The teacher that motivates the manager boosts	4.512059604167007e-06	4.512059604167007e-06	17.757781982421875	17.757781982421875
350	gpt2	351	176	2	borrow	subj_rel	unexpected	The teacher that motivates the manager borrow	1.0797840559462202e-06	1.0797840559462202e-06	19.820825576782227	19.820825576782227
351	gpt2	352	176	2	borrow	subj_rel	expected	The teacher that motivates the manager borrows	0.49746883260519326	0.49746883260519326	9.91407453455031	9.91407453455031
352	gpt2	353	177	2	bother	subj_rel	unexpected	The teacher that motivates the manager bother	8.422529162999126e-07	8.422529162999126e-07	20.179243087768555	20.179243087768555
353	gpt2	354	177	2	bother	subj_rel	expected	The teacher that motivates the manager bothers	2.550586941652e-05	2.550586941652e-05	15.258810997009276	15.258810997009276
354	gpt2	355	178	2	bottle	subj_rel	unexpected	The teacher that motivates the manager bottle	2.2560577406238733e-07	2.2560577406238733e-07	22.07969284057617	22.07969284057617
355	gpt2	356	178	2	bottle	subj_rel	expected	The teacher that motivates the manager bottles	2.3235739377014402e-07	2.3235739377014402e-07	22.03715133666992	22.03715133666992
356	gpt2	357	179	2	bounce	subj_rel	unexpected	The teacher that motivates the manager bounce	1.1910195496511733e-07	1.1910195496511733e-07	23.001298904418945	23.001298904418945
357	gpt2	358	179	2	bounce	subj_rel	expected	The teacher that motivates the manager bounces	1.760018903951277e-06	1.760018903951277e-06	19.1159782409668	19.1159782409668
358	gpt2	359	180	2	bow	subj_rel	unexpected	The teacher that motivates the manager bow	3.5491956396072055e-07	3.5491956396072055e-07	21.42600440979004	21.42600440979004
359	gpt2	360	180	2	bow	subj_rel	expected	The teacher that motivates the manager bows	4.627223120223789e-07	4.627223120223789e-07	21.04335021972656	21.04335021972656
360	gpt2	361	181	2	brace	subj_rel	unexpected	The teacher that motivates the manager brace	5.5775615237507736e-08	5.5775615237507736e-08	24.09579086303711	24.09579086303711
361	gpt2	362	181	2	brace	subj_rel	expected	The teacher that motivates the manager braces	1.0501743474833348e-07	1.0501743474833348e-07	23.1828670501709	23.1828670501709
362	gpt2	363	182	2	brag	subj_rel	unexpected	The teacher that motivates the manager brag	0.005225149992838809	0.005225149992838809	11.655995845794678	11.655995845794678
363	gpt2	364	182	2	brag	subj_rel	expected	The teacher that motivates the manager brags	0.43539054094253515	0.43539054094253515	8.465021446347237	8.465021446347237
364	gpt2	365	183	2	branch	subj_rel	unexpected	The teacher that motivates the manager branch	3.876497771670984e-07	3.876497771670984e-07	21.298742294311523	21.298742294311523
365	gpt2	366	183	2	branch	subj_rel	expected	The teacher that motivates the manager branches	2.907729594880948e-07	2.907729594880948e-07	21.713603973388672	21.713603973388672
366	gpt2	367	184	2	brave	subj_rel	unexpected	The teacher that motivates the manager brave	1.4320538639367442e-06	1.4320538639367442e-06	19.413482666015625	19.413482666015625
367	gpt2	368	184	2	brave	subj_rel	expected	The teacher that motivates the manager braves	0.35747907176096305	0.35747907176096305	10.499011486768723	10.499011486768723
368	gpt2	369	185	2	brazen	subj_rel	unexpected	The teacher that motivates the manager brazen	4.6313553525578754e-07	4.6313553525578754e-07	21.04206275939941	21.04206275939941
369	gpt2	370	185	2	brazen	subj_rel	expected	The teacher that motivates the manager brazens	0.0009894669146887872	0.0009894669146887872	11.976414680480957	11.976414680480957
370	gpt2	371	186	2	breach	subj_rel	unexpected	The teacher that motivates the manager breach	3.334811182753583e-08	3.334811182753583e-08	24.837820053100582	24.837820053100582
371	gpt2	372	186	2	breach	subj_rel	expected	The teacher that motivates the manager breaches	3.942653847843758e-07	3.942653847843758e-07	21.27433013916016	21.27433013916016
372	gpt2	373	187	2	break	subj_rel	unexpected	The teacher that motivates the manager break	2.1548578388319584e-06	2.1548578388319584e-06	18.823976516723636	18.823976516723636
373	gpt2	374	187	2	break	subj_rel	expected	The teacher that motivates the manager breaks	3.5552158806240186e-05	3.5552158806240186e-05	14.779703140258787	14.779703140258787
374	gpt2	375	188	2	breed	subj_rel	unexpected	The teacher that motivates the manager breed	2.493173383300018e-07	2.493173383300018e-07	21.93551254272461	21.93551254272461
375	gpt2	376	188	2	breed	subj_rel	expected	The teacher that motivates the manager breeds	4.912464191875188e-06	4.912464191875188e-06	17.635122299194336	17.635122299194336
376	gpt2	377	189	2	brew	subj_rel	unexpected	The teacher that motivates the manager brew	1.384941725746103e-07	1.384941725746103e-07	22.78367042541504	22.78367042541504
377	gpt2	378	189	2	brew	subj_rel	expected	The teacher that motivates the manager brews	0.4691730238064125	0.4691730238064125	11.437739323824644	11.437739323824644
378	gpt2	379	190	2	bribe	subj_rel	unexpected	The teacher that motivates the manager bribe	3.5940903586606516e-08	3.5940903586606516e-08	24.72979736328125	24.72979736328125
379	gpt2	380	190	2	bribe	subj_rel	expected	The teacher that motivates the manager bribes	8.715518333701766e-07	8.715518333701766e-07	20.12990951538086	20.12990951538086
380	gpt2	381	191	2	bridge	subj_rel	unexpected	The teacher that motivates the manager bridge	1.583077704481184e-07	1.583077704481184e-07	22.59076499938965	22.59076499938965
381	gpt2	382	191	2	bridge	subj_rel	expected	The teacher that motivates the manager bridges	1.1213300865620113e-07	1.1213300865620113e-07	23.088285446166992	23.088285446166992
382	gpt2	383	192	2	brief	subj_rel	unexpected	The teacher that motivates the manager brief	6.768466960238584e-07	6.768466960238584e-07	20.494667053222656	20.494667053222656
383	gpt2	384	192	2	brief	subj_rel	expected	The teacher that motivates the manager briefs	4.198342367089936e-07	4.198342367089936e-07	21.183677673339844	21.183677673339844
384	gpt2	385	193	2	bring	subj_rel	unexpected	The teacher that motivates the manager bring	4.084431111550657e-06	4.084431111550657e-06	17.90143394470215	17.90143394470215
385	gpt2	386	193	2	bring	subj_rel	expected	The teacher that motivates the manager brings	0.000215326595935	0.000215326595935	12.181185722351074	12.181185722351074
386	gpt2	387	194	2	broadcast	subj_rel	unexpected	The teacher that motivates the manager broadcast	3.808864335042017e-07	3.808864335042017e-07	21.32413482666016	21.32413482666016
387	gpt2	388	194	2	broadcast	subj_rel	expected	The teacher that motivates the manager broadcasts	5.043769988333224e-07	5.043769988333224e-07	20.918994903564453	20.918994903564453
388	gpt2	389	195	2	broaden	subj_rel	unexpected	The teacher that motivates the manager broaden	1.5356311777736664e-08	1.5356311777736664e-08	25.956592559814453	25.956592559814453
389	gpt2	390	195	2	broaden	subj_rel	expected	The teacher that motivates the manager broadens	0.3271550767189524	0.3271550767189524	10.117581605911257	10.117581605911257
390	gpt2	391	196	2	browbeat	subj_rel	unexpected	The teacher that motivates the manager browbeat	0.03758660000305267	0.03758660000305267	12.686089992523193	12.686089992523193
391	gpt2	392	196	2	browbeat	subj_rel	expected	The teacher that motivates the manager browbeats	0.2848540702494707	0.2848540702494707	9.515189935763678	9.515189935763678
392	gpt2	393	197	3	brush	subj_rel	unexpected	The surgeon that exits the farmer brush	3.525646889102063e-06	3.525646889102063e-06	18.113679885864254	18.113679885864254
393	gpt2	394	197	3	brush	subj_rel	expected	The surgeon that exits the farmer brushes	7.980247005434649e-07	7.980247005434649e-07	20.257062911987305	20.257062911987305
394	gpt2	395	198	3	buckle	subj_rel	unexpected	The surgeon that exits the farmer buckle	7.1836296910987585e-09	7.1836296910987585e-09	27.05263900756836	27.05263900756836
395	gpt2	396	198	3	buckle	subj_rel	expected	The surgeon that exits the farmer buckles	0.10668180540083938	0.10668180540083938	11.647997975349424	11.647997975349424
396	gpt2	397	199	3	buck	subj_rel	unexpected	The surgeon that exits the farmer buck	4.550790606572264e-07	4.550790606572264e-07	21.06737899780273	21.06737899780273
397	gpt2	398	199	3	buck	subj_rel	expected	The surgeon that exits the farmer bucks	1.928558504005196e-07	1.928558504005196e-07	22.30597305297852	22.30597305297852
398	gpt2	399	200	3	budge	subj_rel	unexpected	The surgeon that exits the farmer budge	0.000674042528913763	0.000674042528913763	14.903104782104492	14.903104782104492
399	gpt2	400	200	3	budge	subj_rel	expected	The surgeon that exits the farmer budges	0.0005396045436611629	0.0005396045436611629	15.063678741455078	15.063678741455078
400	gpt2	401	201	3	buffer	subj_rel	unexpected	The surgeon that exits the farmer buffer	1.3421722542261705e-06	1.3421722542261705e-06	19.50699806213379	19.50699806213379
401	gpt2	402	201	3	buffer	subj_rel	expected	The surgeon that exits the farmer buffers	1.2116770164993798e-07	1.2116770164993798e-07	22.976491928100582	22.976491928100582
402	gpt2	403	202	3	buffet	subj_rel	unexpected	The surgeon that exits the farmer buffet	9.359084174320742e-07	9.359084174320742e-07	20.027130126953125	20.027130126953125
403	gpt2	404	202	3	buffet	subj_rel	expected	The surgeon that exits the farmer buffets	0.03297830132025581	0.03297830132025581	12.648640155792236	12.648640155792236
404	gpt2	405	203	3	build	subj_rel	unexpected	The surgeon that exits the farmer build	7.730212018941529e-06	7.730212018941529e-06	16.981060028076172	16.981060028076172
405	gpt2	406	203	3	build	subj_rel	expected	The surgeon that exits the farmer builds	5.077958121546544e-06	5.077958121546544e-06	17.58732032775879	17.58732032775879
406	gpt2	407	204	3	bumble	subj_rel	unexpected	The surgeon that exits the farmer bumble	0.0007148440308810646	0.0007148440308810646	11.726181030273438	11.726181030273438
407	gpt2	408	204	3	bumble	subj_rel	expected	The surgeon that exits the farmer bumbles	0.0006932865908311146	0.0006932865908311146	11.749317646026611	11.749317646026611
408	gpt2	409	205	3	bump	subj_rel	unexpected	The surgeon that exits the farmer bump	5.478256071000942e-07	5.478256071000942e-07	20.799779891967773	20.799779891967773
409	gpt2	410	205	3	bump	subj_rel	expected	The surgeon that exits the farmer bumps	6.407858563761692e-07	6.407858563761692e-07	20.573654174804688	20.573654174804688
410	gpt2	411	206	3	buoy	subj_rel	unexpected	The surgeon that exits the farmer buoy	1.496118784416467e-07	1.496118784416467e-07	22.672271728515625	22.672271728515625
411	gpt2	412	206	3	buoy	subj_rel	expected	The surgeon that exits the farmer buoys	0.035431692091435686	0.035431692091435686	11.912674427032469	11.912674427032469
412	gpt2	413	207	3	burn	subj_rel	unexpected	The surgeon that exits the farmer burn	8.870782039593905e-06	8.870782039593905e-06	16.782506942749023	16.782506942749023
413	gpt2	414	207	3	burn	subj_rel	expected	The surgeon that exits the farmer burns	1.3305144420883153e-05	1.3305144420883153e-05	16.197656631469727	16.197656631469727
414	gpt2	415	208	3	bury	subj_rel	unexpected	The surgeon that exits the farmer bury	6.325912522697763e-07	6.325912522697763e-07	20.59222221374512	20.59222221374512
415	gpt2	416	208	3	bury	subj_rel	expected	The surgeon that exits the farmer buries	0.4454884669576131	0.4454884669576131	8.104814052581787	8.104814052581787
416	gpt2	417	209	3	buttress	subj_rel	unexpected	The surgeon that exits the farmer buttress	0.07771636628876874	0.07771636628876874	10.059605717658997	10.059605717658997
417	gpt2	418	209	3	buttress	subj_rel	expected	The surgeon that exits the farmer buttresses	0.15571811133395383	0.15571811133395383	9.558269441127777	9.558269441127777
418	gpt2	419	210	3	butt	subj_rel	unexpected	The surgeon that exits the farmer butt	5.649204467772506e-06	5.649204467772506e-06	17.433521270751953	17.433521270751953
419	gpt2	420	210	3	butt	subj_rel	expected	The surgeon that exits the farmer butts	0.00020033910732306922	0.00020033910732306922	12.921745300292969	12.921745300292969
420	gpt2	421	211	3	buy-back	subj_rel	unexpected	The surgeon that exits the farmer buy-back	0.009388563028096503	0.009388563028096503	11.411310195922852	11.411310195922852
421	gpt2	422	211	3	buy-back	subj_rel	expected	The surgeon that exits the farmer buy-backs	0.009388563028096503	0.009388563028096503	11.411310195922852	11.411310195922852
422	gpt2	423	212	3	buy	subj_rel	unexpected	The surgeon that exits the farmer buy	7.18196952220751e-06	7.18196952220751e-06	17.087188720703125	17.087188720703125
423	gpt2	424	212	3	buy	subj_rel	expected	The surgeon that exits the farmer buys	1.207304376293905e-05	1.207304376293905e-05	16.33785057067871	16.33785057067871
424	gpt2	425	213	3	buzz	subj_rel	unexpected	The surgeon that exits the farmer buzz	1.5741585457362817e-06	1.5741585457362817e-06	19.276987075805664	19.276987075805664
425	gpt2	426	213	3	buzz	subj_rel	expected	The surgeon that exits the farmer buzzes	0.4558864954113347	0.4558864954113347	9.705121487379074	9.705121487379074
426	gpt2	427	214	3	bypass	subj_rel	unexpected	The surgeon that exits the farmer bypass	4.415038802108029e-06	4.415038802108029e-06	17.789142608642578	17.789142608642578
427	gpt2	428	214	3	bypass	subj_rel	expected	The surgeon that exits the farmer bypasses	0.45686105108438824	0.45686105108438824	8.95966112613678	8.95966112613678
428	gpt2	429	215	3	calculate	subj_rel	unexpected	The surgeon that exits the farmer calculate	1.44821953540486e-07	1.44821953540486e-07	22.719215393066406	22.719215393066406
429	gpt2	430	215	3	calculate	subj_rel	expected	The surgeon that exits the farmer calculates	4.874655701314623e-07	4.874655701314623e-07	20.968196868896484	20.968196868896484
430	gpt2	431	216	3	call	subj_rel	unexpected	The surgeon that exits the farmer call	9.449599929212129e-06	9.449599929212129e-06	16.691314697265625	16.691314697265625
431	gpt2	432	216	3	call	subj_rel	expected	The surgeon that exits the farmer calls	1.0760458280856255e-05	1.0760458280856255e-05	16.5039005279541	16.5039005279541
432	gpt2	433	217	3	calm	subj_rel	unexpected	The surgeon that exits the farmer calm	2.663277030023892e-07	2.663277030023892e-07	21.840293884277344	21.840293884277344
433	gpt2	434	217	3	calm	subj_rel	expected	The surgeon that exits the farmer calms	0.467560910689798	0.467560910689798	10.91933874040842	10.91933874040842
434	gpt2	435	218	3	cancel	subj_rel	unexpected	The surgeon that exits the farmer cancel	5.941783456364647e-07	5.941783456364647e-07	20.682600021362305	20.682600021362305
435	gpt2	436	218	3	cancel	subj_rel	expected	The surgeon that exits the farmer cancels	0.494091897268845	0.494091897268845	10.349874804727733	10.349874804727733
436	gpt2	437	219	3	capitalize	subj_rel	unexpected	The surgeon that exits the farmer capitalize	3.655320490736358e-09	3.655320490736358e-09	28.0273551940918	28.0273551940918
437	gpt2	438	219	3	capitalize	subj_rel	expected	The surgeon that exits the farmer capitalizes	1.679256320130662e-05	1.679256320130662e-05	16.313276290893555	16.313276290893555
438	gpt2	439	220	3	capture	subj_rel	unexpected	The surgeon that exits the farmer capture	8.031431661947863e-07	8.031431661947863e-07	20.247838973999023	20.247838973999023
439	gpt2	440	220	3	capture	subj_rel	expected	The surgeon that exits the farmer captures	1.171986014014692e-06	1.171986014014692e-06	19.702613830566406	19.702613830566406
440	gpt2	441	221	3	cap	subj_rel	unexpected	The surgeon that exits the farmer cap	2.007283728744369e-05	2.007283728744369e-05	15.604395866394045	15.604395866394045
441	gpt2	442	221	3	cap	subj_rel	expected	The surgeon that exits the farmer caps	6.116101189945766e-07	6.116101189945766e-07	20.640884399414062	20.640884399414062
442	gpt2	443	222	3	careen	subj_rel	unexpected	The surgeon that exits the farmer careen	0.00102744002651885	0.00102744002651885	10.993951320648193	10.993951320648193
443	gpt2	444	222	3	careen	subj_rel	expected	The surgeon that exits the farmer careens	0.025607155941543152	0.025607155941543152	8.630893230438232	8.630893230438232
444	gpt2	445	223	3	care	subj_rel	unexpected	The surgeon that exits the farmer care	0.0001245519670192	0.0001245519670192	12.970964431762695	12.970964431762695
445	gpt2	446	223	3	care	subj_rel	expected	The surgeon that exits the farmer cares	2.4280723664560355e-05	2.4280723664560355e-05	15.329829216003418	15.329829216003418
446	gpt2	447	224	3	caricature	subj_rel	unexpected	The surgeon that exits the farmer caricature	1.9319310240462078e-07	1.9319310240462078e-07	22.30345344543457	22.30345344543457
447	gpt2	448	224	3	caricature	subj_rel	expected	The surgeon that exits the farmer caricatures	0.15562374559195377	0.15562374559195377	13.52291840314865	13.52291840314865
448	gpt2	449	225	3	carry	subj_rel	unexpected	The surgeon that exits the farmer carry	4.252806775184581e-06	4.252806775184581e-06	17.84315299987793	17.84315299987793
449	gpt2	450	225	3	carry	subj_rel	expected	The surgeon that exits the farmer carries	3.9018079405650496e-05	3.9018079405650496e-05	14.64549732208252	14.64549732208252
450	gpt2	451	226	3	cash	subj_rel	unexpected	The surgeon that exits the farmer cash	2.4078435671981424e-06	2.4078435671981424e-06	18.66382598876953	18.66382598876953
451	gpt2	452	226	3	cash	subj_rel	expected	The surgeon that exits the farmer cashes	0.007663989373696712	0.007663989373696712	13.308268785476683	13.308268785476683
452	gpt2	453	227	3	cast	subj_rel	unexpected	The surgeon that exits the farmer cast	2.3305415197683037e-06	2.3305415197683037e-06	18.71090316772461	18.71090316772461
453	gpt2	454	227	3	cast	subj_rel	expected	The surgeon that exits the farmer casts	4.324593191995518e-06	4.324593191995518e-06	17.81900405883789	17.81900405883789
454	gpt2	455	228	3	catapult	subj_rel	unexpected	The surgeon that exits the farmer catapult	6.410890023289539e-07	6.410890023289539e-07	20.57297134399414	20.57297134399414
455	gpt2	456	228	3	catapult	subj_rel	expected	The surgeon that exits the farmer catapults	0.3403389063675301	0.3403389063675301	7.439795231446624	7.439795231446624
456	gpt2	457	229	3	catch	subj_rel	unexpected	The surgeon that exits the farmer catch	1.1976571840932593e-06	1.1976571840932593e-06	19.67135429382324	19.67135429382324
457	gpt2	458	229	3	catch	subj_rel	expected	The surgeon that exits the farmer catches	4.028320290672127e-06	4.028320290672127e-06	17.921390533447266	17.921390533447266
458	gpt2	459	230	3	cater	subj_rel	unexpected	The surgeon that exits the farmer cater	2.358624897169648e-06	2.358624897169648e-06	18.693622589111328	18.693622589111328
459	gpt2	460	230	3	cater	subj_rel	expected	The surgeon that exits the farmer caters	0.000881976414802882	0.000881976414802882	13.04570198059082	13.04570198059082
460	gpt2	461	231	3	cause	subj_rel	unexpected	The surgeon that exits the farmer cause	3.9720439417578746e-06	3.9720439417578746e-06	17.941686630249023	17.941686630249023
461	gpt2	462	231	3	cause	subj_rel	expected	The surgeon that exits the farmer causes	8.76074773259461e-06	8.76074773259461e-06	16.800514221191406	16.800514221191406
462	gpt2	463	232	3	caution	subj_rel	unexpected	The surgeon that exits the farmer caution	8.794394261713023e-07	8.794394261713023e-07	20.116912841796875	20.116912841796875
463	gpt2	464	232	3	caution	subj_rel	expected	The surgeon that exits the farmer cautions	0.3787521553658735	0.3787521553658735	8.958901301026344	8.958901301026344
464	gpt2	465	233	3	cease	subj_rel	unexpected	The surgeon that exits the farmer cease	2.249369828177805e-07	2.249369828177805e-07	22.08397483825684	22.08397483825684
465	gpt2	466	233	3	cease	subj_rel	expected	The surgeon that exits the farmer ceases	3.590743290260434e-06	3.590743290260434e-06	18.0872859954834	18.0872859954834
466	gpt2	467	234	3	cede	subj_rel	unexpected	The surgeon that exits the farmer cede	0.0014953363861422541	0.0014953363861422541	11.072728157043457	11.072728157043457
467	gpt2	468	234	3	cede	subj_rel	expected	The surgeon that exits the farmer cedes	0.012703524291282504	0.012703524291282504	9.513437271118164	9.513437271118164
468	gpt2	469	235	3	celebrate	subj_rel	unexpected	The surgeon that exits the farmer celebrate	4.595570146648242e-08	4.595570146648242e-08	24.37518119812012	24.37518119812012
469	gpt2	470	235	3	celebrate	subj_rel	expected	The surgeon that exits the farmer celebrates	4.5363009348875494e-07	4.5363009348875494e-07	21.07197952270508	21.07197952270508
470	gpt2	471	236	3	cement	subj_rel	unexpected	The surgeon that exits the farmer cement	7.284637035809283e-07	7.284637035809283e-07	20.38863945007324	20.38863945007324
471	gpt2	472	236	3	cement	subj_rel	expected	The surgeon that exits the farmer cements	0.0060037601215299045	0.0060037601215299045	10.056434631347656	10.056434631347656
472	gpt2	473	237	3	centralize	subj_rel	unexpected	The surgeon that exits the farmer centralize	2.0930032519572705e-05	2.0930032519572705e-05	17.249475955963135	17.249475955963135
473	gpt2	474	237	3	centralize	subj_rel	expected	The surgeon that exits the farmer centralizes	0.00017612836757052196	0.00017612836757052196	15.697466373443604	15.697466373443604
474	gpt2	475	238	3	certify	subj_rel	unexpected	The surgeon that exits the farmer certify	5.284628556978532e-08	5.284628556978532e-08	24.173622131347656	24.173622131347656
475	gpt2	476	238	3	certify	subj_rel	expected	The surgeon that exits the farmer certifies	0.48977514405527245	0.48977514405527245	9.760485007427635	9.760485007427635
476	gpt2	477	239	3	challenge	subj_rel	unexpected	The surgeon that exits the farmer challenge	8.787553156253125e-07	8.787553156253125e-07	20.11803436279297	20.11803436279297
477	gpt2	478	239	3	challenge	subj_rel	expected	The surgeon that exits the farmer challenges	3.339452803174936e-07	3.339452803174936e-07	21.513885498046875	21.513885498046875
478	gpt2	479	240	3	change	subj_rel	unexpected	The surgeon that exits the farmer change	1.0365333764639215e-06	1.0365333764639215e-06	19.879802703857425	19.879802703857425
479	gpt2	480	240	3	change	subj_rel	expected	The surgeon that exits the farmer changes	4.454727786651347e-06	4.454727786651347e-06	17.77623176574707	17.77623176574707
480	gpt2	481	241	3	channel	subj_rel	unexpected	The surgeon that exits the farmer channel	1.0159931662201416e-05	1.0159931662201416e-05	16.586750030517578	16.586750030517578
481	gpt2	482	241	3	channel	subj_rel	expected	The surgeon that exits the farmer channels	2.3438335006176206e-07	2.3438335006176206e-07	22.02462577819824	22.02462577819824
482	gpt2	483	242	3	characterize	subj_rel	unexpected	The surgeon that exits the farmer characterize	1.4171283702069104e-08	1.4171283702069104e-08	26.07245445251465	26.07245445251465
483	gpt2	484	242	3	characterize	subj_rel	expected	The surgeon that exits the farmer characterizes	9.410413758814284e-05	9.410413758814284e-05	14.465554237365723	14.465554237365723
484	gpt2	485	243	3	charge	subj_rel	unexpected	The surgeon that exits the farmer charge	1.457881580790854e-06	1.457881580790854e-06	19.3876953125	19.3876953125
485	gpt2	486	243	3	charge	subj_rel	expected	The surgeon that exits the farmer charges	4.17405180996866e-06	4.17405180996866e-06	17.870121002197266	17.870121002197266
486	gpt2	487	244	3	chart	subj_rel	unexpected	The surgeon that exits the farmer chart	1.5661973407077312e-07	1.5661973407077312e-07	22.60622978210449	22.60622978210449
487	gpt2	488	244	3	chart	subj_rel	expected	The surgeon that exits the farmer charts	3.847278762236783e-08	3.847278762236783e-08	24.6315860748291	24.6315860748291
488	gpt2	489	245	3	chase	subj_rel	unexpected	The surgeon that exits the farmer chase	1.3175988442526432e-06	1.3175988442526432e-06	19.53365707397461	19.53365707397461
489	gpt2	490	245	3	chase	subj_rel	expected	The surgeon that exits the farmer chases	0.08717491236711793	0.08717491236711793	8.648215889930725	8.648215889930725
490	gpt2	491	246	3	chat	subj_rel	unexpected	The surgeon that exits the farmer chat	1.7207950122610782e-06	1.7207950122610782e-06	19.14849281311035	19.14849281311035
491	gpt2	492	246	3	chat	subj_rel	expected	The surgeon that exits the farmer chats	3.128497212401271e-07	3.128497212401271e-07	21.6080265045166	21.6080265045166
492	gpt2	493	247	3	chauffeur	subj_rel	unexpected	The surgeon that exits the farmer chauffeur	0.6206930482009151	0.6206930482009151	7.400976934780676	7.400976934780676
493	gpt2	494	247	3	chauffeur	subj_rel	expected	The surgeon that exits the farmer chauffeurs	0.33268847104103355	0.33268847104103355	9.163152430206535	9.163152430206535
494	gpt2	495	248	3	cheat	subj_rel	unexpected	The surgeon that exits the farmer cheat	4.1781255788464484e-08	4.1781255788464484e-08	24.512569427490234	24.512569427490234
495	gpt2	496	248	3	cheat	subj_rel	expected	The surgeon that exits the farmer cheats	0.1204979677105484	0.1204979677105484	10.501787304878235	10.501787304878235
496	gpt2	497	249	3	check	subj_rel	unexpected	The surgeon that exits the farmer check	1.0153189577977171e-05	1.0153189577977171e-05	16.58770751953125	16.58770751953125
497	gpt2	498	249	3	check	subj_rel	expected	The surgeon that exits the farmer checks	3.0918502034182893e-06	3.0918502034182893e-06	18.303098678588867	18.303098678588867
498	gpt2	499	250	3	cheer	subj_rel	unexpected	The surgeon that exits the farmer cheer	8.096770329757419e-07	8.096770329757419e-07	20.23615074157715	20.23615074157715
499	gpt2	500	250	3	cheer	subj_rel	expected	The surgeon that exits the farmer cheers	5.2968186281532326e-08	5.2968186281532326e-08	24.170299530029297	24.170299530029297
500	gpt2	501	251	3	chew	subj_rel	unexpected	The surgeon that exits the farmer chew	5.769723898652047e-08	5.769723898652047e-08	24.04692268371582	24.04692268371582
501	gpt2	502	251	3	chew	subj_rel	expected	The surgeon that exits the farmer chews	0.2306536171937523	0.2306536171937523	10.033424973487854	10.033424973487854
502	gpt2	503	252	3	chill	subj_rel	unexpected	The surgeon that exits the farmer chill	1.5502907046993641e-07	1.5502907046993641e-07	22.62095832824707	22.62095832824707
503	gpt2	504	252	3	chill	subj_rel	expected	The surgeon that exits the farmer chills	0.003270555904236932	0.003270555904236932	11.020161867141724	11.020161867141724
504	gpt2	505	253	3	chisel	subj_rel	unexpected	The surgeon that exits the farmer chisel	0.002171358477426082	0.002171358477426082	11.317634105682373	11.317634105682373
505	gpt2	506	253	3	chisel	subj_rel	expected	The surgeon that exits the farmer chisels	0.13678429891175858	0.13678429891175858	7.554869810740153	7.554869810740153
506	gpt2	507	254	3	choke	subj_rel	unexpected	The surgeon that exits the farmer choke	1.023371510200377e-06	1.023371510200377e-06	19.898239135742188	19.898239135742188
507	gpt2	508	254	3	choke	subj_rel	expected	The surgeon that exits the farmer chokes	0.025749194819582034	0.025749194819582034	9.528260707855225	9.528260707855225
508	gpt2	509	255	3	choose	subj_rel	unexpected	The surgeon that exits the farmer choose	6.370179335135617e-07	6.370179335135617e-07	20.582162857055664	20.582162857055664
509	gpt2	510	255	3	choose	subj_rel	expected	The surgeon that exits the farmer chooses	8.321129826072138e-06	8.321129826072138e-06	16.874788284301758	16.874788284301758
510	gpt2	511	256	3	chop	subj_rel	unexpected	The surgeon that exits the farmer chop	2.1592406085346738e-07	2.1592406085346738e-07	22.142972946166992	22.142972946166992
511	gpt2	512	256	3	chop	subj_rel	expected	The surgeon that exits the farmer chops	2.979635382871493e-07	2.979635382871493e-07	21.67835998535156	21.67835998535156
512	gpt2	513	257	3	churn	subj_rel	unexpected	The surgeon that exits the farmer churn	1.1724869182216937e-06	1.1724869182216937e-06	19.70199584960937	19.70199584960937
513	gpt2	514	257	3	churn	subj_rel	expected	The surgeon that exits the farmer churns	0.4632635912616933	0.4632635912616933	9.906046237796543	9.906046237796543
514	gpt2	515	258	3	cinch	subj_rel	unexpected	The surgeon that exits the farmer cinch	0.0007029336702544042	0.0007029336702544042	11.63813591003418	11.63813591003418
515	gpt2	516	258	3	cinch	subj_rel	expected	The surgeon that exits the farmer cinches	0.002589106879895504	0.002589106879895504	10.669056177139282	10.669056177139282
516	gpt2	517	259	3	circulate	subj_rel	unexpected	The surgeon that exits the farmer circulate	1.212434153075037e-09	1.212434153075037e-09	29.61944580078125	29.61944580078125
517	gpt2	518	259	3	circulate	subj_rel	expected	The surgeon that exits the farmer circulates	0.38679655365718624	0.38679655365718624	12.48761822283268	12.48761822283268
518	gpt2	519	260	3	circumvent	subj_rel	unexpected	The surgeon that exits the farmer circumvent	5.346350917534438e-08	5.346350917534438e-08	24.156869888305664	24.156869888305664
519	gpt2	520	260	3	circumvent	subj_rel	expected	The surgeon that exits the farmer circumvents	0.46806887223353516	0.46806887223353516	7.1630330855647735	7.1630330855647735
520	gpt2	521	261	3	cite	subj_rel	unexpected	The surgeon that exits the farmer cite	2.487717836174852e-07	2.487717836174852e-07	21.93867301940918	21.93867301940918
521	gpt2	522	261	3	cite	subj_rel	expected	The surgeon that exits the farmer cites	2.666561840669601e-06	2.666561840669601e-06	18.51658821105957	18.51658821105957
522	gpt2	523	262	3	claim	subj_rel	unexpected	The surgeon that exits the farmer claim	6.643350843660301e-06	6.643350843660301e-06	17.199657440185547	17.199657440185547
523	gpt2	524	262	3	claim	subj_rel	expected	The surgeon that exits the farmer claims	5.16925283591263e-05	5.16925283591263e-05	14.23968505859375	14.23968505859375
524	gpt2	525	263	3	clamp	subj_rel	unexpected	The surgeon that exits the farmer clamp	4.59653676898597e-07	4.59653676898597e-07	21.052949905395508	21.052949905395508
525	gpt2	526	263	3	clamp	subj_rel	expected	The surgeon that exits the farmer clamps	0.04022303996066512	0.04022303996066512	10.396745204925537	10.396745204925537
526	gpt2	527	264	3	clarify	subj_rel	unexpected	The surgeon that exits the farmer clarify	3.591068420405463e-08	3.591068420405463e-08	24.73101234436035	24.73101234436035
527	gpt2	528	264	3	clarify	subj_rel	expected	The surgeon that exits the farmer clarifies	0.49030708425112834	0.49030708425112834	10.373819961212575	10.373819961212575
528	gpt2	529	265	3	clash	subj_rel	unexpected	The surgeon that exits the farmer clash	5.128590032654756e-07	5.128590032654756e-07	20.894933700561523	20.894933700561523
529	gpt2	530	265	3	clash	subj_rel	expected	The surgeon that exits the farmer clashes	1.1402693189666024e-06	1.1402693189666024e-06	19.7421932220459	19.7421932220459
530	gpt2	531	266	3	classify	subj_rel	unexpected	The surgeon that exits the farmer classify	1.6450016460112238e-08	1.6450016460112238e-08	25.857336044311523	25.857336044311523
531	gpt2	532	266	3	classify	subj_rel	expected	The surgeon that exits the farmer classifies	0.0001358861773041749	0.0001358861773041749	13.098978042602539	13.098978042602539
532	gpt2	533	267	3	cleanse	subj_rel	unexpected	The surgeon that exits the farmer cleanse	0.0844227261359265	0.0844227261359265	10.12105679512024	10.12105679512024
533	gpt2	534	267	3	cleanse	subj_rel	expected	The surgeon that exits the farmer cleanses	0.00189640070937	0.00189640070937	13.26707124710083	13.26707124710083
534	gpt2	535	268	3	clean	subj_rel	unexpected	The surgeon that exits the farmer clean	4.775725756189786e-06	4.775725756189786e-06	17.67584800720215	17.67584800720215
535	gpt2	536	268	3	clean	subj_rel	expected	The surgeon that exits the farmer cleans	2.715050641199923e-06	2.715050641199923e-06	18.490589141845703	18.490589141845703
536	gpt2	537	269	3	clear	subj_rel	unexpected	The surgeon that exits the farmer clear	1.9070294001721777e-06	1.9070294001721777e-06	19.000242233276367	19.000242233276367
537	gpt2	538	269	3	clear	subj_rel	expected	The surgeon that exits the farmer clears	5.832444003317505e-06	5.832444003317505e-06	17.387468338012695	17.387468338012695
538	gpt2	539	270	3	climb	subj_rel	unexpected	The surgeon that exits the farmer climb	8.554569035368331e-07	8.554569035368331e-07	20.156801223754883	20.156801223754883
539	gpt2	540	270	3	climb	subj_rel	expected	The surgeon that exits the farmer climbs	1.0585588370304322e-06	1.0585588370304322e-06	19.84946632385254	19.84946632385254
540	gpt2	541	271	3	cling	subj_rel	unexpected	The surgeon that exits the farmer cling	3.7780505834916767e-08	3.7780505834916767e-08	24.65778350830078	24.65778350830078
541	gpt2	542	271	3	cling	subj_rel	expected	The surgeon that exits the farmer clings	0.2104917096851295	0.2104917096851295	9.202860891819	9.202860891819
542	gpt2	543	272	3	clip	subj_rel	unexpected	The surgeon that exits the farmer clip	1.100836243494996e-06	1.100836243494996e-06	19.79296875	19.79296875
543	gpt2	544	272	3	clip	subj_rel	expected	The surgeon that exits the farmer clips	1.2232038670845213e-07	1.2232038670845213e-07	22.962831497192383	22.962831497192383
544	gpt2	545	273	3	clobber	subj_rel	unexpected	The surgeon that exits the farmer clobber	0.05798065556473372	0.05798065556473372	9.00603183110555	9.00603183110555
545	gpt2	546	273	3	clobber	subj_rel	expected	The surgeon that exits the farmer clobbers	0.1848905423620029	0.1848905423620029	8.435852885246277	8.435852885246277
546	gpt2	547	274	3	close	subj_rel	unexpected	The surgeon that exits the farmer close	1.817086013033986e-05	1.817086013033986e-05	15.748013496398926	15.748013496398926
547	gpt2	548	274	3	close	subj_rel	expected	The surgeon that exits the farmer closes	1.4981648746470457e-05	1.4981648746470457e-05	16.026443481445312	16.026443481445312
548	gpt2	549	275	3	cloud	subj_rel	unexpected	The surgeon that exits the farmer cloud	4.836979314859491e-07	4.836979314859491e-07	20.97939109802246	20.97939109802246
549	gpt2	550	275	3	cloud	subj_rel	expected	The surgeon that exits the farmer clouds	9.0095731763995e-08	9.0095731763995e-08	23.40396499633789	23.40396499633789
550	gpt2	551	276	3	clutter	subj_rel	unexpected	The surgeon that exits the farmer clutter	3.3589603987138617e-08	3.3589603987138617e-08	24.82740974426269	24.82740974426269
551	gpt2	552	276	3	clutter	subj_rel	expected	The surgeon that exits the farmer clutters	0.0006571590593011801	0.0006571590593011801	14.069100856781006	14.069100856781006
552	gpt2	553	277	3	coach	subj_rel	unexpected	The surgeon that exits the farmer coach	2.458370545355137e-06	2.458370545355137e-06	18.633865356445312	18.633865356445312
553	gpt2	554	277	3	coach	subj_rel	expected	The surgeon that exits the farmer coaches	6.927618301233451e-08	6.927618301233451e-08	23.78306579589844	23.78306579589844
554	gpt2	555	278	3	coax	subj_rel	unexpected	The surgeon that exits the farmer coax	1.9078443074249662e-06	1.9078443074249662e-06	18.999624252319336	18.999624252319336
555	gpt2	556	278	3	coax	subj_rel	expected	The surgeon that exits the farmer coaxes	0.4542173447703135	0.4542173447703135	9.5690863057971	9.5690863057971
556	gpt2	557	279	3	code	subj_rel	unexpected	The surgeon that exits the farmer code	2.300878122696304e-06	2.300878122696304e-06	18.72938346862793	18.72938346862793
557	gpt2	558	279	3	code	subj_rel	expected	The surgeon that exits the farmer codes	3.781164892302513e-08	3.781164892302513e-08	24.656593322753903	24.656593322753903
558	gpt2	559	280	3	co-exist	subj_rel	unexpected	The surgeon that exits the farmer co-exist	0.08107895688226563	0.08107895688226563	8.954660177230835	8.954660177230835
559	gpt2	560	280	3	co-exist	subj_rel	expected	The surgeon that exits the farmer co-exists	0.08107895688226563	0.08107895688226563	8.954660177230835	8.954660177230835
560	gpt2	561	281	3	cohere	subj_rel	unexpected	The surgeon that exits the farmer cohere	5.509607581188902e-05	5.509607581188902e-05	14.402206420898438	14.402206420898438
561	gpt2	562	281	3	cohere	subj_rel	expected	The surgeon that exits the farmer coheres	1.4603258023271337e-05	1.4603258023271337e-05	16.581168174743652	16.581168174743652
562	gpt2	563	282	3	co-host	subj_rel	unexpected	The surgeon that exits the farmer co-host	0.08107895688226563	0.08107895688226563	8.954660177230835	8.954660177230835
563	gpt2	564	282	3	co-host	subj_rel	expected	The surgeon that exits the farmer co-hosts	0.08107895688226563	0.08107895688226563	8.954660177230835	8.954660177230835
564	gpt2	565	283	3	coincide	subj_rel	unexpected	The surgeon that exits the farmer coincide	7.452545247588205e-09	7.452545247588205e-09	26.99962043762207	26.99962043762207
565	gpt2	566	283	3	coincide	subj_rel	expected	The surgeon that exits the farmer coincides	4.6379278728636564e-07	4.6379278728636564e-07	21.040016174316406	21.040016174316406
566	gpt2	567	284	3	collaborate	subj_rel	unexpected	The surgeon that exits the farmer collaborate	1.1108920006108748e-08	1.1108920006108748e-08	26.4237060546875	26.4237060546875
567	gpt2	568	284	3	collaborate	subj_rel	expected	The surgeon that exits the farmer collaborates	0.4330902179109586	0.4330902179109586	10.905172802507877	10.905172802507877
568	gpt2	569	285	3	collapse	subj_rel	unexpected	The surgeon that exits the farmer collapse	8.422778137173736e-07	8.422778137173736e-07	20.179201126098636	20.179201126098636
569	gpt2	570	285	3	collapse	subj_rel	expected	The surgeon that exits the farmer collapses	3.1085726277524373e-06	3.1085726277524373e-06	18.295316696166992	18.295316696166992
570	gpt2	571	286	3	collect	subj_rel	unexpected	The surgeon that exits the farmer collect	1.098730194826203e-06	1.098730194826203e-06	19.795730590820312	19.795730590820312
571	gpt2	572	286	3	collect	subj_rel	expected	The surgeon that exits the farmer collects	4.896257905784296e-06	4.896257905784296e-06	17.639888763427734	17.639888763427734
572	gpt2	573	287	3	combat	subj_rel	unexpected	The surgeon that exits the farmer combat	1.4618243540098774e-06	1.4618243540098774e-06	19.383798599243164	19.383798599243164
573	gpt2	574	287	3	combat	subj_rel	expected	The surgeon that exits the farmer combats	0.21254314429177154	0.21254314429177154	10.022529244422913	10.022529244422913
574	gpt2	575	288	3	combine	subj_rel	unexpected	The surgeon that exits the farmer combine	3.713469823196647e-06	3.713469823196647e-06	18.038801193237305	18.038801193237305
575	gpt2	576	288	3	combine	subj_rel	expected	The surgeon that exits the farmer combines	3.627170599429519e-06	3.627170599429519e-06	18.072723388671875	18.072723388671875
576	gpt2	577	289	3	come	subj_rel	unexpected	The surgeon that exits the farmer come	9.003604645840824e-06	9.003604645840824e-06	16.761066436767578	16.761066436767578
577	gpt2	578	289	3	come	subj_rel	expected	The surgeon that exits the farmer comes	0.0001729087671265	0.0001729087671265	12.49770164489746	12.49770164489746
578	gpt2	579	290	3	command	subj_rel	unexpected	The surgeon that exits the farmer command	6.6750535552273504e-06	6.6750535552273504e-06	17.19278907775879	17.19278907775879
579	gpt2	580	290	3	command	subj_rel	expected	The surgeon that exits the farmer commands	1.2002275298073073e-06	1.2002275298073073e-06	19.66826057434082	19.66826057434082
580	gpt2	581	291	3	commemorate	subj_rel	unexpected	The surgeon that exits the farmer commemorate	1.019687445591444e-09	1.019687445591444e-09	29.86922645568848	29.86922645568848
581	gpt2	582	291	3	commemorate	subj_rel	expected	The surgeon that exits the farmer commemorates	0.43471543123445144	0.43471543123445144	11.870317623019218	11.870317623019218
582	gpt2	583	292	3	commend	subj_rel	unexpected	The surgeon that exits the farmer commend	2.434265127249091e-07	2.434265127249091e-07	21.97001075744629	21.97001075744629
583	gpt2	584	292	3	commend	subj_rel	expected	The surgeon that exits the farmer commends	0.07733022111170837	0.07733022111170837	10.965089917182922	10.965089917182922
584	gpt2	585	293	3	comment	subj_rel	unexpected	The surgeon that exits the farmer comment	2.037780859609484e-06	2.037780859609484e-06	18.90456962585449	18.90456962585449
585	gpt2	586	293	3	comment	subj_rel	expected	The surgeon that exits the farmer comments	6.692339866276598e-06	6.692339866276598e-06	17.189058303833008	17.189058303833008
586	gpt2	587	294	3	commercialize	subj_rel	unexpected	The surgeon that exits the farmer commercialize	4.227488761898712e-05	4.227488761898712e-05	16.245068073272705	16.245068073272705
587	gpt2	588	294	3	commercialize	subj_rel	expected	The surgeon that exits the farmer commercializes	0.00020831220399484738	0.00020831220399484738	15.080775737762451	15.080775737762451
588	gpt2	589	295	4	commit	subj_rel	unexpected	The pilots that try the authors commits	6.841599429208145e-07	6.841599429208145e-07	20.479162216186523	20.479162216186523
589	gpt2	590	295	4	commit	subj_rel	expected	The pilots that try the authors commit	3.4389686334179714e-05	3.4389686334179714e-05	14.827664375305176	14.827664375305176
590	gpt2	591	296	4	communicate	subj_rel	unexpected	The pilots that try the authors communicates	1.9896371838967752e-07	1.9896371838967752e-07	22.2609920501709	22.2609920501709
591	gpt2	592	296	4	communicate	subj_rel	expected	The pilots that try the authors communicate	6.575867246283451e-06	6.575867246283451e-06	17.214387893676758	17.214387893676758
592	gpt2	593	297	4	compare	subj_rel	unexpected	The pilots that try the authors compares	4.043307399115292e-06	4.043307399115292e-06	17.916032791137695	17.916032791137695
593	gpt2	594	297	4	compare	subj_rel	expected	The pilots that try the authors compare	1.7705806385492906e-05	1.7705806385492906e-05	15.785417556762695	15.785417556762695
594	gpt2	595	298	4	compel	subj_rel	unexpected	The pilots that try the authors compels	0.005995059284487059	0.005995059284487059	11.597636938095093	11.597636938095093
595	gpt2	596	298	4	compel	subj_rel	expected	The pilots that try the authors compel	2.6959199317389e-07	2.6959199317389e-07	21.82271957397461	21.82271957397461
596	gpt2	597	299	4	compensate	subj_rel	unexpected	The pilots that try the authors compensates	0.20842960655217269	0.20842960655217269	11.62047266960144	11.62047266960144
597	gpt2	598	299	4	compensate	subj_rel	expected	The pilots that try the authors compensate	1.0220743433819734e-06	1.0220743433819734e-06	19.90006828308105	19.90006828308105
598	gpt2	599	300	4	compete	subj_rel	unexpected	The pilots that try the authors competes	0.040060034256953224	0.040060034256953224	11.16088879108429	11.16088879108429
599	gpt2	600	300	4	compete	subj_rel	expected	The pilots that try the authors compete	3.6607193578674928e-06	3.6607193578674928e-06	18.05944061279297	18.05944061279297
600	gpt2	601	301	4	compile	subj_rel	unexpected	The pilots that try the authors compiles	0.09802574048853781	0.09802574048853781	9.581488609313965	9.581488609313965
601	gpt2	602	301	4	compile	subj_rel	expected	The pilots that try the authors compile	7.849380381230731e-07	7.849380381230731e-07	20.28091812133789	20.28091812133789
602	gpt2	603	302	4	complain	subj_rel	unexpected	The pilots that try the authors complains	1.9059639271290507e-06	1.9059639271290507e-06	19.00104713439941	19.00104713439941
603	gpt2	604	302	4	complain	subj_rel	expected	The pilots that try the authors complain	3.83612496079877e-05	3.83612496079877e-05	14.66999053955078	14.66999053955078
604	gpt2	605	303	4	complement	subj_rel	unexpected	The pilots that try the authors complements	0.09379808022804781	0.09379808022804781	12.243250131607056	12.243250131607056
605	gpt2	606	303	4	complement	subj_rel	expected	The pilots that try the authors complement	5.426249458651e-07	5.426249458651e-07	20.81354141235352	20.81354141235352
606	gpt2	607	304	4	complete	subj_rel	unexpected	The pilots that try the authors completes	1.0242555958939192e-07	1.0242555958939192e-07	23.218921661376957	23.218921661376957
607	gpt2	608	304	4	complete	subj_rel	expected	The pilots that try the authors complete	1.8977159925270826e-05	1.8977159925270826e-05	15.685376167297363	15.685376167297363
608	gpt2	609	305	4	complicate	subj_rel	unexpected	The pilots that try the authors complicates	0.01631338363142729	0.01631338363142729	12.06824779510498	12.06824779510498
609	gpt2	610	305	4	complicate	subj_rel	expected	The pilots that try the authors complicate	2.953331090793654e-07	2.953331090793654e-07	21.69115447998047	21.69115447998047
610	gpt2	611	306	4	comply	subj_rel	unexpected	The pilots that try the authors complies	0.05449992818387269	0.05449992818387269	11.19812285900116	11.19812285900116
611	gpt2	612	306	4	comply	subj_rel	expected	The pilots that try the authors comply	3.8094219689810416e-06	3.8094219689810416e-06	18.001996994018555	18.001996994018555
612	gpt2	613	307	4	compound	subj_rel	unexpected	The pilots that try the authors compounds	3.166397164022783e-06	3.166397164022783e-06	18.268726348876957	18.268726348876957
613	gpt2	614	307	4	compound	subj_rel	expected	The pilots that try the authors compound	8.123086445266381e-06	8.123086445266381e-06	16.9095401763916	16.9095401763916
614	gpt2	615	308	4	comprise	subj_rel	unexpected	The pilots that try the authors comprises	1.433431862096768e-07	1.433431862096768e-07	22.73402404785156	22.73402404785156
615	gpt2	616	308	4	comprise	subj_rel	expected	The pilots that try the authors comprise	1.6391496728829225e-06	1.6391496728829225e-06	19.21862030029297	19.21862030029297
616	gpt2	617	309	4	compromise	subj_rel	unexpected	The pilots that try the authors compromises	1.9267249626864213e-06	1.9267249626864213e-06	18.98541831970215	18.98541831970215
617	gpt2	618	309	4	compromise	subj_rel	expected	The pilots that try the authors compromise	7.625753369211452e-06	7.625753369211452e-06	17.000688552856445	17.000688552856445
618	gpt2	619	310	4	computerize	subj_rel	unexpected	The pilots that try the authors computerizes	0.0001382362133881308	0.0001382362133881308	13.81226396560669	13.81226396560669
619	gpt2	620	310	4	computerize	subj_rel	expected	The pilots that try the authors computerize	0.0007755709411867308	0.0007755709411867308	12.526312351226808	12.526312351226808
620	gpt2	621	311	4	compute	subj_rel	unexpected	The pilots that try the authors computes	0.004696780714311859	0.004696780714311859	11.773832559585571	11.773832559585571
621	gpt2	622	311	4	compute	subj_rel	expected	The pilots that try the authors compute	7.978405847097747e-07	7.978405847097747e-07	20.257396697998047	20.257396697998047
622	gpt2	623	312	4	conceal	subj_rel	unexpected	The pilots that try the authors conceals	0.024457229832819376	0.024457229832819376	12.028849363327025	12.028849363327025
623	gpt2	624	312	4	conceal	subj_rel	expected	The pilots that try the authors conceal	2.5008353077282663e-06	2.5008353077282663e-06	18.60915756225586	18.60915756225586
624	gpt2	625	313	4	concede	subj_rel	unexpected	The pilots that try the authors concedes	5.39148550160462e-06	5.39148550160462e-06	17.500885009765625	17.500885009765625
625	gpt2	626	313	4	concede	subj_rel	expected	The pilots that try the authors concede	4.592396362568252e-05	4.592396362568252e-05	14.410393714904783	14.410393714904783
626	gpt2	627	314	4	conceive	subj_rel	unexpected	The pilots that try the authors conceives	0.0032030104852082747	0.0032030104852082747	13.495344161987303	13.495344161987303
627	gpt2	628	314	4	conceive	subj_rel	expected	The pilots that try the authors conceive	1.7088283129851334e-05	1.7088283129851334e-05	15.83663272857666	15.83663272857666
628	gpt2	629	315	4	concentrate	subj_rel	unexpected	The pilots that try the authors concentrates	0.20425120825564133	0.20425120825564133	10.45728975534439	10.45728975534439
629	gpt2	630	315	4	concentrate	subj_rel	expected	The pilots that try the authors concentrate	2.710761009439011e-06	2.710761009439011e-06	18.492870330810547	18.492870330810547
630	gpt2	631	316	4	concern	subj_rel	unexpected	The pilots that try the authors concerns	2.137120418410632e-06	2.137120418410632e-06	18.835901260375977	18.835901260375977
631	gpt2	632	316	4	concern	subj_rel	expected	The pilots that try the authors concern	1.428803807357326e-05	1.428803807357326e-05	16.094833374023438	16.094833374023438
632	gpt2	633	317	4	conclude	subj_rel	unexpected	The pilots that try the authors concludes	5.704370778403245e-06	5.704370778403245e-06	17.41950035095215	17.41950035095215
633	gpt2	634	317	4	conclude	subj_rel	expected	The pilots that try the authors conclude	0.0001738476130412	0.0001738476130412	12.48988914489746	12.48988914489746
634	gpt2	635	318	4	condemn	subj_rel	unexpected	The pilots that try the authors condemns	3.9361808035209833e-07	3.9361808035209833e-07	21.276700973510746	21.276700973510746
635	gpt2	636	318	4	condemn	subj_rel	expected	The pilots that try the authors condemn	2.207518264185637e-06	2.207518264185637e-06	18.789142608642575	18.789142608642575
636	gpt2	637	319	4	condone	subj_rel	unexpected	The pilots that try the authors condones	0.0026287577245511576	0.0026287577245511576	13.299745559692383	13.299745559692383
637	gpt2	638	319	4	condone	subj_rel	expected	The pilots that try the authors condone	1.209002107316337e-06	1.209002107316337e-06	19.657751083374023	19.657751083374023
638	gpt2	639	320	4	conduct	subj_rel	unexpected	The pilots that try the authors conducts	1.0404453405499223e-06	1.0404453405499223e-06	19.874366760253903	19.874366760253903
639	gpt2	640	320	4	conduct	subj_rel	expected	The pilots that try the authors conduct	2.9768605600111187e-05	2.9768605600111187e-05	15.035848617553713	15.035848617553713
640	gpt2	641	321	4	confer	subj_rel	unexpected	The pilots that try the authors confers	0.0009265463368137399	0.0009265463368137399	13.727789402008057	13.727789402008057
641	gpt2	642	321	4	confer	subj_rel	expected	The pilots that try the authors confer	2.2049334802431986e-07	2.2049334802431986e-07	22.11276054382324	22.11276054382324
642	gpt2	643	322	4	confirm	subj_rel	unexpected	The pilots that try the authors confirms	2.4263906652777223e-06	2.4263906652777223e-06	18.65275764465332	18.65275764465332
643	gpt2	644	322	4	confirm	subj_rel	expected	The pilots that try the authors confirm	2.2517546312883496e-05	2.2517546312883496e-05	15.438591003417969	15.438591003417969
644	gpt2	645	323	4	confiscate	subj_rel	unexpected	The pilots that try the authors confiscates	0.0024157817574205842	0.0024157817574205842	14.491610527038574	14.491610527038574
645	gpt2	646	323	4	confiscate	subj_rel	expected	The pilots that try the authors confiscate	0.471256629946268	0.471256629946268	10.68761295452714	10.68761295452714
646	gpt2	647	324	4	conform	subj_rel	unexpected	The pilots that try the authors conforms	0.00791653005728675	0.00791653005728675	12.775892972946167	12.775892972946167
647	gpt2	648	324	4	conform	subj_rel	expected	The pilots that try the authors conform	1.284151267100242e-06	1.284151267100242e-06	19.57075309753418	19.57075309753418
648	gpt2	649	325	4	confront	subj_rel	unexpected	The pilots that try the authors confronts	1.0866853017432733e-07	1.0866853017432733e-07	23.13356208801269	23.13356208801269
649	gpt2	650	325	4	confront	subj_rel	expected	The pilots that try the authors confront	1.972897507585003e-06	1.972897507585003e-06	18.951251983642575	18.951251983642575
650	gpt2	651	326	4	confuse	subj_rel	unexpected	The pilots that try the authors confuses	0.00583470850597219	0.00583470850597219	12.399464130401611	12.399464130401611
651	gpt2	652	326	4	confuse	subj_rel	expected	The pilots that try the authors confuse	1.942458766279742e-06	1.942458766279742e-06	18.97368431091309	18.97368431091309
652	gpt2	653	327	4	congratulate	subj_rel	unexpected	The pilots that try the authors congratulates	0.02872199304601962	0.02872199304601962	12.493124961853027	12.493124961853027
653	gpt2	654	327	4	congratulate	subj_rel	expected	The pilots that try the authors congratulate	1.3937948324382887e-06	1.3937948324382887e-06	19.452550888061523	19.452550888061523
654	gpt2	655	328	4	connect	subj_rel	unexpected	The pilots that try the authors connects	1.269950189453084e-07	1.269950189453084e-07	22.90872383117676	22.90872383117676
655	gpt2	656	328	4	connect	subj_rel	expected	The pilots that try the authors connect	6.59103579891962e-06	6.59103579891962e-06	17.211063385009766	17.211063385009766
656	gpt2	657	329	4	connote	subj_rel	unexpected	The pilots that try the authors connotes	0.0008889889656983978	0.0008889889656983978	13.54994535446167	13.54994535446167
657	gpt2	658	329	4	connote	subj_rel	expected	The pilots that try the authors connote	0.0012706526401870977	0.0012706526401870977	13.29180097579956	13.29180097579956
658	gpt2	659	330	4	conquer	subj_rel	unexpected	The pilots that try the authors conquers	0.33127228236974027	0.33127228236974027	13.235426127910614	13.235426127910614
659	gpt2	660	330	4	conquer	subj_rel	expected	The pilots that try the authors conquer	8.728031986038333e-08	8.728031986038333e-08	23.44976806640625	23.44976806640625
660	gpt2	661	331	4	consent	subj_rel	unexpected	The pilots that try the authors consents	0.002891373498641727	0.002891373498641727	11.969601154327393	11.969601154327393
661	gpt2	662	331	4	consent	subj_rel	expected	The pilots that try the authors consent	2.458365770507953e-06	2.458365770507953e-06	18.633869171142575	18.633869171142575
662	gpt2	663	332	4	conserve	subj_rel	unexpected	The pilots that try the authors conserves	0.017029400288329527	0.017029400288329527	13.96868896484375	13.96868896484375
663	gpt2	664	332	4	conserve	subj_rel	expected	The pilots that try the authors conserve	1.6402935898440776e-07	1.6402935898440776e-07	22.53954315185547	22.53954315185547
664	gpt2	665	333	4	consider	subj_rel	unexpected	The pilots that try the authors considers	5.3891822062723804e-06	5.3891822062723804e-06	17.501502990722656	17.501502990722656
665	gpt2	666	333	4	consider	subj_rel	expected	The pilots that try the authors consider	0.0001560203818371	0.0001560203818371	12.645977973937988	12.645977973937988
666	gpt2	667	334	4	consist	subj_rel	unexpected	The pilots that try the authors consists	7.880462931098009e-07	7.880462931098009e-07	20.27521705627441	20.27521705627441
667	gpt2	668	334	4	consist	subj_rel	expected	The pilots that try the authors consist	1.7300063746006344e-06	1.7300063746006344e-06	19.14079093933105	19.14079093933105
668	gpt2	669	335	4	console	subj_rel	unexpected	The pilots that try the authors consoles	3.4513338960096007e-06	3.4513338960096007e-06	18.1444149017334	18.1444149017334
669	gpt2	670	335	4	console	subj_rel	expected	The pilots that try the authors console	2.634376141941175e-05	2.634376141941175e-05	15.21217918395996	15.21217918395996
670	gpt2	671	336	4	consolidate	subj_rel	unexpected	The pilots that try the authors consolidates	0.06791375105376396	0.06791375105376396	13.81873095035553	13.81873095035553
671	gpt2	672	336	4	consolidate	subj_rel	expected	The pilots that try the authors consolidate	6.758024255759665e-07	6.758024255759665e-07	20.49689483642578	20.49689483642578
672	gpt2	673	337	4	constitute	subj_rel	unexpected	The pilots that try the authors constitutes	1.8440627513882649e-07	1.8440627513882649e-07	22.370609283447266	22.370609283447266
673	gpt2	674	337	4	constitute	subj_rel	expected	The pilots that try the authors constitute	3.6189542242937023e-06	3.6189542242937023e-06	18.07599639892578	18.07599639892578
674	gpt2	675	338	4	constrain	subj_rel	unexpected	The pilots that try the authors constrains	0.3255215142957013	0.3255215142957013	9.082399369527897	9.082399369527897
675	gpt2	676	338	4	constrain	subj_rel	expected	The pilots that try the authors constrain	0.09643622000390906	0.09643622000390906	11.800517678260803	11.800517678260803
676	gpt2	677	339	4	construct	subj_rel	unexpected	The pilots that try the authors constructs	2.167812681364012e-06	2.167812681364012e-06	18.81532859802246	18.81532859802246
677	gpt2	678	339	4	construct	subj_rel	expected	The pilots that try the authors construct	5.84169583817129e-06	5.84169583817129e-06	17.385181427001953	17.385181427001953
678	gpt2	679	340	4	construe	subj_rel	unexpected	The pilots that try the authors construes	0.15226234356975965	0.15226234356975965	9.274054010709127	9.274054010709127
679	gpt2	680	340	4	construe	subj_rel	expected	The pilots that try the authors construe	0.24728048850471396	0.24728048850471396	11.12126612663269	11.12126612663269
680	gpt2	681	341	4	consult	subj_rel	unexpected	The pilots that try the authors consults	0.0075577507779342875	0.0075577507779342875	13.748150587081907	13.748150587081907
681	gpt2	682	341	4	consult	subj_rel	expected	The pilots that try the authors consult	3.494427289751912e-07	3.494427289751912e-07	21.44844055175781	21.44844055175781
682	gpt2	683	342	4	consume	subj_rel	unexpected	The pilots that try the authors consumes	6.974592281494553e-08	6.974592281494553e-08	23.7733154296875	23.7733154296875
683	gpt2	684	342	4	consume	subj_rel	expected	The pilots that try the authors consume	1.6880236444194452e-06	1.6880236444194452e-06	19.176233291625977	19.176233291625977
684	gpt2	685	343	4	contact	subj_rel	unexpected	The pilots that try the authors contacts	2.614242930576438e-06	2.614242930576438e-06	18.545175552368164	18.545175552368164
685	gpt2	686	343	4	contact	subj_rel	expected	The pilots that try the authors contact	8.618329957243986e-06	8.618329957243986e-06	16.824159622192383	16.824159622192383
686	gpt2	687	344	4	contain	subj_rel	unexpected	The pilots that try the authors contains	1.8241446468891809e-06	1.8241446468891809e-06	19.064348220825195	19.064348220825195
687	gpt2	688	344	4	contain	subj_rel	expected	The pilots that try the authors contain	3.111617479589768e-05	3.111617479589768e-05	14.971975326538086	14.971975326538086
688	gpt2	689	345	4	contemplate	subj_rel	unexpected	The pilots that try the authors contemplates	0.23376558576994452	0.23376558576994452	11.471261799335478	11.471261799335478
689	gpt2	690	345	4	contemplate	subj_rel	expected	The pilots that try the authors contemplate	1.3453272913466208e-06	1.3453272913466208e-06	19.503610610961918	19.503610610961918
690	gpt2	691	346	4	contemporize	subj_rel	unexpected	The pilots that try the authors contemporizes	5.897726257586555e-06	5.897726257586555e-06	20.326595306396484	20.326595306396484
691	gpt2	692	346	4	contemporize	subj_rel	expected	The pilots that try the authors contemporize	6.906436019346073e-05	6.906436019346073e-05	18.548980236053467	18.548980236053467
692	gpt2	693	347	4	contend	subj_rel	unexpected	The pilots that try the authors contends	3.60814692612621e-06	3.60814692612621e-06	18.080310821533203	18.080310821533203
693	gpt2	694	347	4	contend	subj_rel	expected	The pilots that try the authors contend	0.000110443579615	0.000110443579615	13.144402503967283	13.144402503967283
694	gpt2	695	348	4	content	subj_rel	unexpected	The pilots that try the authors contents	5.211830739426659e-06	5.211830739426659e-06	17.54977798461914	17.54977798461914
695	gpt2	696	348	4	content	subj_rel	expected	The pilots that try the authors content	7.985538832144812e-05	7.985538832144812e-05	13.612250328063965	13.612250328063965
696	gpt2	697	349	4	continue	subj_rel	unexpected	The pilots that try the authors continues	4.682345661422005e-06	4.682345661422005e-06	17.704336166381836	17.704336166381836
697	gpt2	698	349	4	continue	subj_rel	expected	The pilots that try the authors continue	0.0001523189857834	0.0001523189857834	12.68061637878418	12.68061637878418
698	gpt2	699	350	4	contract	subj_rel	unexpected	The pilots that try the authors contracts	4.660107151721604e-06	4.660107151721604e-06	17.711204528808594	17.711204528808594
699	gpt2	700	350	4	contract	subj_rel	expected	The pilots that try the authors contract	2.4139744709827937e-05	2.4139744709827937e-05	15.33823013305664	15.33823013305664
700	gpt2	701	351	4	contrast	subj_rel	unexpected	The pilots that try the authors contrasts	1.0561885943616289e-07	1.0561885943616289e-07	23.17462921142578	23.17462921142578
701	gpt2	702	351	4	contrast	subj_rel	expected	The pilots that try the authors contrast	1.1868487490573898e-06	1.1868487490573898e-06	19.68443298339844	19.68443298339844
702	gpt2	703	352	4	contribute	subj_rel	unexpected	The pilots that try the authors contributes	3.3902242080330325e-07	3.3902242080330325e-07	21.492115020751957	21.492115020751957
703	gpt2	704	352	4	contribute	subj_rel	expected	The pilots that try the authors contribute	1.6942498405114748e-05	1.6942498405114748e-05	15.848993301391602	15.848993301391602
704	gpt2	705	353	4	control	subj_rel	unexpected	The pilots that try the authors controls	2.65171784121776e-05	2.65171784121776e-05	15.202713012695312	15.202713012695312
705	gpt2	706	353	4	control	subj_rel	expected	The pilots that try the authors control	0.0001028858459903	0.0001028858459903	13.246667861938477	13.246667861938477
706	gpt2	707	354	4	con	subj_rel	unexpected	The pilots that try the authors cons	1.077103297575377e-05	1.077103297575377e-05	16.502483367919922	16.502483367919922
707	gpt2	708	354	4	con	subj_rel	expected	The pilots that try the authors con	3.918788479495561e-06	3.918788479495561e-06	17.96116065979004	17.96116065979004
708	gpt2	709	355	4	convene	subj_rel	unexpected	The pilots that try the authors convenes	0.011337610285870853	0.011337610285870853	13.914165496826172	13.914165496826172
709	gpt2	710	355	4	convene	subj_rel	expected	The pilots that try the authors convene	0.43236950351684555	0.43236950351684555	11.287621632218361	11.287621632218361
710	gpt2	711	356	4	convert	subj_rel	unexpected	The pilots that try the authors converts	2.6957553700412973e-07	2.6957553700412973e-07	21.82280731201172	21.82280731201172
711	gpt2	712	356	4	convert	subj_rel	expected	The pilots that try the authors convert	9.33019236981636e-07	9.33019236981636e-07	20.03158950805664	20.03158950805664
712	gpt2	713	357	4	convey	subj_rel	unexpected	The pilots that try the authors conveys	0.2636569236167219	0.2636569236167219	11.406982213258743	11.406982213258743
713	gpt2	714	357	4	convey	subj_rel	expected	The pilots that try the authors convey	2.7816158763016574e-06	2.7816158763016574e-06	18.455644607543945	18.455644607543945
714	gpt2	715	358	4	convict	subj_rel	unexpected	The pilots that try the authors convicts	0.04139856664312447	0.04139856664312447	12.241683125495909	12.241683125495909
715	gpt2	716	358	4	convict	subj_rel	expected	The pilots that try the authors convict	2.993140810758632e-07	2.993140810758632e-07	21.671836853027344	21.671836853027344
716	gpt2	717	359	4	convince	subj_rel	unexpected	The pilots that try the authors convinces	0.4046741955865798	0.4046741955865798	10.373575374484062	10.373575374484062
717	gpt2	718	359	4	convince	subj_rel	expected	The pilots that try the authors convince	9.354966095997952e-06	9.354966095997952e-06	16.705835342407227	16.705835342407227
718	gpt2	719	360	4	cook	subj_rel	unexpected	The pilots that try the authors cooks	1.1925072840313078e-07	1.1925072840313078e-07	22.99949836730957	22.99949836730957
719	gpt2	720	360	4	cook	subj_rel	expected	The pilots that try the authors cook	5.495097411767347e-06	5.495097411767347e-06	17.47342300415039	17.47342300415039
720	gpt2	721	361	4	cool	subj_rel	unexpected	The pilots that try the authors cools	0.005484950590471239	0.005484950590471239	11.534252882003784	11.534252882003784
721	gpt2	722	361	4	cool	subj_rel	expected	The pilots that try the authors cool	1.037279434967786e-05	1.037279434967786e-05	16.556835174560547	16.556835174560547
722	gpt2	723	362	4	cooperate	subj_rel	unexpected	The pilots that try the authors cooperates	0.009168819206706749	0.009168819206706749	11.52194881439209	11.52194881439209
723	gpt2	724	362	4	cooperate	subj_rel	expected	The pilots that try the authors cooperate	3.4584243167046225e-06	3.4584243167046225e-06	18.14145278930664	18.14145278930664
724	gpt2	725	363	4	coordinate	subj_rel	unexpected	The pilots that try the authors coordinates	9.253912480744476e-07	9.253912480744476e-07	20.043432235717773	20.043432235717773
725	gpt2	726	363	4	coordinate	subj_rel	expected	The pilots that try the authors coordinate	2.2983023484357545e-07	2.2983023484357545e-07	22.052928924560547	22.052928924560547
726	gpt2	727	364	4	cope	subj_rel	unexpected	The pilots that try the authors copes	0.02237668380621469	0.02237668380621469	10.610428810119629	10.610428810119629
727	gpt2	728	364	4	cope	subj_rel	expected	The pilots that try the authors cope	2.220118403784e-06	2.220118403784e-06	18.78093147277832	18.78093147277832
728	gpt2	729	365	4	co-produce	subj_rel	unexpected	The pilots that try the authors co-produces	0.4158146764966659	0.4158146764966659	7.821462512016296	7.821462512016296
729	gpt2	730	365	4	co-produce	subj_rel	expected	The pilots that try the authors co-produce	0.4158146764966659	0.4158146764966659	7.821462512016296	7.821462512016296
730	gpt2	731	366	4	copy	subj_rel	unexpected	The pilots that try the authors copies	1.7011722093229764e-06	1.7011722093229764e-06	19.1650390625	19.1650390625
731	gpt2	732	366	4	copy	subj_rel	expected	The pilots that try the authors copy	2.155831316486001e-05	2.155831316486001e-05	15.50139617919922	15.50139617919922
732	gpt2	733	367	4	corner	subj_rel	unexpected	The pilots that try the authors corners	9.829717555476236e-07	9.829717555476236e-07	19.95634651184082	19.95634651184082
733	gpt2	734	367	4	corner	subj_rel	expected	The pilots that try the authors corner	1.4007132449478377e-06	1.4007132449478377e-06	19.445405960083008	19.445405960083008
734	gpt2	735	368	4	corral	subj_rel	unexpected	The pilots that try the authors corrals	0.021610634233525133	0.021610634233525133	12.074421167373657	12.074421167373657
735	gpt2	736	368	4	corral	subj_rel	expected	The pilots that try the authors corral	0.14330023137824807	0.14330023137824807	10.709789633750916	10.709789633750916
736	gpt2	737	369	4	correct	subj_rel	unexpected	The pilots that try the authors corrects	0.0016041791786847131	0.0016041791786847131	11.109303951263428	11.109303951263428
737	gpt2	738	369	4	correct	subj_rel	expected	The pilots that try the authors correct	6.518750888062641e-05	6.518750888062641e-05	13.905044555664062	13.905044555664062
738	gpt2	739	370	4	correspond	subj_rel	unexpected	The pilots that try the authors corresponds	8.026052711329612e-08	8.026052711329612e-08	23.57073402404785	23.57073402404785
739	gpt2	740	370	4	correspond	subj_rel	expected	The pilots that try the authors correspond	1.838030925682688e-06	1.838030925682688e-06	19.053407669067383	19.053407669067383
740	gpt2	741	371	4	co-sponsor	subj_rel	unexpected	The pilots that try the authors co-sponsors	0.4158146764966659	0.4158146764966659	7.821462512016296	7.821462512016296
741	gpt2	742	371	4	co-sponsor	subj_rel	expected	The pilots that try the authors co-sponsor	0.4158146764966659	0.4158146764966659	7.821462512016296	7.821462512016296
742	gpt2	743	372	4	cost	subj_rel	unexpected	The pilots that try the authors costs	1.3559925946537987e-06	1.3559925946537987e-06	19.49221992492676	19.49221992492676
743	gpt2	744	372	4	cost	subj_rel	expected	The pilots that try the authors cost	1.1689081475196872e-05	1.1689081475196872e-05	16.384479522705078	16.384479522705078
744	gpt2	745	373	4	cough	subj_rel	unexpected	The pilots that try the authors coughs	0.01618303322902644	0.01618303322902644	9.804386854171753	9.804386854171753
745	gpt2	746	373	4	cough	subj_rel	expected	The pilots that try the authors cough	3.869015199597925e-05	3.869015199597925e-05	14.657673835754396	14.657673835754396
746	gpt2	747	374	4	countenance	subj_rel	unexpected	The pilots that try the authors countenances	0.25807480289555923	0.25807480289555923	11.383844236532846	11.383844236532846
747	gpt2	748	374	4	countenance	subj_rel	expected	The pilots that try the authors countenance	0.00017984301894102023	0.00017984301894102023	14.674575328826904	14.674575328826904
748	gpt2	749	375	4	counteract	subj_rel	unexpected	The pilots that try the authors counteracts	9.607390347808141e-05	9.607390347808141e-05	14.67430830001831	14.67430830001831
749	gpt2	750	375	4	counteract	subj_rel	expected	The pilots that try the authors counteract	3.196236946223508e-07	3.196236946223508e-07	21.57712173461914	21.57712173461914
750	gpt2	751	376	4	counterprogram	subj_rel	unexpected	The pilots that try the authors counterprograms	0.005776202155781597	0.005776202155781597	12.369716167449951	12.369716167449951
751	gpt2	752	376	4	counterprogram	subj_rel	expected	The pilots that try the authors counterprogram	2.856250648619607e-05	2.856250648619607e-05	15.626842021942139	15.626842021942139
752	gpt2	753	377	4	counter	subj_rel	unexpected	The pilots that try the authors counters	9.236208029506088e-07	9.236208029506088e-07	20.04619598388672	20.04619598388672
753	gpt2	754	377	4	counter	subj_rel	expected	The pilots that try the authors counter	7.941092917462811e-06	7.941092917462811e-06	16.942230224609375	16.942230224609375
754	gpt2	755	378	4	count	subj_rel	unexpected	The pilots that try the authors counts	2.819873259340966e-07	2.819873259340966e-07	21.75786590576172	21.75786590576172
755	gpt2	756	378	4	count	subj_rel	expected	The pilots that try the authors count	4.112404894840438e-06	4.112404894840438e-06	17.891586303710938	17.891586303710938
756	gpt2	757	379	4	court	subj_rel	unexpected	The pilots that try the authors courts	5.947849786025472e-07	5.947849786025472e-07	20.681127548217773	20.681127548217773
757	gpt2	758	379	4	court	subj_rel	expected	The pilots that try the authors court	2.8129020392952957e-06	2.8129020392952957e-06	18.43950843811035	18.43950843811035
758	gpt2	759	380	4	cover	subj_rel	unexpected	The pilots that try the authors covers	3.4817217056115624e-06	3.4817217056115624e-06	18.13176727294922	18.13176727294922
759	gpt2	760	380	4	cover	subj_rel	expected	The pilots that try the authors cover	0.0001043379597831	0.0001043379597831	13.226448059082031	13.226448059082031
760	gpt2	761	381	4	crack	subj_rel	unexpected	The pilots that try the authors cracks	1.4974520468058472e-07	1.4974520468058472e-07	22.67098617553711	22.67098617553711
761	gpt2	762	381	4	crack	subj_rel	expected	The pilots that try the authors crack	3.817568540398497e-06	3.817568540398497e-06	17.99891471862793	17.99891471862793
762	gpt2	763	382	4	craft	subj_rel	unexpected	The pilots that try the authors crafts	6.402373173841625e-07	6.402373173841625e-07	20.57489013671875	20.57489013671875
763	gpt2	764	382	4	craft	subj_rel	expected	The pilots that try the authors craft	4.298550993553363e-05	4.298550993553363e-05	14.505789756774902	14.505789756774902
764	gpt2	765	383	4	crank	subj_rel	unexpected	The pilots that try the authors cranks	0.03264578109838112	0.03264578109838112	10.19992733001709	10.19992733001709
765	gpt2	766	383	4	crank	subj_rel	expected	The pilots that try the authors crank	3.135434326395625e-06	3.135434326395625e-06	18.28290367126465	18.28290367126465
766	gpt2	767	384	4	crash	subj_rel	unexpected	The pilots that try the authors crashes	4.305439347263018e-07	4.305439347263018e-07	21.147336959838867	21.147336959838867
767	gpt2	768	384	4	crash	subj_rel	expected	The pilots that try the authors crash	1.7327613022644073e-05	1.7327613022644073e-05	15.816567420959473	15.816567420959473
768	gpt2	769	385	4	crawl	subj_rel	unexpected	The pilots that try the authors crawls	0.23890318370459337	0.23890318370459337	11.352962911128996	11.352962911128996
769	gpt2	770	385	4	crawl	subj_rel	expected	The pilots that try the authors crawl	6.963616101529624e-07	6.963616101529624e-07	20.453659057617188	20.453659057617188
770	gpt2	771	386	4	creak	subj_rel	unexpected	The pilots that try the authors creaks	0.0027264858867681583	0.0027264858867681583	13.778871297836305	13.778871297836305
771	gpt2	772	386	4	creak	subj_rel	expected	The pilots that try the authors creak	0.07062375026677611	0.07062375026677611	11.431233882904055	11.431233882904055
772	gpt2	773	387	4	create	subj_rel	unexpected	The pilots that try the authors creates	3.997482508566463e-06	3.997482508566463e-06	17.932476043701172	17.932476043701172
773	gpt2	774	387	4	create	subj_rel	expected	The pilots that try the authors create	6.369104085024446e-05	6.369104085024446e-05	13.938549995422363	13.938549995422363
774	gpt2	775	388	4	credit	subj_rel	unexpected	The pilots that try the authors credits	1.0785588528960943e-05	1.0785588528960943e-05	16.50053596496582	16.50053596496582
775	gpt2	776	388	4	credit	subj_rel	expected	The pilots that try the authors credit	0.0001322169409831	0.0001322169409831	12.884805679321287	12.884805679321287
776	gpt2	777	389	4	crest	subj_rel	unexpected	The pilots that try the authors crests	0.005262952231959158	0.005262952231959158	13.304397344589235	13.304397344589235
777	gpt2	778	389	4	crest	subj_rel	expected	The pilots that try the authors crest	2.8423460918247656e-08	2.8423460918247656e-08	25.068342208862305	25.068342208862305
778	gpt2	779	390	4	criminalize	subj_rel	unexpected	The pilots that try the authors criminalizes	0.010507863323027757	0.010507863323027757	11.691019296646118	11.691019296646118
779	gpt2	780	390	4	criminalize	subj_rel	expected	The pilots that try the authors criminalize	0.018728587153191256	0.018728587153191256	11.274067401885986	11.274067401885986
780	gpt2	781	391	4	crimp	subj_rel	unexpected	The pilots that try the authors crimps	0.017940206583631366	0.017940206583631366	12.83533787727356	12.83533787727356
781	gpt2	782	391	4	crimp	subj_rel	expected	The pilots that try the authors crimp	0.04945719255138667	0.04945719255138667	12.10383927822113	12.10383927822113
782	gpt2	783	392	4	criticize	subj_rel	unexpected	The pilots that try the authors criticizes	0.0043705852576180855	0.0043705852576180855	13.154195070266725	13.154195070266725
783	gpt2	784	392	4	criticize	subj_rel	expected	The pilots that try the authors criticize	8.757589966990054e-06	8.757589966990054e-06	16.801034927368164	16.801034927368164
784	gpt2	785	393	5	crop	subj_rel	unexpected	The officers that structure the manager crops	4.104562378870469e-07	4.104562378870469e-07	21.21626853942871	21.21626853942871
785	gpt2	786	393	5	crop	subj_rel	expected	The officers that structure the manager crop	1.4779179764445871e-06	1.4779179764445871e-06	19.36800193786621	19.36800193786621
786	gpt2	787	394	5	cross	subj_rel	unexpected	The officers that structure the manager crosses	1.1844137048910853e-07	1.1844137048910853e-07	23.009323120117188	23.009323120117188
787	gpt2	788	394	5	cross	subj_rel	expected	The officers that structure the manager cross	7.014481980149867e-06	7.014481980149867e-06	17.121231079101562	17.121231079101562
788	gpt2	789	395	5	crumble	subj_rel	unexpected	The officers that structure the manager crumbles	0.009192124127139295	0.009192124127139295	11.812721967697144	11.812721967697144
789	gpt2	790	395	5	crumble	subj_rel	expected	The officers that structure the manager crumble	1.8275828495006865e-07	1.8275828495006865e-07	22.383560180664062	22.383560180664062
790	gpt2	791	396	5	crunch	subj_rel	unexpected	The officers that structure the manager crunches	0.033345923527273634	0.033345923527273634	8.839388688405355	8.839388688405355
791	gpt2	792	396	5	crunch	subj_rel	expected	The officers that structure the manager crunch	1.7400508056653052e-07	1.7400508056653052e-07	22.45436668395996	22.45436668395996
792	gpt2	793	397	5	crush	subj_rel	unexpected	The officers that structure the manager crushes	0.03965885669617814	0.03965885669617814	10.7580087184906	10.7580087184906
793	gpt2	794	397	5	crush	subj_rel	expected	The officers that structure the manager crush	9.318978868577688e-07	9.318978868577688e-07	20.0333251953125	20.0333251953125
794	gpt2	795	398	5	cry	subj_rel	unexpected	The officers that structure the manager cries	5.125269808559096e-07	5.125269808559096e-07	20.8958683013916	20.8958683013916
795	gpt2	796	398	5	cry	subj_rel	expected	The officers that structure the manager cry	4.670335783885093e-06	4.670335783885093e-06	17.70804214477539	17.70804214477539
796	gpt2	797	399	5	cuff	subj_rel	unexpected	The officers that structure the manager cuffs	0.005551337217184435	0.005551337217184435	10.829707145690918	10.829707145690918
797	gpt2	798	399	5	cuff	subj_rel	expected	The officers that structure the manager cuff	8.606425012658292e-07	8.606425012658292e-07	20.148082733154297	20.148082733154297
798	gpt2	799	400	5	curb	subj_rel	unexpected	The officers that structure the manager curbs	0.13553611792616493	0.13553611792616493	10.878946959972383	10.878946959972383
799	gpt2	800	400	5	curb	subj_rel	expected	The officers that structure the manager curb	6.513492962767486e-07	6.513492962767486e-07	20.55006599426269	20.55006599426269
800	gpt2	801	401	5	cure	subj_rel	unexpected	The officers that structure the manager cures	8.47252490387973e-09	8.47252490387973e-09	26.81455993652344	26.81455993652344
801	gpt2	802	401	5	cure	subj_rel	expected	The officers that structure the manager cure	1.2149273231898405e-07	1.2149273231898405e-07	22.972625732421875	22.972625732421875
802	gpt2	803	402	5	curl	subj_rel	unexpected	The officers that structure the manager curls	2.512944341503953e-08	2.512944341503953e-08	25.24604606628418	25.24604606628418
803	gpt2	804	402	5	curl	subj_rel	expected	The officers that structure the manager curl	6.074268554812079e-08	6.074268554812079e-08	23.972713470458984	23.972713470458984
804	gpt2	805	403	5	curry	subj_rel	unexpected	The officers that structure the manager curries	0.001241912464536188	0.001241912464536188	14.264231204986574	14.264231204986574
805	gpt2	806	403	5	curry	subj_rel	expected	The officers that structure the manager curry	7.261616019604844e-07	7.261616019604844e-07	20.393205642700195	20.393205642700195
806	gpt2	807	404	5	curtail	subj_rel	unexpected	The officers that structure the manager curtails	0.008277049735113439	0.008277049735113439	12.895698070526125	12.895698070526125
807	gpt2	808	404	5	curtail	subj_rel	expected	The officers that structure the manager curtail	6.244654571219145e-08	6.244654571219145e-08	23.932802200317383	23.932802200317383
808	gpt2	809	405	5	cushion	subj_rel	unexpected	The officers that structure the manager cushions	0.14427475664658118	0.14427475664658118	11.10340166091919	11.10340166091919
809	gpt2	810	405	5	cushion	subj_rel	expected	The officers that structure the manager cushion	6.382006176863797e-07	6.382006176863797e-07	20.579486846923828	20.579486846923828
810	gpt2	811	406	5	cut	subj_rel	unexpected	The officers that structure the manager cuts	3.0862911444273777e-06	3.0862911444273777e-06	18.305694580078125	18.305694580078125
811	gpt2	812	406	5	cut	subj_rel	expected	The officers that structure the manager cut	2.5919192921719517e-05	2.5919192921719517e-05	15.23561954498291	15.23561954498291
812	gpt2	813	407	5	dabble	subj_rel	unexpected	The officers that structure the manager dabbles	0.0029832104216135353	0.0029832104216135353	10.322603543599447	10.322603543599447
813	gpt2	814	407	5	dabble	subj_rel	expected	The officers that structure the manager dabble	0.2868723204876602	0.2868723204876602	12.588839530944824	12.588839530944824
814	gpt2	815	408	5	damage	subj_rel	unexpected	The officers that structure the manager damages	8.861619562594569e-07	8.861619562594569e-07	20.105926513671875	20.105926513671875
815	gpt2	816	408	5	damage	subj_rel	expected	The officers that structure the manager damage	2.478921032889048e-06	2.478921032889048e-06	18.621856689453125	18.621856689453125
816	gpt2	817	409	5	dampen	subj_rel	unexpected	The officers that structure the manager dampens	0.015844632340893804	0.015844632340893804	14.286420583724977	14.286420583724977
817	gpt2	818	409	5	dampen	subj_rel	expected	The officers that structure the manager dampen	0.03904382365785605	0.03904382365785605	13.635869383811952	13.635869383811952
818	gpt2	819	410	5	damp	subj_rel	unexpected	The officers that structure the manager damps	8.063504719755251e-05	8.063504719755251e-05	13.925107955932617	13.925107955932617
819	gpt2	820	410	5	damp	subj_rel	expected	The officers that structure the manager damp	7.903263110620173e-08	7.903263110620173e-08	23.59297561645508	23.59297561645508
820	gpt2	821	411	5	dance	subj_rel	unexpected	The officers that structure the manager dances	1.5496011656068731e-06	1.5496011656068731e-06	19.299671173095703	19.299671173095703
821	gpt2	822	411	5	dance	subj_rel	expected	The officers that structure the manager dance	3.090875907219015e-05	3.090875907219015e-05	14.981624603271484	14.981624603271484
822	gpt2	823	412	5	dare	subj_rel	unexpected	The officers that structure the manager dares	0.007559773930552152	0.007559773930552152	10.491910457611084	10.491910457611084
823	gpt2	824	412	5	dare	subj_rel	expected	The officers that structure the manager dare	3.519334768498084e-06	3.519334768498084e-06	18.11626625061035	18.11626625061035
824	gpt2	825	413	5	dash	subj_rel	unexpected	The officers that structure the manager dashes	0.0038234162602748026	0.0038234162602748026	10.985145568847656	10.985145568847656
825	gpt2	826	413	5	dash	subj_rel	expected	The officers that structure the manager dash	3.12741599373112e-06	3.12741599373112e-06	18.286598205566406	18.286598205566406
826	gpt2	827	414	5	date	subj_rel	unexpected	The officers that structure the manager dates	7.253697731357533e-07	7.253697731357533e-07	20.394779205322266	20.394779205322266
827	gpt2	828	414	5	date	subj_rel	expected	The officers that structure the manager date	3.569986574802897e-06	3.569986574802897e-06	18.09564971923828	18.09564971923828
828	gpt2	829	415	5	deal	subj_rel	unexpected	The officers that structure the manager deals	7.437256044795504e-06	7.437256044795504e-06	17.03679847717285	17.03679847717285
829	gpt2	830	415	5	deal	subj_rel	expected	The officers that structure the manager deal	0.0001812927512219	0.0001812927512219	12.429390907287598	12.429390907287598
830	gpt2	831	416	5	debate	subj_rel	unexpected	The officers that structure the manager debates	3.5292832762934268e-06	3.5292832762934268e-06	18.112194061279297	18.112194061279297
831	gpt2	832	416	5	debate	subj_rel	expected	The officers that structure the manager debate	2.356730510655325e-05	2.356730510655325e-05	15.37285327911377	15.37285327911377
832	gpt2	833	417	5	debunk	subj_rel	unexpected	The officers that structure the manager debunks	0.0023651588538200308	0.0023651588538200308	13.474793672561646	13.474793672561646
833	gpt2	834	417	5	debunk	subj_rel	expected	The officers that structure the manager debunk	7.577681060411123e-08	7.577681060411123e-08	23.65366744995117	23.65366744995117
834	gpt2	835	418	5	debut	subj_rel	unexpected	The officers that structure the manager debuts	0.01011067440896338	0.01011067440896338	12.426667928695679	12.426667928695679
835	gpt2	836	418	5	debut	subj_rel	expected	The officers that structure the manager debut	1.321490401551273e-07	1.321490401551273e-07	22.8513298034668	22.8513298034668
836	gpt2	837	419	5	deceive	subj_rel	unexpected	The officers that structure the manager deceives	0.45252120249903527	0.45252120249903527	11.602241069078445	11.602241069078445
837	gpt2	838	419	5	deceive	subj_rel	expected	The officers that structure the manager deceive	5.430447913568059e-07	5.430447913568059e-07	20.81242561340332	20.81242561340332
838	gpt2	839	420	5	decide	subj_rel	unexpected	The officers that structure the manager decides	1.0244627446809318e-05	1.0244627446809318e-05	16.57477378845215	16.57477378845215
839	gpt2	840	420	5	decide	subj_rel	expected	The officers that structure the manager decide	2.3373915610136464e-05	2.3373915610136464e-05	15.384740829467772	15.384740829467772
840	gpt2	841	421	5	declare	subj_rel	unexpected	The officers that structure the manager declares	8.367000532416569e-07	8.367000532416569e-07	20.18878555297852	20.18878555297852
841	gpt2	842	421	5	declare	subj_rel	expected	The officers that structure the manager declare	3.75166109733982e-06	3.75166109733982e-06	18.024038314819336	18.024038314819336
842	gpt2	843	422	5	decline	subj_rel	unexpected	The officers that structure the manager declines	9.152618645202892e-07	9.152618645202892e-07	20.05931282043457	20.05931282043457
843	gpt2	844	422	5	decline	subj_rel	expected	The officers that structure the manager decline	3.6035630728292745e-06	3.6035630728292745e-06	18.082143783569336	18.082143783569336
844	gpt2	845	423	5	decrease	subj_rel	unexpected	The officers that structure the manager decreases	1.7303733557127998e-07	1.7303733557127998e-07	22.4624137878418	22.4624137878418
845	gpt2	846	423	5	decrease	subj_rel	expected	The officers that structure the manager decrease	6.336787237160024e-07	6.336787237160024e-07	20.589744567871094	20.589744567871094
846	gpt2	847	424	5	deduct	subj_rel	unexpected	The officers that structure the manager deducts	0.09763781473444053	0.09763781473444053	11.541815757751467	11.541815757751467
847	gpt2	848	424	5	deduct	subj_rel	expected	The officers that structure the manager deduct	5.760869612458919e-07	5.760869612458919e-07	20.72721099853516	20.72721099853516
848	gpt2	849	425	5	default	subj_rel	unexpected	The officers that structure the manager defaults	8.254079375547008e-07	8.254079375547008e-07	20.20838928222656	20.20838928222656
849	gpt2	850	425	5	default	subj_rel	expected	The officers that structure the manager default	1.4049187484488355e-05	1.4049187484488355e-05	16.11915397644043	16.11915397644043
850	gpt2	851	426	5	defeat	subj_rel	unexpected	The officers that structure the manager defeats	9.14524136419459e-08	9.14524136419459e-08	23.382404327392575	23.382404327392575
851	gpt2	852	426	5	defeat	subj_rel	expected	The officers that structure the manager defeat	2.2676367450458201e-07	2.2676367450458201e-07	22.07230758666992	22.07230758666992
852	gpt2	853	427	5	defect	subj_rel	unexpected	The officers that structure the manager defects	4.816949967789697e-07	4.816949967789697e-07	20.985376358032227	20.985376358032227
853	gpt2	854	427	5	defect	subj_rel	expected	The officers that structure the manager defect	3.69179048220758e-07	3.69179048220758e-07	21.36917495727539	21.36917495727539
854	gpt2	855	428	5	defend	subj_rel	unexpected	The officers that structure the manager defends	2.866092927433783e-06	2.866092927433783e-06	18.41248321533203	18.41248321533203
855	gpt2	856	428	5	defend	subj_rel	expected	The officers that structure the manager defend	1.0164748346142003e-05	1.0164748346142003e-05	16.5860652923584	16.5860652923584
856	gpt2	857	429	5	defer	subj_rel	unexpected	The officers that structure the manager defers	0.006433510862734669	0.006433510862734669	12.027226686477661	12.027226686477661
857	gpt2	858	429	5	defer	subj_rel	expected	The officers that structure the manager defer	3.679699034364603e-07	3.679699034364603e-07	21.37390899658203	21.37390899658203
858	gpt2	859	430	5	define	subj_rel	unexpected	The officers that structure the manager defines	2.549233613535762e-06	2.549233613535762e-06	18.581504821777344	18.581504821777344
859	gpt2	860	430	5	define	subj_rel	expected	The officers that structure the manager define	4.963095307175536e-06	4.963095307175536e-06	17.620328903198242	17.620328903198242
860	gpt2	861	431	5	deflect	subj_rel	unexpected	The officers that structure the manager deflects	0.07870325054224736	0.07870325054224736	11.801234722137451	11.801234722137451
861	gpt2	862	431	5	deflect	subj_rel	expected	The officers that structure the manager deflect	4.988013984075224e-07	4.988013984075224e-07	20.93503189086914	20.93503189086914
862	gpt2	863	432	5	defraud	subj_rel	unexpected	The officers that structure the manager defrauds	0.05322921629279634	0.05322921629279634	8.690205176671347	8.690205176671347
863	gpt2	864	432	5	defraud	subj_rel	expected	The officers that structure the manager defraud	0.011661467783596868	0.011661467783596868	11.598078966140747	11.598078966140747
864	gpt2	865	433	5	defuse	subj_rel	unexpected	The officers that structure the manager defuses	0.002179738775339469	0.002179738775339469	12.808440685272217	12.808440685272217
865	gpt2	866	433	5	defuse	subj_rel	expected	The officers that structure the manager defuse	0.06064183235957897	0.06064183235957897	10.408685445785522	10.408685445785522
866	gpt2	867	434	5	degenerate	subj_rel	unexpected	The officers that structure the manager degenerates	0.17251834266453156	0.17251834266453156	11.682997822761536	11.682997822761536
867	gpt2	868	434	5	degenerate	subj_rel	expected	The officers that structure the manager degenerate	0.2919694631603278	0.2919694631603278	11.303463757038116	11.303463757038116
868	gpt2	869	435	5	delay	subj_rel	unexpected	The officers that structure the manager delays	3.892916993208928e-07	3.892916993208928e-07	21.292644500732425	21.292644500732425
869	gpt2	870	435	5	delay	subj_rel	expected	The officers that structure the manager delay	6.85818577039754e-07	6.85818577039754e-07	20.475669860839844	20.475669860839844
870	gpt2	871	436	5	delegate	subj_rel	unexpected	The officers that structure the manager delegates	1.5267296475940384e-06	1.5267296475940384e-06	19.321123123168945	19.321123123168945
871	gpt2	872	436	5	delegate	subj_rel	expected	The officers that structure the manager delegate	3.606093287089607e-06	3.606093287089607e-06	18.081130981445312	18.081130981445312
872	gpt2	873	437	5	deliberate	subj_rel	unexpected	The officers that structure the manager deliberates	0.1446458253255969	0.1446458253255969	9.984493732452393	9.984493732452393
873	gpt2	874	437	5	deliberate	subj_rel	expected	The officers that structure the manager deliberate	6.912291610206012e-07	6.912291610206012e-07	20.464332580566406	20.464332580566406
874	gpt2	875	438	5	delight	subj_rel	unexpected	The officers that structure the manager delights	0.16831714742420445	0.16831714742420445	9.988736867904663	9.988736867904663
875	gpt2	876	438	5	delight	subj_rel	expected	The officers that structure the manager delight	4.113151703677431e-07	4.113151703677431e-07	21.213253021240234	21.213253021240234
876	gpt2	877	439	5	deliver	subj_rel	unexpected	The officers that structure the manager delivers	1.754950517351972e-06	1.754950517351972e-06	19.12013816833496	19.12013816833496
877	gpt2	878	439	5	deliver	subj_rel	expected	The officers that structure the manager deliver	5.89813998885802e-06	5.89813998885802e-06	17.371309280395508	17.371309280395508
878	gpt2	879	440	5	demand	subj_rel	unexpected	The officers that structure the manager demands	1.08058811747469e-05	1.08058811747469e-05	16.49782371520996	16.49782371520996
879	gpt2	880	440	5	demand	subj_rel	expected	The officers that structure the manager demand	4.1881092329276726e-05	4.1881092329276726e-05	14.543341636657717	14.543341636657717
880	gpt2	881	441	5	demilitarize	subj_rel	unexpected	The officers that structure the manager demilitarizes	0.29731365598638604	0.29731365598638604	7.1908439168619225	7.1908439168619225
881	gpt2	882	441	5	demilitarize	subj_rel	expected	The officers that structure the manager demilitarize	0.2983227477212722	0.2983227477212722	7.183144606082351	7.183144606082351
882	gpt2	883	442	5	demobilize	subj_rel	unexpected	The officers that structure the manager demobilizes	0.02324463120218447	0.02324463120218447	10.022045691808065	10.022045691808065
883	gpt2	884	442	5	demobilize	subj_rel	expected	The officers that structure the manager demobilize	0.0995226645580563	0.0995226645580563	9.304981787999472	9.304981787999472
884	gpt2	885	443	5	democratize	subj_rel	unexpected	The officers that structure the manager democratizes	0.04634009150810758	0.04634009150810758	14.527913451194763	14.527913451194763
885	gpt2	886	443	5	democratize	subj_rel	expected	The officers that structure the manager democratize	0.12145624531455552	0.12145624531455552	13.832861423492432	13.832861423492432
886	gpt2	887	444	5	demolish	subj_rel	unexpected	The officers that structure the manager demolishes	0.3148742162710505	0.3148742162710505	10.57315045595169	10.57315045595169
887	gpt2	888	444	5	demolish	subj_rel	expected	The officers that structure the manager demolish	0.12160731042683892	0.12160731042683892	11.259424567222595	11.259424567222595
888	gpt2	889	445	5	demonstrate	subj_rel	unexpected	The officers that structure the manager demonstrates	3.0522669476340525e-06	3.0522669476340525e-06	18.321687698364254	18.321687698364254
889	gpt2	890	445	5	demonstrate	subj_rel	expected	The officers that structure the manager demonstrate	3.100535832345486e-05	3.100535832345486e-05	14.977123260498049	14.977123260498049
890	gpt2	891	446	5	denude	subj_rel	unexpected	The officers that structure the manager denudes	0.0008954190043368473	0.0008954190043368473	13.531048774719238	13.531048774719238
891	gpt2	892	446	5	denude	subj_rel	expected	The officers that structure the manager denude	0.0014278851658672974	0.0014278851658672974	13.193825244903564	13.193825244903564
892	gpt2	893	447	5	deny	subj_rel	unexpected	The officers that structure the manager denies	1.0220582225883844e-05	1.0220582225883844e-05	16.578163146972656	16.578163146972656
893	gpt2	894	447	5	deny	subj_rel	expected	The officers that structure the manager deny	3.829410343314521e-05	3.829410343314521e-05	14.672517776489258	14.672517776489258
894	gpt2	895	448	5	depart	subj_rel	unexpected	The officers that structure the manager departs	0.06781482859332753	0.06781482859332753	9.228513956069946	9.228513956069946
895	gpt2	896	448	5	depart	subj_rel	expected	The officers that structure the manager depart	6.2064791563898325e-06	6.2064791563898325e-06	17.297794342041016	17.297794342041016
896	gpt2	897	449	5	depend	subj_rel	unexpected	The officers that structure the manager depends	4.49248045697459e-06	4.49248045697459e-06	17.764057159423828	17.764057159423828
897	gpt2	898	449	5	depend	subj_rel	expected	The officers that structure the manager depend	8.139797500916757e-06	8.139797500916757e-06	16.90657615661621	16.90657615661621
898	gpt2	899	450	5	depict	subj_rel	unexpected	The officers that structure the manager depicts	4.93972834192391e-07	4.93972834192391e-07	20.949064254760746	20.949064254760746
899	gpt2	900	450	5	depict	subj_rel	expected	The officers that structure the manager depict	2.901028210544609e-06	2.901028210544609e-06	18.395004272460938	18.395004272460938
900	gpt2	901	451	5	deposit	subj_rel	unexpected	The officers that structure the manager deposits	3.0879161840857705e-06	3.0879161840857705e-06	18.304935455322266	18.304935455322266
901	gpt2	902	451	5	deposit	subj_rel	expected	The officers that structure the manager deposit	3.548128006514162e-06	3.548128006514162e-06	18.104511260986328	18.104511260986328
902	gpt2	903	452	5	depress	subj_rel	unexpected	The officers that structure the manager depresses	0.0003526798373058864	0.0003526798373058864	13.04322099685669	13.04322099685669
903	gpt2	904	452	5	depress	subj_rel	expected	The officers that structure the manager depress	1.3937396659002846e-07	1.3937396659002846e-07	22.7745361328125	22.7745361328125
904	gpt2	905	453	5	deprive	subj_rel	unexpected	The officers that structure the manager deprives	0.4830357591966674	0.4830357591966674	11.113935174420476	11.113935174420476
905	gpt2	906	453	5	deprive	subj_rel	expected	The officers that structure the manager deprive	4.4465630821832747e-07	4.4465630821832747e-07	21.100805282592773	21.100805282592773
906	gpt2	907	454	5	derail	subj_rel	unexpected	The officers that structure the manager derails	0.006454145964028134	0.006454145964028134	12.956919193267822	12.956919193267822
907	gpt2	908	454	5	derail	subj_rel	expected	The officers that structure the manager derail	1.55835593318443e-07	1.55835593318443e-07	22.61347198486328	22.61347198486328
908	gpt2	909	455	5	deregulate	subj_rel	unexpected	The officers that structure the manager deregulates	0.04447877418351708	0.04447877418351708	9.180021524429321	9.180021524429321
909	gpt2	910	455	5	deregulate	subj_rel	expected	The officers that structure the manager deregulate	0.11329380185755628	0.11329380185755628	8.728076895078024	8.728076895078024
910	gpt2	911	456	5	describe	subj_rel	unexpected	The officers that structure the manager describes	5.563027571042767e-06	5.563027571042767e-06	17.455698013305664	17.455698013305664
911	gpt2	912	456	5	describe	subj_rel	expected	The officers that structure the manager describe	5.199556107982062e-05	5.199556107982062e-05	14.23125171661377	14.23125171661377
912	gpt2	913	457	5	desert	subj_rel	unexpected	The officers that structure the manager deserts	5.565860661249644e-08	5.565860661249644e-08	24.098819732666016	24.098819732666016
913	gpt2	914	457	5	desert	subj_rel	expected	The officers that structure the manager desert	2.4138316234711965e-07	2.4138316234711965e-07	21.9821720123291	21.9821720123291
914	gpt2	915	458	5	deserve	subj_rel	unexpected	The officers that structure the manager deserves	1.120376055041561e-06	1.120376055041561e-06	19.76758575439453	19.76758575439453
915	gpt2	916	458	5	deserve	subj_rel	expected	The officers that structure the manager deserve	1.6254998627118766e-05	1.6254998627118766e-05	15.908757209777832	15.908757209777832
916	gpt2	917	459	5	designate	subj_rel	unexpected	The officers that structure the manager designates	0.20696969786968109	0.20696969786968109	8.53852927684784	8.53852927684784
917	gpt2	918	459	5	designate	subj_rel	expected	The officers that structure the manager designate	2.758936352620367e-05	2.758936352620367e-05	15.145527839660645	15.145527839660645
918	gpt2	919	460	5	design	subj_rel	unexpected	The officers that structure the manager designs	1.3300634691404412e-06	1.3300634691404412e-06	19.52007293701172	19.52007293701172
919	gpt2	920	460	5	design	subj_rel	expected	The officers that structure the manager design	1.7473294064984657e-05	1.7473294064984657e-05	15.804489135742188	15.804489135742188
920	gpt2	921	461	5	desist	subj_rel	unexpected	The officers that structure the manager desists	0.004467473291697364	0.004467473291697364	12.691590547561646	12.691590547561646
921	gpt2	922	461	5	desist	subj_rel	expected	The officers that structure the manager desist	0.019323475119563213	0.019323475119563213	11.635020017623901	11.635020017623901
922	gpt2	923	462	5	destabilize	subj_rel	unexpected	The officers that structure the manager destabilizes	0.09287976698767864	0.09287976698767864	12.11727261543274	12.11727261543274
923	gpt2	924	462	5	destabilize	subj_rel	expected	The officers that structure the manager destabilize	0.12641947196614467	0.12641947196614467	11.894881129264832	11.894881129264832
924	gpt2	925	463	5	destroy	subj_rel	unexpected	The officers that structure the manager destroys	6.450292744375474e-07	6.450292744375474e-07	20.564132690429688	20.564132690429688
925	gpt2	926	463	5	destroy	subj_rel	expected	The officers that structure the manager destroy	3.8711059460183606e-06	3.8711059460183606e-06	17.978822708129883	17.978822708129883
926	gpt2	927	464	5	detect	subj_rel	unexpected	The officers that structure the manager detects	1.8984145810918562e-07	1.8984145810918562e-07	22.32870101928711	22.32870101928711
927	gpt2	928	464	5	detect	subj_rel	expected	The officers that structure the manager detect	1.8017841512119048e-06	1.8017841512119048e-06	19.082141876220703	19.082141876220703
928	gpt2	929	465	5	deteriorate	subj_rel	unexpected	The officers that structure the manager deteriorates	0.374870937866973	0.374870937866973	10.235646694898605	10.235646694898605
929	gpt2	930	465	5	deteriorate	subj_rel	expected	The officers that structure the manager deteriorate	0.12027969638805303	0.12027969638805303	11.055648922920227	11.055648922920227
930	gpt2	931	466	5	determine	subj_rel	unexpected	The officers that structure the manager determines	2.7703685191227123e-05	2.7703685191227123e-05	15.139562606811523	15.139562606811523
931	gpt2	932	466	5	determine	subj_rel	expected	The officers that structure the manager determine	4.20893011323642e-05	4.20893011323642e-05	14.536187171936035	14.536187171936035
932	gpt2	933	467	5	deter	subj_rel	unexpected	The officers that structure the manager deters	0.011041839157883223	0.011041839157883223	12.229318141937256	12.229318141937256
933	gpt2	934	467	5	deter	subj_rel	expected	The officers that structure the manager deter	2.9325385639822343e-06	2.9325385639822343e-06	18.379419326782227	18.379419326782227
934	gpt2	935	468	5	detract	subj_rel	unexpected	The officers that structure the manager detracts	0.12550635355295722	0.12550635355295722	12.363807380199432	12.363807380199432
935	gpt2	936	468	5	detract	subj_rel	expected	The officers that structure the manager detract	1.4340047016503377e-07	1.4340047016503377e-07	22.73344612121582	22.73344612121582
936	gpt2	937	469	5	develop	subj_rel	unexpected	The officers that structure the manager develops	5.043500550527824e-07	5.043500550527824e-07	20.91907119750977	20.91907119750977
937	gpt2	938	469	5	develop	subj_rel	expected	The officers that structure the manager develop	1.4659085536550265e-05	1.4659085536550265e-05	16.057846069335938	16.057846069335938
938	gpt2	939	470	5	devise	subj_rel	unexpected	The officers that structure the manager devises	0.04749738773767829	0.04749738773767829	11.201022505760193	11.201022505760193
939	gpt2	940	470	5	devise	subj_rel	expected	The officers that structure the manager devise	1.444761892344104e-06	1.444761892344104e-06	19.40073585510254	19.40073585510254
940	gpt2	941	471	5	devote	subj_rel	unexpected	The officers that structure the manager devotes	0.11139560839598059	0.11139560839598059	10.586128115653992	10.586128115653992
941	gpt2	942	471	5	devote	subj_rel	expected	The officers that structure the manager devote	1.2607921462404192e-07	1.2607921462404192e-07	22.919166564941406	22.919166564941406
942	gpt2	943	472	5	dial	subj_rel	unexpected	The officers that structure the manager dials	0.15095738902709852	0.15095738902709852	9.960932970046997	9.960932970046997
943	gpt2	944	472	5	dial	subj_rel	expected	The officers that structure the manager dial	3.3345822885166854e-06	3.3345822885166854e-06	18.194063186645508	18.194063186645508
944	gpt2	945	473	5	dictate	subj_rel	unexpected	The officers that structure the manager dictates	2.078894112855778e-06	2.078894112855778e-06	18.875751495361328	18.875751495361328
945	gpt2	946	473	5	dictate	subj_rel	expected	The officers that structure the manager dictate	7.479591658920981e-06	7.479591658920981e-06	17.028608322143555	17.028608322143555
946	gpt2	947	474	5	die	subj_rel	unexpected	The officers that structure the manager dies	1.2288412563066231e-06	1.2288412563066231e-06	19.63426971435547	19.63426971435547
947	gpt2	948	474	5	die	subj_rel	expected	The officers that structure the manager die	1.6523452359251678e-05	1.6523452359251678e-05	15.885125160217283	15.885125160217283
948	gpt2	949	475	5	differentiate	subj_rel	unexpected	The officers that structure the manager differentiates	0.025593744261186612	0.025593744261186612	10.806218147277832	10.806218147277832
949	gpt2	950	475	5	differentiate	subj_rel	expected	The officers that structure the manager differentiate	1.5060443274705904e-06	1.5060443274705904e-06	19.340805053710938	19.340805053710938
950	gpt2	951	476	5	differ	subj_rel	unexpected	The officers that structure the manager differs	1.1350972499712952e-06	1.1350972499712952e-06	19.74875259399414	19.74875259399414
951	gpt2	952	476	5	differ	subj_rel	expected	The officers that structure the manager differ	1.1703928066708611e-05	1.1703928066708611e-05	16.382648468017578	16.382648468017578
952	gpt2	953	477	5	digest	subj_rel	unexpected	The officers that structure the manager digests	0.0027526303324520826	0.0027526303324520826	12.910705327987671	12.910705327987671
953	gpt2	954	477	5	digest	subj_rel	expected	The officers that structure the manager digest	1.4433564388127706e-07	1.4433564388127706e-07	22.724069595336918	22.724069595336918
954	gpt2	955	478	5	dignify	subj_rel	unexpected	The officers that structure the manager dignifies	0.15078527035535672	0.15078527035535672	12.175254940986633	12.175254940986633
955	gpt2	956	478	5	dignify	subj_rel	expected	The officers that structure the manager dignify	0.06990696790040828	0.06990696790040828	12.729748964309692	12.729748964309692
956	gpt2	957	479	5	dig	subj_rel	unexpected	The officers that structure the manager digs	7.463199835910928e-07	7.463199835910928e-07	20.353702545166016	20.353702545166016
957	gpt2	958	479	5	dig	subj_rel	expected	The officers that structure the manager dig	3.065101736865472e-06	3.065101736865472e-06	18.31563377380371	18.31563377380371
958	gpt2	959	480	5	dilute	subj_rel	unexpected	The officers that structure the manager dilutes	0.2544360402200425	0.2544360402200425	10.77017229795456	10.77017229795456
959	gpt2	960	480	5	dilute	subj_rel	expected	The officers that structure the manager dilute	0.1381916943166459	0.1381916943166459	11.210489153862	11.210489153862
960	gpt2	961	481	5	diminish	subj_rel	unexpected	The officers that structure the manager diminishes	0.4736858707927851	0.4736858707927851	11.425474390387537	11.425474390387537
961	gpt2	962	481	5	diminish	subj_rel	expected	The officers that structure the manager diminish	6.159704071251326e-07	6.159704071251326e-07	20.63063621520996	20.63063621520996
962	gpt2	963	482	5	dip	subj_rel	unexpected	The officers that structure the manager dips	3.3009861510890914e-08	3.3009861510890914e-08	24.852527618408203	24.852527618408203
963	gpt2	964	482	5	dip	subj_rel	expected	The officers that structure the manager dip	4.0109182464220805e-07	4.0109182464220805e-07	21.24956321716309	21.24956321716309
964	gpt2	965	483	5	direct	subj_rel	unexpected	The officers that structure the manager directs	1.348907858300663e-06	1.348907858300663e-06	19.49977684020996	19.49977684020996
965	gpt2	966	483	5	direct	subj_rel	expected	The officers that structure the manager direct	5.785163011751138e-06	5.785163011751138e-06	17.399211883544922	17.399211883544922
966	gpt2	967	484	5	disagree	subj_rel	unexpected	The officers that structure the manager disagrees	2.0023976503580343e-06	2.0023976503580343e-06	18.929840087890625	18.929840087890625
967	gpt2	968	484	5	disagree	subj_rel	expected	The officers that structure the manager disagree	1.1897584045073016e-05	1.1897584045073016e-05	16.358972549438477	16.358972549438477
968	gpt2	969	485	5	disappear	subj_rel	unexpected	The officers that structure the manager disappears	6.886078836032539e-07	6.886078836032539e-07	20.46981430053711	20.46981430053711
969	gpt2	970	485	5	disappear	subj_rel	expected	The officers that structure the manager disappear	6.053693141438998e-06	6.053693141438998e-06	17.33375358581543	17.33375358581543
970	gpt2	971	486	5	disappoint	subj_rel	unexpected	The officers that structure the manager disappoints	0.17184797314065747	0.17184797314065747	11.304643154144287	11.304643154144287
971	gpt2	972	486	5	disappoint	subj_rel	expected	The officers that structure the manager disappoint	4.547289620404627e-07	4.547289620404627e-07	21.06848907470703	21.06848907470703
972	gpt2	973	487	5	disarm	subj_rel	unexpected	The officers that structure the manager disarms	0.0038615626053797114	0.0038615626053797114	10.87281084060669	10.87281084060669
973	gpt2	974	487	5	disarm	subj_rel	expected	The officers that structure the manager disarm	9.444235047340044e-07	9.444235047340044e-07	20.014062881469727	20.014062881469727
974	gpt2	975	488	5	disassemble	subj_rel	unexpected	The officers that structure the manager disassembles	0.20373112515881073	0.20373112515881073	7.891370554765065	7.891370554765065
975	gpt2	976	488	5	disassemble	subj_rel	expected	The officers that structure the manager disassemble	0.3365064580151132	0.3365064580151132	6.952084065104525	6.952084065104525
976	gpt2	977	489	5	disassociate	subj_rel	unexpected	The officers that structure the manager disassociates	0.17390053720464493	0.17390053720464493	7.010506138205528	7.010506138205528
977	gpt2	978	489	5	disassociate	subj_rel	expected	The officers that structure the manager disassociate	0.32279798452145775	0.32279798452145775	7.3550289658208685	7.3550289658208685
978	gpt2	979	490	5	disband	subj_rel	unexpected	The officers that structure the manager disbands	0.0004344195422163114	0.0004344195422163114	12.476751327514648	12.476751327514648
979	gpt2	980	490	5	disband	subj_rel	expected	The officers that structure the manager disband	8.060309397706078e-08	8.060309397706078e-08	23.56458854675293	23.56458854675293
980	gpt2	981	491	6	discard	subj_rel	unexpected	The consultants that prove the manager discards	0.03291848833850959	0.03291848833850959	10.588932991027832	10.588932991027832
981	gpt2	982	491	6	discard	subj_rel	expected	The consultants that prove the manager discard	4.667955408876878e-07	4.667955408876878e-07	21.03070640563965	21.03070640563965
982	gpt2	983	492	6	discern	subj_rel	unexpected	The consultants that prove the manager discerns	0.23320168166384292	0.23320168166384292	11.39359927177429	11.39359927177429
983	gpt2	984	492	6	discern	subj_rel	expected	The consultants that prove the manager discern	2.962157168440172e-07	2.962157168440172e-07	21.686847686767575	21.686847686767575
984	gpt2	985	493	6	disclose	subj_rel	unexpected	The consultants that prove the manager discloses	0.49848808187050503	0.49848808187050503	9.982355501735583	9.982355501735583
985	gpt2	986	493	6	disclose	subj_rel	expected	The consultants that prove the manager disclose	4.378819653538813e-07	4.378819653538813e-07	21.122955322265625	21.122955322265625
986	gpt2	987	494	6	discomfit	subj_rel	unexpected	The consultants that prove the manager discomfits	0.028079448015584253	0.028079448015584253	8.166106780370077	8.166106780370077
987	gpt2	988	494	6	discomfit	subj_rel	expected	The consultants that prove the manager discomfit	0.03599536455779642	0.03599536455779642	8.037210623423258	8.037210623423258
988	gpt2	989	495	6	disconnect	subj_rel	unexpected	The consultants that prove the manager disconnects	0.184928764995675	0.184928764995675	8.768070757389069	8.768070757389069
989	gpt2	990	495	6	disconnect	subj_rel	expected	The consultants that prove the manager disconnect	1.4225834092940204e-05	1.4225834092940204e-05	16.10112762451172	16.10112762451172
990	gpt2	991	496	6	discontinue	subj_rel	unexpected	The consultants that prove the manager discontinues	0.3485391540341993	0.3485391540341993	9.987834632396698	9.987834632396698
991	gpt2	992	496	6	discontinue	subj_rel	expected	The consultants that prove the manager discontinue	0.026219178911389873	0.026219178911389873	11.85416555404663	11.85416555404663
992	gpt2	993	497	6	discount	subj_rel	unexpected	The consultants that prove the manager discounts	2.725903186728829e-06	2.725903186728829e-06	18.484834671020508	18.484834671020508
993	gpt2	994	497	6	discount	subj_rel	expected	The consultants that prove the manager discount	1.2017434528388549e-05	1.2017434528388549e-05	16.344511032104492	16.344511032104492
994	gpt2	995	498	6	discourage	subj_rel	unexpected	The consultants that prove the manager discourages	0.49151387784240796	0.49151387784240796	8.158707994036376	8.158707994036376
995	gpt2	996	498	6	discourage	subj_rel	expected	The consultants that prove the manager discourage	4.4884782823828573e-07	4.4884782823828573e-07	21.087270736694336	21.087270736694336
996	gpt2	997	499	6	discover	subj_rel	unexpected	The consultants that prove the manager discovers	4.103319952264428e-06	4.103319952264428e-06	17.894777297973633	17.894777297973633
997	gpt2	998	499	6	discover	subj_rel	expected	The consultants that prove the manager discover	6.166509933791531e-07	6.166509933791531e-07	20.62904167175293	20.62904167175293
998	gpt2	999	500	6	discredit	subj_rel	unexpected	The consultants that prove the manager discredits	0.3577823170571719	0.3577823170571719	8.867813244462013	8.867813244462013
999	gpt2	1000	500	6	discredit	subj_rel	expected	The consultants that prove the manager discredit	9.889226930681616e-07	9.889226930681616e-07	19.94763946533203	19.94763946533203
1000	gpt2	1001	501	6	discuss	subj_rel	unexpected	The consultants that prove the manager discusses	8.57992176861444e-07	8.57992176861444e-07	20.15253257751465	20.15253257751465
1001	gpt2	1002	501	6	discuss	subj_rel	expected	The consultants that prove the manager discuss	2.717937661600445e-07	2.717937661600445e-07	21.810983657836918	21.810983657836918
1002	gpt2	1003	502	6	disdain	subj_rel	unexpected	The consultants that prove the manager disdains	0.2267987722492156	0.2267987722492156	6.682349483172099	6.682349483172099
1003	gpt2	1004	502	6	disdain	subj_rel	expected	The consultants that prove the manager disdain	2.995235263369977e-06	2.995235263369977e-06	18.348899841308597	18.348899841308597
1004	gpt2	1005	503	6	disengage	subj_rel	unexpected	The consultants that prove the manager disengages	0.08453220554338257	0.08453220554338257	10.011516094207764	10.011516094207764
1005	gpt2	1006	503	6	disengage	subj_rel	expected	The consultants that prove the manager disengage	0.014802253401739978	0.014802253401739978	11.26846981048584	11.26846981048584
1006	gpt2	1007	504	6	disguise	subj_rel	unexpected	The consultants that prove the manager disguises	0.4907299586855061	0.4907299586855061	10.161668492481112	10.161668492481112
1007	gpt2	1008	504	6	disguise	subj_rel	expected	The consultants that prove the manager disguise	3.560770096555643e-07	3.560770096555643e-07	21.421306610107425	21.421306610107425
1008	gpt2	1009	505	6	dish	subj_rel	unexpected	The consultants that prove the manager dishes	2.5611398086766712e-06	2.5611398086766712e-06	18.574783325195312	18.574783325195312
1009	gpt2	1010	505	6	dish	subj_rel	expected	The consultants that prove the manager dish	8.616300874564331e-06	8.616300874564331e-06	16.824499130249023	16.824499130249023
1010	gpt2	1011	506	6	dislike	subj_rel	unexpected	The consultants that prove the manager dislikes	0.2255181375403481	0.2255181375403481	8.23198813199997	8.23198813199997
1011	gpt2	1012	506	6	dislike	subj_rel	expected	The consultants that prove the manager dislike	4.058857939526206e-06	4.058857939526206e-06	17.910493850708008	17.910493850708008
1012	gpt2	1013	507	6	dismantle	subj_rel	unexpected	The consultants that prove the manager dismantles	0.49527551379374296	0.49527551379374296	11.33192364871502	11.33192364871502
1013	gpt2	1014	507	6	dismantle	subj_rel	expected	The consultants that prove the manager dismantle	2.047097247270813e-08	2.047097247270813e-08	25.541845321655277	25.541845321655277
1014	gpt2	1015	508	6	dismember	subj_rel	unexpected	The consultants that prove the manager dismembers	0.0002737915929173823	0.0002737915929173823	12.342661380767822	12.342661380767822
1015	gpt2	1016	508	6	dismember	subj_rel	expected	The consultants that prove the manager dismember	0.14291992838180076	0.14291992838180076	11.995915174484253	11.995915174484253
1016	gpt2	1017	509	6	dismiss	subj_rel	unexpected	The consultants that prove the manager dismisses	0.4392559213201821	0.4392559213201821	7.930363453924656	7.930363453924656
1017	gpt2	1018	509	6	dismiss	subj_rel	expected	The consultants that prove the manager dismiss	1.9129665815853517e-05	1.9129665815853517e-05	15.673829078674316	15.673829078674316
1018	gpt2	1019	510	6	disobey	subj_rel	unexpected	The consultants that prove the manager disobeys	0.20199995183308297	0.20199995183308297	5.847404042879741	5.847404042879741
1019	gpt2	1020	510	6	disobey	subj_rel	expected	The consultants that prove the manager disobey	0.06027968612693256	0.06027968612693256	10.470506072044373	10.470506072044373
1020	gpt2	1021	511	6	disparage	subj_rel	unexpected	The consultants that prove the manager disparages	0.1888124322897511	0.1888124322897511	9.579291582107544	9.579291582107544
1021	gpt2	1022	511	6	disparage	subj_rel	expected	The consultants that prove the manager disparage	0.011967054047317975	0.011967054047317975	11.569326162338257	11.569326162338257
1022	gpt2	1023	512	6	dispatch	subj_rel	unexpected	The consultants that prove the manager dispatches	0.09481034982457003	0.09481034982457003	10.271223902702332	10.271223902702332
1023	gpt2	1024	512	6	dispatch	subj_rel	expected	The consultants that prove the manager dispatch	8.925421468575223e-08	8.925421468575223e-08	23.417505264282227	23.417505264282227
1024	gpt2	1025	513	6	dispel	subj_rel	unexpected	The consultants that prove the manager dispels	0.01691524121417842	0.01691524121417842	11.514644861221313	11.514644861221313
1025	gpt2	1026	513	6	dispel	subj_rel	expected	The consultants that prove the manager dispel	1.3524235953354946e-07	1.3524235953354946e-07	22.817949295043945	22.817949295043945
1026	gpt2	1027	514	6	dispense	subj_rel	unexpected	The consultants that prove the manager dispenses	0.08371058660998187	0.08371058660998187	10.361042976379395	10.361042976379395
1027	gpt2	1028	514	6	dispense	subj_rel	expected	The consultants that prove the manager dispense	0.02924260865404447	0.02924260865404447	11.119739770889282	11.119739770889282
1028	gpt2	1029	515	6	displace	subj_rel	unexpected	The consultants that prove the manager displaces	0.37338371625389755	0.37338371625389755	9.381289824843405	9.381289824843405
1029	gpt2	1030	515	6	displace	subj_rel	expected	The consultants that prove the manager displace	0.0010235493245999822	0.0010235493245999822	11.307303428649902	11.307303428649902
1030	gpt2	1031	516	6	display	subj_rel	unexpected	The consultants that prove the manager displays	2.829283857863629e-06	2.829283857863629e-06	18.43113136291504	18.43113136291504
1031	gpt2	1032	516	6	display	subj_rel	expected	The consultants that prove the manager display	5.3305251412894e-07	5.3305251412894e-07	20.83921813964844	20.83921813964844
1032	gpt2	1033	517	6	dispose	subj_rel	unexpected	The consultants that prove the manager disposes	0.006730122113367532	0.006730122113367532	9.924596071243286	9.924596071243286
1033	gpt2	1034	517	6	dispose	subj_rel	expected	The consultants that prove the manager dispose	5.309401629460808e-08	5.309401629460808e-08	24.1668758392334	24.1668758392334
1034	gpt2	1035	518	6	disprove	subj_rel	unexpected	The consultants that prove the manager disproves	0.16937153660364856	0.16937153660364856	8.97277444601059	8.97277444601059
1035	gpt2	1036	518	6	disprove	subj_rel	expected	The consultants that prove the manager disprove	0.03651057802744613	0.03651057802744613	10.07976758480072	10.07976758480072
1036	gpt2	1037	519	6	dispute	subj_rel	unexpected	The consultants that prove the manager disputes	1.1204215297766495e-05	1.1204215297766495e-05	16.445598602294922	16.445598602294922
1037	gpt2	1038	519	6	dispute	subj_rel	expected	The consultants that prove the manager dispute	1.1193145610377542e-06	1.1193145610377542e-06	19.768953323364254	19.768953323364254
1038	gpt2	1039	520	6	disqualify	subj_rel	unexpected	The consultants that prove the manager disqualifies	0.4374757010000394	0.4374757010000394	8.609673477709293	8.609673477709293
1039	gpt2	1040	520	6	disqualify	subj_rel	expected	The consultants that prove the manager disqualify	0.02409273679131728	0.02409273679131728	10.701045751571655	10.701045751571655
1040	gpt2	1041	521	6	disregard	subj_rel	unexpected	The consultants that prove the manager disregards	0.08480728281665502	0.08480728281665502	9.508541822433472	9.508541822433472
1041	gpt2	1042	521	6	disregard	subj_rel	expected	The consultants that prove the manager disregard	3.916162313544191e-06	3.916162313544191e-06	17.962127685546875	17.962127685546875
1042	gpt2	1043	522	6	disrupt	subj_rel	unexpected	The consultants that prove the manager disrupts	0.43852167756313065	0.43852167756313065	8.505636841058731	8.505636841058731
1043	gpt2	1044	522	6	disrupt	subj_rel	expected	The consultants that prove the manager disrupt	8.631367563793901e-06	8.631367563793901e-06	16.821979522705078	16.821979522705078
1044	gpt2	1045	523	6	dissipate	subj_rel	unexpected	The consultants that prove the manager dissipates	0.17258908259773875	0.17258908259773875	11.3497394323349	11.3497394323349
1045	gpt2	1046	523	6	dissipate	subj_rel	expected	The consultants that prove the manager dissipate	0.030102840020305142	0.030102840020305142	12.609428644180298	12.609428644180298
1046	gpt2	1047	524	6	dissociate	subj_rel	unexpected	The consultants that prove the manager dissociates	0.3199325104092168	0.3199325104092168	7.476043224334717	7.476043224334717
1047	gpt2	1048	524	6	dissociate	subj_rel	expected	The consultants that prove the manager dissociate	0.0010396762988875493	0.0010396762988875493	13.135433673858643	13.135433673858643
1048	gpt2	1049	525	6	dissolve	subj_rel	unexpected	The consultants that prove the manager dissolves	0.0552137139491151	0.0552137139491151	10.267992973327637	10.267992973327637
1049	gpt2	1050	525	6	dissolve	subj_rel	expected	The consultants that prove the manager dissolve	2.7729520013508594e-08	2.7729520013508594e-08	25.104001998901367	25.104001998901367
1050	gpt2	1051	526	6	dissuade	subj_rel	unexpected	The consultants that prove the manager dissuades	0.09263403290913172	0.09263403290913172	11.126878142356873	11.126878142356873
1051	gpt2	1052	526	6	dissuade	subj_rel	expected	The consultants that prove the manager dissuade	0.05191645348475047	0.05191645348475047	11.544556617736816	11.544556617736816
1052	gpt2	1053	527	6	distance	subj_rel	unexpected	The consultants that prove the manager distances	3.23954679970484e-07	3.23954679970484e-07	21.55770492553711	21.55770492553711
1053	gpt2	1054	527	6	distance	subj_rel	expected	The consultants that prove the manager distance	6.951466957616503e-07	6.951466957616503e-07	20.456178665161133	20.456178665161133
1054	gpt2	1055	528	6	distinguish	subj_rel	unexpected	The consultants that prove the manager distinguishes	1.1071354037994752e-06	1.1071354037994752e-06	19.78473663330078	19.78473663330078
1055	gpt2	1056	528	6	distinguish	subj_rel	expected	The consultants that prove the manager distinguish	3.4489531230974535e-07	3.4489531230974535e-07	21.46733856201172	21.46733856201172
1056	gpt2	1057	529	6	distort	subj_rel	unexpected	The consultants that prove the manager distorts	0.17543680566677722	0.17543680566677722	8.972995042800903	8.972995042800903
1057	gpt2	1058	529	6	distort	subj_rel	expected	The consultants that prove the manager distort	1.544499355077278e-06	1.544499355077278e-06	19.30443000793457	19.30443000793457
1058	gpt2	1059	530	6	distract	subj_rel	unexpected	The consultants that prove the manager distracts	0.3413770693919105	0.3413770693919105	9.325922936201097	9.325922936201097
1059	gpt2	1060	530	6	distract	subj_rel	expected	The consultants that prove the manager distract	3.5560888136387803e-06	3.5560888136387803e-06	18.10127639770508	18.10127639770508
1060	gpt2	1061	531	6	distribute	subj_rel	unexpected	The consultants that prove the manager distributes	0.053554251523109976	0.053554251523109976	9.828987121582031	9.828987121582031
1061	gpt2	1062	531	6	distribute	subj_rel	expected	The consultants that prove the manager distribute	1.260664816982171e-07	1.260664816982171e-07	22.9193115234375	22.9193115234375
1062	gpt2	1063	532	6	disturb	subj_rel	unexpected	The consultants that prove the manager disturbs	0.49777568211698053	0.49777568211698053	8.895799404243007	8.895799404243007
1063	gpt2	1064	532	6	disturb	subj_rel	expected	The consultants that prove the manager disturb	5.124908284415142e-07	5.124908284415142e-07	20.895971298217773	20.895971298217773
1064	gpt2	1065	533	6	diverge	subj_rel	unexpected	The consultants that prove the manager diverges	0.03077953299543876	0.03077953299543876	11.233728885650635	11.233728885650635
1065	gpt2	1066	533	6	diverge	subj_rel	expected	The consultants that prove the manager diverge	0.006282615382588112	0.006282615382588112	12.380123853683472	12.380123853683472
1066	gpt2	1067	534	6	diversify	subj_rel	unexpected	The consultants that prove the manager diversifies	0.10084232869135686	0.10084232869135686	11.64945435523987	11.64945435523987
1067	gpt2	1068	534	6	diversify	subj_rel	expected	The consultants that prove the manager diversify	0.04379449965941261	0.04379449965941261	12.25109648704529	12.25109648704529
1068	gpt2	1069	535	6	divert	subj_rel	unexpected	The consultants that prove the manager diverts	0.09877623608372231	0.09877623608372231	10.39260983467102	10.39260983467102
1069	gpt2	1070	535	6	divert	subj_rel	expected	The consultants that prove the manager divert	2.900456763654802e-07	2.900456763654802e-07	21.71721649169922	21.71721649169922
1070	gpt2	1071	536	6	divest	subj_rel	unexpected	The consultants that prove the manager divests	0.01050624136030362	0.01050624136030362	11.93977093696594	11.93977093696594
1071	gpt2	1072	536	6	divest	subj_rel	expected	The consultants that prove the manager divest	1.2562864526444173e-07	1.2562864526444173e-07	22.924331665039062	22.924331665039062
1072	gpt2	1073	537	6	divide	subj_rel	unexpected	The consultants that prove the manager divides	4.147934760112548e-07	4.147934760112548e-07	21.20110321044922	21.20110321044922
1073	gpt2	1074	537	6	divide	subj_rel	expected	The consultants that prove the manager divide	4.327540921167383e-07	4.327540921167383e-07	21.139949798583984	21.139949798583984
1074	gpt2	1075	538	6	doctor	subj_rel	unexpected	The consultants that prove the manager doctors	4.219160018692492e-06	4.219160018692492e-06	17.854612350463867	17.854612350463867
1075	gpt2	1076	538	6	doctor	subj_rel	expected	The consultants that prove the manager doctor	1.4938034837541636e-05	1.4938034837541636e-05	16.030649185180664	16.030649185180664
1076	gpt2	1077	539	6	document	subj_rel	unexpected	The consultants that prove the manager documents	5.267239885142772e-06	5.267239885142772e-06	17.534521102905273	17.534521102905273
1077	gpt2	1078	539	6	document	subj_rel	expected	The consultants that prove the manager document	1.2736148846670403e-06	1.2736148846670403e-06	19.582639694213867	19.582639694213867
1078	gpt2	1079	540	6	dole	subj_rel	unexpected	The consultants that prove the manager doles	0.012495715258410181	0.012495715258410181	9.67826509475708	9.67826509475708
1079	gpt2	1080	540	6	dole	subj_rel	expected	The consultants that prove the manager dole	0.00067983701592305	0.00067983701592305	10.531571865081787	10.531571865081787
1080	gpt2	1081	541	6	dominate	subj_rel	unexpected	The consultants that prove the manager dominates	2.2277727111941203e-06	2.2277727111941203e-06	18.77596664428711	18.77596664428711
1081	gpt2	1082	541	6	dominate	subj_rel	expected	The consultants that prove the manager dominate	4.6047105684010603e-07	4.6047105684010603e-07	21.050386428833008	21.050386428833008
1082	gpt2	1083	542	6	donate	subj_rel	unexpected	The consultants that prove the manager donates	0.00025166503655778174	0.00025166503655778174	12.729918479919434	12.729918479919434
1083	gpt2	1084	542	6	donate	subj_rel	expected	The consultants that prove the manager donate	1.6037775196764414e-07	1.6037775196764414e-07	22.572023391723636	22.572023391723636
1084	gpt2	1085	543	6	don	subj_rel	unexpected	The consultants that prove the manager dons	0.004648139321943731	0.004648139321943731	10.394543886184692	10.394543886184692
1085	gpt2	1086	543	6	don	subj_rel	expected	The consultants that prove the manager don	0.000455789908301	0.000455789908301	11.099343299865724	11.099343299865724
1086	gpt2	1087	544	6	double	subj_rel	unexpected	The consultants that prove the manager doubles	4.147794243181124e-06	4.147794243181124e-06	17.87922477722168	17.87922477722168
1087	gpt2	1088	544	6	double	subj_rel	expected	The consultants that prove the manager double	4.9956644943449646e-05	4.9956644943449646e-05	14.28896427154541	14.28896427154541
1088	gpt2	1089	545	6	doubt	subj_rel	unexpected	The consultants that prove the manager doubts	3.3496453397674486e-06	3.3496453397674486e-06	18.18756103515625	18.18756103515625
1089	gpt2	1090	545	6	doubt	subj_rel	expected	The consultants that prove the manager doubt	2.621355406517978e-06	2.621355406517978e-06	18.54125595092773	18.54125595092773
1090	gpt2	1091	546	6	do	subj_rel	unexpected	The consultants that prove the manager does	0.0090901972725987	0.0090901972725987	6.781472682952881	6.781472682952881
1091	gpt2	1092	546	6	do	subj_rel	expected	The consultants that prove the manager do	0.0006039341096766	0.0006039341096766	10.693321228027344	10.693321228027344
1092	gpt2	1093	547	6	downsize	subj_rel	unexpected	The consultants that prove the manager downsizes	0.31986082072671707	0.31986082072671707	8.678818821907043	8.678818821907043
1093	gpt2	1094	547	6	downsize	subj_rel	expected	The consultants that prove the manager downsize	0.00075249762448945	0.00075249762448945	10.566148281097412	10.566148281097412
1094	gpt2	1095	548	6	draft	subj_rel	unexpected	The consultants that prove the manager drafts	2.438083583911066e-06	2.438083583911066e-06	18.64582061767578	18.64582061767578
1095	gpt2	1096	548	6	draft	subj_rel	expected	The consultants that prove the manager draft	3.6349238143884577e-06	3.6349238143884577e-06	18.069643020629883	18.069643020629883
1096	gpt2	1097	549	6	drag	subj_rel	unexpected	The consultants that prove the manager drags	0.42364717188792156	0.42364717188792156	9.8204375654459	9.8204375654459
1097	gpt2	1098	549	6	drag	subj_rel	expected	The consultants that prove the manager drag	2.708985448407475e-06	2.708985448407475e-06	18.493816375732425	18.493816375732425
1098	gpt2	1099	550	6	drain	subj_rel	unexpected	The consultants that prove the manager drains	7.816135621396825e-06	7.816135621396825e-06	16.965112686157227	16.965112686157227
1099	gpt2	1100	550	6	drain	subj_rel	expected	The consultants that prove the manager drain	1.8164109860663304e-06	1.8164109860663304e-06	19.07047843933105	19.07047843933105
1100	gpt2	1101	551	6	drape	subj_rel	unexpected	The consultants that prove the manager drapes	0.3289924600588468	0.3289924600588468	7.828863679741819	7.828863679741819
1101	gpt2	1102	551	6	drape	subj_rel	expected	The consultants that prove the manager drape	0.00020916694484183132	0.00020916694484183132	12.73803186416626	12.73803186416626
1102	gpt2	1103	552	6	draw	subj_rel	unexpected	The consultants that prove the manager draws	1.3495596249413213e-05	1.3495596249413213e-05	16.177152633666992	16.177152633666992
1103	gpt2	1104	552	6	draw	subj_rel	expected	The consultants that prove the manager draw	5.744775535276858e-06	5.744775535276858e-06	17.409318923950195	17.409318923950195
1104	gpt2	1105	553	6	dream	subj_rel	unexpected	The consultants that prove the manager dreams	8.006497409951407e-06	8.006497409951407e-06	16.930397033691406	16.930397033691406
1105	gpt2	1106	553	6	dream	subj_rel	expected	The consultants that prove the manager dream	6.3780789787415415e-06	6.3780789787415415e-06	17.258445739746094	17.258445739746094
1106	gpt2	1107	554	6	dress	subj_rel	unexpected	The consultants that prove the manager dresses	1.7175667608171352e-06	1.7175667608171352e-06	19.151203155517575	19.151203155517575
1107	gpt2	1108	554	6	dress	subj_rel	expected	The consultants that prove the manager dress	1.0927101357083302e-06	1.0927101357083302e-06	19.80365753173828	19.80365753173828
1108	gpt2	1109	555	6	drift	subj_rel	unexpected	The consultants that prove the manager drifts	0.0602219543190472	0.0602219543190472	11.22769582271576	11.22769582271576
1109	gpt2	1110	555	6	drift	subj_rel	expected	The consultants that prove the manager drift	3.5342733895049605e-07	3.5342733895049605e-07	21.43208312988281	21.43208312988281
1110	gpt2	1111	556	6	drill	subj_rel	unexpected	The consultants that prove the manager drills	1.3209795497459709e-06	1.3209795497459709e-06	19.52996063232422	19.52996063232422
1111	gpt2	1112	556	6	drill	subj_rel	expected	The consultants that prove the manager drill	1.145307692240749e-06	1.145307692240749e-06	19.7358341217041	19.7358341217041
1112	gpt2	1113	557	6	drink	subj_rel	unexpected	The consultants that prove the manager drinks	1.7105387087212875e-05	1.7105387087212875e-05	15.835189819335938	15.835189819335938
1113	gpt2	1114	557	6	drink	subj_rel	expected	The consultants that prove the manager drink	1.662762588239275e-05	1.662762588239275e-05	15.876058578491213	15.876058578491213
1114	gpt2	1115	558	6	drive	subj_rel	unexpected	The consultants that prove the manager drives	2.555900027800817e-05	2.555900027800817e-05	15.25580883026123	15.25580883026123
1115	gpt2	1116	558	6	drive	subj_rel	expected	The consultants that prove the manager drive	2.1102199752931483e-05	2.1102199752931483e-05	15.53224754333496	15.53224754333496
1116	gpt2	1117	559	6	drop	subj_rel	unexpected	The consultants that prove the manager drops	9.63023558142595e-06	9.63023558142595e-06	16.663997650146484	16.663997650146484
1117	gpt2	1118	559	6	drop	subj_rel	expected	The consultants that prove the manager drop	1.4164535969030112e-05	1.4164535969030112e-05	16.107357025146484	16.107357025146484
1118	gpt2	1119	560	6	drown	subj_rel	unexpected	The consultants that prove the manager drowns	0.35472320688620584	0.35472320688620584	9.9050894677639	9.9050894677639
1119	gpt2	1120	560	6	drown	subj_rel	expected	The consultants that prove the manager drown	1.5332868770201458e-06	1.5332868770201458e-06	19.31494140625	19.31494140625
1120	gpt2	1121	561	6	drum	subj_rel	unexpected	The consultants that prove the manager drums	1.0745844036819109e-07	1.0745844036819109e-07	23.149717330932617	23.149717330932617
1121	gpt2	1122	561	6	drum	subj_rel	expected	The consultants that prove the manager drum	1.665510467319109e-06	1.665510467319109e-06	19.19560432434082	19.19560432434082
1122	gpt2	1123	562	6	dry	subj_rel	unexpected	The consultants that prove the manager dries	0.32338365720124784	0.32338365720124784	9.271298229694366	9.271298229694366
1123	gpt2	1124	562	6	dry	subj_rel	expected	The consultants that prove the manager dry	7.955896762723569e-06	7.955896762723569e-06	16.939544677734375	16.939544677734375
1124	gpt2	1125	563	6	dump	subj_rel	unexpected	The consultants that prove the manager dumps	1.076499984264956e-06	1.076499984264956e-06	19.825220108032227	19.825220108032227
1125	gpt2	1126	563	6	dump	subj_rel	expected	The consultants that prove the manager dump	3.393502538528992e-06	3.393502538528992e-06	18.16879272460937	18.16879272460937
1126	gpt2	1127	564	6	duplicate	subj_rel	unexpected	The consultants that prove the manager duplicates	0.049773419688790455	0.049773419688790455	9.377436637878418	9.377436637878418
1127	gpt2	1128	564	6	duplicate	subj_rel	expected	The consultants that prove the manager duplicate	7.564017323602457e-07	7.564017323602457e-07	20.33434295654297	20.33434295654297
1128	gpt2	1129	565	6	dwarf	subj_rel	unexpected	The consultants that prove the manager dwarfs	0.4633849287521059	0.4633849287521059	10.75262886658311	10.75262886658311
1129	gpt2	1130	565	6	dwarf	subj_rel	expected	The consultants that prove the manager dwarf	3.049245549391344e-07	3.049245549391344e-07	21.645044326782227	21.645044326782227
1130	gpt2	1131	566	6	earmark	subj_rel	unexpected	The consultants that prove the manager earmarks	0.12461365824458424	0.12461365824458424	10.485045790672302	10.485045790672302
1131	gpt2	1132	566	6	earmark	subj_rel	expected	The consultants that prove the manager earmark	0.054062758291934146	0.054062758291934146	11.087430715560913	11.087430715560913
1132	gpt2	1133	567	6	earn	subj_rel	unexpected	The consultants that prove the manager earns	0.0001183451240649	0.0001183451240649	13.04471206665039	13.04471206665039
1133	gpt2	1134	567	6	earn	subj_rel	expected	The consultants that prove the manager earn	8.59030751598766e-06	8.59030751598766e-06	16.828859329223633	16.828859329223633
1134	gpt2	1135	568	6	ease	subj_rel	unexpected	The consultants that prove the manager eases	0.1065976529607724	0.1065976529607724	7.999089598655701	7.999089598655701
1135	gpt2	1136	568	6	ease	subj_rel	expected	The consultants that prove the manager ease	3.5816407262245775e-07	3.5816407262245775e-07	21.41287612915039	21.41287612915039
1136	gpt2	1137	569	6	eat	subj_rel	unexpected	The consultants that prove the manager eats	1.0566823220869992e-05	1.0566823220869992e-05	16.53009796142578	16.53009796142578
1137	gpt2	1138	569	6	eat	subj_rel	expected	The consultants that prove the manager eat	4.061274012201466e-06	4.061274012201466e-06	17.909635543823242	17.909635543823242
1138	gpt2	1139	570	6	eavesdrop	subj_rel	unexpected	The consultants that prove the manager eavesdrops	0.08075183091189328	0.08075183091189328	11.90440821647644	11.90440821647644
1139	gpt2	1140	570	6	eavesdrop	subj_rel	expected	The consultants that prove the manager eavesdrop	0.010565923726815628	0.010565923726815628	13.371458768844604	13.371458768844604
1140	gpt2	1141	571	6	ebb	subj_rel	unexpected	The consultants that prove the manager ebbs	0.4672712300135125	0.4672712300135125	12.292801972478628	12.292801972478628
1141	gpt2	1142	571	6	ebb	subj_rel	expected	The consultants that prove the manager ebb	0.0012692341806541422	0.0012692341806541422	11.215547561645508	11.215547561645508
1142	gpt2	1143	572	6	echo	subj_rel	unexpected	The consultants that prove the manager echoes	3.141985018828564e-07	3.141985018828564e-07	21.60181999206543	21.60181999206543
1143	gpt2	1144	572	6	echo	subj_rel	expected	The consultants that prove the manager echo	4.145625212004234e-07	4.145625212004234e-07	21.201906204223636	21.201906204223636
1144	gpt2	1145	573	6	eclipse	subj_rel	unexpected	The consultants that prove the manager eclipses	0.20161946753532334	0.20161946753532334	11.181474506855013	11.181474506855013
1145	gpt2	1146	573	6	eclipse	subj_rel	expected	The consultants that prove the manager eclipse	1.9199683265469505e-07	1.9199683265469505e-07	22.312414169311523	22.312414169311523
1146	gpt2	1147	574	6	economize	subj_rel	unexpected	The consultants that prove the manager economizes	0.2021460121686971	0.2021460121686971	11.058798074722288	11.058798074722288
1147	gpt2	1148	574	6	economize	subj_rel	expected	The consultants that prove the manager economize	0.040402825754455286	0.040402825754455286	12.220236778259276	12.220236778259276
1148	gpt2	1149	575	6	edge	subj_rel	unexpected	The consultants that prove the manager edges	3.186063395332895e-07	3.186063395332895e-07	21.581722259521484	21.581722259521484
1149	gpt2	1150	575	6	edge	subj_rel	expected	The consultants that prove the manager edge	6.942456707292877e-07	6.942456707292877e-07	20.45804977416992	20.45804977416992
1150	gpt2	1151	576	6	edit	subj_rel	unexpected	The consultants that prove the manager edits	2.649262114573503e-06	2.649262114573503e-06	18.525978088378903	18.525978088378903
1151	gpt2	1152	576	6	edit	subj_rel	expected	The consultants that prove the manager edit	1.1429470760049298e-05	1.1429470760049298e-05	16.416881561279297	16.416881561279297
1152	gpt2	1153	577	6	educate	subj_rel	unexpected	The consultants that prove the manager educates	0.47510963420461394	0.47510963420461394	9.41451630368829	9.41451630368829
1153	gpt2	1154	577	6	educate	subj_rel	expected	The consultants that prove the manager educate	5.0946002971841153e-08	5.0946002971841153e-08	24.22645568847656	24.22645568847656
1154	gpt2	1155	578	6	effect	subj_rel	unexpected	The consultants that prove the manager effects	2.462283191562165e-05	2.462283191562165e-05	15.309643745422363	15.309643745422363
1155	gpt2	1156	578	6	effect	subj_rel	expected	The consultants that prove the manager effect	7.873987487982959e-05	7.873987487982959e-05	13.632546424865724	13.632546424865724
1156	gpt2	1157	579	6	elaborate	subj_rel	unexpected	The consultants that prove the manager elaborates	0.4163917900956662	0.4163917900956662	11.629788428544998	11.629788428544998
1157	gpt2	1158	579	6	elaborate	subj_rel	expected	The consultants that prove the manager elaborate	3.532520906901482e-07	3.532520906901482e-07	21.43279838562012	21.43279838562012
1158	gpt2	1159	580	6	elect	subj_rel	unexpected	The consultants that prove the manager elects	0.32632334600202734	0.32632334600202734	6.553977936506271	6.553977936506271
1159	gpt2	1160	580	6	elect	subj_rel	expected	The consultants that prove the manager elect	0.0001735999248921	0.0001735999248921	12.49194622039795	12.49194622039795
1160	gpt2	1161	581	6	eliminate	subj_rel	unexpected	The consultants that prove the manager eliminates	5.78466642764397e-06	5.78466642764397e-06	17.399333953857422	17.399333953857422
1161	gpt2	1162	581	6	eliminate	subj_rel	expected	The consultants that prove the manager eliminate	7.01625822330243e-07	7.01625822330243e-07	20.442794799804688	20.442794799804688
1162	gpt2	1163	582	6	elongate	subj_rel	unexpected	The consultants that prove the manager elongates	0.23569485504555662	0.23569485504555662	12.552399337291718	12.552399337291718
1163	gpt2	1164	582	6	elongate	subj_rel	expected	The consultants that prove the manager elongate	0.050725489448785376	0.050725489448785376	13.660468339920044	13.660468339920044
1164	gpt2	1165	583	6	emasculate	subj_rel	unexpected	The consultants that prove the manager emasculates	0.385379717210526	0.385379717210526	5.414122596383095	5.414122596383095
1165	gpt2	1166	583	6	emasculate	subj_rel	expected	The consultants that prove the manager emasculate	0.25230309785365534	0.25230309785365534	5.9956812262535095	5.9956812262535095
1166	gpt2	1167	584	6	embark	subj_rel	unexpected	The consultants that prove the manager embarks	0.3911167600124372	0.3911167600124372	9.95642717182636	9.95642717182636
1167	gpt2	1168	584	6	embark	subj_rel	expected	The consultants that prove the manager embark	1.2074217181634594e-07	1.2074217181634594e-07	22.9815673828125	22.9815673828125
1168	gpt2	1169	585	6	embarrass	subj_rel	unexpected	The consultants that prove the manager embarrasses	0.24958064826682858	0.24958064826682858	9.280652701854706	9.280652701854706
1169	gpt2	1170	585	6	embarrass	subj_rel	expected	The consultants that prove the manager embarrass	5.179094387131045e-06	5.179094387131045e-06	17.558868408203125	17.558868408203125
1170	gpt2	1171	586	6	embellish	subj_rel	unexpected	The consultants that prove the manager embellishes	0.10475283616710837	0.10475283616710837	9.716331243515015	9.716331243515015
1171	gpt2	1172	586	6	embellish	subj_rel	expected	The consultants that prove the manager embellish	0.06109946349192792	0.06109946349192792	10.105226635932922	10.105226635932922
1172	gpt2	1173	587	6	embrace	subj_rel	unexpected	The consultants that prove the manager embraces	1.029054601531243e-06	1.029054601531243e-06	19.890249252319336	19.890249252319336
1173	gpt2	1174	587	6	embrace	subj_rel	expected	The consultants that prove the manager embrace	6.154994593998708e-07	6.154994593998708e-07	20.631738662719727	20.631738662719727
1174	gpt2	1175	588	6	emerge	subj_rel	unexpected	The consultants that prove the manager emerges	2.2960359729040647e-06	2.2960359729040647e-06	18.732423782348636	18.732423782348636
1175	gpt2	1176	588	6	emerge	subj_rel	expected	The consultants that prove the manager emerge	1.2957698913851345e-07	1.2957698913851345e-07	22.87968635559082	22.87968635559082
1176	gpt2	1177	589	7	emote	subj_rel	unexpected	The authors that point the teacher emotes	0.020263273402569802	0.020263273402569802	13.933137893676758	13.933137893676758
1177	gpt2	1178	589	7	emote	subj_rel	expected	The authors that point the teacher emote	0.014919713800054482	0.014919713800054482	11.985861063003542	11.985861063003542
1178	gpt2	1179	590	7	empathize	subj_rel	unexpected	The authors that point the teacher empathizes	0.012416540627384601	0.012416540627384601	12.210166692733765	12.210166692733765
1179	gpt2	1180	590	7	empathize	subj_rel	expected	The authors that point the teacher empathize	0.30087787190547033	0.30087787190547033	9.910695374011993	9.910695374011993
1180	gpt2	1181	591	7	emphasize	subj_rel	unexpected	The authors that point the teacher emphasizes	9.302397302235477e-06	9.302397302235477e-06	16.713966369628906	16.713966369628906
1181	gpt2	1182	591	7	emphasize	subj_rel	expected	The authors that point the teacher emphasize	1.740211882861331e-05	1.740211882861331e-05	15.81037712097168	15.81037712097168
1182	gpt2	1183	592	7	emphaticize	subj_rel	unexpected	The authors that point the teacher emphaticizes	0.24073218694109264	0.24073218694109264	13.91780424118042	13.91780424118042
1183	gpt2	1184	592	7	emphaticize	subj_rel	expected	The authors that point the teacher emphaticize	0.2407348147799837	0.2407348147799837	13.04276736577352	13.04276736577352
1184	gpt2	1185	593	7	employ	subj_rel	unexpected	The authors that point the teacher employs	2.5572201138857054e-06	2.5572201138857054e-06	18.57699203491211	18.57699203491211
1185	gpt2	1186	593	7	employ	subj_rel	expected	The authors that point the teacher employ	2.3777245132805547e-06	2.3777245132805547e-06	18.68198776245117	18.68198776245117
1186	gpt2	1187	594	7	empty	subj_rel	unexpected	The authors that point the teacher empties	0.2691032597736793	0.2691032597736793	11.64697477221489	11.64697477221489
1187	gpt2	1188	594	7	empty	subj_rel	expected	The authors that point the teacher empty	1.1330985216773115e-06	1.1330985216773115e-06	19.75129508972168	19.75129508972168
1188	gpt2	1189	595	7	emulate	subj_rel	unexpected	The authors that point the teacher emulates	0.008187241581481382	0.008187241581481382	12.4187867641449	12.4187867641449
1189	gpt2	1190	595	7	emulate	subj_rel	expected	The authors that point the teacher emulate	8.630050274405222e-08	8.630050274405222e-08	23.46605491638184	23.46605491638184
1190	gpt2	1191	596	7	enable	subj_rel	unexpected	The authors that point the teacher enables	5.958904125691333e-07	5.958904125691333e-07	20.678449630737305	20.678449630737305
1191	gpt2	1192	596	7	enable	subj_rel	expected	The authors that point the teacher enable	5.769534254795872e-07	5.769534254795872e-07	20.72504234313965	20.72504234313965
1192	gpt2	1193	597	7	enact	subj_rel	unexpected	The authors that point the teacher enacts	0.0002684232308637985	0.0002684232308637985	14.00447940826416	14.00447940826416
1193	gpt2	1194	597	7	enact	subj_rel	expected	The authors that point the teacher enact	5.397622615532782e-08	5.397622615532782e-08	24.14310073852539	24.14310073852539
1194	gpt2	1195	598	7	encapsulate	subj_rel	unexpected	The authors that point the teacher encapsulates	0.11454378862431014	0.11454378862431014	12.472808718681335	12.472808718681335
1195	gpt2	1196	598	7	encapsulate	subj_rel	expected	The authors that point the teacher encapsulate	0.12099111129095519	0.12099111129095519	12.433307766914368	12.433307766914368
1196	gpt2	1197	599	7	encompass	subj_rel	unexpected	The authors that point the teacher encompasses	1.1237773378525163e-07	1.1237773378525163e-07	23.085140228271484	23.085140228271484
1197	gpt2	1198	599	7	encompass	subj_rel	expected	The authors that point the teacher encompass	6.849207778714117e-08	6.849207778714117e-08	23.799488067626957	23.799488067626957
1198	gpt2	1199	600	7	encounter	subj_rel	unexpected	The authors that point the teacher encounters	4.127031843381701e-06	4.127031843381701e-06	17.886463165283203	17.886463165283203
1199	gpt2	1200	600	7	encounter	subj_rel	expected	The authors that point the teacher encounter	1.873181281553116e-05	1.873181281553116e-05	15.704150199890137	15.704150199890137
1200	gpt2	1201	601	7	encourage	subj_rel	unexpected	The authors that point the teacher encourages	5.790241175418487e-06	5.790241175418487e-06	17.397945404052734	17.397945404052734
1201	gpt2	1202	601	7	encourage	subj_rel	expected	The authors that point the teacher encourage	6.840813966846326e-06	6.840813966846326e-06	17.157400131225586	17.157400131225586
1202	gpt2	1203	602	7	endanger	subj_rel	unexpected	The authors that point the teacher endangers	0.00187136915337755	0.00187136915337755	9.958202362060547	9.958202362060547
1203	gpt2	1204	602	7	endanger	subj_rel	expected	The authors that point the teacher endanger	6.953601996428915e-07	6.953601996428915e-07	20.45573616027832	20.45573616027832
1204	gpt2	1205	603	7	endeavor	subj_rel	unexpected	The authors that point the teacher endeavors	2.109642309733317e-07	2.109642309733317e-07	22.176498413085938	22.176498413085938
1205	gpt2	1206	603	7	endeavor	subj_rel	expected	The authors that point the teacher endeavor	3.458762307673169e-07	3.458762307673169e-07	21.46324157714844	21.46324157714844
1206	gpt2	1207	604	7	endorse	subj_rel	unexpected	The authors that point the teacher endorses	0.06835390250489576	0.06835390250489576	7.305531024932861	7.305531024932861
1207	gpt2	1208	604	7	endorse	subj_rel	expected	The authors that point the teacher endorse	1.1897805052285548e-06	1.1897805052285548e-06	19.68087387084961	19.68087387084961
1208	gpt2	1209	605	7	endure	subj_rel	unexpected	The authors that point the teacher endures	0.00110228081757665	0.00110228081757665	10.384058952331543	10.384058952331543
1209	gpt2	1210	605	7	endure	subj_rel	expected	The authors that point the teacher endure	2.502689078198728e-08	2.502689078198728e-08	25.25194549560547	25.25194549560547
1210	gpt2	1211	606	7	end	subj_rel	unexpected	The authors that point the teacher ends	6.509944341814844e-06	6.509944341814844e-06	17.228923797607422	17.228923797607422
1211	gpt2	1212	606	7	end	subj_rel	expected	The authors that point the teacher end	0.0002929343900177	0.0002929343900177	11.73713493347168	11.73713493347168
1212	gpt2	1213	607	7	enforce	subj_rel	unexpected	The authors that point the teacher enforces	0.0014344172955133986	0.0014344172955133986	12.787846565246582	12.787846565246582
1213	gpt2	1214	607	7	enforce	subj_rel	expected	The authors that point the teacher enforce	1.8920957245427417e-07	1.8920957245427417e-07	22.333511352539062	22.333511352539062
1214	gpt2	1215	608	7	engage	subj_rel	unexpected	The authors that point the teacher engages	1.4337921356855077e-06	1.4337921356855077e-06	19.411731719970703	19.411731719970703
1215	gpt2	1216	608	7	engage	subj_rel	expected	The authors that point the teacher engage	2.670432650120347e-06	2.670432650120347e-06	18.51449584960937	18.51449584960937
1216	gpt2	1217	609	7	engineer	subj_rel	unexpected	The authors that point the teacher engineers	9.327870316155896e-07	9.327870316155896e-07	20.03194808959961	20.03194808959961
1217	gpt2	1218	609	7	engineer	subj_rel	expected	The authors that point the teacher engineer	5.576388844019675e-07	5.576388844019675e-07	20.77416610717773	20.77416610717773
1218	gpt2	1219	610	7	enhance	subj_rel	unexpected	The authors that point the teacher enhances	1.217971430378384e-07	1.217971430378384e-07	22.969017028808597	22.969017028808597
1219	gpt2	1220	610	7	enhance	subj_rel	expected	The authors that point the teacher enhance	2.3770977009007765e-07	2.3770977009007765e-07	22.004295349121094	22.004295349121094
1220	gpt2	1221	611	7	enjoin	subj_rel	unexpected	The authors that point the teacher enjoins	0.3064530597957855	0.3064530597957855	8.556635722517967	8.556635722517967
1221	gpt2	1222	611	7	enjoin	subj_rel	expected	The authors that point the teacher enjoin	0.0009744197300278485	0.0009744197300278485	13.06760311126709	13.06760311126709
1222	gpt2	1223	612	7	enjoy	subj_rel	unexpected	The authors that point the teacher enjoys	2.7727551810130535e-07	2.7727551810130535e-07	21.782176971435547	21.782176971435547
1223	gpt2	1224	612	7	enjoy	subj_rel	expected	The authors that point the teacher enjoy	2.7413926773078856e-07	2.7413926773078856e-07	21.798587799072266	21.798587799072266
1224	gpt2	1225	613	7	enlarge	subj_rel	unexpected	The authors that point the teacher enlarges	0.11949744083576518	0.11949744083576518	12.23934483528137	12.23934483528137
1225	gpt2	1226	613	7	enlarge	subj_rel	expected	The authors that point the teacher enlarge	1.900491319872799e-08	1.900491319872799e-08	25.64905166625977	25.64905166625977
1226	gpt2	1227	614	7	enlist	subj_rel	unexpected	The authors that point the teacher enlists	0.00024261580210799852	0.00024261580210799852	14.078410148620605	14.078410148620605
1227	gpt2	1228	614	7	enlist	subj_rel	expected	The authors that point the teacher enlist	2.494276998277201e-07	2.494276998277201e-07	21.93487548828125	21.93487548828125
1228	gpt2	1229	615	7	enroll	subj_rel	unexpected	The authors that point the teacher enrolls	0.1316106420574954	0.1316106420574954	11.277788162231445	11.277788162231445
1229	gpt2	1230	615	7	enroll	subj_rel	expected	The authors that point the teacher enroll	6.162759405015095e-07	6.162759405015095e-07	20.629920959472656	20.629920959472656
1230	gpt2	1231	616	7	ensue	subj_rel	unexpected	The authors that point the teacher ensues	0.01689918231925522	0.01689918231925522	14.997373580932617	14.997373580932617
1231	gpt2	1232	616	7	ensue	subj_rel	expected	The authors that point the teacher ensue	0.0032390110172197707	0.0032390110172197707	16.189040184020996	16.189040184020996
1232	gpt2	1233	617	7	ensure	subj_rel	unexpected	The authors that point the teacher ensures	1.3046362710156243e-06	1.3046362710156243e-06	19.54792022705078	19.54792022705078
1233	gpt2	1234	617	7	ensure	subj_rel	expected	The authors that point the teacher ensure	8.492150982419844e-07	8.492150982419844e-07	20.16736602783203	20.16736602783203
1234	gpt2	1235	618	7	entail	subj_rel	unexpected	The authors that point the teacher entails	3.729783770722861e-07	3.729783770722861e-07	21.35440444946289	21.35440444946289
1235	gpt2	1236	618	7	entail	subj_rel	expected	The authors that point the teacher entail	5.2613355450148453e-08	5.2613355450148453e-08	24.17999649047852	24.17999649047852
1236	gpt2	1237	619	7	enter	subj_rel	unexpected	The authors that point the teacher enters	3.577129746190621e-06	3.577129746190621e-06	18.09276580810547	18.09276580810547
1237	gpt2	1238	619	7	enter	subj_rel	expected	The authors that point the teacher enter	2.0865531951130838e-06	2.0865531951130838e-06	18.87044715881348	18.87044715881348
1238	gpt2	1239	620	7	entice	subj_rel	unexpected	The authors that point the teacher entices	0.0015952354340811	0.0015952354340811	13.874559879302979	13.874559879302979
1239	gpt2	1240	620	7	entice	subj_rel	expected	The authors that point the teacher entice	0.01088145026443495	0.01088145026443495	12.489276885986328	12.489276885986328
1240	gpt2	1241	621	7	entitle	subj_rel	unexpected	The authors that point the teacher entitles	0.4716049613753465	0.4716049613753465	12.401896752417088	12.401896752417088
1241	gpt2	1242	621	7	entitle	subj_rel	expected	The authors that point the teacher entitle	5.9430274035321424e-08	5.9430274035321424e-08	24.004226684570312	24.004226684570312
1242	gpt2	1243	622	7	entrench	subj_rel	unexpected	The authors that point the teacher entrenches	0.0012186538704668	0.0012186538704668	14.068897724151611	14.068897724151611
1243	gpt2	1244	622	7	entrench	subj_rel	expected	The authors that point the teacher entrench	0.0203952661293556	0.0203952661293556	12.036073684692383	12.036073684692383
1244	gpt2	1245	623	7	entrust	subj_rel	unexpected	The authors that point the teacher entrusts	0.16635146877088877	0.16635146877088877	7.8294312953948975	7.8294312953948975
1245	gpt2	1246	623	7	entrust	subj_rel	expected	The authors that point the teacher entrust	0.10798010440049664	0.10798010440049664	10.833824038505554	10.833824038505554
1246	gpt2	1247	624	7	envision	subj_rel	unexpected	The authors that point the teacher envisions	0.47251319667284974	0.47251319667284974	10.461710382252932	10.461710382252932
1247	gpt2	1248	624	7	envision	subj_rel	expected	The authors that point the teacher envision	3.952683300667559e-07	3.952683300667559e-07	21.27066421508789	21.27066421508789
1248	gpt2	1249	625	7	equal	subj_rel	unexpected	The authors that point the teacher equals	2.422022191694851e-07	2.422022191694851e-07	21.97728538513184	21.97728538513184
1249	gpt2	1250	625	7	equal	subj_rel	expected	The authors that point the teacher equal	5.633371529256692e-06	5.633371529256692e-06	17.437570571899414	17.437570571899414
1250	gpt2	1251	626	7	equate	subj_rel	unexpected	The authors that point the teacher equates	0.048124112955747436	0.048124112955747436	10.535318493843079	10.535318493843079
1251	gpt2	1252	626	7	equate	subj_rel	expected	The authors that point the teacher equate	3.666024497306353e-07	3.666024497306353e-07	21.37928009033203	21.37928009033203
1252	gpt2	1253	627	7	equip	subj_rel	unexpected	The authors that point the teacher equips	0.0018211917006282837	0.0018211917006282837	12.898120880126953	12.898120880126953
1253	gpt2	1254	627	7	equip	subj_rel	expected	The authors that point the teacher equip	1.9599025335992337e-07	1.9599025335992337e-07	22.28271484375	22.28271484375
1254	gpt2	1255	628	7	eradicate	subj_rel	unexpected	The authors that point the teacher eradicates	0.021170356923285248	0.021170356923285248	13.521817684173584	13.521817684173584
1255	gpt2	1256	628	7	eradicate	subj_rel	expected	The authors that point the teacher eradicate	1.4800702885509054e-08	1.4800702885509054e-08	26.0097599029541	26.0097599029541
1256	gpt2	1257	629	7	erase	subj_rel	unexpected	The authors that point the teacher erases	0.006273077900914335	0.006273077900914335	10.454620122909546	10.454620122909546
1257	gpt2	1258	629	7	erase	subj_rel	expected	The authors that point the teacher erase	3.319726005202028e-08	3.319726005202028e-08	24.8443603515625	24.8443603515625
1258	gpt2	1259	630	7	erect	subj_rel	unexpected	The authors that point the teacher erects	0.01879214488498346	0.01879214488498346	13.162489175796509	13.162489175796509
1259	gpt2	1260	630	7	erect	subj_rel	expected	The authors that point the teacher erect	3.165112332226272e-07	3.165112332226272e-07	21.59123992919922	21.59123992919922
1260	gpt2	1261	631	7	erode	subj_rel	unexpected	The authors that point the teacher erodes	0.0013704006396437346	0.0013704006396437346	11.560336589813232	11.560336589813232
1261	gpt2	1262	631	7	erode	subj_rel	expected	The authors that point the teacher erode	0.004308940942792085	0.004308940942792085	10.726608753204346	10.726608753204346
1262	gpt2	1263	632	7	erupt	subj_rel	unexpected	The authors that point the teacher erupts	0.07974150459144976	0.07974150459144976	13.642378091812134	13.642378091812134
1263	gpt2	1264	632	7	erupt	subj_rel	expected	The authors that point the teacher erupt	3.834912121192247e-08	3.834912121192247e-08	24.63623046875	24.63623046875
1264	gpt2	1265	633	7	escalate	subj_rel	unexpected	The authors that point the teacher escalates	0.15878540807293004	0.15878540807293004	11.88800847530365	11.88800847530365
1265	gpt2	1266	633	7	escalate	subj_rel	expected	The authors that point the teacher escalate	1.1466951121974489e-07	1.1466951121974489e-07	23.05601501464844	23.05601501464844
1266	gpt2	1267	634	7	escape	subj_rel	unexpected	The authors that point the teacher escapes	8.223154281949974e-07	8.223154281949974e-07	20.21380424499512	20.21380424499512
1267	gpt2	1268	634	7	escape	subj_rel	expected	The authors that point the teacher escape	5.345382305677049e-06	5.345382305677049e-06	17.513275146484375	17.513275146484375
1268	gpt2	1269	635	7	establish	subj_rel	unexpected	The authors that point the teacher establishes	9.70863084148732e-07	9.70863084148732e-07	19.97422790527344	19.97422790527344
1269	gpt2	1270	635	7	establish	subj_rel	expected	The authors that point the teacher establish	7.105425083864247e-07	7.105425083864247e-07	20.424575805664062	20.424575805664062
1270	gpt2	1271	636	7	estimate	subj_rel	unexpected	The authors that point the teacher estimates	1.4404474768525688e-06	1.4404474768525688e-06	19.405052185058597	19.405052185058597
1271	gpt2	1272	636	7	estimate	subj_rel	expected	The authors that point the teacher estimate	3.407778649489046e-06	3.407778649489046e-06	18.162736892700195	18.162736892700195
1272	gpt2	1273	637	7	evade	subj_rel	unexpected	The authors that point the teacher evades	0.00411939220543896	0.00411939220543896	12.235447406768799	12.235447406768799
1273	gpt2	1274	637	7	evade	subj_rel	expected	The authors that point the teacher evade	4.14601259990377e-07	4.14601259990377e-07	21.201772689819336	21.201772689819336
1274	gpt2	1275	638	7	evaluate	subj_rel	unexpected	The authors that point the teacher evaluates	1.9634580894489773e-06	1.9634580894489773e-06	18.958171844482425	18.958171844482425
1275	gpt2	1276	638	7	evaluate	subj_rel	expected	The authors that point the teacher evaluate	9.921893706632543e-07	9.921893706632543e-07	19.942880630493164	19.942880630493164
1276	gpt2	1277	639	7	evaporate	subj_rel	unexpected	The authors that point the teacher evaporates	0.04615719009663619	0.04615719009663619	12.192411065101624	12.192411065101624
1277	gpt2	1278	639	7	evaporate	subj_rel	expected	The authors that point the teacher evaporate	0.14620962132241289	0.14620962132241289	11.360702991485596	11.360702991485596
1278	gpt2	1279	640	7	even	subj_rel	unexpected	The authors that point the teacher evens	0.000154161498357971	0.000154161498357971	12.764398574829102	12.764398574829102
1279	gpt2	1280	640	7	even	subj_rel	expected	The authors that point the teacher even	9.8404852906242e-05	9.8404852906242e-05	13.310911178588867	13.310911178588867
1280	gpt2	1281	641	7	evolve	subj_rel	unexpected	The authors that point the teacher evolves	5.82661172643384e-08	5.82661172643384e-08	24.03276824951172	24.03276824951172
1281	gpt2	1282	641	7	evolve	subj_rel	expected	The authors that point the teacher evolve	1.2996831344480597e-07	1.2996831344480597e-07	22.875337600708008	22.875337600708008
1282	gpt2	1283	642	7	exacerbate	subj_rel	unexpected	The authors that point the teacher exacerbates	0.3320261852518911	0.3320261852518911	10.169258177280424	10.169258177280424
1283	gpt2	1284	642	7	exacerbate	subj_rel	expected	The authors that point the teacher exacerbate	9.404566725379483e-08	9.404566725379483e-08	23.342063903808597	23.342063903808597
1284	gpt2	1285	643	7	exaggerate	subj_rel	unexpected	The authors that point the teacher exaggerates	0.17170402493172787	0.17170402493172787	9.899888336658478	9.899888336658478
1285	gpt2	1286	643	7	exaggerate	subj_rel	expected	The authors that point the teacher exaggerate	0.2790170171468844	0.2790170171468844	9.54967114329338	9.54967114329338
1286	gpt2	1287	644	7	examine	subj_rel	unexpected	The authors that point the teacher examines	4.529995749180671e-06	4.529995749180671e-06	17.752058029174805	17.752058029174805
1287	gpt2	1288	644	7	examine	subj_rel	expected	The authors that point the teacher examine	8.486645128868986e-07	8.486645128868986e-07	20.168302536010746	20.168302536010746
1288	gpt2	1289	645	7	exceed	subj_rel	unexpected	The authors that point the teacher exceeds	1.6921934502533986e-06	1.6921934502533986e-06	19.17267417907715	19.17267417907715
1289	gpt2	1290	645	7	exceed	subj_rel	expected	The authors that point the teacher exceed	9.481343568040757e-07	9.481343568040757e-07	20.008405685424805	20.008405685424805
1290	gpt2	1291	646	7	except	subj_rel	unexpected	The authors that point the teacher excepts	0.011601611640685391	0.011601611640685391	12.042890310287476	12.042890310287476
1291	gpt2	1292	646	7	except	subj_rel	expected	The authors that point the teacher except	2.420776354483678e-06	2.420776354483678e-06	18.656099319458008	18.656099319458008
1292	gpt2	1293	647	7	exchange	subj_rel	unexpected	The authors that point the teacher exchanges	1.3433414096652996e-06	1.3433414096652996e-06	19.5057430267334	19.5057430267334
1293	gpt2	1294	647	7	exchange	subj_rel	expected	The authors that point the teacher exchange	3.3560468182258774e-06	3.3560468182258774e-06	18.18480491638184	18.18480491638184
1294	gpt2	1295	648	7	exclude	subj_rel	unexpected	The authors that point the teacher excludes	4.51341719553966e-07	4.51341719553966e-07	21.07927703857422	21.07927703857422
1295	gpt2	1296	648	7	exclude	subj_rel	expected	The authors that point the teacher exclude	1.565727757224522e-06	1.565727757224522e-06	19.28473472595215	19.28473472595215
1296	gpt2	1297	649	7	excorciate	subj_rel	unexpected	The authors that point the teacher excorciates	0.009099629678985354	0.009099629678985354	10.90219759941101	10.90219759941101
1297	gpt2	1298	649	7	excorciate	subj_rel	expected	The authors that point the teacher excorciate	0.09297965696941901	0.09297965696941901	9.936825931072235	9.936825931072235
1298	gpt2	1299	650	7	excuse	subj_rel	unexpected	The authors that point the teacher excuses	1.626900143492094e-07	1.626900143492094e-07	22.55137062072754	22.55137062072754
1299	gpt2	1300	650	7	excuse	subj_rel	expected	The authors that point the teacher excuse	5.671598728440586e-07	5.671598728440586e-07	20.749740600585938	20.749740600585938
1300	gpt2	1301	651	7	execute	subj_rel	unexpected	The authors that point the teacher executes	1.920470111826944e-07	1.920470111826944e-07	22.312036514282227	22.312036514282227
1301	gpt2	1302	651	7	execute	subj_rel	expected	The authors that point the teacher execute	8.794221884045329e-08	8.794221884045329e-08	23.43886947631836	23.43886947631836
1302	gpt2	1303	652	7	exempt	subj_rel	unexpected	The authors that point the teacher exempts	0.11109549569250986	0.11109549569250986	11.9232759475708	11.9232759475708
1303	gpt2	1304	652	7	exempt	subj_rel	expected	The authors that point the teacher exempt	2.983641991249897e-07	2.983641991249897e-07	21.676422119140625	21.676422119140625
1304	gpt2	1305	653	7	exercise	subj_rel	unexpected	The authors that point the teacher exercises	5.926376616116613e-06	5.926376616116613e-06	17.364418029785156	17.364418029785156
1305	gpt2	1306	653	7	exercise	subj_rel	expected	The authors that point the teacher exercise	1.1106956662843004e-05	1.1106956662843004e-05	16.45817756652832	16.45817756652832
1306	gpt2	1307	654	7	exhaust	subj_rel	unexpected	The authors that point the teacher exhausts	0.007433296871596401	0.007433296871596401	13.23459267616272	13.23459267616272
1307	gpt2	1308	654	7	exhaust	subj_rel	expected	The authors that point the teacher exhaust	7.240869877023215e-07	7.240869877023215e-07	20.3973331451416	20.3973331451416
1308	gpt2	1309	655	7	exhibit	subj_rel	unexpected	The authors that point the teacher exhibits	7.261061796270951e-07	7.261061796270951e-07	20.3933162689209	20.3933162689209
1309	gpt2	1310	655	7	exhibit	subj_rel	expected	The authors that point the teacher exhibit	5.426702500699321e-06	5.426702500699321e-06	17.491493225097656	17.491493225097656
1310	gpt2	1311	656	7	exist	subj_rel	unexpected	The authors that point the teacher exists	6.425859282899182e-06	6.425859282899182e-06	17.247678756713867	17.247678756713867
1311	gpt2	1312	656	7	exist	subj_rel	expected	The authors that point the teacher exist	5.319873253029073e-06	5.319873253029073e-06	17.52017593383789	17.52017593383789
1312	gpt2	1313	657	7	exit	subj_rel	unexpected	The authors that point the teacher exits	2.0109098386456026e-06	2.0109098386456026e-06	18.92371940612793	18.92371940612793
1313	gpt2	1314	657	7	exit	subj_rel	expected	The authors that point the teacher exit	4.521812115854118e-06	4.521812115854118e-06	17.754667282104492	17.754667282104492
1314	gpt2	1315	658	7	exorcise	subj_rel	unexpected	The authors that point the teacher exorcises	0.010762178389590772	0.010762178389590772	14.339282035827637	14.339282035827637
1315	gpt2	1316	658	7	exorcise	subj_rel	expected	The authors that point the teacher exorcise	0.036918187564474174	0.036918187564474174	13.450098752975464	13.450098752975464
1316	gpt2	1317	659	7	expand	subj_rel	unexpected	The authors that point the teacher expands	3.368422198946064e-07	3.368422198946064e-07	21.50142288208008	21.50142288208008
1317	gpt2	1318	659	7	expand	subj_rel	expected	The authors that point the teacher expand	1.608719202295106e-07	1.608719202295106e-07	22.567583084106445	22.567583084106445
1318	gpt2	1319	660	7	expect	subj_rel	unexpected	The authors that point the teacher expects	9.975599823519588e-06	9.975599823519588e-06	16.6131649017334	16.6131649017334
1319	gpt2	1320	660	7	expect	subj_rel	expected	The authors that point the teacher expect	6.912005119374953e-06	6.912005119374953e-06	17.14246368408203	17.14246368408203
1320	gpt2	1321	661	7	expedite	subj_rel	unexpected	The authors that point the teacher expedites	0.004470018320354526	0.004470018320354526	15.079035520553589	15.079035520553589
1321	gpt2	1322	661	7	expedite	subj_rel	expected	The authors that point the teacher expedite	0.039300983887734724	0.039300983887734724	13.5109224319458	13.5109224319458
1322	gpt2	1323	662	7	expel	subj_rel	unexpected	The authors that point the teacher expels	0.016690225237084615	0.016690225237084615	12.209652662277223	12.209652662277223
1323	gpt2	1324	662	7	expel	subj_rel	expected	The authors that point the teacher expel	9.264627465199737e-08	9.264627465199737e-08	23.36369132995605	23.36369132995605
1324	gpt2	1325	663	7	experience	subj_rel	unexpected	The authors that point the teacher experiences	5.654513643094106e-06	5.654513643094106e-06	17.432165145874023	17.432165145874023
1325	gpt2	1326	663	7	experience	subj_rel	expected	The authors that point the teacher experience	3.4074295399477705e-05	3.4074295399477705e-05	14.840956687927246	14.840956687927246
1326	gpt2	1327	664	7	expire	subj_rel	unexpected	The authors that point the teacher expires	2.1363071311952808e-08	2.1363071311952808e-08	25.480304718017575	25.480304718017575
1327	gpt2	1328	664	7	expire	subj_rel	expected	The authors that point the teacher expire	1.4556682970123802e-08	1.4556682970123802e-08	26.03374290466309	26.03374290466309
1328	gpt2	1329	665	7	explain	subj_rel	unexpected	The authors that point the teacher explains	1.1774952326959465e-05	1.1774952326959465e-05	16.373918533325195	16.373918533325195
1329	gpt2	1330	665	7	explain	subj_rel	expected	The authors that point the teacher explain	7.1876220317790285e-06	7.1876220317790285e-06	17.0860538482666	17.0860538482666
1330	gpt2	1331	666	7	explode	subj_rel	unexpected	The authors that point the teacher explodes	1.1901475716058485e-07	1.1901475716058485e-07	23.002355575561523	23.002355575561523
1331	gpt2	1332	666	7	explode	subj_rel	expected	The authors that point the teacher explode	6.49296723054249e-08	6.49296723054249e-08	23.87654685974121	23.87654685974121
1332	gpt2	1333	667	7	exploit	subj_rel	unexpected	The authors that point the teacher exploits	7.979421212667148e-08	7.979421212667148e-08	23.579139709472656	23.579139709472656
1333	gpt2	1334	667	7	exploit	subj_rel	expected	The authors that point the teacher exploit	4.716831085715967e-07	4.716831085715967e-07	21.01567840576172	21.01567840576172
1334	gpt2	1335	668	7	explore	subj_rel	unexpected	The authors that point the teacher explores	1.9060856857322504e-06	1.9060856857322504e-06	19.00095558166504	19.00095558166504
1335	gpt2	1336	668	7	explore	subj_rel	expected	The authors that point the teacher explore	1.8229594900276425e-07	1.8229594900276425e-07	22.38721466064453	22.38721466064453
1336	gpt2	1337	669	7	export	subj_rel	unexpected	The authors that point the teacher exports	1.260349762333135e-07	1.260349762333135e-07	22.9196720123291	22.9196720123291
1337	gpt2	1338	669	7	export	subj_rel	expected	The authors that point the teacher export	1.1394306653755849e-07	1.1394306653755849e-07	23.065183639526367	23.065183639526367
1338	gpt2	1339	670	7	expose	subj_rel	unexpected	The authors that point the teacher exposes	6.881562057969859e-07	6.881562057969859e-07	20.470760345458984	20.470760345458984
1339	gpt2	1340	670	7	expose	subj_rel	expected	The authors that point the teacher expose	5.688741111953277e-06	5.688741111953277e-06	17.423460006713867	17.423460006713867
1340	gpt2	1341	671	7	express	subj_rel	unexpected	The authors that point the teacher expresses	3.548194058566878e-07	3.548194058566878e-07	21.42641258239746	21.42641258239746
1341	gpt2	1342	671	7	express	subj_rel	expected	The authors that point the teacher express	4.919290404359344e-06	4.919290404359344e-06	17.63311767578125	17.63311767578125
1342	gpt2	1343	672	7	expunge	subj_rel	unexpected	The authors that point the teacher expunges	0.01879426830078044	0.01879426830078044	9.942997614542644	9.942997614542644
1343	gpt2	1344	672	7	expunge	subj_rel	expected	The authors that point the teacher expunge	0.0721429579512763	0.0721429579512763	8.867329518000286	8.867329518000286
1344	gpt2	1345	673	7	extend	subj_rel	unexpected	The authors that point the teacher extends	1.1651757176878164e-06	1.1651757176878164e-06	19.711021423339844	19.711021423339844
1345	gpt2	1346	673	7	extend	subj_rel	expected	The authors that point the teacher extend	6.232788223314856e-07	6.232788223314856e-07	20.613618850708008	20.613618850708008
1346	gpt2	1347	674	7	extinguish	subj_rel	unexpected	The authors that point the teacher extinguishes	0.03820769267998964	0.03820769267998964	12.65187931060791	12.65187931060791
1347	gpt2	1348	674	7	extinguish	subj_rel	expected	The authors that point the teacher extinguish	0.32805819216095244	0.32805819216095244	11.100868284702301	11.100868284702301
1348	gpt2	1349	675	7	extort	subj_rel	unexpected	The authors that point the teacher extorts	0.0024662426300209937	0.0024662426300209937	13.137359857559204	13.137359857559204
1349	gpt2	1350	675	7	extort	subj_rel	expected	The authors that point the teacher extort	0.014936069361851843	0.014936069361851843	11.83784794807434	11.83784794807434
1350	gpt2	1351	676	7	extract	subj_rel	unexpected	The authors that point the teacher extracts	1.1299302968836855e-06	1.1299302968836855e-06	19.755334854125977	19.755334854125977
1351	gpt2	1352	676	7	extract	subj_rel	expected	The authors that point the teacher extract	8.913491456041811e-07	8.913491456041811e-07	20.097505569458008	20.097505569458008
1352	gpt2	1353	677	7	extricate	subj_rel	unexpected	The authors that point the teacher extricates	0.07177285872398896	0.07177285872398896	8.717341899871826	8.717341899871826
1353	gpt2	1354	677	7	extricate	subj_rel	expected	The authors that point the teacher extricate	0.054165184721341554	0.054165184721341554	8.877440849939982	8.877440849939982
1354	gpt2	1355	678	7	fabricate	subj_rel	unexpected	The authors that point the teacher fabricates	0.003554090048623927	0.003554090048623927	13.073731422424318	13.073731422424318
1355	gpt2	1356	678	7	fabricate	subj_rel	expected	The authors that point the teacher fabricate	0.056063559261588125	0.056063559261588125	11.083795905113222	11.083795905113222
1356	gpt2	1357	679	7	face	subj_rel	unexpected	The authors that point the teacher faces	2.021655745920725e-05	2.021655745920725e-05	15.59410285949707	15.59410285949707
1357	gpt2	1358	679	7	face	subj_rel	expected	The authors that point the teacher face	0.0002517615212127	0.0002517615212127	11.95565414428711	11.95565414428711
1358	gpt2	1359	680	7	facilitate	subj_rel	unexpected	The authors that point the teacher facilitates	2.180066331902708e-07	2.180066331902708e-07	22.12912368774414	22.12912368774414
1359	gpt2	1360	680	7	facilitate	subj_rel	expected	The authors that point the teacher facilitate	2.547764097471372e-07	2.547764097471372e-07	21.90426445007324	21.90426445007324
1360	gpt2	1361	681	7	factor	subj_rel	unexpected	The authors that point the teacher factors	6.937470061529893e-06	6.937470061529893e-06	17.13715934753418	17.13715934753418
1361	gpt2	1362	681	7	factor	subj_rel	expected	The authors that point the teacher factor	1.515641179139493e-05	1.515641179139493e-05	16.00971221923828	16.00971221923828
1362	gpt2	1363	682	7	fade	subj_rel	unexpected	The authors that point the teacher fades	3.142046267612386e-08	3.142046267612386e-08	24.92371940612793	24.92371940612793
1363	gpt2	1364	682	7	fade	subj_rel	expected	The authors that point the teacher fade	3.7235373895327946e-08	3.7235373895327946e-08	24.67875099182129	24.67875099182129
1364	gpt2	1365	683	7	fail	subj_rel	unexpected	The authors that point the teacher fails	1.4120755622570869e-05	1.4120755622570869e-05	16.11182403564453	16.11182403564453
1365	gpt2	1366	683	7	fail	subj_rel	expected	The authors that point the teacher fail	2.6780544430948797e-05	2.6780544430948797e-05	15.18845558166504	15.18845558166504
1366	gpt2	1367	684	7	fall	subj_rel	unexpected	The authors that point the teacher falls	1.954952949745348e-06	1.954952949745348e-06	18.964435577392575	18.964435577392575
1367	gpt2	1368	684	7	fall	subj_rel	expected	The authors that point the teacher fall	2.698523348954041e-05	2.698523348954041e-05	15.177470207214355	15.177470207214355
1368	gpt2	1369	685	7	falsify	subj_rel	unexpected	The authors that point the teacher falsifies	0.021088109717538807	0.021088109717538807	11.752459049224854	11.752459049224854
1369	gpt2	1370	685	7	falsify	subj_rel	expected	The authors that point the teacher falsify	0.05974989141600416	0.05974989141600416	11.001183867454529	11.001183867454529
1370	gpt2	1371	686	7	familiarize	subj_rel	unexpected	The authors that point the teacher familiarizes	0.009824215853313896	0.009824215853313896	11.274186134338379	11.274186134338379
1371	gpt2	1372	686	7	familiarize	subj_rel	expected	The authors that point the teacher familiarize	0.057593696238200195	0.057593696238200195	9.9981849193573	9.9981849193573
1372	gpt2	1373	687	8	fantasize	subj_rel	unexpected	The customers that promote the managers fantasizes	0.008064610452521445	0.008064610452521445	13.38582444190979	13.38582444190979
1373	gpt2	1374	687	8	fantasize	subj_rel	expected	The customers that promote the managers fantasize	0.42511546848075454	0.42511546848075454	10.52574758976698	10.52574758976698
1374	gpt2	1375	688	8	fare	subj_rel	unexpected	The customers that promote the managers fares	4.089455160283251e-06	4.089455160283251e-06	17.899660110473633	17.899660110473633
1375	gpt2	1376	688	8	fare	subj_rel	expected	The customers that promote the managers fare	6.698431661789073e-06	6.698431661789073e-06	17.187746047973633	17.187746047973633
1376	gpt2	1377	689	8	farm	subj_rel	unexpected	The customers that promote the managers farms	2.885534968299908e-06	2.885534968299908e-06	18.402729034423828	18.402729034423828
1377	gpt2	1378	689	8	farm	subj_rel	expected	The customers that promote the managers farm	7.174918209784664e-06	7.174918209784664e-06	17.088605880737305	17.088605880737305
1378	gpt2	1379	690	8	fashion	subj_rel	unexpected	The customers that promote the managers fashions	0.3399553849831136	0.3399553849831136	6.875854944189389	6.875854944189389
1379	gpt2	1380	690	8	fashion	subj_rel	expected	The customers that promote the managers fashion	1.160152351076249e-05	1.160152351076249e-05	16.395326614379883	16.395326614379883
1380	gpt2	1381	691	8	favor	subj_rel	unexpected	The customers that promote the managers favors	2.7825603865494486e-06	2.7825603865494486e-06	18.455156326293945	18.455156326293945
1381	gpt2	1382	691	8	favor	subj_rel	expected	The customers that promote the managers favor	6.789375038351864e-05	6.789375038351864e-05	13.846362113952637	13.846362113952637
1382	gpt2	1383	692	8	fear	subj_rel	unexpected	The customers that promote the managers fears	4.813228315470042e-06	4.813228315470042e-06	17.66456413269043	17.66456413269043
1383	gpt2	1384	692	8	fear	subj_rel	expected	The customers that promote the managers fear	0.0001125372800743	0.0001125372800743	13.1173095703125	13.1173095703125
1384	gpt2	1385	693	8	feature	subj_rel	unexpected	The customers that promote the managers features	0.0002058836689684	0.0002058836689684	12.245882987976074	12.245882987976074
1385	gpt2	1386	693	8	feature	subj_rel	expected	The customers that promote the managers feature	0.0006916397251188	0.0006916397251188	10.497692108154297	10.497692108154297
1386	gpt2	1387	694	8	feed	subj_rel	unexpected	The customers that promote the managers feeds	2.551337274780962e-06	2.551337274780962e-06	18.58031463623047	18.58031463623047
1387	gpt2	1388	694	8	feed	subj_rel	expected	The customers that promote the managers feed	6.056219717720524e-05	6.056219717720524e-05	14.011222839355469	14.011222839355469
1388	gpt2	1389	695	8	feel	subj_rel	unexpected	The customers that promote the managers feels	2.459361348883249e-05	2.459361348883249e-05	15.311356544494627	15.311356544494627
1389	gpt2	1390	695	8	feel	subj_rel	expected	The customers that promote the managers feel	0.0005756907630711	0.0005756907630711	10.762418746948242	10.762418746948242
1390	gpt2	1391	696	8	fend	subj_rel	unexpected	The customers that promote the managers fends	0.0002728112804106298	0.0002728112804106298	13.259246826171875	13.259246826171875
1391	gpt2	1392	696	8	fend	subj_rel	expected	The customers that promote the managers fend	2.104371645827996e-07	2.104371645827996e-07	22.18010711669922	22.18010711669922
1392	gpt2	1393	697	8	ferret	subj_rel	unexpected	The customers that promote the managers ferrets	0.018960437574293082	0.018960437574293082	12.819833278656006	12.819833278656006
1393	gpt2	1394	697	8	ferret	subj_rel	expected	The customers that promote the managers ferret	0.10087662080755418	0.10087662080755418	11.61406147480011	11.61406147480011
1394	gpt2	1395	698	8	ferry	subj_rel	unexpected	The customers that promote the managers ferries	0.02776155697634408	0.02776155697634408	12.544781923294067	12.544781923294067
1395	gpt2	1396	698	8	ferry	subj_rel	expected	The customers that promote the managers ferry	6.366304319271876e-07	6.366304319271876e-07	20.58304023742676	20.58304023742676
1396	gpt2	1397	699	8	fester	subj_rel	unexpected	The customers that promote the managers festers	0.0001899891713037298	0.0001899891713037298	13.5321683883667	13.5321683883667
1397	gpt2	1398	699	8	fester	subj_rel	expected	The customers that promote the managers fester	0.0011315328074487797	0.0011315328074487797	12.212789058685303	12.212789058685303
1398	gpt2	1399	700	8	fetch	subj_rel	unexpected	The customers that promote the managers fetches	0.08087731324079071	0.08087731324079071	11.904486060142517	11.904486060142517
1399	gpt2	1400	700	8	fetch	subj_rel	expected	The customers that promote the managers fetch	6.550376951963699e-07	6.550376951963699e-07	20.54191780090332	20.54191780090332
1400	gpt2	1401	701	8	field	subj_rel	unexpected	The customers that promote the managers fields	1.1024736522813328e-05	1.1024736522813328e-05	16.468896865844727	16.468896865844727
1401	gpt2	1402	701	8	field	subj_rel	expected	The customers that promote the managers field	2.857701656466816e-05	2.857701656466816e-05	15.0947847366333	15.0947847366333
1402	gpt2	1403	702	8	fight	subj_rel	unexpected	The customers that promote the managers fights	5.1427664402581286e-06	5.1427664402581286e-06	17.56902313232422	17.56902313232422
1403	gpt2	1404	702	8	fight	subj_rel	expected	The customers that promote the managers fight	3.66992135241162e-05	3.66992135241162e-05	14.733891487121582	14.733891487121582
1404	gpt2	1405	703	8	figure	subj_rel	unexpected	The customers that promote the managers figures	2.260145265609026e-05	2.260145265609026e-05	15.43322467803955	15.43322467803955
1405	gpt2	1406	703	8	figure	subj_rel	expected	The customers that promote the managers figure	7.119873771443963e-05	7.119873771443963e-05	13.777789115905762	13.777789115905762
1406	gpt2	1407	704	8	file	subj_rel	unexpected	The customers that promote the managers files	1.7841339285951108e-05	1.7841339285951108e-05	15.77441692352295	15.77441692352295
1407	gpt2	1408	704	8	file	subj_rel	expected	The customers that promote the managers file	3.8171045162016526e-05	3.8171045162016526e-05	14.677162170410156	14.677162170410156
1408	gpt2	1409	705	8	fill	subj_rel	unexpected	The customers that promote the managers fills	1.6732972198951757e-06	1.6732972198951757e-06	19.188875198364254	19.188875198364254
1409	gpt2	1410	705	8	fill	subj_rel	expected	The customers that promote the managers fill	1.2609293662535492e-05	1.2609293662535492e-05	16.2751522064209	16.2751522064209
1410	gpt2	1411	706	8	finance	subj_rel	unexpected	The customers that promote the managers finances	2.2403580715035787e-06	2.2403580715035787e-06	18.76783943176269	18.76783943176269
1411	gpt2	1412	706	8	finance	subj_rel	expected	The customers that promote the managers finance	3.2234952414000877e-06	3.2234952414000877e-06	18.242942810058597	18.242942810058597
1412	gpt2	1413	707	8	find	subj_rel	unexpected	The customers that promote the managers finds	9.054873771674464e-06	9.054873771674464e-06	16.75287437438965	16.75287437438965
1413	gpt2	1414	707	8	find	subj_rel	expected	The customers that promote the managers find	0.0002428606239845	0.0002428606239845	12.007583618164062	12.007583618164062
1414	gpt2	1415	708	8	fine-tune	subj_rel	unexpected	The customers that promote the managers fine-tunines	0.023081545916284064	0.023081545916284064	10.44393515586853	10.44393515586853
1415	gpt2	1416	708	8	fine-tune	subj_rel	expected	The customers that promote the managers fine-tune	0.023081545916284064	0.023081545916284064	10.44393515586853	10.44393515586853
1416	gpt2	1417	709	8	fine	subj_rel	unexpected	The customers that promote the managers fines	4.21818810991681e-07	4.21818810991681e-07	21.17687225341797	21.17687225341797
1417	gpt2	1418	709	8	fine	subj_rel	expected	The customers that promote the managers fine	1.116695420932956e-05	1.116695420932956e-05	16.45040512084961	16.45040512084961
1418	gpt2	1419	710	8	finger	subj_rel	unexpected	The customers that promote the managers fingers	1.0978608315781455e-06	1.0978608315781455e-06	19.796873092651367	19.796873092651367
1419	gpt2	1420	710	8	finger	subj_rel	expected	The customers that promote the managers finger	4.513697149377549e-07	4.513697149377549e-07	21.07918739318848	21.07918739318848
1420	gpt2	1421	711	8	finish	subj_rel	unexpected	The customers that promote the managers finishes	1.904567454857897e-07	1.904567454857897e-07	22.324033737182617	22.324033737182617
1421	gpt2	1422	711	8	finish	subj_rel	expected	The customers that promote the managers finish	3.4517945550760487e-06	3.4517945550760487e-06	18.144222259521484	18.144222259521484
1422	gpt2	1423	712	8	fire	subj_rel	unexpected	The customers that promote the managers fires	1.2876586197307915e-06	1.2876586197307915e-06	19.566818237304688	19.566818237304688
1423	gpt2	1424	712	8	fire	subj_rel	expected	The customers that promote the managers fire	8.641736712888815e-06	8.641736712888815e-06	16.820247650146484	16.820247650146484
1424	gpt2	1425	713	8	firm	subj_rel	unexpected	The customers that promote the managers firms	1.1078023817390203e-05	1.1078023817390203e-05	16.46194076538086	16.46194076538086
1425	gpt2	1426	713	8	firm	subj_rel	expected	The customers that promote the managers firm	1.0662006388884038e-05	1.0662006388884038e-05	16.517162322998047	16.517162322998047
1426	gpt2	1427	714	8	fit	subj_rel	unexpected	The customers that promote the managers fits	4.477258244151017e-06	4.477258244151017e-06	17.768953323364258	17.768953323364258
1427	gpt2	1428	714	8	fit	subj_rel	expected	The customers that promote the managers fit	6.851400394225493e-05	6.851400394225493e-05	13.83324146270752	13.83324146270752
1428	gpt2	1429	715	8	fix	subj_rel	unexpected	The customers that promote the managers fixes	2.019167141042999e-06	2.019167141042999e-06	18.917808532714844	18.917808532714844
1429	gpt2	1430	715	8	fix	subj_rel	expected	The customers that promote the managers fix	1.404009344696533e-05	1.404009344696533e-05	16.120088577270508	16.120088577270508
1430	gpt2	1431	716	8	flash	subj_rel	unexpected	The customers that promote the managers flashes	3.401117965040612e-07	3.401117965040612e-07	21.48748779296875	21.48748779296875
1431	gpt2	1432	716	8	flash	subj_rel	expected	The customers that promote the managers flash	3.183024773534271e-06	3.183024773534271e-06	18.26116943359375	18.26116943359375
1432	gpt2	1433	717	8	flatten	subj_rel	unexpected	The customers that promote the managers flattens	0.03983599722068473	0.03983599722068473	13.000685214996338	13.000685214996338
1433	gpt2	1434	717	8	flatten	subj_rel	expected	The customers that promote the managers flatten	0.39825141831915545	0.39825141831915545	11.339916229248047	11.339916229248047
1434	gpt2	1435	718	8	flaunt	subj_rel	unexpected	The customers that promote the managers flaunts	0.0033950089509743966	0.0033950089509743966	11.209625959396362	11.209625959396362
1435	gpt2	1436	718	8	flaunt	subj_rel	expected	The customers that promote the managers flaunt	0.0573033207128901	0.0573033207128901	9.168420314788818	9.168420314788818
1436	gpt2	1437	719	8	flay	subj_rel	unexpected	The customers that promote the managers flays	3.221719634893816e-05	3.221719634893816e-05	14.946052074432373	14.946052074432373
1437	gpt2	1438	719	8	flay	subj_rel	expected	The customers that promote the managers flay	0.0006170295910123966	0.0006170295910123966	12.452397346496582	12.452397346496582
1438	gpt2	1439	720	8	flee	subj_rel	unexpected	The customers that promote the managers flees	0.07112727172761876	0.07112727172761876	10.694404125213623	10.694404125213623
1439	gpt2	1440	720	8	flee	subj_rel	expected	The customers that promote the managers flee	5.524501830223016e-06	5.524501830223016e-06	17.46572494506836	17.46572494506836
1440	gpt2	1441	721	8	flinch	subj_rel	unexpected	The customers that promote the managers flinches	2.8555830795085058e-05	2.8555830795085058e-05	15.10013198852539	15.10013198852539
1441	gpt2	1442	721	8	flinch	subj_rel	expected	The customers that promote the managers flinch	0.0029821224543411465	0.0029821224543411465	11.303553342819214	11.303553342819214
1442	gpt2	1443	722	8	flip	subj_rel	unexpected	The customers that promote the managers flips	1.1183909975898133e-07	1.1183909975898133e-07	23.092071533203125	23.092071533203125
1443	gpt2	1444	722	8	flip	subj_rel	expected	The customers that promote the managers flip	9.124738653554232e-07	9.124738653554232e-07	20.06371307373047	20.06371307373047
1444	gpt2	1445	723	8	float	subj_rel	unexpected	The customers that promote the managers floats	5.0548862873256446e-08	5.0548862873256446e-08	24.23774528503418	24.23774528503418
1445	gpt2	1446	723	8	float	subj_rel	expected	The customers that promote the managers float	5.99758720909449e-07	5.99758720909449e-07	20.66911506652832	20.66911506652832
1446	gpt2	1447	724	8	flood	subj_rel	unexpected	The customers that promote the managers floods	2.3475782029436234e-07	2.3475782029436234e-07	22.02232360839844	22.02232360839844
1447	gpt2	1448	724	8	flood	subj_rel	expected	The customers that promote the managers flood	2.0850593500654213e-06	2.0850593500654213e-06	18.87148094177246	18.87148094177246
1448	gpt2	1449	725	8	flounder	subj_rel	unexpected	The customers that promote the managers flounders	0.01417546849916103	0.01417546849916103	8.784350395202637	8.784350395202637
1449	gpt2	1450	725	8	flounder	subj_rel	expected	The customers that promote the managers flounder	0.2636242894477618	0.2636242894477618	7.119750946760178	7.119750946760178
1450	gpt2	1451	726	8	flourish	subj_rel	unexpected	The customers that promote the managers flourishes	0.470423926671856	0.470423926671856	9.157796368002892	9.157796368002892
1451	gpt2	1452	726	8	flourish	subj_rel	expected	The customers that promote the managers flourish	8.487106697430136e-07	8.487106697430136e-07	20.1682243347168	20.1682243347168
1452	gpt2	1453	727	8	flow	subj_rel	unexpected	The customers that promote the managers flows	4.175761603164574e-07	4.175761603164574e-07	21.19145774841309	21.19145774841309
1453	gpt2	1454	727	8	flow	subj_rel	expected	The customers that promote the managers flow	1.0702593499445356e-05	1.0702593499445356e-05	16.511680603027344	16.511680603027344
1454	gpt2	1455	728	8	fluctuate	subj_rel	unexpected	The customers that promote the managers fluctuates	0.055966426148870596	0.055966426148870596	10.313870906829834	10.313870906829834
1455	gpt2	1456	728	8	fluctuate	subj_rel	expected	The customers that promote the managers fluctuate	0.40982948289797605	0.40982948289797605	8.877645090222359	8.877645090222359
1456	gpt2	1457	729	8	flush	subj_rel	unexpected	The customers that promote the managers flushes	0.00011276432087469664	0.00011276432087469664	13.752497673034668	13.752497673034668
1457	gpt2	1458	729	8	flush	subj_rel	expected	The customers that promote the managers flush	1.0266736580888391e-06	1.0266736580888391e-06	19.893590927124023	19.893590927124023
1458	gpt2	1459	730	8	fly	subj_rel	unexpected	The customers that promote the managers flies	1.7566267160873394e-06	1.7566267160873394e-06	19.11876106262207	19.11876106262207
1459	gpt2	1460	730	8	fly	subj_rel	expected	The customers that promote the managers fly	1.134367357735755e-05	1.134367357735755e-05	16.427753448486328	16.427753448486328
1460	gpt2	1461	731	8	focus	subj_rel	unexpected	The customers that promote the managers focuses	1.7717358787194826e-05	1.7717358787194826e-05	15.78447723388672	15.78447723388672
1461	gpt2	1462	731	8	focus	subj_rel	expected	The customers that promote the managers focus	0.000224653922487	0.000224653922487	12.12000846862793	12.12000846862793
1462	gpt2	1463	732	8	fog	subj_rel	unexpected	The customers that promote the managers fogs	0.0001545377081128798	0.0001545377081128798	13.690293788909912	13.690293788909912
1463	gpt2	1464	732	8	fog	subj_rel	expected	The customers that promote the managers fog	1.1357170848214083e-07	1.1357170848214083e-07	23.06989288330078	23.06989288330078
1464	gpt2	1465	733	8	foil	subj_rel	unexpected	The customers that promote the managers foils	0.006777435052072173	0.006777435052072173	12.711950302124023	12.711950302124023
1465	gpt2	1466	733	8	foil	subj_rel	expected	The customers that promote the managers foil	3.977220046635921e-07	3.977220046635921e-07	21.26173591613769	21.26173591613769
1466	gpt2	1467	734	8	fold	subj_rel	unexpected	The customers that promote the managers folds	2.3148882632995085e-07	2.3148882632995085e-07	22.04255485534668	22.04255485534668
1467	gpt2	1468	734	8	fold	subj_rel	expected	The customers that promote the managers fold	1.0503231351322029e-06	1.0503231351322029e-06	19.860734939575195	19.860734939575195
1468	gpt2	1469	735	8	follow	subj_rel	unexpected	The customers that promote the managers follows	1.1149587407999206e-05	1.1149587407999206e-05	16.45265007019043	16.45265007019043
1469	gpt2	1470	735	8	follow	subj_rel	expected	The customers that promote the managers follow	0.0001186157387564	0.0001186157387564	13.041417121887209	13.041417121887209
1470	gpt2	1471	736	8	fool	subj_rel	unexpected	The customers that promote the managers fools	1.9128388828448808e-07	1.9128388828448808e-07	22.317781448364254	22.317781448364254
1471	gpt2	1472	736	8	fool	subj_rel	expected	The customers that promote the managers fool	9.916302587953396e-07	9.916302587953396e-07	19.94369506835937	19.94369506835937
1472	gpt2	1473	737	8	foot	subj_rel	unexpected	The customers that promote the managers foots	0.011303530545092106	0.011303530545092106	11.577107906341553	11.577107906341553
1473	gpt2	1474	737	8	foot	subj_rel	expected	The customers that promote the managers foot	4.739510131912539e-06	4.739510131912539e-06	17.686830520629883	17.686830520629883
1474	gpt2	1475	738	8	force	subj_rel	unexpected	The customers that promote the managers forces	1.1719129361154046e-05	1.1719129361154046e-05	16.380775451660156	16.380775451660156
1475	gpt2	1476	738	8	force	subj_rel	expected	The customers that promote the managers force	6.913518154760823e-05	6.913518154760823e-05	13.820219993591309	13.820219993591309
1476	gpt2	1477	739	8	forecast	subj_rel	unexpected	The customers that promote the managers forecasts	1.4312579423858551e-06	1.4312579423858551e-06	19.41428565979004	19.41428565979004
1477	gpt2	1478	739	8	forecast	subj_rel	expected	The customers that promote the managers forecast	3.142199375361088e-06	3.142199375361088e-06	18.279794692993164	18.279794692993164
1478	gpt2	1479	740	8	foresee	subj_rel	unexpected	The customers that promote the managers foresees	0.3356999110020145	0.3356999110020145	7.877174101769925	7.877174101769925
1479	gpt2	1480	740	8	foresee	subj_rel	expected	The customers that promote the managers foresee	4.3556087803153787e-07	4.3556087803153787e-07	21.13062286376953	21.13062286376953
1480	gpt2	1481	741	8	forfeit	subj_rel	unexpected	The customers that promote the managers forfeits	0.011079343433493658	0.011079343433493658	12.733480930328367	12.733480930328367
1481	gpt2	1482	741	8	forfeit	subj_rel	expected	The customers that promote the managers forfeit	1.5761082750032074e-06	1.5761082750032074e-06	19.27520179748535	19.27520179748535
1482	gpt2	1483	742	8	forget	subj_rel	unexpected	The customers that promote the managers forgets	0.42828344751168856	0.42828344751168856	10.271730236709116	10.271730236709116
1483	gpt2	1484	742	8	forget	subj_rel	expected	The customers that promote the managers forget	3.1275994842872024e-05	3.1275994842872024e-05	14.964584350585938	14.964584350585938
1484	gpt2	1485	743	8	forge	subj_rel	unexpected	The customers that promote the managers forges	0.0036384900186021323	0.0036384900186021323	11.397092819213867	11.397092819213867
1485	gpt2	1486	743	8	forge	subj_rel	expected	The customers that promote the managers forge	7.385436902040965e-07	7.385436902040965e-07	20.36881256103516	20.36881256103516
1486	gpt2	1487	744	8	forgive	subj_rel	unexpected	The customers that promote the managers forgives	0.004361386522845106	0.004361386522845106	13.580610275268553	13.580610275268553
1487	gpt2	1488	744	8	forgive	subj_rel	expected	The customers that promote the managers forgive	6.958915719224024e-07	6.958915719224024e-07	20.454633712768555	20.454633712768555
1488	gpt2	1489	745	8	forgo	subj_rel	unexpected	The customers that promote the managers forgoes	0.00344729677090067	0.00344729677090067	9.961960474650065	9.961960474650065
1489	gpt2	1490	745	8	forgo	subj_rel	expected	The customers that promote the managers forgo	0.0036518743345368048	0.0036518743345368048	10.761642932891846	10.761642932891846
1490	gpt2	1491	746	8	formulate	subj_rel	unexpected	The customers that promote the managers formulates	0.0013402120457612712	0.0013402120457612712	11.12876844406128	11.12876844406128
1491	gpt2	1492	746	8	formulate	subj_rel	expected	The customers that promote the managers formulate	5.869211463505053e-07	5.869211463505053e-07	20.70033073425293	20.70033073425293
1492	gpt2	1493	747	8	form	subj_rel	unexpected	The customers that promote the managers forms	3.646155391834327e-06	3.646155391834327e-06	18.06519317626953	18.06519317626953
1493	gpt2	1494	747	8	form	subj_rel	expected	The customers that promote the managers form	7.659518450964242e-05	7.659518450964242e-05	13.67238712310791	13.67238712310791
1494	gpt2	1495	748	8	foster	subj_rel	unexpected	The customers that promote the managers fosters	0.29167387925826915	0.29167387925826915	9.261535167694092	9.261535167694092
1495	gpt2	1496	748	8	foster	subj_rel	expected	The customers that promote the managers foster	1.104877128454973e-06	1.104877128454973e-06	19.78768348693848	19.78768348693848
1496	gpt2	1497	749	8	frame	subj_rel	unexpected	The customers that promote the managers frames	1.5797680816831416e-06	1.5797680816831416e-06	19.2718563079834	19.2718563079834
1497	gpt2	1498	749	8	frame	subj_rel	expected	The customers that promote the managers frame	3.025884097951348e-06	3.025884097951348e-06	18.334211349487305	18.334211349487305
1498	gpt2	1499	750	8	franchise	subj_rel	unexpected	The customers that promote the managers franchises	2.0156667233095504e-05	2.0156667233095504e-05	15.598382949829102	15.598382949829102
1499	gpt2	1500	750	8	franchise	subj_rel	expected	The customers that promote the managers franchise	0.0001010063788271	0.0001010063788271	13.273265838623049	13.273265838623049
1500	gpt2	1501	751	8	free	subj_rel	unexpected	The customers that promote the managers frees	0.07756184858999404	0.07756184858999404	9.937239408493042	9.937239408493042
1501	gpt2	1502	751	8	free	subj_rel	expected	The customers that promote the managers free	8.880926907295361e-05	8.880926907295361e-05	13.458930015563965	13.458930015563965
1502	gpt2	1503	752	8	freeze	subj_rel	unexpected	The customers that promote the managers freezes	2.2830890600289427e-07	2.2830890600289427e-07	22.062509536743164	22.062509536743164
1503	gpt2	1504	752	8	freeze	subj_rel	expected	The customers that promote the managers freeze	4.036911832372425e-06	4.036911832372425e-06	17.918315887451172	17.918315887451172
1504	gpt2	1505	753	8	freight	subj_rel	unexpected	The customers that promote the managers freights	0.0002025961553044457	0.0002025961553044457	14.239546298980713	14.239546298980713
1505	gpt2	1506	753	8	freight	subj_rel	expected	The customers that promote the managers freight	4.6229226313698746e-07	4.6229226313698746e-07	21.04469108581543	21.04469108581543
1506	gpt2	1507	754	8	fret	subj_rel	unexpected	The customers that promote the managers frets	0.003207616301096996	0.003207616301096996	12.235849618911743	12.235849618911743
1507	gpt2	1508	754	8	fret	subj_rel	expected	The customers that promote the managers fret	7.098713012965163e-07	7.098713012965163e-07	20.425939559936523	20.425939559936523
1508	gpt2	1509	755	8	frighten	subj_rel	unexpected	The customers that promote the managers frightens	0.012251291554292673	0.012251291554292673	13.189301252365114	13.189301252365114
1509	gpt2	1510	755	8	frighten	subj_rel	expected	The customers that promote the managers frighten	0.46989497089745674	0.46989497089745674	10.558621596544983	10.558621596544983
1510	gpt2	1511	756	8	frolic	subj_rel	unexpected	The customers that promote the managers frolics	0.01128514284067701	0.01128514284067701	10.649696191151937	10.649696191151937
1511	gpt2	1512	756	8	frolic	subj_rel	expected	The customers that promote the managers frolic	0.009136103826364166	0.009136103826364166	12.972612857818604	12.972612857818604
1512	gpt2	1513	757	8	frustrate	subj_rel	unexpected	The customers that promote the managers frustrates	0.008224948501094747	0.008224948501094747	12.648087501525879	12.648087501525879
1513	gpt2	1514	757	8	frustrate	subj_rel	expected	The customers that promote the managers frustrate	0.49107252825598374	0.49107252825598374	9.698131019249558	9.698131019249558
1514	gpt2	1515	758	8	fudge	subj_rel	unexpected	The customers that promote the managers fudges	0.031866938326250684	0.031866938326250684	8.208329836527506	8.208329836527506
1515	gpt2	1516	758	8	fudge	subj_rel	expected	The customers that promote the managers fudge	0.01138813395573378	0.01138813395573378	10.541491746902466	10.541491746902466
1516	gpt2	1517	759	8	fuel	subj_rel	unexpected	The customers that promote the managers fuels	1.88468595752056e-06	1.88468595752056e-06	19.017244338989254	19.017244338989254
1517	gpt2	1518	759	8	fuel	subj_rel	expected	The customers that promote the managers fuel	3.7120605611562496e-06	3.7120605611562496e-06	18.03934860229492	18.03934860229492
1518	gpt2	1519	760	8	fulfill	subj_rel	unexpected	The customers that promote the managers fulfills	0.42102264507477116	0.42102264507477116	11.00544410943985	11.00544410943985
1519	gpt2	1520	760	8	fulfill	subj_rel	expected	The customers that promote the managers fulfill	1.8697196537686975e-06	1.8697196537686975e-06	19.02874565124512	19.02874565124512
1520	gpt2	1521	761	8	function	subj_rel	unexpected	The customers that promote the managers functions	2.366769331274554e-05	2.366769331274554e-05	15.366721153259276	15.366721153259276
1521	gpt2	1522	761	8	function	subj_rel	expected	The customers that promote the managers function	9.40169411478564e-05	9.40169411478564e-05	13.37671947479248	13.37671947479248
1522	gpt2	1523	762	8	fund	subj_rel	unexpected	The customers that promote the managers funds	3.1917443266138434e-05	3.1917443266138434e-05	14.935295104980469	14.935295104980469
1523	gpt2	1524	762	8	fund	subj_rel	expected	The customers that promote the managers fund	4.0562244976172224e-05	4.0562244976172224e-05	14.589503288269045	14.589503288269045
1524	gpt2	1525	763	8	funnel	subj_rel	unexpected	The customers that promote the managers funnels	0.034358869039351696	0.034358869039351696	10.38286817073822	10.38286817073822
1525	gpt2	1526	763	8	funnel	subj_rel	expected	The customers that promote the managers funnel	8.23971458885353e-06	8.23971458885353e-06	16.888975143432617	16.888975143432617
1526	gpt2	1527	764	8	furnish	subj_rel	unexpected	The customers that promote the managers furnishes	0.0693266050519696	0.0693266050519696	11.672598719596863	11.672598719596863
1527	gpt2	1528	764	8	furnish	subj_rel	expected	The customers that promote the managers furnish	1.5656216874049278e-06	1.5656216874049278e-06	19.284832000732425	19.284832000732425
1528	gpt2	1529	765	8	further	subj_rel	unexpected	The customers that promote the managers furthers	0.0004531339964159581	0.0004531339964159581	12.265477180480957	12.265477180480957
1529	gpt2	1530	765	8	further	subj_rel	expected	The customers that promote the managers further	4.806826837011613e-05	4.806826837011613e-05	14.344555854797363	14.344555854797363
1530	gpt2	1531	766	8	gain	subj_rel	unexpected	The customers that promote the managers gains	1.3016306183999404e-05	1.3016306183999404e-05	16.229320526123047	16.229320526123047
1531	gpt2	1532	766	8	gain	subj_rel	expected	The customers that promote the managers gain	7.465264934580773e-05	7.465264934580773e-05	13.709446907043455	13.709446907043455
1532	gpt2	1533	767	8	galvanize	subj_rel	unexpected	The customers that promote the managers galvanizes	0.01183832738503551	0.01183832738503551	14.153931856155396	14.153931856155396
1533	gpt2	1534	767	8	galvanize	subj_rel	expected	The customers that promote the managers galvanize	0.21725546218409875	0.21725546218409875	12.05500054359436	12.05500054359436
1534	gpt2	1535	768	8	gamble	subj_rel	unexpected	The customers that promote the managers gambles	0.03308020750114336	0.03308020750114336	11.624215960502625	11.624215960502625
1535	gpt2	1536	768	8	gamble	subj_rel	expected	The customers that promote the managers gamble	2.6171862828050507e-06	2.6171862828050507e-06	18.54355239868164	18.54355239868164
1536	gpt2	1537	769	8	garden	subj_rel	unexpected	The customers that promote the managers gardens	2.5543952233419982e-06	2.5543952233419982e-06	18.57858657836914	18.57858657836914
1537	gpt2	1538	769	8	garden	subj_rel	expected	The customers that promote the managers garden	5.104575393488631e-06	5.104575393488631e-06	17.579776763916016	17.579776763916016
1538	gpt2	1539	770	8	garner	subj_rel	unexpected	The customers that promote the managers garners	0.01703625030123131	0.01703625030123131	13.292747259140013	13.292747259140013
1539	gpt2	1540	770	8	garner	subj_rel	expected	The customers that promote the managers garner	5.285548354549974e-07	5.285548354549974e-07	20.85144424438477	20.85144424438477
1540	gpt2	1541	771	8	gasp	subj_rel	unexpected	The customers that promote the managers gasps	0.0007108242555204628	0.0007108242555204628	13.517836570739746	13.517836570739746
1541	gpt2	1542	771	8	gasp	subj_rel	expected	The customers that promote the managers gasp	4.881512722931802e-07	4.881512722931802e-07	20.96616744995117	20.96616744995117
1542	gpt2	1543	772	8	gather	subj_rel	unexpected	The customers that promote the managers gathers	7.158866424106236e-07	7.158866424106236e-07	20.41376495361328	20.41376495361328
1543	gpt2	1544	772	8	gather	subj_rel	expected	The customers that promote the managers gather	9.845108252193311e-06	9.845108252193311e-06	16.63216209411621	16.63216209411621
1544	gpt2	1545	773	8	gauge	subj_rel	unexpected	The customers that promote the managers gauges	0.09264525862369054	0.09264525862369054	11.759687542915344	11.759687542915344
1545	gpt2	1546	773	8	gauge	subj_rel	expected	The customers that promote the managers gauge	4.096512839169009e-06	4.096512839169009e-06	17.897172927856445	17.897172927856445
1546	gpt2	1547	774	8	gender	subj_rel	unexpected	The customers that promote the managers genders	1.1193690170330228e-06	1.1193690170330228e-06	19.768882751464844	19.768882751464844
1547	gpt2	1548	774	8	gender	subj_rel	expected	The customers that promote the managers gender	7.516267032769974e-06	7.516267032769974e-06	17.02155303955078	17.02155303955078
1548	gpt2	1549	775	8	generalize	subj_rel	unexpected	The customers that promote the managers generalizes	0.0001364997169730083	0.0001364997169730083	13.416527271270752	13.416527271270752
1549	gpt2	1550	775	8	generalize	subj_rel	expected	The customers that promote the managers generalize	0.0006187058843352084	0.0006187058843352084	12.247661590576172	12.247661590576172
1550	gpt2	1551	776	8	generate	subj_rel	unexpected	The customers that promote the managers generates	4.4182484089105856e-06	4.4182484089105856e-06	17.78809356689453	17.78809356689453
1551	gpt2	1552	776	8	generate	subj_rel	expected	The customers that promote the managers generate	2.6736268409877084e-05	2.6736268409877084e-05	15.190842628479004	15.190842628479004
1552	gpt2	1553	777	8	get	subj_rel	unexpected	The customers that promote the managers gets	5.300818884279579e-05	5.300818884279579e-05	14.203425407409668	14.203425407409668
1553	gpt2	1554	777	8	get	subj_rel	expected	The customers that promote the managers get	0.00098982907366	0.00098982907366	9.9805326461792	9.9805326461792
1554	gpt2	1555	778	8	give	subj_rel	unexpected	The customers that promote the managers gives	6.924603803781793e-05	6.924603803781793e-05	13.817909240722656	13.817909240722656
1555	gpt2	1556	778	8	give	subj_rel	expected	The customers that promote the managers give	0.0003889527579303	0.0003889527579303	11.328117370605469	11.328117370605469
1556	gpt2	1557	779	8	glamorize	subj_rel	unexpected	The customers that promote the managers glamorizes	0.26738324099176225	0.26738324099176225	8.967514475186666	8.967514475186666
1557	gpt2	1558	779	8	glamorize	subj_rel	expected	The customers that promote the managers glamorize	0.3772307062113593	0.3772307062113593	7.22600797812144	7.22600797812144
1558	gpt2	1559	780	8	glaze	subj_rel	unexpected	The customers that promote the managers glazes	0.0003625366354071896	0.0003625366354071896	14.529265403747559	14.529265403747559
1559	gpt2	1560	780	8	glaze	subj_rel	expected	The customers that promote the managers glaze	0.03822980902452854	0.03822980902452854	11.166608452796936	11.166608452796936
1560	gpt2	1561	781	8	glean	subj_rel	unexpected	The customers that promote the managers gleans	0.000374689736418065	0.000374689736418065	13.508592128753662	13.508592128753662
1561	gpt2	1562	781	8	glean	subj_rel	expected	The customers that promote the managers glean	9.546970431983937e-07	9.546970431983937e-07	19.99845314025879	19.99845314025879
1562	gpt2	1563	782	8	glide	subj_rel	unexpected	The customers that promote the managers glides	0.00818456138779309	0.00818456138779309	12.278554677963257	12.278554677963257
1563	gpt2	1564	782	8	glide	subj_rel	expected	The customers that promote the managers glide	2.874294864341209e-07	2.874294864341209e-07	21.73028945922852	21.73028945922852
1564	gpt2	1565	783	8	gloat	subj_rel	unexpected	The customers that promote the managers gloats	0.0681925110973225	0.0681925110973225	8.600663582483927	8.600663582483927
1565	gpt2	1566	783	8	gloat	subj_rel	expected	The customers that promote the managers gloat	0.13273303292055513	0.13273303292055513	10.268713057041168	10.268713057041168
1566	gpt2	1567	784	8	gloss	subj_rel	unexpected	The customers that promote the managers glosses	0.009683717144753206	0.009683717144753206	11.590399742126465	11.590399742126465
1567	gpt2	1568	784	8	gloss	subj_rel	expected	The customers that promote the managers gloss	5.4316783462127205e-06	5.4316783462127205e-06	17.490171432495117	17.490171432495117
1568	gpt2	1569	785	9	glut	subj_rel	unexpected	The teachers that join the teachers gluts	1.9136184789658728e-05	1.9136184789658728e-05	17.58778953552246	17.58778953552246
1569	gpt2	1570	785	9	glut	subj_rel	expected	The teachers that join the teachers glut	3.783381430366717e-07	3.783381430366717e-07	21.333820343017575	21.333820343017575
1570	gpt2	1571	786	9	gon	subj_rel	unexpected	The teachers that join the teachers gons	0.00016391469853260454	0.00016391469853260454	13.64784288406372	13.64784288406372
1571	gpt2	1572	786	9	gon	subj_rel	expected	The teachers that join the teachers gon	3.1646912646010605e-08	3.1646912646010605e-08	24.913360595703125	24.913360595703125
1572	gpt2	1573	787	9	gore	subj_rel	unexpected	The teachers that join the teachers gores	0.0003850807888738545	0.0003850807888738545	13.005723476409912	13.005723476409912
1573	gpt2	1574	787	9	gore	subj_rel	expected	The teachers that join the teachers gore	2.2138831212714652e-08	2.2138831212714652e-08	25.42884635925293	25.42884635925293
1574	gpt2	1575	788	9	go	subj_rel	unexpected	The teachers that join the teachers goes	2.4072340238490145e-05	2.4072340238490145e-05	15.34226417541504	15.34226417541504
1575	gpt2	1576	788	9	go	subj_rel	expected	The teachers that join the teachers go	0.0001753856486175	0.0001753856486175	12.477181434631348	12.477181434631348
1576	gpt2	1577	789	9	govern	subj_rel	unexpected	The teachers that join the teachers governs	2.137641104127397e-07	2.137641104127397e-07	22.1574764251709	22.1574764251709
1577	gpt2	1578	789	9	govern	subj_rel	expected	The teachers that join the teachers govern	1.2101510264983515e-06	1.2101510264983515e-06	19.656381607055664	19.656381607055664
1578	gpt2	1579	790	9	grab	subj_rel	unexpected	The teachers that join the teachers grabs	6.138711938774577e-08	6.138711938774577e-08	23.957489013671875	23.957489013671875
1579	gpt2	1580	790	9	grab	subj_rel	expected	The teachers that join the teachers grab	8.249554070971499e-07	8.249554070971499e-07	20.20918083190918	20.20918083190918
1580	gpt2	1581	791	9	grace	subj_rel	unexpected	The teachers that join the teachers graces	0.0014218662352049926	0.0014218662352049926	13.101244449615479	13.101244449615479
1581	gpt2	1582	791	9	grace	subj_rel	expected	The teachers that join the teachers grace	6.336841806842131e-07	6.336841806842131e-07	20.589733123779297	20.589733123779297
1582	gpt2	1583	792	9	grant	subj_rel	unexpected	The teachers that join the teachers grants	5.228577720117755e-06	5.228577720117755e-06	17.545150756835938	17.545150756835938
1583	gpt2	1584	792	9	grant	subj_rel	expected	The teachers that join the teachers grant	3.660134825622663e-05	3.660134825622663e-05	14.737743377685549	14.737743377685549
1584	gpt2	1585	793	9	grapple	subj_rel	unexpected	The teachers that join the teachers grapples	0.04614727360674919	0.04614727360674919	11.73342204093933	11.73342204093933
1585	gpt2	1586	793	9	grapple	subj_rel	expected	The teachers that join the teachers grapple	4.932088586429018e-07	4.932088586429018e-07	20.95129776000977	20.95129776000977
1586	gpt2	1587	794	9	grasp	subj_rel	unexpected	The teachers that join the teachers grasps	0.3348127418786741	0.3348127418786741	8.234502800740302	8.234502800740302
1587	gpt2	1588	794	9	grasp	subj_rel	expected	The teachers that join the teachers grasp	6.703514827677282e-07	6.703514827677282e-07	20.50857925415039	20.50857925415039
1588	gpt2	1589	795	9	grimace	subj_rel	unexpected	The teachers that join the teachers grimaces	0.08360358554892851	0.08360358554892851	11.660416960716248	11.660416960716248
1589	gpt2	1590	795	9	grimace	subj_rel	expected	The teachers that join the teachers grimace	0.13062173355393722	0.13062173355393722	11.338536977767944	11.338536977767944
1590	gpt2	1591	796	9	ground	subj_rel	unexpected	The teachers that join the teachers grounds	9.843563475442352e-07	9.843563475442352e-07	19.954315185546875	19.954315185546875
1591	gpt2	1592	796	9	ground	subj_rel	expected	The teachers that join the teachers ground	2.669640707608778e-06	2.669640707608778e-06	18.514923095703125	18.514923095703125
1592	gpt2	1593	797	9	group	subj_rel	unexpected	The teachers that join the teachers groups	0.001440302003175	0.001440302003175	9.439413070678713	9.439413070678713
1593	gpt2	1594	797	9	group	subj_rel	expected	The teachers that join the teachers group	0.0188984405249357	0.0188984405249357	5.725588798522949	5.725588798522949
1594	gpt2	1595	798	9	growth	subj_rel	unexpected	The teachers that join the teachers growths	0.0003477458799352366	0.0003477458799352366	13.611329078674316	13.611329078674316
1595	gpt2	1596	798	9	growth	subj_rel	expected	The teachers that join the teachers growth	9.305103048973253e-06	9.305103048973253e-06	16.713546752929688	16.713546752929688
1596	gpt2	1597	799	9	grow	subj_rel	unexpected	The teachers that join the teachers grows	2.437681359879207e-06	2.437681359879207e-06	18.646059036254883	18.646059036254883
1597	gpt2	1598	799	9	grow	subj_rel	expected	The teachers that join the teachers grow	1.017336944642011e-05	1.017336944642011e-05	16.584842681884766	16.584842681884766
1598	gpt2	1599	800	9	guarantee	subj_rel	unexpected	The teachers that join the teachers guarantees	1.6605035852990111e-06	1.6605035852990111e-06	19.19994735717773	19.19994735717773
1599	gpt2	1600	800	9	guarantee	subj_rel	expected	The teachers that join the teachers guarantee	2.2766207621316426e-05	2.2766207621316426e-05	15.422746658325195	15.422746658325195
1600	gpt2	1601	801	9	guard	subj_rel	unexpected	The teachers that join the teachers guards	5.140037728779134e-07	5.140037728779134e-07	20.8917179107666	20.8917179107666
1601	gpt2	1602	801	9	guard	subj_rel	expected	The teachers that join the teachers guard	3.38368818120216e-06	3.38368818120216e-06	18.172971725463867	18.172971725463867
1602	gpt2	1603	802	9	guess	subj_rel	unexpected	The teachers that join the teachers guesses	2.329779036358559e-08	2.329779036358559e-08	25.35523223876953	25.35523223876953
1603	gpt2	1604	802	9	guess	subj_rel	expected	The teachers that join the teachers guess	2.307993014483145e-07	2.307993014483145e-07	22.046857833862305	22.046857833862305
1604	gpt2	1605	803	9	guide	subj_rel	unexpected	The teachers that join the teachers guides	1.423645358045178e-06	1.423645358045178e-06	19.42197799682617	19.42197799682617
1605	gpt2	1606	803	9	guide	subj_rel	expected	The teachers that join the teachers guide	1.5471405276912265e-05	1.5471405276912265e-05	15.980035781860352	15.980035781860352
1606	gpt2	1607	804	9	gut	subj_rel	unexpected	The teachers that join the teachers guts	1.225569548068961e-07	1.225569548068961e-07	22.960044860839844	22.960044860839844
1607	gpt2	1608	804	9	gut	subj_rel	expected	The teachers that join the teachers gut	4.468230088150449e-07	4.468230088150449e-07	21.093793869018555	21.093793869018555
1608	gpt2	1609	805	9	guzzle	subj_rel	unexpected	The teachers that join the teachers guzzles	0.022079959679217595	0.022079959679217595	10.003660996754965	10.003660996754965
1609	gpt2	1610	805	9	guzzle	subj_rel	expected	The teachers that join the teachers guzzle	0.004819291429328094	0.004819291429328094	13.253317832946777	13.253317832946777
1610	gpt2	1611	806	9	hack	subj_rel	unexpected	The teachers that join the teachers hacks	2.9179869187601074e-08	2.9179869187601074e-08	25.03045082092285	25.03045082092285
1611	gpt2	1612	806	9	hack	subj_rel	expected	The teachers that join the teachers hack	6.413837922991661e-07	6.413837922991661e-07	20.572309494018555	20.572309494018555
1612	gpt2	1613	807	9	halt	subj_rel	unexpected	The teachers that join the teachers halts	0.1200448164437091	0.1200448164437091	11.214191555976868	11.214191555976868
1613	gpt2	1614	807	9	halt	subj_rel	expected	The teachers that join the teachers halt	2.629383573093947e-07	2.629383573093947e-07	21.85877227783203	21.85877227783203
1614	gpt2	1615	808	9	halve	subj_rel	unexpected	The teachers that join the teachers halves	1.0358509427987884e-07	1.0358509427987884e-07	23.202680587768555	23.202680587768555
1615	gpt2	1616	808	9	halve	subj_rel	expected	The teachers that join the teachers halve	0.08545421452262754	0.08545421452262754	11.459367275238037	11.459367275238037
1616	gpt2	1617	809	9	hammer	subj_rel	unexpected	The teachers that join the teachers hammers	0.49567778626648357	0.49567778626648357	10.545812910422683	10.545812910422683
1617	gpt2	1618	809	9	hammer	subj_rel	expected	The teachers that join the teachers hammer	6.47455635771621e-07	6.47455635771621e-07	20.5587158203125	20.5587158203125
1618	gpt2	1619	810	9	hamper	subj_rel	unexpected	The teachers that join the teachers hampers	0.33265859417224414	0.33265859417224414	8.840603381861001	8.840603381861001
1619	gpt2	1620	810	9	hamper	subj_rel	expected	The teachers that join the teachers hamper	0.10010605152422158	0.10010605152422158	10.628268122673035	10.628268122673035
1620	gpt2	1621	811	9	handicap	subj_rel	unexpected	The teachers that join the teachers handicaps	0.07262882078111939	0.07262882078111939	12.472052812576294	12.472052812576294
1621	gpt2	1622	811	9	handicap	subj_rel	expected	The teachers that join the teachers handicap	0.14125086600006398	0.14125086600006398	11.992229461669922	11.992229461669922
1622	gpt2	1623	812	9	handle	subj_rel	unexpected	The teachers that join the teachers handles	2.87793739062181e-07	2.87793739062181e-07	21.72846221923828	21.72846221923828
1623	gpt2	1624	812	9	handle	subj_rel	expected	The teachers that join the teachers handle	1.8646625221663271e-06	1.8646625221663271e-06	19.03265380859375	19.03265380859375
1624	gpt2	1625	813	9	hand	subj_rel	unexpected	The teachers that join the teachers hands	2.253292586829048e-05	2.253292586829048e-05	15.43760585784912	15.43760585784912
1625	gpt2	1626	813	9	hand	subj_rel	expected	The teachers that join the teachers hand	5.35917206434533e-05	5.35917206434533e-05	14.187630653381348	14.187630653381348
1626	gpt2	1627	814	9	hang	subj_rel	unexpected	The teachers that join the teachers hangs	7.737687042208563e-07	7.737687042208563e-07	20.301593780517575	20.301593780517575
1627	gpt2	1628	814	9	hang	subj_rel	expected	The teachers that join the teachers hang	3.893264420185005e-06	3.893264420185005e-06	17.97058868408203	17.97058868408203
1628	gpt2	1629	815	9	happen	subj_rel	unexpected	The teachers that join the teachers happens	1.1402802329030235e-06	1.1402802329030235e-06	19.74217987060547	19.74217987060547
1629	gpt2	1630	815	9	happen	subj_rel	expected	The teachers that join the teachers happen	1.1676775102387182e-06	1.1676775102387182e-06	19.70792579650879	19.70792579650879
1630	gpt2	1631	816	9	harass	subj_rel	unexpected	The teachers that join the teachers harasses	0.0008647604161495711	0.0008647604161495711	15.71250915527344	15.71250915527344
1631	gpt2	1632	816	9	harass	subj_rel	expected	The teachers that join the teachers harass	2.0056322114214709e-07	2.0056322114214709e-07	22.249439239501957	22.249439239501957
1632	gpt2	1633	817	9	harm	subj_rel	unexpected	The teachers that join the teachers harms	5.079689344711369e-07	5.079689344711369e-07	20.90875625610352	20.90875625610352
1633	gpt2	1634	817	9	harm	subj_rel	expected	The teachers that join the teachers harm	8.657801799927256e-07	8.657801799927256e-07	20.13949584960937	20.13949584960937
1634	gpt2	1635	818	9	hasten	subj_rel	unexpected	The teachers that join the teachers hastens	0.007355319911546576	0.007355319911546576	14.199431419372557	14.199431419372557
1635	gpt2	1636	818	9	hasten	subj_rel	expected	The teachers that join the teachers hasten	0.4754623837004672	0.4754623837004672	11.192222412675617	11.192222412675617
1636	gpt2	1637	819	9	hate	subj_rel	unexpected	The teachers that join the teachers hates	3.1820779895497253e-06	3.1820779895497253e-06	18.261598587036133	18.261598587036133
1637	gpt2	1638	819	9	hate	subj_rel	expected	The teachers that join the teachers hate	0.0001099328728741	0.0001099328728741	13.151089668273926	13.151089668273926
1638	gpt2	1639	820	9	haul	subj_rel	unexpected	The teachers that join the teachers hauls	0.007404478565149471	0.007404478565149471	11.152931928634644	11.152931928634644
1639	gpt2	1640	820	9	haul	subj_rel	expected	The teachers that join the teachers haul	3.301636297692312e-07	3.301636297692312e-07	21.53031539916992	21.53031539916992
1640	gpt2	1641	821	9	haunt	subj_rel	unexpected	The teachers that join the teachers haunts	0.49163967795996344	0.49163967795996344	13.417092523537576	13.417092523537576
1641	gpt2	1642	821	9	haunt	subj_rel	expected	The teachers that join the teachers haunt	4.3729375676093696e-08	4.3729375676093696e-08	24.446821212768555	24.446821212768555
1642	gpt2	1643	822	9	have	subj_rel	unexpected	The teachers that join the teachers haves	0.03868944041460052	0.03868944041460052	9.959683299064636	9.959683299064636
1643	gpt2	1644	822	9	have	subj_rel	expected	The teachers that join the teachers have	0.006376230623573	0.006376230623573	7.2930803298950195	7.2930803298950195
1644	gpt2	1645	823	9	head	subj_rel	unexpected	The teachers that join the teachers heads	1.2568090824061072e-05	1.2568090824061072e-05	16.279874801635742	16.279874801635742
1645	gpt2	1646	823	9	head	subj_rel	expected	The teachers that join the teachers head	6.444599421229213e-05	6.444599421229213e-05	13.921549797058104	13.921549797058104
1646	gpt2	1647	824	9	heal	subj_rel	unexpected	The teachers that join the teachers heals	1.5859443180943344e-07	1.5859443180943344e-07	22.588153839111328	22.588153839111328
1647	gpt2	1648	824	9	heal	subj_rel	expected	The teachers that join the teachers heal	1.4921724869054742e-06	1.4921724869054742e-06	19.354154586791992	19.354154586791992
1648	gpt2	1649	825	9	hear	subj_rel	unexpected	The teachers that join the teachers hears	8.280894689960405e-07	8.280894689960405e-07	20.203710556030277	20.203710556030277
1649	gpt2	1650	825	9	hear	subj_rel	expected	The teachers that join the teachers hear	6.027476047165692e-06	6.027476047165692e-06	17.340015411376953	17.340015411376953
1650	gpt2	1651	826	9	heat	subj_rel	unexpected	The teachers that join the teachers heats	9.463966677003557e-08	9.463966677003557e-08	23.332979202270508	23.332979202270508
1651	gpt2	1652	826	9	heat	subj_rel	expected	The teachers that join the teachers heat	2.8843339805462165e-07	2.8843339805462165e-07	21.72525787353516	21.72525787353516
1652	gpt2	1653	827	9	hedge	subj_rel	unexpected	The teachers that join the teachers hedges	0.07884129096674286	0.07884129096674286	12.60627782344818	12.60627782344818
1653	gpt2	1654	827	9	hedge	subj_rel	expected	The teachers that join the teachers hedge	6.36936533737753e-07	6.36936533737753e-07	20.582347869873047	20.582347869873047
1654	gpt2	1655	828	9	heed	subj_rel	unexpected	The teachers that join the teachers heeds	0.0020862962992395997	0.0020862962992395997	10.626529932022095	10.626529932022095
1655	gpt2	1656	828	9	heed	subj_rel	expected	The teachers that join the teachers heed	1.1874821126411916e-07	1.1874821126411916e-07	23.005590438842773	23.005590438842773
1656	gpt2	1657	829	9	heighten	subj_rel	unexpected	The teachers that join the teachers heightens	0.054438398111571445	0.054438398111571445	13.046568512916565	13.046568512916565
1657	gpt2	1658	829	9	heighten	subj_rel	expected	The teachers that join the teachers heighten	0.43520921923588674	0.43520921923588674	11.547061443328857	11.547061443328857
1658	gpt2	1659	830	9	help	subj_rel	unexpected	The teachers that join the teachers helps	1.747264468576759e-05	1.747264468576759e-05	15.804542541503906	15.804542541503906
1659	gpt2	1660	830	9	help	subj_rel	expected	The teachers that join the teachers help	6.54893447062932e-05	6.54893447062932e-05	13.898380279541016	13.898380279541016
1660	gpt2	1661	831	9	herald	subj_rel	unexpected	The teachers that join the teachers heralds	0.012483735734399178	0.012483735734399178	14.268898010253906	14.268898010253906
1661	gpt2	1662	831	9	herald	subj_rel	expected	The teachers that join the teachers herald	1.02776638755131e-07	1.02776638755131e-07	23.2139835357666	23.2139835357666
1662	gpt2	1663	832	9	hesitate	subj_rel	unexpected	The teachers that join the teachers hesitates	0.1821867762339053	0.1821867762339053	11.460920691490173	11.460920691490173
1663	gpt2	1664	832	9	hesitate	subj_rel	expected	The teachers that join the teachers hesitate	8.539196869605803e-07	8.539196869605803e-07	20.15939712524414	20.15939712524414
1664	gpt2	1665	833	9	hide	subj_rel	unexpected	The teachers that join the teachers hides	1.0129368632760817e-07	1.0129368632760817e-07	23.234952926635746	23.234952926635746
1665	gpt2	1666	833	9	hide	subj_rel	expected	The teachers that join the teachers hide	9.958305327018024e-07	9.958305327018024e-07	19.937597274780277	19.937597274780277
1666	gpt2	1667	834	9	highlight	subj_rel	unexpected	The teachers that join the teachers highlights	5.226401640356926e-07	5.226401640356926e-07	20.867677688598636	20.867677688598636
1667	gpt2	1668	834	9	highlight	subj_rel	expected	The teachers that join the teachers highlight	1.1240587127758772e-06	1.1240587127758772e-06	19.76285171508789	19.76285171508789
1668	gpt2	1669	835	9	hinder	subj_rel	unexpected	The teachers that join the teachers hinders	0.16810745059743934	0.16810745059743934	12.119627475738525	12.119627475738525
1669	gpt2	1670	835	9	hinder	subj_rel	expected	The teachers that join the teachers hinder	4.697442932410922e-07	4.697442932410922e-07	21.02162170410156	21.02162170410156
1670	gpt2	1671	836	9	hinge	subj_rel	unexpected	The teachers that join the teachers hinges	2.537001364544267e-07	2.537001364544267e-07	21.910371780395508	21.910371780395508
1671	gpt2	1672	836	9	hinge	subj_rel	expected	The teachers that join the teachers hinge	1.2422982820226025e-07	1.2422982820226025e-07	22.94048500061035	22.94048500061035
1672	gpt2	1673	837	9	hint	subj_rel	unexpected	The teachers that join the teachers hints	9.00828425187683e-08	9.00828425187683e-08	23.404172897338867	23.404172897338867
1673	gpt2	1674	837	9	hint	subj_rel	expected	The teachers that join the teachers hint	1.835577592146365e-07	1.835577592146365e-07	22.37726211547852	22.37726211547852
1674	gpt2	1675	838	9	hire	subj_rel	unexpected	The teachers that join the teachers hires	2.345422217331361e-06	2.345422217331361e-06	18.70172119140625	18.70172119140625
1675	gpt2	1676	838	9	hire	subj_rel	expected	The teachers that join the teachers hire	9.575534022587815e-06	9.575534022587815e-06	16.672216415405273	16.672216415405273
1676	gpt2	1677	839	9	hit	subj_rel	unexpected	The teachers that join the teachers hits	3.699547903579514e-07	3.699547903579514e-07	21.36614799499512	21.36614799499512
1677	gpt2	1678	839	9	hit	subj_rel	expected	The teachers that join the teachers hit	3.172540891682729e-05	3.172540891682729e-05	14.944002151489258	14.944002151489258
1678	gpt2	1679	840	9	hoe	subj_rel	unexpected	The teachers that join the teachers hoes	0.0002281854376633128	0.0002281854376633128	13.854171752929688	13.854171752929688
1679	gpt2	1680	840	9	hoe	subj_rel	expected	The teachers that join the teachers hoe	0.006789035758629313	0.006789035758629313	11.390912532806396	11.390912532806396
1680	gpt2	1681	841	9	hold	subj_rel	unexpected	The teachers that join the teachers holds	6.227544872672297e-06	6.227544872672297e-06	17.292905807495117	17.292905807495117
1681	gpt2	1682	841	9	hold	subj_rel	expected	The teachers that join the teachers hold	3.518521043588407e-05	3.518521043588407e-05	14.794671058654783	14.794671058654783
1682	gpt2	1683	842	9	holler	subj_rel	unexpected	The teachers that join the teachers hollers	0.13350552352373293	0.13350552352373293	8.912591258684794	8.912591258684794
1683	gpt2	1684	842	9	holler	subj_rel	expected	The teachers that join the teachers holler	0.010728326755270213	0.010728326755270213	11.06063985824585	11.06063985824585
1684	gpt2	1685	843	9	homer	subj_rel	unexpected	The teachers that join the teachers homers	1.1974350400123512e-07	1.1974350400123512e-07	22.993549346923828	22.993549346923828
1685	gpt2	1686	843	9	homer	subj_rel	expected	The teachers that join the teachers homer	1.3509321661331344e-07	1.3509321661331344e-07	22.819541931152344	22.819541931152344
1686	gpt2	1687	844	9	hone	subj_rel	unexpected	The teachers that join the teachers hones	0.00017888778347696277	0.00017888778347696277	14.034316062927246	14.034316062927246
1687	gpt2	1688	844	9	hone	subj_rel	expected	The teachers that join the teachers hone	1.4190197816787986e-07	1.4190197816787986e-07	22.74860191345215	22.74860191345215
1688	gpt2	1689	845	9	honor	subj_rel	unexpected	The teachers that join the teachers honors	1.9078687785167858e-07	1.9078687785167858e-07	22.321535110473636	22.321535110473636
1689	gpt2	1690	845	9	honor	subj_rel	expected	The teachers that join the teachers honor	2.348394446016755e-06	2.348394446016755e-06	18.699893951416016	18.699893951416016
1690	gpt2	1691	846	9	hope	subj_rel	unexpected	The teachers that join the teachers hopes	3.465516101641697e-06	3.465516101641697e-06	18.13849830627441	18.13849830627441
1691	gpt2	1692	846	9	hope	subj_rel	expected	The teachers that join the teachers hope	1.8247441403218545e-05	1.8247441403218545e-05	15.74194622039795	15.74194622039795
1692	gpt2	1693	847	9	host	subj_rel	unexpected	The teachers that join the teachers hosts	1.926129698404111e-06	1.926129698404111e-06	18.985864639282227	18.985864639282227
1693	gpt2	1694	847	9	host	subj_rel	expected	The teachers that join the teachers host	1.7420599760953337e-05	1.7420599760953337e-05	15.808846473693848	15.808846473693848
1694	gpt2	1695	848	9	house	subj_rel	unexpected	The teachers that join the teachers houses	2.426677610856132e-06	2.426677610856132e-06	18.652585983276367	18.652585983276367
1695	gpt2	1696	848	9	house	subj_rel	expected	The teachers that join the teachers house	4.23011661041528e-05	4.23011661041528e-05	14.528943061828612	14.528943061828612
1696	gpt2	1697	849	9	hum	subj_rel	unexpected	The teachers that join the teachers hums	0.0011667711253835168	0.0011667711253835168	14.35597038269043	14.35597038269043
1697	gpt2	1698	849	9	hum	subj_rel	expected	The teachers that join the teachers hum	9.75013449533435e-07	9.75013449533435e-07	19.968074798583984	19.968074798583984
1698	gpt2	1699	850	9	hurry	subj_rel	unexpected	The teachers that join the teachers hurries	0.02844829429753303	0.02844829429753303	13.048801183700562	13.048801183700562
1699	gpt2	1700	850	9	hurry	subj_rel	expected	The teachers that join the teachers hurry	1.1646791335806483e-06	1.1646791335806483e-06	19.71163558959961	19.71163558959961
1700	gpt2	1701	851	9	hurt	subj_rel	unexpected	The teachers that join the teachers hurts	1.1296555157969124e-06	1.1296555157969124e-06	19.75568580627441	19.75568580627441
1701	gpt2	1702	851	9	hurt	subj_rel	expected	The teachers that join the teachers hurt	2.864019052140065e-06	2.864019052140065e-06	18.41352653503418	18.41352653503418
1702	gpt2	1703	852	9	identify	subj_rel	unexpected	The teachers that join the teachers identifies	5.212424412093242e-07	5.212424412093242e-07	20.87154197692871	20.87154197692871
1703	gpt2	1704	852	9	identify	subj_rel	expected	The teachers that join the teachers identify	4.467328835744411e-06	4.467328835744411e-06	17.77215576171875	17.77215576171875
1704	gpt2	1705	853	9	idle	subj_rel	unexpected	The teachers that join the teachers idles	0.02483057606895044	0.02483057606895044	11.69022512435913	11.69022512435913
1705	gpt2	1706	853	9	idle	subj_rel	expected	The teachers that join the teachers idle	1.1184251036411297e-07	1.1184251036411297e-07	23.09202766418457	23.09202766418457
1706	gpt2	1707	854	9	ignite	subj_rel	unexpected	The teachers that join the teachers ignites	0.14200441003075426	0.14200441003075426	12.475996255874634	12.475996255874634
1707	gpt2	1708	854	9	ignite	subj_rel	expected	The teachers that join the teachers ignite	3.3895240392212145e-08	3.3895240392212145e-08	24.814342498779297	24.814342498779297
1708	gpt2	1709	855	9	ignore	subj_rel	unexpected	The teachers that join the teachers ignores	1.052930656442186e-06	1.052930656442186e-06	19.857158660888672	19.857158660888672
1709	gpt2	1710	855	9	ignore	subj_rel	expected	The teachers that join the teachers ignore	4.235071173752658e-06	4.235071173752658e-06	17.84918212890625	17.84918212890625
1710	gpt2	1711	856	9	illuminate	subj_rel	unexpected	The teachers that join the teachers illuminates	0.2005658488689429	0.2005658488689429	8.019955039024353	8.019955039024353
1711	gpt2	1712	856	9	illuminate	subj_rel	expected	The teachers that join the teachers illuminate	1.2893481837750189e-08	1.2893481837750189e-08	26.20878219604492	26.20878219604492
1712	gpt2	1713	857	9	illustrate	subj_rel	unexpected	The teachers that join the teachers illustrates	6.069442974876438e-07	6.069442974876438e-07	20.651931762695312	20.651931762695312
1713	gpt2	1714	857	9	illustrate	subj_rel	expected	The teachers that join the teachers illustrate	1.4190691217663698e-06	1.4190691217663698e-06	19.426624298095703	19.426624298095703
1714	gpt2	1715	858	9	imagine	subj_rel	unexpected	The teachers that join the teachers imagines	0.3368533067391155	0.3368533067391155	12.992513000965118	12.992513000965118
1715	gpt2	1716	858	9	imagine	subj_rel	expected	The teachers that join the teachers imagine	1.22773667499132e-06	1.22773667499132e-06	19.63556671142578	19.63556671142578
1716	gpt2	1717	859	9	impact	subj_rel	unexpected	The teachers that join the teachers impacts	2.281138904436375e-07	2.281138904436375e-07	22.06374168395996	22.06374168395996
1717	gpt2	1718	859	9	impact	subj_rel	expected	The teachers that join the teachers impact	3.895790086971829e-06	3.895790086971829e-06	17.96965217590332	17.96965217590332
1718	gpt2	1719	860	9	impair	subj_rel	unexpected	The teachers that join the teachers impairs	0.000954915878281768	0.000954915878281768	14.966216564178467	14.966216564178467
1719	gpt2	1720	860	9	impair	subj_rel	expected	The teachers that join the teachers impair	1.5573048628425568e-08	1.5573048628425568e-08	25.936372756958008	25.936372756958008
1720	gpt2	1721	861	9	impede	subj_rel	unexpected	The teachers that join the teachers impedes	0.22487782292366273	0.22487782292366273	12.229465901851654	12.229465901851654
1721	gpt2	1722	861	9	impede	subj_rel	expected	The teachers that join the teachers impede	3.6393308278093173e-07	3.6393308278093173e-07	21.38982391357422	21.38982391357422
1722	gpt2	1723	862	9	implement	subj_rel	unexpected	The teachers that join the teachers implements	1.655095616115432e-07	1.655095616115432e-07	22.526582717895508	22.526582717895508
1723	gpt2	1724	862	9	implement	subj_rel	expected	The teachers that join the teachers implement	4.10330039812834e-06	4.10330039812834e-06	17.89478302001953	17.89478302001953
1724	gpt2	1725	863	9	implicate	subj_rel	unexpected	The teachers that join the teachers implicates	7.279529285140434e-05	7.279529285140434e-05	16.89902400970459	16.89902400970459
1725	gpt2	1726	863	9	implicate	subj_rel	expected	The teachers that join the teachers implicate	0.0013900840921792044	0.0013900840921792044	14.769262790679932	14.769262790679932
1726	gpt2	1727	864	9	imply	subj_rel	unexpected	The teachers that join the teachers implies	1.811807351259631e-06	1.811807351259631e-06	19.074138641357425	19.074138641357425
1727	gpt2	1728	864	9	imply	subj_rel	expected	The teachers that join the teachers imply	8.232389632212289e-07	8.232389632212289e-07	20.21218490600586	20.21218490600586
1728	gpt2	1729	865	9	import	subj_rel	unexpected	The teachers that join the teachers imports	7.06928133809015e-08	7.06928133809015e-08	23.75386047363281	23.75386047363281
1729	gpt2	1730	865	9	import	subj_rel	expected	The teachers that join the teachers import	2.363825473139514e-07	2.363825473139514e-07	22.01237297058105	22.01237297058105
1730	gpt2	1731	866	9	impose	subj_rel	unexpected	The teachers that join the teachers imposes	3.031023538824229e-07	3.031023538824229e-07	21.6536922454834	21.6536922454834
1731	gpt2	1732	866	9	impose	subj_rel	expected	The teachers that join the teachers impose	2.6054519821627764e-06	2.6054519821627764e-06	18.55003547668457	18.55003547668457
1732	gpt2	1733	867	9	impound	subj_rel	unexpected	The teachers that join the teachers impounds	0.00025123534553016805	0.00025123534553016805	15.929924488067627	15.929924488067627
1733	gpt2	1734	867	9	impound	subj_rel	expected	The teachers that join the teachers impound	0.024532767412637168	0.024532767412637168	12.624434471130371	12.624434471130371
1734	gpt2	1735	868	9	impress	subj_rel	unexpected	The teachers that join the teachers impresses	0.0029623611899012143	0.0029623611899012143	14.283576250076294	14.283576250076294
1735	gpt2	1736	868	9	impress	subj_rel	expected	The teachers that join the teachers impress	4.244174647283217e-07	4.244174647283217e-07	21.168012619018555	21.168012619018555
1736	gpt2	1737	869	9	imprison	subj_rel	unexpected	The teachers that join the teachers imprisons	0.33223723173415465	0.33223723173415465	9.687199789720276	9.687199789720276
1737	gpt2	1738	869	9	imprison	subj_rel	expected	The teachers that join the teachers imprison	1.836774465857616e-08	1.836774465857616e-08	25.69824981689453	25.69824981689453
1738	gpt2	1739	870	9	improve	subj_rel	unexpected	The teachers that join the teachers improves	1.8141448663300253e-06	1.8141448663300253e-06	19.07227897644043	19.07227897644043
1739	gpt2	1740	870	9	improve	subj_rel	expected	The teachers that join the teachers improve	2.252261401736177e-05	2.252261401736177e-05	15.438265800476074	15.438265800476074
1740	gpt2	1741	871	9	impugn	subj_rel	unexpected	The teachers that join the teachers impugns	0.014953598957144211	0.014953598957144211	10.803156216939291	10.803156216939291
1741	gpt2	1742	871	9	impugn	subj_rel	expected	The teachers that join the teachers impugn	0.2998786981089741	0.2998786981089741	8.647548506657282	8.647548506657282
1742	gpt2	1743	872	9	incarcerate	subj_rel	unexpected	The teachers that join the teachers incarcerates	0.005229926006884201	0.005229926006884201	17.605802297592163	17.605802297592163
1743	gpt2	1744	872	9	incarcerate	subj_rel	expected	The teachers that join the teachers incarcerate	0.48632595063188755	0.48632595063188755	14.336307428777216	14.336307428777216
1744	gpt2	1745	873	9	inch	subj_rel	unexpected	The teachers that join the teachers inches	3.759253530688511e-08	3.759253530688511e-08	24.66497802734375	24.66497802734375
1745	gpt2	1746	873	9	inch	subj_rel	expected	The teachers that join the teachers inch	4.0112414723125767e-08	4.0112414723125767e-08	24.57137680053711	24.57137680053711
1746	gpt2	1747	874	9	include	subj_rel	unexpected	The teachers that join the teachers includes	2.1058995116618465e-05	2.1058995116618465e-05	15.53520393371582	15.53520393371582
1747	gpt2	1748	874	9	include	subj_rel	expected	The teachers that join the teachers include	0.0002854728663805	0.0002854728663805	11.774358749389648	11.774358749389648
1748	gpt2	1749	875	9	incorporate	subj_rel	unexpected	The teachers that join the teachers incorporates	3.233506333799596e-07	3.233506333799596e-07	21.56039810180664	21.56039810180664
1749	gpt2	1750	875	9	incorporate	subj_rel	expected	The teachers that join the teachers incorporate	7.077244390529813e-07	7.077244390529813e-07	20.430309295654297	20.430309295654297
1750	gpt2	1751	876	9	increased	subj_rel	unexpected	The teachers that join the teachers increaseds	7.754583521091263e-06	7.754583521091263e-06	17.02393341064453	17.02393341064453
1751	gpt2	1752	876	9	increased	subj_rel	expected	The teachers that join the teachers increased	9.710460290079936e-06	9.710460290079936e-06	16.652029037475586	16.652029037475586
1752	gpt2	1753	877	9	increase	subj_rel	unexpected	The teachers that join the teachers increases	2.7905753086088225e-06	2.7905753086088225e-06	18.451005935668945	18.451005935668945
1753	gpt2	1754	877	9	increase	subj_rel	expected	The teachers that join the teachers increase	1.7639669749769382e-05	1.7639669749769382e-05	15.790817260742188	15.790817260742188
1754	gpt2	1755	878	9	incur	subj_rel	unexpected	The teachers that join the teachers incurs	0.06009826713216167	0.06009826713216167	10.59196138381958	10.59196138381958
1755	gpt2	1756	878	9	incur	subj_rel	expected	The teachers that join the teachers incur	3.601874425385177e-07	3.601874425385177e-07	21.404748916625977	21.404748916625977
1756	gpt2	1757	879	9	indemnify	subj_rel	unexpected	The teachers that join the teachers indemnifies	0.02534088761227336	0.02534088761227336	13.447464227676392	13.447464227676392
1757	gpt2	1758	879	9	indemnify	subj_rel	expected	The teachers that join the teachers indemnify	0.40832840361314027	0.40832840361314027	11.442366734147072	11.442366734147072
1758	gpt2	1759	880	9	indicate	subj_rel	unexpected	The teachers that join the teachers indicates	3.169478759446065e-06	3.169478759446065e-06	18.267322540283203	18.267322540283203
1759	gpt2	1760	880	9	indicate	subj_rel	expected	The teachers that join the teachers indicate	1.0095278412336484e-05	1.0095278412336484e-05	16.59596061706543	16.59596061706543
1760	gpt2	1761	881	9	indict	subj_rel	unexpected	The teachers that join the teachers indicts	0.007651865306314635	0.007651865306314635	13.382062673568724	13.382062673568724
1761	gpt2	1762	881	9	indict	subj_rel	expected	The teachers that join the teachers indict	4.7571838024396136e-08	4.7571838024396136e-08	24.3253173828125	24.3253173828125
1762	gpt2	1763	882	9	induce	subj_rel	unexpected	The teachers that join the teachers induces	4.632773311641359e-07	4.632773311641359e-07	21.0416202545166	21.0416202545166
1763	gpt2	1764	882	9	induce	subj_rel	expected	The teachers that join the teachers induce	2.851752753940673e-07	2.851752753940673e-07	21.741647720336918	21.741647720336918
1764	gpt2	1765	883	10	indulge	subj_rel	unexpected	The officer that hampers the managers indulge	4.4390424136508965e-07	4.4390424136508965e-07	21.103248596191406	21.103248596191406
1765	gpt2	1766	883	10	indulge	subj_rel	expected	The officer that hampers the managers indulges	0.34715482229967165	0.34715482229967165	9.68065619468689	9.68065619468689
1766	gpt2	1767	884	10	industrialize	subj_rel	unexpected	The officer that hampers the managers industrialize	0.0003620443744693652	0.0003620443744693652	13.985145568847656	13.985145568847656
1767	gpt2	1768	884	10	industrialize	subj_rel	expected	The officer that hampers the managers industrializes	0.00014868995594951518	0.00014868995594951518	14.634734153747559	14.634734153747559
1768	gpt2	1769	885	10	infiltrate	subj_rel	unexpected	The officer that hampers the managers infiltrate	4.131081823288696e-07	4.131081823288696e-07	21.20697784423828	21.20697784423828
1769	gpt2	1770	885	10	infiltrate	subj_rel	expected	The officer that hampers the managers infiltrates	0.37246615303104136	0.37246615303104136	10.119311779737473	10.119311779737473
1770	gpt2	1771	886	10	inflame	subj_rel	unexpected	The officer that hampers the managers inflame	0.005685183671332051	0.005685183671332051	14.696412801742554	14.696412801742554
1771	gpt2	1772	886	10	inflame	subj_rel	expected	The officer that hampers the managers inflames	0.03468008244878715	0.03468008244878715	13.391992092132568	13.391992092132568
1772	gpt2	1773	887	10	inflate	subj_rel	unexpected	The officer that hampers the managers inflate	0.008739801483898146	0.008739801483898146	11.084664344787598	11.084664344787598
1773	gpt2	1774	887	10	inflate	subj_rel	expected	The officer that hampers the managers inflates	0.3972796527529425	0.3972796527529425	11.633003056049347	11.633003056049347
1774	gpt2	1775	888	10	inflict	subj_rel	unexpected	The officer that hampers the managers inflict	3.157012145038607e-07	3.157012145038607e-07	21.59493637084961	21.59493637084961
1775	gpt2	1776	888	10	inflict	subj_rel	expected	The officer that hampers the managers inflicts	0.49488382183611174	0.49488382183611174	10.459650888573377	10.459650888573377
1776	gpt2	1777	889	10	influence	subj_rel	unexpected	The officer that hampers the managers influence	0.0001170184696093	0.0001170184696093	13.060976028442385	13.060976028442385
1777	gpt2	1778	889	10	influence	subj_rel	expected	The officer that hampers the managers influences	2.618684447952546e-06	2.618684447952546e-06	18.542726516723636	18.542726516723636
1778	gpt2	1779	890	10	inform	subj_rel	unexpected	The officer that hampers the managers inform	3.1326487714977702e-06	3.1326487714977702e-06	18.2841854095459	18.2841854095459
1779	gpt2	1780	890	10	inform	subj_rel	expected	The officer that hampers the managers informs	2.927846480815788e-06	2.927846480815788e-06	18.38172912597656	18.38172912597656
1780	gpt2	1781	891	10	infringe	subj_rel	unexpected	The officer that hampers the managers infringe	0.055897423430991466	0.055897423430991466	11.778002977371216	11.778002977371216
1781	gpt2	1782	891	10	infringe	subj_rel	expected	The officer that hampers the managers infringes	0.3663168599751714	0.3663168599751714	10.421879842877388	10.421879842877388
1782	gpt2	1783	892	10	infuriate	subj_rel	unexpected	The officer that hampers the managers infuriate	0.31054980704357144	0.31054980704357144	8.262282888094584	8.262282888094584
1783	gpt2	1784	892	10	infuriate	subj_rel	expected	The officer that hampers the managers infuriates	0.2151573978694614	0.2151573978694614	10.058705925941469	10.058705925941469
1784	gpt2	1785	893	10	infuse	subj_rel	unexpected	The officer that hampers the managers infuse	0.0007201006046670464	0.0007201006046670464	12.890933513641357	12.890933513641357
1785	gpt2	1786	893	10	infuse	subj_rel	expected	The officer that hampers the managers infuses	0.011378334264008996	0.011378334264008996	10.894239664077759	10.894239664077759
1786	gpt2	1787	894	10	ingest	subj_rel	unexpected	The officer that hampers the managers ingest	5.4315897557444266e-08	5.4315897557444266e-08	24.13405036926269	24.13405036926269
1787	gpt2	1788	894	10	ingest	subj_rel	expected	The officer that hampers the managers ingests	0.050480840134014215	0.050480840134014215	10.774404525756838	10.774404525756838
1788	gpt2	1789	895	10	ingratiate	subj_rel	unexpected	The officer that hampers the managers ingratiate	0.3328507660713739	0.3328507660713739	6.0824353719363	6.0824353719363
1789	gpt2	1790	895	10	ingratiate	subj_rel	expected	The officer that hampers the managers ingratiates	0.46798204135268406	0.46798204135268406	5.20648639148567	5.20648639148567
1790	gpt2	1791	896	10	inhibit	subj_rel	unexpected	The officer that hampers the managers inhibit	7.533284929195361e-07	7.533284929195361e-07	20.34021759033203	20.34021759033203
1791	gpt2	1792	896	10	inhibit	subj_rel	expected	The officer that hampers the managers inhibits	2.1151329292479204e-06	2.1151329292479204e-06	18.85082054138184	18.85082054138184
1792	gpt2	1793	897	10	initiate	subj_rel	unexpected	The officer that hampers the managers initiate	1.7508198197901947e-06	1.7508198197901947e-06	19.123537063598636	19.123537063598636
1793	gpt2	1794	897	10	initiate	subj_rel	expected	The officer that hampers the managers initiates	0.49853239619847045	0.49853239619847045	9.40942578949034	9.40942578949034
1794	gpt2	1795	898	10	inject	subj_rel	unexpected	The officer that hampers the managers inject	5.824958861921914e-07	5.824958861921914e-07	20.71124839782715	20.71124839782715
1795	gpt2	1796	898	10	inject	subj_rel	expected	The officer that hampers the managers injects	0.16628535904465025	0.16628535904465025	11.149758875370026	11.149758875370026
1796	gpt2	1797	899	10	injure	subj_rel	unexpected	The officer that hampers the managers injure	1.9817584018255733e-08	1.9817584018255733e-08	25.58864402770996	25.58864402770996
1797	gpt2	1798	899	10	injure	subj_rel	expected	The officer that hampers the managers injures	0.46255551140851026	0.46255551140851026	10.363174308091404	10.363174308091404
1798	gpt2	1799	900	10	innovate	subj_rel	unexpected	The officer that hampers the managers innovate	1.2588284334924538e-06	1.2588284334924538e-06	19.5994873046875	19.5994873046875
1799	gpt2	1800	900	10	innovate	subj_rel	expected	The officer that hampers the managers innovates	0.24218619725820645	0.24218619725820645	10.178615391254425	10.178615391254425
1800	gpt2	1801	901	10	insist	subj_rel	unexpected	The officer that hampers the managers insist	7.160371751524508e-06	7.160371751524508e-06	17.091533660888672	17.091533660888672
1801	gpt2	1802	901	10	insist	subj_rel	expected	The officer that hampers the managers insists	3.162390930810943e-05	3.162390930810943e-05	14.94862461090088	14.94862461090088
1802	gpt2	1803	902	10	inspect	subj_rel	unexpected	The officer that hampers the managers inspect	5.945947577856714e-06	5.945947577856714e-06	17.359661102294922	17.359661102294922
1803	gpt2	1804	902	10	inspect	subj_rel	expected	The officer that hampers the managers inspects	0.4129559623136174	0.4129559623136174	8.817805826663971	8.817805826663971
1804	gpt2	1805	903	10	inspire	subj_rel	unexpected	The officer that hampers the managers inspire	5.198167514208762e-07	5.198167514208762e-07	20.8754940032959	20.8754940032959
1805	gpt2	1806	903	10	inspire	subj_rel	expected	The officer that hampers the managers inspires	1.378718479827512e-06	1.378718479827512e-06	19.46824073791504	19.46824073791504
1806	gpt2	1807	904	10	install	subj_rel	unexpected	The officer that hampers the managers install	3.3987980714300647e-06	3.3987980714300647e-06	18.16654396057129	18.16654396057129
1807	gpt2	1808	904	10	install	subj_rel	expected	The officer that hampers the managers installs	1.005434228318336e-06	1.005434228318336e-06	19.92374992370605	19.92374992370605
1808	gpt2	1809	905	10	instill	subj_rel	unexpected	The officer that hampers the managers instill	0.050806860501324956	0.050806860501324956	10.678527593612673	10.678527593612673
1809	gpt2	1810	905	10	instill	subj_rel	expected	The officer that hampers the managers instills	0.03096286493018851	0.03096286493018851	11.035786390304567	11.035786390304567
1810	gpt2	1811	906	10	institute	subj_rel	unexpected	The officer that hampers the managers institute	2.7423275241744705e-06	2.7423275241744705e-06	18.476167678833008	18.476167678833008
1811	gpt2	1812	906	10	institute	subj_rel	expected	The officer that hampers the managers institutes	0.409339893881679	0.409339893881679	10.074165910482407	10.074165910482407
1812	gpt2	1813	907	10	insulate	subj_rel	unexpected	The officer that hampers the managers insulate	0.0021526213308788555	0.0021526213308788555	12.62305498123169	12.62305498123169
1813	gpt2	1814	907	10	insulate	subj_rel	expected	The officer that hampers the managers insulates	0.026543214734829207	0.026543214734829207	10.810066223144531	10.810066223144531
1814	gpt2	1815	908	10	insure	subj_rel	unexpected	The officer that hampers the managers insure	5.652165668834641e-07	5.652165668834641e-07	20.75469207763672	20.75469207763672
1815	gpt2	1816	908	10	insure	subj_rel	expected	The officer that hampers the managers insures	0.08152575958911255	0.08152575958911255	10.000556111335754	10.000556111335754
1816	gpt2	1817	909	10	integrate	subj_rel	unexpected	The officer that hampers the managers integrate	6.547878683704766e-07	6.547878683704766e-07	20.542469024658203	20.542469024658203
1817	gpt2	1818	909	10	integrate	subj_rel	expected	The officer that hampers the managers integrates	8.840154350764351e-07	8.840154350764351e-07	20.109424591064453	20.109424591064453
1818	gpt2	1819	910	10	intend	subj_rel	unexpected	The officer that hampers the managers intend	1.1430239510445972e-06	1.1430239510445972e-06	19.738712310791016	19.738712310791016
1819	gpt2	1820	910	10	intend	subj_rel	expected	The officer that hampers the managers intends	7.589043434563791e-06	7.589043434563791e-06	17.00765037536621	17.00765037536621
1820	gpt2	1821	911	10	intensify	subj_rel	unexpected	The officer that hampers the managers intensify	1.3671380827418036e-07	1.3671380827418036e-07	22.80233764648437	22.80233764648437
1821	gpt2	1822	911	10	intensify	subj_rel	expected	The officer that hampers the managers intensifies	0.48400199667565863	0.48400199667565863	9.592349400743844	9.592349400743844
1822	gpt2	1823	912	10	interconnect	subj_rel	unexpected	The officer that hampers the managers interconnect	0.0010424776110084819	0.0010424776110084819	12.167882919311523	12.167882919311523
1823	gpt2	1824	912	10	interconnect	subj_rel	expected	The officer that hampers the managers interconnects	0.14815124360939078	0.14815124360939078	8.504148125648499	8.504148125648499
1824	gpt2	1825	913	10	interest	subj_rel	unexpected	The officer that hampers the managers interest	0.0004264713206794	0.0004264713206794	11.195263862609863	11.195263862609863
1825	gpt2	1826	913	10	interest	subj_rel	expected	The officer that hampers the managers interests	0.0002768565900623	0.0002768565900623	11.818572998046877	11.818572998046877
1826	gpt2	1827	914	10	interfere	subj_rel	unexpected	The officer that hampers the managers interfere	2.6619527488946915e-06	2.6619527488946915e-06	18.51908302307129	18.51908302307129
1827	gpt2	1828	914	10	interfere	subj_rel	expected	The officer that hampers the managers interferes	0.5201127183384718	0.5201127183384718	5.416571728712976	5.416571728712976
1828	gpt2	1829	915	10	interpret	subj_rel	unexpected	The officer that hampers the managers interpret	7.547321843048849e-07	7.547321843048849e-07	20.33753204345703	20.33753204345703
1829	gpt2	1830	915	10	interpret	subj_rel	expected	The officer that hampers the managers interprets	0.499852336310596	0.499852336310596	10.322933058836497	10.322933058836497
1830	gpt2	1831	916	10	intervene	subj_rel	unexpected	The officer that hampers the managers intervene	1.4103588910074905e-06	1.4103588910074905e-06	19.43550682067871	19.43550682067871
1831	gpt2	1832	916	10	intervene	subj_rel	expected	The officer that hampers the managers intervenes	0.49968369245027594	0.49968369245027594	10.239941772102611	10.239941772102611
1832	gpt2	1833	917	10	interview	subj_rel	unexpected	The officer that hampers the managers interview	7.508103590225801e-05	7.508103590225801e-05	13.701191902160645	13.701191902160645
1833	gpt2	1834	917	10	interview	subj_rel	expected	The officer that hampers the managers interviews	2.965492421935778e-05	2.965492421935778e-05	15.04136848449707	15.04136848449707
1834	gpt2	1835	918	10	intimate	subj_rel	unexpected	The officer that hampers the managers intimate	5.69480107515119e-07	5.69480107515119e-07	20.74385070800781	20.74385070800781
1835	gpt2	1836	918	10	intimate	subj_rel	expected	The officer that hampers the managers intimates	0.4219253215863006	0.4219253215863006	10.89115010946989	10.89115010946989
1836	gpt2	1837	919	10	introduce	subj_rel	unexpected	The officer that hampers the managers introduce	3.683410056964931e-07	3.683410056964931e-07	21.372453689575195	21.372453689575195
1837	gpt2	1838	919	10	introduce	subj_rel	expected	The officer that hampers the managers introduces	2.2304152480501216e-06	2.2304152480501216e-06	18.77425575256348	18.77425575256348
1838	gpt2	1839	920	10	invade	subj_rel	unexpected	The officer that hampers the managers invade	2.9843960192010854e-07	2.9843960192010854e-07	21.67605781555176	21.67605781555176
1839	gpt2	1840	920	10	invade	subj_rel	expected	The officer that hampers the managers invades	0.16962147836852634	0.16962147836852634	9.931513130664827	9.931513130664827
1840	gpt2	1841	921	10	invent	subj_rel	unexpected	The officer that hampers the managers invent	1.950485284396564e-06	1.950485284396564e-06	18.967735290527344	18.967735290527344
1841	gpt2	1842	921	10	invent	subj_rel	expected	The officer that hampers the managers invents	0.025706432362085252	0.025706432362085252	11.292608737945558	11.292608737945558
1842	gpt2	1843	922	10	investigate	subj_rel	unexpected	The officer that hampers the managers investigate	9.511461030342616e-06	9.511461030342616e-06	16.681901931762695	16.681901931762695
1843	gpt2	1844	922	10	investigate	subj_rel	expected	The officer that hampers the managers investigates	3.473896140349097e-05	3.473896140349097e-05	14.813085556030272	14.813085556030272
1844	gpt2	1845	923	10	invest	subj_rel	unexpected	The officer that hampers the managers invest	1.2771994306604029e-06	1.2771994306604029e-06	19.578584671020508	19.578584671020508
1845	gpt2	1846	923	10	invest	subj_rel	expected	The officer that hampers the managers invests	1.5136369029278285e-06	1.5136369029278285e-06	19.33354949951172	19.33354949951172
1846	gpt2	1847	924	10	invite	subj_rel	unexpected	The officer that hampers the managers invite	1.7035944210874732e-06	1.7035944210874732e-06	19.162986755371094	19.162986755371094
1847	gpt2	1848	924	10	invite	subj_rel	expected	The officer that hampers the managers invites	7.478572115360293e-06	7.478572115360293e-06	17.028804779052734	17.028804779052734
1848	gpt2	1849	925	10	invoke	subj_rel	unexpected	The officer that hampers the managers invoke	1.5334484260165484e-07	1.5334484260165484e-07	22.636716842651367	22.636716842651367
1849	gpt2	1850	925	10	invoke	subj_rel	expected	The officer that hampers the managers invokes	0.052838392158037054	0.052838392158037054	10.772857904434206	10.772857904434206
1850	gpt2	1851	926	10	involve	subj_rel	unexpected	The officer that hampers the managers involve	1.169505139841931e-06	1.169505139841931e-06	19.70566940307617	19.70566940307617
1851	gpt2	1852	926	10	involve	subj_rel	expected	The officer that hampers the managers involves	1.414265625498956e-05	1.414265625498956e-05	16.109586715698242	16.109586715698242
1852	gpt2	1853	927	10	irk	subj_rel	unexpected	The officer that hampers the managers irk	0.00011282166133239925	0.00011282166133239925	14.987713813781738	14.987713813781738
1853	gpt2	1854	927	10	irk	subj_rel	expected	The officer that hampers the managers irks	0.0012160382689216493	0.0012160382689216493	13.260135650634766	13.260135650634766
1854	gpt2	1855	928	10	iron	subj_rel	unexpected	The officer that hampers the managers iron	1.2559313518067938e-06	1.2559313518067938e-06	19.60281181335449	19.60281181335449
1855	gpt2	1856	928	10	iron	subj_rel	expected	The officer that hampers the managers irons	0.00027052760606234924	0.00027052760606234924	14.348763942718506	14.348763942718506
1856	gpt2	1857	929	10	isolate	subj_rel	unexpected	The officer that hampers the managers isolate	7.139308877412986e-08	7.139308877412986e-08	23.739641189575195	23.739641189575195
1857	gpt2	1858	929	10	isolate	subj_rel	expected	The officer that hampers the managers isolates	0.4736919240100974	0.4736919240100974	11.391672693192959	11.391672693192959
1858	gpt2	1859	930	10	issue	subj_rel	unexpected	The officer that hampers the managers issue	8.568245539208874e-05	8.568245539208874e-05	13.510640144348145	13.510640144348145
1859	gpt2	1860	930	10	issue	subj_rel	expected	The officer that hampers the managers issues	0.0001789062225725	0.0001789062225725	12.448508262634276	12.448508262634276
1860	gpt2	1861	931	10	itemize	subj_rel	unexpected	The officer that hampers the managers itemize	0.01032785186112046	0.01032785186112046	12.489979982376099	12.489979982376099
1861	gpt2	1862	931	10	itemize	subj_rel	expected	The officer that hampers the managers itemizes	0.046744642309249664	0.046744642309249664	11.400809645652771	11.400809645652771
1862	gpt2	1863	932	10	jack	subj_rel	unexpected	The officer that hampers the managers jack	3.86975125366007e-06	3.86975125366007e-06	17.979328155517578	17.979328155517578
1863	gpt2	1864	932	10	jack	subj_rel	expected	The officer that hampers the managers jacks	0.02230912832328612	0.02230912832328612	10.074462890625	10.074462890625
1864	gpt2	1865	933	10	jeopardize	subj_rel	unexpected	The officer that hampers the managers jeopardize	0.01792168732947628	0.01792168732947628	12.058519124984741	12.058519124984741
1865	gpt2	1866	933	10	jeopardize	subj_rel	expected	The officer that hampers the managers jeopardizes	0.3808979012466125	0.3808979012466125	9.853676810860634	9.853676810860634
1866	gpt2	1867	934	10	join	subj_rel	unexpected	The officer that hampers the managers join	1.53686335124803e-06	1.53686335124803e-06	19.31157875061035	19.31157875061035
1867	gpt2	1868	934	10	join	subj_rel	expected	The officer that hampers the managers joins	2.4231994757428765e-06	2.4231994757428765e-06	18.65465545654297	18.65465545654297
1868	gpt2	1869	935	10	joke	subj_rel	unexpected	The officer that hampers the managers joke	4.577038453135174e-06	4.577038453135174e-06	17.737154006958008	17.737154006958008
1869	gpt2	1870	935	10	joke	subj_rel	expected	The officer that hampers the managers jokes	2.7995956770610064e-06	2.7995956770610064e-06	18.44635009765625	18.44635009765625
1870	gpt2	1871	936	10	jolt	subj_rel	unexpected	The officer that hampers the managers jolt	0.004177148116468721	0.004177148116468721	11.284340143203735	11.284340143203735
1871	gpt2	1872	936	10	jolt	subj_rel	expected	The officer that hampers the managers jolts	0.30722733781840356	0.30722733781840356	6.9656492819388705	6.9656492819388705
1872	gpt2	1873	937	10	judge	subj_rel	unexpected	The officer that hampers the managers judge	1.1047843599953922e-06	1.1047843599953922e-06	19.787803649902344	19.787803649902344
1873	gpt2	1874	937	10	judge	subj_rel	expected	The officer that hampers the managers judges	6.625365926993254e-07	6.625365926993254e-07	20.525495529174805	20.525495529174805
1874	gpt2	1875	938	10	juggle	subj_rel	unexpected	The officer that hampers the managers juggle	0.1888366076963166	0.1888366076963166	10.18873143196106	10.18873143196106
1875	gpt2	1876	938	10	juggle	subj_rel	expected	The officer that hampers the managers juggles	0.13772511816193855	0.13772511816193855	10.416406214237213	10.416406214237213
1876	gpt2	1877	939	10	jump	subj_rel	unexpected	The officer that hampers the managers jump	3.12355587084312e-06	3.12355587084312e-06	18.288379669189453	18.288379669189453
1877	gpt2	1878	939	10	jump	subj_rel	expected	The officer that hampers the managers jumps	1.498709934821818e-06	1.498709934821818e-06	19.34784698486328	19.34784698486328
1878	gpt2	1879	940	10	junk	subj_rel	unexpected	The officer that hampers the managers junk	1.256659857062914e-06	1.256659857062914e-06	19.601974487304688	19.601974487304688
1879	gpt2	1880	940	10	junk	subj_rel	expected	The officer that hampers the managers junks	0.003948409754014964	0.003948409754014964	15.756302833557129	15.756302833557129
1880	gpt2	1881	941	10	justify	subj_rel	unexpected	The officer that hampers the managers justify	1.6019424720070674e-06	1.6019424720070674e-06	19.251745223999023	19.251745223999023
1881	gpt2	1882	941	10	justify	subj_rel	expected	The officer that hampers the managers justifies	4.707760126620997e-06	4.707760126620997e-06	17.6965274810791	17.6965274810791
1882	gpt2	1883	942	10	keen	subj_rel	unexpected	The officer that hampers the managers keen	3.804208745350479e-06	3.804208745350479e-06	18.00397300720215	18.00397300720215
1883	gpt2	1884	942	10	keen	subj_rel	expected	The officer that hampers the managers keens	0.00769531562167458	0.00769531562167458	13.073095798492432	13.073095798492432
1884	gpt2	1885	943	10	keep	subj_rel	unexpected	The officer that hampers the managers keep	3.283978730905801e-05	3.283978730905801e-05	14.894195556640623	14.894195556640623
1885	gpt2	1886	943	10	keep	subj_rel	expected	The officer that hampers the managers keeps	0.0001202192215714	0.0001202192215714	13.022045135498049	13.022045135498049
1886	gpt2	1887	944	10	key	subj_rel	unexpected	The officer that hampers the managers key	1.964022703759838e-05	1.964022703759838e-05	15.635828971862791	15.635828971862791
1887	gpt2	1888	944	10	key	subj_rel	expected	The officer that hampers the managers keys	2.019290377575089e-06	2.019290377575089e-06	18.91772079467773	18.91772079467773
1888	gpt2	1889	945	10	kick	subj_rel	unexpected	The officer that hampers the managers kick	7.149617886170745e-06	7.149617886170745e-06	17.09370231628418	17.09370231628418
1889	gpt2	1890	945	10	kick	subj_rel	expected	The officer that hampers the managers kicks	8.342250112036709e-06	8.342250112036709e-06	16.871131896972656	16.871131896972656
1890	gpt2	1891	946	10	kidnap	subj_rel	unexpected	The officer that hampers the managers kidnap	6.779791874578223e-07	6.779791874578223e-07	20.49225616455078	20.49225616455078
1891	gpt2	1892	946	10	kidnap	subj_rel	expected	The officer that hampers the managers kidnaps	0.32847548505981194	0.32847548505981194	11.2463698387146	11.2463698387146
1892	gpt2	1893	947	10	kill	subj_rel	unexpected	The officer that hampers the managers kill	3.2384332371293567e-06	3.2384332371293567e-06	18.23627281188965	18.23627281188965
1893	gpt2	1894	947	10	kill	subj_rel	expected	The officer that hampers the managers kills	4.751203960040584e-06	4.751203960040584e-06	17.68327522277832	17.68327522277832
1894	gpt2	1895	948	10	kiss	subj_rel	unexpected	The officer that hampers the managers kiss	8.350874054485757e-07	8.350874054485757e-07	20.191570281982425	20.191570281982425
1895	gpt2	1896	948	10	kiss	subj_rel	expected	The officer that hampers the managers kisses	3.8711223737664113e-07	3.8711223737664113e-07	21.300745010375977	21.300745010375977
1896	gpt2	1897	949	10	knock	subj_rel	unexpected	The officer that hampers the managers knock	2.680036743640813e-07	2.680036743640813e-07	21.83124351501465	21.83124351501465
1897	gpt2	1898	949	10	knock	subj_rel	expected	The officer that hampers the managers knocks	8.166642260221124e-07	8.166642260221124e-07	20.223752975463867	20.223752975463867
1898	gpt2	1899	950	10	know	subj_rel	unexpected	The officer that hampers the managers know	0.0002113134978571	0.0002113134978571	12.208327293395996	12.208327293395996
1899	gpt2	1900	950	10	know	subj_rel	expected	The officer that hampers the managers knows	0.0003023971512448	0.0003023971512448	11.69126796722412	11.69126796722412
1900	gpt2	1901	951	10	kowtow	subj_rel	unexpected	The officer that hampers the managers kowtow	0.26349549012093115	0.26349549012093115	7.011178195942193	7.011178195942193
1901	gpt2	1902	951	10	kowtow	subj_rel	expected	The officer that hampers the managers kowtows	0.30533412883823985	0.30533412883823985	6.016435981262475	6.016435981262475
1902	gpt2	1903	952	10	label	subj_rel	unexpected	The officer that hampers the managers label	9.835681566983112e-07	9.835681566983112e-07	19.95547103881836	19.95547103881836
1903	gpt2	1904	952	10	label	subj_rel	expected	The officer that hampers the managers labels	3.441182911956276e-07	3.441182911956276e-07	21.470592498779297	21.470592498779297
1904	gpt2	1905	953	10	lag	subj_rel	unexpected	The officer that hampers the managers lag	4.016403352125053e-07	4.016403352125053e-07	21.24759292602539	21.24759292602539
1905	gpt2	1906	953	10	lag	subj_rel	expected	The officer that hampers the managers lags	0.008205922793422329	0.008205922793422329	10.226117134094238	10.226117134094238
1906	gpt2	1907	954	10	land	subj_rel	unexpected	The officer that hampers the managers land	4.336429356044391e-06	4.336429356044391e-06	17.815061569213867	17.815061569213867
1907	gpt2	1908	954	10	land	subj_rel	expected	The officer that hampers the managers lands	1.4309739526652263e-06	1.4309739526652263e-06	19.41457176208496	19.41457176208496
1908	gpt2	1909	955	10	languish	subj_rel	unexpected	The officer that hampers the managers languish	0.02454007606857544	0.02454007606857544	12.456971883773805	12.456971883773805
1909	gpt2	1910	955	10	languish	subj_rel	expected	The officer that hampers the managers languishes	0.3441300038611246	0.3441300038611246	10.552092075347902	10.552092075347902
1910	gpt2	1911	956	10	lash	subj_rel	unexpected	The officer that hampers the managers lash	5.626326782248726e-08	5.626326782248726e-08	24.08323097229004	24.08323097229004
1911	gpt2	1912	956	10	lash	subj_rel	expected	The officer that hampers the managers lashes	1.530841728936139e-07	1.530841728936139e-07	22.6391716003418	22.6391716003418
1912	gpt2	1913	957	10	last	subj_rel	unexpected	The officer that hampers the managers last	7.544220716226846e-05	7.544220716226846e-05	13.694268226623535	13.694268226623535
1913	gpt2	1914	957	10	last	subj_rel	expected	The officer that hampers the managers lasts	9.218643413078098e-07	9.218643413078098e-07	20.04894256591797	20.04894256591797
1914	gpt2	1915	958	10	laugh	subj_rel	unexpected	The officer that hampers the managers laugh	7.744393769826274e-06	7.744393769826274e-06	16.978416442871094	16.978416442871094
1915	gpt2	1916	958	10	laugh	subj_rel	expected	The officer that hampers the managers laughs	4.025624093628721e-06	4.025624093628721e-06	17.92235565185547	17.92235565185547
1916	gpt2	1917	959	10	launch	subj_rel	unexpected	The officer that hampers the managers launch	2.1106285203131847e-05	2.1106285203131847e-05	15.531968116760254	15.531968116760254
1917	gpt2	1918	959	10	launch	subj_rel	expected	The officer that hampers the managers launches	5.961891474726144e-06	5.961891474726144e-06	17.355798721313477	17.355798721313477
1918	gpt2	1919	960	10	launder	subj_rel	unexpected	The officer that hampers the managers launder	0.0014997840698924793	0.0014997840698924793	11.460512161254883	11.460512161254883
1919	gpt2	1920	960	10	launder	subj_rel	expected	The officer that hampers the managers launders	0.08467873056398287	0.08467873056398287	13.312968134880066	13.312968134880066
1920	gpt2	1921	961	10	lay	subj_rel	unexpected	The officer that hampers the managers lay	5.237281129666371e-06	5.237281129666371e-06	17.54275131225586	17.54275131225586
1921	gpt2	1922	961	10	lay	subj_rel	expected	The officer that hampers the managers lays	3.859461230604211e-06	3.859461230604211e-06	17.983169555664062	17.983169555664062
1922	gpt2	1923	962	10	lead	subj_rel	unexpected	The officer that hampers the managers lead	4.9215686885872856e-05	4.9215686885872856e-05	14.310522079467772	14.310522079467772
1923	gpt2	1924	962	10	lead	subj_rel	expected	The officer that hampers the managers leads	3.960358299082145e-05	3.960358299082145e-05	14.624009132385254	14.624009132385254
1924	gpt2	1925	963	10	lean	subj_rel	unexpected	The officer that hampers the managers lean	1.4352820016938497e-06	1.4352820016938497e-06	19.410234451293945	19.410234451293945
1925	gpt2	1926	963	10	lean	subj_rel	expected	The officer that hampers the managers leans	6.389807367668254e-07	6.389807367668254e-07	20.57772445678711	20.57772445678711
1926	gpt2	1927	964	10	leapfrog	subj_rel	unexpected	The officer that hampers the managers leapfrog	0.015599238893969409	0.015599238893969409	12.422260284423828	12.422260284423828
1927	gpt2	1928	964	10	leapfrog	subj_rel	expected	The officer that hampers the managers leapfrogs	0.12076685032684507	0.12076685032684507	8.813057541847229	8.813057541847229
1928	gpt2	1929	965	10	leap	subj_rel	unexpected	The officer that hampers the managers leap	1.0639857919159112e-06	1.0639857919159112e-06	19.842090606689453	19.842090606689453
1929	gpt2	1930	965	10	leap	subj_rel	expected	The officer that hampers the managers leaps	9.514105272501184e-07	9.514105272501184e-07	20.0034294128418	20.0034294128418
1930	gpt2	1931	966	10	learn	subj_rel	unexpected	The officer that hampers the managers learn	2.0800633137696423e-05	2.0800633137696423e-05	15.55301284790039	15.55301284790039
1931	gpt2	1932	966	10	learn	subj_rel	expected	The officer that hampers the managers learns	2.8390561055857688e-05	2.8390561055857688e-05	15.104228973388672	15.104228973388672
1932	gpt2	1933	967	10	lease	subj_rel	unexpected	The officer that hampers the managers lease	6.642625294261961e-07	6.642625294261961e-07	20.521743774414062	20.521743774414062
1933	gpt2	1934	967	10	lease	subj_rel	expected	The officer that hampers the managers leases	2.873439655104449e-07	2.873439655104449e-07	21.7307186126709	21.7307186126709
1934	gpt2	1935	968	10	leave	subj_rel	unexpected	The officer that hampers the managers leave	6.01996507612057e-05	6.01996507612057e-05	14.019885063171388	14.019885063171388
1935	gpt2	1936	968	10	leave	subj_rel	expected	The officer that hampers the managers leaves	9.86206578090787e-05	9.86206578090787e-05	13.307750701904297	13.307750701904297
1936	gpt2	1937	969	10	lecture	subj_rel	unexpected	The officer that hampers the managers lecture	1.7030356502800714e-06	1.7030356502800714e-06	19.16345977783203	19.16345977783203
1937	gpt2	1938	969	10	lecture	subj_rel	expected	The officer that hampers the managers lectures	5.104809133626986e-06	5.104809133626986e-06	17.5797119140625	17.5797119140625
1938	gpt2	1939	970	10	legislate	subj_rel	unexpected	The officer that hampers the managers legislate	0.029519762917004717	0.029519762917004717	12.441065311431883	12.441065311431883
1939	gpt2	1940	970	10	legislate	subj_rel	expected	The officer that hampers the managers legislates	0.1755867359028684	0.1755867359028684	11.15484422445297	11.15484422445297
1940	gpt2	1941	971	10	legitimize	subj_rel	unexpected	The officer that hampers the managers legitimize	0.021296579141051084	0.021296579141051084	12.348058223724365	12.348058223724365
1941	gpt2	1942	971	10	legitimize	subj_rel	expected	The officer that hampers the managers legitimizes	0.3197497275954788	0.3197497275954788	10.393919855356216	10.393919855356216
1942	gpt2	1943	972	10	lend	subj_rel	unexpected	The officer that hampers the managers lend	1.135682481390177e-07	1.135682481390177e-07	23.069936752319336	23.069936752319336
1943	gpt2	1944	972	10	lend	subj_rel	expected	The officer that hampers the managers lends	2.3210702693177154e-06	2.3210702693177154e-06	18.716777801513672	18.716777801513672
1944	gpt2	1945	973	10	lengthen	subj_rel	unexpected	The officer that hampers the managers lengthen	0.057322148988024645	0.057322148988024645	13.148345708847048	13.148345708847048
1945	gpt2	1946	973	10	lengthen	subj_rel	expected	The officer that hampers the managers lengthens	0.35064115450717637	0.35064115450717637	11.841929733753206	11.841929733753206
1946	gpt2	1947	974	10	lessen	subj_rel	unexpected	The officer that hampers the managers lessen	7.36832760139805e-07	7.36832760139805e-07	20.372159957885746	20.372159957885746
1947	gpt2	1948	974	10	lessen	subj_rel	expected	The officer that hampers the managers lessens	0.003025792442713248	0.003025792442713248	10.764916181564331	10.764916181564331
1948	gpt2	1949	975	10	let	subj_rel	unexpected	The officer that hampers the managers let	4.648178946808912e-05	4.648178946808912e-05	14.392974853515623	14.392974853515623
1949	gpt2	1950	975	10	let	subj_rel	expected	The officer that hampers the managers lets	3.0753541068406776e-05	3.0753541068406776e-05	14.988887786865234	14.988887786865234
1950	gpt2	1951	976	10	level	subj_rel	unexpected	The officer that hampers the managers level	0.0001305554906139	0.0001305554906139	12.90304946899414	12.90304946899414
1951	gpt2	1952	976	10	level	subj_rel	expected	The officer that hampers the managers levels	1.6136393242049962e-05	1.6136393242049962e-05	15.91932201385498	15.91932201385498
1952	gpt2	1953	977	10	levy	subj_rel	unexpected	The officer that hampers the managers levy	4.47320985585975e-07	4.47320985585975e-07	21.092185974121094	21.092185974121094
1953	gpt2	1954	977	10	levy	subj_rel	expected	The officer that hampers the managers levies	0.40886713318886336	0.40886713318886336	11.508354008197784	11.508354008197784
1954	gpt2	1955	978	10	liberalize	subj_rel	unexpected	The officer that hampers the managers liberalize	0.0010871051410958497	0.0010871051410958497	13.111774444580078	13.111774444580078
1955	gpt2	1956	978	10	liberalize	subj_rel	expected	The officer that hampers the managers liberalizes	0.0004602512410655997	0.0004602512410655997	13.734445571899414	13.734445571899414
1956	gpt2	1957	979	10	license	subj_rel	unexpected	The officer that hampers the managers license	4.951623850502074e-05	4.951623850502074e-05	14.301738739013672	14.301738739013672
1957	gpt2	1958	979	10	license	subj_rel	expected	The officer that hampers the managers licenses	2.1084235413582064e-05	2.1084235413582064e-05	15.533475875854492	15.533475875854492
1958	gpt2	1959	980	10	lie	subj_rel	unexpected	The officer that hampers the managers lie	3.041855052288156e-06	3.041855052288156e-06	18.326616287231445	18.326616287231445
1959	gpt2	1960	980	10	lie	subj_rel	expected	The officer that hampers the managers lies	2.1952590032015e-05	2.1952590032015e-05	15.475249290466309	15.475249290466309
1960	gpt2	1961	981	11	lift	subj_rel	unexpected	The manager that attains the teacher lift	5.269603775559517e-07	5.269603775559517e-07	20.855802536010746	20.855802536010746
1961	gpt2	1962	981	11	lift	subj_rel	expected	The manager that attains the teacher lifts	2.0157261815256788e-07	2.0157261815256788e-07	22.242197036743164	22.242197036743164
1962	gpt2	1963	982	11	lighten	subj_rel	unexpected	The manager that attains the teacher lighten	0.0003012822976415818	0.0003012822976415818	13.60387134552002	13.60387134552002
1963	gpt2	1964	982	11	lighten	subj_rel	expected	The manager that attains the teacher lightens	0.0008173822693606319	0.0008173822693606319	12.8755784034729	12.8755784034729
1964	gpt2	1965	983	11	light	subj_rel	unexpected	The manager that attains the teacher light	1.09038619484636e-05	1.09038619484636e-05	16.484800338745117	16.484800338745117
1965	gpt2	1966	983	11	light	subj_rel	expected	The manager that attains the teacher lights	1.2708716212728175e-06	1.2708716212728175e-06	19.585750579833984	19.585750579833984
1966	gpt2	1967	984	11	like	subj_rel	unexpected	The manager that attains the teacher like	0.0001650854537729	0.0001650854537729	12.564498901367188	12.564498901367188
1967	gpt2	1968	984	11	like	subj_rel	expected	The manager that attains the teacher likes	1.9088025510427545e-05	1.9088025510427545e-05	15.676972389221191	15.676972389221191
1968	gpt2	1969	985	11	limit	subj_rel	unexpected	The manager that attains the teacher limit	0.0004046413232572	0.0004046413232572	11.271068572998049	11.271068572998049
1969	gpt2	1970	985	11	limit	subj_rel	expected	The manager that attains the teacher limits	2.9044760594842955e-05	2.9044760594842955e-05	15.071362495422363	15.071362495422363
1970	gpt2	1971	986	11	line	subj_rel	unexpected	The manager that attains the teacher line	0.000231601356063	0.000231601356063	12.076068878173828	12.076068878173828
1971	gpt2	1972	986	11	line	subj_rel	expected	The manager that attains the teacher lines	2.1540708985412493e-06	2.1540708985412493e-06	18.82450294494629	18.82450294494629
1972	gpt2	1973	987	11	linger	subj_rel	unexpected	The manager that attains the teacher linger	3.923346625356317e-08	3.923346625356317e-08	24.60334014892578	24.60334014892578
1973	gpt2	1974	987	11	linger	subj_rel	expected	The manager that attains the teacher lingers	0.320993286465864	0.320993286465864	9.767460107803347	9.767460107803347
1974	gpt2	1975	988	11	link	subj_rel	unexpected	The manager that attains the teacher link	3.595508314901963e-05	3.595508314901963e-05	14.763444900512695	14.763444900512695
1975	gpt2	1976	988	11	link	subj_rel	expected	The manager that attains the teacher links	1.1443065659477725e-06	1.1443065659477725e-06	19.73709487915039	19.73709487915039
1976	gpt2	1977	989	11	liquefy	subj_rel	unexpected	The manager that attains the teacher liquefy	0.07750972457290567	0.07750972457290567	9.90324068069458	9.90324068069458
1977	gpt2	1978	989	11	liquefy	subj_rel	expected	The manager that attains the teacher liquefies	0.32456525387923796	0.32456525387923796	8.444844295581182	8.444844295581182
1978	gpt2	1979	990	11	liquidate	subj_rel	unexpected	The manager that attains the teacher liquidate	0.004022586374787778	0.004022586374787778	13.177396059036255	13.177396059036255
1979	gpt2	1980	990	11	liquidate	subj_rel	expected	The manager that attains the teacher liquidates	0.044803028675971725	0.044803028675971725	11.43857741355896	11.43857741355896
1980	gpt2	1981	991	11	listen	subj_rel	unexpected	The manager that attains the teacher listen	6.47559375011042e-07	6.47559375011042e-07	20.558483123779297	20.558483123779297
1981	gpt2	1982	991	11	listen	subj_rel	expected	The manager that attains the teacher listens	9.917210945786792e-07	9.917210945786792e-07	19.94356155395508	19.94356155395508
1982	gpt2	1983	992	11	list	subj_rel	unexpected	The manager that attains the teacher list	0.0002655930584296	0.0002655930584296	11.878495216369627	11.878495216369627
1983	gpt2	1984	992	11	list	subj_rel	expected	The manager that attains the teacher lists	1.5396279195556417e-05	1.5396279195556417e-05	15.987058639526367	15.987058639526367
1984	gpt2	1985	993	11	live	subj_rel	unexpected	The manager that attains the teacher live	1.2672891216425342e-06	1.2672891216425342e-06	19.58982276916504	19.58982276916504
1985	gpt2	1986	993	11	live	subj_rel	expected	The manager that attains the teacher lives	1.5408081708301324e-06	1.5408081708301324e-06	19.307880401611328	19.307880401611328
1986	gpt2	1987	994	11	load	subj_rel	unexpected	The manager that attains the teacher load	0.0013691032072529	0.0013691032072529	9.512553215026855	9.512553215026855
1987	gpt2	1988	994	11	load	subj_rel	expected	The manager that attains the teacher loads	3.123664646409452e-05	3.123664646409452e-05	14.966401100158691	14.966401100158691
1988	gpt2	1989	995	11	loan	subj_rel	unexpected	The manager that attains the teacher loan	0.0003052156534977	0.0003052156534977	11.67788314819336	11.67788314819336
1989	gpt2	1990	995	11	loan	subj_rel	expected	The manager that attains the teacher loans	1.361196700599976e-05	1.361196700599976e-05	16.164764404296875	16.164764404296875
1990	gpt2	1991	996	11	lobby	subj_rel	unexpected	The manager that attains the teacher lobby	1.7392636664226302e-06	1.7392636664226302e-06	19.13309097290039	19.13309097290039
1991	gpt2	1992	996	11	lobby	subj_rel	expected	The manager that attains the teacher lobbies	0.4995887023202439	0.4995887023202439	13.418983885785565	13.418983885785565
1992	gpt2	1993	997	11	locate	subj_rel	unexpected	The manager that attains the teacher locate	8.361074037566141e-07	8.361074037566141e-07	20.189807891845703	20.189807891845703
1993	gpt2	1994	997	11	locate	subj_rel	expected	The manager that attains the teacher locates	0.1648206958798255	0.1648206958798255	8.431808471679688	8.431808471679688
1994	gpt2	1995	998	11	lock	subj_rel	unexpected	The manager that attains the teacher lock	5.536888784263283e-05	5.536888784263283e-05	14.140564918518066	14.140564918518066
1995	gpt2	1996	998	11	lock	subj_rel	expected	The manager that attains the teacher locks	2.281479510202189e-06	2.281479510202189e-06	18.74159812927246	18.74159812927246
1996	gpt2	1997	999	11	lodge	subj_rel	unexpected	The manager that attains the teacher lodge	3.682033309360122e-07	3.682033309360122e-07	21.37299346923828	21.37299346923828
1997	gpt2	1998	999	11	lodge	subj_rel	expected	The manager that attains the teacher lodges	0.4325747594567986	0.4325747594567986	10.134354382753372	10.134354382753372
1998	gpt2	1999	1000	11	log	subj_rel	unexpected	The manager that attains the teacher log	3.549148459569551e-05	3.549148459569551e-05	14.782167434692385	14.782167434692385
1999	gpt2	2000	1000	11	log	subj_rel	expected	The manager that attains the teacher logs	1.6495057479914976e-06	1.6495057479914976e-06	19.209535598754883	19.209535598754883
2000	gpt2	2001	1001	11	look	subj_rel	unexpected	The manager that attains the teacher look	6.402648432413116e-05	6.402648432413116e-05	13.9309720993042	13.9309720993042
2001	gpt2	2002	1001	11	look	subj_rel	expected	The manager that attains the teacher looks	0.0002080326230498	0.0002080326230498	12.230902671813965	12.230902671813965
2002	gpt2	2003	1002	11	loom	subj_rel	unexpected	The manager that attains the teacher loom	0.01586805544320667	0.01586805544320667	10.793632507324219	10.793632507324219
2003	gpt2	2004	1002	11	loom	subj_rel	expected	The manager that attains the teacher looms	1.0311908482663057e-07	1.0311908482663057e-07	23.209184646606445	23.209184646606445
2004	gpt2	2005	1003	11	loosen	subj_rel	unexpected	The manager that attains the teacher loosen	2.2064805094146326e-08	2.2064805094146326e-08	25.433677673339844	25.433677673339844
2005	gpt2	2006	1003	11	loosen	subj_rel	expected	The manager that attains the teacher loosens	0.40233084697470645	0.40233084697470645	12.124114349484444	12.124114349484444
2006	gpt2	2007	1004	11	loose	subj_rel	unexpected	The manager that attains the teacher loose	4.313708643621794e-07	4.313708643621794e-07	21.144567489624023	21.144567489624023
2007	gpt2	2008	1004	11	loose	subj_rel	expected	The manager that attains the teacher looses	0.13450419418040838	0.13450419418040838	9.2517049908638	9.2517049908638
2008	gpt2	2009	1005	11	loot	subj_rel	unexpected	The manager that attains the teacher loot	2.123524609487504e-06	2.123524609487504e-06	18.84510803222656	18.84510803222656
2009	gpt2	2010	1005	11	loot	subj_rel	expected	The manager that attains the teacher loots	0.0073748631839407	0.0073748631839407	9.661445379257202	9.661445379257202
2010	gpt2	2011	1006	11	lose	subj_rel	unexpected	The manager that attains the teacher lose	2.3072636849974515e-06	2.3072636849974515e-06	18.725385665893555	18.725385665893555
2011	gpt2	2012	1006	11	lose	subj_rel	expected	The manager that attains the teacher loses	9.84984126262134e-06	9.84984126262134e-06	16.631467819213867	16.631467819213867
2012	gpt2	2013	1007	11	love	subj_rel	unexpected	The manager that attains the teacher love	3.510905662551522e-05	3.510905662551522e-05	14.797797203063965	14.797797203063965
2013	gpt2	2014	1007	11	love	subj_rel	expected	The manager that attains the teacher loves	3.855752765957732e-06	3.855752765957732e-06	17.984556198120117	17.984556198120117
2014	gpt2	2015	1008	11	lower	subj_rel	unexpected	The manager that attains the teacher lower	1.041669020196423e-05	1.041669020196423e-05	16.550743103027344	16.550743103027344
2015	gpt2	2016	1008	11	lower	subj_rel	expected	The manager that attains the teacher lowers	2.3914808480185457e-06	2.3914808480185457e-06	18.673664093017575	18.673664093017575
2016	gpt2	2017	1009	11	lunch	subj_rel	unexpected	The manager that attains the teacher lunch	7.53268568587373e-06	7.53268568587373e-06	17.018404006958008	17.018404006958008
2017	gpt2	2018	1009	11	lunch	subj_rel	expected	The manager that attains the teacher lunches	0.23044624176259276	0.23044624176259276	9.217268705368042	9.217268705368042
2018	gpt2	2019	1010	11	lure	subj_rel	unexpected	The manager that attains the teacher lure	1.147081221120061e-07	1.147081221120061e-07	23.05552864074707	23.05552864074707
2019	gpt2	2020	1010	11	lure	subj_rel	expected	The manager that attains the teacher lures	0.0101607577380491	0.0101607577380491	9.42888069152832	9.42888069152832
2020	gpt2	2021	1011	11	mail	subj_rel	unexpected	The manager that attains the teacher mail	1.5955944036250003e-05	1.5955944036250003e-05	15.935546875	15.935546875
2021	gpt2	2022	1011	11	mail	subj_rel	expected	The manager that attains the teacher mails	0.13962504159553646	0.13962504159553646	8.554652392864227	8.554652392864227
2022	gpt2	2023	1012	11	maintain	subj_rel	unexpected	The manager that attains the teacher maintain	7.125059710233472e-06	7.125059710233472e-06	17.09866714477539	17.09866714477539
2023	gpt2	2024	1012	11	maintain	subj_rel	expected	The manager that attains the teacher maintains	1.0387326256022789e-05	1.0387326256022789e-05	16.5548152923584	16.5548152923584
2024	gpt2	2025	1013	11	make	subj_rel	unexpected	The manager that attains the teacher make	3.362676943652332e-05	3.362676943652332e-05	14.860030174255373	14.860030174255373
2025	gpt2	2026	1013	11	make	subj_rel	expected	The manager that attains the teacher makes	0.0001344748889096	0.0001344748889096	12.86037540435791	12.86037540435791
2026	gpt2	2027	1014	11	manage	subj_rel	unexpected	The manager that attains the teacher manage	7.678115707676625e-07	7.678115707676625e-07	20.312744140625	20.312744140625
2027	gpt2	2028	1014	11	manage	subj_rel	expected	The manager that attains the teacher manages	3.166626584061305e-06	3.166626584061305e-06	18.26862144470215	18.26862144470215
2028	gpt2	2029	1015	11	mandate	subj_rel	unexpected	The manager that attains the teacher mandate	5.974347732262686e-05	5.974347732262686e-05	14.030858993530272	14.030858993530272
2029	gpt2	2030	1015	11	mandate	subj_rel	expected	The manager that attains the teacher mandates	9.650783795223106e-06	9.650783795223106e-06	16.66092300415039	16.66092300415039
2030	gpt2	2031	1016	11	maneuver	subj_rel	unexpected	The manager that attains the teacher maneuver	7.6296160500533e-08	7.6296160500533e-08	23.643814086914062	23.643814086914062
2031	gpt2	2032	1016	11	maneuver	subj_rel	expected	The manager that attains the teacher maneuvers	3.872759890555244e-08	3.872759890555244e-08	24.62206268310547	24.62206268310547
2032	gpt2	2033	1017	11	manipulate	subj_rel	unexpected	The manager that attains the teacher manipulate	3.301258573173982e-07	3.301258573173982e-07	21.530481338500977	21.530481338500977
2033	gpt2	2034	1017	11	manipulate	subj_rel	expected	The manager that attains the teacher manipulates	0.4853222537543331	0.4853222537543331	10.321108885109425	10.321108885109425
2034	gpt2	2035	1018	11	manufacture	subj_rel	unexpected	The manager that attains the teacher manufacture	2.3589329600781642e-08	2.3589329600781642e-08	25.337289810180664	25.337289810180664
2035	gpt2	2036	1018	11	manufacture	subj_rel	expected	The manager that attains the teacher manufactures	4.3011688433125534e-08	4.3011688433125534e-08	24.47069549560547	24.47069549560547
2036	gpt2	2037	1019	11	man	subj_rel	unexpected	The manager that attains the teacher man	1.9958344637416303e-05	1.9958344637416303e-05	15.612648010253906	15.612648010253906
2037	gpt2	2038	1019	11	man	subj_rel	expected	The manager that attains the teacher mans	8.619838354206877e-07	8.619838354206877e-07	20.145835876464844	20.145835876464844
2038	gpt2	2039	1020	11	march	subj_rel	unexpected	The manager that attains the teacher march	1.4056323607292145e-06	1.4056323607292145e-06	19.440349578857425	19.440349578857425
2039	gpt2	2040	1020	11	march	subj_rel	expected	The manager that attains the teacher marches	8.579581844969654e-08	8.579581844969654e-08	23.474517822265625	23.474517822265625
2040	gpt2	2041	1021	11	market	subj_rel	unexpected	The manager that attains the teacher market	6.872865924378857e-05	6.872865924378857e-05	13.828728675842283	13.828728675842283
2041	gpt2	2042	1021	11	market	subj_rel	expected	The manager that attains the teacher markets	9.637350331104244e-07	9.637350331104244e-07	19.98485946655273	19.98485946655273
2042	gpt2	2043	1022	11	mark	subj_rel	unexpected	The manager that attains the teacher mark	0.0006128055974841	0.0006128055974841	10.672283172607422	10.672283172607422
2043	gpt2	2044	1022	11	mark	subj_rel	expected	The manager that attains the teacher marks	0.0006184653029777	0.0006184653029777	10.659019470214844	10.659019470214844
2044	gpt2	2045	1023	11	marry	subj_rel	unexpected	The manager that attains the teacher marry	1.1051637329728692e-06	1.1051637329728692e-06	19.78730773925781	19.78730773925781
2045	gpt2	2046	1023	11	marry	subj_rel	expected	The manager that attains the teacher marries	0.4766931371614191	0.4766931371614191	8.87839699164033	8.87839699164033
2046	gpt2	2047	1024	11	marvel	subj_rel	unexpected	The manager that attains the teacher marvel	7.086862297001062e-07	7.086862297001062e-07	20.4283504486084	20.4283504486084
2047	gpt2	2048	1024	11	marvel	subj_rel	expected	The manager that attains the teacher marvels	0.48349371223991966	0.48349371223991966	10.238391222432256	10.238391222432256
2048	gpt2	2049	1025	11	massage	subj_rel	unexpected	The manager that attains the teacher massage	1.6798335309431425e-06	1.6798335309431425e-06	19.183250427246094	19.183250427246094
2049	gpt2	2050	1025	11	massage	subj_rel	expected	The manager that attains the teacher massages	0.004126465484659962	0.004126465484659962	11.650203227996826	11.650203227996826
2050	gpt2	2051	1026	11	master	subj_rel	unexpected	The manager that attains the teacher master	0.0005443507106974	0.0005443507106974	10.843175888061523	10.843175888061523
2051	gpt2	2052	1026	11	master	subj_rel	expected	The manager that attains the teacher masters	2.298909748787992e-05	2.298909748787992e-05	15.408690452575684	15.408690452575684
2052	gpt2	2053	1027	11	match	subj_rel	unexpected	The manager that attains the teacher match	6.763679266441613e-05	6.763679266441613e-05	13.851832389831545	13.851832389831545
2053	gpt2	2054	1027	11	match	subj_rel	expected	The manager that attains the teacher matches	4.516989520197967e-06	4.516989520197967e-06	17.756206512451172	17.756206512451172
2054	gpt2	2055	1028	11	materialize	subj_rel	unexpected	The manager that attains the teacher materialize	0.00011419469660718509	0.00011419469660718509	14.890074729919434	14.890074729919434
2055	gpt2	2056	1028	11	materialize	subj_rel	expected	The manager that attains the teacher materializes	0.0009182014298403351	0.0009182014298403351	13.372835159301758	13.372835159301758
2056	gpt2	2057	1029	11	matter	subj_rel	unexpected	The manager that attains the teacher matter	1.7886236491904128e-06	1.7886236491904128e-06	19.09271812438965	19.09271812438965
2057	gpt2	2058	1029	11	matter	subj_rel	expected	The manager that attains the teacher matters	8.32133628136944e-06	8.32133628136944e-06	16.874753952026367	16.874753952026367
2058	gpt2	2059	1030	11	mature	subj_rel	unexpected	The manager that attains the teacher mature	3.625087003911176e-07	3.625087003911176e-07	21.39548110961914	21.39548110961914
2059	gpt2	2060	1030	11	mature	subj_rel	expected	The manager that attains the teacher matures	0.007976663755471236	0.007976663755471236	10.067343473434448	10.067343473434448
2060	gpt2	2061	1031	11	maul	subj_rel	unexpected	The manager that attains the teacher maul	0.00414156526221627	0.00414156526221627	11.094415187835693	11.094415187835693
2061	gpt2	2062	1031	11	maul	subj_rel	expected	The manager that attains the teacher mauls	0.18317190547713832	0.18317190547713832	7.691503246625264	7.691503246625264
2062	gpt2	2063	1032	11	maximize	subj_rel	unexpected	The manager that attains the teacher maximize	6.299820256572275e-07	6.299820256572275e-07	20.59818649291992	20.59818649291992
2063	gpt2	2064	1032	11	maximize	subj_rel	expected	The manager that attains the teacher maximizes	0.2312606063749172	0.2312606063749172	9.315991520881653	9.315991520881653
2064	gpt2	2065	1033	11	mean	subj_rel	unexpected	The manager that attains the teacher mean	5.395520929596387e-05	5.395520929596387e-05	14.177878379821776	14.177878379821776
2065	gpt2	2066	1033	11	mean	subj_rel	expected	The manager that attains the teacher means	0.0001158300001407	0.0001158300001407	13.075703620910645	13.075703620910645
2066	gpt2	2067	1034	11	measure	subj_rel	unexpected	The manager that attains the teacher measure	6.70323697704589e-06	6.70323697704589e-06	17.186710357666016	17.186710357666016
2067	gpt2	2068	1034	11	measure	subj_rel	expected	The manager that attains the teacher measures	1.857577103692165e-06	1.857577103692165e-06	19.03814697265625	19.03814697265625
2068	gpt2	2069	1035	11	mediate	subj_rel	unexpected	The manager that attains the teacher mediate	0.018712309686861738	0.018712309686861738	11.153362512588501	11.153362512588501
2069	gpt2	2070	1035	11	mediate	subj_rel	expected	The manager that attains the teacher mediates	0.3363392265202947	0.3363392265202947	9.439889907836914	9.439889907836914
2070	gpt2	2071	1036	11	meet	subj_rel	unexpected	The manager that attains the teacher meet	1.213586438097991e-05	1.213586438097991e-05	16.330364227294922	16.330364227294922
2071	gpt2	2072	1036	11	meet	subj_rel	expected	The manager that attains the teacher meets	9.103569936996792e-06	9.103569936996792e-06	16.745136260986328	16.745136260986328
2072	gpt2	2073	1037	11	meld	subj_rel	unexpected	The manager that attains the teacher meld	0.09461813570533195	0.09461813570533195	9.500253200531006	9.500253200531006
2073	gpt2	2074	1037	11	meld	subj_rel	expected	The manager that attains the teacher melds	0.2739409168658919	0.2739409168658919	6.553723911444346	6.553723911444346
2074	gpt2	2075	1038	11	melt	subj_rel	unexpected	The manager that attains the teacher melt	1.8618965214045602e-07	1.8618965214045602e-07	22.35672378540039	22.35672378540039
2075	gpt2	2076	1038	11	melt	subj_rel	expected	The manager that attains the teacher melts	1.2444230890196198e-07	1.2444230890196198e-07	22.938018798828125	22.938018798828125
2076	gpt2	2077	1039	11	mention	subj_rel	unexpected	The manager that attains the teacher mention	2.080276544802473e-06	2.080276544802473e-06	18.874794006347656	18.874794006347656
2077	gpt2	2078	1039	11	mention	subj_rel	expected	The manager that attains the teacher mentions	4.150496806687443e-06	4.150496806687443e-06	17.878284454345703	17.878284454345703
2078	gpt2	2079	1040	11	merge	subj_rel	unexpected	The manager that attains the teacher merge	2.7713103918358684e-06	2.7713103918358684e-06	18.461000442504883	18.461000442504883
2079	gpt2	2080	1040	11	merge	subj_rel	expected	The manager that attains the teacher merges	0.38976960427999074	0.38976960427999074	8.48918317258358	8.48918317258358
2080	gpt2	2081	1041	11	merit	subj_rel	unexpected	The manager that attains the teacher merit	2.7214964575250636e-05	2.7214964575250636e-05	15.165240287780762	15.165240287780762
2081	gpt2	2082	1041	11	merit	subj_rel	expected	The manager that attains the teacher merits	1.583968014529091e-06	1.583968014529091e-06	19.26802444458008	19.26802444458008
2082	gpt2	2083	1042	11	mesh	subj_rel	unexpected	The manager that attains the teacher mesh	1.2613224953383906e-07	1.2613224953383906e-07	22.91856002807617	22.91856002807617
2083	gpt2	2084	1042	11	mesh	subj_rel	expected	The manager that attains the teacher meshes	4.5180875929418114e-08	4.5180875929418114e-08	24.39971160888672	24.39971160888672
2084	gpt2	2085	1043	11	migrate	subj_rel	unexpected	The manager that attains the teacher migrate	1.9202293088937953e-08	1.9202293088937953e-08	25.634145736694336	25.634145736694336
2085	gpt2	2086	1043	11	migrate	subj_rel	expected	The manager that attains the teacher migrates	0.47889752366630495	0.47889752366630495	11.401746436953543	11.401746436953543
2086	gpt2	2087	1044	11	militate	subj_rel	unexpected	The manager that attains the teacher militate	0.004144980164312511	0.004144980164312511	13.738780975341795	13.738780975341795
2087	gpt2	2088	1044	11	militate	subj_rel	expected	The manager that attains the teacher militates	0.25751906126930635	0.25751906126930635	10.76014047861099	10.76014047861099
2088	gpt2	2089	1045	11	milk	subj_rel	unexpected	The manager that attains the teacher milk	1.071766405402741e-06	1.071766405402741e-06	19.83157730102539	19.83157730102539
2089	gpt2	2090	1045	11	milk	subj_rel	expected	The manager that attains the teacher milks	0.04180099348900508	0.04180099348900508	11.114161729812622	11.114161729812622
2090	gpt2	2091	1046	11	mimic	subj_rel	unexpected	The manager that attains the teacher mimic	8.450306410168197e-08	8.450306410168197e-08	23.496421813964844	23.496421813964844
2091	gpt2	2092	1046	11	mimic	subj_rel	expected	The manager that attains the teacher mimics	0.4796485743472196	0.4796485743472196	11.751169469207525	11.751169469207525
2092	gpt2	2093	1047	11	mince	subj_rel	unexpected	The manager that attains the teacher mince	0.0003166918131682701	0.0003166918131682701	12.976158618927002	12.976158618927002
2093	gpt2	2094	1047	11	mince	subj_rel	expected	The manager that attains the teacher minces	0.0020210974762448924	0.0020210974762448924	12.542080640792847	12.542080640792847
2094	gpt2	2095	1048	11	mind	subj_rel	unexpected	The manager that attains the teacher mind	2.4031785869738087e-05	2.4031785869738087e-05	15.344696998596191	15.344696998596191
2095	gpt2	2096	1048	11	mind	subj_rel	expected	The manager that attains the teacher minds	3.7628566929015516e-07	3.7628566929015516e-07	21.3416690826416	21.3416690826416
2096	gpt2	2097	1049	11	minimize	subj_rel	unexpected	The manager that attains the teacher minimize	3.482835779777816e-07	3.482835779777816e-07	21.45323371887207	21.45323371887207
2097	gpt2	2098	1049	11	minimize	subj_rel	expected	The manager that attains the teacher minimizes	0.4007581521499759	0.4007581521499759	10.84757624566555	10.84757624566555
2098	gpt2	2099	1050	11	mirror	subj_rel	unexpected	The manager that attains the teacher mirror	5.680982667399803e-06	5.680982667399803e-06	17.42542839050293	17.42542839050293
2099	gpt2	2100	1050	11	mirror	subj_rel	expected	The manager that attains the teacher mirrors	1.772369557784259e-07	1.772369557784259e-07	22.42781639099121	22.42781639099121
2100	gpt2	2101	1051	11	misinterpret	subj_rel	unexpected	The manager that attains the teacher misinterpret	2.524594400199476e-08	2.524594400199476e-08	25.23937225341797	25.23937225341797
2101	gpt2	2102	1051	11	misinterpret	subj_rel	expected	The manager that attains the teacher misinterprets	0.5011944281329193	0.5011944281329193	6.317748548928648	6.317748548928648
2102	gpt2	2103	1052	11	misrepresent	subj_rel	unexpected	The manager that attains the teacher misrepresent	7.292182147011772e-08	7.292182147011772e-08	23.709074020385746	23.709074020385746
2103	gpt2	2104	1052	11	misrepresent	subj_rel	expected	The manager that attains the teacher misrepresents	0.3541850198582779	0.3541850198582779	7.733023455870959	7.733023455870959
2104	gpt2	2105	1053	11	miss	subj_rel	unexpected	The manager that attains the teacher miss	8.034389225031191e-07	8.034389225031191e-07	20.2473087310791	20.2473087310791
2105	gpt2	2106	1053	11	miss	subj_rel	expected	The manager that attains the teacher misses	7.22559036603343e-07	7.22559036603343e-07	20.40038108825684	20.40038108825684
2106	gpt2	2107	1054	11	mistreat	subj_rel	unexpected	The manager that attains the teacher mistreat	0.15878875175990714	0.15878875175990714	11.850630283355713	11.850630283355713
2107	gpt2	2108	1054	11	mistreat	subj_rel	expected	The manager that attains the teacher mistreats	0.43405720339800286	0.43405720339800286	7.907886512577534	7.907886512577534
2108	gpt2	2109	1055	11	mitigate	subj_rel	unexpected	The manager that attains the teacher mitigate	2.004072001682289e-07	2.004072001682289e-07	22.25056266784668	22.25056266784668
2109	gpt2	2110	1055	11	mitigate	subj_rel	expected	The manager that attains the teacher mitigates	0.6277924150220618	0.6277924150220618	6.124439960345626	6.124439960345626
2110	gpt2	2111	1056	11	mix	subj_rel	unexpected	The manager that attains the teacher mix	1.522004276921507e-05	1.522004276921507e-05	16.0036678314209	16.0036678314209
2111	gpt2	2112	1056	11	mix	subj_rel	expected	The manager that attains the teacher mixes	2.3672906479532685e-07	2.3672906479532685e-07	22.0102596282959	22.0102596282959
2112	gpt2	2113	1057	11	moan	subj_rel	unexpected	The manager that attains the teacher moan	2.2236601182612506e-07	2.2236601182612506e-07	22.100561141967773	22.100561141967773
2113	gpt2	2114	1057	11	moan	subj_rel	expected	The manager that attains the teacher moans	0.12055537867740894	0.12055537867740894	9.906868696212769	9.906868696212769
2114	gpt2	2115	1058	11	mobilize	subj_rel	unexpected	The manager that attains the teacher mobilize	1.404612515187864e-08	1.404612515187864e-08	26.08525276184082	26.08525276184082
2115	gpt2	2116	1058	11	mobilize	subj_rel	expected	The manager that attains the teacher mobilizes	0.4013858487271236	0.4013858487271236	11.600660413503647	11.600660413503647
2116	gpt2	2117	1059	11	model	subj_rel	unexpected	The manager that attains the teacher model	1.9449955289019272e-05	1.9449955289019272e-05	15.649873733520508	15.649873733520508
2117	gpt2	2118	1059	11	model	subj_rel	expected	The manager that attains the teacher models	3.441602984821657e-07	3.441602984821657e-07	21.470415115356445	21.470415115356445
2118	gpt2	2119	1060	11	moderate	subj_rel	unexpected	The manager that attains the teacher moderate	1.9181811694579665e-06	1.9181811694579665e-06	18.99182891845703	18.99182891845703
2119	gpt2	2120	1060	11	moderate	subj_rel	expected	The manager that attains the teacher moderates	4.5314127561368884e-08	4.5314127561368884e-08	24.395463943481445	24.395463943481445
2120	gpt2	2121	1061	11	modernize	subj_rel	unexpected	The manager that attains the teacher modernize	0.00745672948953313	0.00745672948953313	13.734339714050293	13.734339714050293
2121	gpt2	2122	1061	11	modernize	subj_rel	expected	The manager that attains the teacher modernizes	0.04017573392313518	0.04017573392313518	12.519470810890198	12.519470810890198
2122	gpt2	2123	1062	11	modify	subj_rel	unexpected	The manager that attains the teacher modify	5.245696570455038e-07	5.245696570455038e-07	20.862361907958984	20.862361907958984
2123	gpt2	2124	1062	11	modify	subj_rel	expected	The manager that attains the teacher modifies	0.4668512973541965	0.4668512973541965	8.589393604546785	8.589393604546785
2124	gpt2	2125	1063	11	mollify	subj_rel	unexpected	The manager that attains the teacher mollify	0.007420089228617113	0.007420089228617113	9.870947996775309	9.870947996775309
2125	gpt2	2126	1063	11	mollify	subj_rel	expected	The manager that attains the teacher mollifies	0.08206701664494172	0.08206701664494172	8.663851817448935	8.663851817448935
2126	gpt2	2127	1064	11	monitor	subj_rel	unexpected	The manager that attains the teacher monitor	8.518280992575455e-06	8.518280992575455e-06	16.841005325317383	16.841005325317383
2127	gpt2	2128	1064	11	monitor	subj_rel	expected	The manager that attains the teacher monitors	7.158593007261516e-07	7.158593007261516e-07	20.413820266723636	20.413820266723636
2128	gpt2	2129	1065	11	monopolize	subj_rel	unexpected	The manager that attains the teacher monopolize	0.0032872086217138985	0.0032872086217138985	13.006023645401003	13.006023645401003
2129	gpt2	2130	1065	11	monopolize	subj_rel	expected	The manager that attains the teacher monopolizes	0.24601074227257413	0.24601074227257413	9.892922878265383	9.892922878265383
2130	gpt2	2131	1066	11	mop	subj_rel	unexpected	The manager that attains the teacher mop	0.00111405932238992	0.00111405932238992	12.047628402709961	12.047628402709961
2131	gpt2	2132	1066	11	mop	subj_rel	expected	The manager that attains the teacher mops	0.0005706711917809701	0.0005706711917809701	12.538117408752441	12.538117408752441
2132	gpt2	2133	1067	11	mortgage	subj_rel	unexpected	The manager that attains the teacher mortgage	5.0878174988611136e-06	5.0878174988611136e-06	17.584522247314453	17.584522247314453
2133	gpt2	2134	1067	11	mortgage	subj_rel	expected	The manager that attains the teacher mortgages	5.880481168674123e-08	5.880481168674123e-08	24.01949119567871	24.01949119567871
2134	gpt2	2135	1068	11	motivate	subj_rel	unexpected	The manager that attains the teacher motivate	1.1813735056875885e-07	1.1813735056875885e-07	23.01303100585937	23.01303100585937
2135	gpt2	2136	1068	11	motivate	subj_rel	expected	The manager that attains the teacher motivates	0.49860888777445217	0.49860888777445217	10.09733294788748	10.09733294788748
2136	gpt2	2137	1069	11	mount	subj_rel	unexpected	The manager that attains the teacher mount	4.712072495749453e-06	4.712072495749453e-06	17.695207595825195	17.695207595825195
2137	gpt2	2138	1069	11	mount	subj_rel	expected	The manager that attains the teacher mounts	4.210728548059706e-07	4.210728548059706e-07	21.179426193237305	21.179426193237305
2138	gpt2	2139	1070	11	move	subj_rel	unexpected	The manager that attains the teacher move	6.357934580591973e-06	6.357934580591973e-06	17.263010025024414	17.263010025024414
2139	gpt2	2140	1070	11	move	subj_rel	expected	The manager that attains the teacher moves	2.435506303299917e-06	2.435506303299917e-06	18.64734649658203	18.64734649658203
2140	gpt2	2141	1071	11	mow	subj_rel	unexpected	The manager that attains the teacher mow	0.0001808735059966701	0.0001808735059966701	13.403132438659668	13.403132438659668
2141	gpt2	2142	1071	11	mow	subj_rel	expected	The manager that attains the teacher mows	0.0009710708063721201	0.0009710708063721201	12.147939682006836	12.147939682006836
2142	gpt2	2143	1072	11	mull	subj_rel	unexpected	The manager that attains the teacher mull	1.2988715525352745e-07	1.2988715525352745e-07	22.87623786926269	22.87623786926269
2143	gpt2	2144	1072	11	mull	subj_rel	expected	The manager that attains the teacher mulls	0.44692487058475194	0.44692487058475194	11.519066914916037	11.519066914916037
2144	gpt2	2145	1073	11	multiply	subj_rel	unexpected	The manager that attains the teacher multiply	4.8865594237668126e-08	4.8865594237668126e-08	24.286605834960938	24.286605834960938
2145	gpt2	2146	1073	11	multiply	subj_rel	expected	The manager that attains the teacher multiplies	0.4946561088881367	0.4946561088881367	9.973886874970049	9.973886874970049
2146	gpt2	2147	1074	11	muse	subj_rel	unexpected	The manager that attains the teacher muse	8.989884037191588e-08	8.989884037191588e-08	23.407121658325195	23.407121658325195
2147	gpt2	2148	1074	11	muse	subj_rel	expected	The manager that attains the teacher muses	0.43921536547465223	0.43921536547465223	11.073198162019253	11.073198162019253
2148	gpt2	2149	1075	11	muster	subj_rel	unexpected	The manager that attains the teacher muster	2.954865067295032e-06	2.954865067295032e-06	18.36847686767578	18.36847686767578
2149	gpt2	2150	1075	11	muster	subj_rel	expected	The manager that attains the teacher musters	0.0019240090196035022	0.0019240090196035022	12.181648254394531	12.181648254394531
2150	gpt2	2151	1076	11	mute	subj_rel	unexpected	The manager that attains the teacher mute	7.798909678058408e-07	7.798909678058408e-07	20.290224075317383	20.290224075317383
2151	gpt2	2152	1076	11	mute	subj_rel	expected	The manager that attains the teacher mutes	0.0024856415939211703	0.0024856415939211703	11.4641695022583	11.4641695022583
2152	gpt2	2153	1077	11	nail	subj_rel	unexpected	The manager that attains the teacher nail	3.33599615487401e-07	3.33599615487401e-07	21.515378952026367	21.515378952026367
2153	gpt2	2154	1077	11	nail	subj_rel	expected	The manager that attains the teacher nails	1.5713828815933084e-07	1.5713828815933084e-07	22.60146141052246	22.60146141052246
2154	gpt2	2155	1078	11	name	subj_rel	unexpected	The manager that attains the teacher name	0.0005102867144159	0.0005102867144159	10.93640422821045	10.93640422821045
2155	gpt2	2156	1078	11	name	subj_rel	expected	The manager that attains the teacher names	8.064331268542446e-06	8.064331268542446e-06	16.920013427734375	16.920013427734375
2156	gpt2	2157	1079	12	narrow	subj_rel	unexpected	The pilot that self-reinsures the officer narrow	0.0002167612256016	0.0002167612256016	12.171606063842772	12.171606063842772
2157	gpt2	2158	1079	12	narrow	subj_rel	expected	The pilot that self-reinsures the officer narrows	0.0002167612256016	0.0002167612256016	12.171606063842772	12.171606063842772
2158	gpt2	2159	1080	12	navigate	subj_rel	unexpected	The pilot that self-reinsures the officer navigate	0.0002167612256016	0.0002167612256016	12.171606063842772	12.171606063842772
2159	gpt2	2160	1080	12	navigate	subj_rel	expected	The pilot that self-reinsures the officer navigates	0.0002167612256016	0.0002167612256016	12.171606063842772	12.171606063842772
2160	gpt2	2161	1081	12	naysay	subj_rel	unexpected	The pilot that self-reinsures the officer naysay	0.0002167612256016	0.0002167612256016	12.171606063842772	12.171606063842772
2161	gpt2	2162	1081	12	naysay	subj_rel	expected	The pilot that self-reinsures the officer naysays	0.0002167612256016	0.0002167612256016	12.171606063842772	12.171606063842772
2162	gpt2	2163	1082	12	need	subj_rel	unexpected	The pilot that self-reinsures the officer need	0.0002167612256016	0.0002167612256016	12.171606063842772	12.171606063842772
2163	gpt2	2164	1082	12	need	subj_rel	expected	The pilot that self-reinsures the officer needs	0.0002167612256016	0.0002167612256016	12.171606063842772	12.171606063842772
2164	gpt2	2165	1083	12	negotiate	subj_rel	unexpected	The pilot that self-reinsures the officer negotiate	0.0002167612256016	0.0002167612256016	12.171606063842772	12.171606063842772
2165	gpt2	2166	1083	12	negotiate	subj_rel	expected	The pilot that self-reinsures the officer negotiates	0.0002167612256016	0.0002167612256016	12.171606063842772	12.171606063842772
2166	gpt2	2167	1084	12	net	subj_rel	unexpected	The pilot that self-reinsures the officer net	0.0002167612256016	0.0002167612256016	12.171606063842772	12.171606063842772
2167	gpt2	2168	1084	12	net	subj_rel	expected	The pilot that self-reinsures the officer nets	0.0002167612256016	0.0002167612256016	12.171606063842772	12.171606063842772
2168	gpt2	2169	1085	12	network	subj_rel	unexpected	The pilot that self-reinsures the officer network	0.0002167612256016	0.0002167612256016	12.171606063842772	12.171606063842772
2169	gpt2	2170	1085	12	network	subj_rel	expected	The pilot that self-reinsures the officer networks	0.0002167612256016	0.0002167612256016	12.171606063842772	12.171606063842772
2170	gpt2	2171	1086	12	nominate	subj_rel	unexpected	The pilot that self-reinsures the officer nominate	0.0002167612256016	0.0002167612256016	12.171606063842772	12.171606063842772
2171	gpt2	2172	1086	12	nominate	subj_rel	expected	The pilot that self-reinsures the officer nominates	0.0002167612256016	0.0002167612256016	12.171606063842772	12.171606063842772
2172	gpt2	2173	1087	12	normalize	subj_rel	unexpected	The pilot that self-reinsures the officer normalize	0.0002167612256016	0.0002167612256016	12.171606063842772	12.171606063842772
2173	gpt2	2174	1087	12	normalize	subj_rel	expected	The pilot that self-reinsures the officer normalizes	0.0002167612256016	0.0002167612256016	12.171606063842772	12.171606063842772
2174	gpt2	2175	1088	12	notch	subj_rel	unexpected	The pilot that self-reinsures the officer notch	0.0002167612256016	0.0002167612256016	12.171606063842772	12.171606063842772
2175	gpt2	2176	1088	12	notch	subj_rel	expected	The pilot that self-reinsures the officer notches	0.0002167612256016	0.0002167612256016	12.171606063842772	12.171606063842772
2176	gpt2	2177	1089	12	note	subj_rel	unexpected	The pilot that self-reinsures the officer note	0.0002167612256016	0.0002167612256016	12.171606063842772	12.171606063842772
2177	gpt2	2178	1089	12	note	subj_rel	expected	The pilot that self-reinsures the officer notes	0.0002167612256016	0.0002167612256016	12.171606063842772	12.171606063842772
2178	gpt2	2179	1090	12	notice	subj_rel	unexpected	The pilot that self-reinsures the officer notice	0.0002167612256016	0.0002167612256016	12.171606063842772	12.171606063842772
2179	gpt2	2180	1090	12	notice	subj_rel	expected	The pilot that self-reinsures the officer notices	0.0002167612256016	0.0002167612256016	12.171606063842772	12.171606063842772
2180	gpt2	2181	1091	12	notify	subj_rel	unexpected	The pilot that self-reinsures the officer notify	0.0002167612256016	0.0002167612256016	12.171606063842772	12.171606063842772
2181	gpt2	2182	1091	12	notify	subj_rel	expected	The pilot that self-reinsures the officer notifies	0.0002167612256016	0.0002167612256016	12.171606063842772	12.171606063842772
2182	gpt2	2183	1092	12	nudge	subj_rel	unexpected	The pilot that self-reinsures the officer nudge	0.0002167612256016	0.0002167612256016	12.171606063842772	12.171606063842772
2183	gpt2	2184	1092	12	nudge	subj_rel	expected	The pilot that self-reinsures the officer nudges	0.0002167612256016	0.0002167612256016	12.171606063842772	12.171606063842772
2184	gpt2	2185	1093	12	nullify	subj_rel	unexpected	The pilot that self-reinsures the officer nullify	0.0002167612256016	0.0002167612256016	12.171606063842772	12.171606063842772
2185	gpt2	2186	1093	12	nullify	subj_rel	expected	The pilot that self-reinsures the officer nullifies	0.0002167612256016	0.0002167612256016	12.171606063842772	12.171606063842772
2186	gpt2	2187	1094	12	nurture	subj_rel	unexpected	The pilot that self-reinsures the officer nurture	0.0002167612256016	0.0002167612256016	12.171606063842772	12.171606063842772
2187	gpt2	2188	1094	12	nurture	subj_rel	expected	The pilot that self-reinsures the officer nurtures	0.0002167612256016	0.0002167612256016	12.171606063842772	12.171606063842772
2188	gpt2	2189	1095	12	obfuscate	subj_rel	unexpected	The pilot that self-reinsures the officer obfuscate	0.0002167612256016	0.0002167612256016	12.171606063842772	12.171606063842772
2189	gpt2	2190	1095	12	obfuscate	subj_rel	expected	The pilot that self-reinsures the officer obfuscates	0.0002167612256016	0.0002167612256016	12.171606063842772	12.171606063842772
2190	gpt2	2191	1096	12	object	subj_rel	unexpected	The pilot that self-reinsures the officer object	0.0002167612256016	0.0002167612256016	12.171606063842772	12.171606063842772
2191	gpt2	2192	1096	12	object	subj_rel	expected	The pilot that self-reinsures the officer objects	0.0002167612256016	0.0002167612256016	12.171606063842772	12.171606063842772
2192	gpt2	2193	1097	12	obscure	subj_rel	unexpected	The pilot that self-reinsures the officer obscure	0.0002167612256016	0.0002167612256016	12.171606063842772	12.171606063842772
2193	gpt2	2194	1097	12	obscure	subj_rel	expected	The pilot that self-reinsures the officer obscures	0.0002167612256016	0.0002167612256016	12.171606063842772	12.171606063842772
2194	gpt2	2195	1098	12	observe	subj_rel	unexpected	The pilot that self-reinsures the officer observe	0.0002167612256016	0.0002167612256016	12.171606063842772	12.171606063842772
2195	gpt2	2196	1098	12	observe	subj_rel	expected	The pilot that self-reinsures the officer observes	0.0002167612256016	0.0002167612256016	12.171606063842772	12.171606063842772
2196	gpt2	2197	1099	12	obtain	subj_rel	unexpected	The pilot that self-reinsures the officer obtain	0.0002167612256016	0.0002167612256016	12.171606063842772	12.171606063842772
2197	gpt2	2198	1099	12	obtain	subj_rel	expected	The pilot that self-reinsures the officer obtains	0.0002167612256016	0.0002167612256016	12.171606063842772	12.171606063842772
2198	gpt2	2199	1100	12	obviate	subj_rel	unexpected	The pilot that self-reinsures the officer obviate	0.0002167612256016	0.0002167612256016	12.171606063842772	12.171606063842772
2199	gpt2	2200	1100	12	obviate	subj_rel	expected	The pilot that self-reinsures the officer obviates	0.0002167612256016	0.0002167612256016	12.171606063842772	12.171606063842772
2200	gpt2	2201	1101	12	occasion	subj_rel	unexpected	The pilot that self-reinsures the officer occasion	0.0002167612256016	0.0002167612256016	12.171606063842772	12.171606063842772
2201	gpt2	2202	1101	12	occasion	subj_rel	expected	The pilot that self-reinsures the officer occasions	0.0002167612256016	0.0002167612256016	12.171606063842772	12.171606063842772
2202	gpt2	2203	1102	12	occupy	subj_rel	unexpected	The pilot that self-reinsures the officer occupy	0.0002167612256016	0.0002167612256016	12.171606063842772	12.171606063842772
2203	gpt2	2204	1102	12	occupy	subj_rel	expected	The pilot that self-reinsures the officer occupies	0.0002167612256016	0.0002167612256016	12.171606063842772	12.171606063842772
2204	gpt2	2205	1103	12	occur	subj_rel	unexpected	The pilot that self-reinsures the officer occur	0.0002167612256016	0.0002167612256016	12.171606063842772	12.171606063842772
2205	gpt2	2206	1103	12	occur	subj_rel	expected	The pilot that self-reinsures the officer occurs	0.0002167612256016	0.0002167612256016	12.171606063842772	12.171606063842772
2206	gpt2	2207	1104	12	offend	subj_rel	unexpected	The pilot that self-reinsures the officer offend	0.0002167612256016	0.0002167612256016	12.171606063842772	12.171606063842772
2207	gpt2	2208	1104	12	offend	subj_rel	expected	The pilot that self-reinsures the officer offends	0.0002167612256016	0.0002167612256016	12.171606063842772	12.171606063842772
2208	gpt2	2209	1105	12	offer	subj_rel	unexpected	The pilot that self-reinsures the officer offer	0.0002167612256016	0.0002167612256016	12.171606063842772	12.171606063842772
2209	gpt2	2210	1105	12	offer	subj_rel	expected	The pilot that self-reinsures the officer offers	0.0002167612256016	0.0002167612256016	12.171606063842772	12.171606063842772
2210	gpt2	2211	1106	12	offset	subj_rel	unexpected	The pilot that self-reinsures the officer offset	0.0002167612256016	0.0002167612256016	12.171606063842772	12.171606063842772
2211	gpt2	2212	1106	12	offset	subj_rel	expected	The pilot that self-reinsures the officer offsets	0.0002167612256016	0.0002167612256016	12.171606063842772	12.171606063842772
2212	gpt2	2213	1107	12	omit	subj_rel	unexpected	The pilot that self-reinsures the officer omit	0.0002167612256016	0.0002167612256016	12.171606063842772	12.171606063842772
2213	gpt2	2214	1107	12	omit	subj_rel	expected	The pilot that self-reinsures the officer omits	0.0002167612256016	0.0002167612256016	12.171606063842772	12.171606063842772
2214	gpt2	2215	1108	12	ooze	subj_rel	unexpected	The pilot that self-reinsures the officer ooze	0.0002167612256016	0.0002167612256016	12.171606063842772	12.171606063842772
2215	gpt2	2216	1108	12	ooze	subj_rel	expected	The pilot that self-reinsures the officer oozes	0.0002167612256016	0.0002167612256016	12.171606063842772	12.171606063842772
2216	gpt2	2217	1109	12	open	subj_rel	unexpected	The pilot that self-reinsures the officer open	0.0002167612256016	0.0002167612256016	12.171606063842772	12.171606063842772
2217	gpt2	2218	1109	12	open	subj_rel	expected	The pilot that self-reinsures the officer opens	0.0002167612256016	0.0002167612256016	12.171606063842772	12.171606063842772
2218	gpt2	2219	1110	12	operate	subj_rel	unexpected	The pilot that self-reinsures the officer operate	0.0002167612256016	0.0002167612256016	12.171606063842772	12.171606063842772
2219	gpt2	2220	1110	12	operate	subj_rel	expected	The pilot that self-reinsures the officer operates	0.0002167612256016	0.0002167612256016	12.171606063842772	12.171606063842772
2220	gpt2	2221	1111	12	oppose	subj_rel	unexpected	The pilot that self-reinsures the officer oppose	0.0002167612256016	0.0002167612256016	12.171606063842772	12.171606063842772
2221	gpt2	2222	1111	12	oppose	subj_rel	expected	The pilot that self-reinsures the officer opposes	0.0002167612256016	0.0002167612256016	12.171606063842772	12.171606063842772
2222	gpt2	2223	1112	12	opt	subj_rel	unexpected	The pilot that self-reinsures the officer opt	0.0002167612256016	0.0002167612256016	12.171606063842772	12.171606063842772
2223	gpt2	2224	1112	12	opt	subj_rel	expected	The pilot that self-reinsures the officer opts	0.0002167612256016	0.0002167612256016	12.171606063842772	12.171606063842772
2224	gpt2	2225	1113	12	order	subj_rel	unexpected	The pilot that self-reinsures the officer order	0.0002167612256016	0.0002167612256016	12.171606063842772	12.171606063842772
2225	gpt2	2226	1113	12	order	subj_rel	expected	The pilot that self-reinsures the officer orders	0.0002167612256016	0.0002167612256016	12.171606063842772	12.171606063842772
2226	gpt2	2227	1114	12	organize	subj_rel	unexpected	The pilot that self-reinsures the officer organize	0.0002167612256016	0.0002167612256016	12.171606063842772	12.171606063842772
2227	gpt2	2228	1114	12	organize	subj_rel	expected	The pilot that self-reinsures the officer organizes	0.0002167612256016	0.0002167612256016	12.171606063842772	12.171606063842772
2228	gpt2	2229	1115	12	originate	subj_rel	unexpected	The pilot that self-reinsures the officer originate	0.0002167612256016	0.0002167612256016	12.171606063842772	12.171606063842772
2229	gpt2	2230	1115	12	originate	subj_rel	expected	The pilot that self-reinsures the officer originates	0.0002167612256016	0.0002167612256016	12.171606063842772	12.171606063842772
2230	gpt2	2231	1116	12	oust	subj_rel	unexpected	The pilot that self-reinsures the officer oust	0.0002167612256016	0.0002167612256016	12.171606063842772	12.171606063842772
2231	gpt2	2232	1116	12	oust	subj_rel	expected	The pilot that self-reinsures the officer ousts	0.0002167612256016	0.0002167612256016	12.171606063842772	12.171606063842772
2232	gpt2	2233	1117	12	outfit	subj_rel	unexpected	The pilot that self-reinsures the officer outfit	0.0002167612256016	0.0002167612256016	12.171606063842772	12.171606063842772
2233	gpt2	2234	1117	12	outfit	subj_rel	expected	The pilot that self-reinsures the officer outfits	0.0002167612256016	0.0002167612256016	12.171606063842772	12.171606063842772
2234	gpt2	2235	1118	12	outflank	subj_rel	unexpected	The pilot that self-reinsures the officer outflank	0.0002167612256016	0.0002167612256016	12.171606063842772	12.171606063842772
2235	gpt2	2236	1118	12	outflank	subj_rel	expected	The pilot that self-reinsures the officer outflanks	0.0002167612256016	0.0002167612256016	12.171606063842772	12.171606063842772
2236	gpt2	2237	1119	12	outfly	subj_rel	unexpected	The pilot that self-reinsures the officer outfly	0.0002167612256016	0.0002167612256016	12.171606063842772	12.171606063842772
2237	gpt2	2238	1119	12	outfly	subj_rel	expected	The pilot that self-reinsures the officer outflies	0.0002167612256016	0.0002167612256016	12.171606063842772	12.171606063842772
2238	gpt2	2239	1120	12	outlast	subj_rel	unexpected	The pilot that self-reinsures the officer outlast	0.0002167612256016	0.0002167612256016	12.171606063842772	12.171606063842772
2239	gpt2	2240	1120	12	outlast	subj_rel	expected	The pilot that self-reinsures the officer outlasts	0.0002167612256016	0.0002167612256016	12.171606063842772	12.171606063842772
2240	gpt2	2241	1121	12	outline	subj_rel	unexpected	The pilot that self-reinsures the officer outline	0.0002167612256016	0.0002167612256016	12.171606063842772	12.171606063842772
2241	gpt2	2242	1121	12	outline	subj_rel	expected	The pilot that self-reinsures the officer outlines	0.0002167612256016	0.0002167612256016	12.171606063842772	12.171606063842772
2242	gpt2	2243	1122	12	outpace	subj_rel	unexpected	The pilot that self-reinsures the officer outpace	0.0002167612256016	0.0002167612256016	12.171606063842772	12.171606063842772
2243	gpt2	2244	1122	12	outpace	subj_rel	expected	The pilot that self-reinsures the officer outpaces	0.0002167612256016	0.0002167612256016	12.171606063842772	12.171606063842772
2244	gpt2	2245	1123	12	outperform	subj_rel	unexpected	The pilot that self-reinsures the officer outperform	0.0002167612256016	0.0002167612256016	12.171606063842772	12.171606063842772
2245	gpt2	2246	1123	12	outperform	subj_rel	expected	The pilot that self-reinsures the officer outperforms	0.0002167612256016	0.0002167612256016	12.171606063842772	12.171606063842772
2246	gpt2	2247	1124	12	outsell	subj_rel	unexpected	The pilot that self-reinsures the officer outsell	0.0002167612256016	0.0002167612256016	12.171606063842772	12.171606063842772
2247	gpt2	2248	1124	12	outsell	subj_rel	expected	The pilot that self-reinsures the officer outsells	0.0002167612256016	0.0002167612256016	12.171606063842772	12.171606063842772
2248	gpt2	2249	1125	12	outshine	subj_rel	unexpected	The pilot that self-reinsures the officer outshine	0.0002167612256016	0.0002167612256016	12.171606063842772	12.171606063842772
2249	gpt2	2250	1125	12	outshine	subj_rel	expected	The pilot that self-reinsures the officer outshines	0.0002167612256016	0.0002167612256016	12.171606063842772	12.171606063842772
2250	gpt2	2251	1126	12	out-smart	subj_rel	unexpected	The pilot that self-reinsures the officer out-smart	0.0002167612256016	0.0002167612256016	12.171606063842772	12.171606063842772
2251	gpt2	2252	1126	12	out-smart	subj_rel	expected	The pilot that self-reinsures the officer out-smarts	0.0002167612256016	0.0002167612256016	12.171606063842772	12.171606063842772
2252	gpt2	2253	1127	12	outstrip	subj_rel	unexpected	The pilot that self-reinsures the officer outstrip	0.0002167612256016	0.0002167612256016	12.171606063842772	12.171606063842772
2253	gpt2	2254	1127	12	outstrip	subj_rel	expected	The pilot that self-reinsures the officer outstrips	0.0002167612256016	0.0002167612256016	12.171606063842772	12.171606063842772
2254	gpt2	2255	1128	12	out-trade	subj_rel	unexpected	The pilot that self-reinsures the officer out-trade	0.0002167612256016	0.0002167612256016	12.171606063842772	12.171606063842772
2255	gpt2	2256	1128	12	out-trade	subj_rel	expected	The pilot that self-reinsures the officer out-trades	0.0002167612256016	0.0002167612256016	12.171606063842772	12.171606063842772
2256	gpt2	2257	1129	12	outweigh	subj_rel	unexpected	The pilot that self-reinsures the officer outweigh	0.0002167612256016	0.0002167612256016	12.171606063842772	12.171606063842772
2257	gpt2	2258	1129	12	outweigh	subj_rel	expected	The pilot that self-reinsures the officer outweighs	0.0002167612256016	0.0002167612256016	12.171606063842772	12.171606063842772
2258	gpt2	2259	1130	12	overbid	subj_rel	unexpected	The pilot that self-reinsures the officer overbid	0.0002167612256016	0.0002167612256016	12.171606063842772	12.171606063842772
2259	gpt2	2260	1130	12	overbid	subj_rel	expected	The pilot that self-reinsures the officer overbids	0.0002167612256016	0.0002167612256016	12.171606063842772	12.171606063842772
2260	gpt2	2261	1131	12	overcome	subj_rel	unexpected	The pilot that self-reinsures the officer overcome	0.0002167612256016	0.0002167612256016	12.171606063842772	12.171606063842772
2261	gpt2	2262	1131	12	overcome	subj_rel	expected	The pilot that self-reinsures the officer overcomes	0.0002167612256016	0.0002167612256016	12.171606063842772	12.171606063842772
2262	gpt2	2263	1132	12	overemphasize	subj_rel	unexpected	The pilot that self-reinsures the officer overemphasize	0.0002167612256016	0.0002167612256016	12.171606063842772	12.171606063842772
2263	gpt2	2264	1132	12	overemphasize	subj_rel	expected	The pilot that self-reinsures the officer overemphasizes	0.0002167612256016	0.0002167612256016	12.171606063842772	12.171606063842772
2264	gpt2	2265	1133	12	overhaul	subj_rel	unexpected	The pilot that self-reinsures the officer overhaul	0.0002167612256016	0.0002167612256016	12.171606063842772	12.171606063842772
2265	gpt2	2266	1133	12	overhaul	subj_rel	expected	The pilot that self-reinsures the officer overhauls	0.0002167612256016	0.0002167612256016	12.171606063842772	12.171606063842772
2266	gpt2	2267	1134	12	overlook	subj_rel	unexpected	The pilot that self-reinsures the officer overlook	0.0002167612256016	0.0002167612256016	12.171606063842772	12.171606063842772
2267	gpt2	2268	1134	12	overlook	subj_rel	expected	The pilot that self-reinsures the officer overlooks	0.0002167612256016	0.0002167612256016	12.171606063842772	12.171606063842772
2268	gpt2	2269	1135	12	overpower	subj_rel	unexpected	The pilot that self-reinsures the officer overpower	0.0002167612256016	0.0002167612256016	12.171606063842772	12.171606063842772
2269	gpt2	2270	1135	12	overpower	subj_rel	expected	The pilot that self-reinsures the officer overpowers	0.0002167612256016	0.0002167612256016	12.171606063842772	12.171606063842772
2270	gpt2	2271	1136	12	overpurchase	subj_rel	unexpected	The pilot that self-reinsures the officer overpurchase	0.0002167612256016	0.0002167612256016	12.171606063842772	12.171606063842772
2271	gpt2	2272	1136	12	overpurchase	subj_rel	expected	The pilot that self-reinsures the officer overpurchases	0.0002167612256016	0.0002167612256016	12.171606063842772	12.171606063842772
2272	gpt2	2273	1137	12	overreact	subj_rel	unexpected	The pilot that self-reinsures the officer overreact	0.0002167612256016	0.0002167612256016	12.171606063842772	12.171606063842772
2273	gpt2	2274	1137	12	overreact	subj_rel	expected	The pilot that self-reinsures the officer overreacts	0.0002167612256016	0.0002167612256016	12.171606063842772	12.171606063842772
2274	gpt2	2275	1138	12	override	subj_rel	unexpected	The pilot that self-reinsures the officer override	0.0002167612256016	0.0002167612256016	12.171606063842772	12.171606063842772
2275	gpt2	2276	1138	12	override	subj_rel	expected	The pilot that self-reinsures the officer overrides	0.0002167612256016	0.0002167612256016	12.171606063842772	12.171606063842772
2276	gpt2	2277	1139	12	overrule	subj_rel	unexpected	The pilot that self-reinsures the officer overrule	0.0002167612256016	0.0002167612256016	12.171606063842772	12.171606063842772
2277	gpt2	2278	1139	12	overrule	subj_rel	expected	The pilot that self-reinsures the officer overrules	0.0002167612256016	0.0002167612256016	12.171606063842772	12.171606063842772
2278	gpt2	2279	1140	12	oversee	subj_rel	unexpected	The pilot that self-reinsures the officer oversee	0.0002167612256016	0.0002167612256016	12.171606063842772	12.171606063842772
2279	gpt2	2280	1140	12	oversee	subj_rel	expected	The pilot that self-reinsures the officer oversees	0.0002167612256016	0.0002167612256016	12.171606063842772	12.171606063842772
2280	gpt2	2281	1141	12	overstate	subj_rel	unexpected	The pilot that self-reinsures the officer overstate	0.0002167612256016	0.0002167612256016	12.171606063842772	12.171606063842772
2281	gpt2	2282	1141	12	overstate	subj_rel	expected	The pilot that self-reinsures the officer overstates	0.0002167612256016	0.0002167612256016	12.171606063842772	12.171606063842772
2282	gpt2	2283	1142	12	overthrow	subj_rel	unexpected	The pilot that self-reinsures the officer overthrow	0.0002167612256016	0.0002167612256016	12.171606063842772	12.171606063842772
2283	gpt2	2284	1142	12	overthrow	subj_rel	expected	The pilot that self-reinsures the officer overthrows	0.0002167612256016	0.0002167612256016	12.171606063842772	12.171606063842772
2284	gpt2	2285	1143	12	overturn	subj_rel	unexpected	The pilot that self-reinsures the officer overturn	0.0002167612256016	0.0002167612256016	12.171606063842772	12.171606063842772
2285	gpt2	2286	1143	12	overturn	subj_rel	expected	The pilot that self-reinsures the officer overturns	0.0002167612256016	0.0002167612256016	12.171606063842772	12.171606063842772
2286	gpt2	2287	1144	12	overwhelm	subj_rel	unexpected	The pilot that self-reinsures the officer overwhelm	0.0002167612256016	0.0002167612256016	12.171606063842772	12.171606063842772
2287	gpt2	2288	1144	12	overwhelm	subj_rel	expected	The pilot that self-reinsures the officer overwhelms	0.0002167612256016	0.0002167612256016	12.171606063842772	12.171606063842772
2288	gpt2	2289	1145	12	owe	subj_rel	unexpected	The pilot that self-reinsures the officer owe	0.0002167612256016	0.0002167612256016	12.171606063842772	12.171606063842772
2289	gpt2	2290	1145	12	owe	subj_rel	expected	The pilot that self-reinsures the officer owes	0.0002167612256016	0.0002167612256016	12.171606063842772	12.171606063842772
2290	gpt2	2291	1146	12	own	subj_rel	unexpected	The pilot that self-reinsures the officer own	0.0002167612256016	0.0002167612256016	12.171606063842772	12.171606063842772
2291	gpt2	2292	1146	12	own	subj_rel	expected	The pilot that self-reinsures the officer owns	0.0002167612256016	0.0002167612256016	12.171606063842772	12.171606063842772
2292	gpt2	2293	1147	12	pace	subj_rel	unexpected	The pilot that self-reinsures the officer pace	0.0002167612256016	0.0002167612256016	12.171606063842772	12.171606063842772
2293	gpt2	2294	1147	12	pace	subj_rel	expected	The pilot that self-reinsures the officer paces	0.0002167612256016	0.0002167612256016	12.171606063842772	12.171606063842772
2294	gpt2	2295	1148	12	package	subj_rel	unexpected	The pilot that self-reinsures the officer package	0.0002167612256016	0.0002167612256016	12.171606063842772	12.171606063842772
2295	gpt2	2296	1148	12	package	subj_rel	expected	The pilot that self-reinsures the officer packages	0.0002167612256016	0.0002167612256016	12.171606063842772	12.171606063842772
2296	gpt2	2297	1149	12	pack	subj_rel	unexpected	The pilot that self-reinsures the officer pack	0.0002167612256016	0.0002167612256016	12.171606063842772	12.171606063842772
2297	gpt2	2298	1149	12	pack	subj_rel	expected	The pilot that self-reinsures the officer packs	0.0002167612256016	0.0002167612256016	12.171606063842772	12.171606063842772
2298	gpt2	2299	1150	12	paint	subj_rel	unexpected	The pilot that self-reinsures the officer paint	0.0002167612256016	0.0002167612256016	12.171606063842772	12.171606063842772
2299	gpt2	2300	1150	12	paint	subj_rel	expected	The pilot that self-reinsures the officer paints	0.0002167612256016	0.0002167612256016	12.171606063842772	12.171606063842772
2300	gpt2	2301	1151	12	pair	subj_rel	unexpected	The pilot that self-reinsures the officer pair	0.0002167612256016	0.0002167612256016	12.171606063842772	12.171606063842772
2301	gpt2	2302	1151	12	pair	subj_rel	expected	The pilot that self-reinsures the officer pairs	0.0002167612256016	0.0002167612256016	12.171606063842772	12.171606063842772
2302	gpt2	2303	1152	12	pale	subj_rel	unexpected	The pilot that self-reinsures the officer pale	0.0002167612256016	0.0002167612256016	12.171606063842772	12.171606063842772
2303	gpt2	2304	1152	12	pale	subj_rel	expected	The pilot that self-reinsures the officer pales	0.0002167612256016	0.0002167612256016	12.171606063842772	12.171606063842772
2304	gpt2	2305	1153	12	palm	subj_rel	unexpected	The pilot that self-reinsures the officer palm	0.0002167612256016	0.0002167612256016	12.171606063842772	12.171606063842772
2305	gpt2	2306	1153	12	palm	subj_rel	expected	The pilot that self-reinsures the officer palms	0.0002167612256016	0.0002167612256016	12.171606063842772	12.171606063842772
2306	gpt2	2307	1154	12	panic	subj_rel	unexpected	The pilot that self-reinsures the officer panic	0.0002167612256016	0.0002167612256016	12.171606063842772	12.171606063842772
2307	gpt2	2308	1154	12	panic	subj_rel	expected	The pilot that self-reinsures the officer panics	0.0002167612256016	0.0002167612256016	12.171606063842772	12.171606063842772
2308	gpt2	2309	1155	12	pan	subj_rel	unexpected	The pilot that self-reinsures the officer pan	0.0002167612256016	0.0002167612256016	12.171606063842772	12.171606063842772
2309	gpt2	2310	1155	12	pan	subj_rel	expected	The pilot that self-reinsures the officer pans	0.0002167612256016	0.0002167612256016	12.171606063842772	12.171606063842772
2310	gpt2	2311	1156	12	parachute	subj_rel	unexpected	The pilot that self-reinsures the officer parachute	0.0002167612256016	0.0002167612256016	12.171606063842772	12.171606063842772
2311	gpt2	2312	1156	12	parachute	subj_rel	expected	The pilot that self-reinsures the officer parachutes	0.0002167612256016	0.0002167612256016	12.171606063842772	12.171606063842772
2312	gpt2	2313	1157	12	parallel	subj_rel	unexpected	The pilot that self-reinsures the officer parallel	0.0002167612256016	0.0002167612256016	12.171606063842772	12.171606063842772
2313	gpt2	2314	1157	12	parallel	subj_rel	expected	The pilot that self-reinsures the officer parallels	0.0002167612256016	0.0002167612256016	12.171606063842772	12.171606063842772
2314	gpt2	2315	1158	12	parcel	subj_rel	unexpected	The pilot that self-reinsures the officer parcel	0.0002167612256016	0.0002167612256016	12.171606063842772	12.171606063842772
2315	gpt2	2316	1158	12	parcel	subj_rel	expected	The pilot that self-reinsures the officer parcels	0.0002167612256016	0.0002167612256016	12.171606063842772	12.171606063842772
2316	gpt2	2317	1159	12	park	subj_rel	unexpected	The pilot that self-reinsures the officer park	0.0002167612256016	0.0002167612256016	12.171606063842772	12.171606063842772
2317	gpt2	2318	1159	12	park	subj_rel	expected	The pilot that self-reinsures the officer parks	0.0002167612256016	0.0002167612256016	12.171606063842772	12.171606063842772
2318	gpt2	2319	1160	12	parry	subj_rel	unexpected	The pilot that self-reinsures the officer parry	0.0002167612256016	0.0002167612256016	12.171606063842772	12.171606063842772
2319	gpt2	2320	1160	12	parry	subj_rel	expected	The pilot that self-reinsures the officer parries	0.0002167612256016	0.0002167612256016	12.171606063842772	12.171606063842772
2320	gpt2	2321	1161	12	partake	subj_rel	unexpected	The pilot that self-reinsures the officer partake	0.0002167612256016	0.0002167612256016	12.171606063842772	12.171606063842772
2321	gpt2	2322	1161	12	partake	subj_rel	expected	The pilot that self-reinsures the officer partakes	0.0002167612256016	0.0002167612256016	12.171606063842772	12.171606063842772
2322	gpt2	2323	1162	12	participate	subj_rel	unexpected	The pilot that self-reinsures the officer participate	0.0002167612256016	0.0002167612256016	12.171606063842772	12.171606063842772
2323	gpt2	2324	1162	12	participate	subj_rel	expected	The pilot that self-reinsures the officer participates	0.0002167612256016	0.0002167612256016	12.171606063842772	12.171606063842772
2324	gpt2	2325	1163	12	part	subj_rel	unexpected	The pilot that self-reinsures the officer part	0.0002167612256016	0.0002167612256016	12.171606063842772	12.171606063842772
2325	gpt2	2326	1163	12	part	subj_rel	expected	The pilot that self-reinsures the officer parts	0.0002167612256016	0.0002167612256016	12.171606063842772	12.171606063842772
2326	gpt2	2327	1164	12	pass	subj_rel	unexpected	The pilot that self-reinsures the officer pass	0.0002167612256016	0.0002167612256016	12.171606063842772	12.171606063842772
2327	gpt2	2328	1164	12	pass	subj_rel	expected	The pilot that self-reinsures the officer passes	0.0002167612256016	0.0002167612256016	12.171606063842772	12.171606063842772
2328	gpt2	2329	1165	12	patronize	subj_rel	unexpected	The pilot that self-reinsures the officer patronize	0.0002167612256016	0.0002167612256016	12.171606063842772	12.171606063842772
2329	gpt2	2330	1165	12	patronize	subj_rel	expected	The pilot that self-reinsures the officer patronizes	0.0002167612256016	0.0002167612256016	12.171606063842772	12.171606063842772
2330	gpt2	2331	1166	12	pave	subj_rel	unexpected	The pilot that self-reinsures the officer pave	0.0002167612256016	0.0002167612256016	12.171606063842772	12.171606063842772
2331	gpt2	2332	1166	12	pave	subj_rel	expected	The pilot that self-reinsures the officer paves	0.0002167612256016	0.0002167612256016	12.171606063842772	12.171606063842772
2332	gpt2	2333	1167	12	pay	subj_rel	unexpected	The pilot that self-reinsures the officer pay	0.0002167612256016	0.0002167612256016	12.171606063842772	12.171606063842772
2333	gpt2	2334	1167	12	pay	subj_rel	expected	The pilot that self-reinsures the officer pays	0.0002167612256016	0.0002167612256016	12.171606063842772	12.171606063842772
2334	gpt2	2335	1168	12	peak	subj_rel	unexpected	The pilot that self-reinsures the officer peak	0.0002167612256016	0.0002167612256016	12.171606063842772	12.171606063842772
2335	gpt2	2336	1168	12	peak	subj_rel	expected	The pilot that self-reinsures the officer peaks	0.0002167612256016	0.0002167612256016	12.171606063842772	12.171606063842772
2336	gpt2	2337	1169	12	pedal	subj_rel	unexpected	The pilot that self-reinsures the officer pedal	0.0002167612256016	0.0002167612256016	12.171606063842772	12.171606063842772
2337	gpt2	2338	1169	12	pedal	subj_rel	expected	The pilot that self-reinsures the officer pedals	0.0002167612256016	0.0002167612256016	12.171606063842772	12.171606063842772
2338	gpt2	2339	1170	12	peddle	subj_rel	unexpected	The pilot that self-reinsures the officer peddle	0.0002167612256016	0.0002167612256016	12.171606063842772	12.171606063842772
2339	gpt2	2340	1170	12	peddle	subj_rel	expected	The pilot that self-reinsures the officer peddles	0.0002167612256016	0.0002167612256016	12.171606063842772	12.171606063842772
2340	gpt2	2341	1171	12	peer	subj_rel	unexpected	The pilot that self-reinsures the officer peer	0.0002167612256016	0.0002167612256016	12.171606063842772	12.171606063842772
2341	gpt2	2342	1171	12	peer	subj_rel	expected	The pilot that self-reinsures the officer peers	0.0002167612256016	0.0002167612256016	12.171606063842772	12.171606063842772
2342	gpt2	2343	1172	12	penalize	subj_rel	unexpected	The pilot that self-reinsures the officer penalize	0.0002167612256016	0.0002167612256016	12.171606063842772	12.171606063842772
2343	gpt2	2344	1172	12	penalize	subj_rel	expected	The pilot that self-reinsures the officer penalizes	0.0002167612256016	0.0002167612256016	12.171606063842772	12.171606063842772
2344	gpt2	2345	1173	12	penetrate	subj_rel	unexpected	The pilot that self-reinsures the officer penetrate	0.0002167612256016	0.0002167612256016	12.171606063842772	12.171606063842772
2345	gpt2	2346	1173	12	penetrate	subj_rel	expected	The pilot that self-reinsures the officer penetrates	0.0002167612256016	0.0002167612256016	12.171606063842772	12.171606063842772
2346	gpt2	2347	1174	12	perform	subj_rel	unexpected	The pilot that self-reinsures the officer perform	0.0002167612256016	0.0002167612256016	12.171606063842772	12.171606063842772
2347	gpt2	2348	1174	12	perform	subj_rel	expected	The pilot that self-reinsures the officer performs	0.0002167612256016	0.0002167612256016	12.171606063842772	12.171606063842772
2348	gpt2	2349	1175	12	permit	subj_rel	unexpected	The pilot that self-reinsures the officer permit	0.0002167612256016	0.0002167612256016	12.171606063842772	12.171606063842772
2349	gpt2	2350	1175	12	permit	subj_rel	expected	The pilot that self-reinsures the officer permits	0.0002167612256016	0.0002167612256016	12.171606063842772	12.171606063842772
2350	gpt2	2351	1176	13	perpetuate	subj_rel	unexpected	The surgeons that explode the officer perpetuates	0.05502513479120805	0.05502513479120805	12.267808556556702	12.267808556556702
2351	gpt2	2352	1176	13	perpetuate	subj_rel	expected	The surgeons that explode the officer perpetuate	1.9928084782350202e-07	1.9928084782350202e-07	22.25869369506836	22.25869369506836
2352	gpt2	2353	1177	13	persist	subj_rel	unexpected	The surgeons that explode the officer persists	1.3018701849887293e-07	1.3018701849887293e-07	22.87291145324707	22.87291145324707
2353	gpt2	2354	1177	13	persist	subj_rel	expected	The surgeons that explode the officer persist	1.578060505380563e-06	1.578060505380563e-06	19.27341651916504	19.27341651916504
2354	gpt2	2355	1178	13	persuade	subj_rel	unexpected	The surgeons that explode the officer persuades	0.2763629769028597	0.2763629769028597	11.70699229836464	11.70699229836464
2355	gpt2	2356	1178	13	persuade	subj_rel	expected	The surgeons that explode the officer persuade	2.838603734289791e-07	2.838603734289791e-07	21.748315811157227	21.748315811157227
2356	gpt2	2357	1179	13	peruse	subj_rel	unexpected	The surgeons that explode the officer peruses	0.00022610002270082857	0.00022610002270082857	12.94861888885498	12.94861888885498
2357	gpt2	2358	1179	13	peruse	subj_rel	expected	The surgeons that explode the officer peruse	0.0030104380311967785	0.0030104380311967785	11.021268606185913	11.021268606185913
2358	gpt2	2359	1180	13	petition	subj_rel	unexpected	The surgeons that explode the officer petitions	8.017897101808559e-08	8.017897101808559e-08	23.572200775146484	23.572200775146484
2359	gpt2	2360	1180	13	petition	subj_rel	expected	The surgeons that explode the officer petition	1.0252543347633036e-07	1.0252543347633036e-07	23.217514038085938	23.217514038085938
2360	gpt2	2361	1181	13	phase	subj_rel	unexpected	The surgeons that explode the officer phases	4.383787768347247e-07	4.383787768347247e-07	21.121318817138672	21.121318817138672
2361	gpt2	2362	1181	13	phase	subj_rel	expected	The surgeons that explode the officer phase	3.051484100069501e-06	3.051484100069501e-06	18.322057723999023	18.322057723999023
2362	gpt2	2363	1182	13	pick	subj_rel	unexpected	The surgeons that explode the officer picks	9.96984545054147e-06	9.96984545054147e-06	16.613996505737305	16.613996505737305
2363	gpt2	2364	1182	13	pick	subj_rel	expected	The surgeons that explode the officer pick	9.047018465935253e-06	9.047018465935253e-06	16.754125595092773	16.754125595092773
2364	gpt2	2365	1183	13	piece	subj_rel	unexpected	The surgeons that explode the officer pieces	4.396956137497909e-05	4.396956137497909e-05	14.473134994506836	14.473134994506836
2365	gpt2	2366	1183	13	piece	subj_rel	expected	The surgeons that explode the officer piece	3.764217035495676e-05	3.764217035495676e-05	14.697290420532228	14.697290420532228
2366	gpt2	2367	1184	13	pile	subj_rel	unexpected	The surgeons that explode the officer piles	5.706294246010657e-07	5.706294246010657e-07	20.740942001342773	20.740942001342773
2367	gpt2	2368	1184	13	pile	subj_rel	expected	The surgeons that explode the officer pile	1.1917967640329152e-05	1.1917967640329152e-05	16.356502532958984	16.356502532958984
2368	gpt2	2369	1185	13	pinch	subj_rel	unexpected	The surgeons that explode the officer pinches	0.009572414219292112	0.009572414219292112	10.250529766082764	10.250529766082764
2369	gpt2	2370	1185	13	pinch	subj_rel	expected	The surgeons that explode the officer pinch	2.085467940560193e-07	2.085467940560193e-07	22.193124771118164	22.193124771118164
2370	gpt2	2371	1186	13	ping	subj_rel	unexpected	The surgeons that explode the officer pings	0.005841666370542912	0.005841666370542912	10.60763168334961	10.60763168334961
2371	gpt2	2372	1186	13	ping	subj_rel	expected	The surgeons that explode the officer ping	1.5873583834036251e-06	1.5873583834036251e-06	19.26494026184082	19.26494026184082
2372	gpt2	2373	1187	13	pinpoint	subj_rel	unexpected	The surgeons that explode the officer pinpoints	0.00920992041574206	0.00920992041574206	9.7179856300354	9.7179856300354
2373	gpt2	2374	1187	13	pinpoint	subj_rel	expected	The surgeons that explode the officer pinpoint	4.479639130750002e-07	4.479639130750002e-07	21.09011459350586	21.09011459350586
2374	gpt2	2375	1188	13	pin	subj_rel	unexpected	The surgeons that explode the officer pins	3.3326734410366043e-05	3.3326734410366043e-05	14.872960090637209	14.872960090637209
2375	gpt2	2376	1188	13	pin	subj_rel	expected	The surgeons that explode the officer pin	7.686344179091975e-05	7.686344179091975e-05	13.667343139648438	13.667343139648438
2376	gpt2	2377	1189	13	pitch	subj_rel	unexpected	The surgeons that explode the officer pitches	1.8545705415817798e-07	1.8545705415817798e-07	22.36241149902344	22.36241149902344
2377	gpt2	2378	1189	13	pitch	subj_rel	expected	The surgeons that explode the officer pitch	2.864964244508883e-06	2.864964244508883e-06	18.41305160522461	18.41305160522461
2378	gpt2	2379	1190	13	pit	subj_rel	unexpected	The surgeons that explode the officer pits	3.347336587466998e-06	3.347336587466998e-06	18.188554763793945	18.188554763793945
2379	gpt2	2380	1190	13	pit	subj_rel	expected	The surgeons that explode the officer pit	2.543986556702293e-05	2.543986556702293e-05	15.26254940032959	15.26254940032959
2380	gpt2	2381	1191	13	placate	subj_rel	unexpected	The surgeons that explode the officer placates	0.0029444199477665694	0.0029444199477665694	12.821304082870485	12.821304082870485
2381	gpt2	2382	1191	13	placate	subj_rel	expected	The surgeons that explode the officer placate	0.01333846370255287	0.01333846370255287	11.73122572898865	11.73122572898865
2382	gpt2	2383	1192	13	place	subj_rel	unexpected	The surgeons that explode the officer places	4.30282261731918e-06	4.30282261731918e-06	17.826284408569336	17.826284408569336
2383	gpt2	2384	1192	13	place	subj_rel	expected	The surgeons that explode the officer place	1.0059776286652776e-05	1.0059776286652776e-05	16.601041793823242	16.601041793823242
2384	gpt2	2385	1193	13	plague	subj_rel	unexpected	The surgeons that explode the officer plagues	0.004034342874092542	0.004034342874092542	11.633408069610596	11.633408069610596
2385	gpt2	2386	1193	13	plague	subj_rel	expected	The surgeons that explode the officer plague	8.609273436377407e-07	8.609273436377407e-07	20.147605895996094	20.147605895996094
2386	gpt2	2387	1194	13	plant	subj_rel	unexpected	The surgeons that explode the officer plants	1.7346288814223954e-06	1.7346288814223954e-06	19.13694190979004	19.13694190979004
2387	gpt2	2388	1194	13	plant	subj_rel	expected	The surgeons that explode the officer plant	3.380056568857981e-06	3.380056568857981e-06	18.17452049255371	18.17452049255371
2388	gpt2	2389	1195	13	plan	subj_rel	unexpected	The surgeons that explode the officer plans	1.3326326552487444e-05	1.3326326552487444e-05	16.195362091064453	16.195362091064453
2389	gpt2	2390	1195	13	plan	subj_rel	expected	The surgeons that explode the officer plan	3.129514880129136e-05	3.129514880129136e-05	14.963701248168944	14.963701248168944
2390	gpt2	2391	1196	13	play	subj_rel	unexpected	The surgeons that explode the officer plays	8.550425718567567e-07	8.550425718567567e-07	20.157501220703125	20.157501220703125
2391	gpt2	2392	1196	13	play	subj_rel	expected	The surgeons that explode the officer play	3.944938725908287e-06	3.944938725908287e-06	17.95156478881836	17.95156478881836
2392	gpt2	2393	1197	13	plead	subj_rel	unexpected	The surgeons that explode the officer pleads	0.43270489889653163	0.43270489889653163	9.114421620965002	9.114421620965002
2393	gpt2	2394	1197	13	plead	subj_rel	expected	The surgeons that explode the officer plead	3.154875116706535e-07	3.154875116706535e-07	21.59591293334961	21.59591293334961
2394	gpt2	2395	1198	13	please	subj_rel	unexpected	The surgeons that explode the officer pleases	0.0026794654735340187	0.0026794654735340187	12.782572269439695	12.782572269439695
2395	gpt2	2396	1198	13	please	subj_rel	expected	The surgeons that explode the officer please	6.567882337549236e-06	6.567882337549236e-06	17.216140747070312	17.216140747070312
2396	gpt2	2397	1199	13	plea	subj_rel	unexpected	The surgeons that explode the officer pleas	1.1268429034316796e-06	1.1268429034316796e-06	19.759281158447266	19.759281158447266
2397	gpt2	2398	1199	13	plea	subj_rel	expected	The surgeons that explode the officer plea	2.036723003584484e-07	2.036723003584484e-07	22.22724723815918	22.22724723815918
2398	gpt2	2399	1200	13	plot	subj_rel	unexpected	The surgeons that explode the officer plots	7.598468414471427e-07	7.598468414471427e-07	20.327787399291992	20.327787399291992
2399	gpt2	2400	1200	13	plot	subj_rel	expected	The surgeons that explode the officer plot	4.436090875969967e-06	4.436090875969967e-06	17.78227996826172	17.78227996826172
2400	gpt2	2401	1201	13	plow	subj_rel	unexpected	The surgeons that explode the officer plows	0.02310277957121794	0.02310277957121794	10.373669385910034	10.373669385910034
2401	gpt2	2402	1201	13	plow	subj_rel	expected	The surgeons that explode the officer plow	0.015170748975378942	0.015170748975378942	10.677156686782837	10.677156686782837
2402	gpt2	2403	1202	13	pluck	subj_rel	unexpected	The surgeons that explode the officer plucks	0.011195931282145442	0.011195931282145442	10.896419525146484	10.896419525146484
2403	gpt2	2404	1202	13	pluck	subj_rel	expected	The surgeons that explode the officer pluck	0.03317622344593469	0.03317622344593469	10.112569451332092	10.112569451332092
2404	gpt2	2405	1203	13	plug	subj_rel	unexpected	The surgeons that explode the officer plugs	9.609689186618198e-07	9.609689186618198e-07	19.98900604248047	19.98900604248047
2405	gpt2	2406	1203	13	plug	subj_rel	expected	The surgeons that explode the officer plug	2.798746891130577e-06	2.798746891130577e-06	18.446786880493164	18.446786880493164
2406	gpt2	2407	1204	13	plummet	subj_rel	unexpected	The surgeons that explode the officer plummets	0.3624561395969674	0.3624561395969674	6.558798239876826	6.558798239876826
2407	gpt2	2408	1204	13	plummet	subj_rel	expected	The surgeons that explode the officer plummet	2.6249501843267357e-06	2.6249501843267357e-06	18.539278030395508	18.539278030395508
2408	gpt2	2409	1205	13	plunge	subj_rel	unexpected	The surgeons that explode the officer plunges	0.4626599365001312	0.4626599365001312	9.353360824286938	9.353360824286938
2409	gpt2	2410	1205	13	plunge	subj_rel	expected	The surgeons that explode the officer plunge	5.735581112276122e-07	5.735581112276122e-07	20.733556747436523	20.733556747436523
2410	gpt2	2411	1206	13	pocket	subj_rel	unexpected	The surgeons that explode the officer pockets	6.116757049312582e-06	6.116757049312582e-06	17.318801879882812	17.318801879882812
2411	gpt2	2412	1206	13	pocket	subj_rel	expected	The surgeons that explode the officer pocket	1.02352814792539e-05	1.02352814792539e-05	16.57608985900879	16.57608985900879
2412	gpt2	2413	1207	13	point	subj_rel	unexpected	The surgeons that explode the officer points	7.390137034235522e-05	7.390137034235522e-05	13.724039077758787	13.724039077758787
2413	gpt2	2414	1207	13	point	subj_rel	expected	The surgeons that explode the officer point	0.0003530589747242	0.0003530589747242	11.467803001403809	11.467803001403809
2414	gpt2	2415	1208	13	police	subj_rel	unexpected	The surgeons that explode the officer polices	0.02124376635003953	0.02124376635003953	11.438531637191772	11.438531637191772
2415	gpt2	2416	1208	13	police	subj_rel	expected	The surgeons that explode the officer police	4.270706085662823e-06	4.270706085662823e-06	17.837093353271484	17.837093353271484
2416	gpt2	2417	1209	13	polish	subj_rel	unexpected	The surgeons that explode the officer polishes	0.13021536956478028	0.13021536956478028	10.130593955516815	10.130593955516815
2417	gpt2	2418	1209	13	polish	subj_rel	expected	The surgeons that explode the officer polish	7.071830054883321e-08	7.071830054883321e-08	23.753341674804688	23.753341674804688
2418	gpt2	2419	1210	13	pollinate	subj_rel	unexpected	The surgeons that explode the officer pollinates	0.00010828288203864752	0.00010828288203864752	16.67009401321411	16.67009401321411
2419	gpt2	2420	1210	13	pollinate	subj_rel	expected	The surgeons that explode the officer pollinate	0.0015459750283212976	0.0015459750283212976	14.75095462799072	14.75095462799072
2420	gpt2	2421	1211	13	pollute	subj_rel	unexpected	The surgeons that explode the officer pollutes	0.005159514883317198	0.005159514883317198	13.881526231765745	13.881526231765745
2421	gpt2	2422	1211	13	pollute	subj_rel	expected	The surgeons that explode the officer pollute	0.06590696836055085	0.06590696836055085	12.04393696784973	12.04393696784973
2422	gpt2	2423	1212	13	poll	subj_rel	unexpected	The surgeons that explode the officer polls	1.0948720330361541e-07	1.0948720330361541e-07	23.12273406982422	23.12273406982422
2423	gpt2	2424	1212	13	poll	subj_rel	expected	The surgeons that explode the officer poll	4.25468698495024e-07	4.25468698495024e-07	21.16444396972656	21.16444396972656
2424	gpt2	2425	1213	13	ponder	subj_rel	unexpected	The surgeons that explode the officer ponders	0.1413491584357871	0.1413491584357871	10.778879463672638	10.778879463672638
2425	gpt2	2426	1213	13	ponder	subj_rel	expected	The surgeons that explode the officer ponder	1.0004962547327525e-07	1.0004962547327525e-07	23.25278091430664	23.25278091430664
2426	gpt2	2427	1214	13	popularize	subj_rel	unexpected	The surgeons that explode the officer popularizes	0.0015355786192685229	0.0015355786192685229	14.725854873657227	14.725854873657227
2427	gpt2	2428	1214	13	popularize	subj_rel	expected	The surgeons that explode the officer popularize	0.008753332414244122	0.008753332414244122	13.47024416923523	13.47024416923523
2428	gpt2	2429	1215	13	populate	subj_rel	unexpected	The surgeons that explode the officer populates	0.004091543908543814	0.004091543908543814	11.988794565200806	11.988794565200806
2429	gpt2	2430	1215	13	populate	subj_rel	expected	The surgeons that explode the officer populate	8.990724609247992e-08	8.990724609247992e-08	23.4069881439209	23.4069881439209
2430	gpt2	2431	1216	13	pop	subj_rel	unexpected	The surgeons that explode the officer pops	5.77490436626249e-06	5.77490436626249e-06	17.401771545410156	17.401771545410156
2431	gpt2	2432	1216	13	pop	subj_rel	expected	The surgeons that explode the officer pop	7.404609277728014e-06	7.404609277728014e-06	17.04314422607422	17.04314422607422
2432	gpt2	2433	1217	13	portend	subj_rel	unexpected	The surgeons that explode the officer portends	0.0005214922546201485	0.0005214922546201485	13.490611553192139	13.490611553192139
2433	gpt2	2434	1217	13	portend	subj_rel	expected	The surgeons that explode the officer portend	0.0015618501763582985	0.0015618501763582985	12.695969104766846	12.695969104766846
2434	gpt2	2435	1218	13	portray	subj_rel	unexpected	The surgeons that explode the officer portrays	5.177217587970517e-08	5.177217587970517e-08	24.2032470703125	24.2032470703125
2435	gpt2	2436	1218	13	portray	subj_rel	expected	The surgeons that explode the officer portray	3.031375968021166e-07	3.031375968021166e-07	21.65352439880371	21.65352439880371
2436	gpt2	2437	1219	13	pose	subj_rel	unexpected	The surgeons that explode the officer poses	6.385217602655757e-06	6.385217602655757e-06	17.256832122802734	17.256832122802734
2437	gpt2	2438	1219	13	pose	subj_rel	expected	The surgeons that explode the officer pose	6.97169016348198e-05	6.97169016348198e-05	13.80813217163086	13.80813217163086
2438	gpt2	2439	1220	13	position	subj_rel	unexpected	The surgeons that explode the officer positions	0.0001215957381646	0.0001215957381646	13.005620002746582	13.005620002746582
2439	gpt2	2440	1220	13	position	subj_rel	expected	The surgeons that explode the officer position	0.0001865109079517	0.0001865109079517	12.388452529907228	12.388452529907228
2440	gpt2	2441	1221	13	possess	subj_rel	unexpected	The surgeons that explode the officer possesses	1.5326158973039128e-06	1.5326158973039128e-06	19.31557273864746	19.31557273864746
2441	gpt2	2442	1221	13	possess	subj_rel	expected	The surgeons that explode the officer possess	4.749038453155663e-06	4.749038453155663e-06	17.68393325805664	17.68393325805664
2442	gpt2	2443	1222	13	postpone	subj_rel	unexpected	The surgeons that explode the officer postpones	0.33683300176386655	0.33683300176386655	14.403313577175142	14.403313577175142
2443	gpt2	2444	1222	13	postpone	subj_rel	expected	The surgeons that explode the officer postpone	8.03041277919192e-09	8.03041277919192e-09	26.89187812805176	26.89187812805176
2444	gpt2	2445	1223	13	post	subj_rel	unexpected	The surgeons that explode the officer posts	5.241048711468466e-06	5.241048711468466e-06	17.54171371459961	17.54171371459961
2445	gpt2	2446	1223	13	post	subj_rel	expected	The surgeons that explode the officer post	1.567663457535673e-05	1.567663457535673e-05	15.961024284362791	15.961024284362791
2446	gpt2	2447	1224	13	pot	subj_rel	unexpected	The surgeons that explode the officer pots	8.072868240560638e-07	8.072868240560638e-07	20.24041557312012	20.24041557312012
2447	gpt2	2448	1224	13	pot	subj_rel	expected	The surgeons that explode the officer pot	9.79627566266572e-06	9.79627566266572e-06	16.63933563232422	16.63933563232422
2448	gpt2	2449	1225	13	pounce	subj_rel	unexpected	The surgeons that explode the officer pounces	0.0024341223797818617	0.0024341223797818617	11.242184400558472	11.242184400558472
2449	gpt2	2450	1225	13	pounce	subj_rel	expected	The surgeons that explode the officer pounce	0.005662565588863762	0.005662565588863762	10.630162715911865	10.630162715911865
2450	gpt2	2451	1226	13	pound	subj_rel	unexpected	The surgeons that explode the officer pounds	6.335403668344952e-07	6.335403668344952e-07	20.590059280395508	20.590059280395508
2451	gpt2	2452	1226	13	pound	subj_rel	expected	The surgeons that explode the officer pound	1.2951095413882283e-06	1.2951095413882283e-06	19.558494567871094	19.558494567871094
2452	gpt2	2453	1227	13	pour	subj_rel	unexpected	The surgeons that explode the officer pours	0.02179433917990536	0.02179433917990536	9.65628433227539	9.65628433227539
2453	gpt2	2454	1227	13	pour	subj_rel	expected	The surgeons that explode the officer pour	6.336273372653523e-07	6.336273372653523e-07	20.589862823486328	20.589862823486328
2454	gpt2	2455	1228	13	practice	subj_rel	unexpected	The surgeons that explode the officer practices	1.1544544804564794e-06	1.1544544804564794e-06	19.72435760498047	19.72435760498047
2455	gpt2	2456	1228	13	practice	subj_rel	expected	The surgeons that explode the officer practice	2.813583478200598e-06	2.813583478200598e-06	18.439159393310547	18.439159393310547
2456	gpt2	2457	1229	13	precede	subj_rel	unexpected	The surgeons that explode the officer precedes	0.24513424343066958	0.24513424343066958	11.550787091255188	11.550787091255188
2457	gpt2	2458	1229	13	precede	subj_rel	expected	The surgeons that explode the officer precede	0.2535589874406412	0.2535589874406412	11.526412308216095	11.526412308216095
2458	gpt2	2459	1230	13	preclude	subj_rel	unexpected	The surgeons that explode the officer precludes	0.013551017628287806	0.013551017628287806	11.375874996185303	11.375874996185303
2459	gpt2	2460	1230	13	preclude	subj_rel	expected	The surgeons that explode the officer preclude	1.1280251044354372e-07	1.1280251044354372e-07	23.07969665527344	23.07969665527344
2460	gpt2	2461	1231	13	predict	subj_rel	unexpected	The surgeons that explode the officer predicts	5.620441356768424e-07	5.620441356768424e-07	20.762813568115234	20.762813568115234
2461	gpt2	2462	1231	13	predict	subj_rel	expected	The surgeons that explode the officer predict	1.3819435480399989e-06	1.3819435480399989e-06	19.46487045288086	19.46487045288086
2462	gpt2	2463	1232	13	predispose	subj_rel	unexpected	The surgeons that explode the officer predisposes	0.11255082363909706	0.11255082363909706	12.29328191280365	12.29328191280365
2463	gpt2	2464	1232	13	predispose	subj_rel	expected	The surgeons that explode the officer predispose	0.33641210074252115	0.33641210074252115	11.503455013036728	11.503455013036728
2464	gpt2	2465	1233	13	pre-empt	subj_rel	unexpected	The surgeons that explode the officer pre-empts	0.2066219499197359	0.2066219499197359	9.410484731197357	9.410484731197357
2465	gpt2	2466	1233	13	pre-empt	subj_rel	expected	The surgeons that explode the officer pre-empt	0.2066219499197359	0.2066219499197359	9.410484731197357	9.410484731197357
2466	gpt2	2467	1234	13	prefer	subj_rel	unexpected	The surgeons that explode the officer prefers	2.862679480131192e-07	2.862679480131192e-07	21.736129760742188	21.736129760742188
2467	gpt2	2468	1234	13	prefer	subj_rel	expected	The surgeons that explode the officer prefer	4.531253125605872e-06	4.531253125605872e-06	17.751657485961914	17.751657485961914
2468	gpt2	2469	1235	13	premiere	subj_rel	unexpected	The surgeons that explode the officer premieres	0.4953880126941499	0.4953880126941499	11.379520794376731	11.379520794376731
2469	gpt2	2470	1235	13	premiere	subj_rel	expected	The surgeons that explode the officer premiere	6.421166887093932e-08	6.421166887093932e-08	23.8925895690918	23.8925895690918
2470	gpt2	2471	1236	13	prepare	subj_rel	unexpected	The surgeons that explode the officer prepares	1.0789635780383833e-06	1.0789635780383833e-06	19.821922302246094	19.821922302246094
2471	gpt2	2472	1236	13	prepare	subj_rel	expected	The surgeons that explode the officer prepare	2.028946028076461e-06	2.028946028076461e-06	18.910837173461918	18.910837173461918
2472	gpt2	2473	1237	13	prepay	subj_rel	unexpected	The surgeons that explode the officer prepays	0.0011957183394386386	0.0011957183394386386	15.791510581970215	15.791510581970215
2473	gpt2	2474	1237	13	prepay	subj_rel	expected	The surgeons that explode the officer prepay	0.004345246395821789	0.004345246395821789	14.86070203781128	14.86070203781128
2474	gpt2	2475	1238	13	pre-register	subj_rel	unexpected	The surgeons that explode the officer pre-registers	0.2066219499197359	0.2066219499197359	9.410484731197357	9.410484731197357
2475	gpt2	2476	1238	13	pre-register	subj_rel	expected	The surgeons that explode the officer pre-register	0.2066219499197359	0.2066219499197359	9.410484731197357	9.410484731197357
2476	gpt2	2477	1239	13	presage	subj_rel	unexpected	The surgeons that explode the officer presages	0.0052528599669585604	0.0052528599669585604	13.003942012786865	13.003942012786865
2477	gpt2	2478	1239	13	presage	subj_rel	expected	The surgeons that explode the officer presage	0.04508083448013166	0.04508083448013166	11.453186750411987	11.453186750411987
2478	gpt2	2479	1240	13	prescribe	subj_rel	unexpected	The surgeons that explode the officer prescribes	0.40143206063156356	0.40143206063156356	11.742009177803993	11.742009177803993
2479	gpt2	2480	1240	13	prescribe	subj_rel	expected	The surgeons that explode the officer prescribe	1.204777362318055e-07	1.204777362318055e-07	22.984729766845703	22.984729766845703
2480	gpt2	2481	1241	13	present	subj_rel	unexpected	The surgeons that explode the officer presents	9.79784545052098e-06	9.79784545052098e-06	16.63910484313965	16.63910484313965
2481	gpt2	2482	1241	13	present	subj_rel	expected	The surgeons that explode the officer present	4.372068724478595e-05	4.372068724478595e-05	14.481324195861816	14.481324195861816
2482	gpt2	2483	1242	13	preserve	subj_rel	unexpected	The surgeons that explode the officer preserves	3.825037424576294e-07	3.825037424576294e-07	21.318023681640625	21.318023681640625
2483	gpt2	2484	1242	13	preserve	subj_rel	expected	The surgeons that explode the officer preserve	1.5722800981166074e-06	1.5722800981166074e-06	19.278709411621094	19.278709411621094
2484	gpt2	2485	1243	13	pressure	subj_rel	unexpected	The surgeons that explode the officer pressures	8.735381129554298e-07	8.735381129554298e-07	20.12662506103516	20.12662506103516
2485	gpt2	2486	1243	13	pressure	subj_rel	expected	The surgeons that explode the officer pressure	8.577578228141647e-06	8.577578228141647e-06	16.830997467041016	16.830997467041016
2486	gpt2	2487	1244	13	press	subj_rel	unexpected	The surgeons that explode the officer presses	3.0664671157865087e-06	3.0664671157865087e-06	18.314990997314453	18.314990997314453
2487	gpt2	2488	1244	13	press	subj_rel	expected	The surgeons that explode the officer press	1.037768288369989e-05	1.037768288369989e-05	16.556156158447266	16.556156158447266
2488	gpt2	2489	1245	13	pretend	subj_rel	unexpected	The surgeons that explode the officer pretends	0.39600471746581434	0.39600471746581434	10.298072546720503	10.298072546720503
2489	gpt2	2490	1245	13	pretend	subj_rel	expected	The surgeons that explode the officer pretend	7.437585622938059e-07	7.437585622938059e-07	20.358661651611328	20.358661651611328
2490	gpt2	2491	1246	13	pre-try	subj_rel	unexpected	The surgeons that explode the officer pre-tries	0.2066219499197359	0.2066219499197359	9.410484731197357	9.410484731197357
2491	gpt2	2492	1246	13	pre-try	subj_rel	expected	The surgeons that explode the officer pre-try	0.2066219499197359	0.2066219499197359	9.410484731197357	9.410484731197357
2492	gpt2	2493	1247	13	prevail	subj_rel	unexpected	The surgeons that explode the officer prevails	0.4663400836914988	0.4663400836914988	12.386888429522514	12.386888429522514
2493	gpt2	2494	1247	13	prevail	subj_rel	expected	The surgeons that explode the officer prevail	1.0780538417520803e-07	1.0780538417520803e-07	23.14506721496582	23.14506721496582
2494	gpt2	2495	1248	13	prevent	subj_rel	unexpected	The surgeons that explode the officer prevents	9.503314117864648e-07	9.503314117864648e-07	20.00506591796875	20.00506591796875
2495	gpt2	2496	1248	13	prevent	subj_rel	expected	The surgeons that explode the officer prevent	1.1440954040153883e-05	1.1440954040153883e-05	16.415433883666992	16.415433883666992
2496	gpt2	2497	1249	13	price	subj_rel	unexpected	The surgeons that explode the officer prices	9.86150539006303e-08	9.86150539006303e-08	23.273616790771484	23.273616790771484
2497	gpt2	2498	1249	13	price	subj_rel	expected	The surgeons that explode the officer price	2.4089632688628626e-07	2.4089632688628626e-07	21.985084533691406	21.985084533691406
2498	gpt2	2499	1250	13	privatize	subj_rel	unexpected	The surgeons that explode the officer privatizes	0.010941903217586788	0.010941903217586788	15.091758012771606	15.091758012771606
2499	gpt2	2500	1250	13	privatize	subj_rel	expected	The surgeons that explode the officer privatize	0.040809121093603885	0.040809121093603885	14.142243266105652	14.142243266105652
2500	gpt2	2501	1251	13	probe	subj_rel	unexpected	The surgeons that explode the officer probes	6.450683486036724e-06	6.450683486036724e-06	17.242116928100586	17.242116928100586
2501	gpt2	2502	1251	13	probe	subj_rel	expected	The surgeons that explode the officer probe	9.889694410958327e-06	9.889694410958327e-06	16.625642776489258	16.625642776489258
2502	gpt2	2503	1252	13	proceed	subj_rel	unexpected	The surgeons that explode the officer proceeds	5.890441343581188e-07	5.890441343581188e-07	20.69512176513672	20.69512176513672
2503	gpt2	2504	1252	13	proceed	subj_rel	expected	The surgeons that explode the officer proceed	2.507785211491864e-06	2.507785211491864e-06	18.605154037475582	18.605154037475582
2504	gpt2	2505	1253	13	process	subj_rel	unexpected	The surgeons that explode the officer processes	7.255877108036657e-07	7.255877108036657e-07	20.394346237182617	20.394346237182617
2505	gpt2	2506	1253	13	process	subj_rel	expected	The surgeons that explode the officer process	7.707568329351489e-06	7.707568329351489e-06	16.985292434692383	16.985292434692383
2506	gpt2	2507	1254	13	proclaim	subj_rel	unexpected	The surgeons that explode the officer proclaims	0.005822241302269022	0.005822241302269022	13.053476572036743	13.053476572036743
2507	gpt2	2508	1254	13	proclaim	subj_rel	expected	The surgeons that explode the officer proclaim	1.1883595334438724e-06	1.1883595334438724e-06	19.68259620666504	19.68259620666504
2508	gpt2	2509	1255	13	produce	subj_rel	unexpected	The surgeons that explode the officer produces	2.4241840037575457e-06	2.4241840037575457e-06	18.65406990051269	18.65406990051269
2509	gpt2	2510	1255	13	produce	subj_rel	expected	The surgeons that explode the officer produce	8.182846613635775e-06	8.182846613635775e-06	16.89896583557129	16.89896583557129
2510	gpt2	2511	1256	13	prod	subj_rel	unexpected	The surgeons that explode the officer prods	0.0627302277221133	0.0627302277221133	9.84477961063385	9.84477961063385
2511	gpt2	2512	1256	13	prod	subj_rel	expected	The surgeons that explode the officer prod	3.747621803995571e-07	3.747621803995571e-07	21.34752082824707	21.34752082824707
2512	gpt2	2513	1257	13	profile	subj_rel	unexpected	The surgeons that explode the officer profiles	1.8447627780915357e-07	1.8447627780915357e-07	22.37006187438965	22.37006187438965
2513	gpt2	2514	1257	13	profile	subj_rel	expected	The surgeons that explode the officer profile	6.570159598595637e-07	6.570159598595637e-07	20.537569046020508	20.537569046020508
2514	gpt2	2515	1258	13	profit	subj_rel	unexpected	The surgeons that explode the officer profits	1.9646988391741613e-07	1.9646988391741613e-07	22.27918815612793	22.27918815612793
2515	gpt2	2516	1258	13	profit	subj_rel	expected	The surgeons that explode the officer profit	1.6445885364646529e-07	1.6445885364646529e-07	22.53577041625977	22.53577041625977
2516	gpt2	2517	1259	13	program	subj_rel	unexpected	The surgeons that explode the officer programs	1.963373733815388e-06	1.963373733815388e-06	18.958232879638672	18.958232879638672
2517	gpt2	2518	1259	13	program	subj_rel	expected	The surgeons that explode the officer program	1.7675673007033765e-05	1.7675673007033765e-05	15.787875175476074	15.787875175476074
2518	gpt2	2519	1260	13	progress	subj_rel	unexpected	The surgeons that explode the officer progresses	2.976692883294163e-07	2.976692883294163e-07	21.679786682128903	21.679786682128903
2519	gpt2	2520	1260	13	progress	subj_rel	expected	The surgeons that explode the officer progress	2.380352981390388e-07	2.380352981390388e-07	22.002321243286133	22.002321243286133
2520	gpt2	2521	1261	13	prohibit	subj_rel	unexpected	The surgeons that explode the officer prohibits	6.127260121502331e-08	6.127260121502331e-08	23.960182189941406	23.960182189941406
2521	gpt2	2522	1261	13	prohibit	subj_rel	expected	The surgeons that explode the officer prohibit	4.752606344027299e-07	4.752606344027299e-07	21.004777908325195	21.004777908325195
2522	gpt2	2523	1262	13	project	subj_rel	unexpected	The surgeons that explode the officer projects	2.349707301618764e-06	2.349707301618764e-06	18.699087142944336	18.699087142944336
2523	gpt2	2524	1262	13	project	subj_rel	expected	The surgeons that explode the officer project	1.0464103979757056e-05	1.0464103979757056e-05	16.544191360473633	16.544191360473633
2524	gpt2	2525	1263	13	prolong	subj_rel	unexpected	The surgeons that explode the officer prolongs	0.02785055391801445	0.02785055391801445	13.138320446014404	13.138320446014404
2525	gpt2	2526	1263	13	prolong	subj_rel	expected	The surgeons that explode the officer prolong	2.2084142869971402e-07	2.2084142869971402e-07	22.110485076904297	22.110485076904297
2526	gpt2	2527	1264	13	promise	subj_rel	unexpected	The surgeons that explode the officer promises	2.577578925411217e-06	2.577578925411217e-06	18.5655517578125	18.5655517578125
2527	gpt2	2528	1264	13	promise	subj_rel	expected	The surgeons that explode the officer promise	2.434786438243464e-06	2.434786438243464e-06	18.64777374267578	18.64777374267578
2528	gpt2	2529	1265	13	promote	subj_rel	unexpected	The surgeons that explode the officer promotes	2.812090542647639e-07	2.812090542647639e-07	21.76185417175293	21.76185417175293
2529	gpt2	2530	1265	13	promote	subj_rel	expected	The surgeons that explode the officer promote	4.209933592846937e-07	4.209933592846937e-07	21.1796989440918	21.1796989440918
2530	gpt2	2531	1266	13	prompt	subj_rel	unexpected	The surgeons that explode the officer prompts	4.926343990518944e-07	4.926343990518944e-07	20.952980041503903	20.952980041503903
2531	gpt2	2532	1266	13	prompt	subj_rel	expected	The surgeons that explode the officer prompt	1.414197413396323e-06	1.414197413396323e-06	19.43158531188965	19.43158531188965
2532	gpt2	2533	1267	13	propel	subj_rel	unexpected	The surgeons that explode the officer propels	0.04251634762613317	0.04251634762613317	10.532878041267395	10.532878041267395
2533	gpt2	2534	1267	13	propel	subj_rel	expected	The surgeons that explode the officer propel	1.7208729730100458e-07	1.7208729730100458e-07	22.470355987548828	22.470355987548828
2534	gpt2	2535	1268	13	propose	subj_rel	unexpected	The surgeons that explode the officer proposes	5.618683189823059e-07	5.618683189823059e-07	20.763263702392575	20.763263702392575
2535	gpt2	2536	1268	13	propose	subj_rel	expected	The surgeons that explode the officer propose	4.72825058750459e-06	4.72825058750459e-06	17.690261840820312	17.690261840820312
2536	gpt2	2537	1269	13	prop	subj_rel	unexpected	The surgeons that explode the officer props	1.7638282088228152e-06	1.7638282088228152e-06	19.11285781860352	19.11285781860352
2537	gpt2	2538	1269	13	prop	subj_rel	expected	The surgeons that explode the officer prop	5.358177986636292e-06	5.358177986636292e-06	17.50982666015625	17.50982666015625
2538	gpt2	2539	1270	13	prosper	subj_rel	unexpected	The surgeons that explode the officer prospers	0.20933402865769793	0.20933402865769793	8.019416888554892	8.019416888554892
2539	gpt2	2540	1270	13	prosper	subj_rel	expected	The surgeons that explode the officer prosper	1.781665659450482e-08	1.781665659450482e-08	25.7421989440918	25.7421989440918
2540	gpt2	2541	1271	13	protect	subj_rel	unexpected	The surgeons that explode the officer protects	7.846970220271032e-07	7.846970220271032e-07	20.281360626220703	20.281360626220703
2541	gpt2	2542	1271	13	protect	subj_rel	expected	The surgeons that explode the officer protect	1.0619568456604613e-05	1.0619568456604613e-05	16.52291488647461	16.52291488647461
2542	gpt2	2543	1272	13	protest	subj_rel	unexpected	The surgeons that explode the officer protests	7.208181159512605e-06	7.208181159512605e-06	17.081933975219727	17.081933975219727
2543	gpt2	2544	1272	13	protest	subj_rel	expected	The surgeons that explode the officer protest	3.371968887222465e-06	3.371968887222465e-06	18.177976608276367	18.177976608276367
2544	gpt2	2545	1273	14	prove	subj_rel	unexpected	The customer that reschedules the consultant prove	1.5623313629475888e-06	1.5623313629475888e-06	19.28786849975586	19.28786849975586
2545	gpt2	2546	1273	14	prove	subj_rel	expected	The customer that reschedules the consultant proves	5.285281440592371e-05	5.285281440592371e-05	14.207659721374512	14.207659721374512
2546	gpt2	2547	1274	14	provide	subj_rel	unexpected	The customer that reschedules the consultant provide	9.796766244107856e-05	9.796766244107856e-05	13.31733512878418	13.31733512878418
2547	gpt2	2548	1274	14	provide	subj_rel	expected	The customer that reschedules the consultant provides	0.0008121777791529	0.0008121777791529	10.26591682434082	10.26591682434082
2548	gpt2	2549	1275	14	provoke	subj_rel	unexpected	The customer that reschedules the consultant provoke	8.038661292175675e-08	8.038661292175675e-08	23.568470001220703	23.568470001220703
2549	gpt2	2550	1275	14	provoke	subj_rel	expected	The customer that reschedules the consultant provokes	0.3117689657558458	0.3117689657558458	9.618242830038072	9.618242830038072
2550	gpt2	2551	1276	14	prune	subj_rel	unexpected	The customer that reschedules the consultant prune	0.002834741799233559	0.002834741799233559	12.5640389919281	12.5640389919281
2551	gpt2	2552	1276	14	prune	subj_rel	expected	The customer that reschedules the consultant prunes	0.004524978883637209	0.004524978883637209	12.226463317871094	12.226463317871094
2552	gpt2	2553	1277	14	publicize	subj_rel	unexpected	The customer that reschedules the consultant publicize	0.00015209926459643558	0.00015209926459643558	13.479251861572266	13.479251861572266
2553	gpt2	2554	1277	14	publicize	subj_rel	expected	The customer that reschedules the consultant publicizes	0.0006602419580303356	0.0006602419580303356	12.3666090965271	12.3666090965271
2554	gpt2	2555	1278	14	publish	subj_rel	unexpected	The customer that reschedules the consultant publish	2.519675717849168e-06	2.519675717849168e-06	18.598329544067383	18.598329544067383
2555	gpt2	2556	1278	14	publish	subj_rel	expected	The customer that reschedules the consultant publishes	9.759349268279038e-06	9.759349268279038e-06	16.64478302001953	16.64478302001953
2556	gpt2	2557	1279	14	pull	subj_rel	unexpected	The customer that reschedules the consultant pull	4.120153789699543e-06	4.120153789699543e-06	17.888870239257812	17.888870239257812
2557	gpt2	2558	1279	14	pull	subj_rel	expected	The customer that reschedules the consultant pulls	2.455597496009432e-05	2.455597496009432e-05	15.313566207885742	15.313566207885742
2558	gpt2	2559	1280	14	pummel	subj_rel	unexpected	The customer that reschedules the consultant pummel	0.006615153867945345	0.006615153867945345	10.320245583852133	10.320245583852133
2559	gpt2	2560	1280	14	pummel	subj_rel	expected	The customer that reschedules the consultant pummels	0.25792325789128273	0.25792325789128273	8.510443230470022	8.510443230470022
2560	gpt2	2561	1281	14	pump	subj_rel	unexpected	The customer that reschedules the consultant pump	3.3961866847675992e-06	3.3961866847675992e-06	18.167652130126957	18.167652130126957
2561	gpt2	2562	1281	14	pump	subj_rel	expected	The customer that reschedules the consultant pumps	1.2332120604696684e-06	1.2332120604696684e-06	19.629148483276367	19.629148483276367
2562	gpt2	2563	1282	14	punch	subj_rel	unexpected	The customer that reschedules the consultant punch	6.524204536617617e-07	6.524204536617617e-07	20.54769515991211	20.54769515991211
2563	gpt2	2564	1282	14	punch	subj_rel	expected	The customer that reschedules the consultant punches	6.546142685692757e-07	6.546142685692757e-07	20.5428524017334	20.5428524017334
2564	gpt2	2565	1283	14	punish	subj_rel	unexpected	The customer that reschedules the consultant punish	2.447168157004853e-08	2.447168157004853e-08	25.284311294555664	25.284311294555664
2565	gpt2	2566	1283	14	punish	subj_rel	expected	The customer that reschedules the consultant punishes	0.45925686469715293	0.45925686469715293	10.74088580161333	10.74088580161333
2566	gpt2	2567	1284	14	purchase	subj_rel	unexpected	The customer that reschedules the consultant purchase	0.000112550369522	0.000112550369522	13.117141723632812	13.117141723632812
2567	gpt2	2568	1284	14	purchase	subj_rel	expected	The customer that reschedules the consultant purchases	0.0001247055333806	0.0001247055333806	12.969186782836914	12.969186782836914
2568	gpt2	2569	1285	14	pursue	subj_rel	unexpected	The customer that reschedules the consultant pursue	3.76119913880757e-07	3.76119913880757e-07	21.342304229736328	21.342304229736328
2569	gpt2	2570	1285	14	pursue	subj_rel	expected	The customer that reschedules the consultant pursues	0.4733607033695649	0.4733607033695649	10.060877118259668	10.060877118259668
2570	gpt2	2571	1286	14	push	subj_rel	unexpected	The customer that reschedules the consultant push	9.224610948876943e-06	9.224610948876943e-06	16.7260799407959	16.7260799407959
2571	gpt2	2572	1286	14	push	subj_rel	expected	The customer that reschedules the consultant pushes	1.2460893231036607e-05	1.2460893231036607e-05	16.292232513427734	16.292232513427734
2572	gpt2	2573	1287	14	put	subj_rel	unexpected	The customer that reschedules the consultant put	5.548232365981676e-05	5.548232365981676e-05	14.137612342834473	14.137612342834473
2573	gpt2	2574	1287	14	put	subj_rel	expected	The customer that reschedules the consultant puts	0.0001485803804825	0.0001485803804825	12.716468811035156	12.716468811035156
2574	gpt2	2575	1288	14	puzzle	subj_rel	unexpected	The customer that reschedules the consultant puzzle	9.18138994165929e-07	9.18138994165929e-07	20.054784774780277	20.054784774780277
2575	gpt2	2576	1288	14	puzzle	subj_rel	expected	The customer that reschedules the consultant puzzles	2.500037794561649e-07	2.500037794561649e-07	21.931547164916992	21.931547164916992
2576	gpt2	2577	1289	14	qualify	subj_rel	unexpected	The customer that reschedules the consultant qualify	5.703464580619766e-07	5.703464580619766e-07	20.74165725708008	20.74165725708008
2577	gpt2	2578	1289	14	qualify	subj_rel	expected	The customer that reschedules the consultant qualifies	1.8877197362598963e-05	1.8877197362598963e-05	15.69299602508545	15.69299602508545
2578	gpt2	2579	1290	14	quantify	subj_rel	unexpected	The customer that reschedules the consultant quantify	6.898215332284964e-08	6.898215332284964e-08	23.789201736450195	23.789201736450195
2579	gpt2	2580	1290	14	quantify	subj_rel	expected	The customer that reschedules the consultant quantifies	0.3238276958748827	0.3238276958748827	10.557810753583908	10.557810753583908
2580	gpt2	2581	1291	14	quarrel	subj_rel	unexpected	The customer that reschedules the consultant quarrel	7.164890689637105e-07	7.164890689637105e-07	20.41255187988281	20.41255187988281
2581	gpt2	2582	1291	14	quarrel	subj_rel	expected	The customer that reschedules the consultant quarrels	0.4713412231413088	0.4713412231413088	10.248854599893091	10.248854599893091
2582	gpt2	2583	1292	14	quell	subj_rel	unexpected	The customer that reschedules the consultant quell	0.000343405974035661	0.000343405974035661	13.493197917938232	13.493197917938232
2583	gpt2	2584	1292	14	quell	subj_rel	expected	The customer that reschedules the consultant quells	0.000610317552400361	0.000610317552400361	13.07319688796997	13.07319688796997
2584	gpt2	2585	1293	14	question	subj_rel	unexpected	The customer that reschedules the consultant question	0.0002301152562722	0.0002301152562722	12.085355758666992	12.085355758666992
2585	gpt2	2586	1293	14	question	subj_rel	expected	The customer that reschedules the consultant questions	0.0001255915849469	0.0001255915849469	12.958972930908203	12.958972930908203
2586	gpt2	2587	1294	14	quiet	subj_rel	unexpected	The customer that reschedules the consultant quiet	6.537159151775995e-07	6.537159151775995e-07	20.544832229614254	20.544832229614254
2587	gpt2	2588	1294	14	quiet	subj_rel	expected	The customer that reschedules the consultant quiets	0.003227602731840261	0.003227602731840261	11.86641788482666	11.86641788482666
2588	gpt2	2589	1295	14	quit	subj_rel	unexpected	The customer that reschedules the consultant quit	1.5891344446572475e-05	1.5891344446572475e-05	15.941399574279783	15.941399574279783
2589	gpt2	2590	1295	14	quit	subj_rel	expected	The customer that reschedules the consultant quits	0.38989924643601626	0.38989924643601626	8.406936004757881	8.406936004757881
2590	gpt2	2591	1296	14	quiz	subj_rel	unexpected	The customer that reschedules the consultant quiz	1.1884502555403742e-06	1.1884502555403742e-06	19.68248748779297	19.68248748779297
2591	gpt2	2592	1296	14	quiz	subj_rel	expected	The customer that reschedules the consultant quizes	5.452367759062327e-05	5.452367759062327e-05	14.88655948638916	14.88655948638916
2592	gpt2	2593	1297	14	quote	subj_rel	unexpected	The customer that reschedules the consultant quote	4.345763227320276e-05	4.345763227320276e-05	14.490031242370604	14.490031242370604
2593	gpt2	2594	1297	14	quote	subj_rel	expected	The customer that reschedules the consultant quotes	1.808959495974705e-05	1.808959495974705e-05	15.754480361938477	15.754480361938477
2594	gpt2	2595	1298	14	rage	subj_rel	unexpected	The customer that reschedules the consultant rage	1.9362175862625008e-07	1.9362175862625008e-07	22.300254821777344	22.300254821777344
2595	gpt2	2596	1298	14	rage	subj_rel	expected	The customer that reschedules the consultant rages	0.006046163603059497	0.006046163603059497	11.809025764465332	11.809025764465332
2596	gpt2	2597	1299	14	raid	subj_rel	unexpected	The customer that reschedules the consultant raid	2.9894963518017903e-06	2.9894963518017903e-06	18.35166549682617	18.35166549682617
2597	gpt2	2598	1299	14	raid	subj_rel	expected	The customer that reschedules the consultant raids	1.83849635959632e-07	1.83849635959632e-07	22.374969482421875	22.374969482421875
2598	gpt2	2599	1300	14	rain	subj_rel	unexpected	The customer that reschedules the consultant rain	5.750302989326883e-07	5.750302989326883e-07	20.7298583984375	20.7298583984375
2599	gpt2	2600	1300	14	rain	subj_rel	expected	The customer that reschedules the consultant rains	1.8649424760042169e-07	1.8649424760042169e-07	22.354366302490234	22.354366302490234
2600	gpt2	2601	1301	14	raise	subj_rel	unexpected	The customer that reschedules the consultant raise	2.420598775643157e-06	2.420598775643157e-06	18.65620422363281	18.65620422363281
2601	gpt2	2602	1301	14	raise	subj_rel	expected	The customer that reschedules the consultant raises	3.1742416467750445e-05	3.1742416467750445e-05	14.943228721618652	14.943228721618652
2602	gpt2	2603	1302	14	rally	subj_rel	unexpected	The customer that reschedules the consultant rally	1.042326289280027e-06	1.042326289280027e-06	19.871761322021484	19.871761322021484
2603	gpt2	2604	1302	14	rally	subj_rel	expected	The customer that reschedules the consultant rallies	3.3772323604353005e-07	3.3772323604353005e-07	21.497655868530277	21.497655868530277
2604	gpt2	2605	1303	14	ramp	subj_rel	unexpected	The customer that reschedules the consultant ramp	1.45727551625896e-06	1.45727551625896e-06	19.388294219970703	19.388294219970703
2605	gpt2	2606	1303	14	ramp	subj_rel	expected	The customer that reschedules the consultant ramps	2.635413807183795e-07	2.635413807183795e-07	21.855466842651367	21.855466842651367
2606	gpt2	2607	1304	14	range	subj_rel	unexpected	The customer that reschedules the consultant range	1.9704502847162075e-05	1.9704502847162075e-05	15.631114959716797	15.631114959716797
2607	gpt2	2608	1304	14	range	subj_rel	expected	The customer that reschedules the consultant ranges	5.920247531321365e-06	5.920247531321365e-06	17.36591148376465	17.36591148376465
2608	gpt2	2609	1305	14	rank	subj_rel	unexpected	The customer that reschedules the consultant rank	9.25351105252048e-06	9.25351105252048e-06	16.721567153930664	16.721567153930664
2609	gpt2	2610	1305	14	rank	subj_rel	expected	The customer that reschedules the consultant ranks	8.247843652497977e-06	8.247843652497977e-06	16.88755226135254	16.88755226135254
2610	gpt2	2611	1306	14	ratify	subj_rel	unexpected	The customer that reschedules the consultant ratify	0.0008544669437924101	0.0008544669437924101	13.153655052185059	13.153655052185059
2611	gpt2	2612	1306	14	ratify	subj_rel	expected	The customer that reschedules the consultant ratifies	0.03756536067908196	0.03756536067908196	10.421612977981567	10.421612977981567
2612	gpt2	2613	1307	14	rationalize	subj_rel	unexpected	The customer that reschedules the consultant rationalize	0.0020511173729573645	0.0020511173729573645	13.314347505569458	13.314347505569458
2613	gpt2	2614	1307	14	rationalize	subj_rel	expected	The customer that reschedules the consultant rationalizes	0.28356955760091296	0.28356955760091296	9.758362650871277	9.758362650871277
2614	gpt2	2615	1308	14	rattle	subj_rel	unexpected	The customer that reschedules the consultant rattle	0.0004094425685252465	0.0004094425685252465	13.756469249725342	13.756469249725342
2615	gpt2	2616	1308	14	rattle	subj_rel	expected	The customer that reschedules the consultant rattles	0.4818281460508871	0.4818281460508871	10.90086761675775	10.90086761675775
2616	gpt2	2617	1309	14	rat	subj_rel	unexpected	The customer that reschedules the consultant rat	7.075992925820174e-06	7.075992925820174e-06	17.1086368560791	17.1086368560791
2617	gpt2	2618	1309	14	rat	subj_rel	expected	The customer that reschedules the consultant rats	1.0793094133987324e-06	1.0793094133987324e-06	19.821460723876957	19.821460723876957
2618	gpt2	2619	1310	14	rave	subj_rel	unexpected	The customer that reschedules the consultant rave	3.896077771514683e-07	3.896077771514683e-07	21.291473388671875	21.291473388671875
2619	gpt2	2620	1310	14	rave	subj_rel	expected	The customer that reschedules the consultant raves	0.019034829209886046	0.019034829209886046	10.981489181518555	10.981489181518555
2620	gpt2	2621	1311	14	reach	subj_rel	unexpected	The customer that reschedules the consultant reach	1.45033220633195e-06	1.45033220633195e-06	19.39518547058105	19.39518547058105
2621	gpt2	2622	1311	14	reach	subj_rel	expected	The customer that reschedules the consultant reaches	1.7642800230532885e-05	1.7642800230532885e-05	15.790560722351074	15.790560722351074
2622	gpt2	2623	1312	14	react	subj_rel	unexpected	The customer that reschedules the consultant react	8.058530625021376e-07	8.058530625021376e-07	20.242979049682617	20.242979049682617
2623	gpt2	2624	1312	14	react	subj_rel	expected	The customer that reschedules the consultant reacts	2.907706175392377e-06	2.907706175392377e-06	18.39168739318848	18.39168739318848
2624	gpt2	2625	1313	14	readmit	subj_rel	unexpected	The customer that reschedules the consultant readmit	1.9570351469155867e-05	1.9570351469155867e-05	15.677911758422852	15.677911758422852
2625	gpt2	2626	1313	14	readmit	subj_rel	expected	The customer that reschedules the consultant readmits	8.816823651613959e-06	8.816823651613959e-06	17.326430320739746	17.326430320739746
2626	gpt2	2627	1314	14	read	subj_rel	unexpected	The customer that reschedules the consultant read	1.519767647550907e-05	1.519767647550907e-05	16.005788803100586	16.005788803100586
2627	gpt2	2628	1314	14	read	subj_rel	expected	The customer that reschedules the consultant reads	3.724111229530536e-05	3.724111229530536e-05	14.71274471282959	14.71274471282959
2628	gpt2	2629	1315	14	reaffirm	subj_rel	unexpected	The customer that reschedules the consultant reaffirm	0.006269521478543498	0.006269521478543498	11.96568489074707	11.96568489074707
2629	gpt2	2630	1315	14	reaffirm	subj_rel	expected	The customer that reschedules the consultant reaffirms	0.33591489999366786	0.33591489999366786	9.093605041503906	9.093605041503906
2630	gpt2	2631	1316	14	realign	subj_rel	unexpected	The customer that reschedules the consultant realign	0.017690222477540356	0.017690222477540356	9.392020463943481	9.392020463943481
2631	gpt2	2632	1316	14	realign	subj_rel	expected	The customer that reschedules the consultant realigns	0.33407283558820683	0.33407283558820683	6.2775649180014925	6.2775649180014925
2632	gpt2	2633	1317	14	realize	subj_rel	unexpected	The customer that reschedules the consultant realize	9.256335033569483e-06	9.256335033569483e-06	16.721126556396484	16.721126556396484
2633	gpt2	2634	1317	14	realize	subj_rel	expected	The customer that reschedules the consultant realizes	2.650478927535005e-05	2.650478927535005e-05	15.203387260437012	15.203387260437012
2634	gpt2	2635	1318	14	reappraise	subj_rel	unexpected	The customer that reschedules the consultant reappraise	2.4282534013764234e-05	2.4282534013764234e-05	15.448380947113037	15.448380947113037
2635	gpt2	2636	1318	14	reappraise	subj_rel	expected	The customer that reschedules the consultant reappraises	0.22781695943073524	0.22781695943073524	7.649352570374806	7.649352570374806
2636	gpt2	2637	1319	14	reap	subj_rel	unexpected	The customer that reschedules the consultant reap	1.343021693855917e-07	1.343021693855917e-07	22.828014373779297	22.828014373779297
2637	gpt2	2638	1319	14	reap	subj_rel	expected	The customer that reschedules the consultant reaps	0.00990647647995495	0.00990647647995495	9.235048294067383	9.235048294067383
2638	gpt2	2639	1320	14	rearm	subj_rel	unexpected	The customer that reschedules the consultant rearm	9.029887951323531e-05	9.029887951323531e-05	13.695056438446045	13.695056438446045
2639	gpt2	2640	1320	14	rearm	subj_rel	expected	The customer that reschedules the consultant rearms	9.226850420417213e-05	9.226850420417213e-05	15.05450439453125	15.05450439453125
2640	gpt2	2641	1321	14	rearrange	subj_rel	unexpected	The customer that reschedules the consultant rearrange	0.0024901557167709004	0.0024901557167709004	13.606250286102295	13.606250286102295
2641	gpt2	2642	1321	14	rearrange	subj_rel	expected	The customer that reschedules the consultant rearranges	0.45532124241941574	0.45532124241941574	9.84881179779768	9.84881179779768
2642	gpt2	2643	1322	14	reason	subj_rel	unexpected	The customer that reschedules the consultant reason	4.38440883954172e-06	4.38440883954172e-06	17.79918670654297	17.79918670654297
2643	gpt2	2644	1322	14	reason	subj_rel	expected	The customer that reschedules the consultant reasons	3.007477516803192e-06	3.007477516803192e-06	18.34301376342773	18.34301376342773
2644	gpt2	2645	1323	14	reassert	subj_rel	unexpected	The customer that reschedules the consultant reassert	0.00875641431184701	0.00875641431184701	11.153305053710938	11.153305053710938
2645	gpt2	2646	1323	14	reassert	subj_rel	expected	The customer that reschedules the consultant reasserts	0.33057221787354746	0.33057221787354746	7.448104854673147	7.448104854673147
2646	gpt2	2647	1324	14	reassess	subj_rel	unexpected	The customer that reschedules the consultant reassess	0.00887396770986011	0.00887396770986011	11.14367961883545	11.14367961883545
2647	gpt2	2648	1324	14	reassess	subj_rel	expected	The customer that reschedules the consultant reassesses	0.08896359174968892	0.08896359174968892	9.480494618415833	9.480494618415833
2648	gpt2	2649	1325	14	reassume	subj_rel	unexpected	The customer that reschedules the consultant reassume	0.0004633328294403099	0.0004633328294403099	13.281586170196533	13.281586170196533
2649	gpt2	2650	1325	14	reassume	subj_rel	expected	The customer that reschedules the consultant reassumes	0.01513749014111451	0.01513749014111451	10.758256912231445	10.758256912231445
2650	gpt2	2651	1326	14	reassure	subj_rel	unexpected	The customer that reschedules the consultant reassure	1.3741156124069678e-07	1.3741156124069678e-07	22.79499244689941	22.79499244689941
2651	gpt2	2652	1326	14	reassure	subj_rel	expected	The customer that reschedules the consultant reassures	0.23993868499519522	0.23993868499519522	8.764777064323425	8.764777064323425
2652	gpt2	2653	1327	14	reauthorize	subj_rel	unexpected	The customer that reschedules the consultant reauthorize	0.0016287515560784998	0.0016287515560784998	10.195505142211914	10.195505142211914
2653	gpt2	2654	1327	14	reauthorize	subj_rel	expected	The customer that reschedules the consultant reauthorizes	0.15510146389715368	0.15510146389715368	7.841149806976318	7.841149806976318
2654	gpt2	2655	1328	14	rebound	subj_rel	unexpected	The customer that reschedules the consultant rebound	1.0924188842409421e-07	1.0924188842409421e-07	23.1259708404541	23.1259708404541
2655	gpt2	2656	1328	14	rebound	subj_rel	expected	The customer that reschedules the consultant rebounds	2.988229539369059e-07	2.988229539369059e-07	21.674205780029297	21.674205780029297
2656	gpt2	2657	1329	14	rebuild	subj_rel	unexpected	The customer that reschedules the consultant rebuild	4.827838438359322e-06	4.827838438359322e-06	17.66019058227539	17.66019058227539
2657	gpt2	2658	1329	14	rebuild	subj_rel	expected	The customer that reschedules the consultant rebuilds	0.4750410615708916	0.4750410615708916	8.867036867886782	8.867036867886782
2658	gpt2	2659	1330	14	rebut	subj_rel	unexpected	The customer that reschedules the consultant rebut	0.010374141729698715	0.010374141729698715	9.816238641738892	9.816238641738892
2659	gpt2	2660	1330	14	rebut	subj_rel	expected	The customer that reschedules the consultant rebuts	0.026535341388807865	0.026535341388807865	9.1375150680542	9.1375150680542
2660	gpt2	2661	1331	14	recall	subj_rel	unexpected	The customer that reschedules the consultant recall	5.334235083864769e-06	5.334235083864769e-06	17.516286849975586	17.516286849975586
2661	gpt2	2662	1331	14	recall	subj_rel	expected	The customer that reschedules the consultant recalls	1.0371350072091444e-05	1.0371350072091444e-05	16.557037353515625	16.557037353515625
2662	gpt2	2663	1332	14	recapture	subj_rel	unexpected	The customer that reschedules the consultant recapture	0.008367935372213213	0.008367935372213213	14.751050233840944	14.751050233840944
2663	gpt2	2664	1332	14	recapture	subj_rel	expected	The customer that reschedules the consultant recaptures	0.46009335870824236	0.46009335870824236	11.860591325908901	11.860591325908901
2664	gpt2	2665	1333	14	receive	subj_rel	unexpected	The customer that reschedules the consultant receive	5.442248220788315e-05	5.442248220788315e-05	14.165437698364258	14.165437698364258
2665	gpt2	2666	1333	14	receive	subj_rel	expected	The customer that reschedules the consultant receives	0.0007446823874488	0.0007446823874488	10.391087532043455	10.391087532043455
2666	gpt2	2667	1334	14	reckon	subj_rel	unexpected	The customer that reschedules the consultant reckon	4.104229560653039e-07	4.104229560653039e-07	21.216384887695312	21.216384887695312
2667	gpt2	2668	1334	14	reckon	subj_rel	expected	The customer that reschedules the consultant reckons	0.4987547049064461	0.4987547049064461	9.182322952896357	9.182322952896357
2668	gpt2	2669	1335	14	reclaim	subj_rel	unexpected	The customer that reschedules the consultant reclaim	9.12593975499476e-07	9.12593975499476e-07	20.06352424621582	20.06352424621582
2669	gpt2	2670	1335	14	reclaim	subj_rel	expected	The customer that reschedules the consultant reclaims	0.49342686864096663	0.49342686864096663	10.041308717802167	10.041308717802167
2670	gpt2	2671	1336	14	recognize	subj_rel	unexpected	The customer that reschedules the consultant recognize	2.978568545586313e-06	2.978568545586313e-06	18.356948852539062	18.356948852539062
2671	gpt2	2672	1336	14	recognize	subj_rel	expected	The customer that reschedules the consultant recognizes	1.5660734788980335e-05	1.5660734788980335e-05	15.962488174438477	15.962488174438477
2672	gpt2	2673	1337	14	recommend	subj_rel	unexpected	The customer that reschedules the consultant recommend	5.5722426623106e-05	5.5722426623106e-05	14.13138198852539	14.13138198852539
2673	gpt2	2674	1337	14	recommend	subj_rel	expected	The customer that reschedules the consultant recommends	0.0001649384648771	0.0001649384648771	12.565784454345703	12.565784454345703
2674	gpt2	2675	1338	14	reconcile	subj_rel	unexpected	The customer that reschedules the consultant reconcile	7.833750714780763e-07	7.833750714780763e-07	20.28379249572754	20.28379249572754
2675	gpt2	2676	1338	14	reconcile	subj_rel	expected	The customer that reschedules the consultant reconciles	0.4736610320719592	0.4736610320719592	8.778109684586525	8.778109684586525
2676	gpt2	2677	1339	14	reconnect	subj_rel	unexpected	The customer that reschedules the consultant reconnect	9.576137017575093e-06	9.576137017575093e-06	16.6721248626709	16.6721248626709
2677	gpt2	2678	1339	14	reconnect	subj_rel	expected	The customer that reschedules the consultant reconnects	0.47222160282490216	0.47222160282490216	8.377301752567291	8.377301752567291
2678	gpt2	2679	1340	14	reconsider	subj_rel	unexpected	The customer that reschedules the consultant reconsider	9.709622190712253e-07	9.709622190712253e-07	19.97408103942871	19.97408103942871
2679	gpt2	2680	1340	14	reconsider	subj_rel	expected	The customer that reschedules the consultant reconsiders	0.4572119802846828	0.4572119802846828	10.315276868641378	10.315276868641378
2680	gpt2	2681	1341	14	reconstruct	subj_rel	unexpected	The customer that reschedules the consultant reconstruct	5.809569643133727e-07	5.809569643133727e-07	20.715065002441406	20.715065002441406
2681	gpt2	2682	1341	14	reconstruct	subj_rel	expected	The customer that reschedules the consultant reconstructs	0.49224679907680974	0.49224679907680974	10.36880606599152	10.36880606599152
2682	gpt2	2683	1342	14	record	subj_rel	unexpected	The customer that reschedules the consultant record	6.092425246606581e-05	6.092425246606581e-05	14.002623558044434	14.002623558044434
2683	gpt2	2684	1342	14	record	subj_rel	expected	The customer that reschedules the consultant records	0.0001007080063573	0.0001007080063573	13.277533531188965	13.277533531188965
2684	gpt2	2685	1343	14	recoup	subj_rel	unexpected	The customer that reschedules the consultant recoup	0.007390998923710856	0.007390998923710856	11.497804641723633	11.497804641723633
2685	gpt2	2686	1343	14	recoup	subj_rel	expected	The customer that reschedules the consultant recoups	0.2576450377488678	0.2576450377488678	7.343038489421208	7.343038489421208
2686	gpt2	2687	1344	14	recover	subj_rel	unexpected	The customer that reschedules the consultant recover	7.594585440529045e-07	7.594585440529045e-07	20.32852554321289	20.32852554321289
2687	gpt2	2688	1344	14	recover	subj_rel	expected	The customer that reschedules the consultant recovers	5.203993168834131e-06	5.203993168834131e-06	17.55194854736328	17.55194854736328
2688	gpt2	2689	1345	14	recraft	subj_rel	unexpected	The customer that reschedules the consultant recraft	0.0003708266972353062	0.0003708266972353062	13.663801193237305	13.663801193237305
2689	gpt2	2690	1345	14	recraft	subj_rel	expected	The customer that reschedules the consultant recrafts	0.32461571453404753	0.32461571453404753	9.122311435639856	9.122311435639856
2690	gpt2	2691	1346	14	recreate	subj_rel	unexpected	The customer that reschedules the consultant recreate	3.050097632240068e-07	3.050097632240068e-07	21.644641876220703	21.644641876220703
2691	gpt2	2692	1346	14	recreate	subj_rel	expected	The customer that reschedules the consultant recreates	0.33580526688789786	0.33580526688789786	7.824693327303976	7.824693327303976
2692	gpt2	2693	1347	14	recycle	subj_rel	unexpected	The customer that reschedules the consultant recycle	2.444920710331644e-07	2.444920710331644e-07	21.96370887756348	21.96370887756348
2693	gpt2	2694	1347	14	recycle	subj_rel	expected	The customer that reschedules the consultant recycles	0.4904339474678068	0.4904339474678068	9.547602571547031	9.547602571547031
2694	gpt2	2695	1348	14	redden	subj_rel	unexpected	The customer that reschedules the consultant redden	7.017180577401746e-05	7.017180577401746e-05	17.10396146774292	17.10396146774292
2695	gpt2	2696	1348	14	redden	subj_rel	expected	The customer that reschedules the consultant reddens	0.023296130559355508	0.023296130559355508	14.822834730148315	14.822834730148315
2696	gpt2	2697	1349	14	redeem	subj_rel	unexpected	The customer that reschedules the consultant redeem	1.4468224662778084e-07	1.4468224662778084e-07	22.72060775756836	22.72060775756836
2697	gpt2	2698	1349	14	redeem	subj_rel	expected	The customer that reschedules the consultant redeems	0.09122207077734856	0.09122207077734856	9.417096614837646	9.417096614837646
2698	gpt2	2699	1350	14	redefine	subj_rel	unexpected	The customer that reschedules the consultant redefine	0.016681859918349994	0.016681859918349994	12.489368677139282	12.489368677139282
2699	gpt2	2700	1350	14	redefine	subj_rel	expected	The customer that reschedules the consultant redefines	0.4739641609568537	0.4739641609568537	10.075136747211218	10.075136747211218
2700	gpt2	2701	1351	14	redesign	subj_rel	unexpected	The customer that reschedules the consultant redesign	1.785948552424088e-05	1.785948552424088e-05	15.772950172424316	15.772950172424316
2701	gpt2	2702	1351	14	redesign	subj_rel	expected	The customer that reschedules the consultant redesigns	0.29561855293650297	0.29561855293650297	8.265592485666275	8.265592485666275
2702	gpt2	2703	1352	14	redevelop	subj_rel	unexpected	The customer that reschedules the consultant redevelop	2.1857016463400214e-07	2.1857016463400214e-07	22.12540054321289	22.12540054321289
2703	gpt2	2704	1352	14	redevelop	subj_rel	expected	The customer that reschedules the consultant redevelops	0.38301183781024406	0.38301183781024406	11.254970043897629	11.254970043897629
2704	gpt2	2705	1353	14	redial	subj_rel	unexpected	The customer that reschedules the consultant redial	0.004615852984443293	0.004615852984443293	11.750743865966797	11.750743865966797
2705	gpt2	2706	1353	14	redial	subj_rel	expected	The customer that reschedules the consultant redials	4.278654932932113e-05	4.278654932932113e-05	15.208068370819092	15.208068370819092
2706	gpt2	2707	1354	14	rediscover	subj_rel	unexpected	The customer that reschedules the consultant rediscover	0.0016401002908423422	0.0016401002908423422	12.49844741821289	12.49844741821289
2707	gpt2	2708	1354	14	rediscover	subj_rel	expected	The customer that reschedules the consultant rediscovers	0.3069910741739174	0.3069910741739174	6.77063974738121	6.77063974738121
2708	gpt2	2709	1355	14	redound	subj_rel	unexpected	The customer that reschedules the consultant redound	7.782619331919225e-05	7.782619331919225e-05	14.738734722137451	14.738734722137451
2709	gpt2	2710	1355	14	redound	subj_rel	expected	The customer that reschedules the consultant redounds	0.00012414181082929225	0.00012414181082929225	14.38532543182373	14.38532543182373
2710	gpt2	2711	1356	14	redo	subj_rel	unexpected	The customer that reschedules the consultant redo	0.060528026803240195	0.060528026803240195	9.893617510795593	9.893617510795593
2711	gpt2	2712	1356	14	redo	subj_rel	expected	The customer that reschedules the consultant redoes	0.0024475924697071423	0.0024475924697071423	12.208993911743164	12.208993911743164
2712	gpt2	2713	1357	14	redraw	subj_rel	unexpected	The customer that reschedules the consultant redraw	0.041091671123012895	0.041091671123012895	10.173021912574768	10.173021912574768
2713	gpt2	2714	1357	14	redraw	subj_rel	expected	The customer that reschedules the consultant redraws	0.3157331284774045	0.3157331284774045	6.85174834728241	6.85174834728241
2714	gpt2	2715	1358	14	reduce	subj_rel	unexpected	The customer that reschedules the consultant reduce	3.7594079458358473e-06	3.7594079458358473e-06	18.02106285095215	18.02106285095215
2715	gpt2	2716	1358	14	reduce	subj_rel	expected	The customer that reschedules the consultant reduces	8.341092325281352e-05	8.341092325281352e-05	13.54940414428711	13.54940414428711
2716	gpt2	2717	1359	14	re-emerge	subj_rel	unexpected	The customer that reschedules the consultant re-emerge	0.23221114382613445	0.23221114382613445	6.954690396785735	6.954690396785735
2717	gpt2	2718	1359	14	re-emerge	subj_rel	expected	The customer that reschedules the consultant re-emerges	0.23221114382613445	0.23221114382613445	6.954690396785735	6.954690396785735
2718	gpt2	2719	1360	14	re-enter	subj_rel	unexpected	The customer that reschedules the consultant re-enter	0.23221114382613445	0.23221114382613445	6.954690396785735	6.954690396785735
2719	gpt2	2720	1360	14	re-enter	subj_rel	expected	The customer that reschedules the consultant re-enters	0.23221114382613445	0.23221114382613445	6.954690396785735	6.954690396785735
2720	gpt2	2721	1361	14	re-establish	subj_rel	unexpected	The customer that reschedules the consultant re-establish	0.23221114382613445	0.23221114382613445	6.954690396785735	6.954690396785735
2721	gpt2	2722	1361	14	re-establish	subj_rel	expected	The customer that reschedules the consultant re-establishes	0.23221114382613445	0.23221114382613445	6.954690396785735	6.954690396785735
2722	gpt2	2723	1362	14	reestablish	subj_rel	unexpected	The customer that reschedules the consultant reestablish	0.00035647142794904997	0.00035647142794904997	11.78586721420288	11.78586721420288
2723	gpt2	2724	1362	14	reestablish	subj_rel	expected	The customer that reschedules the consultant reestablishes	0.48285810663946904	0.48285810663946904	5.710881341081403	5.710881341081403
2724	gpt2	2725	1363	14	re-evaluate	subj_rel	unexpected	The customer that reschedules the consultant re-evaluate	0.23221114382613445	0.23221114382613445	6.954690396785735	6.954690396785735
2725	gpt2	2726	1363	14	re-evaluate	subj_rel	expected	The customer that reschedules the consultant re-evaluates	0.23221114382613445	0.23221114382613445	6.954690396785735	6.954690396785735
2726	gpt2	2727	1364	14	re-examine	subj_rel	unexpected	The customer that reschedules the consultant re-examine	0.23221114382613445	0.23221114382613445	6.954690396785735	6.954690396785735
2727	gpt2	2728	1364	14	re-examine	subj_rel	expected	The customer that reschedules the consultant re-examines	0.23221114382613445	0.23221114382613445	6.954690396785735	6.954690396785735
2728	gpt2	2729	1365	14	refer	subj_rel	unexpected	The customer that reschedules the consultant refer	2.9677163183805533e-05	2.9677163183805533e-05	15.040287017822266	15.040287017822266
2729	gpt2	2730	1365	14	refer	subj_rel	expected	The customer that reschedules the consultant refers	0.0002798472123686	0.0002798472123686	11.803072929382324	11.803072929382324
2730	gpt2	2731	1366	14	refinance	subj_rel	unexpected	The customer that reschedules the consultant refinance	0.005215485402004556	0.005215485402004556	10.766159772872925	10.766159772872925
2731	gpt2	2732	1366	14	refinance	subj_rel	expected	The customer that reschedules the consultant refinances	0.007171166882471856	0.007171166882471856	10.535857200622559	10.535857200622559
2732	gpt2	2733	1367	14	refine	subj_rel	unexpected	The customer that reschedules the consultant refine	2.2269070143465802e-07	2.2269070143465802e-07	22.09845542907715	22.09845542907715
2733	gpt2	2734	1367	14	refine	subj_rel	expected	The customer that reschedules the consultant refines	0.0038445306090579556	0.0038445306090579556	10.986941576004028	10.986941576004028
2734	gpt2	2735	1368	14	reflect	subj_rel	unexpected	The customer that reschedules the consultant reflect	2.900660092564067e-06	2.900660092564067e-06	18.395187377929688	18.395187377929688
2735	gpt2	2736	1368	14	reflect	subj_rel	expected	The customer that reschedules the consultant reflects	4.162922778050415e-05	4.162922778050415e-05	14.552043914794922	14.552043914794922
2736	gpt2	2737	1369	14	refocuses	subj_rel	unexpected	The customer that reschedules the consultant refocuses	0.33240928489006666	0.33240928489006666	7.510228179705639	7.510228179705639
2737	gpt2	2738	1369	14	refocuses	subj_rel	expected	The customer that reschedules the consultant refocuseses	0.249308229481926	0.249308229481926	10.030546920606866	10.030546920606866
2738	gpt2	2739	1370	15	refocus	subj_rel	unexpected	The consultant that drops the farmers refocus	0.0017171224781122733	0.0017171224781122733	12.207099437713623	12.207099437713623
2739	gpt2	2740	1370	15	refocus	subj_rel	expected	The consultant that drops the farmers refocuses	0.3286387669134759	0.3286387669134759	8.56781365411977	8.56781365411977
2740	gpt2	2741	1371	15	reform	subj_rel	unexpected	The consultant that drops the farmers reform	1.1662924407573882e-05	1.1662924407573882e-05	16.387710571289062	16.387710571289062
2741	gpt2	2742	1371	15	reform	subj_rel	expected	The consultant that drops the farmers reforms	8.490762411383912e-06	8.490762411383912e-06	16.845674514770508	16.845674514770508
2742	gpt2	2743	1372	15	refrain	subj_rel	unexpected	The consultant that drops the farmers refrain	9.111204235523472e-06	9.111204235523472e-06	16.743927001953125	16.743927001953125
2743	gpt2	2744	1372	15	refrain	subj_rel	expected	The consultant that drops the farmers refrains	0.33927485360557813	0.33927485360557813	7.251442514515172	7.251442514515172
2744	gpt2	2745	1373	15	refund	subj_rel	unexpected	The consultant that drops the farmers refund	7.325751539610792e-06	7.325751539610792e-06	17.058591842651367	17.058591842651367
2745	gpt2	2746	1373	15	refund	subj_rel	expected	The consultant that drops the farmers refunds	3.830925834336085e-07	3.830925834336085e-07	21.31580352783203	21.31580352783203
2746	gpt2	2747	1374	15	refurbish	subj_rel	unexpected	The consultant that drops the farmers refurbish	0.07429206474876082	0.07429206474876082	12.862898230552673	12.862898230552673
2747	gpt2	2748	1374	15	refurbish	subj_rel	expected	The consultant that drops the farmers refurbishes	0.12454871936893142	0.12454871936893142	12.490182995796204	12.490182995796204
2748	gpt2	2749	1375	15	refuse	subj_rel	unexpected	The consultant that drops the farmers refuse	0.0002019614184973	0.0002019614184973	12.273633003234863	12.273633003234863
2749	gpt2	2750	1375	15	refuse	subj_rel	expected	The consultant that drops the farmers refuses	3.269675653427839e-05	3.269675653427839e-05	14.900492668151855	14.900492668151855
2750	gpt2	2751	1376	15	refute	subj_rel	unexpected	The consultant that drops the farmers refute	3.0660139600513503e-06	3.0660139600513503e-06	18.315204620361328	18.315204620361328
2751	gpt2	2752	1376	15	refute	subj_rel	expected	The consultant that drops the farmers refutes	0.11322006138198047	0.11322006138198047	9.18289303779602	9.18289303779602
2752	gpt2	2753	1377	15	regain	subj_rel	unexpected	The consultant that drops the farmers regain	1.339702180302993e-07	1.339702180302993e-07	22.83158493041992	22.83158493041992
2753	gpt2	2754	1377	15	regain	subj_rel	expected	The consultant that drops the farmers regains	0.009111702584505074	0.009111702584505074	11.117454767227173	11.117454767227173
2754	gpt2	2755	1378	15	regard	subj_rel	unexpected	The consultant that drops the farmers regard	1.2478689086492525e-06	1.2478689086492525e-06	19.61210250854492	19.61210250854492
2755	gpt2	2756	1378	15	regard	subj_rel	expected	The consultant that drops the farmers regards	2.397763182671042e-06	2.397763182671042e-06	18.66987991333008	18.66987991333008
2756	gpt2	2757	1379	15	regenerate	subj_rel	unexpected	The consultant that drops the farmers regenerate	1.318358613389137e-07	1.318358613389137e-07	22.85475349426269	22.85475349426269
2757	gpt2	2758	1379	15	regenerate	subj_rel	expected	The consultant that drops the farmers regenerates	0.27707225637445276	0.27707225637445276	11.861817687749863	11.861817687749863
2758	gpt2	2759	1380	15	register	subj_rel	unexpected	The consultant that drops the farmers register	0.0002150097716366	0.0002150097716366	12.183310508728027	12.183310508728027
2759	gpt2	2760	1380	15	register	subj_rel	expected	The consultant that drops the farmers registers	2.03386207431322e-05	2.03386207431322e-05	15.585418701171877	15.585418701171877
2760	gpt2	2761	1381	15	regret	subj_rel	unexpected	The consultant that drops the farmers regret	6.646471888416272e-07	6.646471888416272e-07	20.52090835571289	20.52090835571289
2761	gpt2	2762	1381	15	regret	subj_rel	expected	The consultant that drops the farmers regrets	2.60594629253319e-06	2.60594629253319e-06	18.549760818481445	18.549760818481445
2762	gpt2	2763	1382	15	regroup	subj_rel	unexpected	The consultant that drops the farmers regroup	0.004502951309859775	0.004502951309859775	11.626330852508545	11.626330852508545
2763	gpt2	2764	1382	15	regroup	subj_rel	expected	The consultant that drops the farmers regroups	0.00025117164159382447	0.00025117164159382447	13.723655223846436	13.723655223846436
2764	gpt2	2765	1383	15	regulate	subj_rel	unexpected	The consultant that drops the farmers regulate	2.479620889062062e-06	2.479620889062062e-06	18.621448516845703	18.621448516845703
2765	gpt2	2766	1383	15	regulate	subj_rel	expected	The consultant that drops the farmers regulates	5.378518380894093e-06	5.378518380894093e-06	17.50436019897461	17.50436019897461
2766	gpt2	2767	1384	15	rehabilitate	subj_rel	unexpected	The consultant that drops the farmers rehabilitate	0.12046501933748388	0.12046501933748388	13.187856674194336	13.187856674194336
2767	gpt2	2768	1384	15	rehabilitate	subj_rel	expected	The consultant that drops the farmers rehabilitates	0.14606379865820074	0.14606379865820074	13.048864364624023	13.048864364624023
2768	gpt2	2769	1385	15	reignite	subj_rel	unexpected	The consultant that drops the farmers reignite	0.01773631279272079	0.01773631279272079	13.021687269210815	13.021687269210815
2769	gpt2	2770	1385	15	reignite	subj_rel	expected	The consultant that drops the farmers reignites	0.04946457487446309	0.04946457487446309	12.281837105751038	12.281837105751038
2770	gpt2	2771	1386	15	reimburse	subj_rel	unexpected	The consultant that drops the farmers reimburse	5.734602268603339e-07	5.734602268603339e-07	20.73380279541016	20.73380279541016
2771	gpt2	2772	1386	15	reimburse	subj_rel	expected	The consultant that drops the farmers reimburses	0.33976696659179595	0.33976696659179595	11.596026539802551	11.596026539802551
2772	gpt2	2773	1387	15	reimpose	subj_rel	unexpected	The consultant that drops the farmers reimpose	0.0006861355819402946	0.0006861355819402946	17.16085147857666	17.16085147857666
2773	gpt2	2774	1387	15	reimpose	subj_rel	expected	The consultant that drops the farmers reimposes	0.012254811098113544	0.012254811098113544	15.081479310989382	15.081479310989382
2774	gpt2	2775	1388	15	reinforce	subj_rel	unexpected	The consultant that drops the farmers reinforce	1.5279115928024114e-07	1.5279115928024114e-07	22.641935348510746	22.641935348510746
2775	gpt2	2776	1388	15	reinforce	subj_rel	expected	The consultant that drops the farmers reinforces	5.354257268663787e-07	5.354257268663787e-07	20.832809448242188	20.832809448242188
2776	gpt2	2777	1389	15	reinstate	subj_rel	unexpected	The consultant that drops the farmers reinstate	0.026079491106031548	0.026079491106031548	12.607326507568361	12.607326507568361
2777	gpt2	2778	1389	15	reinstate	subj_rel	expected	The consultant that drops the farmers reinstates	0.1294071305069906	0.1294071305069906	11.451856434345247	11.451856434345247
2778	gpt2	2779	1390	15	rein	subj_rel	unexpected	The consultant that drops the farmers rein	4.92388721795578e-07	4.92388721795578e-07	20.95369911193848	20.95369911193848
2779	gpt2	2780	1390	15	rein	subj_rel	expected	The consultant that drops the farmers reins	7.76242814026773e-06	7.76242814026773e-06	16.975059509277344	16.975059509277344
2780	gpt2	2781	1391	15	reinvent	subj_rel	unexpected	The consultant that drops the farmers reinvent	5.6026816963594683e-08	5.6026816963594683e-08	24.08930778503418	24.08930778503418
2781	gpt2	2782	1391	15	reinvent	subj_rel	expected	The consultant that drops the farmers reinvents	0.18879720093631627	0.18879720093631627	8.294408440589907	8.294408440589907
2782	gpt2	2783	1392	15	reinvest	subj_rel	unexpected	The consultant that drops the farmers reinvest	2.58504400107995e-07	2.58504400107995e-07	21.88330841064453	21.88330841064453
2783	gpt2	2784	1392	15	reinvest	subj_rel	expected	The consultant that drops the farmers reinvests	0.10109429579798264	0.10109429579798264	8.801209688186647	8.801209688186647
2784	gpt2	2785	1393	15	reinvigorate	subj_rel	unexpected	The consultant that drops the farmers reinvigorate	0.2465523306043735	0.2465523306043735	6.997188150882722	6.997188150882722
2785	gpt2	2786	1393	15	reinvigorate	subj_rel	expected	The consultant that drops the farmers reinvigorates	0.19803423078226953	0.19803423078226953	6.732977718114854	6.732977718114854
2786	gpt2	2787	1394	15	reject	subj_rel	unexpected	The consultant that drops the farmers reject	3.421966539463028e-05	3.421966539463028e-05	14.83481502532959	14.83481502532959
2787	gpt2	2788	1394	15	reject	subj_rel	expected	The consultant that drops the farmers rejects	4.555350460577756e-05	4.555350460577756e-05	14.422078132629396	14.422078132629396
2788	gpt2	2789	1395	15	rejoin	subj_rel	unexpected	The consultant that drops the farmers rejoin	0.00030857076126262676	0.00030857076126262676	12.840069770812988	12.840069770812988
2789	gpt2	2790	1395	15	rejoin	subj_rel	expected	The consultant that drops the farmers rejoins	0.06240890182905899	0.06240890182905899	11.957101225852966	11.957101225852966
2790	gpt2	2791	1396	15	rejuvenate	subj_rel	unexpected	The consultant that drops the farmers rejuvenate	0.02719064675396507	0.02719064675396507	13.893283605575563	13.893283605575563
2791	gpt2	2792	1396	15	rejuvenate	subj_rel	expected	The consultant that drops the farmers rejuvenates	0.08655644454186982	0.08655644454186982	13.058017492294313	13.058017492294313
2792	gpt2	2793	1397	15	rekindle	subj_rel	unexpected	The consultant that drops the farmers rekindle	0.01258561130816812	0.01258561130816812	9.919754187266031	9.919754187266031
2793	gpt2	2794	1397	15	rekindle	subj_rel	expected	The consultant that drops the farmers rekindles	0.131841598614604	0.131841598614604	8.778726776440939	8.778726776440939
2794	gpt2	2795	1398	15	relate	subj_rel	unexpected	The consultant that drops the farmers relate	4.465397296371521e-07	4.465397296371521e-07	21.094707489013672	21.094707489013672
2795	gpt2	2796	1398	15	relate	subj_rel	expected	The consultant that drops the farmers relates	1.3360232742343214e-06	1.3360232742343214e-06	19.51362419128418	19.51362419128418
2796	gpt2	2797	1399	15	relaunch	subj_rel	unexpected	The consultant that drops the farmers relaunch	0.00026180300005757863	0.00026180300005757863	15.005206108093262	15.005206108093262
2797	gpt2	2798	1399	15	relaunch	subj_rel	expected	The consultant that drops the farmers relaunches	0.052614488960746976	0.052614488960746976	10.063270250956219	10.063270250956219
2798	gpt2	2799	1400	15	relax	subj_rel	unexpected	The consultant that drops the farmers relax	9.951611446012976e-07	9.951611446012976e-07	19.938566207885746	19.938566207885746
2799	gpt2	2800	1400	15	relax	subj_rel	expected	The consultant that drops the farmers relaxes	0.07109457093577021	0.07109457093577021	11.376346468925478	11.376346468925478
2800	gpt2	2801	1401	15	release	subj_rel	unexpected	The consultant that drops the farmers release	7.194401405286044e-05	7.194401405286044e-05	13.762765884399414	13.762765884399414
2801	gpt2	2802	1401	15	release	subj_rel	expected	The consultant that drops the farmers releases	1.3794069673167542e-05	1.3794069673167542e-05	16.145591735839844	16.145591735839844
2802	gpt2	2803	1402	15	relieve	subj_rel	unexpected	The consultant that drops the farmers relieve	2.0240921116965185e-07	2.0240921116965185e-07	22.23622131347656	22.23622131347656
2803	gpt2	2804	1402	15	relieve	subj_rel	expected	The consultant that drops the farmers relieves	0.4812652330941773	0.4812652330941773	10.400718254968526	10.400718254968526
2804	gpt2	2805	1403	15	relinquish	subj_rel	unexpected	The consultant that drops the farmers relinquish	0.0463320676013019	0.0463320676013019	13.506560206413269	13.506560206413269
2805	gpt2	2806	1403	15	relinquish	subj_rel	expected	The consultant that drops the farmers relinquishes	0.14193363001189496	0.14193363001189496	12.698993027210236	12.698993027210236
2806	gpt2	2807	1404	15	relish	subj_rel	unexpected	The consultant that drops the farmers relish	0.01629725216730548	0.01629725216730548	12.02279829978943	12.02279829978943
2807	gpt2	2808	1404	15	relish	subj_rel	expected	The consultant that drops the farmers relishes	0.07948004386230423	0.07948004386230423	10.87978518009186	10.87978518009186
2808	gpt2	2809	1405	15	relocate	subj_rel	unexpected	The consultant that drops the farmers relocate	4.850842287851265e-07	4.850842287851265e-07	20.975261688232425	20.975261688232425
2809	gpt2	2810	1405	15	relocate	subj_rel	expected	The consultant that drops the farmers relocates	0.32130372230479526	0.32130372230479526	8.379693135619165	8.379693135619165
2810	gpt2	2811	1406	15	rely	subj_rel	unexpected	The consultant that drops the farmers rely	1.5695737602072768e-05	1.5695737602072768e-05	15.959267616271973	15.959267616271973
2811	gpt2	2812	1406	15	rely	subj_rel	expected	The consultant that drops the farmers relies	3.11851836158894e-05	3.11851836158894e-05	14.968779563903809	14.968779563903809
2812	gpt2	2813	1407	15	remake	subj_rel	unexpected	The consultant that drops the farmers remake	1.3634286233354942e-07	1.3634286233354942e-07	22.806257247924805	22.806257247924805
2813	gpt2	2814	1407	15	remake	subj_rel	expected	The consultant that drops the farmers remakes	0.029662300393056267	0.029662300393056267	10.988472938537598	10.988472938537598
2814	gpt2	2815	1408	15	remain	subj_rel	unexpected	The consultant that drops the farmers remain	6.595833383471472e-06	6.595833383471472e-06	17.21001434326172	17.21001434326172
2815	gpt2	2816	1408	15	remain	subj_rel	expected	The consultant that drops the farmers remains	7.31835316400975e-05	7.31835316400975e-05	13.738121032714844	13.738121032714844
2816	gpt2	2817	1409	15	remark	subj_rel	unexpected	The consultant that drops the farmers remark	2.077349381579552e-05	2.077349381579552e-05	15.554896354675291	15.554896354675291
2817	gpt2	2818	1409	15	remark	subj_rel	expected	The consultant that drops the farmers remarks	1.9765575416386127e-05	1.9765575416386127e-05	15.6266508102417	15.6266508102417
2818	gpt2	2819	1410	15	remedy	subj_rel	unexpected	The consultant that drops the farmers remedy	3.501257197058294e-06	3.501257197058294e-06	18.12369537353516	18.12369537353516
2819	gpt2	2820	1410	15	remedy	subj_rel	expected	The consultant that drops the farmers remedies	3.656403350760229e-06	3.656403350760229e-06	18.06114387512207	18.06114387512207
2820	gpt2	2821	1411	15	remember	subj_rel	unexpected	The consultant that drops the farmers remember	3.936989742214792e-06	3.936989742214792e-06	17.95447540283203	17.95447540283203
2821	gpt2	2822	1411	15	remember	subj_rel	expected	The consultant that drops the farmers remembers	3.053734417335363e-06	3.053734417335363e-06	18.320993423461918	18.320993423461918
2822	gpt2	2823	1412	15	remind	subj_rel	unexpected	The consultant that drops the farmers remind	1.1790903045039158e-06	1.1790903045039158e-06	19.693893432617188	19.693893432617188
2823	gpt2	2824	1412	15	remind	subj_rel	expected	The consultant that drops the farmers reminds	4.955187705490971e-06	4.955187705490971e-06	17.622629165649414	17.622629165649414
2824	gpt2	2825	1413	15	remove	subj_rel	unexpected	The consultant that drops the farmers remove	4.422999609232647e-06	4.422999609232647e-06	17.786542892456055	17.786542892456055
2825	gpt2	2826	1413	15	remove	subj_rel	expected	The consultant that drops the farmers removes	6.02287354922737e-06	6.02287354922737e-06	17.341115951538086	17.341115951538086
2826	gpt2	2827	1414	15	renege	subj_rel	unexpected	The consultant that drops the farmers renege	0.020368533725559218	0.020368533725559218	8.348169644673666	8.348169644673666
2827	gpt2	2828	1414	15	renege	subj_rel	expected	The consultant that drops the farmers reneges	0.05882080261411221	0.05882080261411221	7.650741974512736	7.650741974512736
2828	gpt2	2829	1415	15	renegotiate	subj_rel	unexpected	The consultant that drops the farmers renegotiate	0.04754071408915994	0.04754071408915994	14.343785047531128	14.343785047531128
2829	gpt2	2830	1415	15	renegotiate	subj_rel	expected	The consultant that drops the farmers renegotiates	0.16459120536256308	0.16459120536256308	13.447959125041962	13.447959125041962
2830	gpt2	2831	1416	15	renew	subj_rel	unexpected	The consultant that drops the farmers renew	2.9134046144463355e-06	2.9134046144463355e-06	18.38886260986328	18.38886260986328
2831	gpt2	2832	1416	15	renew	subj_rel	expected	The consultant that drops the farmers renews	0.3028669023161683	0.3028669023161683	9.55605685710907	9.55605685710907
2832	gpt2	2833	1417	15	renounce	subj_rel	unexpected	The consultant that drops the farmers renounce	0.041937016140508356	0.041937016140508356	12.017847180366518	12.017847180366518
2833	gpt2	2834	1417	15	renounce	subj_rel	expected	The consultant that drops the farmers renounces	0.20964093897848102	0.20964093897848102	10.857030332088472	10.857030332088472
2834	gpt2	2835	1418	15	renovate	subj_rel	unexpected	The consultant that drops the farmers renovate	0.1313304545553109	0.1313304545553109	12.219873130321504	12.219873130321504
2835	gpt2	2836	1418	15	renovate	subj_rel	expected	The consultant that drops the farmers renovates	0.15758060833529441	0.15758060833529441	12.088428854942324	12.088428854942324
2836	gpt2	2837	1419	15	rent	subj_rel	unexpected	The consultant that drops the farmers rent	0.000271089549642	0.000271089549642	11.848942756652832	11.848942756652832
2837	gpt2	2838	1419	15	rent	subj_rel	expected	The consultant that drops the farmers rents	2.810412479448132e-05	2.810412479448132e-05	15.118858337402344	15.118858337402344
2838	gpt2	2839	1420	15	reopen	subj_rel	unexpected	The consultant that drops the farmers reopen	5.176000854589802e-07	5.176000854589802e-07	20.88165855407715	20.88165855407715
2839	gpt2	2840	1420	15	reopen	subj_rel	expected	The consultant that drops the farmers reopens	0.0031823751814954266	0.0031823751814954266	11.122334718704224	11.122334718704224
2840	gpt2	2841	1421	15	reorganize	subj_rel	unexpected	The consultant that drops the farmers reorganize	0.056492782287131504	0.056492782287131504	14.114856719970703	14.114856719970703
2841	gpt2	2842	1421	15	reorganize	subj_rel	expected	The consultant that drops the farmers reorganizes	0.18126161312295075	0.18126161312295075	13.273889064788818	13.273889064788818
2842	gpt2	2843	1422	15	repair	subj_rel	unexpected	The consultant that drops the farmers repair	1.4622384014728596e-06	1.4622384014728596e-06	19.383390426635746	19.383390426635746
2843	gpt2	2844	1422	15	repair	subj_rel	expected	The consultant that drops the farmers repairs	3.244227571030933e-07	3.244227571030933e-07	21.55562210083008	21.55562210083008
2844	gpt2	2845	1423	15	repatriate	subj_rel	unexpected	The consultant that drops the farmers repatriate	0.05349686806552967	0.05349686806552967	13.30935072898865	13.30935072898865
2845	gpt2	2846	1423	15	repatriate	subj_rel	expected	The consultant that drops the farmers repatriates	0.14319717948787766	0.14319717948787766	12.599112033843996	12.599112033843996
2846	gpt2	2847	1424	15	repay	subj_rel	unexpected	The consultant that drops the farmers repay	2.60366095972131e-06	2.60366095972131e-06	18.551027297973636	18.551027297973636
2847	gpt2	2848	1424	15	repay	subj_rel	expected	The consultant that drops the farmers repays	0.0002439801232866991	0.0002439801232866991	13.79242467880249	13.79242467880249
2848	gpt2	2849	1425	15	repeal	subj_rel	unexpected	The consultant that drops the farmers repeal	1.943991264852229e-06	1.943991264852229e-06	18.97254753112793	18.97254753112793
2849	gpt2	2850	1425	15	repeal	subj_rel	expected	The consultant that drops the farmers repeals	0.0008331650699346845	0.0008331650699346845	13.529641151428223	13.529641151428223
2850	gpt2	2851	1426	15	repeat	subj_rel	unexpected	The consultant that drops the farmers repeat	1.1466388514236314e-06	1.1466388514236314e-06	19.73415756225586	19.73415756225586
2851	gpt2	2852	1426	15	repeat	subj_rel	expected	The consultant that drops the farmers repeats	6.825821401434951e-07	6.825821401434951e-07	20.482494354248047	20.482494354248047
2852	gpt2	2853	1427	15	repel	subj_rel	unexpected	The consultant that drops the farmers repel	0.001903383081753399	0.001903383081753399	12.296989917755127	12.296989917755127
2853	gpt2	2854	1427	15	repel	subj_rel	expected	The consultant that drops the farmers repels	0.006943220642369849	0.006943220642369849	11.362037420272827	11.362037420272827
2854	gpt2	2855	1428	15	replace	subj_rel	unexpected	The consultant that drops the farmers replace	1.409034666721709e-06	1.409034666721709e-06	19.436861038208008	19.436861038208008
2855	gpt2	2856	1428	15	replace	subj_rel	expected	The consultant that drops the farmers replaces	1.1997068440905425e-06	1.1997068440905425e-06	19.668886184692383	19.668886184692383
2856	gpt2	2857	1429	15	replaster	subj_rel	unexpected	The consultant that drops the farmers replaster	7.859593782197084e-05	7.859593782197084e-05	16.726866722106934	16.726866722106934
2857	gpt2	2858	1429	15	replaster	subj_rel	expected	The consultant that drops the farmers replasters	0.00026054570074052083	0.00026054570074052083	15.860618591308594	15.860618591308594
2858	gpt2	2859	1430	15	replenish	subj_rel	unexpected	The consultant that drops the farmers replenish	0.05696707067704665	0.05696707067704665	11.848769426345825	11.848769426345825
2859	gpt2	2860	1430	15	replenish	subj_rel	expected	The consultant that drops the farmers replenishes	0.3681072242341088	0.3681072242341088	10.50280299782753	10.50280299782753
2860	gpt2	2861	1431	15	replicate	subj_rel	unexpected	The consultant that drops the farmers replicate	4.3876418942545576e-08	4.3876418942545576e-08	24.441978454589844	24.441978454589844
2861	gpt2	2862	1431	15	replicate	subj_rel	expected	The consultant that drops the farmers replicates	0.17040966759989828	0.17040966759989828	11.18324089050293	11.18324089050293
2862	gpt2	2863	1432	15	reply	subj_rel	unexpected	The consultant that drops the farmers reply	1.3023049177718349e-05	1.3023049177718349e-05	16.228572845458984	16.228572845458984
2863	gpt2	2864	1432	15	reply	subj_rel	expected	The consultant that drops the farmers replies	2.762884378171293e-06	2.762884378171293e-06	18.46539306640625	18.46539306640625
2864	gpt2	2865	1433	15	repond	subj_rel	unexpected	The consultant that drops the farmers repond	0.00038434308089559913	0.00038434308089559913	13.458893775939941	13.458893775939941
2865	gpt2	2866	1433	15	repond	subj_rel	expected	The consultant that drops the farmers reponds	0.0002109566762555491	0.0002109566762555491	13.899796962738037	13.899796962738037
2866	gpt2	2867	1434	15	report	subj_rel	unexpected	The consultant that drops the farmers report	0.0026440110523253	0.0026440110523253	8.563055992126465	8.563055992126465
2867	gpt2	2868	1434	15	report	subj_rel	expected	The consultant that drops the farmers reports	0.0003944841446354	0.0003944841446354	11.307744979858398	11.307744979858398
2868	gpt2	2869	1435	15	reposition	subj_rel	unexpected	The consultant that drops the farmers reposition	0.001783867037829599	0.001783867037829599	12.343901634216309	12.343901634216309
2869	gpt2	2870	1435	15	reposition	subj_rel	expected	The consultant that drops the farmers repositions	0.07367089229137487	0.07367089229137487	8.557305018107096	8.557305018107096
2870	gpt2	2871	1436	15	repossess	subj_rel	unexpected	The consultant that drops the farmers repossess	0.031029561470556133	0.031029561470556133	9.290924390157064	9.290924390157064
2871	gpt2	2872	1436	15	repossess	subj_rel	expected	The consultant that drops the farmers repossesses	0.042023591012366496	0.042023591012366496	9.138838529586792	9.138838529586792
2872	gpt2	2873	1437	15	represent	subj_rel	unexpected	The consultant that drops the farmers represent	1.1719743270077744e-05	1.1719743270077744e-05	16.380699157714844	16.380699157714844
2873	gpt2	2874	1437	15	represent	subj_rel	expected	The consultant that drops the farmers represents	4.248969707987271e-05	4.248969707987271e-05	14.522527694702148	14.522527694702148
2874	gpt2	2875	1438	15	reproduce	subj_rel	unexpected	The consultant that drops the farmers reproduce	6.638566105721111e-07	6.638566105721111e-07	20.522624969482425	20.522624969482425
2875	gpt2	2876	1438	15	reproduce	subj_rel	expected	The consultant that drops the farmers reproduces	0.3125634686881682	0.3125634686881682	11.229378432035446	11.229378432035446
2876	gpt2	2877	1439	15	repurchase	subj_rel	unexpected	The consultant that drops the farmers repurchase	0.0003327883227938991	0.0003327883227938991	13.564323425292969	13.564323425292969
2877	gpt2	2878	1439	15	repurchase	subj_rel	expected	The consultant that drops the farmers repurchases	0.14263014520020076	0.14263014520020076	9.445643186569214	9.445643186569214
2878	gpt2	2879	1440	15	request	subj_rel	unexpected	The consultant that drops the farmers request	0.0002364160463912	0.0002364160463912	12.046384811401367	12.046384811401367
2879	gpt2	2880	1440	15	request	subj_rel	expected	The consultant that drops the farmers requests	2.509320074750576e-05	2.509320074750576e-05	15.282343864440918	15.282343864440918
2880	gpt2	2881	1441	15	require	subj_rel	unexpected	The consultant that drops the farmers require	1.0282448783982543e-05	1.0282448783982543e-05	16.569456100463867	16.569456100463867
2881	gpt2	2882	1441	15	require	subj_rel	expected	The consultant that drops the farmers requires	0.0001084573814296	0.0001084573814296	13.170583724975586	13.170583724975586
2882	gpt2	2883	1442	15	reschedule	subj_rel	unexpected	The consultant that drops the farmers reschedule	0.336501406824027	0.336501406824027	7.1625703653941555	7.1625703653941555
2883	gpt2	2884	1442	15	reschedule	subj_rel	expected	The consultant that drops the farmers reschedules	0.06701218741181944	0.06701218741181944	7.9997546672821045	7.9997546672821045
2884	gpt2	2885	1443	15	rescind	subj_rel	unexpected	The consultant that drops the farmers rescind	1.0863247013048749e-07	1.0863247013048749e-07	23.13404083251953	23.13404083251953
2885	gpt2	2886	1443	15	rescind	subj_rel	expected	The consultant that drops the farmers rescinds	0.2217690146729474	0.2217690146729474	12.15345573425293	12.15345573425293
2886	gpt2	2887	1444	15	rescue	subj_rel	unexpected	The consultant that drops the farmers rescue	2.788955043797614e-06	2.788955043797614e-06	18.45184326171875	18.45184326171875
2887	gpt2	2888	1444	15	rescue	subj_rel	expected	The consultant that drops the farmers rescues	0.4009126570916024	0.4009126570916024	11.25764022767544	11.25764022767544
2888	gpt2	2889	1445	15	research	subj_rel	unexpected	The consultant that drops the farmers research	2.4226344976341352e-05	2.4226344976341352e-05	15.333064079284668	15.333064079284668
2889	gpt2	2890	1445	15	research	subj_rel	expected	The consultant that drops the farmers researches	0.49678170030830415	0.49678170030830415	11.58797397557646	11.58797397557646
2890	gpt2	2891	1446	15	resell	subj_rel	unexpected	The consultant that drops the farmers resell	0.2185466614610334	0.2185466614610334	11.580798506736754	11.580798506736754
2891	gpt2	2892	1446	15	resell	subj_rel	expected	The consultant that drops the farmers resells	0.22878786108536056	0.22878786108536056	8.388604799906412	8.388604799906412
2892	gpt2	2893	1447	15	resemble	subj_rel	unexpected	The consultant that drops the farmers resemble	2.2390815956896406e-07	2.2390815956896406e-07	22.09058952331543	22.09058952331543
2893	gpt2	2894	1447	15	resemble	subj_rel	expected	The consultant that drops the farmers resembles	1.1078557236032791e-06	1.1078557236032791e-06	19.78379821777344	19.78379821777344
2894	gpt2	2895	1448	15	resent	subj_rel	unexpected	The consultant that drops the farmers resent	4.856952386944613e-07	4.856952386944613e-07	20.973445892333984	20.973445892333984
2895	gpt2	2896	1448	15	resent	subj_rel	expected	The consultant that drops the farmers resents	0.10136012780731106	0.10136012780731106	9.149118065834045	9.149118065834045
2896	gpt2	2897	1449	15	reserve	subj_rel	unexpected	The consultant that drops the farmers reserve	2.203075564466417e-05	2.203075564466417e-05	15.470121383666992	15.470121383666992
2897	gpt2	2898	1449	15	reserve	subj_rel	expected	The consultant that drops the farmers reserves	1.4332733371702489e-05	1.4332733371702489e-05	16.0903263092041	16.0903263092041
2898	gpt2	2899	1450	15	reset	subj_rel	unexpected	The consultant that drops the farmers reset	4.896561222267337e-06	4.896561222267337e-06	17.639799118041992	17.639799118041992
2899	gpt2	2900	1450	15	reset	subj_rel	expected	The consultant that drops the farmers resets	0.1089136009222784	0.1089136009222784	9.097267389297485	9.097267389297485
2900	gpt2	2901	1451	15	reshape	subj_rel	unexpected	The consultant that drops the farmers reshape	0.03589607920117643	0.03589607920117643	13.645232200622557	13.645232200622557
2901	gpt2	2902	1451	15	reshape	subj_rel	expected	The consultant that drops the farmers reshapes	0.16095223795242572	0.16095223795242572	12.562864303588865	12.562864303588865
2902	gpt2	2903	1452	15	reshuffle	subj_rel	unexpected	The consultant that drops the farmers reshuffle	0.024481439549401074	0.024481439549401074	13.921301603317259	13.921301603317259
2903	gpt2	2904	1452	15	reshuffle	subj_rel	expected	The consultant that drops the farmers reshuffles	0.2867421939695376	0.2867421939695376	8.75814922650655	8.75814922650655
2904	gpt2	2905	1453	15	reside	subj_rel	unexpected	The consultant that drops the farmers reside	1.2476540689476678e-07	1.2476540689476678e-07	22.93427848815918	22.93427848815918
2905	gpt2	2906	1453	15	reside	subj_rel	expected	The consultant that drops the farmers resides	3.572341427116044e-07	3.572341427116044e-07	21.4166259765625	21.4166259765625
2906	gpt2	2907	1454	15	resign	subj_rel	unexpected	The consultant that drops the farmers resign	4.439972144609783e-06	4.439972144609783e-06	17.781017303466797	17.781017303466797
2907	gpt2	2908	1454	15	resign	subj_rel	expected	The consultant that drops the farmers resigns	0.4300230589619787	0.4300230589619787	8.99926944077015	8.99926944077015
2908	gpt2	2909	1455	15	resist	subj_rel	unexpected	The consultant that drops the farmers resist	3.5957634736405453e-06	3.5957634736405453e-06	18.08526992797852	18.08526992797852
2909	gpt2	2910	1455	15	resist	subj_rel	expected	The consultant that drops the farmers resists	9.61200839810772e-07	9.61200839810772e-07	19.988658905029297	19.988658905029297
2910	gpt2	2911	1456	15	resolve	subj_rel	unexpected	The consultant that drops the farmers resolve	4.4851858547190204e-06	4.4851858547190204e-06	17.766401290893555	17.766401290893555
2911	gpt2	2912	1456	15	resolve	subj_rel	expected	The consultant that drops the farmers resolves	3.889384174726729e-07	3.889384174726729e-07	21.293954849243164	21.293954849243164
2912	gpt2	2913	1457	15	resort	subj_rel	unexpected	The consultant that drops the farmers resort	3.1699350984126795e-06	3.1699350984126795e-06	18.267114639282227	18.267114639282227
2913	gpt2	2914	1457	15	resort	subj_rel	expected	The consultant that drops the farmers resorts	5.226835355642834e-07	5.226835355642834e-07	20.8675594329834	20.8675594329834
2914	gpt2	2915	1458	15	respect	subj_rel	unexpected	The consultant that drops the farmers respect	4.326181169744814e-06	4.326181169744814e-06	17.81847381591797	17.81847381591797
2915	gpt2	2916	1458	15	respect	subj_rel	expected	The consultant that drops the farmers respects	1.1262209227425046e-06	1.1262209227425046e-06	19.76007843017578	19.76007843017578
2916	gpt2	2917	1459	15	respond	subj_rel	unexpected	The consultant that drops the farmers respond	6.759104508091696e-06	6.759104508091696e-06	17.17473602294922	17.17473602294922
2917	gpt2	2918	1459	15	respond	subj_rel	expected	The consultant that drops the farmers responds	4.227416411595186e-06	4.227416411595186e-06	17.851791381835938	17.851791381835938
2918	gpt2	2919	1460	15	restart	subj_rel	unexpected	The consultant that drops the farmers restart	3.6614960663428064e-07	3.6614960663428064e-07	21.38106346130371	21.38106346130371
2919	gpt2	2920	1460	15	restart	subj_rel	expected	The consultant that drops the farmers restarts	0.08788473428285211	0.08788473428285211	9.242058038711548	9.242058038711548
2920	gpt2	2921	1461	15	restate	subj_rel	unexpected	The consultant that drops the farmers restate	0.000851149103254965	0.000851149103254965	12.593628406524658	12.593628406524658
2921	gpt2	2922	1461	15	restate	subj_rel	expected	The consultant that drops the farmers restates	0.005416641375632015	0.005416641375632015	11.25309944152832	11.25309944152832
2922	gpt2	2923	1462	15	restore	subj_rel	unexpected	The consultant that drops the farmers restore	1.9290460784304747e-07	1.9290460784304747e-07	22.30560874938965	22.30560874938965
2923	gpt2	2924	1462	15	restore	subj_rel	expected	The consultant that drops the farmers restores	7.597751050525403e-07	7.597751050525403e-07	20.327924728393555	20.327924728393555
2924	gpt2	2925	1463	15	restrain	subj_rel	unexpected	The consultant that drops the farmers restrain	9.728024252808609e-08	9.728024252808609e-08	23.29327774047852	23.29327774047852
2925	gpt2	2926	1463	15	restrain	subj_rel	expected	The consultant that drops the farmers restrains	0.33448276289467077	0.33448276289467077	7.164113337174058	7.164113337174058
2926	gpt2	2927	1464	15	restrict	subj_rel	unexpected	The consultant that drops the farmers restrict	2.53246548709285e-06	2.53246548709285e-06	18.591026306152344	18.591026306152344
2927	gpt2	2928	1464	15	restrict	subj_rel	expected	The consultant that drops the farmers restricts	2.5883509806590155e-06	2.5883509806590155e-06	18.55953598022461	18.55953598022461
2928	gpt2	2929	1465	15	restructure	subj_rel	unexpected	The consultant that drops the farmers restructure	0.008401642451644865	0.008401642451644865	10.936095476150513	10.936095476150513
2929	gpt2	2930	1465	15	restructure	subj_rel	expected	The consultant that drops the farmers restructures	0.10164783755725403	0.10164783755725403	14.298468232154846	14.298468232154846
2930	gpt2	2931	1466	15	rest	subj_rel	unexpected	The consultant that drops the farmers rest	1.5517493011429906e-05	1.5517493011429906e-05	15.97574520111084	15.97574520111084
2931	gpt2	2932	1466	15	rest	subj_rel	expected	The consultant that drops the farmers rests	2.54616247730155e-06	2.54616247730155e-06	18.58324432373047	18.58324432373047
2932	gpt2	2933	1467	16	result	subj_rel	unexpected	The senators that emasculate the officer results	6.491166004707338e-06	6.491166004707338e-06	17.233091354370117	17.233091354370117
2933	gpt2	2934	1467	16	result	subj_rel	expected	The senators that emasculate the officer result	3.16855548589956e-05	3.16855548589956e-05	14.945815086364746	14.945815086364746
2934	gpt2	2935	1468	16	resume	subj_rel	unexpected	The senators that emasculate the officer resumes	2.0478948670188402e-07	2.0478948670188402e-07	22.2193546295166	22.2193546295166
2935	gpt2	2936	1468	16	resume	subj_rel	expected	The senators that emasculate the officer resume	9.545823331791323e-07	9.545823331791323e-07	19.99862670898437	19.99862670898437
2936	gpt2	2937	1469	16	resurrect	subj_rel	unexpected	The senators that emasculate the officer resurrects	0.0176494787186527	0.0176494787186527	13.319822311401367	13.319822311401367
2937	gpt2	2938	1469	16	resurrect	subj_rel	expected	The senators that emasculate the officer resurrect	2.709627437980089e-07	2.709627437980089e-07	21.81540298461914	21.81540298461914
2938	gpt2	2939	1470	16	retail	subj_rel	unexpected	The senators that emasculate the officer retails	7.548578469136308e-05	7.548578469136308e-05	14.039827823638916	14.039827823638916
2939	gpt2	2940	1470	16	retail	subj_rel	expected	The senators that emasculate the officer retail	6.900508537910355e-07	6.900508537910355e-07	20.46679306030273	20.46679306030273
2940	gpt2	2941	1471	16	retain	subj_rel	unexpected	The senators that emasculate the officer retains	3.195879116901778e-06	3.195879116901778e-06	18.255355834960938	18.255355834960938
2941	gpt2	2942	1471	16	retain	subj_rel	expected	The senators that emasculate the officer retain	1.7745125660439953e-05	1.7745125660439953e-05	15.782217979431152	15.782217979431152
2942	gpt2	2943	1472	16	rethink	subj_rel	unexpected	The senators that emasculate the officer rethinks	0.25977086670900457	0.25977086670900457	8.417576511700949	8.417576511700949
2943	gpt2	2944	1472	16	rethink	subj_rel	expected	The senators that emasculate the officer rethink	2.209863794178091e-07	2.209863794178091e-07	22.109539031982425	22.109539031982425
2944	gpt2	2945	1473	16	retire	subj_rel	unexpected	The senators that emasculate the officer retires	0.002355364233153513	0.002355364233153513	11.40935730934143	11.40935730934143
2945	gpt2	2946	1473	16	retire	subj_rel	expected	The senators that emasculate the officer retire	6.611420303670457e-06	6.611420303670457e-06	17.206607818603516	17.206607818603516
2946	gpt2	2947	1474	16	retreat	subj_rel	unexpected	The senators that emasculate the officer retreats	0.005253626613011859	0.005253626613011859	12.609210968017578	12.609210968017578
2947	gpt2	2948	1474	16	retreat	subj_rel	expected	The senators that emasculate the officer retreat	2.438429874018766e-06	2.438429874018766e-06	18.64561653137207	18.64561653137207
2948	gpt2	2949	1475	16	retrieve	subj_rel	unexpected	The senators that emasculate the officer retrieves	0.42438227909882187	0.42438227909882187	11.251382522284985	11.251382522284985
2949	gpt2	2950	1475	16	retrieve	subj_rel	expected	The senators that emasculate the officer retrieve	2.4419114197371528e-06	2.4419114197371528e-06	18.643558502197266	18.643558502197266
2950	gpt2	2951	1476	16	retrofit	subj_rel	unexpected	The senators that emasculate the officer retrofits	1.2186610561570888e-05	1.2186610561570888e-05	18.58821201324463	18.58821201324463
2951	gpt2	2952	1476	16	retrofit	subj_rel	expected	The senators that emasculate the officer retrofit	0.00019778760999140629	0.00019778760999140629	16.57045888900757	16.57045888900757
2952	gpt2	2953	1477	16	retry	subj_rel	unexpected	The senators that emasculate the officer retries	3.4130418498534716e-05	3.4130418498534716e-05	14.855916976928711	14.855916976928711
2953	gpt2	2954	1477	16	retry	subj_rel	expected	The senators that emasculate the officer retry	0.001796271501007113	0.001796271501007113	11.606215476989746	11.606215476989746
2954	gpt2	2955	1478	16	return	subj_rel	unexpected	The senators that emasculate the officer returns	8.330054697580636e-06	8.330054697580636e-06	16.87324333190918	16.87324333190918
2955	gpt2	2956	1478	16	return	subj_rel	expected	The senators that emasculate the officer return	3.3302840165561065e-05	3.3302840165561065e-05	14.873994827270508	14.873994827270508
2956	gpt2	2957	1479	16	reunite	subj_rel	unexpected	The senators that emasculate the officer reunites	0.020642487111416544	0.020642487111416544	12.828565835952759	12.828565835952759
2957	gpt2	2958	1479	16	reunite	subj_rel	expected	The senators that emasculate the officer reunite	0.3910109901455314	0.3910109901455314	10.706797912716866	10.706797912716866
2958	gpt2	2959	1480	16	revamp	subj_rel	unexpected	The senators that emasculate the officer revamps	6.509057857329026e-05	6.509057857329026e-05	14.002788066864014	14.002788066864014
2959	gpt2	2960	1480	16	revamp	subj_rel	expected	The senators that emasculate the officer revamp	0.0016857229456945309	0.0016857229456945309	11.382187843322754	11.382187843322754
2960	gpt2	2961	1481	16	reveal	subj_rel	unexpected	The senators that emasculate the officer reveals	1.1178995009686332e-05	1.1178995009686332e-05	16.448850631713867	16.448850631713867
2961	gpt2	2962	1481	16	reveal	subj_rel	expected	The senators that emasculate the officer reveal	3.738943632924929e-05	3.738943632924929e-05	14.707009315490724	14.707009315490724
2962	gpt2	2963	1482	16	reverberate	subj_rel	unexpected	The senators that emasculate the officer reverberates	0.004236533835772603	0.004236533835772603	14.534139156341553	14.534139156341553
2963	gpt2	2964	1482	16	reverberate	subj_rel	expected	The senators that emasculate the officer reverberate	0.17613938503736645	0.17613938503736645	11.84527713060379	11.84527713060379
2964	gpt2	2965	1483	16	reverse	subj_rel	unexpected	The senators that emasculate the officer reverses	0.43488728376881625	0.43488728376881625	11.139376021921635	11.139376021921635
2965	gpt2	2966	1483	16	reverse	subj_rel	expected	The senators that emasculate the officer reverse	8.034710958781943e-07	8.034710958781943e-07	20.247249603271484	20.247249603271484
2966	gpt2	2967	1484	16	review	subj_rel	unexpected	The senators that emasculate the officer reviews	9.20043203223031e-06	9.20043203223031e-06	16.72986602783203	16.72986602783203
2967	gpt2	2968	1484	16	review	subj_rel	expected	The senators that emasculate the officer review	2.1793597625219263e-05	2.1793597625219263e-05	15.485735893249512	15.485735893249512
2968	gpt2	2969	1485	16	revise	subj_rel	unexpected	The senators that emasculate the officer revises	0.00023891316595833087	0.00023891316595833087	12.84914493560791	12.84914493560791
2969	gpt2	2970	1485	16	revise	subj_rel	expected	The senators that emasculate the officer revise	1.866465595412592e-07	1.866465595412592e-07	22.35318756103516	22.35318756103516
2970	gpt2	2971	1486	16	revisit	subj_rel	unexpected	The senators that emasculate the officer revisits	0.002423767125293311	0.002423767125293311	14.235045671463013	14.235045671463013
2971	gpt2	2972	1486	16	revisit	subj_rel	expected	The senators that emasculate the officer revisit	1.712529922315298e-07	1.712529922315298e-07	22.477367401123047	22.477367401123047
2972	gpt2	2973	1487	16	revive	subj_rel	unexpected	The senators that emasculate the officer revives	0.002695896295335831	0.002695896295335831	11.040074586868286	11.040074586868286
2973	gpt2	2974	1487	16	revive	subj_rel	expected	The senators that emasculate the officer revive	6.061818567104638e-07	6.061818567104638e-07	20.65374565124512	20.65374565124512
2974	gpt2	2975	1488	16	revoke	subj_rel	unexpected	The senators that emasculate the officer revokes	0.0008398734898946309	0.0008398734898946309	11.894008159637451	11.894008159637451
2975	gpt2	2976	1488	16	revoke	subj_rel	expected	The senators that emasculate the officer revoke	6.489999009318126e-07	6.489999009318126e-07	20.55527877807617	20.55527877807617
2976	gpt2	2977	1489	16	revolutionize	subj_rel	unexpected	The senators that emasculate the officer revolutionizes	0.0002908811397901089	0.0002908811397901089	14.81309986114502	14.81309986114502
2977	gpt2	2978	1489	16	revolutionize	subj_rel	expected	The senators that emasculate the officer revolutionize	0.011106379937245909	0.011106379937245909	12.183173894882202	12.183173894882202
2978	gpt2	2979	1490	16	revolve	subj_rel	unexpected	The senators that emasculate the officer revolves	7.660225946892751e-07	7.660225946892751e-07	20.31610870361328	20.31610870361328
2979	gpt2	2980	1490	16	revolve	subj_rel	expected	The senators that emasculate the officer revolve	0.08737509125421639	0.08737509125421639	8.525393605232239	8.525393605232239
2980	gpt2	2981	1491	16	reward	subj_rel	unexpected	The senators that emasculate the officer rewards	7.954261604936619e-07	7.954261604936619e-07	20.261768341064453	20.261768341064453
2981	gpt2	2982	1491	16	reward	subj_rel	expected	The senators that emasculate the officer reward	2.947777829831466e-06	2.947777829831466e-06	18.37194061279297	18.37194061279297
2982	gpt2	2983	1492	16	rewrite	subj_rel	unexpected	The senators that emasculate the officer rewrites	0.3143508882227858	0.3143508882227858	7.818111812074979	7.818111812074979
2983	gpt2	2984	1492	16	rewrite	subj_rel	expected	The senators that emasculate the officer rewrite	2.455538776757749e-07	2.455538776757749e-07	21.95745658874512	21.95745658874512
2984	gpt2	2985	1493	16	ride	subj_rel	unexpected	The senators that emasculate the officer rides	7.199686251624371e-07	7.199686251624371e-07	20.405563354492188	20.405563354492188
2985	gpt2	2986	1493	16	ride	subj_rel	expected	The senators that emasculate the officer ride	7.419255325658014e-06	7.419255325658014e-06	17.040294647216797	17.040294647216797
2986	gpt2	2987	1494	16	rid	subj_rel	unexpected	The senators that emasculate the officer rids	6.317809675238095e-05	6.317809675238095e-05	13.953517436981201	13.953517436981201
2987	gpt2	2988	1494	16	rid	subj_rel	expected	The senators that emasculate the officer rid	3.172688707309135e-07	3.172688707309135e-07	21.587791442871094	21.587791442871094
2988	gpt2	2989	1495	16	ring	subj_rel	unexpected	The senators that emasculate the officer rings	1.9124422578897797e-06	1.9124422578897797e-06	18.996152877807617	18.996152877807617
2989	gpt2	2990	1495	16	ring	subj_rel	expected	The senators that emasculate the officer ring	2.052793206530623e-05	2.052793206530623e-05	15.572052001953123	15.572052001953123
2990	gpt2	2991	1496	16	rise	subj_rel	unexpected	The senators that emasculate the officer rises	1.0372413044024142e-06	1.0372413044024142e-06	19.878816604614254	19.878816604614254
2991	gpt2	2992	1496	16	rise	subj_rel	expected	The senators that emasculate the officer rise	2.2620199615630554e-06	2.2620199615630554e-06	18.75395774841309	18.75395774841309
2992	gpt2	2993	1497	16	risk	subj_rel	unexpected	The senators that emasculate the officer risks	1.4074546925257891e-05	1.4074546925257891e-05	16.116552352905273	16.116552352905273
2993	gpt2	2994	1497	16	risk	subj_rel	expected	The senators that emasculate the officer risk	0.0001647083554416	0.0001647083554416	12.567798614501951	12.567798614501951
2994	gpt2	2995	1498	16	rival	subj_rel	unexpected	The senators that emasculate the officer rivals	7.738350973340857e-07	7.738350973340857e-07	20.301469802856445	20.301469802856445
2995	gpt2	2996	1498	16	rival	subj_rel	expected	The senators that emasculate the officer rival	1.4175353726386677e-06	1.4175353726386677e-06	19.428184509277344	19.428184509277344
2996	gpt2	2997	1499	16	rock	subj_rel	unexpected	The senators that emasculate the officer rocks	1.2866243537246194e-07	1.2866243537246194e-07	22.88990592956543	22.88990592956543
2997	gpt2	2998	1499	16	rock	subj_rel	expected	The senators that emasculate the officer rock	8.978287837635435e-07	8.978287837635435e-07	20.08705711364746	20.08705711364746
2998	gpt2	2999	1500	16	roil	subj_rel	unexpected	The senators that emasculate the officer roils	0.0004649227867048116	0.0004649227867048116	13.248431205749512	13.248431205749512
2999	gpt2	3000	1500	16	roil	subj_rel	expected	The senators that emasculate the officer roil	0.023547870319816862	0.023547870319816862	10.408400774002075	10.408400774002075
3000	gpt2	3001	1501	16	roll	subj_rel	unexpected	The senators that emasculate the officer rolls	7.735374310868792e-06	7.735374310868792e-06	16.9800968170166	16.9800968170166
3001	gpt2	3002	1501	16	roll	subj_rel	expected	The senators that emasculate the officer roll	3.11805160890799e-05	3.11805160890799e-05	14.968996047973633	14.968996047973633
3002	gpt2	3003	1502	16	roost	subj_rel	unexpected	The senators that emasculate the officer roosts	0.011360017103773573	0.011360017103773573	9.394603888193766	9.394603888193766
3003	gpt2	3004	1502	16	roost	subj_rel	expected	The senators that emasculate the officer roost	0.009634596508476511	0.009634596508476511	11.053305387496948	11.053305387496948
3004	gpt2	3005	1503	16	root	subj_rel	unexpected	The senators that emasculate the officer roots	2.0887162577309937e-07	2.0887162577309937e-07	22.190879821777344	22.190879821777344
3005	gpt2	3006	1503	16	root	subj_rel	expected	The senators that emasculate the officer root	1.5237317256833194e-06	1.5237317256833194e-06	19.323959350585938	19.323959350585938
3006	gpt2	3007	1504	16	rotate	subj_rel	unexpected	The senators that emasculate the officer rotates	0.0010284621787945802	0.0010284621787945802	14.000334739685059	14.000334739685059
3007	gpt2	3008	1504	16	rotate	subj_rel	expected	The senators that emasculate the officer rotate	5.137482276040828e-06	5.137482276040828e-06	17.570507049560547	17.570507049560547
3008	gpt2	3009	1505	16	round	subj_rel	unexpected	The senators that emasculate the officer rounds	1.3135688732290871e-06	1.3135688732290871e-06	19.53807640075684	19.53807640075684
3009	gpt2	3010	1505	16	round	subj_rel	expected	The senators that emasculate the officer round	8.571821126679424e-06	8.571821126679424e-06	16.831966400146484	16.831966400146484
3010	gpt2	3011	1506	16	row	subj_rel	unexpected	The senators that emasculate the officer rows	4.176470440597768e-07	4.176470440597768e-07	21.191211700439453	21.191211700439453
3011	gpt2	3012	1506	16	row	subj_rel	expected	The senators that emasculate the officer row	3.37276651407592e-06	3.37276651407592e-06	18.177635192871094	18.177635192871094
3012	gpt2	3013	1507	16	rubber-stamp	subj_rel	unexpected	The senators that emasculate the officer rubber-stamps	0.13632227044473666	0.13632227044473666	11.406244754791258	11.406244754791258
3013	gpt2	3014	1507	16	rubber-stamp	subj_rel	expected	The senators that emasculate the officer rubber-stamp	0.13632227044473666	0.13632227044473666	11.406244754791258	11.406244754791258
3014	gpt2	3015	1508	16	rub	subj_rel	unexpected	The senators that emasculate the officer rubs	0.01959916078840249	0.01959916078840249	11.517978429794313	11.517978429794313
3015	gpt2	3016	1508	16	rub	subj_rel	expected	The senators that emasculate the officer rub	2.966548890981357e-06	2.966548890981357e-06	18.36278343200684	18.36278343200684
3016	gpt2	3017	1509	16	ruin	subj_rel	unexpected	The senators that emasculate the officer ruins	1.431549350172645e-07	1.431549350172645e-07	22.735919952392575	22.735919952392575
3017	gpt2	3018	1509	16	ruin	subj_rel	expected	The senators that emasculate the officer ruin	1.210757574199306e-07	1.210757574199306e-07	22.97758674621582	22.97758674621582
3018	gpt2	3019	1510	16	rule	subj_rel	unexpected	The senators that emasculate the officer rules	1.0507224033062812e-05	1.0507224033062812e-05	16.538259506225586	16.538259506225586
3019	gpt2	3020	1510	16	rule	subj_rel	expected	The senators that emasculate the officer rule	2.9086728318361565e-05	2.9086728318361565e-05	15.069279670715332	15.069279670715332
3020	gpt2	3021	1511	16	run	subj_rel	unexpected	The senators that emasculate the officer runs	5.641860752803041e-06	5.641860752803041e-06	17.43539810180664	17.43539810180664
3021	gpt2	3022	1511	16	run	subj_rel	expected	The senators that emasculate the officer run	0.0001072235681931	0.0001072235681931	13.187089920043944	13.187089920043944
3022	gpt2	3023	1512	16	rush	subj_rel	unexpected	The senators that emasculate the officer rushes	7.625066018590587e-07	7.625066018590587e-07	20.32274627685547	20.32274627685547
3023	gpt2	3024	1512	16	rush	subj_rel	expected	The senators that emasculate the officer rush	2.163819044653792e-05	2.163819044653792e-05	15.496060371398926	15.496060371398926
3024	gpt2	3025	1513	16	sabotage	subj_rel	unexpected	The senators that emasculate the officer sabotages	0.006343954061122713	0.006343954061122713	13.170535564422607	13.170535564422607
3025	gpt2	3026	1513	16	sabotage	subj_rel	expected	The senators that emasculate the officer sabotage	3.250331417348207e-07	3.250331417348207e-07	21.55290985107422	21.55290985107422
3026	gpt2	3027	1514	16	sacrifice	subj_rel	unexpected	The senators that emasculate the officer sacrifices	1.0232192835246678e-06	1.0232192835246678e-06	19.898452758789062	19.898452758789062
3027	gpt2	3028	1514	16	sacrifice	subj_rel	expected	The senators that emasculate the officer sacrifice	5.793041509605246e-06	5.793041509605246e-06	17.397247314453125	17.397247314453125
3028	gpt2	3029	1515	16	safeguard	subj_rel	unexpected	The senators that emasculate the officer safeguards	1.558182134431263e-07	1.558182134431263e-07	22.61363220214844	22.61363220214844
3029	gpt2	3030	1515	16	safeguard	subj_rel	expected	The senators that emasculate the officer safeguard	3.82340346050114e-07	3.82340346050114e-07	21.318639755249023	21.318639755249023
3030	gpt2	3031	1516	16	safety	subj_rel	unexpected	The senators that emasculate the officer safeties	0.040290049699876776	0.040290049699876776	11.752788424491882	11.752788424491882
3031	gpt2	3032	1516	16	safety	subj_rel	expected	The senators that emasculate the officer safety	3.681566522573121e-05	3.681566522573121e-05	14.729320526123049	14.729320526123049
3032	gpt2	3033	1517	16	salvage	subj_rel	unexpected	The senators that emasculate the officer salvages	0.011733281333739834	0.011733281333739834	13.778258085250854	13.778258085250854
3033	gpt2	3034	1517	16	salvage	subj_rel	expected	The senators that emasculate the officer salvage	1.3049130132003486e-07	1.3049130132003486e-07	22.869543075561523	22.869543075561523
3034	gpt2	3035	1518	16	sap	subj_rel	unexpected	The senators that emasculate the officer saps	0.004942745860716921	0.004942745860716921	11.5965096950531	11.5965096950531
3035	gpt2	3036	1518	16	sap	subj_rel	expected	The senators that emasculate the officer sap	8.131158324431453e-07	8.131158324431453e-07	20.23003578186035	20.23003578186035
3036	gpt2	3037	1519	16	satisfy	subj_rel	unexpected	The senators that emasculate the officer satisfies	2.290857850084649e-07	2.290857850084649e-07	22.05760955810547	22.05760955810547
3037	gpt2	3038	1519	16	satisfy	subj_rel	expected	The senators that emasculate the officer satisfy	1.2294261750867008e-06	1.2294261750867008e-06	19.633583068847656	19.633583068847656
3038	gpt2	3039	1520	16	saturate	subj_rel	unexpected	The senators that emasculate the officer saturates	0.011228580349303708	0.011228580349303708	14.140029430389404	14.140029430389404
3039	gpt2	3040	1520	16	saturate	subj_rel	expected	The senators that emasculate the officer saturate	0.4741867867719307	0.4741867867719307	11.439921159297228	11.439921159297228
3040	gpt2	3041	1521	16	save	subj_rel	unexpected	The senators that emasculate the officer saves	1.31500280531327e-06	1.31500280531327e-06	19.53650283813477	19.53650283813477
3041	gpt2	3042	1521	16	save	subj_rel	expected	The senators that emasculate the officer save	2.2595288101001643e-05	2.2595288101001643e-05	15.433618545532228	15.433618545532228
3042	gpt2	3043	1522	16	savor	subj_rel	unexpected	The senators that emasculate the officer savors	0.00288851299148969	0.00288851299148969	13.42993950843811	13.42993950843811
3043	gpt2	3044	1522	16	savor	subj_rel	expected	The senators that emasculate the officer savor	0.01690582484764034	0.01690582484764034	12.155231475830078	12.155231475830078
3044	gpt2	3045	1523	16	say	subj_rel	unexpected	The senators that emasculate the officer says	0.0001792891707736	0.0001792891707736	12.44542407989502	12.44542407989502
3045	gpt2	3046	1523	16	say	subj_rel	expected	The senators that emasculate the officer say	0.0036915270611643	0.0036915270611643	8.08156681060791	8.08156681060791
3046	gpt2	3047	1524	16	scale	subj_rel	unexpected	The senators that emasculate the officer scales	1.490871568421426e-07	1.490871568421426e-07	22.67734146118164	22.67734146118164
3047	gpt2	3048	1524	16	scale	subj_rel	expected	The senators that emasculate the officer scale	1.3893330788050662e-06	1.3893330788050662e-06	19.457176208496094	19.457176208496094
3048	gpt2	3049	1525	16	scan	subj_rel	unexpected	The senators that emasculate the officer scans	1.778061289314792e-07	1.778061289314792e-07	22.42319107055664	22.42319107055664
3049	gpt2	3050	1525	16	scan	subj_rel	expected	The senators that emasculate the officer scan	2.3467231358154095e-07	2.3467231358154095e-07	22.02284812927246	22.02284812927246
3050	gpt2	3051	1526	16	scape	subj_rel	unexpected	The senators that emasculate the officer scapes	4.691892081609694e-05	4.691892081609694e-05	14.820005893707275	14.820005893707275
3051	gpt2	3052	1526	16	scape	subj_rel	expected	The senators that emasculate the officer scape	0.003973693175794286	0.003973693175794286	10.31203007698059	10.31203007698059
3052	gpt2	3053	1527	16	scare	subj_rel	unexpected	The senators that emasculate the officer scares	2.925919204699312e-07	2.925919204699312e-07	21.70460700988769	21.70460700988769
3053	gpt2	3054	1527	16	scare	subj_rel	expected	The senators that emasculate the officer scare	5.16595548560872e-07	5.16595548560872e-07	20.88446044921875	20.88446044921875
3054	gpt2	3055	1528	16	schedule	subj_rel	unexpected	The senators that emasculate the officer schedules	1.0114372344105504e-06	1.0114372344105504e-06	19.9151611328125	19.9151611328125
3055	gpt2	3056	1528	16	schedule	subj_rel	expected	The senators that emasculate the officer schedule	1.8964739183502388e-06	1.8964739183502388e-06	19.008249282836918	19.008249282836918
3056	gpt2	3057	1529	16	school	subj_rel	unexpected	The senators that emasculate the officer schools	9.376241905556526e-06	9.376241905556526e-06	16.702558517456055	16.702558517456055
3057	gpt2	3058	1529	16	school	subj_rel	expected	The senators that emasculate the officer school	2.6140098270843737e-05	2.6140098270843737e-05	15.223376274108888	15.223376274108888
3058	gpt2	3059	1530	16	scold	subj_rel	unexpected	The senators that emasculate the officer scolds	0.013010397142352286	0.013010397142352286	9.451483964920044	9.451483964920044
3059	gpt2	3060	1530	16	scold	subj_rel	expected	The senators that emasculate the officer scold	0.08193466305601758	0.08193466305601758	8.122242331504822	8.122242331504822
3060	gpt2	3061	1531	16	scorn	subj_rel	unexpected	The senators that emasculate the officer scorns	0.0012355974722595357	0.0012355974722595357	11.170820713043213	11.170820713043213
3061	gpt2	3062	1531	16	scorn	subj_rel	expected	The senators that emasculate the officer scorn	1.0598234894132474e-06	1.0598234894132474e-06	19.84774398803711	19.84774398803711
3062	gpt2	3063	1532	16	scour	subj_rel	unexpected	The senators that emasculate the officer scours	0.00018794461720968568	0.00018794461720968568	12.675220012664795	12.675220012664795
3063	gpt2	3064	1532	16	scour	subj_rel	expected	The senators that emasculate the officer scour	0.009705264641524986	0.009705264641524986	9.663641691207886	9.663641691207886
3064	gpt2	3065	1533	16	scout	subj_rel	unexpected	The senators that emasculate the officer scouts	3.565789370441053e-07	3.565789370441053e-07	21.41927528381348	21.41927528381348
3065	gpt2	3066	1533	16	scout	subj_rel	expected	The senators that emasculate the officer scout	2.645183485583402e-07	2.645183485583402e-07	21.850128173828125	21.850128173828125
3066	gpt2	3067	1534	16	scrap	subj_rel	unexpected	The senators that emasculate the officer scraps	2.1939214889243885e-07	2.1939214889243885e-07	22.119985580444336	22.119985580444336
3067	gpt2	3068	1534	16	scrap	subj_rel	expected	The senators that emasculate the officer scrap	2.270187877684293e-07	2.270187877684293e-07	22.0706844329834	22.0706844329834
3068	gpt2	3069	1535	16	screen	subj_rel	unexpected	The senators that emasculate the officer screens	1.8642738552898666e-07	1.8642738552898666e-07	22.354883193969727	22.354883193969727
3069	gpt2	3070	1535	16	screen	subj_rel	expected	The senators that emasculate the officer screen	3.259633331254008e-06	3.259633331254008e-06	18.22685813903809	18.22685813903809
3070	gpt2	3071	1536	16	scrutinize	subj_rel	unexpected	The senators that emasculate the officer scrutinizes	0.007667643404374743	0.007667643404374743	11.595122814178467	11.595122814178467
3071	gpt2	3072	1536	16	scrutinize	subj_rel	expected	The senators that emasculate the officer scrutinize	0.2522886203739745	0.2522886203739745	9.074737936258316	9.074737936258316
3072	gpt2	3073	1537	16	scurry	subj_rel	unexpected	The senators that emasculate the officer scurries	0.011338012329360889	0.011338012329360889	8.603152910868326	8.603152910868326
3073	gpt2	3074	1537	16	scurry	subj_rel	expected	The senators that emasculate the officer scurry	0.020765936522366236	0.020765936522366236	9.113390684127808	9.113390684127808
3074	gpt2	3075	1538	16	scuttle	subj_rel	unexpected	The senators that emasculate the officer scuttles	0.00866856569336959	0.00866856569336959	8.82374350229899	8.82374350229899
3075	gpt2	3076	1538	16	scuttle	subj_rel	expected	The senators that emasculate the officer scuttle	0.3354621079803716	0.3354621079803716	6.8355131826829165	6.8355131826829165
3076	gpt2	3077	1539	16	seal	subj_rel	unexpected	The senators that emasculate the officer seals	8.777669791015796e-07	8.777669791015796e-07	20.119659423828125	20.119659423828125
3077	gpt2	3078	1539	16	seal	subj_rel	expected	The senators that emasculate the officer seal	2.6254911063006148e-06	2.6254911063006148e-06	18.53898048400879	18.53898048400879
3078	gpt2	3079	1540	16	search	subj_rel	unexpected	The senators that emasculate the officer searches	2.4692824354133336e-06	2.4692824354133336e-06	18.62747573852539	18.62747573852539
3079	gpt2	3080	1540	16	search	subj_rel	expected	The senators that emasculate the officer search	1.0403128726466092e-05	1.0403128726466092e-05	16.552623748779297	16.552623748779297
3080	gpt2	3081	1541	16	secure	subj_rel	unexpected	The senators that emasculate the officer secures	0.1089181093307161	0.1089181093307161	9.354280471801758	9.354280471801758
3081	gpt2	3082	1541	16	secure	subj_rel	expected	The senators that emasculate the officer secure	1.7438643453715486e-06	1.7438643453715486e-06	19.12928009033203	19.12928009033203
3082	gpt2	3083	1542	16	seduce	subj_rel	unexpected	The senators that emasculate the officer seduces	0.0020937626900376888	0.0020937626900376888	13.183377027511598	13.183377027511598
3083	gpt2	3084	1542	16	seduce	subj_rel	expected	The senators that emasculate the officer seduce	0.16694171220979115	0.16694171220979115	10.024355769157411	10.024355769157411
3084	gpt2	3085	1543	16	seek	subj_rel	unexpected	The senators that emasculate the officer seeks	6.82462086842861e-06	6.82462086842861e-06	17.16082000732422	17.16082000732422
3085	gpt2	3086	1543	16	seek	subj_rel	expected	The senators that emasculate the officer seek	6.243901589186862e-05	6.243901589186862e-05	13.967192649841309	13.967192649841309
3086	gpt2	3087	1544	16	seem	subj_rel	unexpected	The senators that emasculate the officer seems	0.0001294765097554	0.0001294765097554	12.915021896362305	12.915021896362305
3087	gpt2	3088	1544	16	seem	subj_rel	expected	The senators that emasculate the officer seem	0.0017926668515428	0.0017926668515428	9.123677253723145	9.123677253723145
3088	gpt2	3089	1545	16	see	subj_rel	unexpected	The senators that emasculate the officer sees	3.6544774047797546e-05	3.6544774047797546e-05	14.739974975585938	14.739974975585938
3089	gpt2	3090	1545	16	see	subj_rel	expected	The senators that emasculate the officer see	0.0003754968638531	0.0003754968638531	11.378911018371582	11.378911018371582
3090	gpt2	3091	1546	16	segregate	subj_rel	unexpected	The senators that emasculate the officer segregates	0.007140187199002635	0.007140187199002635	14.99766516685486	14.99766516685486
3091	gpt2	3092	1546	16	segregate	subj_rel	expected	The senators that emasculate the officer segregate	0.46418336325023185	0.46418336325023185	11.986367385834457	11.986367385834457
3092	gpt2	3093	1547	16	seize	subj_rel	unexpected	The senators that emasculate the officer seizes	0.02345567787870094	0.02345567787870094	10.493153810501099	10.493153810501099
3093	gpt2	3094	1547	16	seize	subj_rel	expected	The senators that emasculate the officer seize	4.635065124602988e-06	4.635065124602988e-06	17.718978881835938	17.718978881835938
3094	gpt2	3095	1548	16	select	subj_rel	unexpected	The senators that emasculate the officer selects	2.528418463043636e-06	2.528418463043636e-06	18.593334197998047	18.593334197998047
3095	gpt2	3096	1548	16	select	subj_rel	expected	The senators that emasculate the officer select	1.393787533743307e-05	1.393787533743307e-05	16.130630493164062	16.130630493164062
3096	gpt2	3097	1549	16	self-reinsure	subj_rel	unexpected	The senators that emasculate the officer self-reinsures	0.3980912139229531	0.3980912139229531	8.882784336805344	8.882784336805344
3097	gpt2	3098	1549	16	self-reinsure	subj_rel	expected	The senators that emasculate the officer self-reinsure	0.3980912139229531	0.3980912139229531	8.882784336805344	8.882784336805344
3098	gpt2	3099	1550	16	sell	subj_rel	unexpected	The senators that emasculate the officer sells	1.0847779918776725e-07	1.0847779918776725e-07	23.136096954345703	23.136096954345703
3099	gpt2	3100	1550	16	sell	subj_rel	expected	The senators that emasculate the officer sell	1.647295448492514e-06	1.647295448492514e-06	19.211469650268555	19.211469650268555
3100	gpt2	3101	1551	16	send	subj_rel	unexpected	The senators that emasculate the officer sends	9.454395694774576e-06	9.454395694774576e-06	16.690584182739258	16.690584182739258
3101	gpt2	3102	1551	16	send	subj_rel	expected	The senators that emasculate the officer send	2.4966664568637494e-05	2.4966664568637494e-05	15.289637565612791	15.289637565612791
3102	gpt2	3103	1552	16	sense	subj_rel	unexpected	The senators that emasculate the officer senses	2.416483766864985e-06	2.416483766864985e-06	18.65865898132324	18.65865898132324
3103	gpt2	3104	1552	16	sense	subj_rel	expected	The senators that emasculate the officer sense	2.101553945976775e-05	2.101553945976775e-05	15.53818416595459	15.53818416595459
3104	gpt2	3105	1553	16	sensitize	subj_rel	unexpected	The senators that emasculate the officer sensitizes	0.24599911548284578	0.24599911548284578	9.152252733707428	9.152252733707428
3105	gpt2	3106	1553	16	sensitize	subj_rel	expected	The senators that emasculate the officer sensitize	0.08693434889653417	0.08693434889653417	11.91748321056366	11.91748321056366
3106	gpt2	3107	1554	16	separate	subj_rel	unexpected	The senators that emasculate the officer separates	2.883085414850939e-07	2.883085414850939e-07	21.72588348388672	21.72588348388672
3107	gpt2	3108	1554	16	separate	subj_rel	expected	The senators that emasculate the officer separate	1.8857251689041728e-06	1.8857251689041728e-06	19.01644897460937	19.01644897460937
3108	gpt2	3109	1555	16	sequester	subj_rel	unexpected	The senators that emasculate the officer sequesters	0.009338538792263745	0.009338538792263745	12.921383619308472	12.921383619308472
3109	gpt2	3110	1555	16	sequester	subj_rel	expected	The senators that emasculate the officer sequester	0.4325679220969789	0.4325679220969789	10.154556959867477	10.154556959867477
3110	gpt2	3111	1556	16	serve	subj_rel	unexpected	The senators that emasculate the officer serves	2.178329123125877e-05	2.178329123125877e-05	15.48641872406006	15.48641872406006
3111	gpt2	3112	1556	16	serve	subj_rel	expected	The senators that emasculate the officer serve	0.0002970130008179	0.0002970130008179	11.717185974121094	11.717185974121094
3112	gpt2	3113	1557	16	service	subj_rel	unexpected	The senators that emasculate the officer services	2.647831206559204e-05	2.647831206559204e-05	15.204829216003418	15.204829216003418
3113	gpt2	3114	1557	16	service	subj_rel	expected	The senators that emasculate the officer service	0.0001164220520877	0.0001164220520877	13.068347930908203	13.068347930908203
3114	gpt2	3115	1558	16	settle	subj_rel	unexpected	The senators that emasculate the officer settles	2.1310989950507067e-07	2.1310989950507067e-07	22.16189956665039	22.16189956665039
3115	gpt2	3116	1558	16	settle	subj_rel	expected	The senators that emasculate the officer settle	3.608057568271761e-06	3.608057568271761e-06	18.080347061157227	18.080347061157227
3116	gpt2	3117	1559	16	set	subj_rel	unexpected	The senators that emasculate the officer sets	1.673677979852073e-05	1.673677979852073e-05	15.866618156433104	15.866618156433104
3117	gpt2	3118	1559	16	set	subj_rel	expected	The senators that emasculate the officer set	0.0001739534200169	0.0001739534200169	12.489011764526367	12.489011764526367
3118	gpt2	3119	1560	16	sever	subj_rel	unexpected	The senators that emasculate the officer severs	0.0026809285382114398	0.0026809285382114398	12.058944463729858	12.058944463729858
3119	gpt2	3120	1560	16	sever	subj_rel	expected	The senators that emasculate the officer sever	2.6242694275424583e-06	2.6242694275424583e-06	18.53965187072754	18.53965187072754
3120	gpt2	3121	1561	16	shadow	subj_rel	unexpected	The senators that emasculate the officer shadows	5.044092290518165e-07	5.044092290518165e-07	20.918901443481445	20.918901443481445
3121	gpt2	3122	1561	16	shadow	subj_rel	expected	The senators that emasculate the officer shadow	1.204130171572615e-06	1.204130171572615e-06	19.663578033447266	19.663578033447266
3122	gpt2	3123	1562	16	shake	subj_rel	unexpected	The senators that emasculate the officer shakes	5.316497890817118e-07	5.316497890817118e-07	20.843019485473636	20.843019485473636
3123	gpt2	3124	1562	16	shake	subj_rel	expected	The senators that emasculate the officer shake	7.490520602004835e-06	7.490520602004835e-06	17.02650260925293	17.02650260925293
3124	gpt2	3125	1563	16	shape	subj_rel	unexpected	The senators that emasculate the officer shapes	4.86293629364809e-07	4.86293629364809e-07	20.971668243408203	20.971668243408203
3125	gpt2	3126	1563	16	shape	subj_rel	expected	The senators that emasculate the officer shape	2.613460083011887e-06	2.613460083011887e-06	18.54560661315918	18.54560661315918
3126	gpt2	3127	1564	17	share	subj_rel	unexpected	The author that retrofits the senator share	1.311884534516139e-05	1.311884534516139e-05	16.218000411987305	16.218000411987305
3127	gpt2	3128	1564	17	share	subj_rel	expected	The author that retrofits the senator shares	1.542820427857805e-05	1.542820427857805e-05	15.98406982421875	15.98406982421875
3128	gpt2	3129	1565	17	sharpen	subj_rel	unexpected	The author that retrofits the senator sharpen	0.035721323529853244	0.035721323529853244	14.446126699447632	14.446126699447632
3129	gpt2	3130	1565	17	sharpen	subj_rel	expected	The author that retrofits the senator sharpens	0.14539181570458481	0.14539181570458481	11.839929044246674	11.839929044246674
3130	gpt2	3131	1566	17	shave	subj_rel	unexpected	The author that retrofits the senator shave	4.022797668312706e-07	4.022797668312706e-07	21.24529838562012	21.24529838562012
3131	gpt2	3132	1566	17	shave	subj_rel	expected	The author that retrofits the senator shaves	0.03301772026225078	0.03301772026225078	10.193376779556274	10.193376779556274
3132	gpt2	3133	1567	17	shed	subj_rel	unexpected	The author that retrofits the senator shed	1.5500224890274694e-06	1.5500224890274694e-06	19.299280166625977	19.299280166625977
3133	gpt2	3134	1567	17	shed	subj_rel	expected	The author that retrofits the senator sheds	1.1152219485666135e-06	1.1152219485666135e-06	19.77423858642578	19.77423858642578
3134	gpt2	3135	1568	17	shell	subj_rel	unexpected	The author that retrofits the senator shell	4.637125130102504e-06	4.637125130102504e-06	17.718338012695312	17.718338012695312
3135	gpt2	3136	1568	17	shell	subj_rel	expected	The author that retrofits the senator shells	1.2016820392091176e-06	1.2016820392091176e-06	19.666513442993164	19.666513442993164
3136	gpt2	3137	1569	17	shield	subj_rel	unexpected	The author that retrofits the senator shield	3.981563622801332e-06	3.981563622801332e-06	17.938234329223633	17.938234329223633
3137	gpt2	3138	1569	17	shield	subj_rel	expected	The author that retrofits the senator shields	1.2210156228320557e-06	1.2210156228320557e-06	19.64348602294922	19.64348602294922
3138	gpt2	3139	1570	17	shift	subj_rel	unexpected	The author that retrofits the senator shift	4.833059961129038e-07	4.833059961129038e-07	20.98056030273437	20.98056030273437
3139	gpt2	3140	1570	17	shift	subj_rel	expected	The author that retrofits the senator shifts	5.195372523303377e-07	5.195372523303377e-07	20.876270294189453	20.876270294189453
3140	gpt2	3141	1571	17	shine	subj_rel	unexpected	The author that retrofits the senator shine	2.812997195178468e-07	2.812997195178468e-07	21.761388778686523	21.761388778686523
3141	gpt2	3142	1571	17	shine	subj_rel	expected	The author that retrofits the senator shines	6.549802264999016e-07	6.549802264999016e-07	20.54204559326172	20.54204559326172
3142	gpt2	3143	1572	17	ship	subj_rel	unexpected	The author that retrofits the senator ship	4.234782682033256e-05	4.234782682033256e-05	14.527352333068848	14.527352333068848
3143	gpt2	3144	1572	17	ship	subj_rel	expected	The author that retrofits the senator ships	1.1456786523922348e-05	1.1456786523922348e-05	16.41343879699707	16.41343879699707
3144	gpt2	3145	1573	17	shirk	subj_rel	unexpected	The author that retrofits the senator shirk	0.00043511893363752484	0.00043511893363752484	13.325315475463867	13.325315475463867
3145	gpt2	3146	1573	17	shirk	subj_rel	expected	The author that retrofits the senator shirks	0.12001226667234731	0.12001226667234731	7.457287987073262	7.457287987073262
3146	gpt2	3147	1574	17	shock	subj_rel	unexpected	The author that retrofits the senator shock	1.393140252048397e-07	1.393140252048397e-07	22.775156021118164	22.775156021118164
3147	gpt2	3148	1574	17	shock	subj_rel	expected	The author that retrofits the senator shocks	9.47585121480188e-08	9.47585121480188e-08	23.33116912841797	23.33116912841797
3148	gpt2	3149	1575	17	shoe-horn	subj_rel	unexpected	The author that retrofits the senator shoe-horn	0.057167513185959216	0.057167513185959216	10.676182627677917	10.676182627677917
3149	gpt2	3150	1575	17	shoe-horn	subj_rel	expected	The author that retrofits the senator shoe-horns	0.057167513185959216	0.057167513185959216	10.676182627677917	10.676182627677917
3150	gpt2	3151	1576	17	shoot	subj_rel	unexpected	The author that retrofits the senator shoot	2.261031113448553e-07	2.261031113448553e-07	22.076515197753903	22.076515197753903
3151	gpt2	3152	1576	17	shoot	subj_rel	expected	The author that retrofits the senator shoots	8.191821621039708e-07	8.191821621039708e-07	20.21931266784668	20.21931266784668
3152	gpt2	3153	1577	17	shop	subj_rel	unexpected	The author that retrofits the senator shop	4.954946689395001e-06	4.954946689395001e-06	17.622699737548828	17.622699737548828
3153	gpt2	3154	1577	17	shop	subj_rel	expected	The author that retrofits the senator shops	5.838774086441845e-07	5.838774086441845e-07	20.70783042907715	20.70783042907715
3154	gpt2	3155	1578	17	shore	subj_rel	unexpected	The author that retrofits the senator shore	3.1794311894373095e-07	3.1794311894373095e-07	21.5847282409668	21.5847282409668
3155	gpt2	3156	1578	17	shore	subj_rel	expected	The author that retrofits the senator shores	4.1394404348693576e-08	4.1394404348693576e-08	24.525989532470703	24.525989532470703
3156	gpt2	3157	1579	17	shorn	subj_rel	unexpected	The author that retrofits the senator shorn	0.002494459439731125	0.002494459439731125	12.058075904846191	12.058075904846191
3157	gpt2	3158	1579	17	shorn	subj_rel	expected	The author that retrofits the senator shorns	5.4472787269332905e-05	5.4472787269332905e-05	14.89212942123413	14.89212942123413
3158	gpt2	3159	1580	17	shorten	subj_rel	unexpected	The author that retrofits the senator shorten	3.896038691664217e-08	3.896038691664217e-08	24.61341667175293	24.61341667175293
3159	gpt2	3160	1580	17	shorten	subj_rel	expected	The author that retrofits the senator shortens	0.06363974139685523	0.06363974139685523	9.561557531356812	9.561557531356812
3160	gpt2	3161	1581	17	short	subj_rel	unexpected	The author that retrofits the senator short	1.3761234185949434e-05	1.3761234185949434e-05	16.149030685424805	16.149030685424805
3161	gpt2	3162	1581	17	short	subj_rel	expected	The author that retrofits the senator shorts	2.1242133243504213e-06	2.1242133243504213e-06	18.844640731811523	18.844640731811523
3162	gpt2	3163	1582	17	shoulder	subj_rel	unexpected	The author that retrofits the senator shoulder	1.048749595611298e-06	1.048749595611298e-06	19.862897872924805	19.862897872924805
3163	gpt2	3164	1582	17	shoulder	subj_rel	expected	The author that retrofits the senator shoulders	1.938467875106653e-07	1.938467875106653e-07	22.29858016967773	22.29858016967773
3164	gpt2	3165	1583	17	shout	subj_rel	unexpected	The author that retrofits the senator shout	1.790452301975165e-07	1.790452301975165e-07	22.41317176818848	22.41317176818848
3165	gpt2	3166	1583	17	shout	subj_rel	expected	The author that retrofits the senator shouts	5.459136787067109e-07	5.459136787067109e-07	20.80482292175293	20.80482292175293
3166	gpt2	3167	1584	17	shove	subj_rel	unexpected	The author that retrofits the senator shove	1.4597136832605884e-08	1.4597136832605884e-08	26.02973937988281	26.02973937988281
3167	gpt2	3168	1584	17	shove	subj_rel	expected	The author that retrofits the senator shoves	0.03136881364389407	0.03136881364389407	10.230337977409363	10.230337977409363
3168	gpt2	3169	1585	17	shower	subj_rel	unexpected	The author that retrofits the senator shower	1.6153753676917404e-06	1.6153753676917404e-06	19.23969841003418	19.23969841003418
3169	gpt2	3170	1585	17	shower	subj_rel	expected	The author that retrofits the senator showers	8.439293424089556e-07	8.439293424089556e-07	20.176374435424805	20.176374435424805
3170	gpt2	3171	1586	17	show	subj_rel	unexpected	The author that retrofits the senator show	3.2683943572919816e-05	3.2683943572919816e-05	14.901058197021484	14.901058197021484
3171	gpt2	3172	1586	17	show	subj_rel	expected	The author that retrofits the senator shows	0.0001503057137597	0.0001503057137597	12.69981288909912	12.69981288909912
3172	gpt2	3173	1587	17	shrink	subj_rel	unexpected	The author that retrofits the senator shrink	2.1092499480346305e-07	2.1092499480346305e-07	22.176767349243164	22.176767349243164
3173	gpt2	3174	1587	17	shrink	subj_rel	expected	The author that retrofits the senator shrinks	0.353522200053348	0.353522200053348	11.145776748657225	11.145776748657225
3174	gpt2	3175	1588	17	shun	subj_rel	unexpected	The author that retrofits the senator shun	5.137055580917149e-08	5.137055580917149e-08	24.2144832611084	24.2144832611084
3175	gpt2	3176	1588	17	shun	subj_rel	expected	The author that retrofits the senator shuns	0.016798718998870726	0.016798718998870726	10.680938005447388	10.680938005447388
3176	gpt2	3177	1589	17	shut	subj_rel	unexpected	The author that retrofits the senator shut	1.1991321116511244e-05	1.1991321116511244e-05	16.3476505279541	16.3476505279541
3177	gpt2	3178	1589	17	shut	subj_rel	expected	The author that retrofits the senator shuts	1.1644258393062046e-06	1.1644258393062046e-06	19.711950302124023	19.711950302124023
3178	gpt2	3179	1590	17	shy	subj_rel	unexpected	The author that retrofits the senator shy	8.245118010563601e-07	8.245118010563601e-07	20.20995712280273	20.20995712280273
3179	gpt2	3180	1590	17	shy	subj_rel	expected	The author that retrofits the senator shies	0.017736314962348825	0.017736314962348825	10.641747951507568	10.641747951507568
3180	gpt2	3181	1591	17	sidetrack	subj_rel	unexpected	The author that retrofits the senator sidetrack	0.0110985998851826	0.0110985998851826	10.859721183776855	10.859721183776855
3181	gpt2	3182	1591	17	sidetrack	subj_rel	expected	The author that retrofits the senator sidetracks	0.025134470206277598	0.025134470206277598	9.791414419809977	9.791414419809977
3182	gpt2	3183	1592	17	side	subj_rel	unexpected	The author that retrofits the senator side	1.3588153706223238e-05	1.3588153706223238e-05	16.16729164123535	16.16729164123535
3183	gpt2	3184	1592	17	side	subj_rel	expected	The author that retrofits the senator sides	6.880439968881547e-07	6.880439968881547e-07	20.47099494934082	20.47099494934082
3184	gpt2	3185	1593	17	sift	subj_rel	unexpected	The author that retrofits the senator sift	0.0012138636730014607	0.0012138636730014607	11.972830295562744	11.972830295562744
3185	gpt2	3186	1593	17	sift	subj_rel	expected	The author that retrofits the senator sifts	0.0037040147644802107	0.0037040147644802107	11.162904739379883	11.162904739379883
3186	gpt2	3187	1594	17	signal	subj_rel	unexpected	The author that retrofits the senator signal	1.788985400708043e-06	1.788985400708043e-06	19.092426300048828	19.092426300048828
3187	gpt2	3188	1594	17	signal	subj_rel	expected	The author that retrofits the senator signals	3.546791731423582e-06	3.546791731423582e-06	18.105052947998047	18.105052947998047
3188	gpt2	3189	1595	17	signify	subj_rel	unexpected	The author that retrofits the senator signify	2.640168190737313e-07	2.640168190737313e-07	21.852867126464844	21.852867126464844
3189	gpt2	3190	1595	17	signify	subj_rel	expected	The author that retrofits the senator signifies	2.762918711596285e-06	2.762918711596285e-06	18.465375900268555	18.465375900268555
3190	gpt2	3191	1596	17	sign	subj_rel	unexpected	The author that retrofits the senator sign	3.0794748454354703e-05	3.0794748454354703e-05	14.986956596374512	14.986956596374512
3191	gpt2	3192	1596	17	sign	subj_rel	expected	The author that retrofits the senator signs	1.1885030289704446e-05	1.1885030289704446e-05	16.36049461364746	16.36049461364746
3192	gpt2	3193	1597	17	simplify	subj_rel	unexpected	The author that retrofits the senator simplify	2.2415707690015554e-07	2.2415707690015554e-07	22.088987350463867	22.088987350463867
3193	gpt2	3194	1597	17	simplify	subj_rel	expected	The author that retrofits the senator simplifies	0.3797549180933828	0.3797549180933828	11.101413682103157	11.101413682103157
3194	gpt2	3195	1598	17	sing	subj_rel	unexpected	The author that retrofits the senator sing	3.130473089640873e-07	3.130473089640873e-07	21.60711669921875	21.60711669921875
3195	gpt2	3196	1598	17	sing	subj_rel	expected	The author that retrofits the senator sings	3.144955940115324e-07	3.144955940115324e-07	21.60045623779297	21.60045623779297
3196	gpt2	3197	1599	17	sink	subj_rel	unexpected	The author that retrofits the senator sink	3.579697818167915e-07	3.579697818167915e-07	21.413658142089844	21.413658142089844
3197	gpt2	3198	1599	17	sink	subj_rel	expected	The author that retrofits the senator sinks	7.958525998219557e-07	7.958525998219557e-07	20.260995864868164	20.260995864868164
3198	gpt2	3199	1600	17	sit	subj_rel	unexpected	The author that retrofits the senator sit	8.762468496570364e-06	8.762468496570364e-06	16.80023193359375	16.80023193359375
3199	gpt2	3200	1600	17	sit	subj_rel	expected	The author that retrofits the senator sits	2.420059718133416e-05	2.420059718133416e-05	15.33459758758545	15.33459758758545
3200	gpt2	3201	1601	17	skid	subj_rel	unexpected	The author that retrofits the senator skid	0.002576663456238716	0.002576663456238716	12.654685497283936	12.654685497283936
3201	gpt2	3202	1601	17	skid	subj_rel	expected	The author that retrofits the senator skids	0.004271822347618566	0.004271822347618566	12.28975224494934	12.28975224494934
3202	gpt2	3203	1602	17	skim	subj_rel	unexpected	The author that retrofits the senator skim	6.569971446879208e-07	6.569971446879208e-07	20.5376091003418	20.5376091003418
3203	gpt2	3204	1602	17	skim	subj_rel	expected	The author that retrofits the senator skims	0.029690490867324115	0.029690490867324115	10.890875816345215	10.890875816345215
3204	gpt2	3205	1603	17	skipper	subj_rel	unexpected	The author that retrofits the senator skipper	0.002497992775715816	0.002497992775715816	12.67707371711731	12.67707371711731
3205	gpt2	3206	1603	17	skipper	subj_rel	expected	The author that retrofits the senator skippers	0.0013249609100966658	0.0013249609100966658	13.13508129119873	13.13508129119873
3206	gpt2	3207	1604	17	skip	subj_rel	unexpected	The author that retrofits the senator skip	1.9649574767299785e-07	1.9649574767299785e-07	22.27899932861328	22.27899932861328
3207	gpt2	3208	1604	17	skip	subj_rel	expected	The author that retrofits the senator skips	0.20406075922710443	0.20406075922710443	9.500364303588867	9.500364303588867
3208	gpt2	3209	1605	17	ski	subj_rel	unexpected	The author that retrofits the senator ski	2.3759123735089813e-07	2.3759123735089813e-07	22.005014419555664	22.005014419555664
3209	gpt2	3210	1605	17	ski	subj_rel	expected	The author that retrofits the senator skis	0.0040311499678864155	0.0040311499678864155	12.331605911254883	12.331605911254883
3210	gpt2	3211	1606	17	slack	subj_rel	unexpected	The author that retrofits the senator slack	1.751567140217958e-07	1.751567140217958e-07	22.44485092163086	22.44485092163086
3211	gpt2	3212	1606	17	slack	subj_rel	expected	The author that retrofits the senator slacks	0.01348307395619482	0.01348307395619482	10.948265314102173	10.948265314102173
3212	gpt2	3213	1607	17	slam-dunk	subj_rel	unexpected	The author that retrofits the senator slam-dunk	0.047999678989825156	0.047999678989825156	12.631622672080995	12.631622672080995
3213	gpt2	3214	1607	17	slam-dunk	subj_rel	expected	The author that retrofits the senator slam-dunks	0.047999678989825156	0.047999678989825156	12.631622672080995	12.631622672080995
3214	gpt2	3215	1608	17	slash	subj_rel	unexpected	The author that retrofits the senator slash	1.9646876125989365e-07	1.9646876125989365e-07	22.27919578552246	22.27919578552246
3215	gpt2	3216	1608	17	slash	subj_rel	expected	The author that retrofits the senator slashes	0.03177830336881012	0.03177830336881012	10.329672455787659	10.329672455787659
3216	gpt2	3217	1609	17	sleep	subj_rel	unexpected	The author that retrofits the senator sleep	5.530824864763417e-07	5.530824864763417e-07	20.786001205444336	20.786001205444336
3217	gpt2	3218	1609	17	sleep	subj_rel	expected	The author that retrofits the senator sleeps	8.9465095243213e-07	8.9465095243213e-07	20.092172622680664	20.092172622680664
3218	gpt2	3219	1610	17	slide	subj_rel	unexpected	The author that retrofits the senator slide	1.329958195128711e-06	1.329958195128711e-06	19.520187377929688	19.520187377929688
3219	gpt2	3220	1610	17	slide	subj_rel	expected	The author that retrofits the senator slides	2.596947979327524e-06	2.596947979327524e-06	18.554750442504883	18.554750442504883
3220	gpt2	3221	1611	17	slip	subj_rel	unexpected	The author that retrofits the senator slip	4.895368306279124e-07	4.895368306279124e-07	20.96208000183105	20.96208000183105
3221	gpt2	3222	1611	17	slip	subj_rel	expected	The author that retrofits the senator slips	1.6191262375286897e-06	1.6191262375286897e-06	19.236352920532227	19.236352920532227
3222	gpt2	3223	1612	17	slog	subj_rel	unexpected	The author that retrofits the senator slog	3.973396545120522e-08	3.973396545120522e-08	24.58505249023437	24.58505249023437
3223	gpt2	3224	1612	17	slog	subj_rel	expected	The author that retrofits the senator slogs	0.0009435415713596694	0.0009435415713596694	12.87011194229126	12.87011194229126
3224	gpt2	3225	1613	17	slow	subj_rel	unexpected	The author that retrofits the senator slow	3.354793989274185e-07	3.354793989274185e-07	21.507272720336918	21.507272720336918
3225	gpt2	3226	1613	17	slow	subj_rel	expected	The author that retrofits the senator slows	2.5880953558043984e-07	2.5880953558043984e-07	21.88160514831543	21.88160514831543
3226	gpt2	3227	1614	17	slump	subj_rel	unexpected	The author that retrofits the senator slump	2.3213878819206002e-07	2.3213878819206002e-07	22.038509368896484	22.038509368896484
3227	gpt2	3228	1614	17	slump	subj_rel	expected	The author that retrofits the senator slumps	0.00782566743237112	0.00782566743237112	11.340880870819092	11.340880870819092
3228	gpt2	3229	1615	17	smash	subj_rel	unexpected	The author that retrofits the senator smash	1.1890913498291412e-07	1.1890913498291412e-07	23.003637313842773	23.003637313842773
3229	gpt2	3230	1615	17	smash	subj_rel	expected	The author that retrofits the senator smashes	0.03286852066730713	0.03286852066730713	10.842830896377563	10.842830896377563
3230	gpt2	3231	1616	17	smoke	subj_rel	unexpected	The author that retrofits the senator smoke	1.323555096632845e-07	1.323555096632845e-07	22.84907913208008	22.84907913208008
3231	gpt2	3232	1616	17	smoke	subj_rel	expected	The author that retrofits the senator smokes	1.4786066060423766e-07	1.4786066060423766e-07	22.689258575439453	22.689258575439453
3232	gpt2	3233	1617	17	smooth	subj_rel	unexpected	The author that retrofits the senator smooth	7.472294214494468e-07	7.472294214494468e-07	20.351945877075195	20.351945877075195
3233	gpt2	3234	1617	17	smooth	subj_rel	expected	The author that retrofits the senator smooths	0.3947886686453046	0.3947886686453046	10.34639735519886	10.34639735519886
3234	gpt2	3235	1618	17	smother	subj_rel	unexpected	The author that retrofits the senator smother	0.004369749998204484	0.004369749998204484	12.298695802688599	12.298695802688599
3235	gpt2	3236	1618	17	smother	subj_rel	expected	The author that retrofits the senator smothers	0.32795833506528044	0.32795833506528044	8.21123900016149	8.21123900016149
3236	gpt2	3237	1619	17	smuggle	subj_rel	unexpected	The author that retrofits the senator smuggle	0.017645299885813825	0.017645299885813825	13.783742189407349	13.783742189407349
3237	gpt2	3238	1619	17	smuggle	subj_rel	expected	The author that retrofits the senator smuggles	0.4698805031221553	0.4698805031221553	11.41627049446106	11.41627049446106
3238	gpt2	3239	1620	17	snatch	subj_rel	unexpected	The author that retrofits the senator snatch	1.3158369505106292e-08	1.3158369505106292e-08	26.179443359375	26.179443359375
3239	gpt2	3240	1620	17	snatch	subj_rel	expected	The author that retrofits the senator snatches	0.0037593446375012263	0.0037593446375012263	12.608743667602539	12.608743667602539
3240	gpt2	3241	1621	17	sniff	subj_rel	unexpected	The author that retrofits the senator sniff	6.76299833912708e-08	6.76299833912708e-08	23.81776237487793	23.81776237487793
3241	gpt2	3242	1621	17	sniff	subj_rel	expected	The author that retrofits the senator sniffs	0.008425665151435127	0.008425665151435127	12.026407480239868	12.026407480239868
3242	gpt2	3243	1622	17	soak	subj_rel	unexpected	The author that retrofits the senator soak	2.2068762817184503e-08	2.2068762817184503e-08	25.43341827392578	25.43341827392578
3243	gpt2	3244	1622	17	soak	subj_rel	expected	The author that retrofits the senator soaks	0.0007483221361325904	0.0007483221361325904	12.217653274536133	12.217653274536133
3244	gpt2	3245	1623	17	soar	subj_rel	unexpected	The author that retrofits the senator soar	1.7135059593442747e-08	1.7135059593442747e-08	25.798473358154297	25.798473358154297
3245	gpt2	3246	1623	17	soar	subj_rel	expected	The author that retrofits the senator soars	0.0007672428037039553	0.0007672428037039553	11.629802703857422	11.629802703857422
3246	gpt2	3247	1624	17	sob	subj_rel	unexpected	The author that retrofits the senator sob	5.4100631530218386e-08	5.4100631530218386e-08	24.139780044555664	24.139780044555664
3247	gpt2	3248	1624	17	sob	subj_rel	expected	The author that retrofits the senator sobs	0.0007446800000252169	0.0007446800000252169	12.41785717010498	12.41785717010498
3248	gpt2	3249	1625	17	socialize	subj_rel	unexpected	The author that retrofits the senator socialize	0.0013847212607060698	0.0013847212607060698	13.747619152069092	13.747619152069092
3249	gpt2	3250	1625	17	socialize	subj_rel	expected	The author that retrofits the senator socializes	0.0014743374262024698	0.0014743374262024698	13.702353477478027	13.702353477478027
3250	gpt2	3251	1626	17	sock	subj_rel	unexpected	The author that retrofits the senator sock	3.176764096224361e-07	3.176764096224361e-07	21.585939407348636	21.585939407348636
3251	gpt2	3252	1626	17	sock	subj_rel	expected	The author that retrofits the senator socks	7.031792392808711e-07	7.031792392808711e-07	20.439603805541992	20.439603805541992
3252	gpt2	3253	1627	17	soften	subj_rel	unexpected	The author that retrofits the senator soften	1.109581759806133e-07	1.109581759806133e-07	23.10348129272461	23.10348129272461
3253	gpt2	3254	1627	17	soften	subj_rel	expected	The author that retrofits the senator softens	0.2822055234666436	0.2822055234666436	9.958013892173767	9.958013892173767
3254	gpt2	3255	1628	17	solicit	subj_rel	unexpected	The author that retrofits the senator solicit	4.3785295389398016e-08	4.3785295389398016e-08	24.444978713989254	24.444978713989254
3255	gpt2	3256	1628	17	solicit	subj_rel	expected	The author that retrofits the senator solicits	0.09927183611014812	0.09927183611014812	11.754946231842043	11.754946231842043
3256	gpt2	3257	1629	17	solidify	subj_rel	unexpected	The author that retrofits the senator solidify	0.010679556642401118	0.010679556642401118	12.49473786354065	12.49473786354065
3257	gpt2	3258	1629	17	solidify	subj_rel	expected	The author that retrofits the senator solidifies	0.29129936045848126	0.29129936045848126	10.109902620315552	10.109902620315552
3258	gpt2	3259	1630	17	solve	subj_rel	unexpected	The author that retrofits the senator solve	7.603354106322513e-07	7.603354106322513e-07	20.326860427856445	20.326860427856445
3259	gpt2	3260	1630	17	solve	subj_rel	expected	The author that retrofits the senator solves	6.153841241030023e-06	6.153841241030023e-06	17.310081481933594	17.310081481933594
3260	gpt2	3261	1631	17	soothe	subj_rel	unexpected	The author that retrofits the senator soothe	0.0007529860795329641	0.0007529860795329641	12.022676944732666	12.022676944732666
3261	gpt2	3262	1631	17	soothe	subj_rel	expected	The author that retrofits the senator soothes	0.0007513281179853565	0.0007513281179853565	12.08612060546875	12.08612060546875
3262	gpt2	3263	1632	17	sort	subj_rel	unexpected	The author that retrofits the senator sort	1.157327824330423e-05	1.157327824330423e-05	16.39884376525879	16.39884376525879
3263	gpt2	3264	1632	17	sort	subj_rel	expected	The author that retrofits the senator sorts	8.861323976816493e-07	8.861323976816493e-07	20.10597419738769	20.10597419738769
3264	gpt2	3265	1633	17	sound	subj_rel	unexpected	The author that retrofits the senator sound	6.666541594313458e-06	6.666541594313458e-06	17.194629669189453	17.194629669189453
3265	gpt2	3266	1633	17	sound	subj_rel	expected	The author that retrofits the senator sounds	3.504121923469938e-05	3.504121923469938e-05	14.80058765411377	14.80058765411377
3266	gpt2	3267	1634	17	sour	subj_rel	unexpected	The author that retrofits the senator sour	2.2222778284231026e-07	2.2222778284231026e-07	22.101457595825195	22.101457595825195
3267	gpt2	3268	1634	17	sour	subj_rel	expected	The author that retrofits the senator sours	0.0004526649199760607	0.0004526649199760607	12.697507381439209	12.697507381439209
3268	gpt2	3269	1635	17	sow	subj_rel	unexpected	The author that retrofits the senator sow	6.754181214319034e-08	6.754181214319034e-08	23.819643020629883	23.819643020629883
3269	gpt2	3270	1635	17	sow	subj_rel	expected	The author that retrofits the senator sows	0.005528536456949911	0.005528536456949911	10.873170375823975	10.873170375823975
3270	gpt2	3271	1636	17	spare	subj_rel	unexpected	The author that retrofits the senator spare	1.825278417300069e-07	1.825278417300069e-07	22.38537979125977	22.38537979125977
3271	gpt2	3272	1636	17	spare	subj_rel	expected	The author that retrofits the senator spares	0.14451887833547514	0.14451887833547514	9.269612967967987	9.269612967967987
3272	gpt2	3273	1637	17	spark	subj_rel	unexpected	The author that retrofits the senator spark	3.19443302032596e-07	3.19443302032596e-07	21.57793617248535	21.57793617248535
3273	gpt2	3274	1637	17	spark	subj_rel	expected	The author that retrofits the senator sparks	1.615910747432281e-07	1.615910747432281e-07	22.56114959716797	22.56114959716797
3274	gpt2	3275	1638	17	spawn	subj_rel	unexpected	The author that retrofits the senator spawn	2.6384075226815185e-06	2.6384075226815185e-06	18.53190040588379	18.53190040588379
3275	gpt2	3276	1638	17	spawn	subj_rel	expected	The author that retrofits the senator spawns	6.84917267790297e-07	6.84917267790297e-07	20.47756767272949	20.47756767272949
3276	gpt2	3277	1639	17	speak	subj_rel	unexpected	The author that retrofits the senator speak	2.485826598785934e-06	2.485826598785934e-06	18.617843627929688	18.617843627929688
3277	gpt2	3278	1639	17	speak	subj_rel	expected	The author that retrofits the senator speaks	5.473530472954735e-05	5.473530472954735e-05	14.1571683883667	14.1571683883667
3278	gpt2	3279	1640	17	specialize	subj_rel	unexpected	The author that retrofits the senator specialize	1.7130297180756318e-07	1.7130297180756318e-07	22.476945877075195	22.476945877075195
3279	gpt2	3280	1640	17	specialize	subj_rel	expected	The author that retrofits the senator specializes	1.126174652199552e-06	1.126174652199552e-06	19.7601375579834	19.7601375579834
3280	gpt2	3281	1641	17	specify	subj_rel	unexpected	The author that retrofits the senator specify	7.469558340744697e-07	7.469558340744697e-07	20.352474212646484	20.352474212646484
3281	gpt2	3282	1641	17	specify	subj_rel	expected	The author that retrofits the senator specifies	6.856364962004591e-06	6.856364962004591e-06	17.154125213623047	17.154125213623047
3282	gpt2	3283	1642	17	speculate	subj_rel	unexpected	The author that retrofits the senator speculate	3.1205291861624573e-07	3.1205291861624573e-07	21.611705780029297	21.611705780029297
3283	gpt2	3284	1642	17	speculate	subj_rel	expected	The author that retrofits the senator speculates	0.4896100216770378	0.4896100216770378	9.884425342082976	9.884425342082976
3284	gpt2	3285	1643	17	speed	subj_rel	unexpected	The author that retrofits the senator speed	5.547856289922493e-07	5.547856289922493e-07	20.781566619873047	20.781566619873047
3285	gpt2	3286	1643	17	speed	subj_rel	expected	The author that retrofits the senator speeds	2.463931991769641e-07	2.463931991769641e-07	21.952533721923828	21.952533721923828
3286	gpt2	3287	1644	17	spell	subj_rel	unexpected	The author that retrofits the senator spell	6.987138476688415e-07	6.987138476688415e-07	20.44879531860352	20.44879531860352
3287	gpt2	3288	1644	17	spell	subj_rel	expected	The author that retrofits the senator spells	1.8420317928757868e-06	1.8420317928757868e-06	19.050270080566406	19.050270080566406
3288	gpt2	3289	1645	17	spend	subj_rel	unexpected	The author that retrofits the senator spend	1.902709414025594e-06	1.902709414025594e-06	19.00351333618164	19.00351333618164
3289	gpt2	3290	1645	17	spend	subj_rel	expected	The author that retrofits the senator spends	4.682274266087916e-06	4.682274266087916e-06	17.70435905456543	17.70435905456543
3290	gpt2	3291	1646	17	spill	subj_rel	unexpected	The author that retrofits the senator spill	1.3912071494814884e-07	1.3912071494814884e-07	22.777158737182617	22.777158737182617
3291	gpt2	3292	1646	17	spill	subj_rel	expected	The author that retrofits the senator spills	1.374915257201792e-07	1.374915257201792e-07	22.794153213500977	22.794153213500977
3292	gpt2	3293	1647	17	spin	subj_rel	unexpected	The author that retrofits the senator spin	1.9547087504179217e-06	1.9547087504179217e-06	18.964614868164062	18.964614868164062
3293	gpt2	3294	1647	17	spin	subj_rel	expected	The author that retrofits the senator spins	6.930119980097516e-07	6.930119980097516e-07	20.460617065429688	20.460617065429688
3294	gpt2	3295	1648	17	split	subj_rel	unexpected	The author that retrofits the senator split	1.195491222460987e-06	1.195491222460987e-06	19.67396545410156	19.67396545410156
3295	gpt2	3296	1648	17	split	subj_rel	expected	The author that retrofits the senator splits	5.506110483111115e-07	5.506110483111115e-07	20.792463302612305	20.792463302612305
3296	gpt2	3297	1649	17	sponsor	subj_rel	unexpected	The author that retrofits the senator sponsor	9.953101880455506e-07	9.953101880455506e-07	19.938350677490234	19.938350677490234
3297	gpt2	3298	1649	17	sponsor	subj_rel	expected	The author that retrofits the senator sponsors	4.689797492574144e-07	4.689797492574144e-07	21.023971557617188	21.023971557617188
3298	gpt2	3299	1650	17	spotlight	subj_rel	unexpected	The author that retrofits the senator spotlight	3.008791281899903e-06	3.008791281899903e-06	18.342384338378903	18.342384338378903
3299	gpt2	3300	1650	17	spotlight	subj_rel	expected	The author that retrofits the senator spotlights	0.2747306420674249	0.2747306420674249	9.043598920106888	9.043598920106888
3300	gpt2	3301	1651	17	spot	subj_rel	unexpected	The author that retrofits the senator spot	6.53550432616612e-06	6.53550432616612e-06	17.223270416259766	17.223270416259766
3301	gpt2	3302	1651	17	spot	subj_rel	expected	The author that retrofits the senator spots	3.6459746297623497e-06	3.6459746297623497e-06	18.065263748168945	18.065263748168945
3302	gpt2	3303	1652	17	spread	subj_rel	unexpected	The author that retrofits the senator spread	4.2529932215984445e-06	4.2529932215984445e-06	17.843090057373047	17.843090057373047
3303	gpt2	3304	1652	17	spread	subj_rel	expected	The author that retrofits the senator spreads	3.733103710601426e-07	3.733103710601426e-07	21.353120803833008	21.353120803833008
3304	gpt2	3305	1653	17	spring	subj_rel	unexpected	The author that retrofits the senator spring	1.456366931051889e-06	1.456366931051889e-06	19.38919448852539	19.38919448852539
3305	gpt2	3306	1653	17	spring	subj_rel	expected	The author that retrofits the senator springs	7.47263641187601e-07	7.47263641187601e-07	20.351879119873047	20.351879119873047
3306	gpt2	3307	1654	17	sprout	subj_rel	unexpected	The author that retrofits the senator sprout	0.007277806654712995	0.007277806654712995	13.667424678802492	13.667424678802492
3307	gpt2	3308	1654	17	sprout	subj_rel	expected	The author that retrofits the senator sprouts	0.06903501031189305	0.06903501031189305	12.044530510902407	12.044530510902407
3308	gpt2	3309	1655	17	spruce	subj_rel	unexpected	The author that retrofits the senator spruce	0.000823072531602482	0.000823072531602482	13.001592636108398	13.001592636108398
3309	gpt2	3310	1655	17	spruce	subj_rel	expected	The author that retrofits the senator spruces	0.09938007160174796	0.09938007160174796	8.143239736557007	8.143239736557007
3310	gpt2	3311	1656	17	spurn	subj_rel	unexpected	The author that retrofits the senator spurn	0.014181153873323632	0.014181153873323632	10.944426774978638	10.944426774978638
3311	gpt2	3312	1656	17	spurn	subj_rel	expected	The author that retrofits the senator spurns	0.25769538806525816	0.25769538806525816	7.438025365273158	7.438025365273158
3312	gpt2	3313	1657	17	spur	subj_rel	unexpected	The author that retrofits the senator spur	8.465567447046851e-08	8.465567447046851e-08	23.49381828308105	23.49381828308105
3313	gpt2	3314	1657	17	spur	subj_rel	expected	The author that retrofits the senator spurs	0.011211039523004682	0.011211039523004682	11.114015579223633	11.114015579223633
3314	gpt2	3315	1658	17	spy	subj_rel	unexpected	The author that retrofits the senator spy	1.6739420516387329e-06	1.6739420516387329e-06	19.18831825256348	19.18831825256348
3315	gpt2	3316	1658	17	spy	subj_rel	expected	The author that retrofits the senator spies	1.8774805710108922e-07	1.8774805710108922e-07	22.344697952270508	22.344697952270508
3316	gpt2	3317	1659	17	square	subj_rel	unexpected	The author that retrofits the senator square	8.513960892742034e-06	8.513960892742034e-06	16.841737747192383	16.841737747192383
3317	gpt2	3318	1659	17	square	subj_rel	expected	The author that retrofits the senator squares	9.209820746036712e-07	9.209820746036712e-07	20.050323486328125	20.050323486328125
3318	gpt2	3319	1660	17	squeeze	subj_rel	unexpected	The author that retrofits the senator squeeze	9.899289921122545e-08	9.899289921122545e-08	23.26809883117676	23.26809883117676
3319	gpt2	3320	1660	17	squeeze	subj_rel	expected	The author that retrofits the senator squeezes	0.4902397663242652	0.4902397663242652	10.867413770407438	10.867413770407438
3320	gpt2	3321	1661	18	stabilize	subj_rel	unexpected	The farmers that extend the managers stabilizes	0.08057046011644785	0.08057046011644785	11.885312676429749	11.885312676429749
3321	gpt2	3322	1661	18	stabilize	subj_rel	expected	The farmers that extend the managers stabilize	6.434036095015472e-07	6.434036095015472e-07	20.567771911621094	20.567771911621094
3322	gpt2	3323	1662	18	stack	subj_rel	unexpected	The farmers that extend the managers stacks	1.1888208746313469e-06	1.1888208746313469e-06	19.682037353515625	19.682037353515625
3323	gpt2	3324	1662	18	stack	subj_rel	expected	The farmers that extend the managers stack	5.525518645299599e-06	5.525518645299599e-06	17.465457916259766	17.465457916259766
3324	gpt2	3325	1663	18	staff	subj_rel	unexpected	The farmers that extend the managers staffs	0.014218423617421648	0.014218423617421648	9.256930589675903	9.256930589675903
3325	gpt2	3326	1663	18	staff	subj_rel	expected	The farmers that extend the managers staff	9.4261224148795e-05	9.4261224148795e-05	13.372976303100586	13.372976303100586
3326	gpt2	3327	1664	18	stage	subj_rel	unexpected	The farmers that extend the managers stages	2.9814077606715728e-06	2.9814077606715728e-06	18.35557556152344	18.35557556152344
3327	gpt2	3328	1664	18	stage	subj_rel	expected	The farmers that extend the managers stage	1.835105103964452e-05	1.835105103964452e-05	15.73377799987793	15.73377799987793
3328	gpt2	3329	1665	18	stain	subj_rel	unexpected	The farmers that extend the managers stains	6.070956004577965e-08	6.070956004577965e-08	23.973501205444336	23.973501205444336
3329	gpt2	3330	1665	18	stain	subj_rel	expected	The farmers that extend the managers stain	1.5033315037271677e-07	1.5033315037271677e-07	22.665332794189453	22.665332794189453
3330	gpt2	3331	1666	18	stall	subj_rel	unexpected	The farmers that extend the managers stalls	1.0783700190586387e-06	1.0783700190586387e-06	19.822715759277344	19.822715759277344
3331	gpt2	3332	1666	18	stall	subj_rel	expected	The farmers that extend the managers stall	2.507897761461209e-06	2.507897761461209e-06	18.60508918762207	18.60508918762207
3332	gpt2	3333	1667	18	stampede	subj_rel	unexpected	The farmers that extend the managers stampedes	0.09820084689090433	0.09820084689090433	10.91576361656189	10.91576361656189
3333	gpt2	3334	1667	18	stampede	subj_rel	expected	The farmers that extend the managers stampede	0.24933659700582209	0.24933659700582209	10.243616938591003	10.243616938591003
3334	gpt2	3335	1668	18	stamp	subj_rel	unexpected	The farmers that extend the managers stamps	7.715739229752216e-06	7.715739229752216e-06	16.9837646484375	16.9837646484375
3335	gpt2	3336	1668	18	stamp	subj_rel	expected	The farmers that extend the managers stamp	4.3689110498235095e-06	4.3689110498235095e-06	17.80429458618164	17.80429458618164
3336	gpt2	3337	1669	18	stanch	subj_rel	unexpected	The farmers that extend the managers stanches	0.0008852405126162478	0.0008852405126162478	12.105442523956299	12.105442523956299
3337	gpt2	3338	1669	18	stanch	subj_rel	expected	The farmers that extend the managers stanch	0.0030138081174299978	0.0030138081174299978	11.213113784790039	11.213113784790039
3338	gpt2	3339	1670	18	standardize	subj_rel	unexpected	The farmers that extend the managers standardizes	6.527641562570352e-05	6.527641562570352e-05	13.907773971557617	13.907773971557617
3339	gpt2	3340	1670	18	standardize	subj_rel	expected	The farmers that extend the managers standardize	0.00022043757780917142	0.00022043757780917142	12.595087051391602	12.595087051391602
3340	gpt2	3341	1671	18	stand	subj_rel	unexpected	The farmers that extend the managers stands	1.2979627172171604e-05	1.2979627172171604e-05	16.23339080810547	16.23339080810547
3341	gpt2	3342	1671	18	stand	subj_rel	expected	The farmers that extend the managers stand	0.0002057127276202	0.0002057127276202	12.247081756591797	12.247081756591797
3342	gpt2	3343	1672	18	start	subj_rel	unexpected	The farmers that extend the managers starts	1.257721487490926e-05	1.257721487490926e-05	16.278827667236328	16.278827667236328
3343	gpt2	3344	1672	18	start	subj_rel	expected	The farmers that extend the managers start	0.0001178572128992	0.0001178572128992	13.05067253112793	13.05067253112793
3344	gpt2	3345	1673	18	star	subj_rel	unexpected	The farmers that extend the managers stars	7.700592163928377e-07	7.700592163928377e-07	20.30852699279785	20.30852699279785
3345	gpt2	3346	1673	18	star	subj_rel	expected	The farmers that extend the managers star	5.707271157007199e-06	5.707271157007199e-06	17.41876792907715	17.41876792907715
3346	gpt2	3347	1674	18	starve	subj_rel	unexpected	The farmers that extend the managers starves	0.0031596027015439038	0.0031596027015439038	12.363056421279907	12.363056421279907
3347	gpt2	3348	1674	18	starve	subj_rel	expected	The farmers that extend the managers starve	7.264210125867976e-06	7.264210125867976e-06	17.070762634277344	17.070762634277344
3348	gpt2	3349	1675	18	stash	subj_rel	unexpected	The farmers that extend the managers stashes	0.0067560063444033975	0.0067560063444033975	10.628854513168335	10.628854513168335
3349	gpt2	3350	1675	18	stash	subj_rel	expected	The farmers that extend the managers stash	4.8197739488387015e-06	4.8197739488387015e-06	17.6626033782959	17.6626033782959
3350	gpt2	3351	1676	18	state	subj_rel	unexpected	The farmers that extend the managers states	1.8345452190260403e-05	1.8345452190260403e-05	15.734217643737791	15.734217643737791
3351	gpt2	3352	1676	18	state	subj_rel	expected	The farmers that extend the managers state	0.0003011840453837	0.0003011840453837	11.697067260742188	11.697067260742188
3352	gpt2	3353	1677	18	stave	subj_rel	unexpected	The farmers that extend the managers staves	0.023585274419929147	0.023585274419929147	9.725903987884521	9.725903987884521
3353	gpt2	3354	1677	18	stave	subj_rel	expected	The farmers that extend the managers stave	0.028746377281095147	0.028746377281095147	9.583076000213623	9.583076000213623
3354	gpt2	3355	1678	18	stay	subj_rel	unexpected	The farmers that extend the managers stays	2.342859261261765e-05	2.342859261261765e-05	15.381370544433594	15.381370544433594
3355	gpt2	3356	1678	18	stay	subj_rel	expected	The farmers that extend the managers stay	0.0005015219212509	0.0005015219212509	10.96139907836914	10.96139907836914
3356	gpt2	3357	1679	18	steal	subj_rel	unexpected	The farmers that extend the managers steals	9.940855534296134e-07	9.940855534296134e-07	19.940126419067383	19.940126419067383
3357	gpt2	3358	1679	18	steal	subj_rel	expected	The farmers that extend the managers steal	2.966681904581492e-06	2.966681904581492e-06	18.36271858215332	18.36271858215332
3358	gpt2	3359	1680	18	steer	subj_rel	unexpected	The farmers that extend the managers steers	0.05875292569942302	0.05875292569942302	10.643518924713135	10.643518924713135
3359	gpt2	3360	1680	18	steer	subj_rel	expected	The farmers that extend the managers steer	1.966265017472324e-06	1.966265017472324e-06	18.95611000061035	18.95611000061035
3360	gpt2	3361	1681	18	stem	subj_rel	unexpected	The farmers that extend the managers stems	3.20751714752987e-05	3.20751714752987e-05	14.928183555603027	14.928183555603027
3361	gpt2	3362	1681	18	stem	subj_rel	expected	The farmers that extend the managers stem	7.451671990565956e-05	7.451671990565956e-05	13.712076187133787	13.712076187133787
3362	gpt2	3363	1682	18	step	subj_rel	unexpected	The farmers that extend the managers steps	2.6474650439922694e-05	2.6474650439922694e-05	15.205028533935549	15.205028533935549
3363	gpt2	3364	1682	18	step	subj_rel	expected	The farmers that extend the managers step	8.534003427485004e-05	8.534003427485004e-05	13.516417503356934	13.516417503356934
3364	gpt2	3365	1683	18	sterilize	subj_rel	unexpected	The farmers that extend the managers sterilizes	0.013941522376967426	0.013941522376967426	11.992542505264284	11.992542505264284
3365	gpt2	3366	1683	18	sterilize	subj_rel	expected	The farmers that extend the managers sterilize	0.15260782061739062	0.15260782061739062	10.266307294368746	10.266307294368746
3366	gpt2	3367	1684	18	stick	subj_rel	unexpected	The farmers that extend the managers sticks	1.7202561139129102e-05	1.7202561139129102e-05	15.827016830444336	15.827016830444336
3367	gpt2	3368	1684	18	stick	subj_rel	expected	The farmers that extend the managers stick	3.1389812647830695e-05	3.1389812647830695e-05	14.959343910217283	14.959343910217283
3368	gpt2	3369	1685	18	stifle	subj_rel	unexpected	The farmers that extend the managers stifles	0.0016854031246111478	0.0016854031246111478	11.635170459747314	11.635170459747314
3369	gpt2	3370	1685	18	stifle	subj_rel	expected	The farmers that extend the managers stifle	0.009850555635239247	0.009850555635239247	10.356340169906616	10.356340169906616
3370	gpt2	3371	1686	18	stimulate	subj_rel	unexpected	The farmers that extend the managers stimulates	4.140773057770275e-07	4.140773057770275e-07	21.203596115112305	21.203596115112305
3371	gpt2	3372	1686	18	stimulate	subj_rel	expected	The farmers that extend the managers stimulate	8.363187475879386e-07	8.363187475879386e-07	20.18944358825684	20.18944358825684
3372	gpt2	3373	1687	18	stipulate	subj_rel	unexpected	The farmers that extend the managers stipulates	0.0354141395873739	0.0354141395873739	8.526747703552246	8.526747703552246
3373	gpt2	3374	1687	18	stipulate	subj_rel	expected	The farmers that extend the managers stipulate	0.01657525900373	0.01657525900373	9.075600624084473	9.075600624084473
3374	gpt2	3375	1688	18	stir	subj_rel	unexpected	The farmers that extend the managers stirs	0.03361493304075224	0.03361493304075224	12.00680410861969	12.00680410861969
3375	gpt2	3376	1688	18	stir	subj_rel	expected	The farmers that extend the managers stir	8.782685085861885e-07	8.782685085861885e-07	20.11883544921875	20.11883544921875
3376	gpt2	3377	1689	18	stockpile	subj_rel	unexpected	The farmers that extend the managers stockpiles	0.36376828493655466	0.36376828493655466	9.496785044670105	9.496785044670105
3377	gpt2	3378	1689	18	stockpile	subj_rel	expected	The farmers that extend the managers stockpile	5.7206980272894725e-06	5.7206980272894725e-06	17.415376663208008	17.415376663208008
3378	gpt2	3379	1690	18	stock	subj_rel	unexpected	The farmers that extend the managers stocks	4.282709141989471e-06	4.282709141989471e-06	17.833044052124023	17.833044052124023
3379	gpt2	3380	1690	18	stock	subj_rel	expected	The farmers that extend the managers stock	0.000105191298644	0.000105191298644	13.214696884155272	13.214696884155272
3380	gpt2	3381	1691	18	stomach	subj_rel	unexpected	The farmers that extend the managers stomaches	0.0330733632514845	0.0330733632514845	8.523570696512857	8.523570696512857
3381	gpt2	3382	1691	18	stomach	subj_rel	expected	The farmers that extend the managers stomach	2.9459763482009294e-06	2.9459763482009294e-06	18.372821807861328	18.372821807861328
3382	gpt2	3383	1692	18	stop	subj_rel	unexpected	The farmers that extend the managers stops	1.618782880541403e-05	1.618782880541403e-05	15.9147310256958	15.9147310256958
3383	gpt2	3384	1692	18	stop	subj_rel	expected	The farmers that extend the managers stop	7.513841410400346e-05	7.513841410400346e-05	13.70008945465088	13.70008945465088
3384	gpt2	3385	1693	18	store	subj_rel	unexpected	The farmers that extend the managers stores	2.048348142125178e-05	2.048348142125178e-05	15.57517910003662	15.57517910003662
3385	gpt2	3386	1693	18	store	subj_rel	expected	The farmers that extend the managers store	2.390398913121317e-05	2.390398913121317e-05	15.352389335632324	15.352389335632324
3386	gpt2	3387	1694	18	strafe	subj_rel	unexpected	The farmers that extend the managers strafes	0.1726834400728876	0.1726834400728876	9.33834687868754	9.33834687868754
3387	gpt2	3388	1694	18	strafe	subj_rel	expected	The farmers that extend the managers strafe	0.004331775710625118	0.004331775710625118	12.093303680419922	12.093303680419922
3388	gpt2	3389	1695	18	straighten	subj_rel	unexpected	The farmers that extend the managers straightens	0.00018274658395964116	0.00018274658395964116	13.014512538909912	13.014512538909912
3389	gpt2	3390	1695	18	straighten	subj_rel	expected	The farmers that extend the managers straighten	0.0004710748562501912	0.0004710748562501912	12.271024703979492	12.271024703979492
3390	gpt2	3391	1696	18	strain	subj_rel	unexpected	The farmers that extend the managers strains	2.970373543575988e-06	2.970373543575988e-06	18.360923767089844	18.360923767089844
3391	gpt2	3392	1696	18	strain	subj_rel	expected	The farmers that extend the managers strain	5.715114184567938e-06	5.715114184567938e-06	17.416786193847656	17.416786193847656
3392	gpt2	3393	1697	18	stray	subj_rel	unexpected	The farmers that extend the managers strays	0.0010696625904529039	0.0010696625904529039	11.162696838378906	11.162696838378906
3393	gpt2	3394	1697	18	stray	subj_rel	expected	The farmers that extend the managers stray	8.528331818524748e-07	8.528331818524748e-07	20.16123390197754	20.16123390197754
3394	gpt2	3395	1698	18	streamline	subj_rel	unexpected	The farmers that extend the managers streamlines	0.004303674402763104	0.004303674402763104	10.455769300460815	10.455769300460815
3395	gpt2	3396	1698	18	streamline	subj_rel	expected	The farmers that extend the managers streamline	0.017082173566450354	0.017082173566450354	9.457609415054321	9.457609415054321
3396	gpt2	3397	1699	18	streetspeak	subj_rel	unexpected	The farmers that extend the managers streetspeaks	0.05007392397487819	0.05007392397487819	12.069610993067423	12.069610993067423
3397	gpt2	3398	1699	18	streetspeak	subj_rel	expected	The farmers that extend the managers streetspeak	1.2817952665500345e-05	1.2817952665500345e-05	16.90335178375244	16.90335178375244
3398	gpt2	3399	1700	18	strengthen	subj_rel	unexpected	The farmers that extend the managers strengthens	1.6772227127148651e-06	1.6772227127148651e-06	19.18549346923828	19.18549346923828
3399	gpt2	3400	1700	18	strengthen	subj_rel	expected	The farmers that extend the managers strengthen	4.129181434109341e-06	4.129181434109341e-06	17.885713577270508	17.885713577270508
3400	gpt2	3401	1701	18	stress	subj_rel	unexpected	The farmers that extend the managers stresses	1.882948708953336e-06	1.882948708953336e-06	19.01857566833496	19.01857566833496
3401	gpt2	3402	1701	18	stress	subj_rel	expected	The farmers that extend the managers stress	3.634399035945535e-05	3.634399035945535e-05	14.747923851013184	14.747923851013184
3402	gpt2	3403	1702	18	stretch	subj_rel	unexpected	The farmers that extend the managers stretches	6.308153388090432e-05	6.308153388090432e-05	13.952423095703123	13.952423095703123
3403	gpt2	3404	1702	18	stretch	subj_rel	expected	The farmers that extend the managers stretch	0.0001347399811493	0.0001347399811493	12.857534408569336	12.857534408569336
3404	gpt2	3405	1703	18	strike	subj_rel	unexpected	The farmers that extend the managers strikes	7.430213008774444e-05	7.430213008774444e-05	13.71623706817627	13.71623706817627
3405	gpt2	3406	1703	18	strike	subj_rel	expected	The farmers that extend the managers strike	0.0006419508135877	0.0006419508135877	10.605249404907228	10.605249404907228
3406	gpt2	3407	1704	18	strip	subj_rel	unexpected	The farmers that extend the managers strips	1.6198206139961258e-05	1.6198206139961258e-05	15.913805961608888	15.913805961608888
3407	gpt2	3408	1704	18	strip	subj_rel	expected	The farmers that extend the managers strip	3.5434160963632166e-05	3.5434160963632166e-05	14.784499168395996	14.784499168395996
3408	gpt2	3409	1705	18	stroll	subj_rel	unexpected	The farmers that extend the managers strolls	0.021464906494713863	0.021464906494713863	12.001525640487671	12.001525640487671
3409	gpt2	3410	1705	18	stroll	subj_rel	expected	The farmers that extend the managers stroll	1.3855316183253308e-06	1.3855316183253308e-06	19.46112823486328	19.46112823486328
3410	gpt2	3411	1706	18	structure	subj_rel	unexpected	The farmers that extend the managers structures	2.647525616339408e-05	2.647525616339408e-05	15.204996109008787	15.204996109008787
3411	gpt2	3412	1706	18	structure	subj_rel	expected	The farmers that extend the managers structure	5.281245830701664e-05	5.281245830701664e-05	14.208762168884276	14.208762168884276
3412	gpt2	3413	1707	18	struggle	subj_rel	unexpected	The farmers that extend the managers struggles	3.889616436936194e-06	3.889616436936194e-06	17.971940994262695	17.971940994262695
3413	gpt2	3414	1707	18	struggle	subj_rel	expected	The farmers that extend the managers struggle	6.638838385697454e-05	6.638838385697454e-05	13.87870979309082	13.87870979309082
3414	gpt2	3415	1708	18	study	subj_rel	unexpected	The farmers that extend the managers studies	1.6476404198328964e-05	1.6476404198328964e-05	15.889239311218262	15.889239311218262
3415	gpt2	3416	1708	18	study	subj_rel	expected	The farmers that extend the managers study	6.46652260911651e-05	6.46652260911651e-05	13.916650772094728	13.916650772094728
3416	gpt2	3417	1709	18	stumble	subj_rel	unexpected	The farmers that extend the managers stumbles	0.005330754514034148	0.005330754514034148	10.800193071365356	10.800193071365356
3417	gpt2	3418	1709	18	stumble	subj_rel	expected	The farmers that extend the managers stumble	4.1347749402120826e-07	4.1347749402120826e-07	21.2056884765625	21.2056884765625
3418	gpt2	3419	1710	18	subcontract	subj_rel	unexpected	The farmers that extend the managers subcontracts	0.1041540038088442	0.1041540038088442	10.411165356636047	10.411165356636047
3419	gpt2	3420	1710	18	subcontract	subj_rel	expected	The farmers that extend the managers subcontract	2.589126324892277e-06	2.589126324892277e-06	18.55910301208496	18.55910301208496
3420	gpt2	3421	1711	18	subject	subj_rel	unexpected	The farmers that extend the managers subjects	9.039657697940128e-07	9.039657697940128e-07	20.077228546142575	20.077228546142575
3421	gpt2	3422	1711	18	subject	subj_rel	expected	The farmers that extend the managers subject	1.6488853361806832e-05	1.6488853361806832e-05	15.88814926147461	15.88814926147461
3422	gpt2	3423	1712	18	sublet	subj_rel	unexpected	The farmers that extend the managers sublets	0.0003473002361715701	0.0003473002361715701	12.184447288513184	12.184447288513184
3423	gpt2	3424	1712	18	sublet	subj_rel	expected	The farmers that extend the managers sublet	0.00339440227980957	0.00339440227980957	10.466194868087769	10.466194868087769
3424	gpt2	3425	1713	18	submit	subj_rel	unexpected	The farmers that extend the managers submits	0.00482635707157892	0.00482635707157892	10.209937810897827	10.209937810897827
3425	gpt2	3426	1713	18	submit	subj_rel	expected	The farmers that extend the managers submit	4.176070433459245e-06	4.176070433459245e-06	17.869422912597656	17.869422912597656
3426	gpt2	3427	1714	18	subordinate	subj_rel	unexpected	The farmers that extend the managers subordinates	1.993551705936625e-07	1.993551705936625e-07	22.258155822753903	22.258155822753903
3427	gpt2	3428	1714	18	subordinate	subj_rel	expected	The farmers that extend the managers subordinate	5.774829787696945e-07	5.774829787696945e-07	20.72371864318848	20.72371864318848
3428	gpt2	3429	1715	18	subpoena	subj_rel	unexpected	The farmers that extend the managers subpoenas	0.34007927038453545	0.34007927038453545	11.153650611639025	11.153650611639025
3429	gpt2	3430	1715	18	subpoena	subj_rel	expected	The farmers that extend the managers subpoena	5.526928248400509e-07	5.526928248400509e-07	20.787017822265625	20.787017822265625
3430	gpt2	3431	1716	18	subscribe	subj_rel	unexpected	The farmers that extend the managers subscribes	0.35138236115354005	0.35138236115354005	10.7968430519104	10.7968430519104
3431	gpt2	3432	1716	18	subscribe	subj_rel	expected	The farmers that extend the managers subscribe	1.7465730707044713e-05	1.7465730707044713e-05	15.805113792419434	15.805113792419434
3432	gpt2	3433	1717	18	subsidize	subj_rel	unexpected	The farmers that extend the managers subsidizes	0.033406217286938024	0.033406217286938024	9.675256133079529	9.675256133079529
3433	gpt2	3434	1717	18	subsidize	subj_rel	expected	The farmers that extend the managers subsidize	0.30033572826778254	0.30033572826778254	8.09084740281105	8.09084740281105
3434	gpt2	3435	1718	18	substantiate	subj_rel	unexpected	The farmers that extend the managers substantiates	0.02266511318455853	0.02266511318455853	12.962226629257202	12.962226629257202
3435	gpt2	3436	1718	18	substantiate	subj_rel	expected	The farmers that extend the managers substantiate	0.20196665262054123	0.20196665262054123	11.384435892105103	11.384435892105103
3436	gpt2	3437	1719	18	substitute	subj_rel	unexpected	The farmers that extend the managers substitutes	1.4030348438609508e-07	1.4030348438609508e-07	22.76494598388672	22.76494598388672
3437	gpt2	3438	1719	18	substitute	subj_rel	expected	The farmers that extend the managers substitute	1.4672973236429246e-07	1.4672973236429246e-07	22.700334548950195	22.700334548950195
3438	gpt2	3439	1720	18	subtract	subj_rel	unexpected	The farmers that extend the managers subtracts	0.031236050457311017	0.031236050457311017	14.155880212783812	14.155880212783812
3439	gpt2	3440	1720	18	subtract	subj_rel	expected	The farmers that extend the managers subtract	4.8042441136431087e-08	4.8042441136431087e-08	24.311115264892575	24.311115264892575
3440	gpt2	3441	1721	18	subvert	subj_rel	unexpected	The farmers that extend the managers subverts	6.927617869223468e-05	6.927617869223468e-05	13.821276187896729	13.821276187896729
3441	gpt2	3442	1721	18	subvert	subj_rel	expected	The farmers that extend the managers subvert	0.00015959224401737007	0.00015959224401737007	12.8551025390625	12.8551025390625
3442	gpt2	3443	1722	18	succeed	subj_rel	unexpected	The farmers that extend the managers succeeds	2.063129386442597e-06	2.063129386442597e-06	18.886734008789062	18.886734008789062
3443	gpt2	3444	1722	18	succeed	subj_rel	expected	The farmers that extend the managers succeed	1.707507180981338e-05	1.707507180981338e-05	15.837748527526855	15.837748527526855
3444	gpt2	3445	1723	18	sue	subj_rel	unexpected	The farmers that extend the managers sues	0.03397262137605138	0.03397262137605138	10.224566578865051	10.224566578865051
3445	gpt2	3446	1723	18	sue	subj_rel	expected	The farmers that extend the managers sue	7.461196673830273e-06	7.461196673830273e-06	17.032161712646484	17.032161712646484
3446	gpt2	3447	1724	18	suffer	subj_rel	unexpected	The farmers that extend the managers suffers	8.407137102039997e-07	8.407137102039997e-07	20.181882858276367	20.181882858276367
3447	gpt2	3448	1724	18	suffer	subj_rel	expected	The farmers that extend the managers suffer	1.010769574349979e-05	1.010769574349979e-05	16.594186782836914	16.594186782836914
3448	gpt2	3449	1725	18	suffice	subj_rel	unexpected	The farmers that extend the managers suffices	0.007959954238458522	0.007959954238458522	12.798198461532593	12.798198461532593
3449	gpt2	3450	1725	18	suffice	subj_rel	expected	The farmers that extend the managers suffice	9.415834369974618e-07	9.415834369974618e-07	20.018407821655277	20.018407821655277
3450	gpt2	3451	1726	18	suggest	subj_rel	unexpected	The farmers that extend the managers suggests	6.448216936405515e-06	6.448216936405515e-06	17.24266815185547	17.24266815185547
3451	gpt2	3452	1726	18	suggest	subj_rel	expected	The farmers that extend the managers suggest	1.581319884280674e-05	1.581319884280674e-05	15.948511123657228	15.948511123657228
3452	gpt2	3453	1727	18	suit	subj_rel	unexpected	The farmers that extend the managers suits	4.366911525721662e-06	4.366911525721662e-06	17.804954528808594	17.804954528808594
3453	gpt2	3454	1727	18	suit	subj_rel	expected	The farmers that extend the managers suit	1.1153341802128123e-05	1.1153341802128123e-05	16.452163696289062	16.452163696289062
3454	gpt2	3455	1728	18	summarize	subj_rel	unexpected	The farmers that extend the managers summarizes	1.271458955898197e-07	1.271458955898197e-07	22.90701103210449	22.90701103210449
3455	gpt2	3456	1728	18	summarize	subj_rel	expected	The farmers that extend the managers summarize	3.7926619711470266e-07	3.7926619711470266e-07	21.330286026000977	21.330286026000977
3456	gpt2	3457	1729	18	summon	subj_rel	unexpected	The farmers that extend the managers summons	5.18015895067947e-07	5.18015895067947e-07	20.88050079345703	20.88050079345703
3457	gpt2	3458	1729	18	summon	subj_rel	expected	The farmers that extend the managers summon	6.656583195763233e-07	6.656583195763233e-07	20.51871490478516	20.51871490478516
3458	gpt2	3459	1730	18	sum	subj_rel	unexpected	The farmers that extend the managers sums	1.1294843034193036e-06	1.1294843034193036e-06	19.755905151367188	19.755905151367188
3459	gpt2	3460	1730	18	sum	subj_rel	expected	The farmers that extend the managers sum	6.98762823958532e-06	6.98762823958532e-06	17.126766204833984	17.126766204833984
3460	gpt2	3461	1731	18	supersede	subj_rel	unexpected	The farmers that extend the managers supersedes	0.3851957102932791	0.3851957102932791	7.6711746888856105	7.6711746888856105
3461	gpt2	3462	1731	18	supersede	subj_rel	expected	The farmers that extend the managers supersede	0.30233194557372656	0.30233194557372656	11.976244509220123	11.976244509220123
3462	gpt2	3463	1732	18	supervise	subj_rel	unexpected	The farmers that extend the managers supervises	0.004996576679332032	0.004996576679332032	12.719465970993042	12.719465970993042
3463	gpt2	3464	1732	18	supervise	subj_rel	expected	The farmers that extend the managers supervise	0.39679556838927965	0.39679556838927965	9.563653007149696	9.563653007149696
3464	gpt2	3465	1733	18	supplement	subj_rel	unexpected	The farmers that extend the managers supplements	1.8454447854310276e-06	1.8454447854310276e-06	19.04759979248047	19.04759979248047
3465	gpt2	3466	1733	18	supplement	subj_rel	expected	The farmers that extend the managers supplement	2.113602477038512e-06	2.113602477038512e-06	18.851863861083984	18.851863861083984
3466	gpt2	3467	1734	18	supply	subj_rel	unexpected	The farmers that extend the managers supplies	5.800712096970528e-05	5.800712096970528e-05	14.073410034179688	14.073410034179688
3467	gpt2	3468	1734	18	supply	subj_rel	expected	The farmers that extend the managers supply	0.0021554983686655	0.0021554983686655	8.857762336730957	8.857762336730957
3468	gpt2	3469	1735	18	support	subj_rel	unexpected	The farmers that extend the managers supports	1.95048069144832e-05	1.95048069144832e-05	15.645811080932615	15.645811080932615
3469	gpt2	3470	1735	18	support	subj_rel	expected	The farmers that extend the managers support	0.0007149141165427	0.0007149141165427	10.449942588806152	10.449942588806152
3470	gpt2	3471	1736	18	suppose	subj_rel	unexpected	The farmers that extend the managers supposes	0.029857812043928785	0.029857812043928785	12.016773223876955	12.016773223876955
3471	gpt2	3472	1736	18	suppose	subj_rel	expected	The farmers that extend the managers suppose	1.535334632762897e-07	1.535334632762897e-07	22.63494300842285	22.63494300842285
3472	gpt2	3473	1737	18	suppress	subj_rel	unexpected	The farmers that extend the managers suppresses	0.10214452032437293	0.10214452032437293	11.129549264907839	11.129549264907839
3473	gpt2	3474	1737	18	suppress	subj_rel	expected	The farmers that extend the managers suppress	3.549148459569551e-07	3.549148459569551e-07	21.426023483276367	21.426023483276367
3474	gpt2	3475	1738	18	surface	subj_rel	unexpected	The farmers that extend the managers surfaces	4.156503905505815e-07	4.156503905505815e-07	21.1981258392334	21.1981258392334
3475	gpt2	3476	1738	18	surface	subj_rel	expected	The farmers that extend the managers surface	1.0539569302636664e-05	1.0539569302636664e-05	16.533824920654297	16.533824920654297
3476	gpt2	3477	1739	18	surge	subj_rel	unexpected	The farmers that extend the managers surges	7.043936989248324e-08	7.043936989248324e-08	23.759042739868164	23.759042739868164
3477	gpt2	3478	1739	18	surge	subj_rel	expected	The farmers that extend the managers surge	1.8464869526724213e-06	1.8464869526724213e-06	19.046785354614254	19.046785354614254
3478	gpt2	3479	1740	18	surpass	subj_rel	unexpected	The farmers that extend the managers surpasses	0.002252652618253111	0.002252652618253111	14.589484691619875	14.589484691619875
3479	gpt2	3480	1740	18	surpass	subj_rel	expected	The farmers that extend the managers surpass	3.652296243217279e-07	3.652296243217279e-07	21.384693145751957	21.384693145751957
3480	gpt2	3481	1741	18	surprise	subj_rel	unexpected	The farmers that extend the managers surprises	4.71946805191692e-07	4.71946805191692e-07	21.01487159729004	21.01487159729004
3481	gpt2	3482	1741	18	surprise	subj_rel	expected	The farmers that extend the managers surprise	6.809739261370851e-06	6.809739261370851e-06	17.163969039916992	17.163969039916992
3482	gpt2	3483	1742	18	surrender	subj_rel	unexpected	The farmers that extend the managers surrenders	0.36629352563735057	0.36629352563735057	6.232107972105344	6.232107972105344
3483	gpt2	3484	1742	18	surrender	subj_rel	expected	The farmers that extend the managers surrender	6.815635060775094e-07	6.815635060775094e-07	20.48464775085449	20.48464775085449
3484	gpt2	3485	1743	18	survey	subj_rel	unexpected	The farmers that extend the managers surveys	6.889011729072081e-06	6.889011729072081e-06	17.14727210998535	17.14727210998535
3485	gpt2	3486	1743	18	survey	subj_rel	expected	The farmers that extend the managers survey	3.215185643057339e-05	3.215185643057339e-05	14.924737930297852	14.924737930297852
3486	gpt2	3487	1744	18	survive	subj_rel	unexpected	The farmers that extend the managers survives	1.2167809018137632e-06	1.2167809018137632e-06	19.64849853515625	19.64849853515625
3487	gpt2	3488	1744	18	survive	subj_rel	expected	The farmers that extend the managers survive	1.0254030712530948e-05	1.0254030712530948e-05	16.573450088500977	16.573450088500977
3488	gpt2	3489	1745	18	suspect	subj_rel	unexpected	The farmers that extend the managers suspects	2.1902232560933046e-07	2.1902232560933046e-07	22.122419357299805	22.122419357299805
3489	gpt2	3490	1745	18	suspect	subj_rel	expected	The farmers that extend the managers suspect	6.034817943145754e-07	6.034817943145754e-07	20.660186767578125	20.660186767578125
3490	gpt2	3491	1746	18	suspend	subj_rel	unexpected	The farmers that extend the managers suspends	0.2370285334534401	0.2370285334534401	9.45039987564087	9.45039987564087
3491	gpt2	3492	1746	18	suspend	subj_rel	expected	The farmers that extend the managers suspend	1.0765122624434298e-06	1.0765122624434298e-06	19.82520294189453	19.82520294189453
3492	gpt2	3493	1747	18	sustain	subj_rel	unexpected	The farmers that extend the managers sustains	0.003942138579873206	0.003942138579873206	12.611856698989868	12.611856698989868
3493	gpt2	3494	1747	18	sustain	subj_rel	expected	The farmers that extend the managers sustain	2.5058129722310696e-06	2.5058129722310696e-06	18.60628890991211	18.60628890991211
3494	gpt2	3495	1748	18	swallow	subj_rel	unexpected	The farmers that extend the managers swallows	0.480137712144447	0.480137712144447	13.145500440150498	13.145500440150498
3495	gpt2	3496	1748	18	swallow	subj_rel	expected	The farmers that extend the managers swallow	5.8833645510958377e-08	5.8833645510958377e-08	24.018783569335938	24.018783569335938
3496	gpt2	3497	1749	18	swamp	subj_rel	unexpected	The farmers that extend the managers swamps	0.004018671040284967	0.004018671040284967	11.440351963043213	11.440351963043213
3497	gpt2	3498	1749	18	swamp	subj_rel	expected	The farmers that extend the managers swamp	3.320296173114912e-06	3.320296173114912e-06	18.20025634765625	18.20025634765625
3498	gpt2	3499	1750	18	swap	subj_rel	unexpected	The farmers that extend the managers swaps	3.043864467144886e-07	3.043864467144886e-07	21.647592544555664	21.647592544555664
3499	gpt2	3500	1750	18	swap	subj_rel	expected	The farmers that extend the managers swap	1.288770477003709e-06	1.288770477003709e-06	19.56557273864746	19.56557273864746
3500	gpt2	3501	1751	18	sway	subj_rel	unexpected	The farmers that extend the managers sways	0.0028819287763326	0.0028819287763326	10.300392627716064	10.300392627716064
3501	gpt2	3502	1751	18	sway	subj_rel	expected	The farmers that extend the managers sway	1.1140839887957554e-05	1.1140839887957554e-05	16.45378303527832	16.45378303527832
3502	gpt2	3503	1752	18	swear	subj_rel	unexpected	The farmers that extend the managers swears	0.013024171509641717	0.013024171509641717	10.591148138046265	10.591148138046265
3503	gpt2	3504	1752	18	swear	subj_rel	expected	The farmers that extend the managers swear	6.986562311794842e-06	6.986562311794842e-06	17.126985549926758	17.126985549926758
3504	gpt2	3505	1753	18	sweat	subj_rel	unexpected	The farmers that extend the managers sweats	7.635828751517693e-07	7.635828751517693e-07	20.320711135864254	20.320711135864254
3505	gpt2	3506	1753	18	sweat	subj_rel	expected	The farmers that extend the managers sweat	5.413191047409782e-06	5.413191047409782e-06	17.495088577270508	17.495088577270508
3506	gpt2	3507	1754	18	sweeten	subj_rel	unexpected	The farmers that extend the managers sweetens	0.022063683326905437	0.022063683326905437	10.892874479293823	10.892874479293823
3507	gpt2	3508	1754	18	sweeten	subj_rel	expected	The farmers that extend the managers sweeten	0.009200251269703537	0.009200251269703537	11.523982048034668	11.523982048034668
3508	gpt2	3509	1755	18	swell	subj_rel	unexpected	The farmers that extend the managers swells	0.0015976917211446172	0.0015976917211446172	12.107919692993164	12.107919692993164
3509	gpt2	3510	1755	18	swell	subj_rel	expected	The farmers that extend the managers swell	2.4174485702133097e-07	2.4174485702133097e-07	21.980010986328125	21.980010986328125
3510	gpt2	3511	1756	18	swing	subj_rel	unexpected	The farmers that extend the managers swings	3.352686235302827e-07	3.352686235302827e-07	21.5081787109375	21.5081787109375
3511	gpt2	3512	1756	18	swing	subj_rel	expected	The farmers that extend the managers swing	1.0683793334465008e-06	1.0683793334465008e-06	19.836145401000977	19.836145401000977
3512	gpt2	3513	1757	18	switch	subj_rel	unexpected	The farmers that extend the managers switches	1.5154871562117478e-06	1.5154871562117478e-06	19.331787109375	19.331787109375
3513	gpt2	3514	1757	18	switch	subj_rel	expected	The farmers that extend the managers switch	2.8724809453706257e-05	2.8724809453706257e-05	15.087343215942385	15.087343215942385
3514	gpt2	3515	1758	19	synthesize	subj_rel	unexpected	The managers that cause the author synthesizes	0.02595038619814005	0.02595038619814005	13.920752286911013	13.920752286911013
3515	gpt2	3516	1758	19	synthesize	subj_rel	expected	The managers that cause the author synthesize	0.2664623959082135	0.2664623959082135	12.240699380636217	12.240699380636217
3516	gpt2	3517	1759	19	tackle	subj_rel	unexpected	The managers that cause the author tackles	5.461675200990612e-08	5.461675200990612e-08	24.126081466674805	24.126081466674805
3517	gpt2	3518	1759	19	tackle	subj_rel	expected	The managers that cause the author tackle	3.035708218135369e-08	3.035708218135369e-08	24.973390579223636	24.973390579223636
3518	gpt2	3519	1760	19	tag	subj_rel	unexpected	The managers that cause the author tags	5.428110398497665e-06	5.428110398497665e-06	17.491119384765625	17.491119384765625
3519	gpt2	3520	1760	19	tag	subj_rel	expected	The managers that cause the author tag	3.0979924758867128e-06	3.0979924758867128e-06	18.300235748291016	18.300235748291016
3520	gpt2	3521	1761	19	take	subj_rel	unexpected	The managers that cause the author takes	3.4854943805839866e-05	3.4854943805839866e-05	14.808277130126951	14.808277130126951
3521	gpt2	3522	1761	19	take	subj_rel	expected	The managers that cause the author take	0.0001439064944861	0.0001439064944861	12.762580871582031	12.762580871582031
3522	gpt2	3523	1762	19	talk	subj_rel	unexpected	The managers that cause the author talks	2.863491999960388e-06	2.863491999960388e-06	18.413793563842773	18.413793563842773
3523	gpt2	3524	1762	19	talk	subj_rel	expected	The managers that cause the author talk	2.325481773368665e-06	2.325481773368665e-06	18.714038848876957	18.714038848876957
3524	gpt2	3525	1763	19	tamper	subj_rel	unexpected	The managers that cause the author tampers	0.1541837436534621	0.1541837436534621	12.070258736610413	12.070258736610413
3525	gpt2	3526	1763	19	tamper	subj_rel	expected	The managers that cause the author tamper	0.27502075091854294	0.27502075091854294	10.576258212327957	10.576258212327957
3526	gpt2	3527	1764	19	tandy	subj_rel	unexpected	The managers that cause the author tandies	0.002141140443806431	0.002141140443806431	10.580507755279541	10.580507755279541
3527	gpt2	3528	1764	19	tandy	subj_rel	expected	The managers that cause the author tandy	3.219879545213189e-05	3.219879545213189e-05	15.113019466400146	15.113019466400146
3528	gpt2	3529	1765	19	tap	subj_rel	unexpected	The managers that cause the author taps	3.6378006029735843e-07	3.6378006029735843e-07	21.390430450439453	21.390430450439453
3529	gpt2	3530	1765	19	tap	subj_rel	expected	The managers that cause the author tap	8.872007839499929e-08	8.872007839499929e-08	23.426164627075195	23.426164627075195
3530	gpt2	3531	1766	19	target	subj_rel	unexpected	The managers that cause the author targets	2.376092425038223e-06	2.376092425038223e-06	18.6829776763916	18.6829776763916
3531	gpt2	3532	1766	19	target	subj_rel	expected	The managers that cause the author target	3.411004172448884e-06	3.411004172448884e-06	18.1613712310791	18.1613712310791
3532	gpt2	3533	1767	19	tarnish	subj_rel	unexpected	The managers that cause the author tarnishes	0.015337719682108253	0.015337719682108253	13.547388076782227	13.547388076782227
3533	gpt2	3534	1767	19	tarnish	subj_rel	expected	The managers that cause the author tarnish	0.3371788208442439	0.3371788208442439	11.318203896284103	11.318203896284103
3534	gpt2	3535	1768	19	taste	subj_rel	unexpected	The managers that cause the author tastes	2.628458446451987e-07	2.628458446451987e-07	21.85927963256836	21.85927963256836
3535	gpt2	3536	1768	19	taste	subj_rel	expected	The managers that cause the author taste	2.3497442214193145e-07	2.3497442214193145e-07	22.02099227905273	22.02099227905273
3536	gpt2	3537	1769	19	tax	subj_rel	unexpected	The managers that cause the author taxes	3.1242441309586866e-06	3.1242441309586866e-06	18.288061141967773	18.288061141967773
3537	gpt2	3538	1769	19	tax	subj_rel	expected	The managers that cause the author tax	1.2175452866358684e-05	1.2175452866358684e-05	16.325664520263672	16.325664520263672
3538	gpt2	3539	1770	19	teach	subj_rel	unexpected	The managers that cause the author teaches	6.58246079865421e-08	6.58246079865421e-08	23.85679817199707	23.85679817199707
3539	gpt2	3540	1770	19	teach	subj_rel	expected	The managers that cause the author teach	3.835049255940248e-07	3.835049255940248e-07	21.31425094604492	21.31425094604492
3540	gpt2	3541	1771	19	team	subj_rel	unexpected	The managers that cause the author teams	6.6837742451753e-06	6.6837742451753e-06	17.19090461730957	17.19090461730957
3541	gpt2	3542	1771	19	team	subj_rel	expected	The managers that cause the author team	9.762043919181453e-05	9.762043919181453e-05	13.322457313537598	13.322457313537598
3542	gpt2	3543	1772	19	tear	subj_rel	unexpected	The managers that cause the author tears	7.939142392388021e-07	7.939142392388021e-07	20.26451301574707	20.26451301574707
3543	gpt2	3544	1772	19	tear	subj_rel	expected	The managers that cause the author tear	1.0125153266926643e-06	1.0125153266926643e-06	19.91362571716309	19.91362571716309
3544	gpt2	3545	1773	19	tell	subj_rel	unexpected	The managers that cause the author tells	1.5638295280950842e-06	1.5638295280950842e-06	19.28648567199707	19.28648567199707
3545	gpt2	3546	1773	19	tell	subj_rel	expected	The managers that cause the author tell	1.992902525671525e-06	1.992902525671525e-06	18.936697006225582	18.936697006225582
3546	gpt2	3547	1774	19	tender	subj_rel	unexpected	The managers that cause the author tenders	0.00022522636891148556	0.00022522636891148556	14.113924026489258	14.113924026489258
3547	gpt2	3548	1774	19	tender	subj_rel	expected	The managers that cause the author tender	9.715151918499032e-07	9.715151918499032e-07	19.9732608795166	19.9732608795166
3548	gpt2	3549	1775	19	tend	subj_rel	unexpected	The managers that cause the author tends	2.872945287890616e-06	2.872945287890616e-06	18.40903854370117	18.40903854370117
3549	gpt2	3550	1775	19	tend	subj_rel	expected	The managers that cause the author tend	7.176225153671112e-06	7.176225153671112e-06	17.088342666625977	17.088342666625977
3550	gpt2	3551	1776	19	terminate	subj_rel	unexpected	The managers that cause the author terminates	0.15075877553726966	0.15075877553726966	9.23814344406128	9.23814344406128
3551	gpt2	3552	1776	19	terminate	subj_rel	expected	The managers that cause the author terminate	1.2399257229844809e-06	1.2399257229844809e-06	19.621315002441406	19.621315002441406
3552	gpt2	3553	1777	19	term	subj_rel	unexpected	The managers that cause the author terms	3.2533380363020115e-06	3.2533380363020115e-06	18.22964859008789	18.22964859008789
3553	gpt2	3554	1777	19	term	subj_rel	expected	The managers that cause the author term	1.314653673034627e-05	1.314653673034627e-05	16.21495819091797	16.21495819091797
3554	gpt2	3555	1778	19	test-drive	subj_rel	unexpected	The managers that cause the author test-drives	0.004720215911447658	0.004720215911447658	12.097042083740234	12.097042083740234
3555	gpt2	3556	1778	19	test-drive	subj_rel	expected	The managers that cause the author test-drive	0.004720215911447658	0.004720215911447658	12.097042083740234	12.097042083740234
3556	gpt2	3557	1779	19	testify	subj_rel	unexpected	The managers that cause the author testifies	6.60865700865073e-05	6.60865700865073e-05	15.206582069396973	15.206582069396973
3557	gpt2	3558	1779	19	testify	subj_rel	expected	The managers that cause the author testify	3.085924618062563e-07	3.085924618062563e-07	21.62779426574707	21.62779426574707
3558	gpt2	3559	1780	19	test	subj_rel	unexpected	The managers that cause the author tests	7.046181508485461e-06	7.046181508485461e-06	17.114727020263672	17.114727020263672
3559	gpt2	3560	1780	19	test	subj_rel	expected	The managers that cause the author test	5.522263109014602e-06	5.522263109014602e-06	17.46630859375	17.46630859375
3560	gpt2	3561	1781	19	thank	subj_rel	unexpected	The managers that cause the author thanks	1.88159526715026e-06	1.88159526715026e-06	19.019611358642575	19.019611358642575
3561	gpt2	3562	1781	19	thank	subj_rel	expected	The managers that cause the author thank	1.439585776097374e-05	1.439585776097374e-05	16.083986282348633	16.083986282348633
3562	gpt2	3563	1782	19	the	subj_rel	unexpected	The managers that cause the author thes	0.005003635164555888	0.005003635164555888	13.886720895767212	13.886720895767212
3563	gpt2	3564	1782	19	the	subj_rel	expected	The managers that cause the author the	0.0100068347528576	0.0100068347528576	6.6428704261779785	6.6428704261779785
3564	gpt2	3565	1783	19	think	subj_rel	unexpected	The managers that cause the author thinks	1.5748875739518553e-05	1.5748875739518553e-05	15.954391479492188	15.954391479492188
3565	gpt2	3566	1783	19	think	subj_rel	expected	The managers that cause the author think	0.0001534602197352	0.0001534602197352	12.66984748840332	12.66984748840332
3566	gpt2	3567	1784	19	thrash	subj_rel	unexpected	The managers that cause the author thrashes	0.012392647259446216	0.012392647259446216	12.785317182540894	12.785317182540894
3567	gpt2	3568	1784	19	thrash	subj_rel	expected	The managers that cause the author thrash	0.035158819214018415	0.035158819214018415	12.033100843429565	12.033100843429565
3568	gpt2	3569	1785	19	threaten	subj_rel	unexpected	The managers that cause the author threatens	1.0724523917815532e-06	1.0724523917815532e-06	19.83065414428711	19.83065414428711
3569	gpt2	3570	1785	19	threaten	subj_rel	expected	The managers that cause the author threaten	8.218575544560736e-07	8.218575544560736e-07	20.214609146118164	20.214609146118164
3570	gpt2	3571	1786	19	thrive	subj_rel	unexpected	The managers that cause the author thrives	0.35922681195656736	0.35922681195656736	11.30766387283802	11.30766387283802
3571	gpt2	3572	1786	19	thrive	subj_rel	expected	The managers that cause the author thrive	3.05285936974542e-07	3.05285936974542e-07	21.643335342407227	21.643335342407227
3572	gpt2	3573	1787	19	throw	subj_rel	unexpected	The managers that cause the author throws	3.234539462937392e-07	3.234539462937392e-07	21.5599365234375	21.5599365234375
3573	gpt2	3574	1787	19	throw	subj_rel	expected	The managers that cause the author throw	2.084309699057485e-06	2.084309699057485e-06	18.871999740600582	18.871999740600582
3574	gpt2	3575	1788	19	thwart	subj_rel	unexpected	The managers that cause the author thwarts	0.006334571229444913	0.006334571229444913	13.047743320465086	13.047743320465086
3575	gpt2	3576	1788	19	thwart	subj_rel	expected	The managers that cause the author thwart	2.8122231654492683e-08	2.8122231654492683e-08	25.08371353149414	25.08371353149414
3576	gpt2	3577	1789	19	tick	subj_rel	unexpected	The managers that cause the author ticks	7.346820893872064e-07	7.346820893872064e-07	20.37637710571289	20.37637710571289
3577	gpt2	3578	1789	19	tick	subj_rel	expected	The managers that cause the author tick	6.167039714455314e-07	6.167039714455314e-07	20.6289176940918	20.6289176940918
3578	gpt2	3579	1790	19	tie	subj_rel	unexpected	The managers that cause the author ties	3.868372857596114e-07	3.868372857596114e-07	21.3017692565918	21.3017692565918
3579	gpt2	3580	1790	19	tie	subj_rel	expected	The managers that cause the author tie	5.511169547389727e-07	5.511169547389727e-07	20.7911376953125	20.7911376953125
3580	gpt2	3581	1791	19	tighten	subj_rel	unexpected	The managers that cause the author tightens	0.014756554598818604	0.014756554598818604	12.130522727966307	12.130522727966307
3581	gpt2	3582	1791	19	tighten	subj_rel	expected	The managers that cause the author tighten	6.577541000751809e-08	6.577541000751809e-08	23.85787582397461	23.85787582397461
3582	gpt2	3583	1792	19	tilt	subj_rel	unexpected	The managers that cause the author tilts	0.1531703421354926	0.1531703421354926	13.653996646404266	13.653996646404266
3583	gpt2	3584	1792	19	tilt	subj_rel	expected	The managers that cause the author tilt	3.1521128818212674e-08	3.1521128818212674e-08	24.91910552978516	24.91910552978516
3584	gpt2	3585	1793	19	time	subj_rel	unexpected	The managers that cause the author times	8.088046342891175e-06	8.088046342891175e-06	16.9157772064209	16.9157772064209
3585	gpt2	3586	1793	19	time	subj_rel	expected	The managers that cause the author time	0.0001377562002744	0.0001377562002744	12.825594902038574	12.825594902038574
3586	gpt2	3587	1794	19	tiptoe	subj_rel	unexpected	The managers that cause the author tiptoes	0.018970247788577862	0.018970247788577862	9.181992371877035	9.181992371877035
3587	gpt2	3588	1794	19	tiptoe	subj_rel	expected	The managers that cause the author tiptoe	0.31428590087428654	0.31428590087428654	7.8157567357023545	7.8157567357023545
3588	gpt2	3589	1795	19	tolerate	subj_rel	unexpected	The managers that cause the author tolerates	0.04541065712609793	0.04541065712609793	12.636433959007263	12.636433959007263
3589	gpt2	3590	1795	19	tolerate	subj_rel	expected	The managers that cause the author tolerate	1.226157593237076e-07	1.226157593237076e-07	22.959352493286133	22.959352493286133
3590	gpt2	3591	1796	19	topple	subj_rel	unexpected	The managers that cause the author topples	0.10531188277420786	0.10531188277420786	13.424084186553955	13.424084186553955
3591	gpt2	3592	1796	19	topple	subj_rel	expected	The managers that cause the author topple	6.735527335877124e-08	6.735527335877124e-08	23.823633193969727	23.823633193969727
3592	gpt2	3593	1797	19	top	subj_rel	unexpected	The managers that cause the author tops	2.648467329890991e-07	2.648467329890991e-07	21.848339080810547	21.848339080810547
3593	gpt2	3594	1797	19	top	subj_rel	expected	The managers that cause the author top	2.1056564946775325e-05	2.1056564946775325e-05	15.535369873046877	15.535369873046877
3594	gpt2	3595	1798	19	torment	subj_rel	unexpected	The managers that cause the author torments	0.2248479679420825	0.2248479679420825	10.92638075351715	10.92638075351715
3595	gpt2	3596	1798	19	torment	subj_rel	expected	The managers that cause the author torment	9.71374333857966e-07	9.71374333857966e-07	19.973468780517575	19.973468780517575
3596	gpt2	3597	1799	19	torpedo	subj_rel	unexpected	The managers that cause the author torpedoes	0.4937006773106702	0.4937006773106702	12.165458713658156	12.165458713658156
3597	gpt2	3598	1799	19	torpedo	subj_rel	expected	The managers that cause the author torpedo	1.9893477087862266e-08	1.9893477087862266e-08	25.5831298828125	25.5831298828125
3598	gpt2	3599	1800	19	torture	subj_rel	unexpected	The managers that cause the author tortures	0.08461658779421552	0.08461658779421552	11.713428735733032	11.713428735733032
3599	gpt2	3600	1800	19	torture	subj_rel	expected	The managers that cause the author torture	4.177286996309704e-07	4.177286996309704e-07	21.1909294128418	21.1909294128418
3600	gpt2	3601	1801	19	toss	subj_rel	unexpected	The managers that cause the author tosses	0.05144844163166339	0.05144844163166339	13.192234635353088	13.192234635353088
3601	gpt2	3602	1801	19	toss	subj_rel	expected	The managers that cause the author toss	1.1093828788943939e-07	1.1093828788943939e-07	23.10373878479004	23.10373878479004
3602	gpt2	3603	1802	19	total	subj_rel	unexpected	The managers that cause the author totals	9.956776239050669e-07	9.956776239050669e-07	19.93781852722168	19.93781852722168
3603	gpt2	3604	1802	19	total	subj_rel	expected	The managers that cause the author total	7.334059773711488e-05	7.334059773711488e-05	13.735028266906738	13.735028266906738
3604	gpt2	3605	1803	19	totter	subj_rel	unexpected	The managers that cause the author totters	0.016350012511111324	0.016350012511111324	12.881690263748169	12.881690263748169
3605	gpt2	3606	1803	19	totter	subj_rel	expected	The managers that cause the author totter	0.026533259317375223	0.026533259317375223	12.532430648803711	12.532430648803711
3606	gpt2	3607	1804	19	touch	subj_rel	unexpected	The managers that cause the author touches	7.414391802740283e-07	7.414391802740283e-07	20.363168716430664	20.363168716430664
3607	gpt2	3608	1804	19	touch	subj_rel	expected	The managers that cause the author touch	2.536467945901677e-06	2.536467945901677e-06	18.588747024536133	18.588747024536133
3608	gpt2	3609	1805	19	toughen	subj_rel	unexpected	The managers that cause the author toughens	0.01948973467544786	0.01948973467544786	16.674035549163822	16.674035549163822
3609	gpt2	3610	1805	19	toughen	subj_rel	expected	The managers that cause the author toughen	0.19182825205818885	0.19182825205818885	15.024521052837374	15.024521052837374
3610	gpt2	3611	1806	19	tough	subj_rel	unexpected	The managers that cause the author toughs	0.000238111507996978	0.000238111507996978	15.49770975112915	15.49770975112915
3611	gpt2	3612	1806	19	tough	subj_rel	expected	The managers that cause the author tough	9.829595910559874e-07	9.829595910559874e-07	19.95636367797852	19.95636367797852
3612	gpt2	3613	1807	19	tour	subj_rel	unexpected	The managers that cause the author tours	3.483762611722341e-07	3.483762611722341e-07	21.452850341796875	21.452850341796875
3613	gpt2	3614	1807	19	tour	subj_rel	expected	The managers that cause the author tour	3.781963755500328e-07	3.781963755500328e-07	21.334362030029297	21.334362030029297
3614	gpt2	3615	1808	19	tout	subj_rel	unexpected	The managers that cause the author touts	0.0012612513437488461	0.0012612513437488461	11.506958961486816	11.506958961486816
3615	gpt2	3616	1808	19	tout	subj_rel	expected	The managers that cause the author tout	0.0019114950609945963	0.0019114950609945963	11.20232105255127	11.20232105255127
3616	gpt2	3617	1809	19	tower	subj_rel	unexpected	The managers that cause the author towers	1.566736642644173e-07	1.566736642644173e-07	22.60573387145996	22.60573387145996
3617	gpt2	3618	1809	19	tower	subj_rel	expected	The managers that cause the author tower	3.0870785394654376e-07	3.0870785394654376e-07	21.627254486083984	21.627254486083984
3618	gpt2	3619	1810	19	trace	subj_rel	unexpected	The managers that cause the author traces	4.841968461732904e-07	4.841968461732904e-07	20.977903366088867	20.977903366088867
3619	gpt2	3620	1810	19	trace	subj_rel	expected	The managers that cause the author trace	1.570506498183022e-07	1.570506498183022e-07	22.602266311645508	22.602266311645508
3620	gpt2	3621	1811	19	track	subj_rel	unexpected	The managers that cause the author tracks	3.173188076743827e-07	3.173188076743827e-07	21.58756446838379	21.58756446838379
3621	gpt2	3622	1811	19	track	subj_rel	expected	The managers that cause the author track	1.3456025271807448e-07	1.3456025271807448e-07	22.825244903564453	22.825244903564453
3622	gpt2	3623	1812	19	trade	subj_rel	unexpected	The managers that cause the author trades	2.3339600829785923e-06	2.3339600829785923e-06	18.70878791809082	18.70878791809082
3623	gpt2	3624	1812	19	trade	subj_rel	expected	The managers that cause the author trade	2.5516184905427508e-05	2.5516184905427508e-05	15.258227348327637	15.258227348327637
3624	gpt2	3625	1813	19	traduce	subj_rel	unexpected	The managers that cause the author traduces	0.002752889470588792	0.002752889470588792	15.411827564239502	15.411827564239502
3625	gpt2	3626	1813	19	traduce	subj_rel	expected	The managers that cause the author traduce	0.014287876255270492	0.014287876255270492	14.223930835723877	14.223930835723877
3626	gpt2	3627	1814	19	trail	subj_rel	unexpected	The managers that cause the author trails	5.378518380894093e-06	5.378518380894093e-06	17.50436019897461	17.50436019897461
3627	gpt2	3628	1814	19	trail	subj_rel	expected	The managers that cause the author trail	3.5903906336898217e-06	3.5903906336898217e-06	18.087427139282227	18.087427139282227
3628	gpt2	3629	1815	19	train	subj_rel	unexpected	The managers that cause the author trains	1.5923929197469988e-07	1.5923929197469988e-07	22.582300186157227	22.582300186157227
3629	gpt2	3630	1815	19	train	subj_rel	expected	The managers that cause the author train	1.2107685734008555e-06	1.2107685734008555e-06	19.6556453704834	19.6556453704834
3630	gpt2	3631	1816	19	transact	subj_rel	unexpected	The managers that cause the author transacts	8.71332404130656e-05	8.71332404130656e-05	15.169635772705078	15.169635772705078
3631	gpt2	3632	1816	19	transact	subj_rel	expected	The managers that cause the author transact	3.434229256527033e-07	3.434229256527033e-07	21.4735107421875	21.4735107421875
3632	gpt2	3633	1817	19	transfer	subj_rel	unexpected	The managers that cause the author transfers	8.106640962068923e-06	8.106640962068923e-06	16.912464141845703	16.912464141845703
3633	gpt2	3634	1817	19	transfer	subj_rel	expected	The managers that cause the author transfer	2.0295063222874887e-05	2.0295063222874887e-05	15.58851146697998	15.58851146697998
3634	gpt2	3635	1818	19	transform	subj_rel	unexpected	The managers that cause the author transforms	7.278008951061565e-08	7.278008951061565e-08	23.71188163757324	23.71188163757324
3635	gpt2	3636	1818	19	transform	subj_rel	expected	The managers that cause the author transform	1.489730294679248e-07	1.489730294679248e-07	22.67844581604004	22.67844581604004
3636	gpt2	3637	1819	19	translate	subj_rel	unexpected	The managers that cause the author translates	7.435156135215949e-08	7.435156135215949e-08	23.681060791015625	23.681060791015625
3637	gpt2	3638	1819	19	translate	subj_rel	expected	The managers that cause the author translate	1.769827520092804e-07	1.769827520092804e-07	22.429887771606445	22.429887771606445
3638	gpt2	3639	1820	19	transmit	subj_rel	unexpected	The managers that cause the author transmits	0.19556802668053305	0.19556802668053305	11.378349006175995	11.378349006175995
3639	gpt2	3640	1820	19	transmit	subj_rel	expected	The managers that cause the author transmit	5.066971908718188e-08	5.066971908718188e-08	24.23430061340332	24.23430061340332
3640	gpt2	3641	1821	19	transplant	subj_rel	unexpected	The managers that cause the author transplants	0.4566980129337849	0.4566980129337849	11.178446874022484	11.178446874022484
3641	gpt2	3642	1821	19	transplant	subj_rel	expected	The managers that cause the author transplant	1.0535850236692569e-07	1.0535850236692569e-07	23.17819023132324	23.17819023132324
3642	gpt2	3643	1822	19	transport	subj_rel	unexpected	The managers that cause the author transports	5.1025843106344844e-08	5.1025843106344844e-08	24.224197387695312	24.224197387695312
3643	gpt2	3644	1822	19	transport	subj_rel	expected	The managers that cause the author transport	4.253362476447364e-06	4.253362476447364e-06	17.84296417236328	17.84296417236328
3644	gpt2	3645	1823	19	trash	subj_rel	unexpected	The managers that cause the author trashes	0.04291737415127268	0.04291737415127268	12.422310709953308	12.422310709953308
3645	gpt2	3646	1823	19	trash	subj_rel	expected	The managers that cause the author trash	8.267440421150241e-07	8.267440421150241e-07	20.206056594848636	20.206056594848636
3646	gpt2	3647	1824	19	travel	subj_rel	unexpected	The managers that cause the author travels	1.8704088233789665e-07	1.8704088233789665e-07	22.350143432617188	22.350143432617188
3647	gpt2	3648	1824	19	travel	subj_rel	expected	The managers that cause the author travel	1.902360236272216e-05	1.902360236272216e-05	15.68185043334961	15.68185043334961
3648	gpt2	3649	1825	19	tread	subj_rel	unexpected	The managers that cause the author treads	0.02243638751358644	0.02243638751358644	13.67795467376709	13.67795467376709
3649	gpt2	3650	1825	19	tread	subj_rel	expected	The managers that cause the author tread	1.297384670806423e-07	1.297384670806423e-07	22.87788963317871	22.87788963317871
3650	gpt2	3651	1826	19	treat	subj_rel	unexpected	The managers that cause the author treats	7.881447459112678e-07	7.881447459112678e-07	20.275035858154297	20.275035858154297
3651	gpt2	3652	1826	19	treat	subj_rel	expected	The managers that cause the author treat	4.398381747705571e-07	4.398381747705571e-07	21.11652374267578	21.11652374267578
3652	gpt2	3653	1827	19	trend	subj_rel	unexpected	The managers that cause the author trends	3.0500323191517964e-06	3.0500323191517964e-06	18.32274436950684	18.32274436950684
3653	gpt2	3654	1827	19	trend	subj_rel	expected	The managers that cause the author trend	3.4689780932239955e-06	3.4689780932239955e-06	18.13705825805664	18.13705825805664
3654	gpt2	3655	1828	19	trickle	subj_rel	unexpected	The managers that cause the author trickles	0.0017454193108363773	0.0017454193108363773	14.705953598022461	14.705953598022461
3655	gpt2	3656	1828	19	trickle	subj_rel	expected	The managers that cause the author trickle	1.0804679817510989e-08	1.0804679817510989e-08	26.463768005371094	26.463768005371094
3656	gpt2	3657	1829	19	trick	subj_rel	unexpected	The managers that cause the author tricks	5.221335186433862e-07	5.221335186433862e-07	20.86907768249512	20.86907768249512
3657	gpt2	3658	1829	19	trick	subj_rel	expected	The managers that cause the author trick	4.01101004854354e-07	4.01101004854354e-07	21.249530792236328	21.249530792236328
3658	gpt2	3659	1830	19	trigger	subj_rel	unexpected	The managers that cause the author triggers	8.956096166912175e-07	8.956096166912175e-07	20.090625762939453	20.090625762939453
3659	gpt2	3660	1830	19	trigger	subj_rel	expected	The managers that cause the author trigger	2.6965153665514663e-06	2.6965153665514663e-06	18.500473022460938	18.500473022460938
3660	gpt2	3661	1831	19	trim	subj_rel	unexpected	The managers that cause the author trims	0.009396180140299732	0.009396180140299732	13.518029928207397	13.518029928207397
3661	gpt2	3662	1831	19	trim	subj_rel	expected	The managers that cause the author trim	3.4752826394424126e-08	3.4752826394424126e-08	24.77829360961914	24.77829360961914
3662	gpt2	3663	1832	19	triple	subj_rel	unexpected	The managers that cause the author triples	0.014734012110466188	0.014734012110466188	12.022229671478271	12.022229671478271
3663	gpt2	3664	1832	19	triple	subj_rel	expected	The managers that cause the author triple	3.231998562114313e-07	3.231998562114313e-07	21.56106948852539	21.56106948852539
3664	gpt2	3665	1833	19	trivialize	subj_rel	unexpected	The managers that cause the author trivializes	0.0024574560375327736	0.0024574560375327736	14.465902328491211	14.465902328491211
3665	gpt2	3666	1833	19	trivialize	subj_rel	expected	The managers that cause the author trivialize	0.0019193663756737738	0.0019193663756737738	14.64418649673462	14.64418649673462
3666	gpt2	3667	1834	19	trust	subj_rel	unexpected	The managers that cause the author trusts	4.729768079414498e-07	4.729768079414498e-07	21.01172637939453	21.01172637939453
3667	gpt2	3668	1834	19	trust	subj_rel	expected	The managers that cause the author trust	3.167058366670972e-06	3.167058366670972e-06	18.26842498779297	18.26842498779297
3668	gpt2	3669	1835	19	try	subj_rel	unexpected	The managers that cause the author tries	1.188782334793359e-06	1.188782334793359e-06	19.68208312988281	19.68208312988281
3669	gpt2	3670	1835	19	try	subj_rel	expected	The managers that cause the author try	1.814724555515568e-06	1.814724555515568e-06	19.07181739807129	19.07181739807129
3670	gpt2	3671	1836	19	tumble	subj_rel	unexpected	The managers that cause the author tumbles	0.003760246972888096	0.003760246972888096	10.709790468215942	10.709790468215942
3671	gpt2	3672	1836	19	tumble	subj_rel	expected	The managers that cause the author tumble	3.704373909840797e-07	3.704373909840797e-07	21.364267349243164	21.364267349243164
3672	gpt2	3673	1837	19	turn	subj_rel	unexpected	The managers that cause the author turns	9.504809668214876e-07	9.504809668214876e-07	20.004838943481445	20.004838943481445
3673	gpt2	3674	1837	19	turn	subj_rel	expected	The managers that cause the author turn	1.113716461986769e-05	1.113716461986769e-05	16.45425796508789	16.45425796508789
3674	gpt2	3675	1838	19	twitch	subj_rel	unexpected	The managers that cause the author twitches	0.06877856555554726	0.06877856555554726	12.353886485099792	12.353886485099792
3675	gpt2	3676	1838	19	twitch	subj_rel	expected	The managers that cause the author twitch	1.8141015800665627e-08	1.8141015800665627e-08	25.716169357299805	25.716169357299805
3676	gpt2	3677	1839	19	unblock	subj_rel	unexpected	The managers that cause the author unblocks	2.264903287141351e-05	2.264903287141351e-05	16.22194194793701	16.22194194793701
3677	gpt2	3678	1839	19	unblock	subj_rel	expected	The managers that cause the author unblock	0.00010825456774906952	0.00010825456774906952	13.523245811462402	13.523245811462402
3678	gpt2	3679	1840	19	uncover	subj_rel	unexpected	The managers that cause the author uncovers	0.008983821528090614	0.008983821528090614	9.017296155293783	9.017296155293783
3679	gpt2	3680	1840	19	uncover	subj_rel	expected	The managers that cause the author uncover	1.2402892934915144e-07	1.2402892934915144e-07	22.942819595336918	22.942819595336918
3680	gpt2	3681	1841	19	undercut	subj_rel	unexpected	The managers that cause the author undercuts	0.0008960804989328	0.0008960804989328	11.115056037902832	11.115056037902832
3681	gpt2	3682	1841	19	undercut	subj_rel	expected	The managers that cause the author undercut	5.1628670227898965e-09	5.1628670227898965e-09	27.5291805267334	27.5291805267334
3682	gpt2	3683	1842	19	undergo	subj_rel	unexpected	The managers that cause the author undergoes	0.003232519276735915	0.003232519276735915	14.009361028671265	14.009361028671265
3683	gpt2	3684	1842	19	undergo	subj_rel	expected	The managers that cause the author undergo	5.688412443305424e-07	5.688412443305424e-07	20.74547004699707	20.74547004699707
3684	gpt2	3685	1843	19	underlie	subj_rel	unexpected	The managers that cause the author underlies	0.0005084553122287	0.0005084553122287	11.565022945404055	11.565022945404055
3685	gpt2	3686	1843	19	underlie	subj_rel	expected	The managers that cause the author underlie	0.0003430703800404	0.0003430703800404	11.897717475891113	11.897717475891113
3686	gpt2	3687	1844	19	underline	subj_rel	unexpected	The managers that cause the author underlines	0.00410321807430585	0.00410321807430585	9.977584838867188	9.977584838867188
3687	gpt2	3688	1844	19	underline	subj_rel	expected	The managers that cause the author underline	0.00307115550094745	0.00307115550094745	10.190229654312134	10.190229654312134
3688	gpt2	3689	1845	19	undermine	subj_rel	unexpected	The managers that cause the author undermines	3.205721839094622e-07	3.205721839094622e-07	21.572847366333008	21.572847366333008
3689	gpt2	3690	1845	19	undermine	subj_rel	expected	The managers that cause the author undermine	7.865528459660709e-07	7.865528459660709e-07	20.277952194213867	20.277952194213867
3690	gpt2	3691	1846	19	underperform	subj_rel	unexpected	The managers that cause the author underperforms	0.0051575701509135995	0.0051575701509135995	9.794240474700928	9.794240474700928
3691	gpt2	3692	1846	19	underperform	subj_rel	expected	The managers that cause the author underperform	0.23527191248528342	0.23527191248528342	7.927934308846791	7.927934308846791
3692	gpt2	3693	1847	19	underpin	subj_rel	unexpected	The managers that cause the author underpins	0.0001490819413447	0.0001490819413447	12.736392974853516	12.736392974853516
3693	gpt2	3694	1847	19	underpin	subj_rel	expected	The managers that cause the author underpin	5.3643386621615725e-08	5.3643386621615725e-08	24.15202522277832	24.15202522277832
3694	gpt2	3695	1848	19	underscore	subj_rel	unexpected	The managers that cause the author underscores	2.0426304558895938e-07	2.0426304558895938e-07	22.223068237304688	22.223068237304688
3695	gpt2	3696	1848	19	underscore	subj_rel	expected	The managers that cause the author underscore	2.2254569387314405e-07	2.2254569387314405e-07	22.099395751953125	22.099395751953125
3696	gpt2	3697	1849	19	understand	subj_rel	unexpected	The managers that cause the author understands	5.457361567096086e-07	5.457361567096086e-07	20.8052921295166	20.8052921295166
3697	gpt2	3698	1849	19	understand	subj_rel	expected	The managers that cause the author understand	3.1818078696232988e-06	3.1818078696232988e-06	18.261722564697266	18.261722564697266
3698	gpt2	3699	1850	19	undertake	subj_rel	unexpected	The managers that cause the author undertakes	0.2933242058924179	0.2933242058924179	10.059319376945496	10.059319376945496
3699	gpt2	3700	1850	19	undertake	subj_rel	expected	The managers that cause the author undertake	1.1841206060125842e-06	1.1841206060125842e-06	19.68775177001953	19.68775177001953
3700	gpt2	3701	1851	19	underwrite	subj_rel	unexpected	The managers that cause the author underwrites	0.2844818089021524	0.2844818089021524	8.027628426750502	8.027628426750502
3701	gpt2	3702	1851	19	underwrite	subj_rel	expected	The managers that cause the author underwrite	0.00042049826879515	0.00042049826879515	11.722839832305908	11.722839832305908
3702	gpt2	3703	1852	19	undo	subj_rel	unexpected	The managers that cause the author undoes	0.015129171863463823	0.015129171863463823	11.499591827392578	11.499591827392578
3703	gpt2	3704	1852	19	undo	subj_rel	expected	The managers that cause the author undo	1.8663178025235538e-07	1.8663178025235538e-07	22.353302001953125	22.353302001953125
3704	gpt2	3705	1853	19	undulate	subj_rel	unexpected	The managers that cause the author undulates	0.000239771032738623	0.000239771032738623	14.495218753814697	14.495218753814697
3705	gpt2	3706	1853	19	undulate	subj_rel	expected	The managers that cause the author undulate	0.00024651322610222295	0.00024651322610222295	14.475051403045654	14.475051403045654
3706	gpt2	3707	1854	19	unfold	subj_rel	unexpected	The managers that cause the author unfolds	4.865503555606666e-08	4.865503555606666e-08	24.292835235595703	24.292835235595703
3707	gpt2	3708	1854	19	unfold	subj_rel	expected	The managers that cause the author unfold	1.0172383824169628e-08	1.0172383824169628e-08	26.550765991210938	26.550765991210938
3708	gpt2	3709	1855	20	unite	subj_rel	unexpected	The farmer that degenerates the senators unite	6.9271368374757e-06	6.9271368374757e-06	17.13930892944336	17.13930892944336
3709	gpt2	3710	1855	20	unite	subj_rel	expected	The farmer that degenerates the senators unites	0.0029633661742991166	0.0029633661742991166	10.717901706695557	10.717901706695557
3710	gpt2	3711	1856	20	unleash	subj_rel	unexpected	The farmer that degenerates the senators unleash	1.629143611125983e-07	1.629143611125983e-07	22.54938316345215	22.54938316345215
3711	gpt2	3712	1856	20	unleash	subj_rel	expected	The farmer that degenerates the senators unleashes	0.4920200074524246	0.4920200074524246	10.289624022319913	10.289624022319913
3712	gpt2	3713	1857	20	unload	subj_rel	unexpected	The farmer that degenerates the senators unload	0.0002571455097495166	0.0002571455097495166	12.563465118408203	12.563465118408203
3713	gpt2	3714	1857	20	unload	subj_rel	expected	The farmer that degenerates the senators unloads	0.0001189091617561166	0.0001189091617561166	13.24029016494751	13.24029016494751
3714	gpt2	3715	1858	20	unmask	subj_rel	unexpected	The farmer that degenerates the senators unmask	0.2114437376721412	0.2114437376721412	10.555464088916779	10.555464088916779
3715	gpt2	3716	1858	20	unmask	subj_rel	expected	The farmer that degenerates the senators unmasks	0.3184724637236892	0.3184724637236892	8.121970377862453	8.121970377862453
3716	gpt2	3717	1859	20	unplug	subj_rel	unexpected	The farmer that degenerates the senators unplug	0.0004077763132954666	0.0004077763132954666	12.196451663970947	12.196451663970947
3717	gpt2	3718	1859	20	unplug	subj_rel	expected	The farmer that degenerates the senators unplugs	0.019477589627058478	0.019477589627058478	9.383200327555338	9.383200327555338
3718	gpt2	3719	1860	20	unravel	subj_rel	unexpected	The farmer that degenerates the senators unravel	4.42414915369227e-07	4.42414915369227e-07	21.108097076416016	21.108097076416016
3719	gpt2	3720	1860	20	unravel	subj_rel	expected	The farmer that degenerates the senators unravels	0.33248345322878947	0.33248345322878947	10.848371773958206	10.848371773958206
3720	gpt2	3721	1861	20	unveil	subj_rel	unexpected	The farmer that degenerates the senators unveil	9.43225472838094e-07	9.43225472838094e-07	20.015893936157227	20.015893936157227
3721	gpt2	3722	1861	20	unveil	subj_rel	expected	The farmer that degenerates the senators unveils	0.496922884353637	0.496922884353637	9.572180463466792	9.572180463466792
3722	gpt2	3723	1862	20	unwind	subj_rel	unexpected	The farmer that degenerates the senators unwind	0.021060311092696758	0.021060311092696758	11.276032447814941	11.276032447814941
3723	gpt2	3724	1862	20	unwind	subj_rel	expected	The farmer that degenerates the senators unwinds	0.2830255185854184	0.2830255185854184	7.620501031478246	7.620501031478246
3724	gpt2	3725	1863	20	update	subj_rel	unexpected	The farmer that degenerates the senators update	2.3568754841107875e-06	2.3568754841107875e-06	18.694692611694336	18.694692611694336
3725	gpt2	3726	1863	20	update	subj_rel	expected	The farmer that degenerates the senators updates	2.143472329407814e-06	2.143472329407814e-06	18.831619262695312	18.831619262695312
3726	gpt2	3727	1864	20	upgrade	subj_rel	unexpected	The farmer that degenerates the senators upgrade	5.066472112957854e-07	5.066472112957854e-07	20.91251564025879	20.91251564025879
3727	gpt2	3728	1864	20	upgrade	subj_rel	expected	The farmer that degenerates the senators upgrades	2.357243005235432e-07	2.357243005235432e-07	22.016395568847656	22.016395568847656
3728	gpt2	3729	1865	20	uphold	subj_rel	unexpected	The farmer that degenerates the senators uphold	2.0850036435149377e-06	2.0850036435149377e-06	18.87151908874512	18.87151908874512
3729	gpt2	3730	1865	20	uphold	subj_rel	expected	The farmer that degenerates the senators upholds	0.29769015254248643	0.29769015254248643	9.809820353984835	9.809820353984835
3730	gpt2	3731	1866	20	upset	subj_rel	unexpected	The farmer that degenerates the senators upset	4.172642547928263e-06	4.172642547928263e-06	17.870607376098633	17.870607376098633
3731	gpt2	3732	1866	20	upset	subj_rel	expected	The farmer that degenerates the senators upsets	0.4418956344348999	0.4418956344348999	10.237963229417801	10.237963229417801
3732	gpt2	3733	1867	20	urge	subj_rel	unexpected	The farmer that degenerates the senators urge	9.211195902025793e-06	9.211195902025793e-06	16.728179931640625	16.728179931640625
3733	gpt2	3734	1867	20	urge	subj_rel	expected	The farmer that degenerates the senators urges	8.791798791207839e-06	8.791798791207839e-06	16.79541015625	16.79541015625
3734	gpt2	3735	1868	20	use	subj_rel	unexpected	The farmer that degenerates the senators use	0.0001082611415768	0.0001082611415768	13.17319679260254	13.17319679260254
3735	gpt2	3736	1868	20	use	subj_rel	expected	The farmer that degenerates the senators uses	8.476082439301535e-05	8.476082439301535e-05	13.526243209838867	13.526243209838867
3736	gpt2	3737	1869	20	usurp	subj_rel	unexpected	The farmer that degenerates the senators usurp	0.15920627127206896	0.15920627127206896	10.325443506240843	10.325443506240843
3737	gpt2	3738	1869	20	usurp	subj_rel	expected	The farmer that degenerates the senators usurps	0.271338462930089	0.271338462930089	9.940843552350996	9.940843552350996
3738	gpt2	3739	1870	20	utilize	subj_rel	unexpected	The farmer that degenerates the senators utilize	8.954498866842187e-07	8.954498866842187e-07	20.090883255004883	20.090883255004883
3739	gpt2	3740	1870	20	utilize	subj_rel	expected	The farmer that degenerates the senators utilizes	2.3692432478128467e-06	2.3692432478128467e-06	18.68714141845703	18.68714141845703
3740	gpt2	3741	1871	20	vacate	subj_rel	unexpected	The farmer that degenerates the senators vacate	0.1232636604540289	0.1232636604540289	10.7370240688324	10.7370240688324
3741	gpt2	3742	1871	20	vacate	subj_rel	expected	The farmer that degenerates the senators vacates	0.15863251277136214	0.15863251277136214	10.555052638053896	10.555052638053896
3742	gpt2	3743	1872	20	vacillate	subj_rel	unexpected	The farmer that degenerates the senators vacillate	0.10604389608454311	0.10604389608454311	8.974220832188925	8.974220832188925
3743	gpt2	3744	1872	20	vacillate	subj_rel	expected	The farmer that degenerates the senators vacillates	0.4008070302561085	0.4008070302561085	7.113770271341007	7.113770271341007
3744	gpt2	3745	1873	20	vacuum	subj_rel	unexpected	The farmer that degenerates the senators vacuum	1.3539296617182117e-07	1.3539296617182117e-07	22.81634330749512	22.81634330749512
3745	gpt2	3746	1873	20	vacuum	subj_rel	expected	The farmer that degenerates the senators vacuums	0.3199084802275062	0.3199084802275062	8.385697590808075	8.385697590808075
3746	gpt2	3747	1874	20	value	subj_rel	unexpected	The farmer that degenerates the senators value	7.217494840006111e-06	7.217494840006111e-06	17.08007049560547	17.08007049560547
3747	gpt2	3748	1874	20	value	subj_rel	expected	The farmer that degenerates the senators values	1.0899495464400388e-05	1.0899495464400388e-05	16.48537826538086	16.48537826538086
3748	gpt2	3749	1875	20	vanish	subj_rel	unexpected	The farmer that degenerates the senators vanish	1.6737121768528596e-06	1.6737121768528596e-06	19.18851661682129	19.18851661682129
3749	gpt2	3750	1875	20	vanish	subj_rel	expected	The farmer that degenerates the senators vanishes	0.46393815301348695	0.46393815301348695	8.830811534076929	8.830811534076929
3750	gpt2	3751	1876	20	vary	subj_rel	unexpected	The farmer that degenerates the senators vary	4.335883659223327e-06	4.335883659223327e-06	17.815242767333984	17.815242767333984
3751	gpt2	3752	1876	20	vary	subj_rel	expected	The farmer that degenerates the senators varies	1.2441538274288176e-05	1.2441538274288176e-05	16.294475555419922	16.294475555419922
3752	gpt2	3753	1877	20	vault	subj_rel	unexpected	The farmer that degenerates the senators vault	3.011386525031412e-06	3.011386525031412e-06	18.341140747070312	18.341140747070312
3753	gpt2	3754	1877	20	vault	subj_rel	expected	The farmer that degenerates the senators vaults	0.034474483283702284	0.034474483283702284	9.357085585594179	9.357085585594179
3754	gpt2	3755	1878	20	veer	subj_rel	unexpected	The farmer that degenerates the senators veer	0.06830729220882858	0.06830729220882858	9.534263372421265	9.534263372421265
3755	gpt2	3756	1878	20	veer	subj_rel	expected	The farmer that degenerates the senators veers	0.3213845012046477	0.3213845012046477	8.41711351275444	8.41711351275444
3756	gpt2	3757	1879	20	venture	subj_rel	unexpected	The farmer that degenerates the senators venture	2.7845460408570943e-06	2.7845460408570943e-06	18.454126358032227	18.454126358032227
3757	gpt2	3758	1879	20	venture	subj_rel	expected	The farmer that degenerates the senators ventures	1.3443218449538108e-06	1.3443218449538108e-06	19.50469017028809	19.50469017028809
3758	gpt2	3759	1880	20	vent	subj_rel	unexpected	The farmer that degenerates the senators vent	2.6070126750710187e-06	2.6070126750710187e-06	18.549171447753903	18.549171447753903
3759	gpt2	3760	1880	20	vent	subj_rel	expected	The farmer that degenerates the senators vents	8.140173690662778e-07	8.140173690662778e-07	20.22843742370605	20.22843742370605
3760	gpt2	3761	1881	20	verify	subj_rel	unexpected	The farmer that degenerates the senators verify	5.042870725446846e-07	5.042870725446846e-07	20.91925048828125	20.91925048828125
3761	gpt2	3762	1881	20	verify	subj_rel	expected	The farmer that degenerates the senators verifies	0.09041946073330108	0.09041946073330108	9.410301446914673	9.410301446914673
3762	gpt2	3763	1882	20	veto	subj_rel	unexpected	The farmer that degenerates the senators veto	3.2037703476817114e-06	3.2037703476817114e-06	18.251798629760746	18.251798629760746
3763	gpt2	3764	1882	20	veto	subj_rel	expected	The farmer that degenerates the senators vetoes	0.3333912715419274	0.3333912715419274	9.418258696794512	9.418258696794512
3764	gpt2	3765	1883	20	view	subj_rel	unexpected	The farmer that degenerates the senators view	3.524257044773549e-05	3.524257044773549e-05	14.79232120513916	14.79232120513916
3765	gpt2	3766	1883	20	view	subj_rel	expected	The farmer that degenerates the senators views	3.352289786562324e-05	3.352289786562324e-05	14.864493370056152	14.864493370056152
3766	gpt2	3767	1884	20	violate	subj_rel	unexpected	The farmer that degenerates the senators violate	2.549634700699244e-06	2.549634700699244e-06	18.58127784729004	18.58127784729004
3767	gpt2	3768	1884	20	violate	subj_rel	expected	The farmer that degenerates the senators violates	3.483968976070173e-05	3.483968976070173e-05	14.808908462524414	14.808908462524414
3768	gpt2	3769	1885	20	visit	subj_rel	unexpected	The farmer that degenerates the senators visit	3.6213571092957855e-06	3.6213571092957855e-06	18.07503890991211	18.07503890991211
3769	gpt2	3770	1885	20	visit	subj_rel	expected	The farmer that degenerates the senators visits	4.542130227491725e-06	4.542130227491725e-06	17.748199462890625	17.748199462890625
3770	gpt2	3771	1886	20	visualize	subj_rel	unexpected	The farmer that degenerates the senators visualize	4.6848626311657437e-07	4.6848626311657437e-07	21.025489807128903	21.025489807128903
3771	gpt2	3772	1886	20	visualize	subj_rel	expected	The farmer that degenerates the senators visualizes	0.2600974743350264	0.2600974743350264	10.67799997329712	10.67799997329712
3772	gpt2	3773	1887	20	vitiate	subj_rel	unexpected	The farmer that degenerates the senators vitiate	0.05164562573190776	0.05164562573190776	7.651632785797119	7.651632785797119
3773	gpt2	3774	1887	20	vitiate	subj_rel	expected	The farmer that degenerates the senators vitiates	0.2433306963260596	0.2433306963260596	6.826152801513672	6.826152801513672
3774	gpt2	3775	1888	20	voice	subj_rel	unexpected	The farmer that degenerates the senators voice	4.417981108417735e-05	4.417981108417735e-05	14.466253280639648	14.466253280639648
3775	gpt2	3776	1888	20	voice	subj_rel	expected	The farmer that degenerates the senators voices	2.383922037552111e-05	2.383922037552111e-05	15.356303215026855	15.356303215026855
3776	gpt2	3777	1889	20	void	subj_rel	unexpected	The farmer that degenerates the senators void	1.7154173974631703e-06	1.7154173974631703e-06	19.15300941467285	19.15300941467285
3777	gpt2	3778	1889	20	void	subj_rel	expected	The farmer that degenerates the senators voids	0.17841062783980988	0.17841062783980988	10.319871425628662	10.319871425628662
3778	gpt2	3779	1890	20	volunteer	subj_rel	unexpected	The farmer that degenerates the senators volunteer	1.5380539934994886e-06	1.5380539934994886e-06	19.31046295166016	19.31046295166016
3779	gpt2	3780	1890	20	volunteer	subj_rel	expected	The farmer that degenerates the senators volunteers	2.748789484030567e-06	2.748789484030567e-06	18.4727725982666	18.4727725982666
3780	gpt2	3781	1891	20	vote	subj_rel	unexpected	The farmer that degenerates the senators vote	0.0005597242852672	0.0005597242852672	10.802995681762695	10.802995681762695
3781	gpt2	3782	1891	20	vote	subj_rel	expected	The farmer that degenerates the senators votes	0.0005599549622274	0.0005599549622274	10.802401542663574	10.802401542663574
3782	gpt2	3783	1892	20	wade	subj_rel	unexpected	The farmer that degenerates the senators wade	0.0043519874852790815	0.0043519874852790815	10.149128198623657	10.149128198623657
3783	gpt2	3784	1892	20	wade	subj_rel	expected	The farmer that degenerates the senators wades	0.00902274575128103	0.00902274575128103	9.61928939819336	9.61928939819336
3784	gpt2	3785	1893	20	wad	subj_rel	unexpected	The farmer that degenerates the senators wad	0.0026792220123752317	0.0026792220123752317	10.503781080245972	10.503781080245972
3785	gpt2	3786	1893	20	wad	subj_rel	expected	The farmer that degenerates the senators wads	0.003366134576935982	0.003366134576935982	10.336630582809448	10.336630582809448
3786	gpt2	3787	1894	20	wage	subj_rel	unexpected	The farmer that degenerates the senators wage	4.957972123520449e-06	4.957972123520449e-06	17.62181854248047	17.62181854248047
3787	gpt2	3788	1894	20	wage	subj_rel	expected	The farmer that degenerates the senators wages	4.7520920816168655e-06	4.7520920816168655e-06	17.683006286621094	17.683006286621094
3788	gpt2	3789	1895	20	wail	subj_rel	unexpected	The farmer that degenerates the senators wail	0.0024970525228127315	0.0024970525228127315	10.555474996566772	10.555474996566772
3789	gpt2	3790	1895	20	wail	subj_rel	expected	The farmer that degenerates the senators wails	0.005818304121930832	0.005818304121930832	9.93776822090149	9.93776822090149
3790	gpt2	3791	1896	20	wait	subj_rel	unexpected	The farmer that degenerates the senators wait	6.472386758105131e-06	6.472386758105131e-06	17.23727035522461	17.23727035522461
3791	gpt2	3792	1896	20	wait	subj_rel	expected	The farmer that degenerates the senators waits	5.887198312848341e-06	5.887198312848341e-06	17.373987197875977	17.373987197875977
3792	gpt2	3793	1897	20	waive	subj_rel	unexpected	The farmer that degenerates the senators waive	1.0354992951988606e-07	1.0354992951988606e-07	23.203170776367188	23.203170776367188
3793	gpt2	3794	1897	20	waive	subj_rel	expected	The farmer that degenerates the senators waives	0.19045541848458922	0.19045541848458922	9.726295530796051	9.726295530796051
3794	gpt2	3795	1898	20	walk	subj_rel	unexpected	The farmer that degenerates the senators walk	5.300128577800933e-06	5.300128577800933e-06	17.525541305541992	17.525541305541992
3795	gpt2	3796	1898	20	walk	subj_rel	expected	The farmer that degenerates the senators walks	7.882060344854835e-06	7.882060344854835e-06	16.95299530029297	16.95299530029297
3796	gpt2	3797	1899	20	wall	subj_rel	unexpected	The farmer that degenerates the senators wall	8.02532576926751e-06	8.02532576926751e-06	16.9270076751709	16.9270076751709
3797	gpt2	3798	1899	20	wall	subj_rel	expected	The farmer that degenerates the senators walls	5.152879566594493e-06	5.152879566594493e-06	17.56618881225586	17.56618881225586
3798	gpt2	3799	1900	20	wander	subj_rel	unexpected	The farmer that degenerates the senators wander	1.593270212651987e-06	1.593270212651987e-06	19.25957679748535	19.25957679748535
3799	gpt2	3800	1900	20	wander	subj_rel	expected	The farmer that degenerates the senators wanders	0.49919313222898154	0.49919313222898154	9.83983278949745	9.83983278949745
3800	gpt2	3801	1901	20	wane	subj_rel	unexpected	The farmer that degenerates the senators wane	0.0009953873632184318	0.0009953873632184318	11.239184379577637	11.239184379577637
3801	gpt2	3802	1901	20	wane	subj_rel	expected	The farmer that degenerates the senators wanes	0.002545605395425782	0.002545605395425782	10.541331052780151	10.541331052780151
3802	gpt2	3803	1902	20	want	subj_rel	unexpected	The farmer that degenerates the senators want	0.0001534586044726	0.0001534586044726	12.669862747192385	12.669862747192385
3803	gpt2	3804	1902	20	want	subj_rel	expected	The farmer that degenerates the senators wants	0.0003991602570749	0.0003991602570749	11.290743827819824	11.290743827819824
3804	gpt2	3805	1903	20	ward	subj_rel	unexpected	The farmer that degenerates the senators ward	3.72234103451774e-06	3.72234103451774e-06	18.03535842895508	18.03535842895508
3805	gpt2	3806	1903	20	ward	subj_rel	expected	The farmer that degenerates the senators wards	4.786221779795596e-06	4.786221779795596e-06	17.67268180847168	17.67268180847168
3806	gpt2	3807	1904	20	warm	subj_rel	unexpected	The farmer that degenerates the senators warm	8.239557246270124e-06	8.239557246270124e-06	16.889001846313477	16.889001846313477
3807	gpt2	3808	1904	20	warm	subj_rel	expected	The farmer that degenerates the senators warms	0.08595452369445407	0.08595452369445407	8.47296667098999	8.47296667098999
3808	gpt2	3809	1905	20	warn	subj_rel	unexpected	The farmer that degenerates the senators warn	1.912533434733632e-06	1.912533434733632e-06	18.99608421325684	18.99608421325684
3809	gpt2	3810	1905	20	warn	subj_rel	expected	The farmer that degenerates the senators warns	1.2377725397527684e-05	1.2377725397527684e-05	16.301895141601562	16.301895141601562
3810	gpt2	3811	1906	20	warrant	subj_rel	unexpected	The farmer that degenerates the senators warrant	7.45373256449966e-07	7.45373256449966e-07	20.35553359985352	20.35553359985352
3811	gpt2	3812	1906	20	warrant	subj_rel	expected	The farmer that degenerates the senators warrants	2.562622739787912e-06	2.562622739787912e-06	18.57394790649414	18.57394790649414
3812	gpt2	3813	1907	20	wash	subj_rel	unexpected	The farmer that degenerates the senators wash	1.102170358535659e-06	1.102170358535659e-06	19.791221618652344	19.791221618652344
3813	gpt2	3814	1907	20	wash	subj_rel	expected	The farmer that degenerates the senators washes	0.00688391894800585	0.00688391894800585	8.885237693786621	8.885237693786621
3814	gpt2	3815	1908	20	waste	subj_rel	unexpected	The farmer that degenerates the senators waste	9.246541594620794e-06	9.246541594620794e-06	16.722654342651367	16.722654342651367
3815	gpt2	3816	1908	20	waste	subj_rel	expected	The farmer that degenerates the senators wastes	1.902949952636845e-05	1.902949952636845e-05	15.681403160095217	15.681403160095217
3816	gpt2	3817	1909	20	watch	subj_rel	unexpected	The farmer that degenerates the senators watch	1.2235293979756534e-05	1.2235293979756534e-05	16.318592071533203	16.318592071533203
3817	gpt2	3818	1909	20	watch	subj_rel	expected	The farmer that degenerates the senators watches	3.62199261871865e-06	3.62199261871865e-06	18.074785232543945	18.074785232543945
3818	gpt2	3819	1910	20	water	subj_rel	unexpected	The farmer that degenerates the senators water	1.7358312106807716e-05	1.7358312106807716e-05	15.814013481140137	15.814013481140137
3819	gpt2	3820	1910	20	water	subj_rel	expected	The farmer that degenerates the senators waters	3.892180302500492e-06	3.892180302500492e-06	17.970989227294922	17.970989227294922
3820	gpt2	3821	1911	20	weaken	subj_rel	unexpected	The farmer that degenerates the senators weaken	2.680610805327888e-06	2.680610805327888e-06	18.50900650024414	18.50900650024414
3821	gpt2	3822	1911	20	weaken	subj_rel	expected	The farmer that degenerates the senators weakens	0.41664144387868873	0.41664144387868873	7.250002011656761	7.250002011656761
3822	gpt2	3823	1912	20	wear	subj_rel	unexpected	The farmer that degenerates the senators wear	6.706638941977872e-06	6.706638941977872e-06	17.185977935791016	17.185977935791016
3823	gpt2	3824	1912	20	wear	subj_rel	expected	The farmer that degenerates the senators wears	1.535574847366661e-05	1.535574847366661e-05	15.990861892700195	15.990861892700195
3824	gpt2	3825	1913	20	weather	subj_rel	unexpected	The farmer that degenerates the senators weather	1.1083935760325403e-06	1.1083935760325403e-06	19.783098220825195	19.783098220825195
3825	gpt2	3826	1913	20	weather	subj_rel	expected	The farmer that degenerates the senators weathers	0.016998582579446968	0.016998582579446968	12.330793380737305	12.330793380737305
3826	gpt2	3827	1914	20	wedge	subj_rel	unexpected	The farmer that degenerates the senators wedge	2.103201040881686e-06	2.103201040881686e-06	18.85898208618164	18.85898208618164
3827	gpt2	3828	1914	20	wedge	subj_rel	expected	The farmer that degenerates the senators wedges	0.022205903672585226	0.022205903672585226	12.652757167816162	12.652757167816162
3828	gpt2	3829	1915	20	weight	subj_rel	unexpected	The farmer that degenerates the senators weight	3.765443125303136e-06	3.765443125303136e-06	18.018749237060547	18.018749237060547
3829	gpt2	3830	1915	20	weight	subj_rel	expected	The farmer that degenerates the senators weights	3.4683708349803055e-07	3.4683708349803055e-07	21.459238052368164	21.459238052368164
3830	gpt2	3831	1916	20	weigh	subj_rel	unexpected	The farmer that degenerates the senators weigh	2.04706407203048e-06	2.04706407203048e-06	18.898012161254883	18.898012161254883
3831	gpt2	3832	1916	20	weigh	subj_rel	expected	The farmer that degenerates the senators weighs	1.896283174573909e-05	1.896283174573909e-05	15.686466217041016	15.686466217041016
3832	gpt2	3833	1917	20	welcome	subj_rel	unexpected	The farmer that degenerates the senators welcome	7.117069458217884e-07	7.117069458217884e-07	20.422212600708008	20.422212600708008
3833	gpt2	3834	1917	20	welcome	subj_rel	expected	The farmer that degenerates the senators welcomes	3.103400786130805e-06	3.103400786130805e-06	18.297718048095703	18.297718048095703
3834	gpt2	3835	1918	20	whack	subj_rel	unexpected	The farmer that degenerates the senators whack	0.01366483199808497	0.01366483199808497	10.665390491485596	10.665390491485596
3835	gpt2	3836	1918	20	whack	subj_rel	expected	The farmer that degenerates the senators whacks	0.02042993124041457	0.02042993124041457	10.375160694122314	10.375160694122314
3836	gpt2	3837	1919	20	whip	subj_rel	unexpected	The farmer that degenerates the senators whip	4.557264219329227e-06	4.557264219329227e-06	17.74340057373047	17.74340057373047
3837	gpt2	3838	1919	20	whip	subj_rel	expected	The farmer that degenerates the senators whips	0.13672615181121728	0.13672615181121728	9.00368583202362	9.00368583202362
3838	gpt2	3839	1920	20	widen	subj_rel	unexpected	The farmer that degenerates the senators widen	2.1727042565089505e-07	2.1727042565089505e-07	22.134004592895508	22.134004592895508
3839	gpt2	3840	1920	20	widen	subj_rel	expected	The farmer that degenerates the senators widens	0.4369647787198119	0.4369647787198119	8.168369628489017	8.168369628489017
3840	gpt2	3841	1921	20	will	subj_rel	unexpected	The farmer that degenerates the senators will	0.0316068194806575	0.0316068194806575	4.9836201667785645	4.9836201667785645
3841	gpt2	3842	1921	20	will	subj_rel	expected	The farmer that degenerates the senators wills	1.5632405165888483e-06	1.5632405165888483e-06	19.287029266357425	19.287029266357425
3842	gpt2	3843	1922	20	wimp	subj_rel	unexpected	The farmer that degenerates the senators wimp	0.0006418666271201317	0.0006418666271201317	11.574746131896973	11.574746131896973
3843	gpt2	3844	1922	20	wimp	subj_rel	expected	The farmer that degenerates the senators wimps	0.2875854794280409	0.2875854794280409	7.382902870575587	7.382902870575587
3844	gpt2	3845	1923	20	wind	subj_rel	unexpected	The farmer that degenerates the senators wind	4.910239567834651e-06	4.910239567834651e-06	17.635774612426758	17.635774612426758
3845	gpt2	3846	1923	20	wind	subj_rel	expected	The farmer that degenerates the senators winds	4.454209374671336e-06	4.454209374671336e-06	17.776399612426758	17.776399612426758
3846	gpt2	3847	1924	20	win	subj_rel	unexpected	The farmer that degenerates the senators win	1.3786349882138891e-05	1.3786349882138891e-05	16.146400451660156	16.146400451660156
3847	gpt2	3848	1924	20	win	subj_rel	expected	The farmer that degenerates the senators wins	4.2184659832855687e-05	4.2184659832855687e-05	14.53292179107666	14.53292179107666
3848	gpt2	3849	1925	20	wipe	subj_rel	unexpected	The farmer that degenerates the senators wipe	2.814521451455221e-07	2.814521451455221e-07	21.76060676574707	21.76060676574707
3849	gpt2	3850	1925	20	wipe	subj_rel	expected	The farmer that degenerates the senators wipes	5.479834044308518e-07	5.479834044308518e-07	20.79936408996582	20.79936408996582
3850	gpt2	3851	1926	20	wire	subj_rel	unexpected	The farmer that degenerates the senators wire	2.718195673878654e-06	2.718195673878654e-06	18.48891830444336	18.48891830444336
3851	gpt2	3852	1926	20	wire	subj_rel	expected	The farmer that degenerates the senators wires	8.551616588192701e-07	8.551616588192701e-07	20.157299041748047	20.157299041748047
3852	gpt2	3853	1927	20	wish	subj_rel	unexpected	The farmer that degenerates the senators wish	1.170898485725047e-05	1.170898485725047e-05	16.38202476501465	16.38202476501465
3853	gpt2	3854	1927	20	wish	subj_rel	expected	The farmer that degenerates the senators wishes	7.423038186971098e-05	7.423038186971098e-05	13.71763038635254	13.71763038635254
3854	gpt2	3855	1928	20	withdraw	subj_rel	unexpected	The farmer that degenerates the senators withdraw	6.954460786801064e-06	6.954460786801064e-06	17.133630752563477	17.133630752563477
3855	gpt2	3856	1928	20	withdraw	subj_rel	expected	The farmer that degenerates the senators withdraws	0.39968507517846774	0.39968507517846774	8.728353828191757	8.728353828191757
3856	gpt2	3857	1929	20	withhold	subj_rel	unexpected	The farmer that degenerates the senators withhold	1.1205353303012089e-06	1.1205353303012089e-06	19.767379760742188	19.767379760742188
3857	gpt2	3858	1929	20	withhold	subj_rel	expected	The farmer that degenerates the senators withholds	0.32528021334002233	0.32528021334002233	10.193813651800156	10.193813651800156
3858	gpt2	3859	1930	20	withstand	subj_rel	unexpected	The farmer that degenerates the senators withstand	6.035249384694907e-07	6.035249384694907e-07	20.660083770751957	20.660083770751957
3859	gpt2	3860	1930	20	withstand	subj_rel	expected	The farmer that degenerates the senators withstands	0.07715228573883333	0.07715228573883333	11.678118348121645	11.678118348121645
3860	gpt2	3861	1931	20	witness	subj_rel	unexpected	The farmer that degenerates the senators witness	8.145490028255153e-06	8.145490028255153e-06	16.905567169189453	16.905567169189453
3861	gpt2	3862	1931	20	witness	subj_rel	expected	The farmer that degenerates the senators witnesses	4.523214101936901e-06	4.523214101936901e-06	17.754220962524414	17.754220962524414
3862	gpt2	3863	1932	20	wonder	subj_rel	unexpected	The farmer that degenerates the senators wonder	1.8223086044599768e-06	1.8223086044599768e-06	19.0658016204834	19.0658016204834
3863	gpt2	3864	1932	20	wonder	subj_rel	expected	The farmer that degenerates the senators wonders	7.130058747861767e-07	7.130058747861767e-07	20.41958236694336	20.41958236694336
3864	gpt2	3865	1933	20	woo	subj_rel	unexpected	The farmer that degenerates the senators woo	3.623165412136586e-07	3.623165412136586e-07	21.3962459564209	21.3962459564209
3865	gpt2	3866	1933	20	woo	subj_rel	expected	The farmer that degenerates the senators wooes	0.0007322147881723068	0.0007322147881723068	15.406023979187012	15.406023979187012
3866	gpt2	3867	1934	20	work	subj_rel	unexpected	The farmer that degenerates the senators work	0.0001566860009916	0.0001566860009916	12.639836311340332	12.639836311340332
3867	gpt2	3868	1934	20	work	subj_rel	expected	The farmer that degenerates the senators works	0.0001403699425281	0.0001403699425281	12.79847812652588	12.79847812652588
3868	gpt2	3869	1935	20	worry	subj_rel	unexpected	The farmer that degenerates the senators worry	7.427368018397827e-06	7.427368018397827e-06	17.03871726989746	17.03871726989746
3869	gpt2	3870	1935	20	worry	subj_rel	expected	The farmer that degenerates the senators worries	1.514030373073183e-05	1.514030373073183e-05	16.011245727539062	16.011245727539062
3870	gpt2	3871	1936	20	worsen	subj_rel	unexpected	The farmer that degenerates the senators worsen	1.3888800367567455e-06	1.3888800367567455e-06	19.4576473236084	19.4576473236084
3871	gpt2	3872	1936	20	worsen	subj_rel	expected	The farmer that degenerates the senators worsens	0.0021439302806811555	0.0021439302806811555	13.171267509460451	13.171267509460451
3872	gpt2	3873	1937	20	wound	subj_rel	unexpected	The farmer that degenerates the senators wound	1.6694088117219508e-05	1.6694088117219508e-05	15.8703031539917	15.8703031539917
3873	gpt2	3874	1937	20	wound	subj_rel	expected	The farmer that degenerates the senators wounds	4.153870577283669e-06	4.153870577283669e-06	17.877111434936523	17.877111434936523
3874	gpt2	3875	1938	20	wrap	subj_rel	unexpected	The farmer that degenerates the senators wrap	3.646932498213573e-07	3.646932498213573e-07	21.386812210083008	21.386812210083008
3875	gpt2	3876	1938	20	wrap	subj_rel	expected	The farmer that degenerates the senators wraps	9.239802807314844e-07	9.239802807314844e-07	20.045635223388672	20.045635223388672
3876	gpt2	3877	1939	20	wreak	subj_rel	unexpected	The farmer that degenerates the senators wreak	0.033171119808741836	0.033171119808741836	11.848982214927673	11.848982214927673
3877	gpt2	3878	1939	20	wreak	subj_rel	expected	The farmer that degenerates the senators wreaks	0.4062910253997529	0.4062910253997529	10.041714191436768	10.041714191436768
3878	gpt2	3879	1940	20	wreck	subj_rel	unexpected	The farmer that degenerates the senators wreck	2.0705465431092307e-06	2.0705465431092307e-06	18.88155746459961	18.88155746459961
3879	gpt2	3880	1940	20	wreck	subj_rel	expected	The farmer that degenerates the senators wrecks	0.036794698506184886	0.036794698506184886	11.774195909500122	11.774195909500122
3880	gpt2	3881	1941	20	wrestle	subj_rel	unexpected	The farmer that degenerates the senators wrestle	4.5981062157807173e-07	4.5981062157807173e-07	21.05245590209961	21.05245590209961
3881	gpt2	3882	1941	20	wrestle	subj_rel	expected	The farmer that degenerates the senators wrestles	0.08403306749295321	0.08403306749295321	11.316419839859009	11.316419839859009
3882	gpt2	3883	1942	20	wrest	subj_rel	unexpected	The farmer that degenerates the senators wrest	9.14868337531516e-07	9.14868337531516e-07	20.059932708740234	20.059932708740234
3883	gpt2	3884	1942	20	wrest	subj_rel	expected	The farmer that degenerates the senators wrests	0.015652327953091565	0.015652327953091565	12.528726816177368	12.528726816177368
3884	gpt2	3885	1943	20	wring	subj_rel	unexpected	The farmer that degenerates the senators wring	0.025145196909534182	0.025145196909534182	11.153470516204834	11.153470516204834
3885	gpt2	3886	1943	20	wring	subj_rel	expected	The farmer that degenerates the senators wrings	0.06055404021822138	0.06055404021822138	10.519468069076538	10.519468069076538
3886	gpt2	3887	1944	20	write	subj_rel	unexpected	The farmer that degenerates the senators write	2.791875704133417e-05	2.791875704133417e-05	15.128405570983888	15.128405570983888
3887	gpt2	3888	1944	20	write	subj_rel	expected	The farmer that degenerates the senators writes	7.729169010417536e-05	7.729169010417536e-05	13.659327507019045	13.659327507019045
3888	gpt2	3889	1945	20	yank	subj_rel	unexpected	The farmer that degenerates the senators yank	0.009350314754556152	0.009350314754556152	11.201386213302612	11.201386213302612
3889	gpt2	3890	1945	20	yank	subj_rel	expected	The farmer that degenerates the senators yanks	0.10789011793167445	0.10789011793167445	9.436844229698181	9.436844229698181
3890	gpt2	3891	1946	20	yield	subj_rel	unexpected	The farmer that degenerates the senators yield	1.6499345292686485e-05	1.6499345292686485e-05	15.887231826782228	15.887231826782228
3891	gpt2	3892	1946	20	yield	subj_rel	expected	The farmer that degenerates the senators yields	4.534532126854174e-05	4.534532126854174e-05	14.42868709564209	14.42868709564209
3892	gpt2	3893	1947	20	zero	subj_rel	unexpected	The farmer that degenerates the senators zero	9.07506375824596e-07	9.07506375824596e-07	20.07158851623535	20.07158851623535
3893	gpt2	3894	1947	20	zero	subj_rel	expected	The farmer that degenerates the senators zeroes	0.34620969357926396	0.34620969357926396	7.369711237649123	7.369711237649123
3894	gpt2	3895	1948	20	zip	subj_rel	unexpected	The farmer that degenerates the senators zip	8.356004741472134e-07	8.356004741472134e-07	20.190683364868164	20.190683364868164
3895	gpt2	3896	1948	20	zip	subj_rel	expected	The farmer that degenerates the senators zips	0.02790702488778149	0.02790702488778149	10.916271686553955	10.916271686553955
3896	gpt2	3897	1949	20	zoom	subj_rel	unexpected	The farmer that degenerates the senators zoom	1.708878727413321e-07	1.708878727413321e-07	22.480445861816406	22.480445861816406
3897	gpt2	3898	1949	20	zoom	subj_rel	expected	The farmer that degenerates the senators zooms	0.2971709808715559	0.2971709808715559	10.354433178901672	10.354433178901672
3898	gpt2	3899	1950	20	were	subj_rel	unexpected	The farmer that degenerates the senators were	0.0022814471740275	0.0022814471740275	8.775835037231445	8.775835037231445
3899	gpt2	3900	1950	20	were	subj_rel	expected	The farmer that degenerates the senators was	0.0134349344298243	0.0134349344298243	6.217866897583008	6.217866897583008
3900	gpt2	3901	1951	20	staunch	subj_rel	unexpected	The farmer that degenerates the senators staunch	2.7521471110958373e-06	2.7521471110958373e-06	18.471010208129883	18.471010208129883
3901	gpt2	3902	1951	20	staunch	subj_rel	expected	The farmer that degenerates the senators staunches	0.12388590679620388	0.12388590679620388	8.817796349525452	8.817796349525452
