	model	sentid	pairid	contextid	lemma	condition	comparison	sentence	probsum	probmean	surpsum	surpmean
0	gpt2	1	1	1	abandon	vp_coord	unexpected	The surgeons polish and abandons	0.3184382535400801	0.3184382535400801	5.9245781774322195	5.9245781774322195
1	gpt2	2	1	1	abandon	vp_coord	expected	The surgeons polish and abandon	8.825973054626957e-06	8.825973054626957e-06	16.789813995361328	16.789813995361328
2	gpt2	3	2	1	abate	vp_coord	unexpected	The surgeons polish and abates	0.00072594406083225	0.00072594406083225	10.453984260559082	10.453984260559082
3	gpt2	4	2	1	abate	vp_coord	expected	The surgeons polish and abate	0.016755861492129	0.016755861492129	7.827085494995117	7.827085494995117
4	gpt2	5	3	1	abide	vp_coord	unexpected	The surgeons polish and abides	0.00040210793667935	0.00040210793667935	11.455727100372314	11.455727100372314
5	gpt2	6	3	1	abide	vp_coord	expected	The surgeons polish and abide	3.923829353880137e-06	3.923829353880137e-06	17.959306716918945	17.959306716918945
6	gpt2	7	4	1	abolish	vp_coord	unexpected	The surgeons polish and abolishes	0.07720942792310126	0.07720942792310126	12.76289689540863	12.76289689540863
7	gpt2	8	4	1	abolish	vp_coord	expected	The surgeons polish and abolish	3.1673030207457487e-06	3.1673030207457487e-06	18.268314361572266	18.268314361572266
8	gpt2	9	5	1	absorb	vp_coord	unexpected	The surgeons polish and absorbs	6.26626558641874e-07	6.26626558641874e-07	20.60589027404785	20.60589027404785
9	gpt2	10	5	1	absorb	vp_coord	expected	The surgeons polish and absorb	0.0001954032195499	0.0001954032195499	12.321258544921877	12.321258544921877
10	gpt2	11	6	1	abuse	vp_coord	unexpected	The surgeons polish and abuses	5.457908400785527e-07	5.457908400785527e-07	20.80514907836914	20.80514907836914
11	gpt2	12	6	1	abuse	vp_coord	expected	The surgeons polish and abuse	6.0589001805055887e-05	6.0589001805055887e-05	14.010584831237791	14.010584831237791
12	gpt2	13	7	1	accede	vp_coord	unexpected	The surgeons polish and accedes	0.00020429473443070946	0.00020429473443070946	12.718006610870361	12.718006610870361
13	gpt2	14	7	1	accede	vp_coord	expected	The surgeons polish and accede	0.0018050357757601499	0.0018050357757601499	9.880496501922607	9.880496501922607
14	gpt2	15	8	1	accelerate	vp_coord	unexpected	The surgeons polish and accelerates	0.1135527069520776	0.1135527069520776	10.991013526916506	10.991013526916506
15	gpt2	16	8	1	accelerate	vp_coord	expected	The surgeons polish and accelerate	9.036900155479088e-05	9.036900155479088e-05	13.433812141418455	13.433812141418455
16	gpt2	17	9	1	accept	vp_coord	unexpected	The surgeons polish and accepts	8.793739993961935e-07	8.793739993961935e-07	20.117019653320312	20.117019653320312
17	gpt2	18	9	1	accept	vp_coord	expected	The surgeons polish and accept	0.0002098514814861	0.0002098514814861	12.218343734741213	12.218343734741213
18	gpt2	19	10	1	access	vp_coord	unexpected	The surgeons polish and accesses	0.00809867679345185	0.00809867679345185	9.422388792037964	9.422388792037964
19	gpt2	20	10	1	access	vp_coord	expected	The surgeons polish and access	0.0001322124007856	0.0001322124007856	12.884855270385742	12.884855270385742
20	gpt2	21	11	1	acclaim	vp_coord	unexpected	The surgeons polish and acclaims	0.0023049136276824525	0.0023049136276824525	14.11220383644104	14.11220383644104
21	gpt2	22	11	1	acclaim	vp_coord	expected	The surgeons polish and acclaim	6.918101576047775e-07	6.918101576047775e-07	20.463119506835938	20.463119506835938
22	gpt2	23	12	1	accommodate	vp_coord	unexpected	The surgeons polish and accommodates	0.22106925969660549	0.22106925969660549	10.448172807693481	10.448172807693481
23	gpt2	24	12	1	accommodate	vp_coord	expected	The surgeons polish and accommodate	2.629446498758625e-05	2.629446498758625e-05	15.21488094329834	15.21488094329834
24	gpt2	25	13	1	accomodate	vp_coord	unexpected	The surgeons polish and accomodates	0.2732419492240296	0.2732419492240296	5.742924054909963	5.742924054909963
25	gpt2	26	13	1	accomodate	vp_coord	expected	The surgeons polish and accomodate	0.5203167848085286	0.5203167848085286	3.7467888314859015	3.7467888314859015
26	gpt2	27	14	1	accompany	vp_coord	unexpected	The surgeons polish and accompanies	6.179829625807542e-08	6.179829625807542e-08	23.94785690307617	23.94785690307617
27	gpt2	28	14	1	accompany	vp_coord	expected	The surgeons polish and accompany	4.4820772018283606e-06	4.4820772018283606e-06	17.76740074157715	17.76740074157715
28	gpt2	29	15	1	accomplish	vp_coord	unexpected	The surgeons polish and accomplishes	0.09134768737560249	0.09134768737560249	12.13897716999054	12.13897716999054
29	gpt2	30	15	1	accomplish	vp_coord	expected	The surgeons polish and accomplish	2.823826616804581e-05	2.823826616804581e-05	15.11198902130127	15.11198902130127
30	gpt2	31	16	1	accord	vp_coord	unexpected	The surgeons polish and accords	0.00425937693216835	0.00425937693216835	9.218597412109375	9.218597412109375
31	gpt2	32	16	1	accord	vp_coord	expected	The surgeons polish and accord	9.013823500936268e-07	9.013823500936268e-07	20.081357955932617	20.081357955932617
32	gpt2	33	17	1	account	vp_coord	unexpected	The surgeons polish and accounts	5.434349077404477e-07	5.434349077404477e-07	20.811389923095703	20.811389923095703
33	gpt2	34	17	1	account	vp_coord	expected	The surgeons polish and account	3.8744059565942734e-05	3.8744059565942734e-05	14.655665397644045	14.655665397644045
34	gpt2	35	18	1	accrue	vp_coord	unexpected	The surgeons polish and accrues	0.1846827822155319	0.1846827822155319	6.926788409550984	6.926788409550984
35	gpt2	36	18	1	accrue	vp_coord	expected	The surgeons polish and accrue	0.0109687951917294	0.0109687951917294	8.517882108688354	8.517882108688354
36	gpt2	37	19	1	accuse	vp_coord	unexpected	The surgeons polish and accuses	1.154882767195886e-08	1.154882767195886e-08	26.367677688598636	26.367677688598636
37	gpt2	38	19	1	accuse	vp_coord	expected	The surgeons polish and accuse	9.317565741184808e-07	9.317565741184808e-07	20.03354263305664	20.03354263305664
38	gpt2	39	20	1	achieve	vp_coord	unexpected	The surgeons polish and achieves	4.306704113332671e-07	4.306704113332671e-07	21.14691162109375	21.14691162109375
39	gpt2	40	20	1	achieve	vp_coord	expected	The surgeons polish and achieve	0.0001188512687804	0.0001188512687804	13.038555145263672	13.038555145263672
40	gpt2	41	21	1	acknowledge	vp_coord	unexpected	The surgeons polish and acknowledges	8.84247768340174e-08	8.84247768340174e-08	23.43097496032715	23.43097496032715
41	gpt2	42	21	1	acknowledge	vp_coord	expected	The surgeons polish and acknowledge	8.611790690338239e-06	8.611790690338239e-06	16.825254440307617	16.825254440307617
42	gpt2	43	22	1	acquire	vp_coord	unexpected	The surgeons polish and acquires	0.3360387339315025	0.3360387339315025	9.969149827957153	9.969149827957153
43	gpt2	44	22	1	acquire	vp_coord	expected	The surgeons polish and acquire	2.268489151902031e-05	2.268489151902031e-05	15.427908897399902	15.427908897399902
44	gpt2	45	23	1	acquit	vp_coord	unexpected	The surgeons polish and acquits	0.0012428392481638115	0.0012428392481638115	14.009000301361084	14.009000301361084
45	gpt2	46	23	1	acquit	vp_coord	expected	The surgeons polish and acquit	0.026224655198177512	0.026224655198177512	11.808984518051147	11.808984518051147
46	gpt2	47	24	1	act	vp_coord	unexpected	The surgeons polish and acts	1.1614137065407704e-06	1.1614137065407704e-06	19.715686798095703	19.715686798095703
47	gpt2	48	24	1	act	vp_coord	expected	The surgeons polish and act	0.0001719815627438	0.0001719815627438	12.50545883178711	12.50545883178711
48	gpt2	49	25	1	adapt	vp_coord	unexpected	The surgeons polish and adapts	0.0014715520665049	0.0014715520665049	10.3337984085083	10.3337984085083
49	gpt2	50	25	1	adapt	vp_coord	expected	The surgeons polish and adapt	0.0002205222845077	0.0002205222845077	12.146787643432615	12.146787643432615
50	gpt2	51	26	1	address	vp_coord	unexpected	The surgeons polish and addresses	6.941629067114263e-07	6.941629067114263e-07	20.458221435546875	20.458221435546875
51	gpt2	52	26	1	address	vp_coord	expected	The surgeons polish and address	0.0001206253073178	0.0001206253073178	13.017179489135742	13.017179489135742
52	gpt2	53	27	1	add	vp_coord	unexpected	The surgeons polish and adds	2.3812044673832133e-05	2.3812044673832133e-05	15.357949256896973	15.357949256896973
53	gpt2	54	27	1	add	vp_coord	expected	The surgeons polish and add	0.0048053287900984	0.0048053287900984	7.701148986816406	7.701148986816406
54	gpt2	55	28	1	adhere	vp_coord	unexpected	The surgeons polish and adheres	0.00743197955307545	0.00743197955307545	8.864850044250488	8.864850044250488
55	gpt2	56	28	1	adhere	vp_coord	expected	The surgeons polish and adhere	0.0008279738249257	0.0008279738249257	10.238126754760742	10.238126754760742
56	gpt2	57	29	1	adjust	vp_coord	unexpected	The surgeons polish and adjusts	1.380777121084975e-05	1.380777121084975e-05	16.1441593170166	16.1441593170166
57	gpt2	58	29	1	adjust	vp_coord	expected	The surgeons polish and adjust	0.0028049128595739	0.0028049128595739	8.477828025817871	8.477828025817871
58	gpt2	59	30	1	administer	vp_coord	unexpected	The surgeons polish and administers	0.31892435504255445	0.31892435504255445	8.91693291068077	8.91693291068077
59	gpt2	60	30	1	administer	vp_coord	expected	The surgeons polish and administer	0.0003176332684233	0.0003176332684233	11.62035083770752	11.62035083770752
60	gpt2	61	31	1	admit	vp_coord	unexpected	The surgeons polish and admits	4.045866717206082e-07	4.045866717206082e-07	21.23704719543457	21.23704719543457
61	gpt2	62	31	1	admit	vp_coord	expected	The surgeons polish and admit	2.720271731959656e-05	2.720271731959656e-05	15.165889739990234	15.165889739990234
62	gpt2	63	32	1	adopt	vp_coord	unexpected	The surgeons polish and adopts	0.3549306735020821	0.3549306735020821	10.82835164666176	10.82835164666176
63	gpt2	64	32	1	adopt	vp_coord	expected	The surgeons polish and adopt	2.3345066438196227e-05	2.3345066438196227e-05	15.38652229309082	15.38652229309082
64	gpt2	65	33	1	adorn	vp_coord	unexpected	The surgeons polish and adorns	0.0009016394906211	0.0009016394906211	10.509994506835938	10.509994506835938
65	gpt2	66	33	1	adorn	vp_coord	expected	The surgeons polish and adorn	0.4476386260066647	0.4476386260066647	5.893369436264038	5.893369436264038
66	gpt2	67	34	1	advance	vp_coord	unexpected	The surgeons polish and advances	4.412454472912941e-06	4.412454472912941e-06	17.789987564086914	17.789987564086914
67	gpt2	68	34	1	advance	vp_coord	expected	The surgeons polish and advance	0.0003287678118795	0.0003287678118795	11.570643424987791	11.570643424987791
68	gpt2	69	35	1	advantage	vp_coord	unexpected	The surgeons polish and advantages	2.754099170942937e-07	2.754099170942937e-07	21.791915893554688	21.791915893554688
69	gpt2	70	35	1	advantage	vp_coord	expected	The surgeons polish and advantage	1.0823914635693654e-06	1.0823914635693654e-06	19.817346572875977	19.817346572875977
70	gpt2	71	36	1	advise	vp_coord	unexpected	The surgeons polish and advises	5.584653877122037e-07	5.584653877122037e-07	20.77202796936035	20.77202796936035
71	gpt2	72	36	1	advise	vp_coord	expected	The surgeons polish and advise	3.318661038065329e-05	3.318661038065329e-05	14.87903881072998	14.87903881072998
72	gpt2	73	37	1	affect	vp_coord	unexpected	The surgeons polish and affects	2.025175405151458e-07	2.025175405151458e-07	22.235448837280277	22.235448837280277
73	gpt2	74	37	1	affect	vp_coord	expected	The surgeons polish and affect	2.109887827828061e-05	2.109887827828061e-05	15.532474517822266	15.532474517822266
74	gpt2	75	38	1	afford	vp_coord	unexpected	The surgeons polish and affords	0.0001988154799619	0.0001988154799619	12.456674098968506	12.456674098968506
75	gpt2	76	38	1	afford	vp_coord	expected	The surgeons polish and afford	1.052485458785668e-05	1.052485458785668e-05	16.53584098815918	16.53584098815918
76	gpt2	77	39	1	aggravate	vp_coord	unexpected	The surgeons polish and aggravates	0.0008201527248274706	0.0008201527248274706	13.631541728973389	13.631541728973389
77	gpt2	78	39	1	aggravate	vp_coord	expected	The surgeons polish and aggravate	0.4974011078315925	0.4974011078315925	9.00772348814644	9.00772348814644
78	gpt2	79	40	1	agonize	vp_coord	unexpected	The surgeons polish and agonizes	0.002181048917009272	0.002181048917009272	12.455212831497192	12.455212831497192
79	gpt2	80	40	1	agonize	vp_coord	expected	The surgeons polish and agonize	0.4569452455662031	0.4569452455662031	8.598585695028305	8.598585695028305
80	gpt2	81	41	1	agree	vp_coord	unexpected	The surgeons polish and agrees	2.2416648448597698e-07	2.2416648448597698e-07	22.088926315307617	22.088926315307617
81	gpt2	82	41	1	agree	vp_coord	expected	The surgeons polish and agree	3.3608561352593824e-05	3.3608561352593824e-05	14.860811233520508	14.860811233520508
82	gpt2	83	42	1	aid	vp_coord	unexpected	The surgeons polish and aids	7.761928486615943e-07	7.761928486615943e-07	20.297080993652344	20.297080993652344
83	gpt2	84	42	1	aid	vp_coord	expected	The surgeons polish and aid	0.0001388261734973	0.0001388261734973	12.814433097839355	12.814433097839355
84	gpt2	85	43	1	aim	vp_coord	unexpected	The surgeons polish and aims	2.5615574941184605e-06	2.5615574941184605e-06	18.574546813964844	18.574546813964844
85	gpt2	86	43	1	aim	vp_coord	expected	The surgeons polish and aim	9.688227873994038e-05	9.688227873994038e-05	13.333407402038574	13.333407402038574
86	gpt2	87	44	1	air	vp_coord	unexpected	The surgeons polish and airs	1.892241954237761e-07	1.892241954237761e-07	22.33340072631836	22.33340072631836
87	gpt2	88	44	1	air	vp_coord	expected	The surgeons polish and air	0.0003137699095532	0.0003137699095532	11.638005256652832	11.638005256652832
88	gpt2	89	45	1	alert	vp_coord	unexpected	The surgeons polish and alerts	2.341139264672165e-07	2.341139264672165e-07	22.02628517150879	22.02628517150879
89	gpt2	90	45	1	alert	vp_coord	expected	The surgeons polish and alert	5.600465101451846e-06	5.600465101451846e-06	17.446022033691406	17.446022033691406
90	gpt2	91	46	1	alienate	vp_coord	unexpected	The surgeons polish and alienates	0.0009960679466303052	0.0009960679466303052	13.71543550491333	13.71543550491333
91	gpt2	92	46	1	alienate	vp_coord	expected	The surgeons polish and alienate	0.4808762553742554	0.4808762553742554	9.256828213110566	9.256828213110566
92	gpt2	93	47	1	allay	vp_coord	unexpected	The surgeons polish and allays	0.0002796009193843765	0.0002796009193843765	12.914363384246826	12.914363384246826
93	gpt2	94	47	1	allay	vp_coord	expected	The surgeons polish and allay	0.00052634769235735	0.00052634769235735	10.891698837280273	10.891698837280273
94	gpt2	95	48	1	allege	vp_coord	unexpected	The surgeons polish and alleges	3.3717789449383424e-08	3.3717789449383424e-08	24.82191467285156	24.82191467285156
95	gpt2	96	48	1	allege	vp_coord	expected	The surgeons polish and allege	4.041794170461799e-07	4.041794170461799e-07	21.238500595092773	21.238500595092773
96	gpt2	97	49	1	alleviate	vp_coord	unexpected	The surgeons polish and alleviates	0.05600877506974199	0.05600877506974199	12.187430262565611	12.187430262565611
97	gpt2	98	49	1	alleviate	vp_coord	expected	The surgeons polish and alleviate	1.6573339962633327e-05	1.6573339962633327e-05	15.880776405334473	15.880776405334473
98	gpt2	99	50	1	allocate	vp_coord	unexpected	The surgeons polish and allocates	0.15062784329087717	0.15062784329087717	11.60683125257492	11.60683125257492
99	gpt2	100	50	1	allocate	vp_coord	expected	The surgeons polish and allocate	3.4462161693227245e-06	3.4462161693227245e-06	18.14655494689941	18.14655494689941
100	gpt2	101	51	1	allowed	vp_coord	unexpected	The surgeons polish and alloweds	2.9590866006401484e-06	2.9590866006401484e-06	18.37225341796875	18.37225341796875
101	gpt2	102	51	1	allowed	vp_coord	expected	The surgeons polish and allowed	2.693454234758974e-06	2.693454234758974e-06	18.502111434936523	18.502111434936523
102	gpt2	103	52	1	allow	vp_coord	unexpected	The surgeons polish and allows	9.396705536346415e-06	9.396705536346415e-06	16.699413299560547	16.699413299560547
103	gpt2	104	52	1	allow	vp_coord	expected	The surgeons polish and allow	0.0002729097614064	0.0002729097614064	11.839288711547852	11.839288711547852
104	gpt2	105	53	1	ally	vp_coord	unexpected	The surgeons polish and allies	2.008143269449647e-07	2.008143269449647e-07	22.247634887695312	22.247634887695312
105	gpt2	106	53	1	ally	vp_coord	expected	The surgeons polish and ally	1.3443577699945308e-06	1.3443577699945308e-06	19.50465202331543	19.50465202331543
106	gpt2	107	54	1	alter	vp_coord	unexpected	The surgeons polish and alters	1.3446757520796382e-06	1.3446757520796382e-06	19.50431060791016	19.50431060791016
107	gpt2	108	54	1	alter	vp_coord	expected	The surgeons polish and alter	0.0002857038052752	0.0002857038052752	11.773192405700684	11.773192405700684
108	gpt2	109	55	1	amalgamate	vp_coord	unexpected	The surgeons polish and amalgamates	0.041911820159384626	0.041911820159384626	9.4299422899882	9.4299422899882
109	gpt2	110	55	1	amalgamate	vp_coord	expected	The surgeons polish and amalgamate	0.438324411248459	0.438324411248459	8.73338696360588	8.73338696360588
110	gpt2	111	56	1	amass	vp_coord	unexpected	The surgeons polish and amasses	0.00106461608083915	0.00106461608083915	10.411107540130615	10.411107540130615
111	gpt2	112	56	1	amass	vp_coord	expected	The surgeons polish and amass	0.12066941638477145	0.12066941638477145	6.892557263374329	6.892557263374329
112	gpt2	113	57	1	amaze	vp_coord	unexpected	The surgeons polish and amazes	0.00020800691709155	0.00020800691709155	12.365864753723145	12.365864753723145
113	gpt2	114	57	1	amaze	vp_coord	expected	The surgeons polish and amaze	0.0412877008784562	0.0412877008784562	7.667888164520264	7.667888164520264
114	gpt2	115	58	1	amble	vp_coord	unexpected	The surgeons polish and ambles	0.12352009443839047	0.12352009443839047	10.46785318851471	10.46785318851471
115	gpt2	116	58	1	amble	vp_coord	expected	The surgeons polish and amble	0.0931516804266721	0.0931516804266721	7.079520225524902	7.079520225524902
116	gpt2	117	59	1	amend	vp_coord	unexpected	The surgeons polish and amends	0.0005206053610891	0.0005206053610891	11.059226512908936	11.059226512908936
117	gpt2	118	59	1	amend	vp_coord	expected	The surgeons polish and amend	0.0001114648912334	0.0001114648912334	13.131122589111328	13.131122589111328
118	gpt2	119	60	1	amortize	vp_coord	unexpected	The surgeons polish and amortizes	0.05301855189221288	0.05301855189221288	8.682037989298502	8.682037989298502
119	gpt2	120	60	1	amortize	vp_coord	expected	The surgeons polish and amortize	0.34374096446360153	0.34374096446360153	4.862394327918689	4.862394327918689
120	gpt2	121	61	1	amount	vp_coord	unexpected	The surgeons polish and amounts	7.581454752880745e-08	7.581454752880745e-08	23.652950286865234	23.652950286865234
121	gpt2	122	61	1	amount	vp_coord	expected	The surgeons polish and amount	5.679769401467638e-06	5.679769401467638e-06	17.425735473632812	17.425735473632812
122	gpt2	123	62	1	amplify	vp_coord	unexpected	The surgeons polish and amplifies	0.030538292984260782	0.030538292984260782	11.074418306350708	11.074418306350708
123	gpt2	124	62	1	amplify	vp_coord	expected	The surgeons polish and amplify	0.0001667004253249	0.0001667004253249	12.550454139709473	12.550454139709473
124	gpt2	125	63	1	analyze	vp_coord	unexpected	The surgeons polish and analyzes	0.16363313268084312	0.16363313268084312	8.744164168834686	8.744164168834686
125	gpt2	126	63	1	analyze	vp_coord	expected	The surgeons polish and analyze	0.0005169995129108	0.0005169995129108	10.91754913330078	10.91754913330078
126	gpt2	127	64	1	anchor	vp_coord	unexpected	The surgeons polish and anchors	1.1097855576736038e-06	1.1097855576736038e-06	19.781288146972656	19.781288146972656
127	gpt2	128	64	1	anchor	vp_coord	expected	The surgeons polish and anchor	4.07210027333349e-05	4.07210027333349e-05	14.583867073059082	14.583867073059082
128	gpt2	129	65	1	announce	vp_coord	unexpected	The surgeons polish and announces	2.5161062922052224e-07	2.5161062922052224e-07	21.922304153442383	21.922304153442383
129	gpt2	130	65	1	announce	vp_coord	expected	The surgeons polish and announce	7.249475856951903e-06	7.249475856951903e-06	17.073692321777344	17.073692321777344
130	gpt2	131	66	1	answer	vp_coord	unexpected	The surgeons polish and answers	4.636804646906967e-07	4.636804646906967e-07	21.04036521911621	21.04036521911621
131	gpt2	132	66	1	answer	vp_coord	expected	The surgeons polish and answer	2.081666752928868e-05	2.081666752928868e-05	15.55190086364746	15.55190086364746
132	gpt2	133	67	1	antagonize	vp_coord	unexpected	The surgeons polish and antagonizes	0.000849283665687	0.000849283665687	15.76891040802002	15.76891040802002
133	gpt2	134	67	1	antagonize	vp_coord	expected	The surgeons polish and antagonize	0.4500084271582665	0.4500084271582665	11.244085684418678	11.244085684418678
134	gpt2	135	68	1	anticipate	vp_coord	unexpected	The surgeons polish and anticipates	0.2170139610410864	0.2170139610410864	12.219810903072357	12.219810903072357
135	gpt2	136	68	1	anticipate	vp_coord	expected	The surgeons polish and anticipate	5.750887339672772e-06	5.750887339672772e-06	17.40778350830078	17.40778350830078
136	gpt2	137	69	1	apologize	vp_coord	unexpected	The surgeons polish and apologizes	0.03904435118636224	0.03904435118636224	12.02313482761383	12.02313482761383
137	gpt2	138	69	1	apologize	vp_coord	expected	The surgeons polish and apologize	2.374148061790038e-05	2.374148061790038e-05	15.36223030090332	15.36223030090332
138	gpt2	139	70	1	appeal	vp_coord	unexpected	The surgeons polish and appeals	2.6333586333748826e-07	2.6333586333748826e-07	21.856592178344727	21.856592178344727
139	gpt2	140	70	1	appeal	vp_coord	expected	The surgeons polish and appeal	1.369927304040175e-05	1.369927304040175e-05	16.155540466308594	16.155540466308594
140	gpt2	141	71	1	appear	vp_coord	unexpected	The surgeons polish and appears	9.571695045451634e-07	9.571695045451634e-07	19.994722366333008	19.994722366333008
141	gpt2	142	71	1	appear	vp_coord	expected	The surgeons polish and appear	1.5409323168569244e-05	1.5409323168569244e-05	15.98583698272705	15.98583698272705
142	gpt2	143	72	1	appease	vp_coord	unexpected	The surgeons polish and appeases	0.011421017968558536	0.011421017968558536	13.353121757507324	13.353121757507324
143	gpt2	144	72	1	appease	vp_coord	expected	The surgeons polish and appease	5.950621925876476e-06	5.950621925876476e-06	17.35852813720703	17.35852813720703
144	gpt2	145	73	1	append	vp_coord	unexpected	The surgeons polish and appends	0.0010864255273190552	0.0010864255273190552	11.18713903427124	11.18713903427124
145	gpt2	146	73	1	append	vp_coord	expected	The surgeons polish and append	7.722268492216244e-06	7.722268492216244e-06	16.9825439453125	16.9825439453125
146	gpt2	147	74	1	applaud	vp_coord	unexpected	The surgeons polish and applauds	0.0017006633208893423	0.0017006633208893423	13.130293846130371	13.130293846130371
147	gpt2	148	74	1	applaud	vp_coord	expected	The surgeons polish and applaud	3.660956735984655e-06	3.660956735984655e-06	18.05934715270996	18.05934715270996
148	gpt2	149	75	1	apply	vp_coord	unexpected	The surgeons polish and applies	7.338376599363983e-05	7.338376599363983e-05	13.734179496765137	13.734179496765137
149	gpt2	150	75	1	apply	vp_coord	expected	The surgeons polish and apply	0.0272722709923982	0.0272722709923982	5.1964216232299805	5.1964216232299805
150	gpt2	151	76	1	appoint	vp_coord	unexpected	The surgeons polish and appoints	0.019341973142218187	0.019341973142218187	10.355957269668579	10.355957269668579
151	gpt2	152	76	1	appoint	vp_coord	expected	The surgeons polish and appoint	1.505673208157532e-05	1.505673208157532e-05	16.01923179626465	16.01923179626465
152	gpt2	153	77	1	appraise	vp_coord	unexpected	The surgeons polish and appraises	0.0010561178096395018	0.0010561178096395018	12.900839805603027	12.900839805603027
153	gpt2	154	77	1	appraise	vp_coord	expected	The surgeons polish and appraise	0.4952212668613356	0.4952212668613356	8.461485982406884	8.461485982406884
154	gpt2	155	78	1	appreciate	vp_coord	unexpected	The surgeons polish and appreciates	0.3163398576407701	0.3163398576407701	10.808721601963045	10.808721601963045
155	gpt2	156	78	1	appreciate	vp_coord	expected	The surgeons polish and appreciate	1.1426277524151374e-05	1.1426277524151374e-05	16.41728401184082	16.41728401184082
156	gpt2	157	79	1	approach	vp_coord	unexpected	The surgeons polish and approaches	7.934184509394981e-07	7.934184509394981e-07	20.26541519165039	20.26541519165039
157	gpt2	158	79	1	approach	vp_coord	expected	The surgeons polish and approach	4.821334732696414e-05	4.821334732696414e-05	14.340208053588867	14.340208053588867
158	gpt2	159	80	1	approve	vp_coord	unexpected	The surgeons polish and approves	4.855919542023912e-07	4.855919542023912e-07	20.973751068115234	20.973751068115234
159	gpt2	160	80	1	approve	vp_coord	expected	The surgeons polish and approve	0.000166527548572	0.000166527548572	12.55195140838623	12.55195140838623
160	gpt2	161	81	1	argue	vp_coord	unexpected	The surgeons polish and argues	1.413412036299633e-07	1.413412036299633e-07	22.754314422607425	22.754314422607425
161	gpt2	162	81	1	argue	vp_coord	expected	The surgeons polish and argue	1.7265394490095787e-05	1.7265394490095787e-05	15.821757316589355	15.821757316589355
162	gpt2	163	82	1	arise	vp_coord	unexpected	The surgeons polish and arises	7.144454361451835e-09	7.144454361451835e-09	27.060529708862305	27.060529708862305
163	gpt2	164	82	1	arise	vp_coord	expected	The surgeons polish and arise	2.7043557793149375e-07	2.7043557793149375e-07	21.818212509155277	21.818212509155277
164	gpt2	165	83	1	arm	vp_coord	unexpected	The surgeons polish and arms	3.273508582424256e-06	3.273508582424256e-06	18.22073173522949	18.22073173522949
165	gpt2	166	83	1	arm	vp_coord	expected	The surgeons polish and arm	8.893402991816401e-05	8.893402991816401e-05	13.456905364990234	13.456905364990234
166	gpt2	167	84	1	arouse	vp_coord	unexpected	The surgeons polish and arouses	0.2659881221557914	0.2659881221557914	13.196904182434082	13.196904182434082
167	gpt2	168	84	1	arouse	vp_coord	expected	The surgeons polish and arouse	0.0006984093197388	0.0006984093197388	10.600947380065918	10.600947380065918
168	gpt2	169	85	1	arrange	vp_coord	unexpected	The surgeons polish and arranges	0.3395323536728938	0.3395323536728938	8.520275682210922	8.520275682210922
169	gpt2	170	85	1	arrange	vp_coord	expected	The surgeons polish and arrange	0.0005723885260522	0.0005723885260522	10.77071762084961	10.77071762084961
170	gpt2	171	86	1	arrest	vp_coord	unexpected	The surgeons polish and arrests	2.424945932943956e-07	2.424945932943956e-07	21.97554397583008	21.97554397583008
171	gpt2	172	86	1	arrest	vp_coord	expected	The surgeons polish and arrest	9.503554792900104e-06	9.503554792900104e-06	16.683101654052734	16.683101654052734
172	gpt2	173	87	1	arrive	vp_coord	unexpected	The surgeons polish and arrives	3.617406321154704e-07	3.617406321154704e-07	21.39854049682617	21.39854049682617
173	gpt2	174	87	1	arrive	vp_coord	expected	The surgeons polish and arrive	1.4394443496712483e-05	1.4394443496712483e-05	16.084129333496094	16.084129333496094
174	gpt2	175	88	1	articulate	vp_coord	unexpected	The surgeons polish and articulates	0.10375104360201699	0.10375104360201699	10.741435766220093	10.741435766220093
175	gpt2	176	88	1	articulate	vp_coord	expected	The surgeons polish and articulate	1.070512462320039e-05	1.070512462320039e-05	16.51133918762207	16.51133918762207
176	gpt2	177	89	1	ask	vp_coord	unexpected	The surgeons polish and asks	4.892586389360076e-07	4.892586389360076e-07	20.962900161743164	20.962900161743164
177	gpt2	178	89	1	ask	vp_coord	expected	The surgeons polish and ask	4.815746797248721e-05	4.815746797248721e-05	14.341880798339844	14.341880798339844
178	gpt2	179	90	1	assassinate	vp_coord	unexpected	The surgeons polish and assassinates	0.04259473245667419	0.04259473245667419	14.056087136268614	14.056087136268614
179	gpt2	180	90	1	assassinate	vp_coord	expected	The surgeons polish and assassinate	6.434717647607613e-07	6.434717647607613e-07	20.56761932373047	20.56761932373047
180	gpt2	181	91	1	assemble	vp_coord	unexpected	The surgeons polish and assembles	0.2557813689654722	0.2557813689654722	8.936867147684097	8.936867147684097
181	gpt2	182	91	1	assemble	vp_coord	expected	The surgeons polish and assemble	0.0005662986659444	0.0005662986659444	10.78614902496338	10.78614902496338
182	gpt2	183	92	1	assert	vp_coord	unexpected	The surgeons polish and asserts	1.703755998505585e-07	1.703755998505585e-07	22.484777450561523	22.484777450561523
183	gpt2	184	92	1	assert	vp_coord	expected	The surgeons polish and assert	9.883489838102832e-06	9.883489838102832e-06	16.626548767089844	16.626548767089844
184	gpt2	185	93	1	assess	vp_coord	unexpected	The surgeons polish and assesses	0.00092265765124465	0.00092265765124465	10.709936618804932	10.709936618804932
185	gpt2	186	93	1	assess	vp_coord	expected	The surgeons polish and assess	0.0002191904641222	0.0002191904641222	12.155527114868164	12.155527114868164
186	gpt2	187	94	1	assign	vp_coord	unexpected	The surgeons polish and assigns	1.282456878470839e-07	1.282456878470839e-07	22.89458656311035	22.89458656311035
187	gpt2	188	94	1	assign	vp_coord	expected	The surgeons polish and assign	3.898423165082932e-05	3.898423165082932e-05	14.64674949645996	14.64674949645996
188	gpt2	189	95	1	assimilate	vp_coord	unexpected	The surgeons polish and assimilates	0.0007297347674466105	0.0007297347674466105	12.35940170288086	12.35940170288086
189	gpt2	190	95	1	assimilate	vp_coord	expected	The surgeons polish and assimilate	0.4981768323832512	0.4981768323832512	7.639295343076811	7.639295343076811
190	gpt2	191	96	1	assist	vp_coord	unexpected	The surgeons polish and assists	2.455301228110329e-06	2.455301228110329e-06	18.63566780090332	18.63566780090332
191	gpt2	192	96	1	assist	vp_coord	expected	The surgeons polish and assist	0.0001034837478073	0.0001034837478073	13.23830795288086	13.23830795288086
192	gpt2	193	97	1	assuage	vp_coord	unexpected	The surgeons polish and assuages	0.20710265281013562	0.20710265281013562	7.6645041306813555	7.6645041306813555
193	gpt2	194	97	1	assuage	vp_coord	expected	The surgeons polish and assuage	0.5373079451734762	0.5373079451734762	4.914711615691583	4.914711615691583
194	gpt2	195	98	1	assume	vp_coord	unexpected	The surgeons polish and assumes	1.901025257211586e-07	1.901025257211586e-07	22.326719284057617	22.326719284057617
195	gpt2	196	98	1	assume	vp_coord	expected	The surgeons polish and assume	7.091706720530056e-06	7.091706720530056e-06	17.105436325073242	17.105436325073242
196	gpt2	197	99	2	assure	vp_coord	unexpected	The farmer implements and assure	2.358794688461785e-07	2.358794688461785e-07	22.01544761657715	22.01544761657715
197	gpt2	198	99	2	assure	vp_coord	expected	The farmer implements and assures	0.0001006891907309	0.0001006891907309	13.277803421020508	13.277803421020508
198	gpt2	199	100	2	atone	vp_coord	unexpected	The farmer implements and atone	0.0093048820126568	0.0093048820126568	8.516666412353516	8.516666412353516
199	gpt2	200	100	2	atone	vp_coord	expected	The farmer implements and atones	0.0002721629571169	0.0002721629571169	12.055662155151367	12.055662155151367
200	gpt2	201	101	2	attach	vp_coord	unexpected	The farmer implements and attach	2.5574126993888058e-06	2.5574126993888058e-06	18.57688331604004	18.57688331604004
201	gpt2	202	101	2	attach	vp_coord	expected	The farmer implements and attaches	0.0003155578160658	0.0003155578160658	11.62980842590332	11.62980842590332
202	gpt2	203	102	2	attack	vp_coord	unexpected	The farmer implements and attack	2.6052878183691064e-06	2.6052878183691064e-06	18.550125122070312	18.550125122070312
203	gpt2	204	102	2	attack	vp_coord	expected	The farmer implements and attacks	0.0002104443119606	0.0002104443119606	12.214273452758787	12.214273452758787
204	gpt2	205	103	2	attain	vp_coord	unexpected	The farmer implements and attain	1.0050412129203323e-06	1.0050412129203323e-06	19.924314498901367	19.924314498901367
205	gpt2	206	103	2	attain	vp_coord	expected	The farmer implements and attains	0.18577437744534103	0.18577437744534103	7.096545577049255	7.096545577049255
206	gpt2	207	104	2	attempt	vp_coord	unexpected	The farmer implements and attempt	1.9147416878695367e-06	1.9147416878695367e-06	18.99441909790039	18.99441909790039
207	gpt2	208	104	2	attempt	vp_coord	expected	The farmer implements and attempts	0.0005969990743324	0.0005969990743324	10.709983825683594	10.709983825683594
208	gpt2	209	105	2	attend	vp_coord	unexpected	The farmer implements and attend	1.4995191577327205e-06	1.4995191577327205e-06	19.347068786621094	19.347068786621094
209	gpt2	210	105	2	attend	vp_coord	expected	The farmer implements and attends	0.0001145720743807	0.0001145720743807	13.09145736694336	13.09145736694336
210	gpt2	211	106	2	attention	vp_coord	unexpected	The farmer implements and attention	6.260805776037159e-07	6.260805776037159e-07	20.607149124145508	20.607149124145508
211	gpt2	212	106	2	attention	vp_coord	expected	The farmer implements and attentions	0.02849688206583774	0.02849688206583774	11.334731578826903	11.334731578826903
212	gpt2	213	107	2	attest	vp_coord	unexpected	The farmer implements and attest	1.1500934959940424e-07	1.1500934959940424e-07	23.051746368408203	23.051746368408203
213	gpt2	214	107	2	attest	vp_coord	expected	The farmer implements and attests	0.032530288110137855	0.032530288110137855	8.354710102081299	8.354710102081299
214	gpt2	215	108	2	attract	vp_coord	unexpected	The farmer implements and attract	1.2816090020351112e-06	1.2816090020351112e-06	19.57361221313477	19.57361221313477
215	gpt2	216	108	2	attract	vp_coord	expected	The farmer implements and attracts	7.5287971412763e-05	7.5287971412763e-05	13.697220802307127	13.697220802307127
216	gpt2	217	109	2	attribute	vp_coord	unexpected	The farmer implements and attribute	3.975513322984625e-07	3.975513322984625e-07	21.26235580444336	21.26235580444336
217	gpt2	218	109	2	attribute	vp_coord	expected	The farmer implements and attributes	7.088099664542824e-05	7.088099664542824e-05	13.784241676330566	13.784241676330566
218	gpt2	219	110	2	auction	vp_coord	unexpected	The farmer implements and auction	2.296959246450569e-05	2.296959246450569e-05	15.40991497039795	15.40991497039795
219	gpt2	220	110	2	auction	vp_coord	expected	The farmer implements and auctions	2.3077973310137168e-05	2.3077973310137168e-05	15.40312385559082	15.40312385559082
220	gpt2	221	111	2	audition	vp_coord	unexpected	The farmer implements and audition	3.356413174060436e-07	3.356413174060436e-07	21.506576538085938	21.506576538085938
221	gpt2	222	111	2	audition	vp_coord	expected	The farmer implements and auditions	0.030301088932446832	0.030301088932446832	10.329902648925781	10.329902648925781
222	gpt2	223	112	2	audit	vp_coord	unexpected	The farmer implements and audit	2.9669322998415737e-07	2.9669322998415737e-07	21.68452453613281	21.68452453613281
223	gpt2	224	112	2	audit	vp_coord	expected	The farmer implements and audits	2.917284655268304e-05	2.917284655268304e-05	15.065013885498049	15.065013885498049
224	gpt2	225	113	2	augment	vp_coord	unexpected	The farmer implements and augment	1.3615161151392384e-05	1.3615161151392384e-05	16.164426803588867	16.164426803588867
225	gpt2	226	113	2	augment	vp_coord	expected	The farmer implements and augments	0.18976351225137475	0.18976351225137475	6.782363414764404	6.782363414764404
226	gpt2	227	114	2	authorize	vp_coord	unexpected	The farmer implements and authorize	1.1858320903002097e-07	1.1858320903002097e-07	23.00759696960449	23.00759696960449
227	gpt2	228	114	2	authorize	vp_coord	expected	The farmer implements and authorizes	0.42026067469760164	0.42026067469760164	7.826815351843833	7.826815351843833
228	gpt2	229	115	2	autograph	vp_coord	unexpected	The farmer implements and autograph	0.0019069422769461997	0.0019069422769461997	11.660090923309326	11.660090923309326
229	gpt2	230	115	2	autograph	vp_coord	expected	The farmer implements and autographs	0.0068513739888658	0.0068513739888658	10.734070062637329	10.734070062637329
230	gpt2	231	116	2	average	vp_coord	unexpected	The farmer implements and average	1.4648785509052686e-05	1.4648785509052686e-05	16.05885887145996	16.05885887145996
231	gpt2	232	116	2	average	vp_coord	expected	The farmer implements and averages	0.0001235063537023	0.0001235063537023	12.98312759399414	12.98312759399414
232	gpt2	233	117	2	avert	vp_coord	unexpected	The farmer implements and avert	1.1248753395420866e-07	1.1248753395420866e-07	23.08373069763184	23.08373069763184
233	gpt2	234	117	2	avert	vp_coord	expected	The farmer implements and averts	0.48460565189213867	0.48460565189213867	9.15326851978898	9.15326851978898
234	gpt2	235	118	2	avoid	vp_coord	unexpected	The farmer implements and avoid	1.738809260132257e-06	1.738809260132257e-06	19.133468627929688	19.133468627929688
235	gpt2	236	118	2	avoid	vp_coord	expected	The farmer implements and avoids	7.309752982109785e-05	7.309752982109785e-05	13.73981761932373	13.73981761932373
236	gpt2	237	119	2	await	vp_coord	unexpected	The farmer implements and await	3.272339483828546e-07	3.272339483828546e-07	21.543174743652344	21.543174743652344
237	gpt2	238	119	2	await	vp_coord	expected	The farmer implements and awaits	4.361790342954919e-05	4.361790342954919e-05	14.48472023010254	14.48472023010254
238	gpt2	239	120	2	backfire	vp_coord	unexpected	The farmer implements and backfire	0.00010688678230503766	0.00010688678230503766	13.213377475738525	13.213377475738525
239	gpt2	240	120	2	backfire	vp_coord	expected	The farmer implements and backfires	0.002991211553307938	0.002991211553307938	10.435530662536621	10.435530662536621
240	gpt2	241	121	2	back	vp_coord	unexpected	The farmer implements and back	8.846623677527532e-05	8.846623677527532e-05	13.464513778686523	13.464513778686523
241	gpt2	242	121	2	back	vp_coord	expected	The farmer implements and backs	0.0001494084863224	0.0001494084863224	12.708450317382812	12.708450317382812
242	gpt2	243	122	2	bail	vp_coord	unexpected	The farmer implements and bail	7.447266625604243e-07	7.447266625604243e-07	20.35678482055664	20.35678482055664
243	gpt2	244	122	2	bail	vp_coord	expected	The farmer implements and bails	0.08580875722691414	0.08580875722691414	6.335176348686218	6.335176348686218
244	gpt2	245	123	2	balance	vp_coord	unexpected	The farmer implements and balance	3.2979687603074126e-06	3.2979687603074126e-06	18.209991455078125	18.209991455078125
245	gpt2	246	123	2	balance	vp_coord	expected	The farmer implements and balances	0.0001165904977824	0.0001165904977824	13.066262245178224	13.066262245178224
246	gpt2	247	124	2	balk	vp_coord	unexpected	The farmer implements and balk	3.209340491139301e-07	3.209340491139301e-07	21.57122039794922	21.57122039794922
247	gpt2	248	124	2	balk	vp_coord	expected	The farmer implements and balks	0.4017006678013786	0.4017006678013786	7.827495709061623	7.827495709061623
248	gpt2	249	125	2	balloon	vp_coord	unexpected	The farmer implements and balloon	3.535004680088605e-07	3.535004680088605e-07	21.43178367614746	21.43178367614746
249	gpt2	250	125	2	balloon	vp_coord	expected	The farmer implements and balloons	5.283545306156157e-06	5.283545306156157e-06	17.530061721801758	17.530061721801758
250	gpt2	251	126	2	band	vp_coord	unexpected	The farmer implements and band	2.525046147638932e-05	2.525046147638932e-05	15.273330688476562	15.273330688476562
251	gpt2	252	126	2	band	vp_coord	expected	The farmer implements and bands	1.7039625163306482e-05	1.7039625163306482e-05	15.840746879577637	15.840746879577637
252	gpt2	253	127	2	banish	vp_coord	unexpected	The farmer implements and banish	0.04249740687419033	0.04249740687419033	10.12256407737732	10.12256407737732
253	gpt2	254	127	2	banish	vp_coord	expected	The farmer implements and banishes	0.29029863623190977	0.29029863623190977	8.736449956893921	8.736449956893921
254	gpt2	255	128	2	bankroll	vp_coord	unexpected	The farmer implements and bankroll	0.10100444955787677	0.10100444955787677	8.918125748634338	8.918125748634338
255	gpt2	256	128	2	bankroll	vp_coord	expected	The farmer implements and bankrolls	0.37451449899648037	0.37451449899648037	5.984713743130366	5.984713743130366
256	gpt2	257	129	2	bankrupt	vp_coord	unexpected	The farmer implements and bankrupt	5.949858064013824e-07	5.949858064013824e-07	20.680641174316406	20.680641174316406
257	gpt2	258	129	2	bankrupt	vp_coord	expected	The farmer implements and bankrupts	0.42523932403938147	0.42523932403938147	10.457147620618343	10.457147620618343
258	gpt2	259	130	2	bank	vp_coord	unexpected	The farmer implements and bank	2.1155738068046048e-05	2.1155738068046048e-05	15.52859115600586	15.52859115600586
259	gpt2	260	130	2	bank	vp_coord	expected	The farmer implements and banks	2.052018135145772e-05	2.052018135145772e-05	15.572596549987791	15.572596549987791
260	gpt2	261	131	2	ban	vp_coord	unexpected	The farmer implements and ban	9.46814634517068e-06	9.46814634517068e-06	16.688486099243164	16.688486099243164
261	gpt2	262	131	2	ban	vp_coord	expected	The farmer implements and bans	2.1764270059065893e-05	2.1764270059065893e-05	15.487678527832031	15.487678527832031
262	gpt2	263	132	2	bargain	vp_coord	unexpected	The farmer implements and bargain	9.320320941696992e-07	9.320320941696992e-07	20.033117294311523	20.033117294311523
263	gpt2	264	132	2	bargain	vp_coord	expected	The farmer implements and bargains	0.01684892783669053	0.01684892783669053	9.207714557647705	9.207714557647705
264	gpt2	265	133	2	bar	vp_coord	unexpected	The farmer implements and bar	0.0001657173561397	0.0001657173561397	12.558987617492676	12.558987617492676
265	gpt2	266	133	2	bar	vp_coord	expected	The farmer implements and bars	3.909376391675323e-05	3.909376391675323e-05	14.642702102661133	14.642702102661133
266	gpt2	267	134	2	base	vp_coord	unexpected	The farmer implements and base	2.219979796791449e-05	2.219979796791449e-05	15.459094047546388	15.459094047546388
267	gpt2	268	134	2	base	vp_coord	expected	The farmer implements and bases	4.70920858788304e-05	4.70920858788304e-05	14.37415599822998	14.37415599822998
268	gpt2	269	135	2	bash	vp_coord	unexpected	The farmer implements and bash	1.729785253701266e-06	1.729785253701266e-06	19.14097595214844	19.14097595214844
269	gpt2	270	135	2	bash	vp_coord	expected	The farmer implements and bashes	0.38706780028223875	0.38706780028223875	7.674648985266685	7.674648985266685
270	gpt2	271	136	2	batter	vp_coord	unexpected	The farmer implements and batter	1.121269178838702e-05	1.121269178838702e-05	16.444507598876953	16.444507598876953
271	gpt2	272	136	2	batter	vp_coord	expected	The farmer implements and batters	1.7080234101740643e-05	1.7080234101740643e-05	15.837312698364258	15.837312698364258
272	gpt2	273	137	2	battle	vp_coord	unexpected	The farmer implements and battle	6.890305940032704e-06	6.890305940032704e-06	17.147001266479492	17.147001266479492
273	gpt2	274	137	2	battle	vp_coord	expected	The farmer implements and battles	6.719485099893063e-05	6.719485099893063e-05	13.861289978027344	13.861289978027344
274	gpt2	275	138	2	bear	vp_coord	unexpected	The farmer implements and bear	1.722404886095319e-05	1.722404886095319e-05	15.82521629333496	15.82521629333496
275	gpt2	276	138	2	bear	vp_coord	expected	The farmer implements and bears	0.0004366639186628	0.0004366639186628	11.161189079284668	11.161189079284668
276	gpt2	277	139	2	beat	vp_coord	unexpected	The farmer implements and beat	3.489641676424071e-05	3.489641676424071e-05	14.806561470031738	14.806561470031738
277	gpt2	278	139	2	beat	vp_coord	expected	The farmer implements and beats	0.0003384822921361	0.0003384822921361	11.528632164001465	11.528632164001465
278	gpt2	279	140	2	become	vp_coord	unexpected	The farmer implements and become	4.776345576829044e-06	4.776345576829044e-06	17.675661087036133	17.675661087036133
279	gpt2	280	140	2	become	vp_coord	expected	The farmer implements and becomes	0.0001975177437998	0.0001975177437998	12.305729866027832	12.305729866027832
280	gpt2	281	141	2	bedevil	vp_coord	unexpected	The farmer implements and bedevil	0.00019640572099886982	0.00019640572099886982	13.162323951721191	13.162323951721191
281	gpt2	282	141	2	bedevil	vp_coord	expected	The farmer implements and bedevils	0.3189359426457182	0.3189359426457182	7.783127874135971	7.783127874135971
282	gpt2	283	142	2	beef	vp_coord	unexpected	The farmer implements and beef	5.3665266023017466e-05	5.3665266023017466e-05	14.185651779174805	14.185651779174805
283	gpt2	284	142	2	beef	vp_coord	expected	The farmer implements and beefs	0.007068359591357859	0.007068359591357859	10.167773962020874	10.167773962020874
284	gpt2	285	143	2	begin	vp_coord	unexpected	The farmer implements and begin	1.112568861572072e-05	1.112568861572072e-05	16.455745697021484	16.455745697021484
285	gpt2	286	143	2	begin	vp_coord	expected	The farmer implements and begins	0.0010401518084108	0.0010401518084108	9.908989906311035	9.908989906311035
286	gpt2	287	144	2	behave	vp_coord	unexpected	The farmer implements and behave	4.489167508836545e-07	4.489167508836545e-07	21.08704948425293	21.08704948425293
287	gpt2	288	144	2	behave	vp_coord	expected	The farmer implements and behaves	7.920328062027693e-05	7.920328062027693e-05	13.624080657958984	13.624080657958984
288	gpt2	289	145	2	belie	vp_coord	unexpected	The farmer implements and belie	2.415358153484704e-07	2.415358153484704e-07	21.981260299682617	21.981260299682617
289	gpt2	290	145	2	belie	vp_coord	expected	The farmer implements and belies	0.004068454596563233	0.004068454596563233	10.40944504737854	10.40944504737854
290	gpt2	291	146	2	believe	vp_coord	unexpected	The farmer implements and believe	2.738496050369577e-06	2.738496050369577e-06	18.47818374633789	18.47818374633789
291	gpt2	292	146	2	believe	vp_coord	expected	The farmer implements and believes	0.0002195515553466	0.0002195515553466	12.153152465820312	12.153152465820312
292	gpt2	293	147	2	bellow	vp_coord	unexpected	The farmer implements and bellow	0.003113252749244529	0.003113252749244529	11.389947414398193	11.389947414398193
293	gpt2	294	147	2	bellow	vp_coord	expected	The farmer implements and bellows	0.44428701692777395	0.44428701692777395	7.808905296027661	7.808905296027661
294	gpt2	295	148	2	belong	vp_coord	unexpected	The farmer implements and belong	1.3996309178310185e-07	1.3996309178310185e-07	22.768449783325195	22.768449783325195
295	gpt2	296	148	2	belong	vp_coord	expected	The farmer implements and belongs	1.2327893273322845e-05	1.2327893273322845e-05	16.307714462280273	16.307714462280273
296	gpt2	297	149	2	bend	vp_coord	unexpected	The farmer implements and bend	1.3165437167117489e-06	1.3165437167117489e-06	19.534812927246094	19.534812927246094
297	gpt2	298	149	2	bend	vp_coord	expected	The farmer implements and bends	5.921244519413449e-05	5.921244519413449e-05	14.043740272521973	14.043740272521973
298	gpt2	299	150	2	benefit	vp_coord	unexpected	The farmer implements and benefit	4.75204444683186e-07	4.75204444683186e-07	21.00494766235352	21.00494766235352
299	gpt2	300	150	2	benefit	vp_coord	expected	The farmer implements and benefits	0.0002514675725251	0.0002514675725251	11.957340240478516	11.957340240478516
300	gpt2	301	151	2	bet	vp_coord	unexpected	The farmer implements and bet	2.5978757548728023e-05	2.5978757548728023e-05	15.232308387756348	15.232308387756348
301	gpt2	302	151	2	bet	vp_coord	expected	The farmer implements and bets	2.1534189727390185e-05	2.1534189727390185e-05	15.503011703491213	15.503011703491213
302	gpt2	303	152	2	are	vp_coord	unexpected	The farmer implements and are	2.496771230653394e-05	2.496771230653394e-05	15.289576530456545	15.289576530456545
303	gpt2	304	152	2	are	vp_coord	expected	The farmer implements and is	0.0040773833170533	0.0040773833170533	7.938140392303467	7.938140392303467
304	gpt2	305	153	2	bid	vp_coord	unexpected	The farmer implements and bid	5.623575361823896e-06	5.623575361823896e-06	17.440080642700195	17.440080642700195
305	gpt2	306	153	2	bid	vp_coord	expected	The farmer implements and bids	4.581067332765088e-05	4.581067332765088e-05	14.41395664215088	14.41395664215088
306	gpt2	307	154	2	bill	vp_coord	unexpected	The farmer implements and bill	2.3590850105392747e-05	2.3590850105392747e-05	15.371413230895996	15.371413230895996
307	gpt2	308	154	2	bill	vp_coord	expected	The farmer implements and bills	0.0001600011164555	0.0001600011164555	12.609630584716797	12.609630584716797
308	gpt2	309	155	2	bite	vp_coord	unexpected	The farmer implements and bite	3.429042294555984e-07	3.429042294555984e-07	21.475690841674805	21.475690841674805
309	gpt2	310	155	2	bite	vp_coord	expected	The farmer implements and bites	4.633158096112311e-05	4.633158096112311e-05	14.397644996643066	14.397644996643066
310	gpt2	311	156	2	blackmail	vp_coord	unexpected	The farmer implements and blackmail	3.217690164092346e-06	3.217690164092346e-06	18.24554252624512	18.24554252624512
311	gpt2	312	156	2	blackmail	vp_coord	expected	The farmer implements and blackmails	0.02758931323842261	0.02758931323842261	8.890029668807983	8.890029668807983
312	gpt2	313	157	2	blame	vp_coord	unexpected	The farmer implements and blame	3.088347568791505e-07	3.088347568791505e-07	21.62666130065918	21.62666130065918
313	gpt2	314	157	2	blame	vp_coord	expected	The farmer implements and blames	5.109380072099157e-05	5.109380072099157e-05	14.256492614746094	14.256492614746094
314	gpt2	315	158	2	blast	vp_coord	unexpected	The farmer implements and blast	6.455653078774048e-07	6.455653078774048e-07	20.56293296813965	20.56293296813965
315	gpt2	316	158	2	blast	vp_coord	expected	The farmer implements and blasts	2.9884262403356843e-05	2.9884262403356843e-05	15.030254364013672	15.030254364013672
316	gpt2	317	159	2	bleed	vp_coord	unexpected	The farmer implements and bleed	1.5779100976942573e-06	1.5779100976942573e-06	19.2735538482666	19.2735538482666
317	gpt2	318	159	2	bleed	vp_coord	expected	The farmer implements and bleeds	0.318853074189974	0.318853074189974	6.868279695510864	6.868279695510864
318	gpt2	319	160	2	blend	vp_coord	unexpected	The farmer implements and blend	6.314222900982713e-06	6.314222900982713e-06	17.27296257019043	17.27296257019043
319	gpt2	320	160	2	blend	vp_coord	expected	The farmer implements and blends	0.0008090395713225	0.0008090395713225	10.271502494812012	10.271502494812012
320	gpt2	321	161	2	bless	vp_coord	unexpected	The farmer implements and bless	9.035779658006504e-05	9.035779658006504e-05	13.43399143218994	13.43399143218994
321	gpt2	322	161	2	bless	vp_coord	expected	The farmer implements and blesses	0.4882273957809957	0.4882273957809957	6.734249878674745	6.734249878674745
322	gpt2	323	162	2	blink	vp_coord	unexpected	The farmer implements and blink	1.9948915408463108e-08	1.9948915408463108e-08	25.57911491394043	25.57911491394043
323	gpt2	324	162	2	blink	vp_coord	expected	The farmer implements and blinks	0.0106825941766146	0.0106825941766146	8.611499071121216	8.611499071121216
324	gpt2	325	163	2	block	vp_coord	unexpected	The farmer implements and block	4.92228900839109e-06	4.92228900839109e-06	17.632238388061523	17.632238388061523
325	gpt2	326	163	2	block	vp_coord	expected	The farmer implements and blocks	0.0002187823847634	0.0002187823847634	12.158215522766112	12.158215522766112
326	gpt2	327	164	2	blow	vp_coord	unexpected	The farmer implements and blow	5.163593868928729e-06	5.163593868928729e-06	17.56319236755371	17.56319236755371
327	gpt2	328	164	2	blow	vp_coord	expected	The farmer implements and blows	0.0005033223424106	0.0005033223424106	10.95623016357422	10.95623016357422
328	gpt2	329	165	2	blunder	vp_coord	unexpected	The farmer implements and blunder	0.0012512203829828001	0.0012512203829828001	10.24341869354248	10.24341869354248
329	gpt2	330	165	2	blunder	vp_coord	expected	The farmer implements and blunders	0.0068808176147285	0.0068808176147285	8.934705257415771	8.934705257415771
330	gpt2	331	166	2	blunt	vp_coord	unexpected	The farmer implements and blunt	2.8498891424533213e-06	2.8498891424533213e-06	18.42066192626953	18.42066192626953
331	gpt2	332	166	2	blunt	vp_coord	expected	The farmer implements and blunts	0.022724674228811602	0.022724674228811602	8.06138563156128	8.06138563156128
332	gpt2	333	167	2	blur	vp_coord	unexpected	The farmer implements and blur	2.7524883989826776e-06	2.7524883989826776e-06	18.47083282470703	18.47083282470703
333	gpt2	334	167	2	blur	vp_coord	expected	The farmer implements and blurs	0.02033547605969935	0.02033547605969935	8.142099142074585	8.142099142074585
334	gpt2	335	168	2	board	vp_coord	unexpected	The farmer implements and board	7.303422080440214e-06	7.303422080440214e-06	17.06299591064453	17.06299591064453
335	gpt2	336	168	2	board	vp_coord	expected	The farmer implements and boards	0.0001584437995916	0.0001584437995916	12.623741149902344	12.623741149902344
336	gpt2	337	169	2	boast	vp_coord	unexpected	The farmer implements and boast	2.7623218556982465e-07	2.7623218556982465e-07	21.78761482238769	21.78761482238769
337	gpt2	338	169	2	boast	vp_coord	expected	The farmer implements and boasts	5.911494736210443e-05	5.911494736210443e-05	14.046117782592772	14.046117782592772
338	gpt2	339	170	2	bode	vp_coord	unexpected	The farmer implements and bode	0.0006835059321019499	0.0006835059321019499	10.589977741241455	10.589977741241455
339	gpt2	340	170	2	bode	vp_coord	expected	The farmer implements and bodes	0.0032861733343452003	0.0032861733343452003	8.790763854980469	8.790763854980469
340	gpt2	341	171	2	bog	vp_coord	unexpected	The farmer implements and bog	8.247965297414339e-07	8.247965297414339e-07	20.20945930480957	20.20945930480957
341	gpt2	342	171	2	bog	vp_coord	expected	The farmer implements and bogs	0.01106940628960725	0.01106940628960725	7.838552474975586	7.838552474975586
342	gpt2	343	172	2	bolster	vp_coord	unexpected	The farmer implements and bolster	6.138164962976589e-07	6.138164962976589e-07	20.63568878173828	20.63568878173828
343	gpt2	344	172	2	bolster	vp_coord	expected	The farmer implements and bolsters	0.44460192363112583	0.44460192363112583	6.651152528822422	6.651152528822422
344	gpt2	345	173	2	bomb	vp_coord	unexpected	The farmer implements and bomb	6.847804343124153e-06	6.847804343124153e-06	17.155927658081055	17.155927658081055
345	gpt2	346	173	2	bomb	vp_coord	expected	The farmer implements and bombs	5.61258384550456e-05	5.61258384550456e-05	14.120975494384766	14.120975494384766
346	gpt2	347	174	2	boom	vp_coord	unexpected	The farmer implements and boom	2.6039961085189134e-06	2.6039961085189134e-06	18.550840377807617	18.550840377807617
347	gpt2	348	174	2	boom	vp_coord	expected	The farmer implements and booms	0.17264082110523304	0.17264082110523304	7.8821080327034	7.8821080327034
348	gpt2	349	175	2	boost	vp_coord	unexpected	The farmer implements and boost	1.704293254078948e-06	1.704293254078948e-06	19.16239547729492	19.16239547729492
349	gpt2	350	175	2	boost	vp_coord	expected	The farmer implements and boosts	0.0001995397906284	0.0001995397906284	12.291035652160645	12.291035652160645
350	gpt2	351	176	2	borrow	vp_coord	unexpected	The farmer implements and borrow	7.050184649415314e-05	7.050184649415314e-05	13.791979789733888	13.791979789733888
351	gpt2	352	176	2	borrow	vp_coord	expected	The farmer implements and borrows	0.49212917163094966	0.49212917163094966	6.907487090677024	6.907487090677024
352	gpt2	353	177	2	bother	vp_coord	unexpected	The farmer implements and bother	2.468000559474604e-07	2.468000559474604e-07	21.95015335083008	21.95015335083008
353	gpt2	354	177	2	bother	vp_coord	expected	The farmer implements and bothers	7.925915269879624e-06	7.925915269879624e-06	16.944990158081055	16.944990158081055
354	gpt2	355	178	2	bottle	vp_coord	unexpected	The farmer implements and bottle	3.266381463618018e-05	3.266381463618018e-05	14.901947021484377	14.901947021484377
355	gpt2	356	178	2	bottle	vp_coord	expected	The farmer implements and bottles	0.0001655126689001	0.0001655126689001	12.560770988464355	12.560770988464355
356	gpt2	357	179	2	bounce	vp_coord	unexpected	The farmer implements and bounce	1.1172716085638969e-07	1.1172716085638969e-07	23.0935173034668	23.0935173034668
357	gpt2	358	179	2	bounce	vp_coord	expected	The farmer implements and bounces	2.755315654212609e-05	2.755315654212609e-05	15.147422790527344	15.147422790527344
358	gpt2	359	180	2	bow	vp_coord	unexpected	The farmer implements and bow	9.813144060899504e-06	9.813144060899504e-06	16.636852264404297	16.636852264404297
359	gpt2	360	180	2	bow	vp_coord	expected	The farmer implements and bows	0.000239231812884	0.000239231812884	12.029303550720217	12.029303550720217
360	gpt2	361	181	2	brace	vp_coord	unexpected	The farmer implements and brace	9.213352427650534e-07	9.213352427650534e-07	20.04977035522461	20.04977035522461
361	gpt2	362	181	2	brace	vp_coord	expected	The farmer implements and braces	3.1544812372885644e-05	3.1544812372885644e-05	14.952238082885742	14.952238082885742
362	gpt2	363	182	2	brag	vp_coord	unexpected	The farmer implements and brag	0.011780359644035251	0.011780359644035251	9.226739645004272	9.226739645004272
363	gpt2	364	182	2	brag	vp_coord	expected	The farmer implements and brags	0.021123438003996797	0.021123438003996797	8.803893566131592	8.803893566131592
364	gpt2	365	183	2	branch	vp_coord	unexpected	The farmer implements and branch	2.404153974566725e-06	2.404153974566725e-06	18.666038513183597	18.666038513183597
365	gpt2	366	183	2	branch	vp_coord	expected	The farmer implements and branches	0.0001232653594342	0.0001232653594342	12.985944747924805	12.985944747924805
366	gpt2	367	184	2	brave	vp_coord	unexpected	The farmer implements and brave	5.667724508384708e-06	5.667724508384708e-06	17.42879867553711	17.42879867553711
367	gpt2	368	184	2	brave	vp_coord	expected	The farmer implements and braves	0.30522658955305815	0.30522658955305815	6.427324891090393	6.427324891090393
368	gpt2	369	185	2	brazen	vp_coord	unexpected	The farmer implements and brazen	2.6735694973467616e-06	2.6735694973467616e-06	18.51280212402344	18.51280212402344
369	gpt2	370	185	2	brazen	vp_coord	expected	The farmer implements and brazens	0.008507193531841	0.008507193531841	7.831064860026042	7.831064860026042
370	gpt2	371	186	2	breach	vp_coord	unexpected	The farmer implements and breach	2.246265751182364e-07	2.246265751182364e-07	22.085968017578125	22.085968017578125
371	gpt2	372	186	2	breach	vp_coord	expected	The farmer implements and breaches	1.0287774784956127e-05	1.0287774784956127e-05	16.568710327148438	16.568710327148438
372	gpt2	373	187	2	break	vp_coord	unexpected	The farmer implements and break	8.002963113540318e-06	8.002963113540318e-06	16.931034088134766	16.931034088134766
373	gpt2	374	187	2	break	vp_coord	expected	The farmer implements and breaks	0.0006617662729695	0.0006617662729695	10.56139087677002	10.56139087677002
374	gpt2	375	188	2	breed	vp_coord	unexpected	The farmer implements and breed	6.508575461339206e-05	6.508575461339206e-05	13.907299041748049	13.907299041748049
375	gpt2	376	188	2	breed	vp_coord	expected	The farmer implements and breeds	0.0026783624198287	0.0026783624198287	8.544432640075684	8.544432640075684
376	gpt2	377	189	2	brew	vp_coord	unexpected	The farmer implements and brew	0.0002452434564474	0.0002452434564474	11.993497848510742	11.993497848510742
377	gpt2	378	189	2	brew	vp_coord	expected	The farmer implements and brews	0.4800566286576213	0.4800566286576213	6.026294959709048	6.026294959709048
378	gpt2	379	190	2	bribe	vp_coord	unexpected	The farmer implements and bribe	2.746677409959375e-06	2.746677409959375e-06	18.473880767822266	18.473880767822266
379	gpt2	380	190	2	bribe	vp_coord	expected	The farmer implements and bribes	0.0001147207658505	0.0001147207658505	13.089585304260254	13.089585304260254
380	gpt2	381	191	2	bridge	vp_coord	unexpected	The farmer implements and bridge	7.423215038215858e-07	7.423215038215858e-07	20.361452102661133	20.361452102661133
381	gpt2	382	191	2	bridge	vp_coord	expected	The farmer implements and bridges	1.3990665138408076e-05	1.3990665138408076e-05	16.12517547607422	16.12517547607422
382	gpt2	383	192	2	brief	vp_coord	unexpected	The farmer implements and brief	2.3661045815970283e-06	2.3661045815970283e-06	18.689054489135746	18.689054489135746
383	gpt2	384	192	2	brief	vp_coord	expected	The farmer implements and briefs	1.2740395504806656e-05	1.2740395504806656e-05	16.260231018066406	16.260231018066406
384	gpt2	385	193	2	bring	vp_coord	unexpected	The farmer implements and bring	2.9007722332607955e-05	2.9007722332607955e-05	15.073203086853027	15.073203086853027
385	gpt2	386	193	2	bring	vp_coord	expected	The farmer implements and brings	0.0035486598499119	0.0035486598499119	8.138509750366211	8.138509750366211
386	gpt2	387	194	2	broadcast	vp_coord	unexpected	The farmer implements and broadcast	6.792078238504473e-06	6.792078238504473e-06	17.167715072631836	17.167715072631836
387	gpt2	388	194	2	broadcast	vp_coord	expected	The farmer implements and broadcasts	0.0001262713340111	0.0001262713340111	12.95118522644043	12.95118522644043
388	gpt2	389	195	2	broaden	vp_coord	unexpected	The farmer implements and broaden	1.387817434306271e-07	1.387817434306271e-07	22.78067970275879	22.78067970275879
389	gpt2	390	195	2	broaden	vp_coord	expected	The farmer implements and broadens	0.2522272336627793	0.2522272336627793	7.9017588794231415	7.9017588794231415
390	gpt2	391	196	2	browbeat	vp_coord	unexpected	The farmer implements and browbeat	0.0023525576598331034	0.0023525576598331034	11.590552806854248	11.590552806854248
391	gpt2	392	196	2	browbeat	vp_coord	expected	The farmer implements and browbeats	0.29453547278899345	0.29453547278899345	7.923450807730357	7.923450807730357
392	gpt2	393	197	3	brush	vp_coord	unexpected	The farmers socialize and brushes	5.612278641820012e-07	5.612278641820012e-07	20.76490974426269	20.76490974426269
393	gpt2	394	197	3	brush	vp_coord	expected	The farmers socialize and brush	5.9209283790551126e-05	5.9209283790551126e-05	14.043817520141602	14.043817520141602
394	gpt2	395	198	3	buckle	vp_coord	unexpected	The farmers socialize and buckles	0.0009591167229245768	0.0009591167229245768	13.290215969085693	13.290215969085693
395	gpt2	396	198	3	buckle	vp_coord	expected	The farmers socialize and buckle	2.796559101625462e-06	2.796559101625462e-06	18.44791603088379	18.44791603088379
396	gpt2	397	199	3	buck	vp_coord	unexpected	The farmers socialize and bucks	6.307262765403721e-07	6.307262765403721e-07	20.59648323059082	20.59648323059082
397	gpt2	398	199	3	buck	vp_coord	expected	The farmers socialize and buck	5.209216851653764e-06	5.209216851653764e-06	17.55050277709961	17.55050277709961
398	gpt2	399	200	3	budge	vp_coord	unexpected	The farmers socialize and budges	0.0016605481741862461	0.0016605481741862461	12.975292682647705	12.975292682647705
399	gpt2	400	200	3	budge	vp_coord	expected	The farmers socialize and budge	0.23711115147489178	0.23711115147489178	9.395409047603607	9.395409047603607
400	gpt2	401	201	3	buffer	vp_coord	unexpected	The farmers socialize and buffers	5.982631705592212e-07	5.982631705592212e-07	20.67271614074707	20.67271614074707
401	gpt2	402	201	3	buffer	vp_coord	expected	The farmers socialize and buffer	7.111902959877625e-06	7.111902959877625e-06	17.101333618164062	17.101333618164062
402	gpt2	403	202	3	buffet	vp_coord	unexpected	The farmers socialize and buffets	0.12653446729063944	0.12653446729063944	9.300765991210938	9.300765991210938
403	gpt2	404	202	3	buffet	vp_coord	expected	The farmers socialize and buffet	1.2151260762038874e-06	1.2151260762038874e-06	19.650463104248047	19.650463104248047
404	gpt2	405	203	3	build	vp_coord	unexpected	The farmers socialize and builds	2.0915487766615115e-05	2.0915487766615115e-05	15.545068740844728	15.545068740844728
405	gpt2	406	203	3	build	vp_coord	expected	The farmers socialize and build	0.0054128742776811	0.0054128742776811	7.529389381408691	7.529389381408691
406	gpt2	407	204	3	bumble	vp_coord	unexpected	The farmers socialize and bumbles	7.678921065231349e-05	7.678921065231349e-05	14.730759143829346	14.730759143829346
407	gpt2	408	204	3	bumble	vp_coord	expected	The farmers socialize and bumble	0.0039744893947499	0.0039744893947499	9.880545854568481	9.880545854568481
408	gpt2	409	205	3	bump	vp_coord	unexpected	The farmers socialize and bumps	1.8224292830382185e-07	1.8224292830382185e-07	22.38763427734375	22.38763427734375
409	gpt2	410	205	3	bump	vp_coord	expected	The farmers socialize and bump	2.567981937318109e-05	2.567981937318109e-05	15.249005317687988	15.249005317687988
410	gpt2	411	206	3	buoy	vp_coord	unexpected	The farmers socialize and buoys	0.021019064391225552	0.021019064391225552	11.75002145767212	11.75002145767212
411	gpt2	412	206	3	buoy	vp_coord	expected	The farmers socialize and buoy	8.657653438604029e-07	8.657653438604029e-07	20.1395206451416	20.1395206451416
412	gpt2	413	207	3	burn	vp_coord	unexpected	The farmers socialize and burns	1.9289264230337722e-07	1.9289264230337722e-07	22.30569839477539	22.30569839477539
413	gpt2	414	207	3	burn	vp_coord	expected	The farmers socialize and burn	6.689969450235367e-05	6.689969450235367e-05	13.867640495300291	13.867640495300291
414	gpt2	415	208	3	bury	vp_coord	unexpected	The farmers socialize and buries	0.03679636817059869	0.03679636817059869	10.123483419418335	10.123483419418335
415	gpt2	416	208	3	bury	vp_coord	expected	The farmers socialize and bury	2.982094520120881e-05	2.982094520120881e-05	15.03331470489502	15.03331470489502
416	gpt2	417	209	3	buttress	vp_coord	unexpected	The farmers socialize and buttresses	0.0169266297523336	0.0169266297523336	11.36930775642395	11.36930775642395
417	gpt2	418	209	3	buttress	vp_coord	expected	The farmers socialize and buttress	0.2291591859464006	0.2291591859464006	9.48973274230957	9.48973274230957
418	gpt2	419	210	3	butt	vp_coord	unexpected	The farmers socialize and butts	0.0324714842572575	0.0324714842572575	8.563515543937681	8.563515543937681
419	gpt2	420	210	3	butt	vp_coord	expected	The farmers socialize and butt	4.221320978103904e-06	4.221320978103904e-06	17.85387420654297	17.85387420654297
420	gpt2	421	211	3	buy-back	vp_coord	unexpected	The farmers socialize and buy-backs	0.0027713009039870497	0.0027713009039870497	9.092731475830078	9.092731475830078
421	gpt2	422	211	3	buy-back	vp_coord	expected	The farmers socialize and buy-back	0.0027713009039870497	0.0027713009039870497	9.092731475830078	9.092731475830078
422	gpt2	423	212	3	buy	vp_coord	unexpected	The farmers socialize and buys	1.0467018910276238e-05	1.0467018910276238e-05	16.543790817260742	16.543790817260742
423	gpt2	424	212	3	buy	vp_coord	expected	The farmers socialize and buy	0.0048511065542697	0.0048511065542697	7.687470436096191	7.687470436096191
424	gpt2	425	213	3	buzz	vp_coord	unexpected	The farmers socialize and buzzes	0.00042908085470114274	0.00042908085470114274	13.464908599853516	13.464908599853516
425	gpt2	426	213	3	buzz	vp_coord	expected	The farmers socialize and buzz	9.21374339668546e-06	9.21374339668546e-06	16.727781295776367	16.727781295776367
426	gpt2	427	214	3	bypass	vp_coord	unexpected	The farmers socialize and bypasses	0.0004920706650182122	0.0004920706650182122	14.08470630645752	14.08470630645752
427	gpt2	428	214	3	bypass	vp_coord	expected	The farmers socialize and bypass	3.3775174870243063e-06	3.3775174870243063e-06	18.17560577392578	18.17560577392578
428	gpt2	429	215	3	calculate	vp_coord	unexpected	The farmers socialize and calculates	1.4313582141767256e-07	1.4313582141767256e-07	22.73611259460449	22.73611259460449
429	gpt2	430	215	3	calculate	vp_coord	expected	The farmers socialize and calculate	2.1392870621639304e-05	2.1392870621639304e-05	15.512510299682615	15.512510299682615
430	gpt2	431	216	3	call	vp_coord	unexpected	The farmers socialize and calls	1.002633052848978e-05	1.002633052848978e-05	16.605846405029297	16.605846405029297
431	gpt2	432	216	3	call	vp_coord	expected	The farmers socialize and call	0.0010347057832404	0.0010347057832404	9.916563987731934	9.916563987731934
432	gpt2	433	217	3	calm	vp_coord	unexpected	The farmers socialize and calms	0.07178443984776094	0.07178443984776094	8.72802221775055	8.72802221775055
433	gpt2	434	217	3	calm	vp_coord	expected	The farmers socialize and calm	8.150451321853325e-05	8.150451321853325e-05	13.58276081085205	13.58276081085205
434	gpt2	435	218	3	cancel	vp_coord	unexpected	The farmers socialize and cancels	0.0017800408134007553	0.0017800408134007553	12.820812225341797	12.820812225341797
435	gpt2	436	218	3	cancel	vp_coord	expected	The farmers socialize and cancel	5.374000920710387e-06	5.374000920710387e-06	17.505571365356445	17.505571365356445
436	gpt2	437	219	3	capitalize	vp_coord	unexpected	The farmers socialize and capitalizes	0.2374736565398052	0.2374736565398052	7.788559079170227	7.788559079170227
437	gpt2	438	219	3	capitalize	vp_coord	expected	The farmers socialize and capitalize	2.549047530919779e-05	2.549047530919779e-05	15.259681701660156	15.259681701660156
438	gpt2	439	220	3	capture	vp_coord	unexpected	The farmers socialize and captures	6.082596542000829e-07	6.082596542000829e-07	20.6488094329834	20.6488094329834
439	gpt2	440	220	3	capture	vp_coord	expected	The farmers socialize and capture	5.4511201597051695e-05	5.4511201597051695e-05	14.163087844848633	14.163087844848633
440	gpt2	441	221	3	cap	vp_coord	unexpected	The farmers socialize and caps	3.0692743280269497e-07	3.0692743280269497e-07	21.63559913635254	21.63559913635254
441	gpt2	442	221	3	cap	vp_coord	expected	The farmers socialize and cap	1.351931132376194e-05	1.351931132376194e-05	16.174619674682617	16.174619674682617
442	gpt2	443	222	3	careen	vp_coord	unexpected	The farmers socialize and careens	0.0013871112487322127	0.0013871112487322127	12.053243160247803	12.053243160247803
443	gpt2	444	222	3	careen	vp_coord	expected	The farmers socialize and careen	0.0014565090750692498	0.0014565090750692498	10.56190299987793	10.56190299987793
444	gpt2	445	223	3	care	vp_coord	unexpected	The farmers socialize and cares	5.947660156380152e-06	5.947660156380152e-06	17.3592472076416	17.3592472076416
445	gpt2	446	223	3	care	vp_coord	expected	The farmers socialize and care	0.0027541203889995	0.0027541203889995	8.504192352294922	8.504192352294922
446	gpt2	447	224	3	caricature	vp_coord	unexpected	The farmers socialize and caricatures	0.19942805056453491	0.19942805056453491	11.879851877689362	11.879851877689362
447	gpt2	448	224	3	caricature	vp_coord	expected	The farmers socialize and caricature	5.669949132425245e-07	5.669949132425245e-07	20.75016021728516	20.75016021728516
448	gpt2	449	225	3	carry	vp_coord	unexpected	The farmers socialize and carries	6.791197392885806e-06	6.791197392885806e-06	17.16790199279785	17.16790199279785
449	gpt2	450	225	3	carry	vp_coord	expected	The farmers socialize and carry	0.0012237289920449	0.0012237289920449	9.674500465393066	9.674500465393066
450	gpt2	451	226	3	cash	vp_coord	unexpected	The farmers socialize and cashes	0.03797070060656437	0.03797070060656437	11.934668183326721	11.934668183326721
451	gpt2	452	226	3	cash	vp_coord	expected	The farmers socialize and cash	2.698706157389097e-05	2.698706157389097e-05	15.177372932434082	15.177372932434082
452	gpt2	453	227	3	cast	vp_coord	unexpected	The farmers socialize and casts	1.3136684628989317e-07	1.3136684628989317e-07	22.85989570617676	22.85989570617676
453	gpt2	454	227	3	cast	vp_coord	expected	The farmers socialize and cast	5.881578181288205e-05	5.881578181288205e-05	14.053437232971191	14.053437232971191
454	gpt2	455	228	3	catapult	vp_coord	unexpected	The farmers socialize and catapults	0.3457484564502617	0.3457484564502617	6.610551052493975	6.610551052493975
455	gpt2	456	228	3	catapult	vp_coord	expected	The farmers socialize and catapult	2.3450854769180299e-07	2.3450854769180299e-07	22.023855209350582	22.023855209350582
456	gpt2	457	229	3	catch	vp_coord	unexpected	The farmers socialize and catches	9.96641801975784e-07	9.96641801975784e-07	19.93642234802246	19.93642234802246
457	gpt2	458	229	3	catch	vp_coord	expected	The farmers socialize and catch	0.0002893954224418	0.0002893954224418	11.75467014312744	11.75467014312744
458	gpt2	459	230	3	cater	vp_coord	unexpected	The farmers socialize and caters	0.2895439485191673	0.2895439485191673	7.953196614980698	7.953196614980698
459	gpt2	460	230	3	cater	vp_coord	expected	The farmers socialize and cater	0.0003116626176051	0.0003116626176051	11.647727012634276	11.647727012634276
460	gpt2	461	231	3	cause	vp_coord	unexpected	The farmers socialize and causes	9.787679573491914e-07	9.787679573491914e-07	19.9625301361084	19.9625301361084
461	gpt2	462	231	3	cause	vp_coord	expected	The farmers socialize and cause	7.505798566853628e-05	7.505798566853628e-05	13.701634407043455	13.701634407043455
462	gpt2	463	232	3	caution	vp_coord	unexpected	The farmers socialize and cautions	0.0038652195528356774	0.0038652195528356774	12.176148176193237	12.176148176193237
463	gpt2	464	232	3	caution	vp_coord	expected	The farmers socialize and caution	1.1946963240916377e-05	1.1946963240916377e-05	16.352996826171875	16.352996826171875
464	gpt2	465	233	3	cease	vp_coord	unexpected	The farmers socialize and ceases	4.1315601606584096e-08	4.1315601606584096e-08	24.528738021850582	24.528738021850582
465	gpt2	466	233	3	cease	vp_coord	expected	The farmers socialize and cease	4.8263468670484144e-06	4.8263468670484144e-06	17.66063690185547	17.66063690185547
466	gpt2	467	234	3	cede	vp_coord	unexpected	The farmers socialize and cedes	0.00016790763402239875	0.00016790763402239875	13.261256217956543	13.261256217956543
467	gpt2	468	234	3	cede	vp_coord	expected	The farmers socialize and cede	0.0066608947381609504	0.0066608947381609504	8.979565620422363	8.979565620422363
468	gpt2	469	235	3	celebrate	vp_coord	unexpected	The farmers socialize and celebrates	8.58907060319325e-06	8.58907060319325e-06	16.82906723022461	16.82906723022461
469	gpt2	470	235	3	celebrate	vp_coord	expected	The farmers socialize and celebrate	0.0015047071501612	0.0015047071501612	9.376301765441896	9.376301765441896
470	gpt2	471	236	3	cement	vp_coord	unexpected	The farmers socialize and cements	0.00018397848180028135	0.00018397848180028135	12.785516262054443	12.785516262054443
471	gpt2	472	236	3	cement	vp_coord	expected	The farmers socialize and cement	9.085165402211716e-06	9.085165402211716e-06	16.748056411743164	16.748056411743164
472	gpt2	473	237	3	centralize	vp_coord	unexpected	The farmers socialize and centralizes	0.006843402888989626	0.006843402888989626	10.14728045463562	10.14728045463562
473	gpt2	474	237	3	centralize	vp_coord	expected	The farmers socialize and centralize	0.48427832443303487	0.48427832443303487	7.07182059623301	7.07182059623301
474	gpt2	475	238	3	certify	vp_coord	unexpected	The farmers socialize and certifies	0.11411203190513672	0.11411203190513672	11.645262122154236	11.645262122154236
475	gpt2	476	238	3	certify	vp_coord	expected	The farmers socialize and certify	4.732491106551606e-06	4.732491106551606e-06	17.688968658447266	17.688968658447266
476	gpt2	477	239	3	challenge	vp_coord	unexpected	The farmers socialize and challenges	8.618215360911563e-06	8.618215360911563e-06	16.82417869567871	16.82417869567871
477	gpt2	478	239	3	challenge	vp_coord	expected	The farmers socialize and challenge	0.0002532562066335	0.0002532562066335	11.947114944458008	11.947114944458008
478	gpt2	479	240	3	change	vp_coord	unexpected	The farmers socialize and changes	1.582522236276418e-05	1.582522236276418e-05	15.94741439819336	15.94741439819336
479	gpt2	480	240	3	change	vp_coord	expected	The farmers socialize and change	0.0007259210688062	0.0007259210688062	10.427899360656738	10.427899360656738
480	gpt2	481	241	3	channel	vp_coord	unexpected	The farmers socialize and channels	4.236485438013915e-06	4.236485438013915e-06	17.84870147705078	17.84870147705078
481	gpt2	482	241	3	channel	vp_coord	expected	The farmers socialize and channel	5.852572576259263e-05	5.852572576259263e-05	14.060569763183594	14.060569763183594
482	gpt2	483	242	3	characterize	vp_coord	unexpected	The farmers socialize and characterizes	0.16064257073276167	0.16064257073276167	8.945922434329987	8.945922434329987
483	gpt2	484	242	3	characterize	vp_coord	expected	The farmers socialize and characterize	1.3436841982183978e-05	1.3436841982183978e-05	16.183446884155273	16.183446884155273
484	gpt2	485	243	3	charge	vp_coord	unexpected	The farmers socialize and charges	1.5044925021356903e-06	1.5044925021356903e-06	19.3422908782959	19.3422908782959
485	gpt2	486	243	3	charge	vp_coord	expected	The farmers socialize and charge	4.355638156994246e-05	4.355638156994246e-05	14.486756324768066	14.486756324768066
486	gpt2	487	244	3	chart	vp_coord	unexpected	The farmers socialize and charts	2.497206708085287e-07	2.497206708085287e-07	21.933181762695312	21.933181762695312
487	gpt2	488	244	3	chart	vp_coord	expected	The farmers socialize and chart	2.1876809114473872e-05	2.1876809114473872e-05	15.48023796081543	15.48023796081543
488	gpt2	489	245	3	chase	vp_coord	unexpected	The farmers socialize and chases	0.0007754659891361	0.0007754659891361	10.622872352600098	10.622872352600098
489	gpt2	490	245	3	chase	vp_coord	expected	The farmers socialize and chase	3.0509501812048256e-05	3.0509501812048256e-05	15.000381469726562	15.000381469726562
490	gpt2	491	246	3	chat	vp_coord	unexpected	The farmers socialize and chats	4.084146894456353e-06	4.084146894456353e-06	17.901533126831055	17.901533126831055
491	gpt2	492	246	3	chat	vp_coord	expected	The farmers socialize and chat	0.000905493448954	0.000905493448954	10.109007835388184	10.109007835388184
492	gpt2	493	247	3	chauffeur	vp_coord	unexpected	The farmers socialize and chauffeurs	0.28377480885387735	0.28377480885387735	8.401627962787947	8.401627962787947
493	gpt2	494	247	3	chauffeur	vp_coord	expected	The farmers socialize and chauffeur	0.6094140676135945	0.6094140676135945	6.094272181391716	6.094272181391716
494	gpt2	495	248	3	cheat	vp_coord	unexpected	The farmers socialize and cheats	0.04040813173082821	0.04040813173082821	10.343950390815735	10.343950390815735
495	gpt2	496	248	3	cheat	vp_coord	expected	The farmers socialize and cheat	1.2078387044311968e-05	1.2078387044311968e-05	16.33721351623535	16.33721351623535
496	gpt2	497	249	3	check	vp_coord	unexpected	The farmers socialize and checks	1.3889886076867697e-06	1.3889886076867697e-06	19.45753288269043	19.45753288269043
497	gpt2	498	249	3	check	vp_coord	expected	The farmers socialize and check	0.0001865656959125	0.0001865656959125	12.388029098510742	12.388029098510742
498	gpt2	499	250	3	cheer	vp_coord	unexpected	The farmers socialize and cheers	2.828919605235569e-06	2.828919605235569e-06	18.43131828308105	18.43131828308105
499	gpt2	500	250	3	cheer	vp_coord	expected	The farmers socialize and cheer	0.0001483759115217	0.0001483759115217	12.71845531463623	12.71845531463623
500	gpt2	501	251	3	chew	vp_coord	unexpected	The farmers socialize and chews	0.04851668427613731	0.04851668427613731	10.212021708488464	10.212021708488464
501	gpt2	502	251	3	chew	vp_coord	expected	The farmers socialize and chew	2.861208486137912e-05	2.861208486137912e-05	15.093015670776367	15.093015670776367
502	gpt2	503	252	3	chill	vp_coord	unexpected	The farmers socialize and chills	0.0003759225364774	0.0003759225364774	11.38852834701538	11.38852834701538
503	gpt2	504	252	3	chill	vp_coord	expected	The farmers socialize and chill	0.0001058955749613	0.0001058955749613	13.205070495605469	13.205070495605469
504	gpt2	505	253	3	chisel	vp_coord	unexpected	The farmers socialize and chisels	0.32376899439259427	0.32376899439259427	7.1435938216745845	7.1435938216745845
505	gpt2	506	253	3	chisel	vp_coord	expected	The farmers socialize and chisel	0.00137947373150375	0.00137947373150375	10.126945972442627	10.126945972442627
506	gpt2	507	254	3	choke	vp_coord	unexpected	The farmers socialize and chokes	0.00033950562647075	0.00033950562647075	11.52494764328003	11.52494764328003
507	gpt2	508	254	3	choke	vp_coord	expected	The farmers socialize and choke	2.5578615350241307e-06	2.5578615350241307e-06	18.576629638671875	18.576629638671875
508	gpt2	509	255	3	choose	vp_coord	unexpected	The farmers socialize and chooses	4.601609361998271e-06	4.601609361998271e-06	17.729429244995117	17.729429244995117
509	gpt2	510	255	3	choose	vp_coord	expected	The farmers socialize and choose	0.0010489493142813	0.0010489493142813	9.896839141845703	9.896839141845703
510	gpt2	511	256	3	chop	vp_coord	unexpected	The farmers socialize and chops	1.718242543802262e-07	1.718242543802262e-07	22.472562789916992	22.472562789916992
511	gpt2	512	256	3	chop	vp_coord	expected	The farmers socialize and chop	3.984231807407923e-05	3.984231807407923e-05	14.615338325500488	14.615338325500488
512	gpt2	513	257	3	churn	vp_coord	unexpected	The farmers socialize and churns	0.0004121891390695832	0.0004121891390695832	13.757346153259277	13.757346153259277
513	gpt2	514	257	3	churn	vp_coord	expected	The farmers socialize and churn	6.375250904966379e-06	6.375250904966379e-06	17.25908660888672	17.25908660888672
514	gpt2	515	258	3	cinch	vp_coord	unexpected	The farmers socialize and cinches	0.00015115538363373422	0.00015115538363373422	15.882002353668213	15.882002353668213
515	gpt2	516	258	3	cinch	vp_coord	expected	The farmers socialize and cinch	0.0005508215836016	0.0005508215836016	10.991652011871338	10.991652011871338
516	gpt2	517	259	3	circulate	vp_coord	unexpected	The farmers socialize and circulates	0.16454662661135444	0.16454662661135444	9.38786268234253	9.38786268234253
517	gpt2	518	259	3	circulate	vp_coord	expected	The farmers socialize and circulate	4.210235056234524e-05	4.210235056234524e-05	14.53573989868164	14.53573989868164
518	gpt2	519	260	3	circumvent	vp_coord	unexpected	The farmers socialize and circumvents	0.26402853157802986	0.26402853157802986	8.04255116979281	8.04255116979281
519	gpt2	520	260	3	circumvent	vp_coord	expected	The farmers socialize and circumvent	6.201964424690232e-06	6.201964424690232e-06	17.298843383789062	17.298843383789062
520	gpt2	521	261	3	cite	vp_coord	unexpected	The farmers socialize and cites	1.029991736345437e-07	1.029991736345437e-07	23.21086311340332	23.21086311340332
521	gpt2	522	261	3	cite	vp_coord	expected	The farmers socialize and cite	1.0972667951136827e-05	1.0972667951136827e-05	16.475725173950195	16.475725173950195
522	gpt2	523	262	3	claim	vp_coord	unexpected	The farmers socialize and claims	1.6675559209033963e-06	1.6675559209033963e-06	19.19383430480957	19.19383430480957
523	gpt2	524	262	3	claim	vp_coord	expected	The farmers socialize and claim	9.6006304374896e-05	9.6006304374896e-05	13.346510887145996	13.346510887145996
524	gpt2	525	263	3	clamp	vp_coord	unexpected	The farmers socialize and clamps	0.00018204587104260264	0.00018204587104260264	12.93210744857788	12.93210744857788
525	gpt2	526	263	3	clamp	vp_coord	expected	The farmers socialize and clamp	2.464487806719262e-06	2.464487806719262e-06	18.630281448364254	18.630281448364254
526	gpt2	527	264	3	clarify	vp_coord	unexpected	The farmers socialize and clarifies	0.3547092652618602	0.3547092652618602	11.098169803619385	11.098169803619385
527	gpt2	528	264	3	clarify	vp_coord	expected	The farmers socialize and clarify	1.029969280352816e-05	1.029969280352816e-05	16.567039489746094	16.567039489746094
528	gpt2	529	265	3	clash	vp_coord	unexpected	The farmers socialize and clashes	1.2758895309161744e-06	1.2758895309161744e-06	19.58006477355957	19.58006477355957
529	gpt2	530	265	3	clash	vp_coord	expected	The farmers socialize and clash	2.5198836738127284e-05	2.5198836738127284e-05	15.276283264160156	15.276283264160156
530	gpt2	531	266	3	classify	vp_coord	unexpected	The farmers socialize and classifies	0.050308665748161695	0.050308665748161695	8.037140488624573	8.037140488624573
531	gpt2	532	266	3	classify	vp_coord	expected	The farmers socialize and classify	5.52937171960366e-06	5.52937171960366e-06	17.464452743530273	17.464452743530273
532	gpt2	533	267	3	cleanse	vp_coord	unexpected	The farmers socialize and cleanses	0.002981024385917404	0.002981024385917404	11.583565473556519	11.583565473556519
533	gpt2	534	267	3	cleanse	vp_coord	expected	The farmers socialize and cleanse	0.0460567094851285	0.0460567094851285	6.516892433166504	6.516892433166504
534	gpt2	535	268	3	clean	vp_coord	unexpected	The farmers socialize and cleans	1.786101893230807e-05	1.786101893230807e-05	15.772826194763184	15.772826194763184
535	gpt2	536	268	3	clean	vp_coord	expected	The farmers socialize and clean	0.0013132677413523	0.0013132677413523	9.572623252868652	9.572623252868652
536	gpt2	537	269	3	clear	vp_coord	unexpected	The farmers socialize and clears	3.312447631742544e-07	3.312447631742544e-07	21.525598526000977	21.525598526000977
537	gpt2	538	269	3	clear	vp_coord	expected	The farmers socialize and clear	0.0001479573693359	0.0001479573693359	12.722530364990234	12.722530364990234
538	gpt2	539	270	3	climb	vp_coord	unexpected	The farmers socialize and climbs	4.830479269912757e-07	4.830479269912757e-07	20.98133087158203	20.98133087158203
539	gpt2	540	270	3	climb	vp_coord	expected	The farmers socialize and climb	0.0001300212024943	0.0001300212024943	12.908965110778809	12.908965110778809
540	gpt2	541	271	3	cling	vp_coord	unexpected	The farmers socialize and clings	0.016770311704021854	0.016770311704021854	9.558066129684448	9.558066129684448
541	gpt2	542	271	3	cling	vp_coord	expected	The farmers socialize and cling	2.507503040760639e-06	2.507503040760639e-06	18.60531616210937	18.60531616210937
542	gpt2	543	272	3	clip	vp_coord	unexpected	The farmers socialize and clips	1.3078458493964717e-07	1.3078458493964717e-07	22.866304397583008	22.866304397583008
543	gpt2	544	272	3	clip	vp_coord	expected	The farmers socialize and clip	5.8778186939889565e-06	5.8778186939889565e-06	17.37628746032715	17.37628746032715
544	gpt2	545	273	3	clobber	vp_coord	unexpected	The farmers socialize and clobbers	0.014092206072139837	0.014092206072139837	8.49457343419393	8.49457343419393
545	gpt2	546	273	3	clobber	vp_coord	expected	The farmers socialize and clobber	0.3242238776001613	0.3242238776001613	6.786252694825332	6.786252694825332
546	gpt2	547	274	3	close	vp_coord	unexpected	The farmers socialize and closes	4.968098323843151e-07	4.968098323843151e-07	20.94080352783203	20.94080352783203
547	gpt2	548	274	3	close	vp_coord	expected	The farmers socialize and close	0.0002728171239141	0.0002728171239141	11.839777946472168	11.839777946472168
548	gpt2	549	275	3	cloud	vp_coord	unexpected	The farmers socialize and clouds	4.819730179406179e-07	4.819730179406179e-07	20.98454475402832	20.98454475402832
549	gpt2	550	275	3	cloud	vp_coord	expected	The farmers socialize and cloud	1.0879639376071282e-05	1.0879639376071282e-05	16.48801040649414	16.48801040649414
550	gpt2	551	276	3	clutter	vp_coord	unexpected	The farmers socialize and clutters	0.14437686154127505	0.14437686154127505	11.014183640480042	11.014183640480042
551	gpt2	552	276	3	clutter	vp_coord	expected	The farmers socialize and clutter	3.937639576179208e-06	3.937639576179208e-06	17.95423698425293	17.95423698425293
552	gpt2	553	277	3	coach	vp_coord	unexpected	The farmers socialize and coaches	3.391909194760956e-05	3.391909194760956e-05	14.847542762756348	14.847542762756348
553	gpt2	554	277	3	coach	vp_coord	expected	The farmers socialize and coach	0.0001702771114651	0.0001702771114651	12.519827842712402	12.519827842712402
554	gpt2	555	278	3	coax	vp_coord	unexpected	The farmers socialize and coaxes	0.0007950800245452913	0.0007950800245452913	11.895049095153809	11.895049095153809
555	gpt2	556	278	3	coax	vp_coord	expected	The farmers socialize and coax	4.460485797608271e-05	4.460485797608271e-05	14.452439308166504	14.452439308166504
556	gpt2	557	279	3	code	vp_coord	unexpected	The farmers socialize and codes	1.3226724604464837e-06	1.3226724604464837e-06	19.528112411499023	19.528112411499023
557	gpt2	558	279	3	code	vp_coord	expected	The farmers socialize and code	7.790859672240913e-05	7.790859672240913e-05	13.647857666015623	13.647857666015623
558	gpt2	559	280	3	co-exist	vp_coord	unexpected	The farmers socialize and co-exists	0.35150355310179293	0.35150355310179293	4.167790591716766	4.167790591716766
559	gpt2	560	280	3	co-exist	vp_coord	expected	The farmers socialize and co-exist	0.35150355310179293	0.35150355310179293	4.167790591716766	4.167790591716766
560	gpt2	561	281	3	cohere	vp_coord	unexpected	The farmers socialize and coheres	0.002222973935658943	0.002222973935658943	11.936145067214966	11.936145067214966
561	gpt2	562	281	3	cohere	vp_coord	expected	The farmers socialize and cohere	0.0023450138978659504	0.0023450138978659504	9.867039442062378	9.867039442062378
562	gpt2	563	282	3	co-host	vp_coord	unexpected	The farmers socialize and co-hosts	0.35150355310179293	0.35150355310179293	4.167790591716766	4.167790591716766
563	gpt2	564	282	3	co-host	vp_coord	expected	The farmers socialize and co-host	0.35150355310179293	0.35150355310179293	4.167790591716766	4.167790591716766
564	gpt2	565	283	3	coincide	vp_coord	unexpected	The farmers socialize and coincides	4.2582021819725924e-07	4.2582021819725924e-07	21.16325187683105	21.16325187683105
565	gpt2	566	283	3	coincide	vp_coord	expected	The farmers socialize and coincide	3.3884546155604767e-06	3.3884546155604767e-06	18.17094039916992	18.17094039916992
566	gpt2	567	284	3	collaborate	vp_coord	unexpected	The farmers socialize and collaborates	0.03434997095246217	0.03434997095246217	9.174367427825928	9.174367427825928
567	gpt2	568	284	3	collaborate	vp_coord	expected	The farmers socialize and collaborate	0.0020151997450739	0.0020151997450739	8.954861640930176	8.954861640930176
568	gpt2	569	285	3	collapse	vp_coord	unexpected	The farmers socialize and collapses	2.3728043530013565e-08	2.3728043530013565e-08	25.32883071899414	25.32883071899414
569	gpt2	570	285	3	collapse	vp_coord	expected	The farmers socialize and collapse	2.5291756173828617e-06	2.5291756173828617e-06	18.5929012298584	18.5929012298584
570	gpt2	571	286	3	collect	vp_coord	unexpected	The farmers socialize and collects	2.445719474053476e-06	2.445719474053476e-06	18.64130973815918	18.64130973815918
571	gpt2	572	286	3	collect	vp_coord	expected	The farmers socialize and collect	0.000817270076368	0.000817270076368	10.2568998336792	10.2568998336792
572	gpt2	573	287	3	combat	vp_coord	unexpected	The farmers socialize and combats	0.005496497489730241	0.005496497489730241	10.481988191604614	10.481988191604614
573	gpt2	574	287	3	combat	vp_coord	expected	The farmers socialize and combat	3.512043986120261e-05	3.512043986120261e-05	14.797329902648926	14.797329902648926
574	gpt2	575	288	3	combine	vp_coord	unexpected	The farmers socialize and combines	4.844635896006366e-06	4.844635896006366e-06	17.655179977416992	17.655179977416992
575	gpt2	576	288	3	combine	vp_coord	expected	The farmers socialize and combine	0.0005057693342678	0.0005057693342678	10.949233055114746	10.949233055114746
576	gpt2	577	289	3	come	vp_coord	unexpected	The farmers socialize and comes	1.976370913325809e-05	1.976370913325809e-05	15.626786231994627	15.626786231994627
577	gpt2	578	289	3	come	vp_coord	expected	The farmers socialize and come	0.0018793473718687	0.0018793473718687	9.05555248260498	9.05555248260498
578	gpt2	579	290	3	command	vp_coord	unexpected	The farmers socialize and commands	2.3592142497363966e-06	2.3592142497363966e-06	18.693262100219727	18.693262100219727
579	gpt2	580	290	3	command	vp_coord	expected	The farmers socialize and command	2.8232558179297484e-05	2.8232558179297484e-05	15.11228084564209	15.11228084564209
580	gpt2	581	291	3	commemorate	vp_coord	unexpected	The farmers socialize and commemorates	0.05837500072873066	0.05837500072873066	12.320529341697693	12.320529341697693
581	gpt2	582	291	3	commemorate	vp_coord	expected	The farmers socialize and commemorate	6.055800895410357e-06	6.055800895410357e-06	17.333250045776367	17.333250045776367
582	gpt2	583	292	3	commend	vp_coord	unexpected	The farmers socialize and commends	7.992250584716899e-05	7.992250584716899e-05	15.083757400512695	15.083757400512695
583	gpt2	584	292	3	commend	vp_coord	expected	The farmers socialize and commend	2.584614094303106e-06	2.584614094303106e-06	18.56161880493164	18.56161880493164
584	gpt2	585	293	3	comment	vp_coord	unexpected	The farmers socialize and comments	1.0052966899820603e-05	1.0052966899820603e-05	16.602018356323242	16.602018356323242
585	gpt2	586	293	3	comment	vp_coord	expected	The farmers socialize and comment	0.000102418292954	0.000102418292954	13.253238677978516	13.253238677978516
586	gpt2	587	294	3	commercialize	vp_coord	unexpected	The farmers socialize and commercializes	0.0006352636082738002	0.0006352636082738002	11.516793727874756	11.516793727874756
587	gpt2	588	294	3	commercialize	vp_coord	expected	The farmers socialize and commercialize	0.49582530649422557	0.49582530649422557	6.653939014766365	6.653939014766365
588	gpt2	589	295	4	commit	vp_coord	unexpected	The consultants shadow and commits	4.4347012817524966e-07	4.4347012817524966e-07	21.104660034179688	21.104660034179688
589	gpt2	590	295	4	commit	vp_coord	expected	The consultants shadow and commit	0.0001059270871337	0.0001059270871337	13.20464038848877	13.20464038848877
590	gpt2	591	296	4	communicate	vp_coord	unexpected	The consultants shadow and communicates	1.4468784002019677e-06	1.4468784002019677e-06	19.398624420166016	19.398624420166016
591	gpt2	592	296	4	communicate	vp_coord	expected	The consultants shadow and communicate	0.0002164959587389	0.0002164959587389	12.173372268676758	12.173372268676758
592	gpt2	593	297	4	compare	vp_coord	unexpected	The consultants shadow and compares	3.00628616969334e-05	3.00628616969334e-05	15.021657943725586	15.021657943725586
593	gpt2	594	297	4	compare	vp_coord	expected	The consultants shadow and compare	0.0018932529492303	0.0018932529492303	9.044917106628418	9.044917106628418
594	gpt2	595	298	4	compel	vp_coord	unexpected	The consultants shadow and compels	0.035539451324439114	0.035539451324439114	9.605217218399048	9.605217218399048
595	gpt2	596	298	4	compel	vp_coord	expected	The consultants shadow and compel	2.7649180992739275e-05	2.7649180992739275e-05	15.142403602600098	15.142403602600098
596	gpt2	597	299	4	compensate	vp_coord	unexpected	The consultants shadow and compensates	0.15455357576735196	0.15455357576735196	10.602641463279724	10.602641463279724
597	gpt2	598	299	4	compensate	vp_coord	expected	The consultants shadow and compensate	4.2236588342348114e-05	4.2236588342348114e-05	14.531147003173828	14.531147003173828
598	gpt2	599	300	4	compete	vp_coord	unexpected	The consultants shadow and competes	0.39125049780500376	0.39125049780500376	8.913391098380089	8.913391098380089
599	gpt2	600	300	4	compete	vp_coord	expected	The consultants shadow and compete	0.0008607775671407	0.0008607775671407	10.182071685791016	10.182071685791016
600	gpt2	601	301	4	compile	vp_coord	unexpected	The consultants shadow and compiles	0.019051661052799318	0.019051661052799318	10.055173397064209	10.055173397064209
601	gpt2	602	301	4	compile	vp_coord	expected	The consultants shadow and compile	0.0005881783436052	0.0005881783436052	10.73145866394043	10.73145866394043
602	gpt2	603	302	4	complain	vp_coord	unexpected	The consultants shadow and complains	8.115420314425137e-06	8.115420314425137e-06	16.91090202331543	16.91090202331543
603	gpt2	604	302	4	complain	vp_coord	expected	The consultants shadow and complain	0.004293221514672	0.004293221514672	7.8637237548828125	7.8637237548828125
604	gpt2	605	303	4	complement	vp_coord	unexpected	The consultants shadow and complements	0.04989349333197879	0.04989349333197879	11.1277676820755	11.1277676820755
605	gpt2	606	303	4	complement	vp_coord	expected	The consultants shadow and complement	2.1344612832763232e-05	2.1344612832763232e-05	15.51576805114746	15.51576805114746
606	gpt2	607	304	4	complete	vp_coord	unexpected	The consultants shadow and completes	2.570723722783441e-07	2.570723722783441e-07	21.891321182250977	21.891321182250977
607	gpt2	608	304	4	complete	vp_coord	expected	The consultants shadow and complete	8.062443521339446e-05	8.062443521339446e-05	13.59842300415039	13.59842300415039
608	gpt2	609	305	4	complicate	vp_coord	unexpected	The consultants shadow and complicates	0.13172442941277038	0.13172442941277038	9.367761135101318	9.367761135101318
609	gpt2	610	305	4	complicate	vp_coord	expected	The consultants shadow and complicate	2.1563288100878708e-05	2.1563288100878708e-05	15.501063346862791	15.501063346862791
610	gpt2	611	306	4	comply	vp_coord	unexpected	The consultants shadow and complies	0.014151970020520821	0.014151970020520821	10.977183103561401	10.977183103561401
611	gpt2	612	306	4	comply	vp_coord	expected	The consultants shadow and comply	6.318153464235365e-05	6.318153464235365e-05	13.9501371383667	13.9501371383667
612	gpt2	613	307	4	compound	vp_coord	unexpected	The consultants shadow and compounds	6.410450055227557e-07	6.410450055227557e-07	20.573070526123047	20.573070526123047
613	gpt2	614	307	4	compound	vp_coord	expected	The consultants shadow and compound	3.084405079789576e-06	3.084405079789576e-06	18.306575775146484	18.306575775146484
614	gpt2	615	308	4	comprise	vp_coord	unexpected	The consultants shadow and comprises	1.0619077102091978e-06	1.0619077102091978e-06	19.84490966796875	19.84490966796875
615	gpt2	616	308	4	comprise	vp_coord	expected	The consultants shadow and comprise	4.041358988615684e-05	4.041358988615684e-05	14.594799995422363	14.594799995422363
616	gpt2	617	309	4	compromise	vp_coord	unexpected	The consultants shadow and compromises	2.08717210625764e-06	2.08717210625764e-06	18.870018005371094	18.870018005371094
617	gpt2	618	309	4	compromise	vp_coord	expected	The consultants shadow and compromise	0.0002020583197008	0.0002020583197008	12.272940635681152	12.272940635681152
618	gpt2	619	310	4	computerize	vp_coord	unexpected	The consultants shadow and computerizes	0.0001740571460686	0.0001740571460686	12.492706775665283	12.492706775665283
619	gpt2	620	310	4	computerize	vp_coord	expected	The consultants shadow and computerize	0.0017322339335805	0.0017322339335805	10.424446105957031	10.424446105957031
620	gpt2	621	311	4	compute	vp_coord	unexpected	The consultants shadow and computes	0.0020971247358829675	0.0020971247358829675	11.650451183319092	11.650451183319092
621	gpt2	622	311	4	compute	vp_coord	expected	The consultants shadow and compute	4.217347668600269e-05	4.217347668600269e-05	14.53330421447754	14.53330421447754
622	gpt2	623	312	4	conceal	vp_coord	unexpected	The consultants shadow and conceals	0.13620026980072453	0.13620026980072453	10.230168759822845	10.230168759822845
623	gpt2	624	312	4	conceal	vp_coord	expected	The consultants shadow and conceal	0.0004362241888884	0.0004362241888884	11.162642478942873	11.162642478942873
624	gpt2	625	313	4	concede	vp_coord	unexpected	The consultants shadow and concedes	1.571333450556267e-05	1.571333450556267e-05	15.957651138305664	15.957651138305664
625	gpt2	626	313	4	concede	vp_coord	expected	The consultants shadow and concede	0.0004991118912585	0.0004991118912585	10.96834945678711	10.96834945678711
626	gpt2	627	314	4	conceive	vp_coord	unexpected	The consultants shadow and conceives	0.0010380587774534334	0.0010380587774534334	13.748895645141602	13.748895645141602
627	gpt2	628	314	4	conceive	vp_coord	expected	The consultants shadow and conceive	2.6078445443999957e-05	2.6078445443999957e-05	15.22678279876709	15.22678279876709
628	gpt2	629	315	4	concentrate	vp_coord	unexpected	The consultants shadow and concentrates	0.10028157933760438	0.10028157933760438	10.973692774772644	10.973692774772644
629	gpt2	630	315	4	concentrate	vp_coord	expected	The consultants shadow and concentrate	0.0001443087530788	0.0001443087530788	12.758553504943848	12.758553504943848
630	gpt2	631	316	4	concern	vp_coord	unexpected	The consultants shadow and concerns	3.895413101417944e-05	3.895413101417944e-05	14.64786434173584	14.64786434173584
631	gpt2	632	316	4	concern	vp_coord	expected	The consultants shadow and concern	0.0003056788118556	0.0003056788118556	11.675695419311523	11.675695419311523
632	gpt2	633	317	4	conclude	vp_coord	unexpected	The consultants shadow and concludes	4.005763457826106e-06	4.005763457826106e-06	17.92949104309082	17.92949104309082
633	gpt2	634	317	4	conclude	vp_coord	expected	The consultants shadow and conclude	0.0002123814483638	0.0002123814483638	12.201054573059082	12.201054573059082
634	gpt2	635	318	4	condemn	vp_coord	unexpected	The consultants shadow and condemns	3.0651922315882985e-06	3.0651922315882985e-06	18.31559181213379	18.31559181213379
635	gpt2	636	318	4	condemn	vp_coord	expected	The consultants shadow and condemn	0.0004149068554397	0.0004149068554397	11.234925270080566	11.234925270080566
636	gpt2	637	319	4	condone	vp_coord	unexpected	The consultants shadow and condones	0.0017235077175427928	0.0017235077175427928	12.862158298492432	12.862158298492432
637	gpt2	638	319	4	condone	vp_coord	expected	The consultants shadow and condone	2.460163705109153e-05	2.460163705109153e-05	15.31088638305664	15.31088638305664
638	gpt2	639	320	4	conduct	vp_coord	unexpected	The consultants shadow and conducts	2.837500915120472e-06	2.837500915120472e-06	18.42694854736328	18.42694854736328
639	gpt2	640	320	4	conduct	vp_coord	expected	The consultants shadow and conduct	0.0009941258467733	0.0009941258467733	9.974284172058104	9.974284172058104
640	gpt2	641	321	4	confer	vp_coord	unexpected	The consultants shadow and confers	0.0015893224990577	0.0015893224990577	10.295892715454102	10.295892715454102
641	gpt2	642	321	4	confer	vp_coord	expected	The consultants shadow and confer	2.235736064903904e-05	2.235736064903904e-05	15.448890686035156	15.448890686035156
642	gpt2	643	322	4	confirm	vp_coord	unexpected	The consultants shadow and confirms	4.360041202744469e-06	4.360041202744469e-06	17.807226181030273	17.807226181030273
643	gpt2	644	322	4	confirm	vp_coord	expected	The consultants shadow and confirm	0.0005508293397724	0.0005508293397724	10.826107025146484	10.826107025146484
644	gpt2	645	323	4	confiscate	vp_coord	unexpected	The consultants shadow and confiscates	0.000495604841944396	0.000495604841944396	13.599215984344482	13.599215984344482
645	gpt2	646	323	4	confiscate	vp_coord	expected	The consultants shadow and confiscate	0.492122043352083	0.492122043352083	8.616600536741316	8.616600536741316
646	gpt2	647	324	4	conform	vp_coord	unexpected	The consultants shadow and conforms	0.004366381575437079	0.004366381575437079	12.527620077133179	12.527620077133179
647	gpt2	648	324	4	conform	vp_coord	expected	The consultants shadow and conform	3.2857378755579703e-06	3.2857378755579703e-06	18.215351104736328	18.215351104736328
648	gpt2	649	325	4	confront	vp_coord	unexpected	The consultants shadow and confronts	3.807947450695792e-06	3.807947450695792e-06	18.00255584716797	18.00255584716797
649	gpt2	650	325	4	confront	vp_coord	expected	The consultants shadow and confront	0.0001270492357434	0.0001270492357434	12.9423246383667	12.9423246383667
650	gpt2	651	326	4	confuse	vp_coord	unexpected	The consultants shadow and confuses	0.00015854651064724999	0.00015854651064724999	12.71477222442627	12.71477222442627
651	gpt2	652	326	4	confuse	vp_coord	expected	The consultants shadow and confuse	0.0001897061883937	0.0001897061883937	12.363945960998535	12.363945960998535
652	gpt2	653	327	4	congratulate	vp_coord	unexpected	The consultants shadow and congratulates	0.08527447589969481	0.08527447589969481	11.341782212257385	11.341782212257385
653	gpt2	654	327	4	congratulate	vp_coord	expected	The consultants shadow and congratulate	0.0001523553073639	0.0001523553073639	12.680272102355955	12.680272102355955
654	gpt2	655	328	4	connect	vp_coord	unexpected	The consultants shadow and connects	3.2096727409225423e-06	3.2096727409225423e-06	18.249141693115234	18.249141693115234
655	gpt2	656	328	4	connect	vp_coord	expected	The consultants shadow and connect	0.0002537784457672	0.0002537784457672	11.94414234161377	11.94414234161377
656	gpt2	657	329	4	connote	vp_coord	unexpected	The consultants shadow and connotes	0.00015494430044775	0.00015494430044775	12.694987297058105	12.694987297058105
657	gpt2	658	329	4	connote	vp_coord	expected	The consultants shadow and connote	0.0008812417254375499	0.0008812417254375499	11.14071559906006	11.14071559906006
658	gpt2	659	330	4	conquer	vp_coord	unexpected	The consultants shadow and conquers	0.2508709782326264	0.2508709782326264	12.378171414136887	12.378171414136887
659	gpt2	660	330	4	conquer	vp_coord	expected	The consultants shadow and conquer	8.91875970410183e-06	8.91875970410183e-06	16.77472496032715	16.77472496032715
660	gpt2	661	331	4	consent	vp_coord	unexpected	The consultants shadow and consents	0.00040202400487031597	0.00040202400487031597	12.589705467224121	12.589705467224121
661	gpt2	662	331	4	consent	vp_coord	expected	The consultants shadow and consent	5.569798668147996e-05	5.569798668147996e-05	14.132015228271484	14.132015228271484
662	gpt2	663	332	4	conserve	vp_coord	unexpected	The consultants shadow and conserves	0.0026271297195989895	0.0026271297195989895	13.08615779876709	13.08615779876709
663	gpt2	664	332	4	conserve	vp_coord	expected	The consultants shadow and conserve	3.406189989618724e-06	3.406189989618724e-06	18.163410186767575	18.163410186767575
664	gpt2	665	333	4	consider	vp_coord	unexpected	The consultants shadow and considers	2.2720951164956205e-06	2.2720951164956205e-06	18.74754524230957	18.74754524230957
665	gpt2	666	333	4	consider	vp_coord	expected	The consultants shadow and consider	0.0006156254094094	0.0006156254094094	10.66565990447998	10.66565990447998
666	gpt2	667	334	4	consist	vp_coord	unexpected	The consultants shadow and consists	2.074851636280073e-06	2.074851636280073e-06	18.87856101989746	18.87856101989746
667	gpt2	668	334	4	consist	vp_coord	expected	The consultants shadow and consist	2.293667057529092e-05	2.293667057529092e-05	15.41198444366455	15.41198444366455
668	gpt2	669	335	4	console	vp_coord	unexpected	The consultants shadow and consoles	2.5504846234980505e-07	2.5504846234980505e-07	21.90272521972656	21.90272521972656
669	gpt2	670	335	4	console	vp_coord	expected	The consultants shadow and console	1.3769872566626871e-05	1.3769872566626871e-05	16.14812469482422	16.14812469482422
670	gpt2	671	336	4	consolidate	vp_coord	unexpected	The consultants shadow and consolidates	0.07211336144064262	0.07211336144064262	11.449014782905579	11.449014782905579
671	gpt2	672	336	4	consolidate	vp_coord	expected	The consultants shadow and consolidate	1.960037297976669e-05	1.960037297976669e-05	15.63875961303711	15.63875961303711
672	gpt2	673	337	4	constitute	vp_coord	unexpected	The consultants shadow and constitutes	4.190690106042894e-07	4.190690106042894e-07	21.18630790710449	21.18630790710449
673	gpt2	674	337	4	constitute	vp_coord	expected	The consultants shadow and constitute	3.2014937460189685e-05	3.2014937460189685e-05	14.93089485168457	14.93089485168457
674	gpt2	675	338	4	constrain	vp_coord	unexpected	The consultants shadow and constrains	0.24003333867100687	0.24003333867100687	7.15623570481936	7.15623570481936
675	gpt2	676	338	4	constrain	vp_coord	expected	The consultants shadow and constrain	0.09134409374382813	0.09134409374382813	8.378042817115784	8.378042817115784
676	gpt2	677	339	4	construct	vp_coord	unexpected	The consultants shadow and constructs	7.751852990622865e-07	7.751852990622865e-07	20.2989559173584	20.2989559173584
677	gpt2	678	339	4	construct	vp_coord	expected	The consultants shadow and construct	8.946126035880297e-05	8.946126035880297e-05	13.44837760925293	13.44837760925293
678	gpt2	679	340	4	construe	vp_coord	unexpected	The consultants shadow and construes	0.10962093052027432	0.10962093052027432	7.6157063245773315	7.6157063245773315
679	gpt2	680	340	4	construe	vp_coord	expected	The consultants shadow and construe	0.14849176800635178	0.14849176800635178	8.027467846870422	8.027467846870422
680	gpt2	681	341	4	consult	vp_coord	unexpected	The consultants shadow and consults	0.03147596988128495	0.03147596988128495	6.702063798904419	6.702063798904419
681	gpt2	682	341	4	consult	vp_coord	expected	The consultants shadow and consult	0.0015011640498414	0.0015011640498414	9.3797025680542	9.3797025680542
682	gpt2	683	342	4	consume	vp_coord	unexpected	The consultants shadow and consumes	4.885341127192078e-07	4.885341127192078e-07	20.965036392211918	20.965036392211918
683	gpt2	684	342	4	consume	vp_coord	expected	The consultants shadow and consume	2.957217657240108e-05	2.957217657240108e-05	15.04539966583252	15.04539966583252
684	gpt2	685	343	4	contact	vp_coord	unexpected	The consultants shadow and contacts	4.183169494353933e-06	4.183169494353933e-06	17.866971969604492	17.866971969604492
685	gpt2	686	343	4	contact	vp_coord	expected	The consultants shadow and contact	0.0001183741333079	0.0001183741333079	13.044358253479004	13.044358253479004
686	gpt2	687	344	4	contain	vp_coord	unexpected	The consultants shadow and contains	6.072699761716649e-06	6.072699761716649e-06	17.32923126220703	17.32923126220703
687	gpt2	688	344	4	contain	vp_coord	expected	The consultants shadow and contain	0.0001426307717338	0.0001426307717338	12.775426864624023	12.775426864624023
688	gpt2	689	345	4	contemplate	vp_coord	unexpected	The consultants shadow and contemplates	0.42482364417082863	0.42482364417082863	10.610326454043388	10.610326454043388
689	gpt2	690	345	4	contemplate	vp_coord	expected	The consultants shadow and contemplate	6.28402121947147e-05	6.28402121947147e-05	13.957952499389648	13.957952499389648
690	gpt2	691	346	4	contemporize	vp_coord	unexpected	The consultants shadow and contemporizes	1.0847218050002992e-05	1.0847218050002992e-05	18.182440757751465	18.182440757751465
691	gpt2	692	346	4	contemporize	vp_coord	expected	The consultants shadow and contemporize	0.0023621064132157625	0.0023621064132157625	14.281241178512573	14.281241178512573
692	gpt2	693	347	4	contend	vp_coord	unexpected	The consultants shadow and contends	2.805320491461316e-06	2.805320491461316e-06	18.443403244018555	18.443403244018555
693	gpt2	694	347	4	contend	vp_coord	expected	The consultants shadow and contend	0.0004064319655299	0.0004064319655299	11.264698028564451	11.264698028564451
694	gpt2	695	348	4	content	vp_coord	unexpected	The consultants shadow and contents	6.496860578408814e-07	6.496860578408814e-07	20.553754806518555	20.553754806518555
695	gpt2	696	348	4	content	vp_coord	expected	The consultants shadow and content	7.301559526240453e-05	7.301559526240453e-05	13.741436004638672	13.741436004638672
696	gpt2	697	349	4	continue	vp_coord	unexpected	The consultants shadow and continues	4.810575774172321e-06	4.810575774172321e-06	17.665359497070312	17.665359497070312
697	gpt2	698	349	4	continue	vp_coord	expected	The consultants shadow and continue	0.0008307056850753	0.0008307056850753	10.23337459564209	10.23337459564209
698	gpt2	699	350	4	contract	vp_coord	unexpected	The consultants shadow and contracts	1.2207065083202906e-05	1.2207065083202906e-05	16.321924209594727	16.321924209594727
699	gpt2	700	350	4	contract	vp_coord	expected	The consultants shadow and contract	0.0002401644742349	0.0002401644742349	12.023689270019531	12.023689270019531
700	gpt2	701	351	4	contrast	vp_coord	unexpected	The consultants shadow and contrasts	1.9081582649960183e-05	1.9081582649960183e-05	15.677459716796877	15.677459716796877
701	gpt2	702	351	4	contrast	vp_coord	expected	The consultants shadow and contrast	0.0006375853554345	0.0006375853554345	10.615094184875488	10.615094184875488
702	gpt2	703	352	4	contribute	vp_coord	unexpected	The consultants shadow and contributes	2.052588570222724e-06	2.052588570222724e-06	18.89412498474121	18.89412498474121
703	gpt2	704	352	4	contribute	vp_coord	expected	The consultants shadow and contribute	0.0002982676378451	0.0002982676378451	11.711105346679688	11.711105346679688
704	gpt2	705	353	4	control	vp_coord	unexpected	The consultants shadow and controls	1.5675856047892012e-05	1.5675856047892012e-05	15.961095809936523	15.961095809936523
705	gpt2	706	353	4	control	vp_coord	expected	The consultants shadow and control	0.0016180266393348	0.0016180266393348	9.271549224853516	9.271549224853516
706	gpt2	707	354	4	con	vp_coord	unexpected	The consultants shadow and cons	3.418440610403195e-05	3.418440610403195e-05	14.836301803588867	14.836301803588867
707	gpt2	708	354	4	con	vp_coord	expected	The consultants shadow and con	0.0001193872376461	0.0001193872376461	13.032063484191896	13.032063484191896
708	gpt2	709	355	4	convene	vp_coord	unexpected	The consultants shadow and convenes	0.006071153953598691	0.006071153953598691	11.376923084259033	11.376923084259033
709	gpt2	710	355	4	convene	vp_coord	expected	The consultants shadow and convene	0.3715608878246712	0.3715608878246712	8.408499598503113	8.408499598503113
710	gpt2	711	356	4	convert	vp_coord	unexpected	The consultants shadow and converts	8.302260425807617e-07	8.302260425807617e-07	20.19999313354492	20.19999313354492
711	gpt2	712	356	4	convert	vp_coord	expected	The consultants shadow and convert	4.4696920667774975e-05	4.4696920667774975e-05	14.449464797973633	14.449464797973633
712	gpt2	713	357	4	convey	vp_coord	unexpected	The consultants shadow and conveys	0.40480999817862084	0.40480999817862084	9.639899790287018	9.639899790287018
713	gpt2	714	357	4	convey	vp_coord	expected	The consultants shadow and convey	6.289441807894036e-05	6.289441807894036e-05	13.956708908081056	13.956708908081056
714	gpt2	715	358	4	convict	vp_coord	unexpected	The consultants shadow and convicts	0.0187722711352762	0.0187722711352762	12.004846572875977	12.004846572875977
715	gpt2	716	358	4	convict	vp_coord	expected	The consultants shadow and convict	3.395177918719128e-05	3.395177918719128e-05	14.846153259277344	14.846153259277344
716	gpt2	717	359	4	convince	vp_coord	unexpected	The consultants shadow and convinces	0.43771244237984774	0.43771244237984774	9.957598954439165	9.957598954439165
717	gpt2	718	359	4	convince	vp_coord	expected	The consultants shadow and convince	0.0006079149316065	0.0006079149316065	10.683842658996582	10.683842658996582
718	gpt2	719	360	4	cook	vp_coord	unexpected	The consultants shadow and cooks	1.9194283140677729e-07	1.9194283140677729e-07	22.312820434570312	22.312820434570312
719	gpt2	720	360	4	cook	vp_coord	expected	The consultants shadow and cook	3.417579864617437e-05	3.417579864617437e-05	14.836665153503418	14.836665153503418
720	gpt2	721	361	4	cool	vp_coord	unexpected	The consultants shadow and cools	0.00200590182907943	0.00200590182907943	12.588675498962402	12.588675498962402
721	gpt2	722	361	4	cool	vp_coord	expected	The consultants shadow and cool	6.580145509360591e-06	6.580145509360591e-06	17.213449478149414	17.213449478149414
722	gpt2	723	362	4	cooperate	vp_coord	unexpected	The consultants shadow and cooperates	0.00843668007746598	0.00843668007746598	11.216407537460327	11.216407537460327
723	gpt2	724	362	4	cooperate	vp_coord	expected	The consultants shadow and cooperate	7.861269841669127e-05	7.861269841669127e-05	13.634878158569336	13.634878158569336
724	gpt2	725	363	4	coordinate	vp_coord	unexpected	The consultants shadow and coordinates	3.3401297514501493e-06	3.3401297514501493e-06	18.19166374206543	18.19166374206543
725	gpt2	726	363	4	coordinate	vp_coord	expected	The consultants shadow and coordinate	0.0003416526014916	0.0003416526014916	11.515182495117188	11.515182495117188
726	gpt2	727	364	4	cope	vp_coord	unexpected	The consultants shadow and copes	0.0010468911459610988	0.0010468911459610988	12.208221912384033	12.208221912384033
727	gpt2	728	364	4	cope	vp_coord	expected	The consultants shadow and cope	9.361910088045988e-06	9.361910088045988e-06	16.70476531982422	16.70476531982422
728	gpt2	729	365	4	co-produce	vp_coord	unexpected	The consultants shadow and co-produces	0.49483482143841684	0.49483482143841684	4.238196889869869	4.238196889869869
729	gpt2	730	365	4	co-produce	vp_coord	expected	The consultants shadow and co-produce	0.49483482143841684	0.49483482143841684	4.238196889869869	4.238196889869869
730	gpt2	731	366	4	copy	vp_coord	unexpected	The consultants shadow and copies	1.5708951650594829e-06	1.5708951650594829e-06	19.27998161315918	19.27998161315918
731	gpt2	732	366	4	copy	vp_coord	expected	The consultants shadow and copy	0.0001908501290017	0.0001908501290017	12.35527229309082	12.35527229309082
732	gpt2	733	367	4	corner	vp_coord	unexpected	The consultants shadow and corners	4.922439075016882e-06	4.922439075016882e-06	17.63219451904297	17.63219451904297
733	gpt2	734	367	4	corner	vp_coord	expected	The consultants shadow and corner	4.643101783585735e-05	4.643101783585735e-05	14.394551277160645	14.394551277160645
734	gpt2	735	368	4	corral	vp_coord	unexpected	The consultants shadow and corrals	0.002265177156914412	0.002265177156914412	11.990584135055542	11.990584135055542
735	gpt2	736	368	4	corral	vp_coord	expected	The consultants shadow and corral	0.23848120258389827	0.23848120258389827	8.629418730735779	8.629418730735779
736	gpt2	737	369	4	correct	vp_coord	unexpected	The consultants shadow and corrects	0.001305866568145565	0.001305866568145565	11.141016006469727	11.141016006469727
737	gpt2	738	369	4	correct	vp_coord	expected	The consultants shadow and correct	7.736971747362986e-05	7.736971747362986e-05	13.65787124633789	13.65787124633789
738	gpt2	739	370	4	correspond	vp_coord	unexpected	The consultants shadow and corresponds	1.0682656892413435e-07	1.0682656892413435e-07	23.158226013183597	23.158226013183597
739	gpt2	740	370	4	correspond	vp_coord	expected	The consultants shadow and correspond	1.4288174497778527e-05	1.4288174497778527e-05	16.094818115234375	16.094818115234375
740	gpt2	741	371	4	co-sponsor	vp_coord	unexpected	The consultants shadow and co-sponsors	0.49483482143841684	0.49483482143841684	4.238196889869869	4.238196889869869
741	gpt2	742	371	4	co-sponsor	vp_coord	expected	The consultants shadow and co-sponsor	0.49483482143841684	0.49483482143841684	4.238196889869869	4.238196889869869
742	gpt2	743	372	4	cost	vp_coord	unexpected	The consultants shadow and costs	7.497041951864958e-05	7.497041951864958e-05	13.70331859588623	13.70331859588623
743	gpt2	744	372	4	cost	vp_coord	expected	The consultants shadow and cost	0.0012949139345437	0.0012949139345437	9.592927932739258	9.592927932739258
744	gpt2	745	373	4	cough	vp_coord	unexpected	The consultants shadow and coughs	0.0025889685218771726	0.0025889685218771726	12.46859622001648	12.46859622001648
745	gpt2	746	373	4	cough	vp_coord	expected	The consultants shadow and cough	6.0187335293449e-06	6.0187335293449e-06	17.34210777282715	17.34210777282715
746	gpt2	747	374	4	countenance	vp_coord	unexpected	The consultants shadow and countenances	0.060825745928620244	0.060825745928620244	9.593739986419678	9.593739986419678
747	gpt2	748	374	4	countenance	vp_coord	expected	The consultants shadow and countenance	0.0019234161300119	0.0019234161300119	9.279923439025879	9.279923439025879
748	gpt2	749	375	4	counteract	vp_coord	unexpected	The consultants shadow and counteracts	0.00064742754329925	0.00064742754329925	10.61077070236206	10.61077070236206
749	gpt2	750	375	4	counteract	vp_coord	expected	The consultants shadow and counteract	3.511139948386699e-05	3.511139948386699e-05	14.797700881958008	14.797700881958008
750	gpt2	751	376	4	counterprogram	vp_coord	unexpected	The consultants shadow and counterprograms	0.0030331567468237855	0.0030331567468237855	10.553047180175781	10.553047180175781
751	gpt2	752	376	4	counterprogram	vp_coord	expected	The consultants shadow and counterprogram	0.00030499127387882897	0.00030499127387882897	12.389517307281494	12.389517307281494
752	gpt2	753	377	4	counter	vp_coord	unexpected	The consultants shadow and counters	1.2517158211267088e-05	1.2517158211267088e-05	16.285734176635742	16.285734176635742
753	gpt2	754	377	4	counter	vp_coord	expected	The consultants shadow and counter	0.0005464134737849	0.0005464134737849	10.837718963623049	10.837718963623049
754	gpt2	755	378	4	count	vp_coord	unexpected	The consultants shadow and counts	8.373351192858536e-06	8.373351192858536e-06	16.86576271057129	16.86576271057129
755	gpt2	756	378	4	count	vp_coord	expected	The consultants shadow and count	0.0008690258837305	0.0008690258837305	10.168313026428224	10.168313026428224
756	gpt2	757	379	4	court	vp_coord	unexpected	The consultants shadow and courts	5.12235510541359e-06	5.12235510541359e-06	17.57476043701172	17.57476043701172
757	gpt2	758	379	4	court	vp_coord	expected	The consultants shadow and court	0.0001802939368644	0.0001802939368644	12.43736171722412	12.43736171722412
758	gpt2	759	380	4	cover	vp_coord	unexpected	The consultants shadow and covers	7.772436219966039e-06	7.772436219966039e-06	16.973201751708984	16.973201751708984
759	gpt2	760	380	4	cover	vp_coord	expected	The consultants shadow and cover	0.0012874666135758	0.0012874666135758	9.60124969482422	9.60124969482422
760	gpt2	761	381	4	crack	vp_coord	unexpected	The consultants shadow and cracks	1.6081287412816894e-07	1.6081287412816894e-07	22.568113327026367	22.568113327026367
761	gpt2	762	381	4	crack	vp_coord	expected	The consultants shadow and crack	1.897430047392845e-05	1.897430047392845e-05	15.685593605041504	15.685593605041504
762	gpt2	763	382	4	craft	vp_coord	unexpected	The consultants shadow and crafts	1.0997365507137149e-06	1.0997365507137149e-06	19.794410705566406	19.794410705566406
763	gpt2	764	382	4	craft	vp_coord	expected	The consultants shadow and craft	9.74083159235306e-05	9.74083159235306e-05	13.32559585571289	13.32559585571289
764	gpt2	765	383	4	crank	vp_coord	unexpected	The consultants shadow and cranks	0.017562704655574597	0.017562704655574597	9.783816814422607	9.783816814422607
765	gpt2	766	383	4	crank	vp_coord	expected	The consultants shadow and crank	1.1841427294712048e-05	1.1841427294712048e-05	16.36579704284668	16.36579704284668
766	gpt2	767	384	4	crash	vp_coord	unexpected	The consultants shadow and crashes	1.1059412940994663e-07	1.1059412940994663e-07	23.10822105407715	23.10822105407715
767	gpt2	768	384	4	crash	vp_coord	expected	The consultants shadow and crash	9.4426095529343e-06	9.4426095529343e-06	16.6923828125	16.6923828125
768	gpt2	769	385	4	crawl	vp_coord	unexpected	The consultants shadow and crawls	0.2254226420523295	0.2254226420523295	11.62815982103348	11.62815982103348
769	gpt2	770	385	4	crawl	vp_coord	expected	The consultants shadow and crawl	6.9869151957391296e-06	6.9869151957391296e-06	17.12691307067871	17.12691307067871
770	gpt2	771	386	4	creak	vp_coord	unexpected	The consultants shadow and creaks	0.0010569675600891012	0.0010569675600891012	12.913866519927979	12.913866519927979
771	gpt2	772	386	4	creak	vp_coord	expected	The consultants shadow and creak	0.1374026914368187	0.1374026914368187	9.39999383687973	9.39999383687973
772	gpt2	773	387	4	create	vp_coord	unexpected	The consultants shadow and creates	3.843058038910385e-06	3.843058038910385e-06	17.98931312561035	17.98931312561035
773	gpt2	774	387	4	create	vp_coord	expected	The consultants shadow and create	0.0009134308202192	0.0009134308202192	10.096416473388672	10.096416473388672
774	gpt2	775	388	4	credit	vp_coord	unexpected	The consultants shadow and credits	2.353925083298236e-05	2.353925083298236e-05	15.374571800231934	15.374571800231934
775	gpt2	776	388	4	credit	vp_coord	expected	The consultants shadow and credit	0.0002717747411224	0.0002717747411224	11.845300674438477	11.845300674438477
776	gpt2	777	389	4	crest	vp_coord	unexpected	The consultants shadow and crests	0.00041575822478985113	0.00041575822478985113	13.591147899627686	13.591147899627686
777	gpt2	778	389	4	crest	vp_coord	expected	The consultants shadow and crest	1.310600850956689e-06	1.310600850956689e-06	19.541339874267575	19.541339874267575
778	gpt2	779	390	4	criminalize	vp_coord	unexpected	The consultants shadow and criminalizes	0.0010682815918698623	0.0010682815918698623	11.609957695007324	11.609957695007324
779	gpt2	780	390	4	criminalize	vp_coord	expected	The consultants shadow and criminalize	0.029772840091027312	0.029772840091027312	9.193488597869873	9.193488597869873
780	gpt2	781	391	4	crimp	vp_coord	unexpected	The consultants shadow and crimps	0.00022661802313446276	0.00022661802313446276	14.484140396118164	14.484140396118164
781	gpt2	782	391	4	crimp	vp_coord	expected	The consultants shadow and crimp	0.0026688400680541127	0.0026688400680541127	12.698993444442749	12.698993444442749
782	gpt2	783	392	4	criticize	vp_coord	unexpected	The consultants shadow and criticizes	0.0013107647100696	0.0013107647100696	10.548349857330322	10.548349857330322
783	gpt2	784	392	4	criticize	vp_coord	expected	The consultants shadow and criticize	0.00197738641873	0.00197738641873	8.982189178466797	8.982189178466797
784	gpt2	785	393	5	crop	vp_coord	unexpected	The officers evolve and crops	6.368927643052302e-07	6.368927643052302e-07	20.58244514465332	20.58244514465332
785	gpt2	786	393	5	crop	vp_coord	expected	The officers evolve and crop	8.629548574390355e-06	8.629548574390355e-06	16.822282791137695	16.822282791137695
786	gpt2	787	394	5	cross	vp_coord	unexpected	The officers evolve and crosses	5.784172572020907e-07	5.784172572020907e-07	20.721385955810547	20.721385955810547
787	gpt2	788	394	5	cross	vp_coord	expected	The officers evolve and cross	0.0003455355181358	0.0003455355181358	11.498878479003906	11.498878479003906
788	gpt2	789	395	5	crumble	vp_coord	unexpected	The officers evolve and crumbles	0.0013840974588674535	0.0013840974588674535	11.706931591033936	11.706931591033936
789	gpt2	790	395	5	crumble	vp_coord	expected	The officers evolve and crumble	0.0001952154707396	0.0001952154707396	12.32264518737793	12.32264518737793
790	gpt2	791	396	5	crunch	vp_coord	unexpected	The officers evolve and crunches	0.2188407030298549	0.2188407030298549	6.784098406632741	6.784098406632741
791	gpt2	792	396	5	crunch	vp_coord	expected	The officers evolve and crunch	2.219086491095368e-05	2.219086491095368e-05	15.459674835205078	15.459674835205078
792	gpt2	793	397	5	crush	vp_coord	unexpected	The officers evolve and crushes	0.004338394808655704	0.004338394808655704	10.876973390579224	10.876973390579224
793	gpt2	794	397	5	crush	vp_coord	expected	The officers evolve and crush	3.753828059416264e-05	3.753828059416264e-05	14.70127773284912	14.70127773284912
794	gpt2	795	398	5	cry	vp_coord	unexpected	The officers evolve and cries	2.0893018870538074e-07	2.0893018870538074e-07	22.190475463867188	22.190475463867188
795	gpt2	796	398	5	cry	vp_coord	expected	The officers evolve and cry	5.9725705796154216e-05	5.9725705796154216e-05	14.031288146972656	14.031288146972656
796	gpt2	797	399	5	cuff	vp_coord	unexpected	The officers evolve and cuffs	0.000541172754310535	0.000541172754310535	11.75745153427124	11.75745153427124
797	gpt2	798	399	5	cuff	vp_coord	expected	The officers evolve and cuff	6.216247129486874e-06	6.216247129486874e-06	17.29552459716797	17.29552459716797
798	gpt2	799	400	5	curb	vp_coord	unexpected	The officers evolve and curbs	0.0029517883931475366	0.0029517883931475366	12.055909633636475	12.055909633636475
799	gpt2	800	400	5	curb	vp_coord	expected	The officers evolve and curb	2.970665264001582e-06	2.970665264001582e-06	18.360782623291016	18.360782623291016
800	gpt2	801	401	5	cure	vp_coord	unexpected	The officers evolve and cures	9.493399488746945e-08	9.493399488746945e-08	23.328500747680664	23.328500747680664
801	gpt2	802	401	5	cure	vp_coord	expected	The officers evolve and cure	5.597560175374383e-06	5.597560175374383e-06	17.44676971435547	17.44676971435547
802	gpt2	803	402	5	curl	vp_coord	unexpected	The officers evolve and curls	3.566517250419565e-07	3.566517250419565e-07	21.418981552124023	21.418981552124023
803	gpt2	804	402	5	curl	vp_coord	expected	The officers evolve and curl	1.3626409781863911e-05	1.3626409781863911e-05	16.16323471069336	16.16323471069336
804	gpt2	805	403	5	curry	vp_coord	unexpected	The officers evolve and curries	4.8067025090858806e-05	4.8067025090858806e-05	15.098841190338135	15.098841190338135
805	gpt2	806	403	5	curry	vp_coord	expected	The officers evolve and curry	5.378113201004453e-06	5.378113201004453e-06	17.50446891784668	17.50446891784668
806	gpt2	807	404	5	curtail	vp_coord	unexpected	The officers evolve and curtails	0.003787716527767736	0.003787716527767736	11.875787496566772	11.875787496566772
807	gpt2	808	404	5	curtail	vp_coord	expected	The officers evolve and curtail	7.096848548826529e-06	7.096848548826529e-06	17.104389190673828	17.104389190673828
808	gpt2	809	405	5	cushion	vp_coord	unexpected	The officers evolve and cushions	0.06996669482070672	0.06996669482070672	12.93551743030548	12.93551743030548
809	gpt2	810	405	5	cushion	vp_coord	expected	The officers evolve and cushion	1.133488694904372e-06	1.133488694904372e-06	19.75079917907715	19.75079917907715
810	gpt2	811	406	5	cut	vp_coord	unexpected	The officers evolve and cuts	4.397867996885907e-06	4.397867996885907e-06	17.794763565063477	17.794763565063477
811	gpt2	812	406	5	cut	vp_coord	expected	The officers evolve and cut	0.0003559278266038	0.0003559278266038	11.456127166748049	11.456127166748049
812	gpt2	813	407	5	dabble	vp_coord	unexpected	The officers evolve and dabbles	0.05643774052441583	0.05643774052441583	8.20618232091268	8.20618232091268
813	gpt2	814	407	5	dabble	vp_coord	expected	The officers evolve and dabble	0.49028762312673274	0.49028762312673274	9.435009815730156	9.435009815730156
814	gpt2	815	408	5	damage	vp_coord	unexpected	The officers evolve and damages	1.4595536868000636e-06	1.4595536868000636e-06	19.38604164123535	19.38604164123535
815	gpt2	816	408	5	damage	vp_coord	expected	The officers evolve and damage	6.529228267027065e-05	6.529228267027065e-05	13.902728080749512	13.902728080749512
816	gpt2	817	409	5	dampen	vp_coord	unexpected	The officers evolve and dampens	0.0020012094690855346	0.0020012094690855346	13.41446328163147	13.41446328163147
817	gpt2	818	409	5	dampen	vp_coord	expected	The officers evolve and dampen	0.44291604105899296	0.44291604105899296	9.519078314304352	9.519078314304352
818	gpt2	819	410	5	damp	vp_coord	unexpected	The officers evolve and damps	4.950093443767401e-05	4.950093443767401e-05	15.520230770111084	15.520230770111084
819	gpt2	820	410	5	damp	vp_coord	expected	The officers evolve and damp	2.0969762317690765e-06	2.0969762317690765e-06	18.863258361816406	18.863258361816406
820	gpt2	821	411	5	dance	vp_coord	unexpected	The officers evolve and dances	2.5729373192007188e-06	2.5729373192007188e-06	18.568151473999023	18.568151473999023
821	gpt2	822	411	5	dance	vp_coord	expected	The officers evolve and dance	0.0002574668033048	0.0002574668033048	11.923325538635254	11.923325538635254
822	gpt2	823	412	5	dare	vp_coord	unexpected	The officers evolve and dares	0.0006119487734394954	0.0006119487734394954	11.581915855407715	11.581915855407715
823	gpt2	824	412	5	dare	vp_coord	expected	The officers evolve and dare	3.7412763049360365e-05	3.7412763049360365e-05	14.706110000610352	14.706110000610352
824	gpt2	825	413	5	dash	vp_coord	unexpected	The officers evolve and dashes	0.003124650851532345	0.003124650851532345	10.358995199203491	10.358995199203491
825	gpt2	826	413	5	dash	vp_coord	expected	The officers evolve and dash	3.623016891651787e-05	3.623016891651787e-05	14.752449035644531	14.752449035644531
826	gpt2	827	414	5	date	vp_coord	unexpected	The officers evolve and dates	2.979641067213379e-07	2.979641067213379e-07	21.67835807800293	21.67835807800293
827	gpt2	828	414	5	date	vp_coord	expected	The officers evolve and date	6.318744271993637e-05	6.318744271993637e-05	13.950002670288086	13.950002670288086
828	gpt2	829	415	5	deal	vp_coord	unexpected	The officers evolve and deals	9.86217401077738e-06	9.86217401077738e-06	16.629663467407227	16.629663467407227
829	gpt2	830	415	5	deal	vp_coord	expected	The officers evolve and deal	0.0018428218318149	0.0018428218318149	9.083868026733398	9.083868026733398
830	gpt2	831	416	5	debate	vp_coord	unexpected	The officers evolve and debates	1.3232787750894204e-05	1.3232787750894204e-05	16.205522537231445	16.205522537231445
831	gpt2	832	416	5	debate	vp_coord	expected	The officers evolve and debate	0.0003457174752838	0.0003457174752838	11.49811840057373	11.49811840057373
832	gpt2	833	417	5	debunk	vp_coord	unexpected	The officers evolve and debunks	0.0006717376327287635	0.0006717376327287635	12.154494285583496	12.154494285583496
833	gpt2	834	417	5	debunk	vp_coord	expected	The officers evolve and debunk	2.690898509172257e-05	2.690898509172257e-05	15.18155288696289	15.18155288696289
834	gpt2	835	418	5	debut	vp_coord	unexpected	The officers evolve and debuts	0.0004508731162786636	0.0004508731162786636	12.452109813690186	12.452109813690186
835	gpt2	836	418	5	debut	vp_coord	expected	The officers evolve and debut	2.2746415197616443e-05	2.2746415197616443e-05	15.42400074005127	15.42400074005127
836	gpt2	837	419	5	deceive	vp_coord	unexpected	The officers evolve and deceives	0.005711096172348105	0.005711096172348105	13.239834547042847	13.239834547042847
837	gpt2	838	419	5	deceive	vp_coord	expected	The officers evolve and deceive	3.108473538304679e-05	3.108473538304679e-05	14.973434448242188	14.973434448242188
838	gpt2	839	420	5	decide	vp_coord	unexpected	The officers evolve and decides	1.1755664672818966e-05	1.1755664672818966e-05	16.376283645629883	16.376283645629883
839	gpt2	840	420	5	decide	vp_coord	expected	The officers evolve and decide	0.0021668071858584	0.0021668071858584	8.850213050842285	8.850213050842285
840	gpt2	841	421	5	declare	vp_coord	unexpected	The officers evolve and declares	3.7350554293880123e-07	3.7350554293880123e-07	21.352367401123047	21.352367401123047
841	gpt2	842	421	5	declare	vp_coord	expected	The officers evolve and declare	4.321717642596923e-05	4.321717642596923e-05	14.498035430908203	14.498035430908203
842	gpt2	843	422	5	decline	vp_coord	unexpected	The officers evolve and declines	1.0871667655010242e-06	1.0871667655010242e-06	19.81099510192871	19.81099510192871
843	gpt2	844	422	5	decline	vp_coord	expected	The officers evolve and decline	0.0001970289595192	0.0001970289595192	12.309304237365724	12.309304237365724
844	gpt2	845	423	5	decrease	vp_coord	unexpected	The officers evolve and decreases	1.5935559076751815e-06	1.5935559076751815e-06	19.25931930541992	19.25931930541992
845	gpt2	846	423	5	decrease	vp_coord	expected	The officers evolve and decrease	0.0001464396045776	0.0001464396045776	12.737406730651855	12.737406730651855
846	gpt2	847	424	5	deduct	vp_coord	unexpected	The officers evolve and deducts	0.001323877129095733	0.001323877129095733	14.023897647857664	14.023897647857664
847	gpt2	848	424	5	deduct	vp_coord	expected	The officers evolve and deduct	1.3618140428661718e-06	1.3618140428661718e-06	19.48603820800781	19.48603820800781
848	gpt2	849	425	5	default	vp_coord	unexpected	The officers evolve and defaults	8.739726098383471e-08	8.739726098383471e-08	23.44783592224121	23.44783592224121
849	gpt2	850	425	5	default	vp_coord	expected	The officers evolve and default	1.0057071449409705e-05	1.0057071449409705e-05	16.601430892944336	16.601430892944336
850	gpt2	851	426	5	defeat	vp_coord	unexpected	The officers evolve and defeats	1.502247300777526e-06	1.502247300777526e-06	19.344446182250977	19.344446182250977
851	gpt2	852	426	5	defeat	vp_coord	expected	The officers evolve and defeat	0.000237243817537	0.000237243817537	12.041341781616213	12.041341781616213
852	gpt2	853	427	5	defect	vp_coord	unexpected	The officers evolve and defects	6.912170192663325e-06	6.912170192663325e-06	17.14242935180664	17.14242935180664
853	gpt2	854	427	5	defect	vp_coord	expected	The officers evolve and defect	6.743018457200378e-05	6.743018457200378e-05	13.856245994567873	13.856245994567873
854	gpt2	855	428	5	defend	vp_coord	unexpected	The officers evolve and defends	3.033511802641442e-06	3.033511802641442e-06	18.33057975769043	18.33057975769043
855	gpt2	856	428	5	defend	vp_coord	expected	The officers evolve and defend	0.0009654917521402	0.0009654917521402	10.01644802093506	10.01644802093506
856	gpt2	857	429	5	defer	vp_coord	unexpected	The officers evolve and defers	0.00019850480748570396	0.00019850480748570396	12.581665515899658	12.581665515899658
857	gpt2	858	429	5	defer	vp_coord	expected	The officers evolve and defer	2.4856191885191947e-05	2.4856191885191947e-05	15.296034812927246	15.296034812927246
858	gpt2	859	430	5	define	vp_coord	unexpected	The officers evolve and defines	4.140674150221457e-07	4.140674150221457e-07	21.20363044738769	21.20363044738769
859	gpt2	860	430	5	define	vp_coord	expected	The officers evolve and define	0.000240867739194	0.000240867739194	12.019471168518066	12.019471168518066
860	gpt2	861	431	5	deflect	vp_coord	unexpected	The officers evolve and deflects	0.0023605454825883364	0.0023605454825883364	11.37914514541626	11.37914514541626
861	gpt2	862	431	5	deflect	vp_coord	expected	The officers evolve and deflect	3.0047096515772864e-05	3.0047096515772864e-05	15.022415161132812	15.022415161132812
862	gpt2	863	432	5	defraud	vp_coord	unexpected	The officers evolve and defrauds	0.006282507126646402	0.006282507126646402	9.792974154154459	9.792974154154459
863	gpt2	864	432	5	defraud	vp_coord	expected	The officers evolve and defraud	0.000513272352691254	0.000513272352691254	11.784321308135986	11.784321308135986
864	gpt2	865	433	5	defuse	vp_coord	unexpected	The officers evolve and defuses	0.0004907856855425039	0.0004907856855425039	11.819642066955566	11.819642066955566
865	gpt2	866	433	5	defuse	vp_coord	expected	The officers evolve and defuse	0.3828494798435713	0.3828494798435713	6.950326263904572	6.950326263904572
866	gpt2	867	434	5	degenerate	vp_coord	unexpected	The officers evolve and degenerates	0.0012537963029899198	0.0012537963029899198	11.772937297821045	11.772937297821045
867	gpt2	868	434	5	degenerate	vp_coord	expected	The officers evolve and degenerate	0.4974102856631361	0.4974102856631361	7.44741145754233	7.44741145754233
868	gpt2	869	435	5	delay	vp_coord	unexpected	The officers evolve and delays	2.600625975901494e-06	2.600625975901494e-06	18.552709579467773	18.552709579467773
869	gpt2	870	435	5	delay	vp_coord	expected	The officers evolve and delay	3.98539486923255e-05	3.98539486923255e-05	14.614917755126951	14.614917755126951
870	gpt2	871	436	5	delegate	vp_coord	unexpected	The officers evolve and delegates	1.3737414974457351e-06	1.3737414974457351e-06	19.47345733642578	19.47345733642578
871	gpt2	872	436	5	delegate	vp_coord	expected	The officers evolve and delegate	1.2359842912701424e-05	1.2359842912701424e-05	16.303979873657227	16.303979873657227
872	gpt2	873	437	5	deliberate	vp_coord	unexpected	The officers evolve and deliberates	0.0015432320117270135	0.0015432320117270135	13.282716751098633	13.282716751098633
873	gpt2	874	437	5	deliberate	vp_coord	expected	The officers evolve and deliberate	0.0001184737484436	0.0001184737484436	13.043145179748535	13.043145179748535
874	gpt2	875	438	5	delight	vp_coord	unexpected	The officers evolve and delights	0.0036061294640603427	0.0036061294640603427	11.210280418395996	11.210280418395996
875	gpt2	876	438	5	delight	vp_coord	expected	The officers evolve and delight	2.1460426069097597e-05	2.1460426069097597e-05	15.507962226867676	15.507962226867676
876	gpt2	877	439	5	deliver	vp_coord	unexpected	The officers evolve and delivers	1.034789079312759e-06	1.034789079312759e-06	19.882232666015625	19.882232666015625
877	gpt2	878	439	5	deliver	vp_coord	expected	The officers evolve and deliver	0.0001496300828875	0.0001496300828875	12.70631217956543	12.70631217956543
878	gpt2	879	440	5	demand	vp_coord	unexpected	The officers evolve and demands	3.772387344724848e-06	3.772387344724848e-06	18.016090393066406	18.016090393066406
879	gpt2	880	440	5	demand	vp_coord	expected	The officers evolve and demand	0.0002904931898228	0.0002904931898228	11.749208450317385	11.749208450317385
880	gpt2	881	441	5	demilitarize	vp_coord	unexpected	The officers evolve and demilitarizes	0.2507534825381299	0.2507534825381299	8.243165758511168	8.243165758511168
881	gpt2	882	441	5	demilitarize	vp_coord	expected	The officers evolve and demilitarize	0.4945888304464461	0.4945888304464461	5.553059901183587	5.553059901183587
882	gpt2	883	442	5	demobilize	vp_coord	unexpected	The officers evolve and demobilizes	0.0030347353458637046	0.0030347353458637046	10.696951389312744	10.696951389312744
883	gpt2	884	442	5	demobilize	vp_coord	expected	The officers evolve and demobilize	0.32238579083059443	0.32238579083059443	6.89589446534713	6.89589446534713
884	gpt2	885	443	5	democratize	vp_coord	unexpected	The officers evolve and democratizes	0.0018526754867593395	0.0018526754867593395	13.637834072113037	13.637834072113037
885	gpt2	886	443	5	democratize	vp_coord	expected	The officers evolve and democratize	0.4418190979924361	0.4418190979924361	9.688660934567451	9.688660934567451
886	gpt2	887	444	5	demolish	vp_coord	unexpected	The officers evolve and demolishes	0.00031029579076853776	0.00031029579076853776	13.484727382659912	13.484727382659912
887	gpt2	888	444	5	demolish	vp_coord	expected	The officers evolve and demolish	0.4995654512949841	0.4995654512949841	8.143633968837094	8.143633968837094
888	gpt2	889	445	5	demonstrate	vp_coord	unexpected	The officers evolve and demonstrates	2.0772472453245427e-06	2.0772472453245427e-06	18.876895904541016	18.876895904541016
889	gpt2	890	445	5	demonstrate	vp_coord	expected	The officers evolve and demonstrate	0.0003720371751114	0.0003720371751114	11.39226531982422	11.39226531982422
890	gpt2	891	446	5	denude	vp_coord	unexpected	The officers evolve and denudes	3.794255235334276e-05	3.794255235334276e-05	15.463708877563477	15.463708877563477
891	gpt2	892	446	5	denude	vp_coord	expected	The officers evolve and denude	0.025639490433150038	0.025639490433150038	10.692557573318481	10.692557573318481
892	gpt2	893	447	5	deny	vp_coord	unexpected	The officers evolve and denies	2.085034367382832e-07	2.085034367382832e-07	22.19342613220215	22.19342613220215
893	gpt2	894	447	5	deny	vp_coord	expected	The officers evolve and deny	6.643848610110581e-05	6.643848610110581e-05	13.8776216506958	13.8776216506958
894	gpt2	895	448	5	depart	vp_coord	unexpected	The officers evolve and departs	0.03953399934107435	0.03953399934107435	8.235848903656004	8.235848903656004
895	gpt2	896	448	5	depart	vp_coord	expected	The officers evolve and depart	0.000345564505551	0.000345564505551	11.498757362365724	11.498757362365724
896	gpt2	897	449	5	depend	vp_coord	unexpected	The officers evolve and depends	2.2022279608791e-06	2.2022279608791e-06	18.792604446411133	18.792604446411133
897	gpt2	898	449	5	depend	vp_coord	expected	The officers evolve and depend	0.0001153335397248	0.0001153335397248	13.081900596618652	13.081900596618652
898	gpt2	899	450	5	depict	vp_coord	unexpected	The officers evolve and depicts	1.24717942640018e-07	1.24717942640018e-07	22.93482780456543	22.93482780456543
899	gpt2	900	450	5	depict	vp_coord	expected	The officers evolve and depict	1.214577514474513e-05	1.214577514474513e-05	16.329185485839844	16.329185485839844
900	gpt2	901	451	5	deposit	vp_coord	unexpected	The officers evolve and deposits	1.0936510363990237e-07	1.0936510363990237e-07	23.124343872070312	23.124343872070312
901	gpt2	902	451	5	deposit	vp_coord	expected	The officers evolve and deposit	3.786949719142285e-06	3.786949719142285e-06	18.01053237915039	18.01053237915039
902	gpt2	903	452	5	depress	vp_coord	unexpected	The officers evolve and depresses	0.00222484726691615	0.00222484726691615	10.333195209503174	10.333195209503174
903	gpt2	904	452	5	depress	vp_coord	expected	The officers evolve and depress	2.8794872832804685e-06	2.8794872832804685e-06	18.4057559967041	18.4057559967041
904	gpt2	905	453	5	deprive	vp_coord	unexpected	The officers evolve and deprives	0.1230978413954009	0.1230978413954009	13.32352900505066	13.32352900505066
905	gpt2	906	453	5	deprive	vp_coord	expected	The officers evolve and deprive	2.3143331873143325e-06	2.3143331873143325e-06	18.720972061157227	18.720972061157227
906	gpt2	907	454	5	derail	vp_coord	unexpected	The officers evolve and derails	4.062199718646298e-05	4.062199718646298e-05	15.509281635284424	15.509281635284424
907	gpt2	908	454	5	derail	vp_coord	expected	The officers evolve and derail	1.153057655756129e-05	1.153057655756129e-05	16.4041748046875	16.4041748046875
908	gpt2	909	455	5	deregulate	vp_coord	unexpected	The officers evolve and deregulates	0.0018372295016887668	0.0018372295016887668	9.53400993347168	9.53400993347168
909	gpt2	910	455	5	deregulate	vp_coord	expected	The officers evolve and deregulate	0.33278499876420625	0.33278499876420625	6.390457046528657	6.390457046528657
910	gpt2	911	456	5	describe	vp_coord	unexpected	The officers evolve and describes	6.032970532032778e-07	6.032970532032778e-07	20.660627365112305	20.660627365112305
911	gpt2	912	456	5	describe	vp_coord	expected	The officers evolve and describe	9.4781797088217e-05	9.4781797088217e-05	13.365030288696287	13.365030288696287
912	gpt2	913	457	5	desert	vp_coord	unexpected	The officers evolve and deserts	3.691681342843367e-07	3.691681342843367e-07	21.369218826293945	21.369218826293945
913	gpt2	914	457	5	desert	vp_coord	expected	The officers evolve and desert	1.190858347399626e-05	1.190858347399626e-05	16.35763931274414	16.35763931274414
914	gpt2	915	458	5	deserve	vp_coord	unexpected	The officers evolve and deserves	1.6879583597528838e-07	1.6879583597528838e-07	22.49821662902832	22.49821662902832
915	gpt2	916	458	5	deserve	vp_coord	expected	The officers evolve and deserve	2.0254865376045927e-05	2.0254865376045927e-05	15.591371536254885	15.591371536254885
916	gpt2	917	459	5	designate	vp_coord	unexpected	The officers evolve and designates	7.212873788375873e-05	7.212873788375873e-05	13.802124977111816	13.802124977111816
917	gpt2	918	459	5	designate	vp_coord	expected	The officers evolve and designate	2.7526195935934084e-06	2.7526195935934084e-06	18.47076416015625	18.47076416015625
918	gpt2	919	460	5	design	vp_coord	unexpected	The officers evolve and designs	3.251381031077472e-06	3.251381031077472e-06	18.23051643371582	18.23051643371582
919	gpt2	920	460	5	design	vp_coord	expected	The officers evolve and design	8.949147013481706e-05	8.949147013481706e-05	13.447890281677246	13.447890281677246
920	gpt2	921	461	5	desist	vp_coord	unexpected	The officers evolve and desists	0.004473514393794131	0.004473514393794131	11.5197114944458	11.5197114944458
921	gpt2	922	461	5	desist	vp_coord	expected	The officers evolve and desist	0.10965291643969972	0.10965291643969972	9.211010694503784	9.211010694503784
922	gpt2	923	462	5	destabilize	vp_coord	unexpected	The officers evolve and destabilizes	0.00033452232946725916	0.00033452232946725916	13.812045097351074	13.812045097351074
923	gpt2	924	462	5	destabilize	vp_coord	expected	The officers evolve and destabilize	0.48019354227926675	0.48019354227926675	8.560482116416097	8.560482116416097
924	gpt2	925	463	5	destroy	vp_coord	unexpected	The officers evolve and destroys	1.1687380947478232e-06	1.1687380947478232e-06	19.70661735534668	19.70661735534668
925	gpt2	926	463	5	destroy	vp_coord	expected	The officers evolve and destroy	0.000261760840658	0.000261760840658	11.899462699890137	11.899462699890137
926	gpt2	927	464	5	detect	vp_coord	unexpected	The officers evolve and detects	2.0419935253812585e-07	2.0419935253812585e-07	22.22351837158203	22.22351837158203
927	gpt2	928	464	5	detect	vp_coord	expected	The officers evolve and detect	4.413011993165128e-05	4.413011993165128e-05	14.467876434326172	14.467876434326172
928	gpt2	929	465	5	deteriorate	vp_coord	unexpected	The officers evolve and deteriorates	0.00018753490439845	0.00018753490439845	12.383602619171143	12.383602619171143
929	gpt2	930	465	5	deteriorate	vp_coord	expected	The officers evolve and deteriorate	0.49980375071027083	0.49980375071027083	6.239127274253406	6.239127274253406
930	gpt2	931	466	5	determine	vp_coord	unexpected	The officers evolve and determines	1.6052825912993285e-06	1.6052825912993285e-06	19.248741149902344	19.248741149902344
931	gpt2	932	466	5	determine	vp_coord	expected	The officers evolve and determine	0.000311347132083	0.000311347132083	11.649188041687012	11.649188041687012
932	gpt2	933	467	5	deter	vp_coord	unexpected	The officers evolve and deters	0.0004878190720773832	0.0004878190720773832	12.04881763458252	12.04881763458252
933	gpt2	934	467	5	deter	vp_coord	expected	The officers evolve and deter	4.5194710764917545e-06	4.5194710764917545e-06	17.755414962768555	17.755414962768555
934	gpt2	935	468	5	detract	vp_coord	unexpected	The officers evolve and detracts	0.0033025235651393523	0.0033025235651393523	13.34331727027893	13.34331727027893
935	gpt2	936	468	5	detract	vp_coord	expected	The officers evolve and detract	1.4019694845046615e-06	1.4019694845046615e-06	19.44411277770996	19.44411277770996
936	gpt2	937	469	5	develop	vp_coord	unexpected	The officers evolve and develops	3.722996189026162e-05	3.722996189026162e-05	14.713176727294922	14.713176727294922
937	gpt2	938	469	5	develop	vp_coord	expected	The officers evolve and develop	0.0229632761329412	0.0229632761329412	5.444527626037598	5.444527626037598
938	gpt2	939	470	5	devise	vp_coord	unexpected	The officers evolve and devises	0.0003712329562403977	0.0003712329562403977	12.228377342224121	12.228377342224121
939	gpt2	940	470	5	devise	vp_coord	expected	The officers evolve and devise	0.0002706888772081	0.0002706888772081	11.85107707977295	11.85107707977295
940	gpt2	941	471	5	devote	vp_coord	unexpected	The officers evolve and devotes	0.0003576974904717429	0.0003576974904717429	12.624933242797852	12.624933242797852
941	gpt2	942	471	5	devote	vp_coord	expected	The officers evolve and devote	1.0249797014694195e-05	1.0249797014694195e-05	16.574045181274414	16.574045181274414
942	gpt2	943	472	5	dial	vp_coord	unexpected	The officers evolve and dials	0.0062301320331243585	0.0062301320331243585	11.145023345947266	11.145023345947266
943	gpt2	944	472	5	dial	vp_coord	expected	The officers evolve and dial	1.566919127071742e-05	1.566919127071742e-05	15.961709976196287	15.961709976196287
944	gpt2	945	473	5	dictate	vp_coord	unexpected	The officers evolve and dictates	6.944966344235581e-07	6.944966344235581e-07	20.457529067993164	20.457529067993164
945	gpt2	946	473	5	dictate	vp_coord	expected	The officers evolve and dictate	4.278543565305881e-05	4.278543565305881e-05	14.512520790100098	14.512520790100098
946	gpt2	947	474	5	die	vp_coord	unexpected	The officers evolve and dies	6.508857950393576e-06	6.508857950393576e-06	17.229164123535156	17.229164123535156
947	gpt2	948	474	5	die	vp_coord	expected	The officers evolve and die	0.0015649732667952	0.0015649732667952	9.319645881652832	9.319645881652832
948	gpt2	949	475	5	differentiate	vp_coord	unexpected	The officers evolve and differentiates	0.00122306635603305	0.00122306635603305	9.898377895355225	9.898377895355225
949	gpt2	950	475	5	differentiate	vp_coord	expected	The officers evolve and differentiate	0.0002420725795673	0.0002420725795673	12.012272834777832	12.012272834777832
950	gpt2	951	476	5	differ	vp_coord	unexpected	The officers evolve and differs	2.3757684175507165e-06	2.3757684175507165e-06	18.68317413330078	18.68317413330078
951	gpt2	952	476	5	differ	vp_coord	expected	The officers evolve and differ	0.0007059001363813	0.0007059001363813	10.46824836730957	10.46824836730957
952	gpt2	953	477	5	digest	vp_coord	unexpected	The officers evolve and digests	0.00012179246186858932	0.00012179246186858932	13.206202983856201	13.206202983856201
953	gpt2	954	477	5	digest	vp_coord	expected	The officers evolve and digest	3.28167479892727e-05	3.28167479892727e-05	14.895208358764648	14.895208358764648
954	gpt2	955	478	5	dignify	vp_coord	unexpected	The officers evolve and dignifies	0.0009461317316663385	0.0009461317316663385	13.682277202606201	13.682277202606201
955	gpt2	956	478	5	dignify	vp_coord	expected	The officers evolve and dignify	0.48043666456248957	0.48043666456248957	9.18706594966352	9.18706594966352
956	gpt2	957	479	5	dig	vp_coord	unexpected	The officers evolve and digs	1.218656393575657e-06	1.218656393575657e-06	19.646276473999023	19.646276473999023
957	gpt2	958	479	5	dig	vp_coord	expected	The officers evolve and dig	0.0001821010955609	0.0001821010955609	12.422972679138184	12.422972679138184
958	gpt2	959	480	5	dilute	vp_coord	unexpected	The officers evolve and dilutes	0.0006032582077750657	0.0006032582077750657	12.571238994598389	12.571238994598389
959	gpt2	960	480	5	dilute	vp_coord	expected	The officers evolve and dilute	0.47445636033626215	0.47445636033626215	7.747846599668264	7.747846599668264
960	gpt2	961	481	5	diminish	vp_coord	unexpected	The officers evolve and diminishes	0.09655556972268182	0.09655556972268182	11.032593846321106	11.032593846321106
961	gpt2	962	481	5	diminish	vp_coord	expected	The officers evolve and diminish	4.843492570216768e-05	4.843492570216768e-05	14.333592414855955	14.333592414855955
962	gpt2	963	482	5	dip	vp_coord	unexpected	The officers evolve and dips	1.1243798070381673e-07	1.1243798070381673e-07	23.084367752075195	23.084367752075195
963	gpt2	964	482	5	dip	vp_coord	expected	The officers evolve and dip	1.0164680134039372e-05	1.0164680134039372e-05	16.586074829101562	16.586074829101562
964	gpt2	965	483	5	direct	vp_coord	unexpected	The officers evolve and directs	6.01692818236188e-07	6.01692818236188e-07	20.66446876525879	20.66446876525879
965	gpt2	966	483	5	direct	vp_coord	expected	The officers evolve and direct	9.480566222919153e-05	9.480566222919153e-05	13.364666938781738	13.364666938781738
966	gpt2	967	484	5	disagree	vp_coord	unexpected	The officers evolve and disagrees	2.145434621070308e-07	2.145434621070308e-07	22.1522274017334	22.1522274017334
967	gpt2	968	484	5	disagree	vp_coord	expected	The officers evolve and disagree	0.0001632729690754	0.0001632729690754	12.580426216125488	12.580426216125488
968	gpt2	969	485	5	disappear	vp_coord	unexpected	The officers evolve and disappears	5.171370503376238e-06	5.171370503376238e-06	17.56102180480957	17.56102180480957
969	gpt2	970	485	5	disappear	vp_coord	expected	The officers evolve and disappear	0.0011286278022453	0.0011286278022453	9.791213989257812	9.791213989257812
970	gpt2	971	486	5	disappoint	vp_coord	unexpected	The officers evolve and disappoints	0.007386892540125661	0.007386892540125661	10.681382656097412	10.681382656097412
971	gpt2	972	486	5	disappoint	vp_coord	expected	The officers evolve and disappoint	2.5142859158222564e-05	2.5142859158222564e-05	15.279491424560549	15.279491424560549
972	gpt2	973	487	5	disarm	vp_coord	unexpected	The officers evolve and disarms	0.005146621639141801	0.005146621639141801	9.425788402557373	9.425788402557373
973	gpt2	974	487	5	disarm	vp_coord	expected	The officers evolve and disarm	3.933978223358281e-05	3.933978223358281e-05	14.633651733398438	14.633651733398438
974	gpt2	975	488	5	disassemble	vp_coord	unexpected	The officers evolve and disassembles	0.10812466966065883	0.10812466966065883	8.186218539873758	8.186218539873758
975	gpt2	976	488	5	disassemble	vp_coord	expected	The officers evolve and disassemble	0.35704555046201375	0.35704555046201375	5.345132220677139	5.345132220677139
976	gpt2	977	489	5	disassociate	vp_coord	unexpected	The officers evolve and disassociates	0.0070587571972282	0.0070587571972282	8.464017868041992	8.464017868041992
977	gpt2	978	489	5	disassociate	vp_coord	expected	The officers evolve and disassociate	0.3378600452754957	0.3378600452754957	6.036330929026008	6.036330929026008
978	gpt2	979	490	5	disband	vp_coord	unexpected	The officers evolve and disbands	0.00036580869345925	0.00036580869345925	11.561741352081299	11.561741352081299
979	gpt2	980	490	5	disband	vp_coord	expected	The officers evolve and disband	4.246187017997727e-05	4.246187017997727e-05	14.523472785949709	14.523472785949709
980	gpt2	981	491	6	discard	vp_coord	unexpected	The customers enter and discards	0.36304195066111333	0.36304195066111333	10.168459907174112	10.168459907174112
981	gpt2	982	491	6	discard	vp_coord	expected	The customers enter and discard	0.0001344663032796	0.0001344663032796	12.860467910766602	12.860467910766602
982	gpt2	983	492	6	discern	vp_coord	unexpected	The customers enter and discerns	0.009240453280938208	0.009240453280938208	12.736069440841675	12.736069440841675
983	gpt2	984	492	6	discern	vp_coord	expected	The customers enter and discern	1.162589455816487e-06	1.162589455816487e-06	19.7142276763916	19.7142276763916
984	gpt2	985	493	6	disclose	vp_coord	unexpected	The customers enter and discloses	0.21734551073308594	0.21734551073308594	12.493658721446991	12.493658721446991
985	gpt2	986	493	6	disclose	vp_coord	expected	The customers enter and disclose	3.050132727366872e-05	3.050132727366872e-05	15.000768661499023	15.000768661499023
986	gpt2	987	494	6	discomfit	vp_coord	unexpected	The customers enter and discomfits	0.0015962082155358667	0.0015962082155358667	10.309851010640463	10.309851010640463
987	gpt2	988	494	6	discomfit	vp_coord	expected	The customers enter and discomfit	0.08408028323901813	0.08408028323901813	8.259572068850199	8.259572068850199
988	gpt2	989	495	6	disconnect	vp_coord	unexpected	The customers enter and disconnects	0.0086366287869168	0.0086366287869168	8.982310056686401	8.982310056686401
989	gpt2	990	495	6	disconnect	vp_coord	expected	The customers enter and disconnect	0.0002293727302458	0.0002293727302458	12.090018272399902	12.090018272399902
990	gpt2	991	496	6	discontinue	vp_coord	unexpected	The customers enter and discontinues	7.26138678146443e-05	7.26138678146443e-05	14.793261528015137	14.793261528015137
991	gpt2	992	496	6	discontinue	vp_coord	expected	The customers enter and discontinue	0.4998306897832663	0.4998306897832663	8.372067514195805	8.372067514195805
992	gpt2	993	497	6	discount	vp_coord	unexpected	The customers enter and discounts	1.7795049700453094e-07	1.7795049700453094e-07	22.422019958496094	22.422019958496094
993	gpt2	994	497	6	discount	vp_coord	expected	The customers enter and discount	1.270311258849688e-05	1.270311258849688e-05	16.26445770263672	16.26445770263672
994	gpt2	995	498	6	discourage	vp_coord	unexpected	The customers enter and discourages	0.46688861217698646	0.46688861217698646	13.251703005284071	13.251703005284071
995	gpt2	996	498	6	discourage	vp_coord	expected	The customers enter and discourage	2.192665533584659e-06	2.192665533584659e-06	18.79888343811035	18.79888343811035
996	gpt2	997	499	6	discover	vp_coord	unexpected	The customers enter and discovers	6.45067416371603e-07	6.45067416371603e-07	20.56404685974121	20.56404685974121
997	gpt2	998	499	6	discover	vp_coord	expected	The customers enter and discover	0.0003099006135016	0.0003099006135016	11.655906677246094	11.655906677246094
998	gpt2	999	500	6	discredit	vp_coord	unexpected	The customers enter and discredits	0.00011144703091756708	0.00011144703091756708	16.00661325454712	16.00661325454712
999	gpt2	1000	500	6	discredit	vp_coord	expected	The customers enter and discredit	2.0760916186191025e-07	2.0760916186191025e-07	22.199626922607425	22.199626922607425
1000	gpt2	1001	501	6	discuss	vp_coord	unexpected	The customers enter and discusses	1.2303908647481876e-07	1.2303908647481876e-07	22.95438003540039	22.95438003540039
1001	gpt2	1002	501	6	discuss	vp_coord	expected	The customers enter and discuss	7.37832669983618e-05	7.37832669983618e-05	13.726346969604492	13.726346969604492
1002	gpt2	1003	502	6	disdain	vp_coord	unexpected	The customers enter and disdains	0.18366452056216073	0.18366452056216073	8.223219196001688	8.223219196001688
1003	gpt2	1004	502	6	disdain	vp_coord	expected	The customers enter and disdain	5.484021698975994e-07	5.484021698975994e-07	20.79826164245605	20.79826164245605
1004	gpt2	1005	503	6	disengage	vp_coord	unexpected	The customers enter and disengages	0.0004399337340146112	0.0004399337340146112	12.299567699432373	12.299567699432373
1005	gpt2	1006	503	6	disengage	vp_coord	expected	The customers enter and disengage	0.49935045448364695	0.49935045448364695	7.185502555978019	7.185502555978019
1006	gpt2	1007	504	6	disguise	vp_coord	unexpected	The customers enter and disguises	0.222214308297592	0.222214308297592	13.251021981239319	13.251021981239319
1007	gpt2	1008	504	6	disguise	vp_coord	expected	The customers enter and disguise	1.2841035186283989e-06	1.2841035186283989e-06	19.5708065032959	19.5708065032959
1008	gpt2	1009	505	6	dish	vp_coord	unexpected	The customers enter and dishes	1.566841234534877e-07	1.566841234534877e-07	22.60563850402832	22.60563850402832
1009	gpt2	1010	505	6	dish	vp_coord	expected	The customers enter and dish	9.058194336830638e-07	9.058194336830638e-07	20.07427406311035	20.07427406311035
1010	gpt2	1011	506	6	dislike	vp_coord	unexpected	The customers enter and dislikes	0.0059091682666121146	0.0059091682666121146	12.569560050964357	12.569560050964357
1011	gpt2	1012	506	6	dislike	vp_coord	expected	The customers enter and dislike	6.649683200521395e-06	6.649683200521395e-06	17.19828224182129	17.19828224182129
1012	gpt2	1013	507	6	dismantle	vp_coord	unexpected	The customers enter and dismantles	0.47322474731234365	0.47322474731234365	12.40290243178606	12.40290243178606
1013	gpt2	1014	507	6	dismantle	vp_coord	expected	The customers enter and dismantle	1.986486131499987e-05	1.986486131499987e-05	15.61942195892334	15.61942195892334
1014	gpt2	1015	508	6	dismember	vp_coord	unexpected	The customers enter and dismembers	0.000214279643842	0.000214279643842	12.336044788360596	12.336044788360596
1015	gpt2	1016	508	6	dismember	vp_coord	expected	The customers enter and dismember	0.49859771292451427	0.49859771292451427	11.96430717292242	11.96430717292242
1016	gpt2	1017	509	6	dismiss	vp_coord	unexpected	The customers enter and dismisses	0.00020235874399075	0.00020235874399075	12.387118339538574	12.387118339538574
1017	gpt2	1018	509	6	dismiss	vp_coord	expected	The customers enter and dismiss	0.0002804507385008	0.0002804507385008	11.799964904785156	11.799964904785156
1018	gpt2	1019	510	6	disobey	vp_coord	unexpected	The customers enter and disobeys	0.3179184257557304	0.3179184257557304	7.466483915845553	7.466483915845553
1019	gpt2	1020	510	6	disobey	vp_coord	expected	The customers enter and disobey	0.4919410694448629	0.4919410694448629	10.413835602812467	10.413835602812467
1020	gpt2	1021	511	6	disparage	vp_coord	unexpected	The customers enter and disparages	0.0087773211473063	0.0087773211473063	12.770097494125366	12.770097494125366
1021	gpt2	1022	511	6	disparage	vp_coord	expected	The customers enter and disparage	0.4704621311449842	0.4704621311449842	9.897973410785198	9.897973410785198
1022	gpt2	1023	512	6	dispatch	vp_coord	unexpected	The customers enter and dispatches	0.0005184425772312864	0.0005184425772312864	12.378159999847412	12.378159999847412
1023	gpt2	1024	512	6	dispatch	vp_coord	expected	The customers enter and dispatch	1.660493217059411e-05	1.660493217059411e-05	15.878028869628906	15.878028869628906
1024	gpt2	1025	513	6	dispel	vp_coord	unexpected	The customers enter and dispels	3.831571484624874e-05	3.831571484624874e-05	14.676403522491455	14.676403522491455
1025	gpt2	1026	513	6	dispel	vp_coord	expected	The customers enter and dispel	1.3393286053542397e-06	1.3393286053542397e-06	19.510059356689453	19.510059356689453
1026	gpt2	1027	514	6	dispense	vp_coord	unexpected	The customers enter and dispenses	0.001065675940481007	0.001065675940481007	11.845486640930176	11.845486640930176
1027	gpt2	1028	514	6	dispense	vp_coord	expected	The customers enter and dispense	0.49333271473005874	0.49333271473005874	7.4061655811965466	7.4061655811965466
1028	gpt2	1029	515	6	displace	vp_coord	unexpected	The customers enter and displaces	0.4459130142835779	0.4459130142835779	12.14611480385065	12.14611480385065
1029	gpt2	1030	515	6	displace	vp_coord	expected	The customers enter and displace	0.15262132880161514	0.15262132880161514	7.356450617313385	7.356450617313385
1030	gpt2	1031	516	6	display	vp_coord	unexpected	The customers enter and displays	2.920701717812335e-06	2.920701717812335e-06	18.38525390625	18.38525390625
1031	gpt2	1032	516	6	display	vp_coord	expected	The customers enter and display	0.0002524017181713	0.0002524017181713	11.951991081237791	11.951991081237791
1032	gpt2	1033	517	6	dispose	vp_coord	unexpected	The customers enter and disposes	0.00321758861537085	0.00321758861537085	10.153890132904053	10.153890132904053
1033	gpt2	1034	517	6	dispose	vp_coord	expected	The customers enter and dispose	8.020296081667766e-05	8.020296081667766e-05	13.605984687805176	13.605984687805176
1034	gpt2	1035	518	6	disprove	vp_coord	unexpected	The customers enter and disproves	0.010834614213109713	0.010834614213109713	13.336910724639893	13.336910724639893
1035	gpt2	1036	518	6	disprove	vp_coord	expected	The customers enter and disprove	0.45466721749633626	0.45466721749633626	10.641350947320461	10.641350947320461
1036	gpt2	1037	519	6	dispute	vp_coord	unexpected	The customers enter and disputes	3.700895945257799e-07	3.700895945257799e-07	21.36562156677246	21.36562156677246
1037	gpt2	1038	519	6	dispute	vp_coord	expected	The customers enter and dispute	1.269556742045097e-05	1.269556742045097e-05	16.265316009521484	16.265316009521484
1038	gpt2	1039	520	6	disqualify	vp_coord	unexpected	The customers enter and disqualifies	0.013233993916941238	0.013233993916941238	13.003567218780518	13.003567218780518
1039	gpt2	1040	520	6	disqualify	vp_coord	expected	The customers enter and disqualify	0.4845203876189714	0.4845203876189714	10.406433837488294	10.406433837488294
1040	gpt2	1041	521	6	disregard	vp_coord	unexpected	The customers enter and disregards	0.3918841358146494	0.3918841358146494	11.254347696900366	11.254347696900366
1041	gpt2	1042	521	6	disregard	vp_coord	expected	The customers enter and disregard	1.0449544788571076e-05	1.0449544788571076e-05	16.546199798583984	16.546199798583984
1042	gpt2	1043	522	6	disrupt	vp_coord	unexpected	The customers enter and disrupts	0.00846182462271371	0.00846182462271371	12.025710105895996	12.025710105895996
1043	gpt2	1044	522	6	disrupt	vp_coord	expected	The customers enter and disrupt	3.399336264919839e-06	3.399336264919839e-06	18.16631507873535	18.16631507873535
1044	gpt2	1045	523	6	dissipate	vp_coord	unexpected	The customers enter and dissipates	0.006908584587790749	0.006908584587790749	12.054108381271362	12.054108381271362
1045	gpt2	1046	523	6	dissipate	vp_coord	expected	The customers enter and dissipate	0.4913019586508653	0.4913019586508653	8.977864302694798	8.977864302694798
1046	gpt2	1047	524	6	dissociate	vp_coord	unexpected	The customers enter and dissociates	0.041816546621400136	0.041816546621400136	10.03531781832377	10.03531781832377
1047	gpt2	1048	524	6	dissociate	vp_coord	expected	The customers enter and dissociate	0.23402242671136264	0.23402242671136264	9.84119313955307	9.84119313955307
1048	gpt2	1049	525	6	dissolve	vp_coord	unexpected	The customers enter and dissolves	0.03976148303036095	0.03976148303036095	11.119813919067383	11.119813919067383
1049	gpt2	1050	525	6	dissolve	vp_coord	expected	The customers enter and dissolve	1.0966412446578032e-05	1.0966412446578032e-05	16.47654914855957	16.47654914855957
1050	gpt2	1051	526	6	dissuade	vp_coord	unexpected	The customers enter and dissuades	0.0036658577815628962	0.0036658577815628962	14.69512391090393	14.69512391090393
1051	gpt2	1052	526	6	dissuade	vp_coord	expected	The customers enter and dissuade	0.4949752465550787	0.4949752465550787	11.156574192456901	11.156574192456901
1052	gpt2	1053	527	6	distance	vp_coord	unexpected	The customers enter and distances	4.384373255561514e-07	4.384373255561514e-07	21.12112617492676	21.12112617492676
1053	gpt2	1054	527	6	distance	vp_coord	expected	The customers enter and distance	1.4633370483352335e-05	1.4633370483352335e-05	16.060379028320312	16.060379028320312
1054	gpt2	1055	528	6	distinguish	vp_coord	unexpected	The customers enter and distinguishes	9.922176857912746e-09	9.922176857912746e-09	26.58669662475586	26.58669662475586
1055	gpt2	1056	528	6	distinguish	vp_coord	expected	The customers enter and distinguish	5.297066309140064e-06	5.297066309140064e-06	17.52637481689453	17.52637481689453
1056	gpt2	1057	529	6	distort	vp_coord	unexpected	The customers enter and distorts	0.0003054277394767218	0.0003054277394767218	13.942048072814941	13.942048072814941
1057	gpt2	1058	529	6	distort	vp_coord	expected	The customers enter and distort	4.164300264619669e-07	4.164300264619669e-07	21.195423126220703	21.195423126220703
1058	gpt2	1059	530	6	distract	vp_coord	unexpected	The customers enter and distracts	0.019874533090614897	0.019874533090614897	12.254907608032227	12.254907608032227
1059	gpt2	1060	530	6	distract	vp_coord	expected	The customers enter and distract	1.0531616680964362e-06	1.0531616680964362e-06	19.856842041015625	19.856842041015625
1060	gpt2	1061	531	6	distribute	vp_coord	unexpected	The customers enter and distributes	0.459282252216326	0.459282252216326	8.65695234388113	8.65695234388113
1061	gpt2	1062	531	6	distribute	vp_coord	expected	The customers enter and distribute	8.21274661575444e-05	8.21274661575444e-05	13.571775436401367	13.571775436401367
1062	gpt2	1063	532	6	disturb	vp_coord	unexpected	The customers enter and disturbs	0.4969019344601535	0.4969019344601535	13.280512103345245	13.280512103345245
1063	gpt2	1064	532	6	disturb	vp_coord	expected	The customers enter and disturb	1.9735937257792102e-06	1.9735937257792102e-06	18.950742721557617	18.950742721557617
1064	gpt2	1065	533	6	diverge	vp_coord	unexpected	The customers enter and diverges	0.0020446674415097255	0.0020446674415097255	13.578868150711061	13.578868150711061
1065	gpt2	1066	533	6	diverge	vp_coord	expected	The customers enter and diverge	0.4477563325298206	0.4477563325298206	9.69122937321663	9.69122937321663
1066	gpt2	1067	534	6	diversify	vp_coord	unexpected	The customers enter and diversifies	0.0018678131496016892	0.0018678131496016892	13.13050365447998	13.13050365447998
1067	gpt2	1068	534	6	diversify	vp_coord	expected	The customers enter and diversify	0.49346661262507047	0.49346661262507047	9.10713314358145	9.10713314358145
1068	gpt2	1069	535	6	divert	vp_coord	unexpected	The customers enter and diverts	0.026849930359162475	0.026849930359162475	11.721111774444582	11.721111774444582
1069	gpt2	1070	535	6	divert	vp_coord	expected	The customers enter and divert	7.345052381424466e-06	7.345052381424466e-06	17.05479621887207	17.05479621887207
1070	gpt2	1071	536	6	divest	vp_coord	unexpected	The customers enter and divests	0.00014495938222580616	0.00014495938222580616	16.211721420288086	16.211721420288086
1071	gpt2	1072	536	6	divest	vp_coord	expected	The customers enter and divest	1.6656899788358714e-06	1.6656899788358714e-06	19.19544792175293	19.19544792175293
1072	gpt2	1073	537	6	divide	vp_coord	unexpected	The customers enter and divides	9.963139646629315e-09	9.963139646629315e-09	26.580753326416016	26.580753326416016
1073	gpt2	1074	537	6	divide	vp_coord	expected	The customers enter and divide	9.31957947614137e-06	9.31957947614137e-06	16.7113037109375	16.7113037109375
1074	gpt2	1075	538	6	doctor	vp_coord	unexpected	The customers enter and doctors	3.556131105142413e-07	3.556131105142413e-07	21.42318725585937	21.42318725585937
1075	gpt2	1076	538	6	doctor	vp_coord	expected	The customers enter and doctor	5.913067298024544e-07	5.913067298024544e-07	20.68959045410156	20.68959045410156
1076	gpt2	1077	539	6	document	vp_coord	unexpected	The customers enter and documents	3.518848188832635e-06	3.518848188832635e-06	18.116464614868164	18.116464614868164
1077	gpt2	1078	539	6	document	vp_coord	expected	The customers enter and document	6.530233804369345e-06	6.530233804369345e-06	17.22443389892578	17.22443389892578
1078	gpt2	1079	540	6	dole	vp_coord	unexpected	The customers enter and doles	5.514596068678656e-05	5.514596068678656e-05	14.774540424346924	14.774540424346924
1079	gpt2	1080	540	6	dole	vp_coord	expected	The customers enter and dole	0.00103738295729265	0.00103738295729265	9.93918228149414	9.93918228149414
1080	gpt2	1081	541	6	dominate	vp_coord	unexpected	The customers enter and dominates	6.2424363456159435e-09	6.2424363456159435e-09	27.2552433013916	27.2552433013916
1081	gpt2	1082	541	6	dominate	vp_coord	expected	The customers enter and dominate	5.3457442845683545e-06	5.3457442845683545e-06	17.5131778717041	17.5131778717041
1082	gpt2	1083	542	6	donate	vp_coord	unexpected	The customers enter and donates	0.002104059618432	0.002104059618432	9.187456607818604	9.187456607818604
1083	gpt2	1084	542	6	donate	vp_coord	expected	The customers enter and donate	1.8252141671837308e-05	1.8252141671837308e-05	15.74157428741455	15.74157428741455
1084	gpt2	1085	543	6	don	vp_coord	unexpected	The customers enter and dons	0.0005379972762966325	0.0005379972762966325	13.04904556274414	13.04904556274414
1085	gpt2	1086	543	6	don	vp_coord	expected	The customers enter and don	0.0008853076724335	0.0008853076724335	10.141533851623535	10.141533851623535
1086	gpt2	1087	544	6	double	vp_coord	unexpected	The customers enter and doubles	2.7385141265767743e-08	2.7385141265767743e-08	25.122032165527344	25.122032165527344
1087	gpt2	1088	544	6	double	vp_coord	expected	The customers enter and double	4.296296901884489e-05	4.296296901884489e-05	14.506546974182127	14.506546974182127
1088	gpt2	1089	545	6	doubt	vp_coord	unexpected	The customers enter and doubts	4.7415937842743006e-08	4.7415937842743006e-08	24.330053329467773	24.330053329467773
1089	gpt2	1090	545	6	doubt	vp_coord	expected	The customers enter and doubt	3.365773011410056e-07	3.365773011410056e-07	21.502559661865234	21.502559661865234
1090	gpt2	1091	546	6	do	vp_coord	unexpected	The customers enter and does	6.227200174180325e-06	6.227200174180325e-06	17.292984008789062	17.292984008789062
1091	gpt2	1092	546	6	do	vp_coord	expected	The customers enter and do	0.0012338444357737	0.0012338444357737	9.662623405456545	9.662623405456545
1092	gpt2	1093	547	6	downsize	vp_coord	unexpected	The customers enter and downsizes	0.009845193590407987	0.009845193590407987	13.903433084487915	13.903433084487915
1093	gpt2	1094	547	6	downsize	vp_coord	expected	The customers enter and downsize	0.004212486750475341	0.004212486750475341	10.317812204360962	10.317812204360962
1094	gpt2	1095	548	6	draft	vp_coord	unexpected	The customers enter and drafts	3.4972991613813065e-08	3.4972991613813065e-08	24.769184112548828	24.769184112548828
1095	gpt2	1096	548	6	draft	vp_coord	expected	The customers enter and draft	2.988071400977788e-06	2.988071400977788e-06	18.352354049682617	18.352354049682617
1096	gpt2	1097	549	6	drag	vp_coord	unexpected	The customers enter and drags	0.2922804886957664	0.2922804886957664	11.258349925279619	11.258349925279619
1097	gpt2	1098	549	6	drag	vp_coord	expected	The customers enter and drag	5.147803676663898e-05	5.147803676663898e-05	14.245683670043944	14.245683670043944
1098	gpt2	1099	550	6	drain	vp_coord	unexpected	The customers enter and drains	6.773212817279273e-07	6.773212817279273e-07	20.493656158447266	20.493656158447266
1099	gpt2	1100	550	6	drain	vp_coord	expected	The customers enter and drain	6.508227670565248e-05	6.508227670565248e-05	13.90737533569336	13.90737533569336
1100	gpt2	1101	551	6	drape	vp_coord	unexpected	The customers enter and drapes	0.2243304283601901	0.2243304283601901	9.592099865277609	9.592099865277609
1101	gpt2	1102	551	6	drape	vp_coord	expected	The customers enter and drape	0.004208841700346933	0.004208841700346933	11.55745792388916	11.55745792388916
1102	gpt2	1103	552	6	draw	vp_coord	unexpected	The customers enter and draws	3.027342927452992e-07	3.027342927452992e-07	21.655445098876957	21.655445098876957
1103	gpt2	1104	552	6	draw	vp_coord	expected	The customers enter and draw	0.000209959980566	0.000209959980566	12.21759796142578	12.21759796142578
1104	gpt2	1105	553	6	dream	vp_coord	unexpected	The customers enter and dreams	3.309055074396383e-08	3.309055074396383e-08	24.8490047454834	24.8490047454834
1105	gpt2	1106	553	6	dream	vp_coord	expected	The customers enter and dream	7.291420729416132e-07	7.291420729416132e-07	20.387296676635746	20.387296676635746
1106	gpt2	1107	554	6	dress	vp_coord	unexpected	The customers enter and dresses	3.9586982580885894e-08	3.9586982580885894e-08	24.59039878845215	24.59039878845215
1107	gpt2	1108	554	6	dress	vp_coord	expected	The customers enter and dress	2.8111267056374345e-06	2.8111267056374345e-06	18.44042015075684	18.44042015075684
1108	gpt2	1109	555	6	drift	vp_coord	unexpected	The customers enter and drifts	0.1855539316793937	0.1855539316793937	11.586107552051546	11.586107552051546
1109	gpt2	1110	555	6	drift	vp_coord	expected	The customers enter and drift	7.105720214894973e-06	7.105720214894973e-06	17.10258674621582	17.10258674621582
1110	gpt2	1111	556	6	drill	vp_coord	unexpected	The customers enter and drills	1.8464797690853633e-08	1.8464797690853633e-08	25.69064712524414	25.69064712524414
1111	gpt2	1112	556	6	drill	vp_coord	expected	The customers enter and drill	6.2155713749234565e-06	6.2155713749234565e-06	17.29568099975586	17.29568099975586
1112	gpt2	1113	557	6	drink	vp_coord	unexpected	The customers enter and drinks	5.285359293338843e-06	5.285359293338843e-06	17.52956771850586	17.52956771850586
1113	gpt2	1114	557	6	drink	vp_coord	expected	The customers enter and drink	8.117189281620085e-05	8.117189281620085e-05	13.58866024017334	13.58866024017334
1114	gpt2	1115	558	6	drive	vp_coord	unexpected	The customers enter and drives	2.33472360378073e-06	2.33472360378073e-06	18.70831680297852	18.70831680297852
1115	gpt2	1116	558	6	drive	vp_coord	expected	The customers enter and drive	0.0004493371816352	0.0004493371816352	11.119914054870604	11.119914054870604
1116	gpt2	1117	559	6	drop	vp_coord	unexpected	The customers enter and drops	1.2012443448838894e-06	1.2012443448838894e-06	19.667037963867188	19.667037963867188
1117	gpt2	1118	559	6	drop	vp_coord	expected	The customers enter and drop	0.0004339437291491	0.0004339437291491	11.170204162597656	11.170204162597656
1118	gpt2	1119	560	6	drown	vp_coord	unexpected	The customers enter and drowns	0.0012419785317660794	0.0012419785317660794	14.181706428527832	14.181706428527832
1119	gpt2	1120	560	6	drown	vp_coord	expected	The customers enter and drown	1.166330775959068e-06	1.166330775959068e-06	19.709590911865234	19.709590911865234
1120	gpt2	1121	561	6	drum	vp_coord	unexpected	The customers enter and drums	9.807071421619185e-08	9.807071421619185e-08	23.28160285949707	23.28160285949707
1121	gpt2	1122	561	6	drum	vp_coord	expected	The customers enter and drum	3.260502126067877e-07	3.260502126067877e-07	21.548402786254883	21.548402786254883
1122	gpt2	1123	562	6	dry	vp_coord	unexpected	The customers enter and dries	0.3944675903600725	0.3944675903600725	11.69412113726139	11.69412113726139
1123	gpt2	1124	562	6	dry	vp_coord	expected	The customers enter and dry	5.794257049274165e-06	5.794257049274165e-06	17.396944046020508	17.396944046020508
1124	gpt2	1125	563	6	dump	vp_coord	unexpected	The customers enter and dumps	1.345775757499723e-07	1.345775757499723e-07	22.82505798339844	22.82505798339844
1125	gpt2	1126	563	6	dump	vp_coord	expected	The customers enter and dump	2.3228119971463457e-05	2.3228119971463457e-05	15.393768310546877	15.393768310546877
1126	gpt2	1127	564	6	duplicate	vp_coord	unexpected	The customers enter and duplicates	0.39669171070740816	0.39669171070740816	11.655541479587555	11.655541479587555
1127	gpt2	1128	564	6	duplicate	vp_coord	expected	The customers enter and duplicate	2.906807822000701e-06	2.906807822000701e-06	18.392133712768555	18.392133712768555
1128	gpt2	1129	565	6	dwarf	vp_coord	unexpected	The customers enter and dwarfs	0.4637069207306066	0.4637069207306066	12.833435937762262	12.833435937762262
1129	gpt2	1130	565	6	dwarf	vp_coord	expected	The customers enter and dwarf	3.058451341075852e-07	3.058451341075852e-07	21.64069557189941	21.64069557189941
1130	gpt2	1131	566	6	earmark	vp_coord	unexpected	The customers enter and earmarks	0.010782409686044022	0.010782409686044022	12.57228422164917	12.57228422164917
1131	gpt2	1132	566	6	earmark	vp_coord	expected	The customers enter and earmark	0.02223585103024557	0.02223585103024557	12.050158739089966	12.050158739089966
1132	gpt2	1133	567	6	earn	vp_coord	unexpected	The customers enter and earns	3.2108835057442775e-07	3.2108835057442775e-07	21.570526123046875	21.570526123046875
1133	gpt2	1134	567	6	earn	vp_coord	expected	The customers enter and earn	0.0001001345444819	0.0001001345444819	13.285772323608398	13.285772323608398
1134	gpt2	1135	568	6	ease	vp_coord	unexpected	The customers enter and eases	0.010237030966891322	0.010237030966891322	9.873732089996338	9.873732089996338
1135	gpt2	1136	568	6	ease	vp_coord	expected	The customers enter and ease	4.751158485305496e-06	4.751158485305496e-06	17.68328857421875	17.68328857421875
1136	gpt2	1137	569	6	eat	vp_coord	unexpected	The customers enter and eats	6.181468137356205e-08	6.181468137356205e-08	23.94747543334961	23.94747543334961
1137	gpt2	1138	569	6	eat	vp_coord	expected	The customers enter and eat	7.880305201979354e-05	7.880305201979354e-05	13.631388664245604	13.631388664245604
1138	gpt2	1139	570	6	eavesdrop	vp_coord	unexpected	The customers enter and eavesdrops	0.0005152334495051027	0.0005152334495051027	14.160356521606445	14.160356521606445
1139	gpt2	1140	570	6	eavesdrop	vp_coord	expected	The customers enter and eavesdrop	0.49637418090492247	0.49637418090492247	9.202330806292593	9.202330806292593
1140	gpt2	1141	571	6	ebb	vp_coord	unexpected	The customers enter and ebbs	0.3136713969562557	0.3136713969562557	12.015789121389387	12.015789121389387
1141	gpt2	1142	571	6	ebb	vp_coord	expected	The customers enter and ebb	0.0002936028085968711	0.0002936028085968711	12.505473613739014	12.505473613739014
1142	gpt2	1143	572	6	echo	vp_coord	unexpected	The customers enter and echoes	5.5065594750658426e-08	5.5065594750658426e-08	24.114273071289062	24.114273071289062
1143	gpt2	1144	572	6	echo	vp_coord	expected	The customers enter and echo	3.869035481329775e-06	3.869035481329775e-06	17.979595184326172	17.979595184326172
1144	gpt2	1145	573	6	eclipse	vp_coord	unexpected	The customers enter and eclipses	0.09178646500047627	0.09178646500047627	14.389622330665587	14.389622330665587
1145	gpt2	1146	573	6	eclipse	vp_coord	expected	The customers enter and eclipse	6.087889232730959e-07	6.087889232730959e-07	20.647554397583008	20.647554397583008
1146	gpt2	1147	574	6	economize	vp_coord	unexpected	The customers enter and economizes	0.010087552119422579	0.010087552119422579	13.876699209213259	13.876699209213259
1147	gpt2	1148	574	6	economize	vp_coord	expected	The customers enter and economize	0.42906328068338695	0.42906328068338695	11.17142038792372	11.17142038792372
1148	gpt2	1149	575	6	edge	vp_coord	unexpected	The customers enter and edges	1.718635900260779e-07	1.718635900260779e-07	22.47223281860352	22.47223281860352
1149	gpt2	1150	575	6	edge	vp_coord	expected	The customers enter and edge	3.833102255157428e-06	3.833102255157428e-06	17.99305534362793	17.99305534362793
1150	gpt2	1151	576	6	edit	vp_coord	unexpected	The customers enter and edits	1.8776846388846025e-07	1.8776846388846025e-07	22.344541549682617	22.344541549682617
1151	gpt2	1152	576	6	edit	vp_coord	expected	The customers enter and edit	0.0001710926153464	0.0001710926153464	12.512934684753418	12.512934684753418
1152	gpt2	1153	577	6	educate	vp_coord	unexpected	The customers enter and educates	0.07360936837926513	0.07360936837926513	15.60552942752838	15.60552942752838
1153	gpt2	1154	577	6	educate	vp_coord	expected	The customers enter and educate	1.4704709201396329e-06	1.4704709201396329e-06	19.375289916992188	19.375289916992188
1154	gpt2	1155	578	6	effect	vp_coord	unexpected	The customers enter and effects	1.2949662959726993e-06	1.2949662959726993e-06	19.55865478515625	19.55865478515625
1155	gpt2	1156	578	6	effect	vp_coord	expected	The customers enter and effect	1.331011935690185e-05	1.331011935690185e-05	16.19711685180664	16.19711685180664
1156	gpt2	1157	579	6	elaborate	vp_coord	unexpected	The customers enter and elaborates	0.054078469604068126	0.054078469604068126	13.548222303390503	13.548222303390503
1157	gpt2	1158	579	6	elaborate	vp_coord	expected	The customers enter and elaborate	2.5096705940086395e-06	2.5096705940086395e-06	18.60407066345215	18.60407066345215
1158	gpt2	1159	580	6	elect	vp_coord	unexpected	The customers enter and elects	0.0026005645654549694	0.0026005645654549694	11.856550455093384	11.856550455093384
1159	gpt2	1160	580	6	elect	vp_coord	expected	The customers enter and elect	1.401908684783848e-05	1.401908684783848e-05	16.12224769592285	16.12224769592285
1160	gpt2	1161	581	6	eliminate	vp_coord	unexpected	The customers enter and eliminates	1.836568657154203e-07	1.836568657154203e-07	22.376483917236328	22.376483917236328
1161	gpt2	1162	581	6	eliminate	vp_coord	expected	The customers enter and eliminate	2.9653057936229743e-05	2.9653057936229743e-05	15.041459083557127	15.041459083557127
1162	gpt2	1163	582	6	elongate	vp_coord	unexpected	The customers enter and elongates	0.004347758494622758	0.004347758494622758	15.582700967788696	15.582700967788696
1163	gpt2	1164	582	6	elongate	vp_coord	expected	The customers enter and elongate	0.48514752987430215	0.48514752987430215	12.181693030521274	12.181693030521274
1164	gpt2	1165	583	6	emasculate	vp_coord	unexpected	The customers enter and emasculates	0.25181209208358263	0.25181209208358263	7.897729943273589	7.897729943273589
1165	gpt2	1166	583	6	emasculate	vp_coord	expected	The customers enter and emasculate	0.4979781635888685	0.4979781635888685	6.119111625710502	6.119111625710502
1166	gpt2	1167	584	6	embark	vp_coord	unexpected	The customers enter and embarks	0.07036927918765909	0.07036927918765909	12.128813505172731	12.128813505172731
1167	gpt2	1168	584	6	embark	vp_coord	expected	The customers enter and embark	2.4446048882964533e-06	2.4446048882964533e-06	18.6419677734375	18.6419677734375
1168	gpt2	1169	585	6	embarrass	vp_coord	unexpected	The customers enter and embarrasses	0.0026787417198903206	0.0026787417198903206	15.521878719329834	15.521878719329834
1169	gpt2	1170	585	6	embarrass	vp_coord	expected	The customers enter and embarrass	8.432257914137153e-08	8.432257914137153e-08	23.4995059967041	23.4995059967041
1170	gpt2	1171	586	6	embellish	vp_coord	unexpected	The customers enter and embellishes	0.00023396530129103882	0.00023396530129103882	18.144937992095947	18.144937992095947
1171	gpt2	1172	586	6	embellish	vp_coord	expected	The customers enter and embellish	0.4976837762235533	0.4976837762235533	12.617539500584826	12.617539500584826
1172	gpt2	1173	587	6	embrace	vp_coord	unexpected	The customers enter and embraces	1.2813143435153052e-08	1.2813143435153052e-08	26.21780014038086	26.21780014038086
1173	gpt2	1174	587	6	embrace	vp_coord	expected	The customers enter and embrace	1.4648003343609162e-05	1.4648003343609162e-05	16.058937072753906	16.058937072753906
1174	gpt2	1175	588	6	emerge	vp_coord	unexpected	The customers enter and emerges	2.0847758719355625e-07	2.0847758719355625e-07	22.193603515625	22.193603515625
1175	gpt2	1176	588	6	emerge	vp_coord	expected	The customers enter and emerge	2.6048419385915626e-05	2.6048419385915626e-05	15.22844409942627	15.22844409942627
1176	gpt2	1177	589	7	emote	vp_coord	unexpected	The teacher impugns and emote	0.0006294742925092	0.0006294742925092	10.997442722320557	10.997442722320557
1177	gpt2	1178	589	7	emote	vp_coord	expected	The teacher impugns and emotes	0.48401848899948163	0.48401848899948163	8.383166756480932	8.383166756480932
1178	gpt2	1179	590	7	empathize	vp_coord	unexpected	The teacher impugns and empathize	0.0007657423980162965	0.0007657423980162965	12.96261215209961	12.96261215209961
1179	gpt2	1180	590	7	empathize	vp_coord	expected	The teacher impugns and empathizes	0.4283146587099509	0.4283146587099509	8.393946714699268	8.393946714699268
1180	gpt2	1181	591	7	emphasize	vp_coord	unexpected	The teacher impugns and emphasize	6.454501431107929e-07	6.454501431107929e-07	20.56319046020508	20.56319046020508
1181	gpt2	1182	591	7	emphasize	vp_coord	expected	The teacher impugns and emphasizes	9.66087172855623e-05	9.66087172855623e-05	13.33748722076416	13.33748722076416
1182	gpt2	1183	592	7	emphaticize	vp_coord	unexpected	The teacher impugns and emphaticize	0.008637826665714467	0.008637826665714467	12.095988114674887	12.095988114674887
1183	gpt2	1184	592	7	emphaticize	vp_coord	expected	The teacher impugns and emphaticizes	0.01055266430830666	0.01055266430830666	9.69743267695109	9.69743267695109
1184	gpt2	1185	593	7	employ	vp_coord	unexpected	The teacher impugns and employ	2.9498505682568066e-06	2.9498505682568066e-06	18.370925903320312	18.370925903320312
1185	gpt2	1186	593	7	employ	vp_coord	expected	The teacher impugns and employs	0.000266253191512	0.000266253191512	11.874913215637209	11.874913215637209
1186	gpt2	1187	594	7	empty	vp_coord	unexpected	The teacher impugns and empty	6.556573680427391e-06	6.556573680427391e-06	17.218626022338867	17.218626022338867
1187	gpt2	1188	594	7	empty	vp_coord	expected	The teacher impugns and empties	0.49310594432972726	0.49310594432972726	8.167202129028738	8.167202129028738
1188	gpt2	1189	595	7	emulate	vp_coord	unexpected	The teacher impugns and emulate	2.740671050105448e-07	2.740671050105448e-07	21.798967361450195	21.798967361450195
1189	gpt2	1190	595	7	emulate	vp_coord	expected	The teacher impugns and emulates	0.00853189686313265	0.00853189686313265	7.945782661437988	7.945782661437988
1190	gpt2	1191	596	7	enable	vp_coord	unexpected	The teacher impugns and enable	3.437178293097532e-07	3.437178293097532e-07	21.472272872924805	21.472272872924805
1191	gpt2	1192	596	7	enable	vp_coord	expected	The teacher impugns and enables	6.82804238749668e-05	6.82804238749668e-05	13.838168144226074	13.838168144226074
1192	gpt2	1193	597	7	enact	vp_coord	unexpected	The teacher impugns and enact	2.0568152194755385e-06	2.0568152194755385e-06	18.891157150268555	18.891157150268555
1193	gpt2	1194	597	7	enact	vp_coord	expected	The teacher impugns and enacts	0.0133412212016992	0.0133412212016992	7.354293584823608	7.354293584823608
1194	gpt2	1195	598	7	encapsulate	vp_coord	unexpected	The teacher impugns and encapsulate	0.0017402234214500335	0.0017402234214500335	13.601347446441652	13.601347446441652
1195	gpt2	1196	598	7	encapsulate	vp_coord	expected	The teacher impugns and encapsulates	0.4942772157217519	0.4942772157217519	9.526011120527984	9.526011120527984
1196	gpt2	1197	599	7	encompass	vp_coord	unexpected	The teacher impugns and encompass	2.924344322252637e-08	2.924344322252637e-08	25.02731132507324	25.02731132507324
1197	gpt2	1198	599	7	encompass	vp_coord	expected	The teacher impugns and encompasses	3.6822284528170712e-06	3.6822284528170712e-06	18.050989151000977	18.050989151000977
1198	gpt2	1199	600	7	encounter	vp_coord	unexpected	The teacher impugns and encounter	1.226143524490908e-07	1.226143524490908e-07	22.959369659423828	22.959369659423828
1199	gpt2	1200	600	7	encounter	vp_coord	expected	The teacher impugns and encounters	1.090114801627351e-05	1.090114801627351e-05	16.48516082763672	16.48516082763672
1200	gpt2	1201	601	7	encourage	vp_coord	unexpected	The teacher impugns and encourage	1.6791151210782118e-05	1.6791151210782118e-05	15.861939430236816	15.861939430236816
1201	gpt2	1202	601	7	encourage	vp_coord	expected	The teacher impugns and encourages	0.0045262714847922	0.0045262714847922	7.787461280822754	7.787461280822754
1202	gpt2	1203	602	7	endanger	vp_coord	unexpected	The teacher impugns and endanger	4.749007075588452e-06	4.749007075588452e-06	17.683942794799805	17.683942794799805
1203	gpt2	1204	602	7	endanger	vp_coord	expected	The teacher impugns and endangers	0.0109018776201992	0.0109018776201992	9.14443039894104	9.14443039894104
1204	gpt2	1205	603	7	endeavor	vp_coord	unexpected	The teacher impugns and endeavor	1.2383746650357352e-07	1.2383746650357352e-07	22.945049285888672	22.945049285888672
1205	gpt2	1206	603	7	endeavor	vp_coord	expected	The teacher impugns and endeavors	2.041129300778266e-05	2.041129300778266e-05	15.580272674560549	15.580272674560549
1206	gpt2	1207	604	7	endorse	vp_coord	unexpected	The teacher impugns and endorse	7.847397114346677e-07	7.847397114346677e-07	20.28128242492676	20.28128242492676
1207	gpt2	1208	604	7	endorse	vp_coord	expected	The teacher impugns and endorses	0.4802772001930861	0.4802772001930861	6.409144027158618	6.409144027158618
1208	gpt2	1209	605	7	endure	vp_coord	unexpected	The teacher impugns and endure	9.56466408297274e-08	9.56466408297274e-08	23.317710876464844	23.317710876464844
1209	gpt2	1210	605	7	endure	vp_coord	expected	The teacher impugns and endures	0.0021619128165184	0.0021619128165184	10.331204175949097	10.331204175949097
1210	gpt2	1211	606	7	end	vp_coord	unexpected	The teacher impugns and end	0.0001441630738554	0.0001441630738554	12.760010719299316	12.760010719299316
1211	gpt2	1212	606	7	end	vp_coord	expected	The teacher impugns and ends	0.0002255149011034	0.0002255149011034	12.114489555358888	12.114489555358888
1212	gpt2	1213	607	7	enforce	vp_coord	unexpected	The teacher impugns and enforce	8.684790373081341e-06	8.684790373081341e-06	16.813077926635742	16.813077926635742
1213	gpt2	1214	607	7	enforce	vp_coord	expected	The teacher impugns and enforces	0.0933952752384357	0.0933952752384357	5.915087699890137	5.915087699890137
1214	gpt2	1215	608	7	engage	vp_coord	unexpected	The teacher impugns and engage	7.084156095515937e-06	7.084156095515937e-06	17.106971740722656	17.106971740722656
1215	gpt2	1216	608	7	engage	vp_coord	expected	The teacher impugns and engages	0.0008567065233364	0.0008567065233364	10.18891143798828	10.18891143798828
1216	gpt2	1217	609	7	engineer	vp_coord	unexpected	The teacher impugns and engineer	2.095031277349335e-06	2.095031277349335e-06	18.86459732055664	18.86459732055664
1217	gpt2	1218	609	7	engineer	vp_coord	expected	The teacher impugns and engineers	7.235075372591382e-06	7.235075372591382e-06	17.076560974121094	17.076560974121094
1218	gpt2	1219	610	7	enhance	vp_coord	unexpected	The teacher impugns and enhance	1.855081706025885e-07	1.855081706025885e-07	22.36201477050781	22.36201477050781
1219	gpt2	1220	610	7	enhance	vp_coord	expected	The teacher impugns and enhances	1.754683762555942e-05	1.754683762555942e-05	15.798429489135742	15.798429489135742
1220	gpt2	1221	611	7	enjoin	vp_coord	unexpected	The teacher impugns and enjoin	0.00165555725106965	0.00165555725106965	9.246432781219482	9.246432781219482
1221	gpt2	1222	611	7	enjoin	vp_coord	expected	The teacher impugns and enjoins	0.3439531582019602	0.3439531582019602	4.759997566696256	4.759997566696256
1222	gpt2	1223	612	7	enjoy	vp_coord	unexpected	The teacher impugns and enjoy	1.4617197621191735e-06	1.4617197621191735e-06	19.383901596069336	19.383901596069336
1223	gpt2	1224	612	7	enjoy	vp_coord	expected	The teacher impugns and enjoys	7.385747449006885e-05	7.385747449006885e-05	13.724896430969238	13.724896430969238
1224	gpt2	1225	613	7	enlarge	vp_coord	unexpected	The teacher impugns and enlarge	1.989362061749489e-07	1.989362061749489e-07	22.26119041442871	22.26119041442871
1225	gpt2	1226	613	7	enlarge	vp_coord	expected	The teacher impugns and enlarges	0.49813269802007193	0.49813269802007193	8.23412655806169	8.23412655806169
1226	gpt2	1227	614	7	enlist	vp_coord	unexpected	The teacher impugns and enlist	2.219201860498288e-06	2.219201860498288e-06	18.78152847290039	18.78152847290039
1227	gpt2	1228	614	7	enlist	vp_coord	expected	The teacher impugns and enlists	0.12534486985532564	0.12534486985532564	5.701377868652344	5.701377868652344
1228	gpt2	1229	615	7	enroll	vp_coord	unexpected	The teacher impugns and enroll	1.821341720642522e-05	1.821341720642522e-05	15.744638442993164	15.744638442993164
1229	gpt2	1230	615	7	enroll	vp_coord	expected	The teacher impugns and enrolls	0.4904771915207675	0.4904771915207675	7.886203643865883	7.886203643865883
1230	gpt2	1231	616	7	ensue	vp_coord	unexpected	The teacher impugns and ensue	0.0007033925030554853	0.0007033925030554853	12.10076904296875	12.10076904296875
1231	gpt2	1232	616	7	ensue	vp_coord	expected	The teacher impugns and ensues	0.009230937237589385	0.009230937237589385	10.225530624389648	10.225530624389648
1232	gpt2	1233	617	7	ensure	vp_coord	unexpected	The teacher impugns and ensure	7.993020290086861e-07	7.993020290086861e-07	20.2547550201416	20.2547550201416
1233	gpt2	1234	617	7	ensure	vp_coord	expected	The teacher impugns and ensures	3.537291559041478e-05	3.537291559041478e-05	14.786994934082031	14.786994934082031
1234	gpt2	1235	618	7	entail	vp_coord	unexpected	The teacher impugns and entail	2.134246379625893e-08	2.134246379625893e-08	25.48169708251953	25.48169708251953
1235	gpt2	1236	618	7	entail	vp_coord	expected	The teacher impugns and entails	1.82312726337841e-06	1.82312726337841e-06	19.06515312194824	19.06515312194824
1236	gpt2	1237	619	7	enter	vp_coord	unexpected	The teacher impugns and enter	1.0071184988191817e-06	1.0071184988191817e-06	19.921335220336918	19.921335220336918
1237	gpt2	1238	619	7	enter	vp_coord	expected	The teacher impugns and enters	3.884806574205868e-05	3.884806574205868e-05	14.6517972946167	14.6517972946167
1238	gpt2	1239	620	7	entice	vp_coord	unexpected	The teacher impugns and entice	0.0138869546644855	0.0138869546644855	8.930827617645264	8.930827617645264
1239	gpt2	1240	620	7	entice	vp_coord	expected	The teacher impugns and entices	0.0509513709985185	0.0509513709985185	7.9902503490448	7.9902503490448
1240	gpt2	1241	621	7	entitle	vp_coord	unexpected	The teacher impugns and entitle	5.420947672973853e-07	5.420947672973853e-07	20.814950942993164	20.814950942993164
1241	gpt2	1242	621	7	entitle	vp_coord	expected	The teacher impugns and entitles	0.4963936880071742	0.4963936880071742	8.140421808697283	8.140421808697283
1242	gpt2	1243	622	7	entrench	vp_coord	unexpected	The teacher impugns and entrench	0.0003149501571897	0.0003149501571897	11.857311725616455	11.857311725616455
1243	gpt2	1244	622	7	entrench	vp_coord	expected	The teacher impugns and entrenches	0.0021225300442892997	0.0021225300442892997	10.308108568191528	10.308108568191528
1244	gpt2	1245	623	7	entrust	vp_coord	unexpected	The teacher impugns and entrust	0.02147743481327775	0.02147743481327775	8.614880323410034	8.614880323410034
1245	gpt2	1246	623	7	entrust	vp_coord	expected	The teacher impugns and entrusts	0.3414180701171669	0.3414180701171669	5.752331815039118	5.752331815039118
1246	gpt2	1247	624	7	envision	vp_coord	unexpected	The teacher impugns and envision	3.9975315502260855e-08	3.9975315502260855e-08	24.57631492614746	24.57631492614746
1247	gpt2	1248	624	7	envision	vp_coord	expected	The teacher impugns and envisions	0.045171275178290636	0.045171275178290636	9.009616494178772	9.009616494178772
1248	gpt2	1249	625	7	equal	vp_coord	unexpected	The teacher impugns and equal	3.810668431469821e-06	3.810668431469821e-06	18.001523971557617	18.001523971557617
1249	gpt2	1250	625	7	equal	vp_coord	expected	The teacher impugns and equals	1.6246683571807807e-06	1.6246683571807807e-06	19.231422424316406	19.231422424316406
1250	gpt2	1251	626	7	equate	vp_coord	unexpected	The teacher impugns and equate	1.1180321735082543e-06	1.1180321735082543e-06	19.770606994628903	19.770606994628903
1251	gpt2	1252	626	7	equate	vp_coord	expected	The teacher impugns and equates	0.35473516272031697	0.35473516272031697	5.859709724783897	5.859709724783897
1252	gpt2	1253	627	7	equip	vp_coord	unexpected	The teacher impugns and equip	1.928317630017773e-07	1.928317630017773e-07	22.306154251098636	22.306154251098636
1253	gpt2	1254	627	7	equip	vp_coord	expected	The teacher impugns and equips	0.0048298855836037	0.0048298855836037	8.990517616271973	8.990517616271973
1254	gpt2	1255	628	7	eradicate	vp_coord	unexpected	The teacher impugns and eradicate	1.9784037874615026e-07	1.9784037874615026e-07	22.2691593170166	22.2691593170166
1255	gpt2	1256	628	7	eradicate	vp_coord	expected	The teacher impugns and eradicates	0.49526577872302374	0.49526577872302374	8.650472384411842	8.650472384411842
1256	gpt2	1257	629	7	erase	vp_coord	unexpected	The teacher impugns and erase	1.6217456959566334e-06	1.6217456959566334e-06	19.234020233154297	19.234020233154297
1257	gpt2	1258	629	7	erase	vp_coord	expected	The teacher impugns and erases	0.3758684139465913	0.3758684139465913	4.571546211838722	4.571546211838722
1258	gpt2	1259	630	7	erect	vp_coord	unexpected	The teacher impugns and erect	1.9743043594644405e-05	1.9743043594644405e-05	15.6282958984375	15.6282958984375
1259	gpt2	1260	630	7	erect	vp_coord	expected	The teacher impugns and erects	0.49590543607791915	0.49590543607791915	7.8200938403606415	7.8200938403606415
1260	gpt2	1261	631	7	erode	vp_coord	unexpected	The teacher impugns and erode	0.0013693864020751499	0.0013693864020751499	10.0470609664917	10.0470609664917
1261	gpt2	1262	631	7	erode	vp_coord	expected	The teacher impugns and erodes	0.01411965803708875	0.01411965803708875	6.999462366104126	6.999462366104126
1262	gpt2	1263	632	7	erupt	vp_coord	unexpected	The teacher impugns and erupt	3.522544830047991e-06	3.522544830047991e-06	18.11495018005371	18.11495018005371
1263	gpt2	1264	632	7	erupt	vp_coord	expected	The teacher impugns and erupts	0.49926802809523	0.49926802809523	9.058534412877634	9.058534412877634
1264	gpt2	1265	633	7	escalate	vp_coord	unexpected	The teacher impugns and escalate	4.689793229317729e-07	4.689793229317729e-07	21.023971557617188	21.023971557617188
1265	gpt2	1266	633	7	escalate	vp_coord	expected	The teacher impugns and escalates	0.4985255357432834	0.4985255357432834	7.856698018731549	7.856698018731549
1266	gpt2	1267	634	7	escape	vp_coord	unexpected	The teacher impugns and escape	3.3709801527948e-07	3.3709801527948e-07	21.500328063964844	21.500328063964844
1267	gpt2	1268	634	7	escape	vp_coord	expected	The teacher impugns and escapes	1.8153763448935933e-05	1.8153763448935933e-05	15.749371528625488	15.749371528625488
1268	gpt2	1269	635	7	establish	vp_coord	unexpected	The teacher impugns and establish	2.864604766728007e-07	2.864604766728007e-07	21.73516082763672	21.73516082763672
1269	gpt2	1270	635	7	establish	vp_coord	expected	The teacher impugns and establishes	2.9284261472639628e-05	2.9284261472639628e-05	15.059514999389648	15.059514999389648
1270	gpt2	1271	636	7	estimate	vp_coord	unexpected	The teacher impugns and estimate	7.504699084392996e-08	7.504699084392996e-08	23.667631149291992	23.667631149291992
1271	gpt2	1272	636	7	estimate	vp_coord	expected	The teacher impugns and estimates	1.0440509868203662e-05	1.0440509868203662e-05	16.547449111938477	16.547449111938477
1272	gpt2	1273	637	7	evade	vp_coord	unexpected	The teacher impugns and evade	6.379547698998067e-07	6.379547698998067e-07	20.580041885375977	20.580041885375977
1273	gpt2	1274	637	7	evade	vp_coord	expected	The teacher impugns and evades	0.18740648531820625	0.18740648531820625	5.352573335170746	5.352573335170746
1274	gpt2	1275	638	7	evaluate	vp_coord	unexpected	The teacher impugns and evaluate	3.753434043574089e-07	3.753434043574089e-07	21.34528541564941	21.34528541564941
1275	gpt2	1276	638	7	evaluate	vp_coord	expected	The teacher impugns and evaluates	2.605470581329428e-05	2.605470581329428e-05	15.22809600830078	15.22809600830078
1276	gpt2	1277	639	7	evaporate	vp_coord	unexpected	The teacher impugns and evaporate	0.001290948704394144	0.001290948704394144	14.77493381500244	14.77493381500244
1277	gpt2	1278	639	7	evaporate	vp_coord	expected	The teacher impugns and evaporates	0.49504373280009867	0.49504373280009867	10.483306404203175	10.483306404203175
1278	gpt2	1279	640	7	even	vp_coord	unexpected	The teacher impugns and even	0.0029981036204844	0.0029981036204844	8.381733894348145	8.381733894348145
1279	gpt2	1280	640	7	even	vp_coord	expected	The teacher impugns and evens	0.0016354170511476002	0.0016354170511476002	10.110985279083252	10.110985279083252
1280	gpt2	1281	641	7	evolve	vp_coord	unexpected	The teacher impugns and evolve	1.0747642775754684e-08	1.0747642775754684e-08	26.471405029296875	26.471405029296875
1281	gpt2	1282	641	7	evolve	vp_coord	expected	The teacher impugns and evolves	1.6776098163973074e-06	1.6776098163973074e-06	19.18516159057617	19.18516159057617
1282	gpt2	1283	642	7	exacerbate	vp_coord	unexpected	The teacher impugns and exacerbate	1.7553647069235012e-07	1.7553647069235012e-07	22.441726684570312	22.441726684570312
1283	gpt2	1284	642	7	exacerbate	vp_coord	expected	The teacher impugns and exacerbates	0.49851992198546213	0.49851992198546213	7.613409696612507	7.613409696612507
1284	gpt2	1285	643	7	exaggerate	vp_coord	unexpected	The teacher impugns and exaggerate	0.0009409660415257999	0.0009409660415257999	10.237100601196289	10.237100601196289
1285	gpt2	1286	643	7	exaggerate	vp_coord	expected	The teacher impugns and exaggerates	0.49856508173979824	0.49856508173979824	4.75001205294393	4.75001205294393
1286	gpt2	1287	644	7	examine	vp_coord	unexpected	The teacher impugns and examine	4.95594122185139e-07	4.95594122185139e-07	20.944337844848636	20.944337844848636
1287	gpt2	1288	644	7	examine	vp_coord	expected	The teacher impugns and examines	3.911155363311991e-05	3.911155363311991e-05	14.642045974731444	14.642045974731444
1288	gpt2	1289	645	7	exceed	vp_coord	unexpected	The teacher impugns and exceed	2.362119460030954e-07	2.362119460030954e-07	22.01341438293457	22.01341438293457
1289	gpt2	1290	645	7	exceed	vp_coord	expected	The teacher impugns and exceeds	2.0579700503731143e-05	2.0579700503731143e-05	15.568418502807615	15.568418502807615
1290	gpt2	1291	646	7	except	vp_coord	unexpected	The teacher impugns and except	2.583606146799866e-06	2.583606146799866e-06	18.56218147277832	18.56218147277832
1291	gpt2	1292	646	7	except	vp_coord	expected	The teacher impugns and excepts	0.4679567022835726	0.4679567022835726	9.328869245946407	9.328869245946407
1292	gpt2	1293	647	7	exchange	vp_coord	unexpected	The teacher impugns and exchange	3.885395187808172e-07	3.885395187808172e-07	21.295434951782227	21.295434951782227
1293	gpt2	1294	647	7	exchange	vp_coord	expected	The teacher impugns and exchanges	4.1566428990336135e-05	4.1566428990336135e-05	14.554222106933594	14.554222106933594
1294	gpt2	1295	648	7	exclude	vp_coord	unexpected	The teacher impugns and exclude	2.170491598008084e-06	2.170491598008084e-06	18.81354713439941	18.81354713439941
1295	gpt2	1296	648	7	exclude	vp_coord	expected	The teacher impugns and excludes	0.0001161037289421	0.0001161037289421	13.072298049926758	13.072298049926758
1296	gpt2	1297	649	7	excorciate	vp_coord	unexpected	The teacher impugns and excorciate	0.0060157700354465755	0.0060157700354465755	8.710424184799194	8.710424184799194
1297	gpt2	1298	649	7	excorciate	vp_coord	expected	The teacher impugns and excorciates	0.21979978158196897	0.21979978158196897	7.308135375380516	7.308135375380516
1298	gpt2	1299	650	7	excuse	vp_coord	unexpected	The teacher impugns and excuse	6.064903573133051e-06	6.064903573133051e-06	17.331083297729492	17.331083297729492
1299	gpt2	1300	650	7	excuse	vp_coord	expected	The teacher impugns and excuses	0.0010302915470674	0.0010302915470674	9.922731399536133	9.922731399536133
1300	gpt2	1301	651	7	execute	vp_coord	unexpected	The teacher impugns and execute	3.277302198512189e-07	3.277302198512189e-07	21.540987014770508	21.540987014770508
1301	gpt2	1302	651	7	execute	vp_coord	expected	The teacher impugns and executes	9.560419857734814e-05	9.560419857734814e-05	13.352566719055176	13.352566719055176
1302	gpt2	1303	652	7	exempt	vp_coord	unexpected	The teacher impugns and exempt	7.219635790534085e-06	7.219635790534085e-06	17.07964324951172	17.07964324951172
1303	gpt2	1304	652	7	exempt	vp_coord	expected	The teacher impugns and exempts	0.49375599996415076	0.49375599996415076	8.548891823738813	8.548891823738813
1304	gpt2	1305	653	7	exercise	vp_coord	unexpected	The teacher impugns and exercise	1.4586451015929924e-06	1.4586451015929924e-06	19.386940002441406	19.386940002441406
1305	gpt2	1306	653	7	exercise	vp_coord	expected	The teacher impugns and exercises	4.330971933086403e-05	4.330971933086403e-05	14.494949340820312	14.494949340820312
1306	gpt2	1307	654	7	exhaust	vp_coord	unexpected	The teacher impugns and exhaust	8.166576662915759e-06	8.166576662915759e-06	16.901836395263672	16.901836395263672
1307	gpt2	1308	654	7	exhaust	vp_coord	expected	The teacher impugns and exhausts	0.4303088489896254	0.4303088489896254	8.55920284986496	8.55920284986496
1308	gpt2	1309	655	7	exhibit	vp_coord	unexpected	The teacher impugns and exhibit	8.800678301668086e-07	8.800678301668086e-07	20.115880966186523	20.115880966186523
1309	gpt2	1310	655	7	exhibit	vp_coord	expected	The teacher impugns and exhibits	7.898158946773037e-05	7.898158946773037e-05	13.628124237060549	13.628124237060549
1310	gpt2	1311	656	7	exist	vp_coord	unexpected	The teacher impugns and exist	8.055852163124656e-08	8.055852163124656e-08	23.56538772583008	23.56538772583008
1311	gpt2	1312	656	7	exist	vp_coord	expected	The teacher impugns and exists	4.072249794262461e-06	4.072249794262461e-06	17.905742645263672	17.905742645263672
1312	gpt2	1313	657	7	exit	vp_coord	unexpected	The teacher impugns and exit	2.0062041983237577e-07	2.0062041983237577e-07	22.249027252197266	22.249027252197266
1313	gpt2	1314	657	7	exit	vp_coord	expected	The teacher impugns and exits	4.416238880367018e-06	4.416238880367018e-06	17.78874969482422	17.78874969482422
1314	gpt2	1315	658	7	exorcise	vp_coord	unexpected	The teacher impugns and exorcise	0.005834720696498148	0.005834720696498148	12.557024478912354	12.557024478912354
1315	gpt2	1316	658	7	exorcise	vp_coord	expected	The teacher impugns and exorcises	0.3360648035474014	0.3360648035474014	9.632915079593658	9.632915079593658
1316	gpt2	1317	659	7	expand	vp_coord	unexpected	The teacher impugns and expand	1.9523520222719526e-06	1.9523520222719526e-06	18.96635627746582	18.96635627746582
1317	gpt2	1318	659	7	expand	vp_coord	expected	The teacher impugns and expands	6.91902605467476e-05	6.91902605467476e-05	13.819071769714355	13.819071769714355
1318	gpt2	1319	660	7	expect	vp_coord	unexpected	The teacher impugns and expect	3.6446083413466113e-06	3.6446083413466113e-06	18.065805435180664	18.065805435180664
1319	gpt2	1320	660	7	expect	vp_coord	expected	The teacher impugns and expects	9.792814671527594e-05	9.792814671527594e-05	13.317916870117188	13.317916870117188
1320	gpt2	1321	661	7	expedite	vp_coord	unexpected	The teacher impugns and expedite	0.013959529823523522	0.013959529823523522	11.221553325653076	11.221553325653076
1321	gpt2	1322	661	7	expedite	vp_coord	expected	The teacher impugns and expedites	0.2635790528868256	0.2635790528868256	9.101942837238312	9.101942837238312
1322	gpt2	1323	662	7	expel	vp_coord	unexpected	The teacher impugns and expel	2.317343387403525e-06	2.317343387403525e-06	18.71909713745117	18.71909713745117
1323	gpt2	1324	662	7	expel	vp_coord	expected	The teacher impugns and expels	0.12209340528352179	0.12209340528352179	5.8593207597732535	5.8593207597732535
1324	gpt2	1325	663	7	experience	vp_coord	unexpected	The teacher impugns and experience	6.953840738788131e-07	6.953840738788131e-07	20.455686569213867	20.455686569213867
1325	gpt2	1326	663	7	experience	vp_coord	expected	The teacher impugns and experiences	3.278830990893766e-05	3.278830990893766e-05	14.896458625793455	14.896458625793455
1326	gpt2	1327	664	7	expire	vp_coord	unexpected	The teacher impugns and expire	8.67496297018988e-10	8.67496297018988e-10	30.1024227142334	30.1024227142334
1327	gpt2	1328	664	7	expire	vp_coord	expected	The teacher impugns and expires	2.7995915274914296e-07	2.7995915274914296e-07	21.768280029296875	21.768280029296875
1328	gpt2	1329	665	7	explain	vp_coord	unexpected	The teacher impugns and explain	4.009971689811209e-06	4.009971689811209e-06	17.927976608276367	17.927976608276367
1329	gpt2	1330	665	7	explain	vp_coord	expected	The teacher impugns and explains	0.0001765581982908	0.0001765581982908	12.467568397521973	12.467568397521973
1330	gpt2	1331	666	7	explode	vp_coord	unexpected	The teacher impugns and explode	1.2646408720229374e-07	1.2646408720229374e-07	22.91476821899414	22.91476821899414
1331	gpt2	1332	666	7	explode	vp_coord	expected	The teacher impugns and explodes	2.4028187908697877e-05	2.4028187908697877e-05	15.3449125289917	15.3449125289917
1332	gpt2	1333	667	7	exploit	vp_coord	unexpected	The teacher impugns and exploit	2.043107815552503e-05	2.043107815552503e-05	15.578874588012695	15.578874588012695
1333	gpt2	1334	667	7	exploit	vp_coord	expected	The teacher impugns and exploits	0.0016957630869001	0.0016957630869001	9.203849792480469	9.203849792480469
1334	gpt2	1335	668	7	explore	vp_coord	unexpected	The teacher impugns and explore	2.788804636111309e-07	2.788804636111309e-07	21.773849487304688	21.773849487304688
1335	gpt2	1336	668	7	explore	vp_coord	expected	The teacher impugns and explores	4.01396828237921e-05	4.01396828237921e-05	14.60461139678955	14.60461139678955
1336	gpt2	1337	669	7	export	vp_coord	unexpected	The teacher impugns and export	2.99069540687924e-07	2.99069540687924e-07	21.673015594482425	21.673015594482425
1337	gpt2	1338	669	7	export	vp_coord	expected	The teacher impugns and exports	5.21504762218683e-06	5.21504762218683e-06	17.548887252807617	17.548887252807617
1338	gpt2	1339	670	7	expose	vp_coord	unexpected	The teacher impugns and expose	3.985997409472475e-06	3.985997409472475e-06	17.936628341674805	17.936628341674805
1339	gpt2	1340	670	7	expose	vp_coord	expected	The teacher impugns and exposes	0.0012629079865291	0.0012629079865291	9.629034996032717	9.629034996032717
1340	gpt2	1341	671	7	express	vp_coord	unexpected	The teacher impugns and express	8.797627742751502e-06	8.797627742751502e-06	16.79445457458496	16.79445457458496
1341	gpt2	1342	671	7	express	vp_coord	expected	The teacher impugns and expresses	0.0003052864049095	0.0003052864049095	11.677549362182615	11.677549362182615
1342	gpt2	1343	672	7	expunge	vp_coord	unexpected	The teacher impugns and expunge	0.057126739178784136	0.057126739178784136	6.122273921966553	6.122273921966553
1343	gpt2	1344	672	7	expunge	vp_coord	expected	The teacher impugns and expunges	0.33221614900200314	0.33221614900200314	6.675599457385638	6.675599457385638
1344	gpt2	1345	673	7	extend	vp_coord	unexpected	The teacher impugns and extend	1.278685090255749e-06	1.278685090255749e-06	19.576908111572266	19.576908111572266
1345	gpt2	1346	673	7	extend	vp_coord	expected	The teacher impugns and extends	0.0001336468121735	0.0001336468121735	12.86928653717041	12.86928653717041
1346	gpt2	1347	674	7	extinguish	vp_coord	unexpected	The teacher impugns and extinguish	0.009200716807754342	0.009200716807754342	12.360276937484741	12.360276937484741
1347	gpt2	1348	674	7	extinguish	vp_coord	expected	The teacher impugns and extinguishes	0.4818232650377468	0.4818232650377468	9.50489436276257	9.50489436276257
1348	gpt2	1349	675	7	extort	vp_coord	unexpected	The teacher impugns and extort	0.0044698046986013495	0.0044698046986013495	8.064867973327637	8.064867973327637
1349	gpt2	1350	675	7	extort	vp_coord	expected	The teacher impugns and extorts	0.16728024557232854	0.16728024557232854	5.272166848182678	5.272166848182678
1350	gpt2	1351	676	7	extract	vp_coord	unexpected	The teacher impugns and extract	1.6538831459911307e-06	1.6538831459911307e-06	19.205711364746094	19.205711364746094
1351	gpt2	1352	676	7	extract	vp_coord	expected	The teacher impugns and extracts	3.807023313129321e-05	3.807023313129321e-05	14.68097686767578	14.68097686767578
1352	gpt2	1353	677	7	extricate	vp_coord	unexpected	The teacher impugns and extricate	0.002485387298899367	0.002485387298899367	8.79035472869873	8.79035472869873
1353	gpt2	1354	677	7	extricate	vp_coord	expected	The teacher impugns and extricates	0.33137541617422056	0.33137541617422056	6.141836713068187	6.141836713068187
1354	gpt2	1355	678	7	fabricate	vp_coord	unexpected	The teacher impugns and fabricate	0.001540213386761	0.001540213386761	9.557114601135254	9.557114601135254
1355	gpt2	1356	678	7	fabricate	vp_coord	expected	The teacher impugns and fabricates	0.49478751260903664	0.49478751260903664	5.189803753979505	5.189803753979505
1356	gpt2	1357	679	7	face	vp_coord	unexpected	The teacher impugns and face	1.261774400518334e-06	1.261774400518334e-06	19.596115112304688	19.596115112304688
1357	gpt2	1358	679	7	face	vp_coord	expected	The teacher impugns and faces	1.646437158342451e-05	1.646437158342451e-05	15.89029312133789	15.89029312133789
1358	gpt2	1359	680	7	facilitate	vp_coord	unexpected	The teacher impugns and facilitate	1.5166749278705538e-07	1.5166749278705538e-07	22.65258407592773	22.65258407592773
1359	gpt2	1360	680	7	facilitate	vp_coord	expected	The teacher impugns and facilitates	3.1421262974618e-05	3.1421262974618e-05	14.95789909362793	14.95789909362793
1360	gpt2	1361	681	7	factor	vp_coord	unexpected	The teacher impugns and factor	1.3047251457010134e-07	1.3047251457010134e-07	22.8697509765625	22.8697509765625
1361	gpt2	1362	681	7	factor	vp_coord	expected	The teacher impugns and factors	8.27463827590691e-06	8.27463827590691e-06	16.882871627807617	16.882871627807617
1362	gpt2	1363	682	7	fade	vp_coord	unexpected	The teacher impugns and fade	5.178955930773554e-08	5.178955930773554e-08	24.20276260375977	24.20276260375977
1363	gpt2	1364	682	7	fade	vp_coord	expected	The teacher impugns and fades	8.18429089122219e-06	8.18429089122219e-06	16.898710250854492	16.898710250854492
1364	gpt2	1365	683	7	fail	vp_coord	unexpected	The teacher impugns and fail	3.804974312515697e-06	3.804974312515697e-06	18.003681182861328	18.003681182861328
1365	gpt2	1366	683	7	fail	vp_coord	expected	The teacher impugns and fails	0.000823974609375	0.000823974609375	10.245112419128418	10.245112419128418
1366	gpt2	1367	684	7	fall	vp_coord	unexpected	The teacher impugns and fall	4.891203388979193e-06	4.891203388979193e-06	17.64137840270996	17.64137840270996
1367	gpt2	1368	684	7	fall	vp_coord	expected	The teacher impugns and falls	0.0001596080692252	0.0001596080692252	12.613178253173828	12.613178253173828
1368	gpt2	1369	685	7	falsify	vp_coord	unexpected	The teacher impugns and falsify	0.0034882408508564496	0.0034882408508564496	9.078919172286987	9.078919172286987
1369	gpt2	1370	685	7	falsify	vp_coord	expected	The teacher impugns and falsifies	0.4788084529282059	0.4788084529282059	5.471870761364699	5.471870761364699
1370	gpt2	1371	686	7	familiarize	vp_coord	unexpected	The teacher impugns and familiarize	0.029376714043110014	0.029376714043110014	10.954528093338013	10.954528093338013
1371	gpt2	1372	686	7	familiarize	vp_coord	expected	The teacher impugns and familiarizes	0.33047221649417224	0.33047221649417224	9.208587735891342	9.208587735891342
1372	gpt2	1373	687	8	fantasize	vp_coord	unexpected	The author loots and fantasize	0.0023294500924748536	0.0023294500924748536	11.385444402694702	11.385444402694702
1373	gpt2	1374	687	8	fantasize	vp_coord	expected	The author loots and fantasizes	0.45921937980801886	0.45921937980801886	7.569253787398339	7.569253787398339
1374	gpt2	1375	688	8	fare	vp_coord	unexpected	The author loots and fare	4.286059507307982e-08	4.286059507307982e-08	24.475772857666016	24.475772857666016
1375	gpt2	1376	688	8	fare	vp_coord	expected	The author loots and fares	1.123935476243787e-06	1.123935476243787e-06	19.76301002502441	19.76301002502441
1376	gpt2	1377	689	8	farm	vp_coord	unexpected	The author loots and farm	9.121828952629585e-06	9.121828952629585e-06	16.742244720458984	16.742244720458984
1377	gpt2	1378	689	8	farm	vp_coord	expected	The author loots and farms	8.840745431371033e-05	8.840745431371033e-05	13.465472221374512	13.465472221374512
1378	gpt2	1379	690	8	fashion	vp_coord	unexpected	The author loots and fashion	1.6096386389108375e-05	1.6096386389108375e-05	15.922904014587402	15.922904014587402
1379	gpt2	1380	690	8	fashion	vp_coord	expected	The author loots and fashions	0.33964643441140646	0.33964643441140646	4.3210152657702565	4.3210152657702565
1380	gpt2	1381	691	8	favor	vp_coord	unexpected	The author loots and favor	5.469188977258455e-07	5.469188977258455e-07	20.802169799804688	20.802169799804688
1381	gpt2	1382	691	8	favor	vp_coord	expected	The author loots and favors	2.5874885977827944e-05	2.5874885977827944e-05	15.23808765411377	15.23808765411377
1382	gpt2	1383	692	8	fear	vp_coord	unexpected	The author loots and fear	2.864273028535536e-06	2.864273028535536e-06	18.41339874267578	18.41339874267578
1383	gpt2	1384	692	8	fear	vp_coord	expected	The author loots and fears	3.089125675614923e-05	3.089125675614923e-05	14.982441902160645	14.982441902160645
1384	gpt2	1385	693	8	feature	vp_coord	unexpected	The author loots and feature	2.44328674625649e-07	2.44328674625649e-07	21.96467399597168	21.96467399597168
1385	gpt2	1386	693	8	feature	vp_coord	expected	The author loots and features	0.0001114620172302	0.0001114620172302	13.131159782409668	13.131159782409668
1386	gpt2	1387	694	8	feed	vp_coord	unexpected	The author loots and feed	3.421307337703183e-05	3.421307337703183e-05	14.835092544555664	14.835092544555664
1387	gpt2	1388	694	8	feed	vp_coord	expected	The author loots and feeds	0.0034265352878719	0.0034265352878719	8.189033508300781	8.189033508300781
1388	gpt2	1389	695	8	feel	vp_coord	unexpected	The author loots and feel	7.105550594133092e-06	7.105550594133092e-06	17.102622985839844	17.102622985839844
1389	gpt2	1390	695	8	feel	vp_coord	expected	The author loots and feels	0.0004616801161319	0.0004616801161319	11.080819129943848	11.080819129943848
1390	gpt2	1391	696	8	fend	vp_coord	unexpected	The author loots and fend	8.534613016308867e-07	8.534613016308867e-07	20.160171508789062	20.160171508789062
1391	gpt2	1392	696	8	fend	vp_coord	expected	The author loots and fends	0.01031773258000605	0.01031773258000605	6.799382209777832	6.799382209777832
1392	gpt2	1393	697	8	ferret	vp_coord	unexpected	The author loots and ferret	0.06589302157590281	0.06589302157590281	8.088786244392395	8.088786244392395
1393	gpt2	1394	697	8	ferret	vp_coord	expected	The author loots and ferrets	0.15255745982358343	0.15255745982358343	7.482889890670776	7.482889890670776
1394	gpt2	1395	698	8	ferry	vp_coord	unexpected	The author loots and ferry	4.031052412756253e-06	4.031052412756253e-06	17.920412063598633	17.920412063598633
1395	gpt2	1396	698	8	ferry	vp_coord	expected	The author loots and ferries	0.08870988821217905	0.08870988821217905	7.8741573095321655	7.8741573095321655
1396	gpt2	1397	699	8	fester	vp_coord	unexpected	The author loots and fester	0.0027009863915736	0.0027009863915736	10.056271314620972	10.056271314620972
1397	gpt2	1398	699	8	fester	vp_coord	expected	The author loots and festers	0.0028431366226868	0.0028431366226868	9.343349695205688	9.343349695205688
1398	gpt2	1399	700	8	fetch	vp_coord	unexpected	The author loots and fetch	1.5366545994766057e-05	1.5366545994766057e-05	15.98984718322754	15.98984718322754
1399	gpt2	1400	700	8	fetch	vp_coord	expected	The author loots and fetches	0.49109192866308155	0.49109192866308155	5.993396427482366	5.993396427482366
1400	gpt2	1401	701	8	field	vp_coord	unexpected	The author loots and field	1.2483480531955138e-05	1.2483480531955138e-05	16.28961944580078	16.28961944580078
1401	gpt2	1402	701	8	field	vp_coord	expected	The author loots and fields	0.0001076369662769	0.0001076369662769	13.181538581848145	13.181538581848145
1402	gpt2	1403	702	8	fight	vp_coord	unexpected	The author loots and fight	1.36735470732674e-05	1.36735470732674e-05	16.158252716064453	16.158252716064453
1403	gpt2	1404	702	8	fight	vp_coord	expected	The author loots and fights	0.001504166284576	0.001504166284576	9.37682056427002	9.37682056427002
1404	gpt2	1405	703	8	figure	vp_coord	unexpected	The author loots and figure	1.886277345874987e-06	1.886277345874987e-06	19.016027450561523	19.016027450561523
1405	gpt2	1406	703	8	figure	vp_coord	expected	The author loots and figures	0.0001268021878786	0.0001268021878786	12.9451322555542	12.9451322555542
1406	gpt2	1407	704	8	file	vp_coord	unexpected	The author loots and file	3.855477189063095e-06	3.855477189063095e-06	17.98465919494629	17.98465919494629
1407	gpt2	1408	704	8	file	vp_coord	expected	The author loots and files	7.976291090017185e-05	7.976291090017185e-05	13.613922119140623	13.613922119140623
1408	gpt2	1409	705	8	fill	vp_coord	unexpected	The author loots and fill	7.499462299165316e-06	7.499462299165316e-06	17.024782180786133	17.024782180786133
1409	gpt2	1410	705	8	fill	vp_coord	expected	The author loots and fills	0.0009308494045399	0.0009308494045399	10.069164276123049	10.069164276123049
1410	gpt2	1411	706	8	finance	vp_coord	unexpected	The author loots and finance	5.030732381783309e-07	5.030732381783309e-07	20.922727584838867	20.922727584838867
1411	gpt2	1412	706	8	finance	vp_coord	expected	The author loots and finances	7.91762795415707e-06	7.91762795415707e-06	16.946500778198242	16.946500778198242
1412	gpt2	1413	707	8	find	vp_coord	unexpected	The author loots and find	1.4107914466876537e-05	1.4107914466876537e-05	16.113136291503906	16.113136291503906
1413	gpt2	1414	707	8	find	vp_coord	expected	The author loots and finds	0.0021176731679588	0.0021176731679588	8.883304595947266	8.883304595947266
1414	gpt2	1415	708	8	fine-tune	vp_coord	unexpected	The author loots and fine-tune	0.28882035237256787	0.28882035237256787	8.272236108779907	8.272236108779907
1415	gpt2	1416	708	8	fine-tune	vp_coord	expected	The author loots and fine-tunines	0.28882035237256787	0.28882035237256787	8.272236108779907	8.272236108779907
1416	gpt2	1417	709	8	fine	vp_coord	unexpected	The author loots and fine	1.81122959475033e-05	1.81122959475033e-05	15.752671241760254	15.752671241760254
1417	gpt2	1418	709	8	fine	vp_coord	expected	The author loots and fines	2.814901336023468e-06	2.814901336023468e-06	18.43848419189453	18.43848419189453
1418	gpt2	1419	710	8	finger	vp_coord	unexpected	The author loots and finger	2.9053542675683275e-05	2.9053542675683275e-05	15.070926666259766	15.070926666259766
1419	gpt2	1420	710	8	finger	vp_coord	expected	The author loots and fingers	0.0002514327934477	0.0002514327934477	11.957539558410645	11.957539558410645
1420	gpt2	1421	711	8	finish	vp_coord	unexpected	The author loots and finish	7.206991995190037e-06	7.206991995190037e-06	17.082170486450195	17.082170486450195
1421	gpt2	1422	711	8	finish	vp_coord	expected	The author loots and finishes	0.0009609474800527	0.0009609474800527	10.02325439453125	10.02325439453125
1422	gpt2	1423	712	8	fire	vp_coord	unexpected	The author loots and fire	3.474760887911543e-05	3.474760887911543e-05	14.812726974487305	14.812726974487305
1423	gpt2	1424	712	8	fire	vp_coord	expected	The author loots and fires	0.00100555177778	0.00100555177778	9.957797050476074	9.957797050476074
1424	gpt2	1425	713	8	firm	vp_coord	unexpected	The author loots and firm	7.555629508715356e-06	7.555629508715356e-06	17.01401710510254	17.01401710510254
1425	gpt2	1426	713	8	firm	vp_coord	expected	The author loots and firms	2.037950025624013e-06	2.037950025624013e-06	18.904449462890625	18.904449462890625
1426	gpt2	1427	714	8	fit	vp_coord	unexpected	The author loots and fit	4.607647497323342e-06	4.607647497323342e-06	17.7275390625	17.7275390625
1427	gpt2	1428	714	8	fit	vp_coord	expected	The author loots and fits	9.794477227842437e-05	9.794477227842437e-05	13.317671775817873	13.317671775817873
1428	gpt2	1429	715	8	fix	vp_coord	unexpected	The author loots and fix	1.949982288351748e-05	1.949982288351748e-05	15.64617919921875	15.64617919921875
1429	gpt2	1430	715	8	fix	vp_coord	expected	The author loots and fixes	0.0005375477485358	0.0005375477485358	10.861319541931152	10.861319541931152
1430	gpt2	1431	716	8	flash	vp_coord	unexpected	The author loots and flash	1.6652507838443853e-05	1.6652507838443853e-05	15.8739013671875	15.8739013671875
1431	gpt2	1432	716	8	flash	vp_coord	expected	The author loots and flashes	0.0002742971119005	0.0002742971119005	11.8319730758667	11.8319730758667
1432	gpt2	1433	717	8	flatten	vp_coord	unexpected	The author loots and flatten	0.0044773522095055505	0.0044773522095055505	9.971804857254028	9.971804857254028
1433	gpt2	1434	717	8	flatten	vp_coord	expected	The author loots and flattens	0.49397851696994616	0.49397851696994616	6.569966127164661	6.569966127164661
1434	gpt2	1435	718	8	flaunt	vp_coord	unexpected	The author loots and flaunt	0.00047337748401325	0.00047337748401325	11.448830604553223	11.448830604553223
1435	gpt2	1436	718	8	flaunt	vp_coord	expected	The author loots and flaunts	0.004402081365697	0.004402081365697	8.640004634857178	8.640004634857178
1436	gpt2	1437	719	8	flay	vp_coord	unexpected	The author loots and flay	0.0005386721750255	0.0005386721750255	11.025065422058105	11.025065422058105
1437	gpt2	1438	719	8	flay	vp_coord	expected	The author loots and flays	0.00650409550871695	0.00650409550871695	8.336005449295044	8.336005449295044
1438	gpt2	1439	720	8	flee	vp_coord	unexpected	The author loots and flee	1.5292447415049535e-06	1.5292447415049535e-06	19.318748474121094	19.318748474121094
1439	gpt2	1440	720	8	flee	vp_coord	expected	The author loots and flees	0.46934811573009944	0.46934811573009944	4.73298729583621	4.73298729583621
1440	gpt2	1441	721	8	flinch	vp_coord	unexpected	The author loots and flinch	0.0005379149952204	0.0005379149952204	11.028791427612305	11.028791427612305
1441	gpt2	1442	721	8	flinch	vp_coord	expected	The author loots and flinches	0.012718089274130701	0.012718089274130701	7.830035209655762	7.830035209655762
1442	gpt2	1443	722	8	flip	vp_coord	unexpected	The author loots and flip	8.493143468513153e-06	8.493143468513153e-06	16.84527015686035	16.84527015686035
1443	gpt2	1444	722	8	flip	vp_coord	expected	The author loots and flips	0.0005416274070739	0.0005416274070739	10.850411415100098	10.850411415100098
1444	gpt2	1445	723	8	float	vp_coord	unexpected	The author loots and float	1.5918744793452788e-06	1.5918744793452788e-06	19.260841369628903	19.260841369628903
1445	gpt2	1446	723	8	float	vp_coord	expected	The author loots and floats	7.463819929398596e-05	7.463819929398596e-05	13.709726333618164	13.709726333618164
1446	gpt2	1447	724	8	flood	vp_coord	unexpected	The author loots and flood	2.043991571554216e-06	2.043991571554216e-06	18.90017890930176	18.90017890930176
1447	gpt2	1448	724	8	flood	vp_coord	expected	The author loots and floods	9.94454458123073e-05	9.94454458123073e-05	13.295735359191896	13.295735359191896
1448	gpt2	1449	725	8	flounder	vp_coord	unexpected	The author loots and flounder	0.023878342792158863	0.023878342792158863	8.518351078033447	8.518351078033447
1449	gpt2	1450	725	8	flounder	vp_coord	expected	The author loots and flounders	0.3095382942604677	0.3095382942604677	7.279045018057029	7.279045018057029
1450	gpt2	1451	726	8	flourish	vp_coord	unexpected	The author loots and flourish	1.002356668777793e-07	1.002356668777793e-07	23.25010108947754	23.25010108947754
1451	gpt2	1452	726	8	flourish	vp_coord	expected	The author loots and flourishes	0.4952370973514917	0.4952370973514917	6.895252846181393	6.895252846181393
1452	gpt2	1453	727	8	flow	vp_coord	unexpected	The author loots and flow	5.008596417610534e-07	5.008596417610534e-07	20.92909049987793	20.92909049987793
1453	gpt2	1454	727	8	flow	vp_coord	expected	The author loots and flows	5.175601472728886e-05	5.175601472728886e-05	14.237914085388184	14.237914085388184
1454	gpt2	1455	728	8	fluctuate	vp_coord	unexpected	The author loots and fluctuate	0.0012729515862303995	0.0012729515862303995	15.229660034179688	15.229660034179688
1455	gpt2	1456	728	8	fluctuate	vp_coord	expected	The author loots and fluctuates	0.4899586875532407	0.4899586875532407	10.935415311716497	10.935415311716497
1456	gpt2	1457	729	8	flush	vp_coord	unexpected	The author loots and flush	1.0827234291355126e-05	1.0827234291355126e-05	16.494976043701172	16.494976043701172
1457	gpt2	1458	729	8	flush	vp_coord	expected	The author loots and flushes	0.13652936404105268	0.13652936404105268	6.097413182258606	6.097413182258606
1458	gpt2	1459	730	8	fly	vp_coord	unexpected	The author loots and fly	8.21514731796924e-06	8.21514731796924e-06	16.893281936645508	16.893281936645508
1459	gpt2	1460	730	8	fly	vp_coord	expected	The author loots and flies	0.0005889635649509	0.0005889635649509	10.729534149169922	10.729534149169922
1460	gpt2	1461	731	8	focus	vp_coord	unexpected	The author loots and focus	2.8182105324958684e-06	2.8182105324958684e-06	18.43678855895996	18.43678855895996
1461	gpt2	1462	731	8	focus	vp_coord	expected	The author loots and focuses	0.0003752888587769	0.0003752888587769	11.379711151123049	11.379711151123049
1462	gpt2	1463	732	8	fog	vp_coord	unexpected	The author loots and fog	5.965559921605745e-06	5.965559921605745e-06	17.35491180419922	17.35491180419922
1463	gpt2	1464	732	8	fog	vp_coord	expected	The author loots and fogs	0.0034103397047146504	0.0034103397047146504	8.43863844871521	8.43863844871521
1464	gpt2	1465	733	8	foil	vp_coord	unexpected	The author loots and foil	1.5488418512177304e-06	1.5488418512177304e-06	19.30037879943848	19.30037879943848
1465	gpt2	1466	733	8	foil	vp_coord	expected	The author loots and foils	0.15801634505260154	0.15801634505260154	7.675677299499512	7.675677299499512
1466	gpt2	1467	734	8	fold	vp_coord	unexpected	The author loots and fold	9.763994967215694e-06	9.763994967215694e-06	16.64409637451172	16.64409637451172
1467	gpt2	1468	734	8	fold	vp_coord	expected	The author loots and folds	0.0005852681351825	0.0005852681351825	10.738615036010742	10.738615036010742
1468	gpt2	1469	735	8	follow	vp_coord	unexpected	The author loots and follow	5.162131401448278e-06	5.162131401448278e-06	17.563602447509766	17.563602447509766
1469	gpt2	1470	735	8	follow	vp_coord	expected	The author loots and follows	0.0006426098989322	0.0006426098989322	10.603769302368164	10.603769302368164
1470	gpt2	1471	736	8	fool	vp_coord	unexpected	The author loots and fool	3.41949203175318e-06	3.41949203175318e-06	18.157787322998047	18.157787322998047
1471	gpt2	1472	736	8	fool	vp_coord	expected	The author loots and fools	2.101111022057012e-05	2.101111022057012e-05	15.538488388061523	15.538488388061523
1472	gpt2	1473	737	8	foot	vp_coord	unexpected	The author loots and foot	8.11151312518632e-06	8.11151312518632e-06	16.911598205566406	16.911598205566406
1473	gpt2	1474	737	8	foot	vp_coord	expected	The author loots and foots	0.05627404417418799	0.05627404417418799	10.03154444694519	10.03154444694519
1474	gpt2	1475	738	8	force	vp_coord	unexpected	The author loots and force	7.658820322831161e-06	7.658820322831161e-06	16.99444580078125	16.99444580078125
1475	gpt2	1476	738	8	force	vp_coord	expected	The author loots and forces	0.0002255119034089	0.0002255119034089	12.114508628845217	12.114508628845217
1476	gpt2	1477	739	8	forecast	vp_coord	unexpected	The author loots and forecast	1.2656664694077338e-07	1.2656664694077338e-07	22.913599014282227	22.913599014282227
1477	gpt2	1478	739	8	forecast	vp_coord	expected	The author loots and forecasts	1.8186990473623157e-06	1.8186990473623157e-06	19.068660736083984	19.068660736083984
1478	gpt2	1479	740	8	foresee	vp_coord	unexpected	The author loots and foresee	1.004707215201961e-07	1.004707215201961e-07	23.246721267700195	23.246721267700195
1479	gpt2	1480	740	8	foresee	vp_coord	expected	The author loots and foresees	0.4933635816147823	0.4933635816147823	4.963053539395332	4.963053539395332
1480	gpt2	1481	741	8	forfeit	vp_coord	unexpected	The author loots and forfeit	6.592673003069649e-07	6.592673003069649e-07	20.53263282775879	20.53263282775879
1481	gpt2	1482	741	8	forfeit	vp_coord	expected	The author loots and forfeits	0.4867196259392586	0.4867196259392586	7.746775750070811	7.746775750070811
1482	gpt2	1483	742	8	forget	vp_coord	unexpected	The author loots and forget	1.7805659808800556e-05	1.7805659808800556e-05	15.777304649353027	15.777304649353027
1483	gpt2	1484	742	8	forget	vp_coord	expected	The author loots and forgets	0.4980003712989856	0.4980003712989856	5.203668251167983	5.203668251167983
1484	gpt2	1485	743	8	forge	vp_coord	unexpected	The author loots and forge	5.4078868743090425e-06	5.4078868743090425e-06	17.496503829956055	17.496503829956055
1485	gpt2	1486	743	8	forge	vp_coord	expected	The author loots and forges	0.1828752915607765	0.1828752915607765	6.172960758209228	6.172960758209228
1486	gpt2	1487	744	8	forgive	vp_coord	unexpected	The author loots and forgive	1.8219488993054256e-06	1.8219488993054256e-06	19.066085815429688	19.066085815429688
1487	gpt2	1488	744	8	forgive	vp_coord	expected	The author loots and forgives	0.00138255735510025	0.00138255735510025	9.674077987670898	9.674077987670898
1488	gpt2	1489	745	8	forgo	vp_coord	unexpected	The author loots and forgo	0.0410155105637386	0.0410155105637386	7.25487196445465	7.25487196445465
1489	gpt2	1490	745	8	forgo	vp_coord	expected	The author loots and forgoes	0.2811920078626523	0.2811920078626523	4.96758089462916	4.96758089462916
1490	gpt2	1491	746	8	formulate	vp_coord	unexpected	The author loots and formulate	3.717333640906873e-07	3.717333640906873e-07	21.359228134155277	21.359228134155277
1491	gpt2	1492	746	8	formulate	vp_coord	expected	The author loots and formulates	0.25215698219017213	0.25215698219017213	8.288474470376968	8.288474470376968
1492	gpt2	1493	747	8	form	vp_coord	unexpected	The author loots and form	2.028418930422049e-05	2.028418930422049e-05	15.589284896850586	15.589284896850586
1493	gpt2	1494	747	8	form	vp_coord	expected	The author loots and forms	0.0005105967866256	0.0005105967866256	10.935527801513672	10.935527801513672
1494	gpt2	1495	748	8	foster	vp_coord	unexpected	The author loots and foster	9.40510119562532e-07	9.40510119562532e-07	20.02005386352539	20.02005386352539
1495	gpt2	1496	748	8	foster	vp_coord	expected	The author loots and fosters	0.4990339846490315	0.4990339846490315	7.716666630352848	7.716666630352848
1496	gpt2	1497	749	8	frame	vp_coord	unexpected	The author loots and frame	2.4629489416838624e-06	2.4629489416838624e-06	18.631181716918945	18.631181716918945
1497	gpt2	1498	749	8	frame	vp_coord	expected	The author loots and frames	3.109793033218011e-05	3.109793033218011e-05	14.972822189331056	14.972822189331056
1498	gpt2	1499	750	8	franchise	vp_coord	unexpected	The author loots and franchise	5.293645131132507e-07	5.293645131132507e-07	20.84923553466797	20.84923553466797
1499	gpt2	1500	750	8	franchise	vp_coord	expected	The author loots and franchises	1.8566933022157173e-06	1.8566933022157173e-06	19.038833618164062	19.038833618164062
1500	gpt2	1501	751	8	free	vp_coord	unexpected	The author loots and free	8.895344944903627e-05	8.895344944903627e-05	13.456589698791504	13.456589698791504
1501	gpt2	1502	751	8	free	vp_coord	expected	The author loots and frees	0.40571863547665993	0.40571863547665993	5.479240730404854	5.479240730404854
1502	gpt2	1503	752	8	freeze	vp_coord	unexpected	The author loots and freeze	5.79487004870316e-06	5.79487004870316e-06	17.396791458129883	17.396791458129883
1503	gpt2	1504	752	8	freeze	vp_coord	expected	The author loots and freezes	0.0002649527450557	0.0002649527450557	11.881977081298828	11.881977081298828
1504	gpt2	1505	753	8	freight	vp_coord	unexpected	The author loots and freight	4.833801767745172e-07	4.833801767745172e-07	20.98033905029297	20.98033905029297
1505	gpt2	1506	753	8	freight	vp_coord	expected	The author loots and freights	0.0003192120930179487	0.0003192120930179487	13.18384313583374	13.18384313583374
1506	gpt2	1507	754	8	fret	vp_coord	unexpected	The author loots and fret	2.787460744002601e-06	2.787460744002601e-06	18.452617645263672	18.452617645263672
1507	gpt2	1508	754	8	fret	vp_coord	expected	The author loots and frets	0.04642709315521635	0.04642709315521635	7.047240853309631	7.047240853309631
1508	gpt2	1509	755	8	frighten	vp_coord	unexpected	The author loots and frighten	0.006039237743607346	0.006039237743607346	10.645876169204712	10.645876169204712
1509	gpt2	1510	755	8	frighten	vp_coord	expected	The author loots and frightens	0.484388337144992	0.484388337144992	7.481139427050948	7.481139427050948
1510	gpt2	1511	756	8	frolic	vp_coord	unexpected	The author loots and frolic	0.14810463111643904	0.14810463111643904	7.3008071184158325	7.3008071184158325
1511	gpt2	1512	756	8	frolic	vp_coord	expected	The author loots and frolics	0.4121715778843887	0.4121715778843887	4.896804275612037	4.896804275612037
1512	gpt2	1513	757	8	frustrate	vp_coord	unexpected	The author loots and frustrate	0.007136087124990799	0.007136087124990799	11.843156814575195	11.843156814575195
1513	gpt2	1514	757	8	frustrate	vp_coord	expected	The author loots and frustrates	0.49212977635284005	0.49212977635284005	8.789017263799906	8.789017263799906
1514	gpt2	1515	758	8	fudge	vp_coord	unexpected	The author loots and fudge	0.00279699356178745	0.00279699356178745	9.507737398147583	9.507737398147583
1515	gpt2	1516	758	8	fudge	vp_coord	expected	The author loots and fudges	0.3306951303966343	0.3306951303966343	5.820923242717981	5.820923242717981
1516	gpt2	1517	759	8	fuel	vp_coord	unexpected	The author loots and fuel	1.4272192174757947e-06	1.4272192174757947e-06	19.41836166381836	19.41836166381836
1517	gpt2	1518	759	8	fuel	vp_coord	expected	The author loots and fuels	2.413258516753558e-05	2.413258516753558e-05	15.338658332824709	15.338658332824709
1518	gpt2	1519	760	8	fulfill	vp_coord	unexpected	The author loots and fulfill	1.9172311738202555e-07	1.9172311738202555e-07	22.314472198486328	22.314472198486328
1519	gpt2	1520	760	8	fulfill	vp_coord	expected	The author loots and fulfills	0.46760553048807196	0.46760553048807196	7.3784498162567616	7.3784498162567616
1520	gpt2	1521	761	8	function	vp_coord	unexpected	The author loots and function	2.353194531679037e-06	2.353194531679037e-06	18.69694709777832	18.69694709777832
1521	gpt2	1522	761	8	function	vp_coord	expected	The author loots and functions	7.022798672551289e-05	7.022798672551289e-05	13.79759407043457	13.79759407043457
1522	gpt2	1523	762	8	fund	vp_coord	unexpected	The author loots and fund	5.508006211130123e-07	5.508006211130123e-07	20.79196548461914	20.79196548461914
1523	gpt2	1524	762	8	fund	vp_coord	expected	The author loots and funds	3.443881723796949e-05	3.443881723796949e-05	14.825604438781738	14.825604438781738
1524	gpt2	1525	763	8	funnel	vp_coord	unexpected	The author loots and funnel	2.9567734145530267e-06	2.9567734145530267e-06	18.367544174194336	18.367544174194336
1525	gpt2	1526	763	8	funnel	vp_coord	expected	The author loots and funnels	0.2612462454708293	0.2612462454708293	7.916163474321365	7.916163474321365
1526	gpt2	1527	764	8	furnish	vp_coord	unexpected	The author loots and furnish	5.421826472229441e-07	5.421826472229441e-07	20.81471824645996	20.81471824645996
1527	gpt2	1528	764	8	furnish	vp_coord	expected	The author loots and furnishes	0.4813193217487424	0.4813193217487424	8.38268607109785	8.38268607109785
1528	gpt2	1529	765	8	further	vp_coord	unexpected	The author loots and further	0.0001389179524267	0.0001389179524267	12.81347942352295	12.81347942352295
1529	gpt2	1530	765	8	further	vp_coord	expected	The author loots and furthers	0.0288591450153035	0.0288591450153035	8.46589183807373	8.46589183807373
1530	gpt2	1531	766	8	gain	vp_coord	unexpected	The author loots and gain	2.055046707027941e-06	2.055046707027941e-06	18.892396926879883	18.892396926879883
1531	gpt2	1532	766	8	gain	vp_coord	expected	The author loots and gains	0.000299958337564	0.000299958337564	11.702950477600098	11.702950477600098
1532	gpt2	1533	767	8	galvanize	vp_coord	unexpected	The author loots and galvanize	0.001992079876117674	0.001992079876117674	13.957980632781984	13.957980632781984
1533	gpt2	1534	767	8	galvanize	vp_coord	expected	The author loots and galvanizes	0.44880281782684506	0.44880281782684506	10.049970850348474	10.049970850348474
1534	gpt2	1535	768	8	gamble	vp_coord	unexpected	The author loots and gamble	7.020357628562125e-08	7.020357628562125e-08	23.763879776000977	23.763879776000977
1535	gpt2	1536	768	8	gamble	vp_coord	expected	The author loots and gambles	0.4703294723567523	0.4703294723567523	7.955935578793287	7.955935578793287
1536	gpt2	1537	769	8	garden	vp_coord	unexpected	The author loots and garden	1.6312364095938392e-05	1.6312364095938392e-05	15.903674125671388	15.903674125671388
1537	gpt2	1538	769	8	garden	vp_coord	expected	The author loots and gardens	3.795806696871296e-05	3.795806696871296e-05	14.68523406982422	14.68523406982422
1538	gpt2	1539	770	8	garner	vp_coord	unexpected	The author loots and garner	4.468455756523327e-07	4.468455756523327e-07	21.093719482421875	21.093719482421875
1539	gpt2	1540	770	8	garner	vp_coord	expected	The author loots and garners	0.054324591779732104	0.054324591779732104	7.8673462867736825	7.8673462867736825
1540	gpt2	1541	771	8	gasp	vp_coord	unexpected	The author loots and gasp	7.922366762613819e-07	7.922366762613819e-07	20.26756477355957	20.26756477355957
1541	gpt2	1542	771	8	gasp	vp_coord	expected	The author loots and gasps	0.4063913622667314	0.4063913622667314	6.610124319791795	6.610124319791795
1542	gpt2	1543	772	8	gather	vp_coord	unexpected	The author loots and gather	2.848669055310893e-06	2.848669055310893e-06	18.42127990722656	18.42127990722656
1543	gpt2	1544	772	8	gather	vp_coord	expected	The author loots and gathers	0.0003784401051234	0.0003784401051234	11.367647171020508	11.367647171020508
1544	gpt2	1545	773	8	gauge	vp_coord	unexpected	The author loots and gauge	4.946641496417215e-08	4.946641496417215e-08	24.26897621154785	24.26897621154785
1545	gpt2	1546	773	8	gauge	vp_coord	expected	The author loots and gauges	0.37926938178361524	0.37926938178361524	9.041277959942818	9.041277959942818
1546	gpt2	1547	774	8	gender	vp_coord	unexpected	The author loots and gender	3.6011924748891037e-06	3.6011924748891037e-06	18.08309364318848	18.08309364318848
1547	gpt2	1548	774	8	gender	vp_coord	expected	The author loots and genders	1.8558293959358707e-06	1.8558293959358707e-06	19.03950500488281	19.03950500488281
1548	gpt2	1549	775	8	generalize	vp_coord	unexpected	The author loots and generalize	0.012375646230793784	0.012375646230793784	9.545755863189697	9.545755863189697
1549	gpt2	1550	775	8	generalize	vp_coord	expected	The author loots and generalizes	0.3982911100210913	0.3982911100210913	7.0395806431770325	7.0395806431770325
1550	gpt2	1551	776	8	generate	vp_coord	unexpected	The author loots and generate	2.55935105997196e-07	2.55935105997196e-07	21.89771842956543	21.89771842956543
1551	gpt2	1552	776	8	generate	vp_coord	expected	The author loots and generates	3.878979259752669e-05	3.878979259752669e-05	14.653963088989258	14.653963088989258
1552	gpt2	1553	777	8	get	vp_coord	unexpected	The author loots and get	3.4431726817274466e-05	3.4431726817274466e-05	14.825901985168455	14.825901985168455
1553	gpt2	1554	777	8	get	vp_coord	expected	The author loots and gets	0.002822873648256	0.002822873648256	8.468619346618652	8.468619346618652
1554	gpt2	1555	778	8	give	vp_coord	unexpected	The author loots and give	2.8092064894735813e-05	2.8092064894735813e-05	15.119477272033691	15.119477272033691
1555	gpt2	1556	778	8	give	vp_coord	expected	The author loots and gives	0.0033662901259958	0.0033662901259958	8.214624404907227	8.214624404907227
1556	gpt2	1557	779	8	glamorize	vp_coord	unexpected	The author loots and glamorize	0.3546627036821519	0.3546627036821519	6.785036285718282	6.785036285718282
1557	gpt2	1558	779	8	glamorize	vp_coord	expected	The author loots and glamorizes	0.3643406204473649	0.3643406204473649	6.748486081759135	6.748486081759135
1558	gpt2	1559	780	8	glaze	vp_coord	unexpected	The author loots and glaze	0.00095355510711665	0.00095355510711665	10.144652843475342	10.144652843475342
1559	gpt2	1560	780	8	glaze	vp_coord	expected	The author loots and glazes	0.0103042661794461	0.0103042661794461	8.179372549057007	8.179372549057007
1560	gpt2	1561	781	8	glean	vp_coord	unexpected	The author loots and glean	6.066118203307269e-06	6.066118203307269e-06	17.330795288085938	17.330795288085938
1561	gpt2	1562	781	8	glean	vp_coord	expected	The author loots and gleans	0.007888630614615949	0.007888630614615949	7.559525728225708	7.559525728225708
1562	gpt2	1563	782	8	glide	vp_coord	unexpected	The author loots and glide	5.278641879158386e-07	5.278641879158386e-07	20.853330612182617	20.853330612182617
1563	gpt2	1564	782	8	glide	vp_coord	expected	The author loots and glides	0.055577375518623705	0.055577375518623705	6.946496367454529	6.946496367454529
1564	gpt2	1565	783	8	gloat	vp_coord	unexpected	The author loots and gloat	0.00462457450339565	0.00462457450339565	8.784107446670532	8.784107446670532
1565	gpt2	1566	783	8	gloat	vp_coord	expected	The author loots and gloats	0.40192184880531084	0.40192184880531084	4.2917264712353544	4.2917264712353544
1566	gpt2	1567	784	8	gloss	vp_coord	unexpected	The author loots and gloss	9.187762771034612e-06	9.187762771034612e-06	16.731855392456055	16.731855392456055
1567	gpt2	1568	784	8	gloss	vp_coord	expected	The author loots and glosses	0.4952420933568647	0.4952420933568647	8.37283147405833	8.37283147405833
1568	gpt2	1569	785	9	glut	vp_coord	unexpected	The senator recoups and glut	2.0473247275276665e-07	2.0473247275276665e-07	22.219757080078125	22.219757080078125
1569	gpt2	1570	785	9	glut	vp_coord	expected	The senator recoups and gluts	0.0010464888982823757	0.0010464888982823757	11.246423244476318	11.246423244476318
1570	gpt2	1571	786	9	gon	vp_coord	unexpected	The senator recoups and gon	3.2448679121444e-07	3.2448679121444e-07	21.55533599853516	21.55533599853516
1571	gpt2	1572	786	9	gon	vp_coord	expected	The senator recoups and gons	0.00016097359548438713	0.00016097359548438713	12.824894905090332	12.824894905090332
1572	gpt2	1573	787	9	gore	vp_coord	unexpected	The senator recoups and gore	4.292047961484968e-08	4.292047961484968e-08	24.47375869750977	24.47375869750977
1573	gpt2	1574	787	9	gore	vp_coord	expected	The senator recoups and gores	0.00599537207745015	0.00599537207745015	9.205796957015991	9.205796957015991
1574	gpt2	1575	788	9	go	vp_coord	unexpected	The senator recoups and go	3.2259140425594524e-05	3.2259140425594524e-05	14.91993236541748	14.91993236541748
1575	gpt2	1576	788	9	go	vp_coord	expected	The senator recoups and goes	0.0076855639927089	0.0076855639927089	7.023633003234863	7.023633003234863
1576	gpt2	1577	789	9	govern	vp_coord	unexpected	The senator recoups and govern	1.7424935094823013e-07	1.7424935094823013e-07	22.452342987060547	22.452342987060547
1577	gpt2	1578	789	9	govern	vp_coord	expected	The senator recoups and governs	7.406388704112032e-06	7.406388704112032e-06	17.04279899597168	17.04279899597168
1578	gpt2	1579	790	9	grab	vp_coord	unexpected	The senator recoups and grab	6.067486424399249e-07	6.067486424399249e-07	20.65239715576172	20.65239715576172
1579	gpt2	1580	790	9	grab	vp_coord	expected	The senator recoups and grabs	9.828920883592218e-05	9.828920883592218e-05	13.312607765197754	13.312607765197754
1580	gpt2	1581	791	9	grace	vp_coord	unexpected	The senator recoups and grace	2.1140409444342367e-05	2.1140409444342367e-05	15.529637336730955	15.529637336730955
1581	gpt2	1582	791	9	grace	vp_coord	expected	The senator recoups and graces	0.0292545446354779	0.0292545446354779	8.354788780212402	8.354788780212402
1582	gpt2	1583	792	9	grant	vp_coord	unexpected	The senator recoups and grant	2.823205932145356e-06	2.823205932145356e-06	18.434234619140625	18.434234619140625
1583	gpt2	1584	792	9	grant	vp_coord	expected	The senator recoups and grants	0.0007603761041536	0.0007603761041536	10.36099910736084	10.36099910736084
1584	gpt2	1585	793	9	grapple	vp_coord	unexpected	The senator recoups and grapple	6.3410098505301e-08	6.3410098505301e-08	23.91071128845215	23.91071128845215
1585	gpt2	1586	793	9	grapple	vp_coord	expected	The senator recoups and grapples	0.49047915020173605	0.49047915020173605	8.278880062513053	8.278880062513053
1586	gpt2	1587	794	9	grasp	vp_coord	unexpected	The senator recoups and grasp	1.055747489431269e-07	1.055747489431269e-07	23.17523193359375	23.17523193359375
1587	gpt2	1588	794	9	grasp	vp_coord	expected	The senator recoups and grasps	0.3672094345820369	0.3672094345820369	5.303514713062517	5.303514713062517
1588	gpt2	1589	795	9	grimace	vp_coord	unexpected	The senator recoups and grimace	0.005333182273716333	0.005333182273716333	11.635365724563599	11.635365724563599
1589	gpt2	1590	795	9	grimace	vp_coord	expected	The senator recoups and grimaces	0.4748315083443231	0.4748315083443231	8.396607715636492	8.396607715636492
1590	gpt2	1591	796	9	ground	vp_coord	unexpected	The senator recoups and ground	7.938987437228207e-06	7.938987437228207e-06	16.94261360168457	16.94261360168457
1591	gpt2	1592	796	9	ground	vp_coord	expected	The senator recoups and grounds	9.985227370634676e-05	9.985227370634676e-05	13.28984546661377	13.28984546661377
1592	gpt2	1593	797	9	group	vp_coord	unexpected	The senator recoups and group	4.591194283420919e-06	4.591194283420919e-06	17.732698440551758	17.732698440551758
1593	gpt2	1594	797	9	group	vp_coord	expected	The senator recoups and groups	1.834036083891988e-05	1.834036083891988e-05	15.734618186950684	15.734618186950684
1594	gpt2	1595	798	9	growth	vp_coord	unexpected	The senator recoups and growth	1.741065943861031e-06	1.741065943861031e-06	19.1315975189209	19.1315975189209
1595	gpt2	1596	798	9	growth	vp_coord	expected	The senator recoups and growths	0.0023628563877764303	0.0023628563877764303	13.428690671920776	13.428690671920776
1596	gpt2	1597	799	9	grow	vp_coord	unexpected	The senator recoups and grow	9.034224603965413e-06	9.034224603965413e-06	16.756168365478516	16.756168365478516
1597	gpt2	1598	799	9	grow	vp_coord	expected	The senator recoups and grows	0.0001880318159237	0.0001880318159237	12.37673568725586	12.37673568725586
1598	gpt2	1599	800	9	guarantee	vp_coord	unexpected	The senator recoups and guarantee	3.618890218604065e-07	3.618890218604065e-07	21.39794921875	21.39794921875
1599	gpt2	1600	800	9	guarantee	vp_coord	expected	The senator recoups and guarantees	0.0002118764969054	0.0002118764969054	12.20448875427246	12.20448875427246
1600	gpt2	1601	801	9	guard	vp_coord	unexpected	The senator recoups and guard	3.6123681184108136e-06	3.6123681184108136e-06	18.078622817993164	18.078622817993164
1601	gpt2	1602	801	9	guard	vp_coord	expected	The senator recoups and guards	7.041583739919588e-05	7.041583739919588e-05	13.793740272521973	13.793740272521973
1602	gpt2	1603	802	9	guess	vp_coord	unexpected	The senator recoups and guess	7.275750135704584e-07	7.275750135704584e-07	20.390399932861328	20.390399932861328
1603	gpt2	1604	802	9	guess	vp_coord	expected	The senator recoups and guesses	8.918896128307097e-06	8.918896128307097e-06	16.774703979492188	16.774703979492188
1604	gpt2	1605	803	9	guide	vp_coord	unexpected	The senator recoups and guide	6.213315941749897e-07	6.213315941749897e-07	20.618133544921875	20.618133544921875
1605	gpt2	1606	803	9	guide	vp_coord	expected	The senator recoups and guides	6.349806062644348e-05	6.349806062644348e-05	13.942928314208984	13.942928314208984
1606	gpt2	1607	804	9	gut	vp_coord	unexpected	The senator recoups and gut	2.439007948851213e-05	2.439007948851213e-05	15.323346138000488	15.323346138000488
1607	gpt2	1608	804	9	gut	vp_coord	expected	The senator recoups and guts	1.4126992027740926e-05	1.4126992027740926e-05	16.111186981201172	16.111186981201172
1608	gpt2	1609	805	9	guzzle	vp_coord	unexpected	The senator recoups and guzzle	0.007068355226692786	0.007068355226692786	11.88205623626709	11.88205623626709
1609	gpt2	1610	805	9	guzzle	vp_coord	expected	The senator recoups and guzzles	0.44126752679161046	0.44126752679161046	6.40513967598478	6.40513967598478
1610	gpt2	1611	806	9	hack	vp_coord	unexpected	The senator recoups and hack	9.36822857511288e-07	9.36822857511288e-07	20.02572059631348	20.02572059631348
1611	gpt2	1612	806	9	hack	vp_coord	expected	The senator recoups and hacks	2.836474232026376e-05	2.836474232026376e-05	15.105541229248049	15.105541229248049
1612	gpt2	1613	807	9	halt	vp_coord	unexpected	The senator recoups and halt	2.1010468742588278e-07	2.1010468742588278e-07	22.182388305664062	22.182388305664062
1613	gpt2	1614	807	9	halt	vp_coord	expected	The senator recoups and halts	0.4970527805926395	0.4970527805926395	6.490150818135589	6.490150818135589
1614	gpt2	1615	808	9	halve	vp_coord	unexpected	The senator recoups and halve	0.00026166086172445	0.00026166086172445	12.131776332855225	12.131776332855225
1615	gpt2	1616	808	9	halve	vp_coord	expected	The senator recoups and halves	6.230126018635929e-05	6.230126018635929e-05	13.970378875732422	13.970378875732422
1616	gpt2	1617	809	9	hammer	vp_coord	unexpected	The senator recoups and hammer	3.4214001516374992e-06	3.4214001516374992e-06	18.156982421875	18.156982421875
1617	gpt2	1618	809	9	hammer	vp_coord	expected	The senator recoups and hammers	0.4992621588844485	0.4992621588844485	8.133176447590813	8.133176447590813
1618	gpt2	1619	810	9	hamper	vp_coord	unexpected	The senator recoups and hamper	0.11220460477488814	0.11220460477488814	10.962300181388855	10.962300181388855
1619	gpt2	1620	810	9	hamper	vp_coord	expected	The senator recoups and hampers	0.34420331069850363	0.34420331069850363	5.4061481422395445	5.4061481422395445
1620	gpt2	1621	811	9	handicap	vp_coord	unexpected	The senator recoups and handicap	0.001742879897847157	0.001742879897847157	12.851600170135498	12.851600170135498
1621	gpt2	1622	811	9	handicap	vp_coord	expected	The senator recoups and handicaps	0.4897226463449443	0.4897226463449443	8.783340842463076	8.783340842463076
1622	gpt2	1623	812	9	handle	vp_coord	unexpected	The senator recoups and handle	1.7754866803443292e-06	1.7754866803443292e-06	19.10335350036621	19.10335350036621
1623	gpt2	1624	812	9	handle	vp_coord	expected	The senator recoups and handles	0.0003447397903073	0.0003447397903073	11.502204895019531	11.502204895019531
1624	gpt2	1625	813	9	hand	vp_coord	unexpected	The senator recoups and hand	0.0012626134557649	0.0012626134557649	9.629371643066406	9.629371643066406
1625	gpt2	1626	813	9	hand	vp_coord	expected	The senator recoups and hands	0.0005376551998779	0.0005376551998779	10.861031532287598	10.861031532287598
1626	gpt2	1627	814	9	hang	vp_coord	unexpected	The senator recoups and hang	2.911113369918894e-06	2.911113369918894e-06	18.389997482299805	18.389997482299805
1627	gpt2	1628	814	9	hang	vp_coord	expected	The senator recoups and hangs	0.000247720076004	0.000247720076004	11.979001998901367	11.979001998901367
1628	gpt2	1629	815	9	happen	vp_coord	unexpected	The senator recoups and happen	1.1862483972890915e-07	1.1862483972890915e-07	23.007089614868164	23.007089614868164
1629	gpt2	1630	815	9	happen	vp_coord	expected	The senator recoups and happens	8.783674275036901e-05	8.783674275036901e-05	13.47481632232666	13.47481632232666
1630	gpt2	1631	816	9	harass	vp_coord	unexpected	The senator recoups and harass	4.119320692552719e-06	4.119320692552719e-06	17.889162063598633	17.889162063598633
1631	gpt2	1632	816	9	harass	vp_coord	expected	The senator recoups and harasses	0.4919202360729287	0.4919202360729287	8.956335884518921	8.956335884518921
1632	gpt2	1633	817	9	harm	vp_coord	unexpected	The senator recoups and harm	4.682655969645566e-07	4.682655969645566e-07	21.026168823242188	21.026168823242188
1633	gpt2	1634	817	9	harm	vp_coord	expected	The senator recoups and harms	6.435567684093257e-06	6.435567684093257e-06	17.245500564575195	17.245500564575195
1634	gpt2	1635	818	9	hasten	vp_coord	unexpected	The senator recoups and hasten	0.016165665593689434	0.016165665593689434	10.930708408355713	10.930708408355713
1635	gpt2	1636	818	9	hasten	vp_coord	expected	The senator recoups and hastens	0.46800927003914694	0.46800927003914694	8.502767458558083	8.502767458558083
1636	gpt2	1637	819	9	hate	vp_coord	unexpected	The senator recoups and hate	1.3464536152696382e-07	1.3464536152696382e-07	22.824331283569336	22.824331283569336
1637	gpt2	1638	819	9	hate	vp_coord	expected	The senator recoups and hates	5.592896741291042e-06	5.592896741291042e-06	17.447973251342773	17.447973251342773
1638	gpt2	1639	820	9	haul	vp_coord	unexpected	The senator recoups and haul	1.151450533143361e-06	1.151450533143361e-06	19.728116989135746	19.728116989135746
1639	gpt2	1640	820	9	haul	vp_coord	expected	The senator recoups and hauls	0.1922313790055341	0.1922313790055341	7.539372205734253	7.539372205734253
1640	gpt2	1641	821	9	haunt	vp_coord	unexpected	The senator recoups and haunt	6.469035440659354e-08	6.469035440659354e-08	23.881874084472656	23.881874084472656
1641	gpt2	1642	821	9	haunt	vp_coord	expected	The senator recoups and haunts	0.4912027766890787	0.4912027766890787	9.094230963848531	9.094230963848531
1642	gpt2	1643	822	9	have	vp_coord	unexpected	The senator recoups and have	7.4488330028543714e-06	7.4488330028543714e-06	17.03455352783203	17.03455352783203
1643	gpt2	1644	822	9	have	vp_coord	expected	The senator recoups and haves	0.0016548229832551162	0.0016548229832551162	10.985816478729248	10.985816478729248
1644	gpt2	1645	823	9	head	vp_coord	unexpected	The senator recoups and head	9.93947178358212e-05	9.93947178358212e-05	13.29647159576416	13.29647159576416
1645	gpt2	1646	823	9	head	vp_coord	expected	The senator recoups and heads	0.0007060499629005	0.0007060499629005	10.467942237854004	10.467942237854004
1646	gpt2	1647	824	9	heal	vp_coord	unexpected	The senator recoups and heal	4.340923169365851e-06	4.340923169365851e-06	17.813566207885742	17.813566207885742
1647	gpt2	1648	824	9	heal	vp_coord	expected	The senator recoups and heals	0.0004805080825462	0.0004805080825462	11.023151397705078	11.023151397705078
1648	gpt2	1649	825	9	hear	vp_coord	unexpected	The senator recoups and hear	1.079379444490769e-06	1.079379444490769e-06	19.821367263793945	19.821367263793945
1649	gpt2	1650	825	9	hear	vp_coord	expected	The senator recoups and hears	0.0001842613564804	0.0001842613564804	12.405959129333496	12.405959129333496
1650	gpt2	1651	826	9	heat	vp_coord	unexpected	The senator recoups and heat	6.761492841178551e-07	6.761492841178551e-07	20.49615478515625	20.49615478515625
1651	gpt2	1652	826	9	heat	vp_coord	expected	The senator recoups and heats	6.13425891060615e-06	6.13425891060615e-06	17.314680099487305	17.314680099487305
1652	gpt2	1653	827	9	hedge	vp_coord	unexpected	The senator recoups and hedge	9.650576657804777e-07	9.650576657804777e-07	19.982881546020508	19.982881546020508
1653	gpt2	1654	827	9	hedge	vp_coord	expected	The senator recoups and hedges	0.48692233911606314	0.48692233911606314	7.674981102347375	7.674981102347375
1654	gpt2	1655	828	9	heed	vp_coord	unexpected	The senator recoups and heed	1.3621751122627757e-06	1.3621751122627757e-06	19.48565673828125	19.48565673828125
1655	gpt2	1656	828	9	heed	vp_coord	expected	The senator recoups and heeds	0.001905274459204483	0.001905274459204483	11.895082950592041	11.895082950592041
1656	gpt2	1657	829	9	heighten	vp_coord	unexpected	The senator recoups and heighten	0.009757326401199836	0.009757326401199836	12.330309629440308	12.330309629440308
1657	gpt2	1658	829	9	heighten	vp_coord	expected	The senator recoups and heightens	0.4820284670660157	0.4820284670660157	9.516995454207063	9.516995454207063
1658	gpt2	1659	830	9	help	vp_coord	unexpected	The senator recoups and help	1.6164332919288427e-05	1.6164332919288427e-05	15.916826248168944	15.916826248168944
1659	gpt2	1660	830	9	help	vp_coord	expected	The senator recoups and helps	0.0018102668691426	0.0018102668691426	9.10958194732666	9.10958194732666
1660	gpt2	1661	831	9	herald	vp_coord	unexpected	The senator recoups and herald	7.153938668125193e-07	7.153938668125193e-07	20.414758682250977	20.414758682250977
1661	gpt2	1662	831	9	herald	vp_coord	expected	The senator recoups and heralds	0.4910086096023747	0.4910086096023747	10.220469743944705	10.220469743944705
1662	gpt2	1663	832	9	hesitate	vp_coord	unexpected	The senator recoups and hesitate	4.409076481692865e-08	4.409076481692865e-08	24.434947967529297	24.434947967529297
1663	gpt2	1664	832	9	hesitate	vp_coord	expected	The senator recoups and hesitates	0.45665201537303807	0.45665201537303807	7.138027973473072	7.138027973473072
1664	gpt2	1665	833	9	hide	vp_coord	unexpected	The senator recoups and hide	2.7323812901158817e-06	2.7323812901158817e-06	18.481409072875977	18.481409072875977
1665	gpt2	1666	833	9	hide	vp_coord	expected	The senator recoups and hides	0.0002944151055999	0.0002944151055999	11.729860305786133	11.729860305786133
1666	gpt2	1667	834	9	highlight	vp_coord	unexpected	The senator recoups and highlight	3.288482162133733e-07	3.288482162133733e-07	21.536075592041016	21.536075592041016
1667	gpt2	1668	834	9	highlight	vp_coord	expected	The senator recoups and highlights	0.0001247117179445	0.0001247117179445	12.969115257263184	12.969115257263184
1668	gpt2	1669	835	9	hinder	vp_coord	unexpected	The senator recoups and hinder	4.6758681371272814e-09	4.6758681371272814e-09	27.672119140625	27.672119140625
1669	gpt2	1670	835	9	hinder	vp_coord	expected	The senator recoups and hinders	0.49224389453547696	0.49224389453547696	8.358087028376758	8.358087028376758
1670	gpt2	1671	836	9	hinge	vp_coord	unexpected	The senator recoups and hinge	1.770182755933547e-08	1.770182755933547e-08	25.75152587890625	25.75152587890625
1671	gpt2	1672	836	9	hinge	vp_coord	expected	The senator recoups and hinges	2.87517900687817e-06	2.87517900687817e-06	18.40791702270508	18.40791702270508
1672	gpt2	1673	837	9	hint	vp_coord	unexpected	The senator recoups and hint	2.0249242993486405e-07	2.0249242993486405e-07	22.23562812805176	22.23562812805176
1673	gpt2	1674	837	9	hint	vp_coord	expected	The senator recoups and hints	1.428479481546674e-05	1.428479481546674e-05	16.09515953063965	16.09515953063965
1674	gpt2	1675	838	9	hire	vp_coord	unexpected	The senator recoups and hire	8.05730542197125e-06	8.05730542197125e-06	16.9212703704834	16.9212703704834
1675	gpt2	1676	838	9	hire	vp_coord	expected	The senator recoups and hires	0.0010243383003398	0.0010243383003398	9.931092262268066	9.931092262268066
1676	gpt2	1677	839	9	hit	vp_coord	unexpected	The senator recoups and hit	8.320812412421219e-06	8.320812412421219e-06	16.87484359741211	16.87484359741211
1677	gpt2	1678	839	9	hit	vp_coord	expected	The senator recoups and hits	0.000223243900109	0.000223243900109	12.129091262817385	12.129091262817385
1678	gpt2	1679	840	9	hoe	vp_coord	unexpected	The senator recoups and hoe	0.0005399138462961999	0.0005399138462961999	10.902378559112549	10.902378559112549
1679	gpt2	1680	840	9	hoe	vp_coord	expected	The senator recoups and hoes	0.00251322121766855	0.00251322121766855	9.515631198883057	9.515631198883057
1680	gpt2	1681	841	9	hold	vp_coord	unexpected	The senator recoups and hold	2.072266215691343e-05	2.072266215691343e-05	15.558430671691896	15.558430671691896
1681	gpt2	1682	841	9	hold	vp_coord	expected	The senator recoups and holds	0.0035802870988845	0.0035802870988845	8.12570858001709	8.12570858001709
1682	gpt2	1683	842	9	holler	vp_coord	unexpected	The senator recoups and holler	0.00049720476090435	0.00049720476090435	10.999811172485352	10.999811172485352
1683	gpt2	1684	842	9	holler	vp_coord	expected	The senator recoups and hollers	0.33357324310539593	0.33357324310539593	6.103194116614759	6.103194116614759
1684	gpt2	1685	843	9	homer	vp_coord	unexpected	The senator recoups and homer	5.1202402318040185e-08	5.1202402318040185e-08	24.219213485717773	24.219213485717773
1685	gpt2	1686	843	9	homer	vp_coord	expected	The senator recoups and homers	2.805898475344293e-06	2.805898475344293e-06	18.44310569763184	18.44310569763184
1686	gpt2	1687	844	9	hone	vp_coord	unexpected	The senator recoups and hone	8.75111894060865e-08	8.75111894060865e-08	23.44595718383789	23.44595718383789
1687	gpt2	1688	844	9	hone	vp_coord	expected	The senator recoups and hones	0.07540869711374396	0.07540869711374396	7.003600478172302	7.003600478172302
1688	gpt2	1689	845	9	honor	vp_coord	unexpected	The senator recoups and honor	2.553018020989839e-05	2.553018020989839e-05	15.257436752319336	15.257436752319336
1689	gpt2	1690	845	9	honor	vp_coord	expected	The senator recoups and honors	0.0002833047765307	0.0002833047765307	11.785357475280762	11.785357475280762
1690	gpt2	1691	846	9	hope	vp_coord	unexpected	The senator recoups and hope	6.791560281271813e-06	6.791560281271813e-06	17.16782569885254	17.16782569885254
1691	gpt2	1692	846	9	hope	vp_coord	expected	The senator recoups and hopes	0.0003324294812045	0.0003324294812045	11.55466365814209	11.55466365814209
1692	gpt2	1693	847	9	host	vp_coord	unexpected	The senator recoups and host	9.628848602005746e-06	9.628848602005746e-06	16.66420555114746	16.66420555114746
1693	gpt2	1694	847	9	host	vp_coord	expected	The senator recoups and hosts	0.000166996702319	0.000166996702319	12.547892570495604	12.547892570495604
1694	gpt2	1695	848	9	house	vp_coord	unexpected	The senator recoups and house	2.038551610894501e-05	2.038551610894501e-05	15.582096099853516	15.582096099853516
1695	gpt2	1696	848	9	house	vp_coord	expected	The senator recoups and houses	7.094645843608305e-05	7.094645843608305e-05	13.782909393310549	13.782909393310549
1696	gpt2	1697	849	9	hum	vp_coord	unexpected	The senator recoups and hum	9.093664993997665e-05	9.093664993997665e-05	13.424778938293455	13.424778938293455
1697	gpt2	1698	849	9	hum	vp_coord	expected	The senator recoups and hums	0.2267796148007619	0.2267796148007619	7.282852709293365	7.282852709293365
1698	gpt2	1699	850	9	hurry	vp_coord	unexpected	The senator recoups and hurry	2.4912125695664145e-07	2.4912125695664145e-07	21.93664932250977	21.93664932250977
1699	gpt2	1700	850	9	hurry	vp_coord	expected	The senator recoups and hurries	0.4961718286690484	0.4961718286690484	8.135206363163888	8.135206363163888
1700	gpt2	1701	851	9	hurt	vp_coord	unexpected	The senator recoups and hurt	1.188191845358233e-06	1.188191845358233e-06	19.68280029296875	19.68280029296875
1701	gpt2	1702	851	9	hurt	vp_coord	expected	The senator recoups and hurts	8.483890269417316e-06	8.483890269417316e-06	16.84684181213379	16.84684181213379
1702	gpt2	1703	852	9	identify	vp_coord	unexpected	The senator recoups and identify	5.130272597853036e-07	5.130272597853036e-07	20.894460678100582	20.894460678100582
1703	gpt2	1704	852	9	identify	vp_coord	expected	The senator recoups and identifies	0.0002073825162369	0.0002073825162369	12.235418319702148	12.235418319702148
1704	gpt2	1705	853	9	idle	vp_coord	unexpected	The senator recoups and idle	4.094112568964192e-07	4.094112568964192e-07	21.219945907592773	21.219945907592773
1705	gpt2	1706	853	9	idle	vp_coord	expected	The senator recoups and idles	0.32534388167732686	0.32534388167732686	9.10398280620575	9.10398280620575
1706	gpt2	1707	854	9	ignite	vp_coord	unexpected	The senator recoups and ignite	8.458123090804293e-09	8.458123090804293e-09	26.817014694213867	26.817014694213867
1707	gpt2	1708	854	9	ignite	vp_coord	expected	The senator recoups and ignites	0.4928635586115888	0.4928635586115888	8.364157481119037	8.364157481119037
1708	gpt2	1709	855	9	ignore	vp_coord	unexpected	The senator recoups and ignore	1.3483817156156874e-06	1.3483817156156874e-06	19.50033950805664	19.50033950805664
1709	gpt2	1710	855	9	ignore	vp_coord	expected	The senator recoups and ignores	0.000344626721926	0.000344626721926	11.502677917480469	11.502677917480469
1710	gpt2	1711	856	9	illuminate	vp_coord	unexpected	The senator recoups and illuminate	1.5365774430620153e-08	1.5365774430620153e-08	25.95570373535156	25.95570373535156
1711	gpt2	1712	856	9	illuminate	vp_coord	expected	The senator recoups and illuminates	0.5652448386123675	0.5652448386123675	4.860992804557705	4.860992804557705
1712	gpt2	1713	857	9	illustrate	vp_coord	unexpected	The senator recoups and illustrate	1.0559086405237397e-07	1.0559086405237397e-07	23.175010681152344	23.175010681152344
1713	gpt2	1714	857	9	illustrate	vp_coord	expected	The senator recoups and illustrates	2.69257743639173e-05	2.69257743639173e-05	15.180652618408203	15.180652618408203
1714	gpt2	1715	858	9	imagine	vp_coord	unexpected	The senator recoups and imagine	5.812384529235715e-07	5.812384529235715e-07	20.7143669128418	20.7143669128418
1715	gpt2	1716	858	9	imagine	vp_coord	expected	The senator recoups and imagines	0.4986598195337137	0.4986598195337137	7.74409071635455	7.74409071635455
1716	gpt2	1717	859	9	impact	vp_coord	unexpected	The senator recoups and impact	1.9919647797905784e-07	1.9919647797905784e-07	22.25930404663086	22.25930404663086
1717	gpt2	1718	859	9	impact	vp_coord	expected	The senator recoups and impacts	9.33815499593038e-06	9.33815499593038e-06	16.708431243896484	16.708431243896484
1718	gpt2	1719	860	9	impair	vp_coord	unexpected	The senator recoups and impair	4.59471351632601e-07	4.59471351632601e-07	21.05352210998535	21.05352210998535
1719	gpt2	1720	860	9	impair	vp_coord	expected	The senator recoups and impairs	0.01472130224283315	0.01472130224283315	8.120072603225708	8.120072603225708
1720	gpt2	1721	861	9	impede	vp_coord	unexpected	The senator recoups and impede	2.679395372240378e-09	2.679395372240378e-09	28.47544479370117	28.47544479370117
1721	gpt2	1722	861	9	impede	vp_coord	expected	The senator recoups and impedes	0.478925919347148	0.478925919347148	8.995938178151846	8.995938178151846
1722	gpt2	1723	862	9	implement	vp_coord	unexpected	The senator recoups and implement	1.8694593109103157e-06	1.8694593109103157e-06	19.028947830200195	19.028947830200195
1723	gpt2	1724	862	9	implement	vp_coord	expected	The senator recoups and implements	0.0002412038011243	0.0002412038011243	12.017459869384766	12.017459869384766
1724	gpt2	1725	863	9	implicate	vp_coord	unexpected	The senator recoups and implicate	4.350078779680189e-05	4.350078779680189e-05	14.51579236984253	14.51579236984253
1725	gpt2	1726	863	9	implicate	vp_coord	expected	The senator recoups and implicates	0.005808907453683755	0.005808907453683755	10.33438515663147	10.33438515663147
1726	gpt2	1727	864	9	imply	vp_coord	unexpected	The senator recoups and imply	4.131528896778036e-08	4.131528896778036e-08	24.528749465942383	24.528749465942383
1727	gpt2	1728	864	9	imply	vp_coord	expected	The senator recoups and implies	3.801722778007388e-05	3.801722778007388e-05	14.682987213134766	14.682987213134766
1728	gpt2	1729	865	9	import	vp_coord	unexpected	The senator recoups and import	7.673391337448265e-06	7.673391337448265e-06	16.9917049407959	16.9917049407959
1729	gpt2	1730	865	9	import	vp_coord	expected	The senator recoups and imports	0.0002846089773811	0.0002846089773811	11.778731346130373	11.778731346130373
1730	gpt2	1731	866	9	impose	vp_coord	unexpected	The senator recoups and impose	8.457550961793459e-07	8.457550961793459e-07	20.17325592041016	20.17325592041016
1731	gpt2	1732	866	9	impose	vp_coord	expected	The senator recoups and imposes	0.0001714741956675	0.0001714741956675	12.509720802307127	12.509720802307127
1732	gpt2	1733	867	9	impound	vp_coord	unexpected	The senator recoups and impound	0.00125636513985225	0.00125636513985225	10.025150299072266	10.025150299072266
1733	gpt2	1734	867	9	impound	vp_coord	expected	The senator recoups and impounds	0.0029114232602296002	0.0029114232602296002	9.335546970367432	9.335546970367432
1734	gpt2	1735	868	9	impress	vp_coord	unexpected	The senator recoups and impress	2.726645470829681e-05	2.726645470829681e-05	15.162513732910156	15.162513732910156
1735	gpt2	1736	868	9	impress	vp_coord	expected	The senator recoups and impresses	0.46991212532520876	0.46991212532520876	7.626046355813742	7.626046355813742
1736	gpt2	1737	869	9	imprison	vp_coord	unexpected	The senator recoups and imprison	1.286114752474532e-06	1.286114752474532e-06	19.56855010986328	19.56855010986328
1737	gpt2	1738	869	9	imprison	vp_coord	expected	The senator recoups and imprisons	0.3708869882684666	0.3708869882684666	4.756714850276087	4.756714850276087
1738	gpt2	1739	870	9	improve	vp_coord	unexpected	The senator recoups and improve	2.366826720390236e-06	2.366826720390236e-06	18.68861389160156	18.68861389160156
1739	gpt2	1740	870	9	improve	vp_coord	expected	The senator recoups and improves	0.0006124868523329	0.0006124868523329	10.673033714294434	10.673033714294434
1740	gpt2	1741	871	9	impugn	vp_coord	unexpected	The senator recoups and impugn	0.023404703116587638	0.023404703116587638	6.96795113881429	6.96795113881429
1741	gpt2	1742	871	9	impugn	vp_coord	expected	The senator recoups and impugns	0.3109857930006304	0.3109857930006304	5.50685253739357	5.50685253739357
1742	gpt2	1743	872	9	incarcerate	vp_coord	unexpected	The senator recoups and incarcerate	0.002749870474417513	0.002749870474417513	12.011643648147583	12.011643648147583
1743	gpt2	1744	872	9	incarcerate	vp_coord	expected	The senator recoups and incarcerates	0.49610067199819247	0.49610067199819247	8.262685837689787	8.262685837689787
1744	gpt2	1745	873	9	inch	vp_coord	unexpected	The senator recoups and inch	1.7898410931138645e-07	1.7898410931138645e-07	22.41366577148437	22.41366577148437
1745	gpt2	1746	873	9	inch	vp_coord	expected	The senator recoups and inches	6.129674147814512e-06	6.129674147814512e-06	17.315757751464844	17.315757751464844
1746	gpt2	1747	874	9	include	vp_coord	unexpected	The senator recoups and include	4.608882136380998e-06	4.608882136380998e-06	17.72715187072754	17.72715187072754
1747	gpt2	1748	874	9	include	vp_coord	expected	The senator recoups and includes	0.0010270694037899	0.0010270694037899	9.927250862121582	9.927250862121582
1748	gpt2	1749	875	9	incorporate	vp_coord	unexpected	The senator recoups and incorporate	3.291443988473475e-07	3.291443988473475e-07	21.53477668762207	21.53477668762207
1749	gpt2	1750	875	9	incorporate	vp_coord	expected	The senator recoups and incorporates	0.0001363236951874	0.0001363236951874	12.840676307678224	12.840676307678224
1750	gpt2	1751	876	9	increased	vp_coord	unexpected	The senator recoups and increased	4.842966154683381e-05	4.842966154683381e-05	14.333749771118164	14.333749771118164
1751	gpt2	1752	876	9	increased	vp_coord	expected	The senator recoups and increaseds	3.0401338790397858e-05	3.0401338790397858e-05	15.318096160888672	15.318096160888672
1752	gpt2	1753	877	9	increase	vp_coord	unexpected	The senator recoups and increase	4.680568963522092e-06	4.680568963522092e-06	17.704885482788086	17.704885482788086
1753	gpt2	1754	877	9	increase	vp_coord	expected	The senator recoups and increases	0.0013766216579824	0.0013766216579824	9.50465202331543	9.50465202331543
1754	gpt2	1755	878	9	incur	vp_coord	unexpected	The senator recoups and incur	7.608475129927683e-07	7.608475129927683e-07	20.325889587402344	20.325889587402344
1755	gpt2	1756	878	9	incur	vp_coord	expected	The senator recoups and incurs	0.3819875482695352	0.3819875482695352	6.865537703037262	6.865537703037262
1756	gpt2	1757	879	9	indemnify	vp_coord	unexpected	The senator recoups and indemnify	0.007623717252499765	0.007623717252499765	10.27645468711853	10.27645468711853
1757	gpt2	1758	879	9	indemnify	vp_coord	expected	The senator recoups and indemnifies	0.4753776877823839	0.4753776877823839	7.293243832886219	7.293243832886219
1758	gpt2	1759	880	9	indicate	vp_coord	unexpected	The senator recoups and indicate	1.619381748696469e-07	1.619381748696469e-07	22.558053970336918	22.558053970336918
1759	gpt2	1760	880	9	indicate	vp_coord	expected	The senator recoups and indicates	8.440090459771454e-05	8.440090459771454e-05	13.532382011413574	13.532382011413574
1760	gpt2	1761	881	9	indict	vp_coord	unexpected	The senator recoups and indict	1.6827934814500622e-06	1.6827934814500622e-06	19.180709838867188	19.180709838867188
1761	gpt2	1762	881	9	indict	vp_coord	expected	The senator recoups and indicts	0.15509264727552363	0.15509264727552363	7.889070808887482	7.889070808887482
1762	gpt2	1763	882	9	induce	vp_coord	unexpected	The senator recoups and induce	3.848306207032692e-08	3.848306207032692e-08	24.631200790405277	24.631200790405277
1763	gpt2	1764	882	9	induce	vp_coord	expected	The senator recoups and induces	1.219235946336994e-05	1.219235946336994e-05	16.32366371154785	16.32366371154785
1764	gpt2	1765	883	10	indulge	vp_coord	unexpected	The manager retrofits and indulge	8.26224209049542e-08	8.26224209049542e-08	23.52889060974121	23.52889060974121
1765	gpt2	1766	883	10	indulge	vp_coord	expected	The manager retrofits and indulges	0.48244241455881826	0.48244241455881826	8.98001041635871	8.98001041635871
1766	gpt2	1767	884	10	industrialize	vp_coord	unexpected	The manager retrofits and industrialize	0.013530659563912176	0.013530659563912176	9.76721453666687	9.76721453666687
1767	gpt2	1768	884	10	industrialize	vp_coord	expected	The manager retrofits and industrializes	0.12103532727815032	0.12103532727815032	8.185496926307678	8.185496926307678
1768	gpt2	1769	885	10	infiltrate	vp_coord	unexpected	The manager retrofits and infiltrate	1.674541607599167e-07	1.674541607599167e-07	22.50973129272461	22.50973129272461
1769	gpt2	1770	885	10	infiltrate	vp_coord	expected	The manager retrofits and infiltrates	0.4959037892413107	0.4959037892413107	8.57091281376779	8.57091281376779
1770	gpt2	1771	886	10	inflame	vp_coord	unexpected	The manager retrofits and inflame	6.468356150435284e-05	6.468356150435284e-05	14.092102527618408	14.092102527618408
1771	gpt2	1772	886	10	inflame	vp_coord	expected	The manager retrofits and inflames	0.0003445781803748052	0.0003445781803748052	12.040759086608887	12.040759086608887
1772	gpt2	1773	887	10	inflate	vp_coord	unexpected	The manager retrofits and inflate	0.00049676086928225	0.00049676086928225	11.216752529144287	11.216752529144287
1773	gpt2	1774	887	10	inflate	vp_coord	expected	The manager retrofits and inflates	0.4722064727720862	0.4722064727720862	6.72393087297678	6.72393087297678
1774	gpt2	1775	888	10	inflict	vp_coord	unexpected	The manager retrofits and inflict	2.6978527856158507e-08	2.6978527856158507e-08	25.143613815307617	25.143613815307617
1775	gpt2	1776	888	10	inflict	vp_coord	expected	The manager retrofits and inflicts	0.4991933950181533	0.4991933950181533	9.528081509750336	9.528081509750336
1776	gpt2	1777	889	10	influence	vp_coord	unexpected	The manager retrofits and influence	1.867359316065631e-07	1.867359316065631e-07	22.35249710083008	22.35249710083008
1777	gpt2	1778	889	10	influence	vp_coord	expected	The manager retrofits and influences	1.641954258957412e-05	1.641954258957412e-05	15.89422607421875	15.89422607421875
1778	gpt2	1779	890	10	inform	vp_coord	unexpected	The manager retrofits and inform	1.0067511539091356e-05	1.0067511539091356e-05	16.599933624267578	16.599933624267578
1779	gpt2	1780	890	10	inform	vp_coord	expected	The manager retrofits and informs	0.0003468427457846	0.0003468427457846	11.493430137634276	11.493430137634276
1780	gpt2	1781	891	10	infringe	vp_coord	unexpected	The manager retrofits and infringe	0.005615083978653943	0.005615083978653943	13.560572624206543	13.560572624206543
1781	gpt2	1782	891	10	infringe	vp_coord	expected	The manager retrofits and infringes	0.47372061713892316	0.47372061713892316	10.361241471022367	10.361241471022367
1782	gpt2	1783	892	10	infuriate	vp_coord	unexpected	The manager retrofits and infuriate	0.1926415367342997	0.1926415367342997	7.689438899358113	7.689438899358113
1783	gpt2	1784	892	10	infuriate	vp_coord	expected	The manager retrofits and infuriates	0.4631777743127259	0.4631777743127259	8.902089457958937	8.902089457958937
1784	gpt2	1785	893	10	infuse	vp_coord	unexpected	The manager retrofits and infuse	0.00064123676565935	0.00064123676565935	10.984776973724365	10.984776973724365
1785	gpt2	1786	893	10	infuse	vp_coord	expected	The manager retrofits and infuses	0.4632631566346389	0.4632631566346389	6.092806141823531	6.092806141823531
1786	gpt2	1787	894	10	ingest	vp_coord	unexpected	The manager retrofits and ingest	3.1623878271602734e-07	3.1623878271602734e-07	21.59248161315918	21.59248161315918
1787	gpt2	1788	894	10	ingest	vp_coord	expected	The manager retrofits and ingests	0.3089064735977445	0.3089064735977445	7.355053186416626	7.355053186416626
1788	gpt2	1789	895	10	ingratiate	vp_coord	unexpected	The manager retrofits and ingratiate	0.2508985779277282	0.2508985779277282	6.718774475157261	6.718774475157261
1789	gpt2	1790	895	10	ingratiate	vp_coord	expected	The manager retrofits and ingratiates	0.49236711412959266	0.49236711412959266	4.78340561222285	4.78340561222285
1790	gpt2	1791	896	10	inhibit	vp_coord	unexpected	The manager retrofits and inhibit	2.8170763499701934e-08	2.8170763499701934e-08	25.081226348876957	25.081226348876957
1791	gpt2	1792	896	10	inhibit	vp_coord	expected	The manager retrofits and inhibits	5.555101779464167e-06	5.555101779464167e-06	17.45775604248047	17.45775604248047
1792	gpt2	1793	897	10	initiate	vp_coord	unexpected	The manager retrofits and initiate	4.033446145967901e-07	4.033446145967901e-07	21.24148368835449	21.24148368835449
1793	gpt2	1794	897	10	initiate	vp_coord	expected	The manager retrofits and initiates	0.49919565220807266	0.49919565220807266	7.350935719325206	7.350935719325206
1794	gpt2	1795	898	10	inject	vp_coord	unexpected	The manager retrofits and inject	0.0001072421800927	0.0001072421800927	13.186840057373049	13.186840057373049
1795	gpt2	1796	898	10	inject	vp_coord	expected	The manager retrofits and injects	0.47467852310001035	0.47467852310001035	6.63099016621709	6.63099016621709
1796	gpt2	1797	899	10	injure	vp_coord	unexpected	The manager retrofits and injure	1.3125588793627685e-07	1.3125588793627685e-07	22.861114501953125	22.861114501953125
1797	gpt2	1798	899	10	injure	vp_coord	expected	The manager retrofits and injures	0.48500538104235597	0.48500538104235597	7.51766299828887	7.51766299828887
1798	gpt2	1799	900	10	innovate	vp_coord	unexpected	The manager retrofits and innovate	4.079185771388439e-07	4.079185771388439e-07	21.225215911865234	21.225215911865234
1799	gpt2	1800	900	10	innovate	vp_coord	expected	The manager retrofits and innovates	0.4930544821636431	0.4930544821636431	7.028618132695556	7.028618132695556
1800	gpt2	1801	901	10	insist	vp_coord	unexpected	The manager retrofits and insist	1.4245363217924023e-06	1.4245363217924023e-06	19.42107582092285	19.42107582092285
1801	gpt2	1802	901	10	insist	vp_coord	expected	The manager retrofits and insists	0.0001714287500362	0.0001714287500362	12.510103225708008	12.510103225708008
1802	gpt2	1803	902	10	inspect	vp_coord	unexpected	The manager retrofits and inspect	0.0003338432579766	0.0003338432579766	11.548541069030762	11.548541069030762
1803	gpt2	1804	902	10	inspect	vp_coord	expected	The manager retrofits and inspects	0.4955900895729427	0.4955900895729427	5.7809039247222245	5.7809039247222245
1804	gpt2	1805	903	10	inspire	vp_coord	unexpected	The manager retrofits and inspire	6.065461661819427e-07	6.065461661819427e-07	20.65287971496582	20.65287971496582
1805	gpt2	1806	903	10	inspire	vp_coord	expected	The manager retrofits and inspires	7.492824806831777e-05	7.492824806831777e-05	13.704131126403809	13.704131126403809
1806	gpt2	1807	904	10	install	vp_coord	unexpected	The manager retrofits and install	0.0004886008100584	0.0004886008100584	10.999055862426758	10.999055862426758
1807	gpt2	1808	904	10	install	vp_coord	expected	The manager retrofits and installs	0.0286892224103212	0.0286892224103212	5.123347282409668	5.123347282409668
1808	gpt2	1809	905	10	instill	vp_coord	unexpected	The manager retrofits and instill	0.010036443858552941	0.010036443858552941	10.267549991607666	10.267549991607666
1809	gpt2	1810	905	10	instill	vp_coord	expected	The manager retrofits and instills	0.23475988165955639	0.23475988165955639	7.992486417293548	7.992486417293548
1810	gpt2	1811	906	10	institute	vp_coord	unexpected	The manager retrofits and institute	4.926393557980191e-06	4.926393557980191e-06	17.63103675842285	17.63103675842285
1811	gpt2	1812	906	10	institute	vp_coord	expected	The manager retrofits and institutes	0.49912781573948445	0.49912781573948445	6.916751919081435	6.916751919081435
1812	gpt2	1813	907	10	insulate	vp_coord	unexpected	The manager retrofits and insulate	0.00154117109195785	0.00154117109195785	10.135988712310791	10.135988712310791
1813	gpt2	1814	907	10	insulate	vp_coord	expected	The manager retrofits and insulates	0.0216074281925102	0.0216074281925102	8.166773796081543	8.166773796081543
1814	gpt2	1815	908	10	insure	vp_coord	unexpected	The manager retrofits and insure	1.032061049954791e-06	1.032061049954791e-06	19.88603973388672	19.88603973388672
1815	gpt2	1816	908	10	insure	vp_coord	expected	The manager retrofits and insures	0.4248798185581108	0.4248798185581108	6.013562060892582	6.013562060892582
1816	gpt2	1817	909	10	integrate	vp_coord	unexpected	The manager retrofits and integrate	1.2628162949113175e-05	1.2628162949113175e-05	16.272994995117188	16.272994995117188
1817	gpt2	1818	909	10	integrate	vp_coord	expected	The manager retrofits and integrates	0.001934784464538	0.001934784464538	9.013611793518066	9.013611793518066
1818	gpt2	1819	910	10	intend	vp_coord	unexpected	The manager retrofits and intend	1.727710383647718e-07	1.727710383647718e-07	22.464635848999023	22.464635848999023
1819	gpt2	1820	910	10	intend	vp_coord	expected	The manager retrofits and intends	7.940127397887409e-05	7.940127397887409e-05	13.620478630065918	13.620478630065918
1820	gpt2	1821	911	10	intensify	vp_coord	unexpected	The manager retrofits and intensify	3.433735003000038e-07	3.433735003000038e-07	21.47371864318848	21.47371864318848
1821	gpt2	1822	911	10	intensify	vp_coord	expected	The manager retrofits and intensifies	0.49327449650627386	0.49327449650627386	7.383994669653475	7.383994669653475
1822	gpt2	1823	912	10	interconnect	vp_coord	unexpected	The manager retrofits and interconnect	0.04080613900441675	0.04080613900441675	7.068157196044922	7.068157196044922
1823	gpt2	1824	912	10	interconnect	vp_coord	expected	The manager retrofits and interconnects	0.3334752483448635	0.3334752483448635	4.752823496858279	4.752823496858279
1824	gpt2	1825	913	10	interest	vp_coord	unexpected	The manager retrofits and interest	4.721392542705871e-06	4.721392542705871e-06	17.69235610961914	17.69235610961914
1825	gpt2	1826	913	10	interest	vp_coord	expected	The manager retrofits and interests	4.475960395211587e-06	4.475960395211587e-06	17.769371032714844	17.769371032714844
1826	gpt2	1827	914	10	interfere	vp_coord	unexpected	The manager retrofits and interfere	4.780213913591069e-08	4.780213913591069e-08	24.31834983825684	24.31834983825684
1827	gpt2	1828	914	10	interfere	vp_coord	expected	The manager retrofits and interferes	0.433208827006941	0.433208827006941	4.083708134569254	4.083708134569254
1828	gpt2	1829	915	10	interpret	vp_coord	unexpected	The manager retrofits and interpret	1.3888324019717402e-06	1.3888324019717402e-06	19.45769691467285	19.45769691467285
1829	gpt2	1830	915	10	interpret	vp_coord	expected	The manager retrofits and interprets	0.49147719028405845	0.49147719028405845	6.741937744431198	6.741937744431198
1830	gpt2	1831	916	10	intervene	vp_coord	unexpected	The manager retrofits and intervene	9.152029178949307e-08	9.152029178949307e-08	23.381332397460938	23.381332397460938
1831	gpt2	1832	916	10	intervene	vp_coord	expected	The manager retrofits and intervenes	0.49827126970762947	0.49827126970762947	8.745149472961202	8.745149472961202
1832	gpt2	1833	917	10	interview	vp_coord	unexpected	The manager retrofits and interview	4.665105279855197e-06	4.665105279855197e-06	17.709659576416016	17.709659576416016
1833	gpt2	1834	917	10	interview	vp_coord	expected	The manager retrofits and interviews	9.006339678307995e-05	9.006339678307995e-05	13.43869972229004	13.43869972229004
1834	gpt2	1835	918	10	intimate	vp_coord	unexpected	The manager retrofits and intimate	1.1498813137222896e-06	1.1498813137222896e-06	19.73008346557617	19.73008346557617
1835	gpt2	1836	918	10	intimate	vp_coord	expected	The manager retrofits and intimates	0.4935822691426779	0.4935822691426779	9.824015953578055	9.824015953578055
1836	gpt2	1837	919	10	introduce	vp_coord	unexpected	The manager retrofits and introduce	7.657089554413687e-06	7.657089554413687e-06	16.99477195739746	16.99477195739746
1837	gpt2	1838	919	10	introduce	vp_coord	expected	The manager retrofits and introduces	0.0021184217184782	0.0021184217184782	8.882794380187988	8.882794380187988
1838	gpt2	1839	920	10	invade	vp_coord	unexpected	The manager retrofits and invade	6.859209378262676e-08	6.859209378262676e-08	23.797382354736328	23.797382354736328
1839	gpt2	1840	920	10	invade	vp_coord	expected	The manager retrofits and invades	0.03874380487832235	0.03874380487832235	8.04596221446991	8.04596221446991
1840	gpt2	1841	921	10	invent	vp_coord	unexpected	The manager retrofits and invent	1.0643962923495565e-05	1.0643962923495565e-05	16.51960563659668	16.51960563659668
1841	gpt2	1842	921	10	invent	vp_coord	expected	The manager retrofits and invents	0.3196301830175798	0.3196301830175798	6.522261977195739	6.522261977195739
1842	gpt2	1843	922	10	investigate	vp_coord	unexpected	The manager retrofits and investigate	7.126116088329582e-07	7.126116088329582e-07	20.420381546020508	20.420381546020508
1843	gpt2	1844	922	10	investigate	vp_coord	expected	The manager retrofits and investigates	9.542465704726057e-05	9.542465704726057e-05	13.35527801513672	13.35527801513672
1844	gpt2	1845	923	10	invest	vp_coord	unexpected	The manager retrofits and invest	1.615474684513174e-05	1.615474684513174e-05	15.917682647705078	15.917682647705078
1845	gpt2	1846	923	10	invest	vp_coord	expected	The manager retrofits and invests	0.0003176938334945	0.0003176938334945	11.620075225830078	11.620075225830078
1846	gpt2	1847	924	10	invite	vp_coord	unexpected	The manager retrofits and invite	1.3288475884110085e-06	1.3288475884110085e-06	19.521392822265625	19.521392822265625
1847	gpt2	1848	924	10	invite	vp_coord	expected	The manager retrofits and invites	0.0002186409692512	0.0002186409692512	12.15914821624756	12.15914821624756
1848	gpt2	1849	925	10	invoke	vp_coord	unexpected	The manager retrofits and invoke	5.904758282326839e-08	5.904758282326839e-08	24.013545989990234	24.013545989990234
1849	gpt2	1850	925	10	invoke	vp_coord	expected	The manager retrofits and invokes	0.06752354625496075	0.06752354625496075	7.6445133686065665	7.6445133686065665
1850	gpt2	1851	926	10	involve	vp_coord	unexpected	The manager retrofits and involve	1.442862327394323e-07	1.442862327394323e-07	22.72456359863281	22.72456359863281
1851	gpt2	1852	926	10	involve	vp_coord	expected	The manager retrofits and involves	1.8072731108986773e-05	1.8072731108986773e-05	15.755825996398926	15.755825996398926
1852	gpt2	1853	927	10	irk	vp_coord	unexpected	The manager retrofits and irk	0.0011094561932622948	0.0011094561932622948	12.974859237670898	12.974859237670898
1853	gpt2	1854	927	10	irk	vp_coord	expected	The manager retrofits and irks	0.002587340554782695	0.002587340554782695	12.362752199172974	12.362752199172974
1854	gpt2	1855	928	10	iron	vp_coord	unexpected	The manager retrofits and iron	0.0001660758571233	0.0001660758571233	12.555870056152344	12.555870056152344
1855	gpt2	1856	928	10	iron	vp_coord	expected	The manager retrofits and irons	0.43555975055005547	0.43555975055005547	8.664156429469585	8.664156429469585
1856	gpt2	1857	929	10	isolate	vp_coord	unexpected	The manager retrofits and isolate	8.067373187259363e-07	8.067373187259363e-07	20.241397857666016	20.241397857666016
1857	gpt2	1858	929	10	isolate	vp_coord	expected	The manager retrofits and isolates	0.4977177816108451	0.4977177816108451	6.613328467821702	6.613328467821702
1858	gpt2	1859	930	10	issue	vp_coord	unexpected	The manager retrofits and issue	5.652362688124413e-06	5.652362688124413e-06	17.432714462280273	17.432714462280273
1859	gpt2	1860	930	10	issue	vp_coord	expected	The manager retrofits and issues	0.0003832438960671	0.0003832438960671	11.349449157714844	11.349449157714844
1860	gpt2	1861	931	10	itemize	vp_coord	unexpected	The manager retrofits and itemize	0.017915690220888767	0.017915690220888767	10.806904077529907	10.806904077529907
1861	gpt2	1862	931	10	itemize	vp_coord	expected	The manager retrofits and itemizes	0.39573457641154164	0.39573457641154164	8.574118077754974	8.574118077754974
1862	gpt2	1863	932	10	jack	vp_coord	unexpected	The manager retrofits and jack	5.870580480404897e-06	5.870580480404897e-06	17.37806510925293	17.37806510925293
1863	gpt2	1864	932	10	jack	vp_coord	expected	The manager retrofits and jacks	0.0388726132296142	0.0388726132296142	7.904949903488159	7.904949903488159
1864	gpt2	1865	933	10	jeopardize	vp_coord	unexpected	The manager retrofits and jeopardize	0.00232568778704942	0.00232568778704942	13.82291078567505	13.82291078567505
1865	gpt2	1866	933	10	jeopardize	vp_coord	expected	The manager retrofits and jeopardizes	0.47862726985152904	0.47862726985152904	9.980202015489342	9.980202015489342
1866	gpt2	1867	934	10	join	vp_coord	unexpected	The manager retrofits and join	2.3968327695911285e-06	2.3968327695911285e-06	18.67043876647949	18.67043876647949
1867	gpt2	1868	934	10	join	vp_coord	expected	The manager retrofits and joins	0.0004828347300644	0.0004828347300644	11.016182899475098	11.016182899475098
1868	gpt2	1869	935	10	joke	vp_coord	unexpected	The manager retrofits and joke	9.670969092212545e-08	9.670969092212545e-08	23.3017635345459	23.3017635345459
1869	gpt2	1870	935	10	joke	vp_coord	expected	The manager retrofits and jokes	4.421924131747801e-06	4.421924131747801e-06	17.786893844604492	17.786893844604492
1870	gpt2	1871	936	10	jolt	vp_coord	unexpected	The manager retrofits and jolt	0.00031809247593625	0.00031809247593625	11.683499813079834	11.683499813079834
1871	gpt2	1872	936	10	jolt	vp_coord	expected	The manager retrofits and jolts	0.33023259119848564	0.33023259119848564	7.386719165680308	7.386719165680308
1872	gpt2	1873	937	10	judge	vp_coord	unexpected	The manager retrofits and judge	3.802132084729237e-07	3.802132084729237e-07	21.32668876647949	21.32668876647949
1873	gpt2	1874	937	10	judge	vp_coord	expected	The manager retrofits and judges	1.3077822586637922e-05	1.3077822586637922e-05	16.222518920898438	16.222518920898438
1874	gpt2	1875	938	10	juggle	vp_coord	unexpected	The manager retrofits and juggle	0.003864253829078713	0.003864253829078713	12.30451512336731	12.30451512336731
1875	gpt2	1876	938	10	juggle	vp_coord	expected	The manager retrofits and juggles	0.4916053381327856	0.4916053381327856	8.808463049121201	8.808463049121201
1876	gpt2	1877	939	10	jump	vp_coord	unexpected	The manager retrofits and jump	3.6563230878527975e-06	3.6563230878527975e-06	18.061174392700195	18.061174392700195
1877	gpt2	1878	939	10	jump	vp_coord	expected	The manager retrofits and jumps	9.891302761388944e-05	9.891302761388944e-05	13.30348014831543	13.30348014831543
1878	gpt2	1879	940	10	junk	vp_coord	unexpected	The manager retrofits and junk	2.4935015972005203e-05	2.4935015972005203e-05	15.291467666625977	15.291467666625977
1879	gpt2	1880	940	10	junk	vp_coord	expected	The manager retrofits and junks	0.15045853929746045	0.15045853929746045	9.964860796928406	9.964860796928406
1880	gpt2	1881	941	10	justify	vp_coord	unexpected	The manager retrofits and justify	9.101585760618036e-07	9.101585760618036e-07	20.06737899780273	20.06737899780273
1881	gpt2	1882	941	10	justify	vp_coord	expected	The manager retrofits and justifies	8.913305646274239e-05	8.913305646274239e-05	13.453680038452148	13.453680038452148
1882	gpt2	1883	942	10	keen	vp_coord	unexpected	The manager retrofits and keen	1.3429943237497357e-06	1.3429943237497357e-06	19.5061149597168	19.5061149597168
1883	gpt2	1884	942	10	keen	vp_coord	expected	The manager retrofits and keens	0.0016460331407870006	0.0016460331407870006	11.561453819274902	11.561453819274902
1884	gpt2	1885	943	10	keep	vp_coord	unexpected	The manager retrofits and keep	4.436304516275413e-05	4.436304516275413e-05	14.460282325744627	14.460282325744627
1885	gpt2	1886	943	10	keep	vp_coord	expected	The manager retrofits and keeps	0.0037410787772387	0.0037410787772387	8.06233024597168	8.06233024597168
1886	gpt2	1887	944	10	key	vp_coord	unexpected	The manager retrofits and key	5.1912767958128825e-05	5.1912767958128825e-05	14.233551025390623	14.233551025390623
1887	gpt2	1888	944	10	key	vp_coord	expected	The manager retrofits and keys	2.6731373509392146e-05	2.6731373509392146e-05	15.191106796264648	15.191106796264648
1888	gpt2	1889	945	10	kick	vp_coord	unexpected	The manager retrofits and kick	1.5876892575761303e-05	1.5876892575761303e-05	15.94271183013916	15.94271183013916
1889	gpt2	1890	945	10	kick	vp_coord	expected	The manager retrofits and kicks	0.0001419038162566	0.0001419038162566	12.782798767089844	12.782798767089844
1890	gpt2	1891	946	10	kidnap	vp_coord	unexpected	The manager retrofits and kidnap	2.3918433456060484e-08	2.3918433456060484e-08	25.317302703857425	25.317302703857425
1891	gpt2	1892	946	10	kidnap	vp_coord	expected	The manager retrofits and kidnaps	0.4922226755367092	0.4922226755367092	9.420457312837243	9.420457312837243
1892	gpt2	1893	947	10	kill	vp_coord	unexpected	The manager retrofits and kill	2.5251943043258507e-06	2.5251943043258507e-06	18.59517478942871	18.59517478942871
1893	gpt2	1894	947	10	kill	vp_coord	expected	The manager retrofits and kills	0.0001564500853419	0.0001564500853419	12.642009735107422	12.642009735107422
1894	gpt2	1895	948	10	kiss	vp_coord	unexpected	The manager retrofits and kiss	7.681539671011707e-08	7.681539671011707e-08	23.63402938842773	23.63402938842773
1895	gpt2	1896	948	10	kiss	vp_coord	expected	The manager retrofits and kisses	3.983067472290713e-06	3.983067472290713e-06	17.93768882751465	17.93768882751465
1896	gpt2	1897	949	10	knock	vp_coord	unexpected	The manager retrofits and knock	2.722793169596116e-06	2.722793169596116e-06	18.486480712890625	18.486480712890625
1897	gpt2	1898	949	10	knock	vp_coord	expected	The manager retrofits and knocks	9.37626464292407e-05	9.37626464292407e-05	13.380627632141112	13.380627632141112
1898	gpt2	1899	950	10	know	vp_coord	unexpected	The manager retrofits and know	1.4845530813545338e-06	1.4845530813545338e-06	19.36153984069824	19.36153984069824
1899	gpt2	1900	950	10	know	vp_coord	expected	The manager retrofits and knows	7.037354225758463e-05	7.037354225758463e-05	13.794607162475586	13.794607162475586
1900	gpt2	1901	951	10	kowtow	vp_coord	unexpected	The manager retrofits and kowtow	0.2395208285252011	0.2395208285252011	8.028092553839087	8.028092553839087
1901	gpt2	1902	951	10	kowtow	vp_coord	expected	The manager retrofits and kowtows	0.4813613344394981	0.4813613344394981	6.0082994187250724	6.0082994187250724
1902	gpt2	1903	952	10	label	vp_coord	unexpected	The manager retrofits and label	1.833004535001237e-05	1.833004535001237e-05	15.735429763793944	15.735429763793944
1903	gpt2	1904	952	10	label	vp_coord	expected	The manager retrofits and labels	0.0002339045022381	0.0002339045022381	12.061792373657228	12.061792373657228
1904	gpt2	1905	953	10	lag	vp_coord	unexpected	The manager retrofits and lag	2.596530634946248e-07	2.596530634946248e-07	21.87691116333008	21.87691116333008
1905	gpt2	1906	953	10	lag	vp_coord	expected	The manager retrofits and lags	0.00738842315331565	0.00738842315331565	8.822783946990967	8.822783946990967
1906	gpt2	1907	954	10	land	vp_coord	unexpected	The manager retrofits and land	2.638147270772606e-05	2.638147270772606e-05	15.210115432739258	15.210115432739258
1907	gpt2	1908	954	10	land	vp_coord	expected	The manager retrofits and lands	0.0001454297598684	0.0001454297598684	12.747389793395996	12.747389793395996
1908	gpt2	1909	955	10	languish	vp_coord	unexpected	The manager retrofits and languish	0.007744004195636478	0.007744004195636478	14.07619047164917	14.07619047164917
1909	gpt2	1910	955	10	languish	vp_coord	expected	The manager retrofits and languishes	0.469021964995271	0.469021964995271	11.115964490920305	11.115964490920305
1910	gpt2	1911	956	10	lash	vp_coord	unexpected	The manager retrofits and lash	1.8969974746596566e-07	1.8969974746596566e-07	22.32977867126465	22.32977867126465
1911	gpt2	1912	956	10	lash	vp_coord	expected	The manager retrofits and lashes	3.0087110189924715e-06	3.0087110189924715e-06	18.34242248535156	18.34242248535156
1912	gpt2	1913	957	10	last	vp_coord	unexpected	The manager retrofits and last	3.872307934216224e-05	3.872307934216224e-05	14.65644645690918	14.65644645690918
1913	gpt2	1914	957	10	last	vp_coord	expected	The manager retrofits and lasts	1.4542025382979771e-05	1.4542025382979771e-05	16.069412231445312	16.069412231445312
1914	gpt2	1915	958	10	laugh	vp_coord	unexpected	The manager retrofits and laugh	8.030589242480346e-07	8.030589242480346e-07	20.24799156188965	20.24799156188965
1915	gpt2	1916	958	10	laugh	vp_coord	expected	The manager retrofits and laughs	1.1109254955954384e-05	1.1109254955954384e-05	16.45787811279297	16.45787811279297
1916	gpt2	1917	959	10	launch	vp_coord	unexpected	The manager retrofits and launch	1.5777151929796673e-05	1.5777151929796673e-05	15.95180320739746	15.95180320739746
1917	gpt2	1918	959	10	launch	vp_coord	expected	The manager retrofits and launches	0.000696659903042	0.000696659903042	10.487257957458496	10.487257957458496
1918	gpt2	1919	960	10	launder	vp_coord	unexpected	The manager retrofits and launder	0.0009377473761560001	0.0009377473761560001	10.438336849212646	10.438336849212646
1919	gpt2	1920	960	10	launder	vp_coord	expected	The manager retrofits and launders	0.3870320789901598	0.3870320789901598	8.544006645679474	8.544006645679474
1920	gpt2	1921	961	10	lay	vp_coord	unexpected	The manager retrofits and lay	3.119496977888048e-05	3.119496977888048e-05	14.968326568603516	14.968326568603516
1921	gpt2	1922	961	10	lay	vp_coord	expected	The manager retrofits and lays	0.0006134836003184	0.0006134836003184	10.670687675476074	10.670687675476074
1922	gpt2	1923	962	10	lead	vp_coord	unexpected	The manager retrofits and lead	7.465004728146596e-06	7.465004728146596e-06	17.03142547607422	17.03142547607422
1923	gpt2	1924	962	10	lead	vp_coord	expected	The manager retrofits and leads	0.0002215087151853	0.0002215087151853	12.140348434448242	12.140348434448242
1924	gpt2	1925	963	10	lean	vp_coord	unexpected	The manager retrofits and lean	1.2337367252257536e-06	1.2337367252257536e-06	19.6285343170166	19.6285343170166
1925	gpt2	1926	963	10	lean	vp_coord	expected	The manager retrofits and leans	1.7822429072111845e-05	1.7822429072111845e-05	15.775946617126465	15.775946617126465
1926	gpt2	1927	964	10	leapfrog	vp_coord	unexpected	The manager retrofits and leapfrog	0.22380584317123464	0.22380584317123464	11.181761026382446	11.181761026382446
1927	gpt2	1928	964	10	leapfrog	vp_coord	expected	The manager retrofits and leapfrogs	0.4728906541246545	0.4728906541246545	7.468629771222671	7.468629771222671
1928	gpt2	1929	965	10	leap	vp_coord	unexpected	The manager retrofits and leap	4.1400741679353814e-07	4.1400741679353814e-07	21.203840255737305	21.203840255737305
1929	gpt2	1930	965	10	leap	vp_coord	expected	The manager retrofits and leaps	1.456656536902301e-05	1.456656536902301e-05	16.066980361938477	16.066980361938477
1930	gpt2	1931	966	10	learn	vp_coord	unexpected	The manager retrofits and learn	6.661685802100692e-06	6.661685802100692e-06	17.195680618286133	17.195680618286133
1931	gpt2	1932	966	10	learn	vp_coord	expected	The manager retrofits and learns	0.0002237610024167	0.0002237610024167	12.12575340270996	12.12575340270996
1932	gpt2	1933	967	10	lease	vp_coord	unexpected	The manager retrofits and lease	1.0180046956520528e-05	1.0180046956520528e-05	16.58389663696289	16.58389663696289
1933	gpt2	1934	967	10	lease	vp_coord	expected	The manager retrofits and leases	0.0003044319164473	0.0003044319164473	11.68159294128418	11.68159294128418
1934	gpt2	1935	968	10	leave	vp_coord	unexpected	The manager retrofits and leave	6.033871613908559e-06	6.033871613908559e-06	17.338483810424805	17.338483810424805
1935	gpt2	1936	968	10	leave	vp_coord	expected	The manager retrofits and leaves	0.0007519770297221	0.0007519770297221	10.377023696899414	10.377023696899414
1936	gpt2	1937	969	10	lecture	vp_coord	unexpected	The manager retrofits and lecture	4.0387118360740725e-07	4.0387118360740725e-07	21.239601135253903	21.239601135253903
1937	gpt2	1938	969	10	lecture	vp_coord	expected	The manager retrofits and lectures	1.5063626051414758e-05	1.5063626051414758e-05	16.018571853637695	16.018571853637695
1938	gpt2	1939	970	10	legislate	vp_coord	unexpected	The manager retrofits and legislate	0.004224324829465283	0.004224324829465283	12.104148864746094	12.104148864746094
1939	gpt2	1940	970	10	legislate	vp_coord	expected	The manager retrofits and legislates	0.473707363705671	0.473707363705671	8.69906585663557	8.69906585663557
1940	gpt2	1941	971	10	legitimize	vp_coord	unexpected	The manager retrofits and legitimize	0.0027343293622834157	0.0027343293622834157	11.565640687942505	11.565640687942505
1941	gpt2	1942	971	10	legitimize	vp_coord	expected	The manager retrofits and legitimizes	0.4164065162622137	0.4164065162622137	7.9376872181892395	7.9376872181892395
1942	gpt2	1943	972	10	lend	vp_coord	unexpected	The manager retrofits and lend	8.555564932066773e-07	8.555564932066773e-07	20.156633377075195	20.156633377075195
1943	gpt2	1944	972	10	lend	vp_coord	expected	The manager retrofits and lends	0.0001665237359702	0.0001665237359702	12.551984786987305	12.551984786987305
1944	gpt2	1945	973	10	lengthen	vp_coord	unexpected	The manager retrofits and lengthen	0.03228210441011465	0.03228210441011465	7.732033133506775	7.732033133506775
1945	gpt2	1946	973	10	lengthen	vp_coord	expected	The manager retrofits and lengthens	0.45978992215532344	0.45978992215532344	5.812360055744648	5.812360055744648
1946	gpt2	1947	974	10	lessen	vp_coord	unexpected	The manager retrofits and lessen	4.724290931790165e-07	4.724290931790165e-07	21.013399124145508	21.013399124145508
1947	gpt2	1948	974	10	lessen	vp_coord	expected	The manager retrofits and lessens	0.4084480139244988	0.4084480139244988	7.274265542626381	7.274265542626381
1948	gpt2	1949	975	10	let	vp_coord	unexpected	The manager retrofits and let	7.079573697410524e-05	7.079573697410524e-05	13.785978317260742	13.785978317260742
1949	gpt2	1950	975	10	let	vp_coord	expected	The manager retrofits and lets	0.0003852637892123	0.0003852637892123	11.34186553955078	11.34186553955078
1950	gpt2	1951	976	10	level	vp_coord	unexpected	The manager retrofits and level	2.339980892429594e-05	2.339980892429594e-05	15.383143424987791	15.383143424987791
1951	gpt2	1952	976	10	level	vp_coord	expected	The manager retrofits and levels	4.892442302661948e-05	4.892442302661948e-05	14.319086074829102	14.319086074829102
1952	gpt2	1953	977	10	levy	vp_coord	unexpected	The manager retrofits and levy	1.5015876897450653e-07	1.5015876897450653e-07	22.667007446289062	22.667007446289062
1953	gpt2	1954	977	10	levy	vp_coord	expected	The manager retrofits and levies	0.3448195039266011	0.3448195039266011	8.986189872026443	8.986189872026443
1954	gpt2	1955	978	10	liberalize	vp_coord	unexpected	The manager retrofits and liberalize	0.008219944842494428	0.008219944842494428	10.741824626922607	10.741824626922607
1955	gpt2	1956	978	10	liberalize	vp_coord	expected	The manager retrofits and liberalizes	0.46728892491046287	0.46728892491046287	7.826407663524151	7.826407663524151
1956	gpt2	1957	979	10	license	vp_coord	unexpected	The manager retrofits and license	2.2048769096727483e-05	2.2048769096727483e-05	15.468942642211914	15.468942642211914
1957	gpt2	1958	979	10	license	vp_coord	expected	The manager retrofits and licenses	0.0001487888221163	0.0001487888221163	12.71444606781006	12.71444606781006
1958	gpt2	1959	980	10	lie	vp_coord	unexpected	The manager retrofits and lie	7.379973112620064e-07	7.379973112620064e-07	20.36988067626953	20.36988067626953
1959	gpt2	1960	980	10	lie	vp_coord	expected	The manager retrofits and lies	3.821912832790986e-05	3.821912832790986e-05	14.675345420837402	14.675345420837402
1960	gpt2	1961	981	11	lift	vp_coord	unexpected	The pilot ceases and lift	1.3334361028682906e-05	1.3334361028682906e-05	16.19449234008789	16.19449234008789
1961	gpt2	1962	981	11	lift	vp_coord	expected	The pilot ceases and lifts	0.0001872865977929	0.0001872865977929	12.382464408874512	12.382464408874512
1962	gpt2	1963	982	11	lighten	vp_coord	unexpected	The pilot ceases and lighten	0.0014077029481995502	0.0014077029481995502	10.453789710998535	10.453789710998535
1963	gpt2	1964	982	11	lighten	vp_coord	expected	The pilot ceases and lightens	0.0025793982495088	0.0025793982495088	9.993101835250854	9.993101835250854
1964	gpt2	1965	983	11	light	vp_coord	unexpected	The pilot ceases and light	0.0001939302892424	0.0001939302892424	12.33217430114746	12.33217430114746
1965	gpt2	1966	983	11	light	vp_coord	expected	The pilot ceases and lights	0.0030259969644248	0.0030259969644248	8.36837387084961	8.36837387084961
1966	gpt2	1967	984	11	like	vp_coord	unexpected	The pilot ceases and like	1.844089274527505e-05	1.844089274527505e-05	15.72673225402832	15.72673225402832
1967	gpt2	1968	984	11	like	vp_coord	expected	The pilot ceases and likes	6.851302032373496e-07	6.851302032373496e-07	20.47711753845215	20.47711753845215
1968	gpt2	1969	985	11	limit	vp_coord	unexpected	The pilot ceases and limit	5.976997385914729e-07	5.976997385914729e-07	20.674076080322266	20.674076080322266
1969	gpt2	1970	985	11	limit	vp_coord	expected	The pilot ceases and limits	1.1503974747029131e-05	1.1503974747029131e-05	16.407508850097656	16.407508850097656
1970	gpt2	1971	986	11	line	vp_coord	unexpected	The pilot ceases and line	4.072107913088985e-05	4.072107913088985e-05	14.583864212036133	14.583864212036133
1971	gpt2	1972	986	11	line	vp_coord	expected	The pilot ceases and lines	9.349352330900727e-05	9.349352330900727e-05	13.384774208068848	13.384774208068848
1972	gpt2	1973	987	11	linger	vp_coord	unexpected	The pilot ceases and linger	3.016255277543678e-06	3.016255277543678e-06	18.338809967041016	18.338809967041016
1973	gpt2	1974	987	11	linger	vp_coord	expected	The pilot ceases and lingers	0.4726851443620035	0.4726851443620035	7.8627890571951875	7.8627890571951875
1974	gpt2	1975	988	11	link	vp_coord	unexpected	The pilot ceases and link	1.969074219232425e-06	1.969074219232425e-06	18.954051971435547	18.954051971435547
1975	gpt2	1976	988	11	link	vp_coord	expected	The pilot ceases and links	1.7953614587895572e-05	1.7953614587895572e-05	15.765366554260254	15.765366554260254
1976	gpt2	1977	989	11	liquefy	vp_coord	unexpected	The pilot ceases and liquefy	0.37178656752181877	0.37178656752181877	7.627619199454784	7.627619199454784
1977	gpt2	1978	989	11	liquefy	vp_coord	expected	The pilot ceases and liquefies	0.5410431851473732	0.5410431851473732	6.941864304244518	6.941864304244518
1978	gpt2	1979	990	11	liquidate	vp_coord	unexpected	The pilot ceases and liquidate	0.0036667438944277377	0.0036667438944277377	10.378681659698486	10.378681659698486
1979	gpt2	1980	990	11	liquidate	vp_coord	expected	The pilot ceases and liquidates	0.047718484445795135	0.047718484445795135	8.520592212677002	8.520592212677002
1980	gpt2	1981	991	11	listen	vp_coord	unexpected	The pilot ceases and listen	3.65405940101482e-05	3.65405940101482e-05	14.740139961242676	14.740139961242676
1981	gpt2	1982	991	11	listen	vp_coord	expected	The pilot ceases and listens	0.0001863771904027	0.0001863771904027	12.389487266540527	12.389487266540527
1982	gpt2	1983	992	11	list	vp_coord	unexpected	The pilot ceases and list	4.781285497301724e-06	4.781285497301724e-06	17.674169540405273	17.674169540405273
1983	gpt2	1984	992	11	list	vp_coord	expected	The pilot ceases and lists	8.916072147258092e-06	8.916072147258092e-06	16.77515983581543	16.77515983581543
1984	gpt2	1985	993	11	live	vp_coord	unexpected	The pilot ceases and live	3.836585892713629e-05	3.836585892713629e-05	14.669816970825195	14.669816970825195
1985	gpt2	1986	993	11	live	vp_coord	expected	The pilot ceases and lives	0.0001577231596456	0.0001577231596456	12.63031768798828	12.63031768798828
1986	gpt2	1987	994	11	load	vp_coord	unexpected	The pilot ceases and load	0.0001136020000558	0.0001136020000558	13.103724479675291	13.103724479675291
1987	gpt2	1988	994	11	load	vp_coord	expected	The pilot ceases and loads	0.0002220929600298	0.0002220929600298	12.13654899597168	12.13654899597168
1988	gpt2	1989	995	11	loan	vp_coord	unexpected	The pilot ceases and loan	4.948099558532704e-06	4.948099558532704e-06	17.62469482421875	17.62469482421875
1989	gpt2	1990	995	11	loan	vp_coord	expected	The pilot ceases and loans	2.0566249077091925e-06	2.0566249077091925e-06	18.89129066467285	18.89129066467285
1990	gpt2	1991	996	11	lobby	vp_coord	unexpected	The pilot ceases and lobby	1.5845753296162002e-06	1.5845753296162002e-06	19.26747131347656	19.26747131347656
1991	gpt2	1992	996	11	lobby	vp_coord	expected	The pilot ceases and lobbies	0.4984906516281171	0.4984906516281171	8.800271600252017	8.800271600252017
1992	gpt2	1993	997	11	locate	vp_coord	unexpected	The pilot ceases and locate	3.614201432355912e-06	3.614201432355912e-06	18.0778923034668	18.0778923034668
1993	gpt2	1994	997	11	locate	vp_coord	expected	The pilot ceases and locates	0.4746134254528443	0.4746134254528443	6.0634166933596125	6.0634166933596125
1994	gpt2	1995	998	11	lock	vp_coord	unexpected	The pilot ceases and lock	3.092677434324287e-05	3.092677434324287e-05	14.98078441619873	14.98078441619873
1995	gpt2	1996	998	11	lock	vp_coord	expected	The pilot ceases and locks	0.0002165793848689	0.0002165793848689	12.172816276550291	12.172816276550291
1996	gpt2	1997	999	11	lodge	vp_coord	unexpected	The pilot ceases and lodge	1.3632303534905077e-06	1.3632303534905077e-06	19.484539031982425	19.484539031982425
1997	gpt2	1998	999	11	lodge	vp_coord	expected	The pilot ceases and lodges	0.47270172846265274	0.47270172846265274	8.04900198802352	8.04900198802352
1998	gpt2	1999	1000	11	log	vp_coord	unexpected	The pilot ceases and log	2.3028287614579316e-05	2.3028287614579316e-05	15.40623378753662	15.40623378753662
1999	gpt2	2000	1000	11	log	vp_coord	expected	The pilot ceases and logs	0.000120347009215	0.000120347009215	13.020511627197266	13.020511627197266
2000	gpt2	2001	1001	11	look	vp_coord	unexpected	The pilot ceases and look	0.0001233806251548	0.0001233806251548	12.984596252441406	12.984596252441406
2001	gpt2	2002	1001	11	look	vp_coord	expected	The pilot ceases and looks	0.0014370887074619	0.0014370887074619	9.442635536193848	9.442635536193848
2002	gpt2	2003	1002	11	loom	vp_coord	unexpected	The pilot ceases and loom	0.012642159019833326	0.012642159019833326	10.946562051773071	10.946562051773071
2003	gpt2	2004	1002	11	loom	vp_coord	expected	The pilot ceases and looms	6.514185770356562e-06	6.514185770356562e-06	17.227983474731445	17.227983474731445
2004	gpt2	2005	1003	11	loosen	vp_coord	unexpected	The pilot ceases and loosen	1.248324252856037e-07	1.248324252856037e-07	22.933504104614254	22.933504104614254
2005	gpt2	2006	1003	11	loosen	vp_coord	expected	The pilot ceases and loosens	0.4569573143699017	0.4569573143699017	9.864259369671345	9.864259369671345
2006	gpt2	2007	1004	11	loose	vp_coord	unexpected	The pilot ceases and loose	5.998925871608662e-07	5.998925871608662e-07	20.66879272460937	20.66879272460937
2007	gpt2	2008	1004	11	loose	vp_coord	expected	The pilot ceases and looses	0.2856990824316199	0.2856990824316199	8.697194278240204	8.697194278240204
2008	gpt2	2009	1005	11	loot	vp_coord	unexpected	The pilot ceases and loot	1.5120008356461767e-06	1.5120008356461767e-06	19.33510971069336	19.33510971069336
2009	gpt2	2010	1005	11	loot	vp_coord	expected	The pilot ceases and loots	0.0010386666690464501	0.0010386666690464501	11.040247917175293	11.040247917175293
2010	gpt2	2011	1006	11	lose	vp_coord	unexpected	The pilot ceases and lose	3.126852334389696e-06	3.126852334389696e-06	18.28685760498047	18.28685760498047
2011	gpt2	2012	1006	11	lose	vp_coord	expected	The pilot ceases and loses	0.0003058456059079	0.0003058456059079	11.674908638000488	11.674908638000488
2012	gpt2	2013	1007	11	love	vp_coord	unexpected	The pilot ceases and love	9.254035830963404e-07	9.254035830963404e-07	20.043413162231445	20.043413162231445
2013	gpt2	2014	1007	11	love	vp_coord	expected	The pilot ceases and loves	9.319431910626008e-07	9.319431910626008e-07	20.03325462341309	20.03325462341309
2014	gpt2	2015	1008	11	lower	vp_coord	unexpected	The pilot ceases and lower	1.576707472850103e-05	1.576707472850103e-05	15.952725410461426	15.952725410461426
2015	gpt2	2016	1008	11	lower	vp_coord	expected	The pilot ceases and lowers	0.000187957950402	0.000187957950402	12.377302169799805	12.377302169799805
2016	gpt2	2017	1009	11	lunch	vp_coord	unexpected	The pilot ceases and lunch	1.288560906687053e-05	1.288560906687053e-05	16.243879318237305	16.243879318237305
2017	gpt2	2018	1009	11	lunch	vp_coord	expected	The pilot ceases and lunches	0.12323056812749651	0.12323056812749651	10.110251188278198	10.110251188278198
2018	gpt2	2019	1010	11	lure	vp_coord	unexpected	The pilot ceases and lure	4.043837691369845e-07	4.043837691369845e-07	21.23777198791504	21.23777198791504
2019	gpt2	2020	1010	11	lure	vp_coord	expected	The pilot ceases and lures	0.028322958823991898	0.028322958823991898	8.616085052490234	8.616085052490234
2020	gpt2	2021	1011	11	mail	vp_coord	unexpected	The pilot ceases and mail	5.664417585649062e-06	5.664417585649062e-06	17.429641723632812	17.429641723632812
2021	gpt2	2022	1011	11	mail	vp_coord	expected	The pilot ceases and mails	0.0106465419376036	0.0106465419376036	9.380810976028442	9.380810976028442
2022	gpt2	2023	1012	11	maintain	vp_coord	unexpected	The pilot ceases and maintain	5.783017059002304e-06	5.783017059002304e-06	17.39974594116211	17.39974594116211
2023	gpt2	2024	1012	11	maintain	vp_coord	expected	The pilot ceases and maintains	3.894566179951653e-05	3.894566179951653e-05	14.648178100585938	14.648178100585938
2024	gpt2	2025	1013	11	make	vp_coord	unexpected	The pilot ceases and make	5.533985313377343e-05	5.533985313377343e-05	14.141321182250977	14.141321182250977
2025	gpt2	2026	1013	11	make	vp_coord	expected	The pilot ceases and makes	0.0010071301367133	0.0010071301367133	9.955533981323242	9.955533981323242
2026	gpt2	2027	1014	11	manage	vp_coord	unexpected	The pilot ceases and manage	1.1836814337584656e-06	1.1836814337584656e-06	19.68828773498535	19.68828773498535
2027	gpt2	2028	1014	11	manage	vp_coord	expected	The pilot ceases and manages	3.807106986641884e-05	3.807106986641884e-05	14.68094539642334	14.68094539642334
2028	gpt2	2029	1015	11	mandate	vp_coord	unexpected	The pilot ceases and mandate	3.350592692186183e-07	3.350592692186183e-07	21.50908088684082	21.50908088684082
2029	gpt2	2030	1015	11	mandate	vp_coord	expected	The pilot ceases and mandates	1.4335337255033664e-06	1.4335337255033664e-06	19.4119930267334	19.4119930267334
2030	gpt2	2031	1016	11	maneuver	vp_coord	unexpected	The pilot ceases and maneuver	1.454371704312507e-05	1.454371704312507e-05	16.069244384765625	16.069244384765625
2031	gpt2	2032	1016	11	maneuver	vp_coord	expected	The pilot ceases and maneuvers	6.961750477785245e-05	6.961750477785245e-05	13.810190200805664	13.810190200805664
2032	gpt2	2033	1017	11	manipulate	vp_coord	unexpected	The pilot ceases and manipulate	1.0956407692219729e-07	1.0956407692219729e-07	23.121721267700195	23.121721267700195
2033	gpt2	2034	1017	11	manipulate	vp_coord	expected	The pilot ceases and manipulates	0.162470616376595	0.162470616376595	9.329447746276855	9.329447746276855
2034	gpt2	2035	1018	11	manufacture	vp_coord	unexpected	The pilot ceases and manufacture	6.775874794584524e-07	6.775874794584524e-07	20.49308967590332	20.49308967590332
2035	gpt2	2036	1018	11	manufacture	vp_coord	expected	The pilot ceases and manufactures	1.4967246215746854e-06	1.4967246215746854e-06	19.349760055541992	19.349760055541992
2036	gpt2	2037	1019	11	man	vp_coord	unexpected	The pilot ceases and man	0.0001883254153653	0.0001883254153653	12.37448501586914	12.37448501586914
2037	gpt2	2038	1019	11	man	vp_coord	expected	The pilot ceases and mans	4.824614165954699e-07	4.824614165954699e-07	20.983083724975582	20.983083724975582
2038	gpt2	2039	1020	11	march	vp_coord	unexpected	The pilot ceases and march	6.654587195953354e-06	6.654587195953354e-06	17.197219848632812	17.197219848632812
2039	gpt2	2040	1020	11	march	vp_coord	expected	The pilot ceases and marches	2.1104069674038328e-05	2.1104069674038328e-05	15.532118797302246	15.532118797302246
2040	gpt2	2041	1021	11	market	vp_coord	unexpected	The pilot ceases and market	3.437111217863276e-06	3.437111217863276e-06	18.150371551513672	18.150371551513672
2041	gpt2	2042	1021	11	market	vp_coord	expected	The pilot ceases and markets	6.367947207763791e-06	6.367947207763791e-06	17.260740280151367	17.260740280151367
2042	gpt2	2043	1022	11	mark	vp_coord	unexpected	The pilot ceases and mark	3.1018798836157657e-06	3.1018798836157657e-06	18.29842567443848	18.29842567443848
2043	gpt2	2044	1022	11	mark	vp_coord	expected	The pilot ceases and marks	9.060250886250289e-05	9.060250886250289e-05	13.430088996887209	13.430088996887209
2044	gpt2	2045	1023	11	marry	vp_coord	unexpected	The pilot ceases and marry	9.307880333153663e-08	9.307880333153663e-08	23.356971740722656	23.356971740722656
2045	gpt2	2046	1023	11	marry	vp_coord	expected	The pilot ceases and marries	0.4764436370733165	0.4764436370733165	8.165362723171711	8.165362723171711
2046	gpt2	2047	1024	11	marvel	vp_coord	unexpected	The pilot ceases and marvel	8.417799790549907e-07	8.417799790549907e-07	20.1800537109375	20.1800537109375
2047	gpt2	2048	1024	11	marvel	vp_coord	expected	The pilot ceases and marvels	0.4835192597724358	0.4835192597724358	10.114204850047827	10.114204850047827
2048	gpt2	2049	1025	11	massage	vp_coord	unexpected	The pilot ceases and massage	5.104772071717889e-07	5.104772071717889e-07	20.901649475097656	20.901649475097656
2049	gpt2	2050	1025	11	massage	vp_coord	expected	The pilot ceases and massages	0.04149637552018245	0.04149637552018245	10.030091166496277	10.030091166496277
2050	gpt2	2051	1026	11	master	vp_coord	unexpected	The pilot ceases and master	4.040166004415369e-06	4.040166004415369e-06	17.91715431213379	17.91715431213379
2051	gpt2	2052	1026	11	master	vp_coord	expected	The pilot ceases and masters	5.670833616022719e-06	5.670833616022719e-06	17.428007125854492	17.428007125854492
2052	gpt2	2053	1027	11	match	vp_coord	unexpected	The pilot ceases and match	3.293690951977624e-06	3.293690951977624e-06	18.211862564086918	18.211862564086918
2053	gpt2	2054	1027	11	match	vp_coord	expected	The pilot ceases and matches	1.8510014342609796e-05	1.8510014342609796e-05	15.72133445739746	15.72133445739746
2054	gpt2	2055	1028	11	materialize	vp_coord	unexpected	The pilot ceases and materialize	0.00022220365826793682	0.00022220365826793682	12.927358627319336	12.927358627319336
2055	gpt2	2056	1028	11	materialize	vp_coord	expected	The pilot ceases and materializes	0.005760905480201437	0.005760905480201437	10.512221574783325	10.512221574783325
2056	gpt2	2057	1029	11	matter	vp_coord	unexpected	The pilot ceases and matter	2.268161324536777e-06	2.268161324536777e-06	18.750045776367188	18.750045776367188
2057	gpt2	2058	1029	11	matter	vp_coord	expected	The pilot ceases and matters	2.084139850921929e-05	2.084139850921929e-05	15.550188064575195	15.550188064575195
2058	gpt2	2059	1030	11	mature	vp_coord	unexpected	The pilot ceases and mature	5.108395839670266e-07	5.108395839670266e-07	20.90062713623047	20.90062713623047
2059	gpt2	2060	1030	11	mature	vp_coord	expected	The pilot ceases and matures	0.2921503322436365	0.2921503322436365	8.785543859004974	8.785543859004974
2060	gpt2	2061	1031	11	maul	vp_coord	unexpected	The pilot ceases and maul	0.0013756759217358	0.0013756759217358	10.881682872772217	10.881682872772217
2061	gpt2	2062	1031	11	maul	vp_coord	expected	The pilot ceases and mauls	0.31165011771857587	0.31165011771857587	7.288218627373378	7.288218627373378
2062	gpt2	2063	1032	11	maximize	vp_coord	unexpected	The pilot ceases and maximize	2.510683039247397e-08	2.510683039247397e-08	25.247344970703125	25.247344970703125
2063	gpt2	2064	1032	11	maximize	vp_coord	expected	The pilot ceases and maximizes	0.33096483273899935	0.33096483273899935	10.39526218175888	10.39526218175888
2064	gpt2	2065	1033	11	mean	vp_coord	unexpected	The pilot ceases and mean	3.563297639175289e-07	3.563297639175289e-07	21.420284271240234	21.420284271240234
2065	gpt2	2066	1033	11	mean	vp_coord	expected	The pilot ceases and means	9.218697232427076e-05	9.218697232427076e-05	13.405077934265137	13.405077934265137
2066	gpt2	2067	1034	11	measure	vp_coord	unexpected	The pilot ceases and measure	1.2198901231386117e-06	1.2198901231386117e-06	19.64481735229492	19.64481735229492
2067	gpt2	2068	1034	11	measure	vp_coord	expected	The pilot ceases and measures	5.5854958191048354e-05	5.5854958191048354e-05	14.127955436706545	14.127955436706545
2068	gpt2	2069	1035	11	mediate	vp_coord	unexpected	The pilot ceases and mediate	0.0016675727611072768	0.0016675727611072768	11.637410640716553	11.637410640716553
2069	gpt2	2070	1035	11	mediate	vp_coord	expected	The pilot ceases and mediates	0.29798962101676807	0.29798962101676807	9.588786751031876	9.588786751031876
2070	gpt2	2071	1036	11	meet	vp_coord	unexpected	The pilot ceases and meet	1.269448966922937e-05	1.269448966922937e-05	16.265438079833984	16.265438079833984
2071	gpt2	2072	1036	11	meet	vp_coord	expected	The pilot ceases and meets	0.0001496730401413	0.0001496730401413	12.70589828491211	12.70589828491211
2072	gpt2	2073	1037	11	meld	vp_coord	unexpected	The pilot ceases and meld	0.015357557742390745	0.015357557742390745	9.381644248962402	9.381644248962402
2073	gpt2	2074	1037	11	meld	vp_coord	expected	The pilot ceases and melds	0.30381824825114256	0.30381824825114256	6.315500343839328	6.315500343839328
2074	gpt2	2075	1038	11	melt	vp_coord	unexpected	The pilot ceases and melt	5.831612384099571e-07	5.831612384099571e-07	20.70960235595703	20.70960235595703
2075	gpt2	2076	1038	11	melt	vp_coord	expected	The pilot ceases and melts	3.5144714729540283e-06	3.5144714729540283e-06	18.118261337280277	18.118261337280277
2076	gpt2	2077	1039	11	mention	vp_coord	unexpected	The pilot ceases and mention	6.383406230270339e-07	6.383406230270339e-07	20.57917022705078	20.57917022705078
2077	gpt2	2078	1039	11	mention	vp_coord	expected	The pilot ceases and mentions	1.2429311027517542e-05	1.2429311027517542e-05	16.295894622802734	16.295894622802734
2078	gpt2	2079	1040	11	merge	vp_coord	unexpected	The pilot ceases and merge	9.28869212657446e-06	9.28869212657446e-06	16.716093063354492	16.716093063354492
2079	gpt2	2080	1040	11	merge	vp_coord	expected	The pilot ceases and merges	0.4898856981149038	0.4898856981149038	8.474497593939304	8.474497593939304
2080	gpt2	2081	1041	11	merit	vp_coord	unexpected	The pilot ceases and merit	5.189061269561535e-08	5.189061269561535e-08	24.199951171875	24.199951171875
2081	gpt2	2082	1041	11	merit	vp_coord	expected	The pilot ceases and merits	3.594040549614874e-07	3.594040549614874e-07	21.40789031982422	21.40789031982422
2082	gpt2	2083	1042	11	mesh	vp_coord	unexpected	The pilot ceases and mesh	5.773574685008498e-07	5.773574685008498e-07	20.724031448364254	20.724031448364254
2083	gpt2	2084	1042	11	mesh	vp_coord	expected	The pilot ceases and meshes	1.2989527249374078e-06	1.2989527249374078e-06	19.55422019958496	19.55422019958496
2084	gpt2	2085	1043	11	migrate	vp_coord	unexpected	The pilot ceases and migrate	2.8408988939077066e-08	2.8408988939077066e-08	25.069076538085938	25.069076538085938
2085	gpt2	2086	1043	11	migrate	vp_coord	expected	The pilot ceases and migrates	0.3978634767800031	0.3978634767800031	8.156501427292824	8.156501427292824
2086	gpt2	2087	1044	11	militate	vp_coord	unexpected	The pilot ceases and militate	0.006095528933272442	0.006095528933272442	14.179847717285156	14.179847717285156
2087	gpt2	2088	1044	11	militate	vp_coord	expected	The pilot ceases and militates	0.07628212110610375	0.07628212110610375	12.35707402229309	12.35707402229309
2088	gpt2	2089	1045	11	milk	vp_coord	unexpected	The pilot ceases and milk	1.8270574173584464e-06	1.8270574173584464e-06	19.06204605102539	19.06204605102539
2089	gpt2	2090	1045	11	milk	vp_coord	expected	The pilot ceases and milks	0.11341413807588192	0.11341413807588192	10.259383082389833	10.259383082389833
2090	gpt2	2091	1046	11	mimic	vp_coord	unexpected	The pilot ceases and mimic	1.284548716284917e-07	1.284548716284917e-07	22.892234802246094	22.892234802246094
2091	gpt2	2092	1046	11	mimic	vp_coord	expected	The pilot ceases and mimics	0.4729911814769139	0.4729911814769139	9.156822033226492	9.156822033226492
2092	gpt2	2093	1047	11	mince	vp_coord	unexpected	The pilot ceases and mince	8.838648864183341e-05	8.838648864183341e-05	13.495725154876709	13.495725154876709
2093	gpt2	2094	1047	11	mince	vp_coord	expected	The pilot ceases and minces	0.000943127526170381	0.000943127526170381	12.6486177444458	12.6486177444458
2094	gpt2	2095	1048	11	mind	vp_coord	unexpected	The pilot ceases and mind	4.304345111449948e-06	4.304345111449948e-06	17.825775146484375	17.825775146484375
2095	gpt2	2096	1048	11	mind	vp_coord	expected	The pilot ceases and minds	1.6696197917553943e-06	1.6696197917553943e-06	19.192049026489254	19.192049026489254
2096	gpt2	2097	1049	11	minimize	vp_coord	unexpected	The pilot ceases and minimize	1.3487553474078598e-07	1.3487553474078598e-07	22.821866989135746	22.821866989135746
2097	gpt2	2098	1049	11	minimize	vp_coord	expected	The pilot ceases and minimizes	0.29956726257114497	0.29956726257114497	9.08962169289589	9.08962169289589
2098	gpt2	2099	1050	11	mirror	vp_coord	unexpected	The pilot ceases and mirror	4.243158855388174e-07	4.243158855388174e-07	21.168357849121094	21.168357849121094
2099	gpt2	2100	1050	11	mirror	vp_coord	expected	The pilot ceases and mirrors	1.2420400707924271e-05	1.2420400707924271e-05	16.29692840576172	16.29692840576172
2100	gpt2	2101	1051	11	misinterpret	vp_coord	unexpected	The pilot ceases and misinterpret	5.561997795666685e-08	5.561997795666685e-08	24.09982109069824	24.09982109069824
2101	gpt2	2102	1051	11	misinterpret	vp_coord	expected	The pilot ceases and misinterprets	0.49354336554097245	0.49354336554097245	5.694904448930174	5.694904448930174
2102	gpt2	2103	1052	11	misrepresent	vp_coord	unexpected	The pilot ceases and misrepresent	1.472023427595559e-07	1.472023427595559e-07	22.695695877075195	22.695695877075195
2103	gpt2	2104	1052	11	misrepresent	vp_coord	expected	The pilot ceases and misrepresents	0.3460461941722315	0.3460461941722315	6.793371616552274	6.793371616552274
2104	gpt2	2105	1053	11	miss	vp_coord	unexpected	The pilot ceases and miss	1.5883441619735097e-06	1.5883441619735097e-06	19.26404571533203	19.26404571533203
2105	gpt2	2106	1053	11	miss	vp_coord	expected	The pilot ceases and misses	3.61450292984955e-05	3.61450292984955e-05	14.75584316253662	14.75584316253662
2106	gpt2	2107	1054	11	mistreat	vp_coord	unexpected	The pilot ceases and mistreat	0.013460534692399042	0.013460534692399042	11.690782070159914	11.690782070159914
2107	gpt2	2108	1054	11	mistreat	vp_coord	expected	The pilot ceases and mistreats	0.3373332936767686	0.3373332936767686	7.801084363833071	7.801084363833071
2108	gpt2	2109	1055	11	mitigate	vp_coord	unexpected	The pilot ceases and mitigate	7.635948406914396e-08	7.635948406914396e-08	23.64261817932129	23.64261817932129
2109	gpt2	2110	1055	11	mitigate	vp_coord	expected	The pilot ceases and mitigates	0.6127866232909392	0.6127866232909392	6.9479972232754035	6.9479972232754035
2110	gpt2	2111	1056	11	mix	vp_coord	unexpected	The pilot ceases and mix	1.462626187276328e-06	1.462626187276328e-06	19.383007049560547	19.383007049560547
2111	gpt2	2112	1056	11	mix	vp_coord	expected	The pilot ceases and mixes	1.634512773307506e-05	1.634512773307506e-05	15.900779724121094	15.900779724121094
2112	gpt2	2113	1057	11	moan	vp_coord	unexpected	The pilot ceases and moan	1.383302361546157e-07	1.383302361546157e-07	22.78537940979004	22.78537940979004
2113	gpt2	2114	1057	11	moan	vp_coord	expected	The pilot ceases and moans	0.33427944499726436	0.33427944499726436	8.065046846866608	8.065046846866608
2114	gpt2	2115	1058	11	mobilize	vp_coord	unexpected	The pilot ceases and mobilize	7.196003082299286e-08	7.196003082299286e-08	23.72822952270508	23.72822952270508
2115	gpt2	2116	1058	11	mobilize	vp_coord	expected	The pilot ceases and mobilizes	0.2528339839768705	0.2528339839768705	9.440518349409103	9.440518349409103
2116	gpt2	2117	1059	11	model	vp_coord	unexpected	The pilot ceases and model	1.0254382686980534e-05	1.0254382686980534e-05	16.573400497436523	16.573400497436523
2117	gpt2	2118	1059	11	model	vp_coord	expected	The pilot ceases and models	1.7607484551263042e-05	1.7607484551263042e-05	15.793451309204102	15.793451309204102
2118	gpt2	2119	1060	11	moderate	vp_coord	unexpected	The pilot ceases and moderate	2.091122951242141e-06	2.091122951242141e-06	18.86729049682617	18.86729049682617
2119	gpt2	2120	1060	11	moderate	vp_coord	expected	The pilot ceases and moderates	8.310554449053598e-07	8.310554449053598e-07	20.19855117797852	20.19855117797852
2120	gpt2	2121	1061	11	modernize	vp_coord	unexpected	The pilot ceases and modernize	0.013217882872822858	0.013217882872822858	11.806692361831667	11.806692361831667
2121	gpt2	2122	1061	11	modernize	vp_coord	expected	The pilot ceases and modernizes	0.025873603918853356	0.025873603918853356	11.322157859802248	11.322157859802248
2122	gpt2	2123	1062	11	modify	vp_coord	unexpected	The pilot ceases and modify	7.069507432788669e-07	7.069507432788669e-07	20.431886672973636	20.431886672973636
2123	gpt2	2124	1062	11	modify	vp_coord	expected	The pilot ceases and modifies	0.4828504337506274	0.4828504337506274	8.121361963450909	8.121361963450909
2124	gpt2	2125	1063	11	mollify	vp_coord	unexpected	The pilot ceases and mollify	0.0020167779584880333	0.0020167779584880333	11.157606442769369	11.157606442769369
2125	gpt2	2126	1063	11	mollify	vp_coord	expected	The pilot ceases and mollifies	0.12295305372875491	0.12295305372875491	9.161639054616293	9.161639054616293
2126	gpt2	2127	1064	11	monitor	vp_coord	unexpected	The pilot ceases and monitor	3.9150138036347926e-05	3.9150138036347926e-05	14.640623092651367	14.640623092651367
2127	gpt2	2128	1064	11	monitor	vp_coord	expected	The pilot ceases and monitors	0.0002707645180635	0.0002707645180635	11.85067367553711	11.85067367553711
2128	gpt2	2129	1065	11	monopolize	vp_coord	unexpected	The pilot ceases and monopolize	0.016975557737854523	0.016975557737854523	14.058377265930176	14.058377265930176
2129	gpt2	2130	1065	11	monopolize	vp_coord	expected	The pilot ceases and monopolizes	0.3170621901088033	0.3170621901088033	11.946757733821869	11.946757733821869
2130	gpt2	2131	1066	11	mop	vp_coord	unexpected	The pilot ceases and mop	0.00453107387147605	0.00453107387147605	10.001935243606567	10.001935243606567
2131	gpt2	2132	1066	11	mop	vp_coord	expected	The pilot ceases and mops	0.00199853142112255	0.00199853142112255	10.603313446044922	10.603313446044922
2132	gpt2	2133	1067	11	mortgage	vp_coord	unexpected	The pilot ceases and mortgage	8.191454412553867e-07	8.191454412553867e-07	20.219377517700195	20.219377517700195
2133	gpt2	2134	1067	11	mortgage	vp_coord	expected	The pilot ceases and mortgages	2.425327352284512e-07	2.425327352284512e-07	21.975317001342773	21.975317001342773
2134	gpt2	2135	1068	11	motivate	vp_coord	unexpected	The pilot ceases and motivate	8.299058151806095e-08	8.299058151806095e-08	23.522476196289062	23.522476196289062
2135	gpt2	2136	1068	11	motivate	vp_coord	expected	The pilot ceases and motivates	0.4651604036093886	0.4651604036093886	8.523749493062496	8.523749493062496
2136	gpt2	2137	1069	11	mount	vp_coord	unexpected	The pilot ceases and mount	5.50110098629375e-06	5.50110098629375e-06	17.471847534179688	17.471847534179688
2137	gpt2	2138	1069	11	mount	vp_coord	expected	The pilot ceases and mounts	7.005246879998595e-05	7.005246879998595e-05	13.801204681396484	13.801204681396484
2138	gpt2	2139	1070	11	move	vp_coord	unexpected	The pilot ceases and move	8.82692911545746e-05	8.82692911545746e-05	13.467728614807127	13.467728614807127
2139	gpt2	2140	1070	11	move	vp_coord	expected	The pilot ceases and moves	0.0014817625051364	0.0014817625051364	9.398469924926758	9.398469924926758
2140	gpt2	2141	1071	11	mow	vp_coord	unexpected	The pilot ceases and mow	0.0004913171214866	0.0004913171214866	11.678499221801758	11.678499221801758
2141	gpt2	2142	1071	11	mow	vp_coord	expected	The pilot ceases and mows	0.0061641521970159	0.0061641521970159	9.777647972106934	9.777647972106934
2142	gpt2	2143	1072	11	mull	vp_coord	unexpected	The pilot ceases and mull	3.0097585295152385e-06	3.0097585295152385e-06	18.341920852661133	18.341920852661133
2143	gpt2	2144	1072	11	mull	vp_coord	expected	The pilot ceases and mulls	0.4306828527262496	0.4306828527262496	9.278614051640034	9.278614051640034
2144	gpt2	2145	1073	11	multiply	vp_coord	unexpected	The pilot ceases and multiply	5.33166428340337e-07	5.33166428340337e-07	20.838911056518555	20.838911056518555
2145	gpt2	2146	1073	11	multiply	vp_coord	expected	The pilot ceases and multiplies	0.4059446198225487	0.4059446198225487	9.603595286607742	9.603595286607742
2146	gpt2	2147	1074	11	muse	vp_coord	unexpected	The pilot ceases and muse	1.3208831717292926e-07	1.3208831717292926e-07	22.851993560791016	22.851993560791016
2147	gpt2	2148	1074	11	muse	vp_coord	expected	The pilot ceases and muses	0.09638372859058107	0.09638372859058107	10.413835406303406	10.413835406303406
2148	gpt2	2149	1075	11	muster	vp_coord	unexpected	The pilot ceases and muster	1.8189687978065197e-07	1.8189687978065197e-07	22.3903751373291	22.3903751373291
2149	gpt2	2150	1075	11	muster	vp_coord	expected	The pilot ceases and musters	0.00024012961102922418	0.00024012961102922418	13.59654426574707	13.59654426574707
2150	gpt2	2151	1076	11	mute	vp_coord	unexpected	The pilot ceases and mute	3.886575541400816e-06	3.886575541400816e-06	17.973068237304688	17.973068237304688
2151	gpt2	2152	1076	11	mute	vp_coord	expected	The pilot ceases and mutes	0.004783396165294051	0.004783396165294051	9.962393045425415	9.962393045425415
2152	gpt2	2153	1077	11	nail	vp_coord	unexpected	The pilot ceases and nail	8.122535888333006e-08	8.122535888333006e-08	23.55349540710449	23.55349540710449
2153	gpt2	2154	1077	11	nail	vp_coord	expected	The pilot ceases and nails	3.125464331787953e-07	3.125464331787953e-07	21.60942649841309	21.60942649841309
2154	gpt2	2155	1078	11	name	vp_coord	unexpected	The pilot ceases and name	6.231899533304386e-06	6.231899533304386e-06	17.29189682006836	17.29189682006836
2155	gpt2	2156	1078	11	name	vp_coord	expected	The pilot ceases and names	1.0094709978147876e-05	1.0094709978147876e-05	16.596040725708008	16.596040725708008
2156	gpt2	2157	1079	12	narrow	vp_coord	unexpected	The teachers hate and narrows	0.001438420529666446	0.001438420529666446	12.66284990310669	12.66284990310669
2157	gpt2	2158	1079	12	narrow	vp_coord	expected	The teachers hate and narrow	8.289764082292095e-06	8.289764082292095e-06	16.880237579345703	16.880237579345703
2158	gpt2	2159	1080	12	navigate	vp_coord	unexpected	The teachers hate and navigates	0.03949465055424103	0.03949465055424103	13.874670505523682	13.874670505523682
2159	gpt2	2160	1080	12	navigate	vp_coord	expected	The teachers hate and navigate	1.7918299590746756e-06	1.7918299590746756e-06	19.09013557434082	19.09013557434082
2160	gpt2	2161	1081	12	naysay	vp_coord	unexpected	The teachers hate and naysays	0.0019535002841924	0.0019535002841924	10.433718204498291	10.433718204498291
2161	gpt2	2162	1081	12	naysay	vp_coord	expected	The teachers hate and naysay	0.0025548051732281335	0.0025548051732281335	9.527183373769125	9.527183373769125
2162	gpt2	2163	1082	12	need	vp_coord	unexpected	The teachers hate and needs	4.036274549434893e-05	4.036274549434893e-05	14.5966157913208	14.5966157913208
2163	gpt2	2164	1082	12	need	vp_coord	expected	The teachers hate and need	0.008515260182321	0.008515260182321	6.875733375549316	6.875733375549316
2164	gpt2	2165	1083	12	negotiate	vp_coord	unexpected	The teachers hate and negotiates	0.2362913609425563	0.2362913609425563	13.196371793746946	13.196371793746946
2165	gpt2	2166	1083	12	negotiate	vp_coord	expected	The teachers hate and negotiate	1.602630982233677e-05	1.602630982233677e-05	15.929198265075684	15.929198265075684
2166	gpt2	2167	1084	12	net	vp_coord	unexpected	The teachers hate and nets	7.381439903753061e-10	7.381439903753061e-10	30.335378646850582	30.335378646850582
2167	gpt2	2168	1084	12	net	vp_coord	expected	The teachers hate and net	3.9238051385837036e-07	3.9238051385837036e-07	21.28124237060547	21.28124237060547
2168	gpt2	2169	1085	12	network	vp_coord	unexpected	The teachers hate and networks	3.7472929648174613e-07	3.7472929648174613e-07	21.34764862060547	21.34764862060547
2169	gpt2	2170	1085	12	network	vp_coord	expected	The teachers hate and network	4.8784718273964245e-06	4.8784718273964245e-06	17.645139694213867	17.645139694213867
2170	gpt2	2171	1086	12	nominate	vp_coord	unexpected	The teachers hate and nominates	0.011385086391015863	0.011385086391015863	13.218775749206545	13.218775749206545
2171	gpt2	2172	1086	12	nominate	vp_coord	expected	The teachers hate and nominate	1.286542283196468e-05	1.286542283196468e-05	16.24614143371582	16.24614143371582
2172	gpt2	2173	1087	12	normalize	vp_coord	unexpected	The teachers hate and normalizes	0.0020286544586269515	0.0020286544586269515	11.819186449050903	11.819186449050903
2173	gpt2	2174	1087	12	normalize	vp_coord	expected	The teachers hate and normalize	0.45188934112775314	0.45188934112775314	7.916170805692673	7.916170805692673
2174	gpt2	2175	1088	12	notch	vp_coord	unexpected	The teachers hate and notches	0.0003395192753714498	0.0003395192753714498	14.543825626373291	14.543825626373291
2175	gpt2	2176	1088	12	notch	vp_coord	expected	The teachers hate and notch	2.0764896646596759e-07	2.0764896646596759e-07	22.199350357055664	22.199350357055664
2176	gpt2	2177	1089	12	note	vp_coord	unexpected	The teachers hate and notes	5.141204724168347e-07	5.141204724168347e-07	20.89138984680176	20.89138984680176
2177	gpt2	2178	1089	12	note	vp_coord	expected	The teachers hate and note	2.1971482055960223e-05	2.1971482055960223e-05	15.474008560180664	15.474008560180664
2178	gpt2	2179	1090	12	notice	vp_coord	unexpected	The teachers hate and notices	1.1812540634537073e-07	1.1812540634537073e-07	23.0131778717041	23.0131778717041
2179	gpt2	2180	1090	12	notice	vp_coord	expected	The teachers hate and notice	2.2945421733311377e-05	2.2945421733311377e-05	15.411434173583984	15.411434173583984
2180	gpt2	2181	1091	12	notify	vp_coord	unexpected	The teachers hate and notifies	0.0003394490885284456	0.0003394490885284456	14.58400011062622	14.58400011062622
2181	gpt2	2182	1091	12	notify	vp_coord	expected	The teachers hate and notify	1.228512019224581e-06	1.228512019224581e-06	19.63465690612793	19.63465690612793
2182	gpt2	2183	1092	12	nudge	vp_coord	unexpected	The teachers hate and nudges	0.05247217509113255	0.05247217509113255	12.643309950828552	12.643309950828552
2183	gpt2	2184	1092	12	nudge	vp_coord	expected	The teachers hate and nudge	0.04339030478149645	0.04339030478149645	7.839778900146484	7.839778900146484
2184	gpt2	2185	1093	12	nullify	vp_coord	unexpected	The teachers hate and nullifies	0.0037619618161670383	0.0037619618161670383	13.009598731994629	13.009598731994629
2185	gpt2	2186	1093	12	nullify	vp_coord	expected	The teachers hate and nullify	0.4893470345924698	0.4893470345924698	9.497798161581159	9.497798161581159
2186	gpt2	2187	1094	12	nurture	vp_coord	unexpected	The teachers hate and nurtures	0.013321903991709393	0.013321903991709393	10.6230947971344	10.6230947971344
2187	gpt2	2188	1094	12	nurture	vp_coord	expected	The teachers hate and nurture	4.796779830940068e-05	4.796779830940068e-05	14.347574234008787	14.347574234008787
2188	gpt2	2189	1095	12	obfuscate	vp_coord	unexpected	The teachers hate and obfuscates	0.000287059854599608	0.000287059854599608	13.324401378631592	13.324401378631592
2189	gpt2	2190	1095	12	obfuscate	vp_coord	expected	The teachers hate and obfuscate	0.49707398533064406	0.49707398533064406	7.923705932684243	7.923705932684243
2190	gpt2	2191	1096	12	object	vp_coord	unexpected	The teachers hate and objects	3.128500247839838e-05	3.128500247839838e-05	14.9641695022583	14.9641695022583
2191	gpt2	2192	1096	12	object	vp_coord	expected	The teachers hate and object	0.001314824912697	0.001314824912697	9.570913314819336	9.570913314819336
2192	gpt2	2193	1097	12	obscure	vp_coord	unexpected	The teachers hate and obscures	0.041619190670417076	0.041619190670417076	11.278191447257996	11.278191447257996
2193	gpt2	2194	1097	12	obscure	vp_coord	expected	The teachers hate and obscure	1.1704809367074631e-05	1.1704809367074631e-05	16.382539749145508	16.382539749145508
2194	gpt2	2195	1098	12	observe	vp_coord	unexpected	The teachers hate and observes	4.308912338046866e-08	4.308912338046866e-08	24.468101501464844	24.468101501464844
2195	gpt2	2196	1098	12	observe	vp_coord	expected	The teachers hate and observe	1.6693102224962786e-05	1.6693102224962786e-05	15.87038803100586	15.87038803100586
2196	gpt2	2197	1099	12	obtain	vp_coord	unexpected	The teachers hate and obtains	0.0022088264531703117	0.0022088264531703117	11.484101057052612	11.484101057052612
2197	gpt2	2198	1099	12	obtain	vp_coord	expected	The teachers hate and obtain	1.187276666314574e-06	1.187276666314574e-06	19.68391227722168	19.68391227722168
2198	gpt2	2199	1100	12	obviate	vp_coord	unexpected	The teachers hate and obviates	0.008225157139653041	0.008225157139653041	9.295989831288656	9.295989831288656
2199	gpt2	2200	1100	12	obviate	vp_coord	expected	The teachers hate and obviate	0.29918967146719905	0.29918967146719905	7.127126147349675	7.127126147349675
2200	gpt2	2201	1101	12	occasion	vp_coord	unexpected	The teachers hate and occasions	7.649184396996135e-08	7.649184396996135e-08	23.640119552612305	23.640119552612305
2201	gpt2	2202	1101	12	occasion	vp_coord	expected	The teachers hate and occasion	1.384359364919874e-07	1.384359364919874e-07	22.784278869628903	22.784278869628903
2202	gpt2	2203	1102	12	occupy	vp_coord	unexpected	The teachers hate and occupies	1.6857930518199282e-07	1.6857930518199282e-07	22.50006866455078	22.50006866455078
2203	gpt2	2204	1102	12	occupy	vp_coord	expected	The teachers hate and occupy	5.8147856179857627e-05	5.8147856179857627e-05	14.06991481781006	14.06991481781006
2204	gpt2	2205	1103	12	occur	vp_coord	unexpected	The teachers hate and occurs	9.378158694062222e-09	9.378158694062222e-09	26.668048858642575	26.668048858642575
2205	gpt2	2206	1103	12	occur	vp_coord	expected	The teachers hate and occur	2.712202444854484e-07	2.712202444854484e-07	21.81403160095215	21.81403160095215
2206	gpt2	2207	1104	12	offend	vp_coord	unexpected	The teachers hate and offends	0.1116442766578984	0.1116442766578984	8.879452466964722	8.879452466964722
2207	gpt2	2208	1104	12	offend	vp_coord	expected	The teachers hate and offend	0.0009928909130394	0.0009928909130394	9.97607707977295	9.97607707977295
2208	gpt2	2209	1105	12	offer	vp_coord	unexpected	The teachers hate and offers	3.527945580117376e-07	3.527945580117376e-07	21.434667587280277	21.434667587280277
2209	gpt2	2210	1105	12	offer	vp_coord	expected	The teachers hate and offer	0.0001207816312671	0.0001207816312671	13.015311241149902	13.015311241149902
2210	gpt2	2211	1106	12	offset	vp_coord	unexpected	The teachers hate and offsets	4.5104822099517605e-09	4.5104822099517605e-09	27.724071502685547	27.724071502685547
2211	gpt2	2212	1106	12	offset	vp_coord	expected	The teachers hate and offset	7.347486530306924e-07	7.347486530306924e-07	20.376245498657227	20.376245498657227
2212	gpt2	2213	1107	12	omit	vp_coord	unexpected	The teachers hate and omits	0.007697162909607859	0.007697162909607859	10.141098499298096	10.141098499298096
2213	gpt2	2214	1107	12	omit	vp_coord	expected	The teachers hate and omit	5.166037226445042e-06	5.166037226445042e-06	17.562511444091797	17.562511444091797
2214	gpt2	2215	1108	12	ooze	vp_coord	unexpected	The teachers hate and oozes	0.08047548329932393	0.08047548329932393	12.294228434562685	12.294228434562685
2215	gpt2	2216	1108	12	ooze	vp_coord	expected	The teachers hate and ooze	0.36253108161326963	0.36253108161326963	5.828815026208758	5.828815026208758
2216	gpt2	2217	1109	12	open	vp_coord	unexpected	The teachers hate and opens	2.8167915999688372e-08	2.8167915999688372e-08	25.081371307373047	25.081371307373047
2217	gpt2	2218	1109	12	open	vp_coord	expected	The teachers hate and open	2.2943846488487907e-05	2.2943846488487907e-05	15.41153335571289	15.41153335571289
2218	gpt2	2219	1110	12	operate	vp_coord	unexpected	The teachers hate and operates	9.594592853545693e-08	9.594592853545693e-08	23.313203811645508	23.313203811645508
2219	gpt2	2220	1110	12	operate	vp_coord	expected	The teachers hate and operate	2.471074003551621e-05	2.471074003551621e-05	15.304502487182615	15.304502487182615
2220	gpt2	2221	1111	12	oppose	vp_coord	unexpected	The teachers hate and opposes	1.1739957699319348e-05	1.1739957699319348e-05	16.37821388244629	16.37821388244629
2221	gpt2	2222	1111	12	oppose	vp_coord	expected	The teachers hate and oppose	0.0046154893934726	0.0046154893934726	7.759300708770752	7.759300708770752
2222	gpt2	2223	1112	12	opt	vp_coord	unexpected	The teachers hate and opts	0.0015329316902352257	0.0015329316902352257	13.09984016418457	13.09984016418457
2223	gpt2	2224	1112	12	opt	vp_coord	expected	The teachers hate and opt	4.237972461851314e-06	4.237972461851314e-06	17.848194122314453	17.848194122314453
2224	gpt2	2225	1113	12	order	vp_coord	unexpected	The teachers hate and orders	7.605109431096935e-07	7.605109431096935e-07	20.326528549194336	20.326528549194336
2225	gpt2	2226	1113	12	order	vp_coord	expected	The teachers hate and order	2.2652335246675648e-05	2.2652335246675648e-05	15.429980278015137	15.429980278015137
2226	gpt2	2227	1114	12	organize	vp_coord	unexpected	The teachers hate and organizes	0.1350052485659603	0.1350052485659603	10.842363655567167	10.842363655567167
2227	gpt2	2228	1114	12	organize	vp_coord	expected	The teachers hate and organize	8.243318006861955e-05	8.243318006861955e-05	13.566414833068848	13.566414833068848
2228	gpt2	2229	1115	12	originate	vp_coord	unexpected	The teachers hate and originates	0.2839232705276089	0.2839232705276089	11.598122745752335	11.598122745752335
2229	gpt2	2230	1115	12	originate	vp_coord	expected	The teachers hate and originate	2.1320991550055626e-07	2.1320991550055626e-07	22.161222457885746	22.161222457885746
2230	gpt2	2231	1116	12	oust	vp_coord	unexpected	The teachers hate and ousts	0.0001213083642141704	0.0001213083642141704	14.758628845214844	14.758628845214844
2231	gpt2	2232	1116	12	oust	vp_coord	expected	The teachers hate and oust	5.488278475240804e-06	5.488278475240804e-06	17.4752140045166	17.4752140045166
2232	gpt2	2233	1117	12	outfit	vp_coord	unexpected	The teachers hate and outfits	2.0015688662056164e-08	2.0015688662056164e-08	25.57429313659668	25.57429313659668
2233	gpt2	2234	1117	12	outfit	vp_coord	expected	The teachers hate and outfit	8.252524708041166e-08	8.252524708041166e-08	23.530590057373047	23.530590057373047
2234	gpt2	2235	1118	12	outflank	vp_coord	unexpected	The teachers hate and outflanks	0.0024945780460256667	0.0024945780460256667	9.474889755249023	9.474889755249023
2235	gpt2	2236	1118	12	outflank	vp_coord	expected	The teachers hate and outflank	0.31254377568257036	0.31254377568257036	7.027126140892506	7.027126140892506
2236	gpt2	2237	1119	12	outfly	vp_coord	unexpected	The teachers hate and outflies	0.00017611964013038308	0.00017611964013038308	16.520063400268555	16.520063400268555
2237	gpt2	2238	1119	12	outfly	vp_coord	expected	The teachers hate and outfly	0.00020155174024690117	0.00020155174024690117	12.863183975219727	12.863183975219727
2238	gpt2	2239	1120	12	outlast	vp_coord	unexpected	The teachers hate and outlasts	0.00483228028798519	0.00483228028798519	14.06563401222229	14.06563401222229
2239	gpt2	2240	1120	12	outlast	vp_coord	expected	The teachers hate and outlast	0.009251123570720601	0.009251123570720601	8.628167867660522	8.628167867660522
2240	gpt2	2241	1121	12	outline	vp_coord	unexpected	The teachers hate and outlines	2.3143794436464304e-08	2.3143794436464304e-08	25.36479949951172	25.36479949951172
2241	gpt2	2242	1121	12	outline	vp_coord	expected	The teachers hate and outline	2.597963657535729e-06	2.597963657535729e-06	18.554187774658203	18.554187774658203
2242	gpt2	2243	1122	12	outpace	vp_coord	unexpected	The teachers hate and outpaces	0.003533920797892149	0.003533920797892149	15.177489519119263	15.177489519119263
2243	gpt2	2244	1122	12	outpace	vp_coord	expected	The teachers hate and outpace	0.00115509743045545	0.00115509743045545	10.234337329864502	10.234337329864502
2244	gpt2	2245	1123	12	outperform	vp_coord	unexpected	The teachers hate and outperforms	0.0006239760457731153	0.0006239760457731153	15.161388397216797	15.161388397216797
2245	gpt2	2246	1123	12	outperform	vp_coord	expected	The teachers hate and outperform	0.49290037200788106	0.49290037200788106	10.348249051719904	10.348249051719904
2246	gpt2	2247	1124	12	outsell	vp_coord	unexpected	The teachers hate and outsells	0.0013843368020994666	0.0013843368020994666	9.917417526245117	9.917417526245117
2247	gpt2	2248	1124	12	outsell	vp_coord	expected	The teachers hate and outsell	0.00146895686339115	0.00146895686339115	10.033769607543945	10.033769607543945
2248	gpt2	2249	1125	12	outshine	vp_coord	unexpected	The teachers hate and outshines	0.0041996063567542	0.0041996063567542	9.192090193430582	9.192090193430582
2249	gpt2	2250	1125	12	outshine	vp_coord	expected	The teachers hate and outshine	0.00692802834964815	0.00692802834964815	8.841464757919312	8.841464757919312
2250	gpt2	2251	1126	12	out-smart	vp_coord	unexpected	The teachers hate and out-smarts	0.05907195647887415	0.05907195647887415	7.279080867767335	7.279080867767335
2251	gpt2	2252	1126	12	out-smart	vp_coord	expected	The teachers hate and out-smart	0.05907195647887415	0.05907195647887415	7.279080867767335	7.279080867767335
2252	gpt2	2253	1127	12	outstrip	vp_coord	unexpected	The teachers hate and outstrips	0.22757131265097993	0.22757131265097993	8.4397674202919	8.4397674202919
2253	gpt2	2254	1127	12	outstrip	vp_coord	expected	The teachers hate and outstrip	0.0008845389675115501	0.0008845389675115501	10.467628002166748	10.467628002166748
2254	gpt2	2255	1128	12	out-trade	vp_coord	unexpected	The teachers hate and out-trades	0.05907195647887415	0.05907195647887415	7.279080867767335	7.279080867767335
2255	gpt2	2256	1128	12	out-trade	vp_coord	expected	The teachers hate and out-trade	0.05907195647887415	0.05907195647887415	7.279080867767335	7.279080867767335
2256	gpt2	2257	1129	12	outweigh	vp_coord	unexpected	The teachers hate and outweighs	0.004594920775843991	0.004594920775843991	13.084317445755005	13.084317445755005
2257	gpt2	2258	1129	12	outweigh	vp_coord	expected	The teachers hate and outweigh	1.4428328540816435e-06	1.4428328540816435e-06	19.402664184570312	19.402664184570312
2258	gpt2	2259	1130	12	overbid	vp_coord	unexpected	The teachers hate and overbids	0.0077336674486711	0.0077336674486711	11.256246248881022	11.256246248881022
2259	gpt2	2260	1130	12	overbid	vp_coord	expected	The teachers hate and overbid	0.00035319961170895	0.00035319961170895	11.601890087127686	11.601890087127686
2260	gpt2	2261	1131	12	overcome	vp_coord	unexpected	The teachers hate and overcomes	0.00028200552333145217	0.00028200552333145217	12.438353538513184	12.438353538513184
2261	gpt2	2262	1131	12	overcome	vp_coord	expected	The teachers hate and overcome	6.616087830479955e-06	6.616087830479955e-06	17.205589294433594	17.205589294433594
2262	gpt2	2263	1132	12	overemphasize	vp_coord	unexpected	The teachers hate and overemphasizes	0.48415589338003423	0.48415589338003423	6.558222405612469	6.558222405612469
2263	gpt2	2264	1132	12	overemphasize	vp_coord	expected	The teachers hate and overemphasize	0.7181695545401681	0.7181695545401681	4.476137174293399	4.476137174293399
2264	gpt2	2265	1133	12	overhaul	vp_coord	unexpected	The teachers hate and overhauls	0.008569558919901922	0.008569558919901922	13.319315195083618	13.319315195083618
2265	gpt2	2266	1133	12	overhaul	vp_coord	expected	The teachers hate and overhaul	5.584685709436599e-07	5.584685709436599e-07	20.77202033996582	20.77202033996582
2266	gpt2	2267	1134	12	overlook	vp_coord	unexpected	The teachers hate and overlooks	0.00038823498107370003	0.00038823498107370003	11.795078754425049	11.795078754425049
2267	gpt2	2268	1134	12	overlook	vp_coord	expected	The teachers hate and overlook	0.000120766890177	0.000120766890177	13.015487670898438	13.015487670898438
2268	gpt2	2269	1135	12	overpower	vp_coord	unexpected	The teachers hate and overpowers	0.0002619205770315491	0.0002619205770315491	13.131473541259766	13.131473541259766
2269	gpt2	2270	1135	12	overpower	vp_coord	expected	The teachers hate and overpower	6.757190021744464e-06	6.757190021744464e-06	17.17514419555664	17.17514419555664
2270	gpt2	2271	1136	12	overpurchase	vp_coord	unexpected	The teachers hate and overpurchases	0.0010931263108204738	0.0010931263108204738	11.861532211303711	11.861532211303711
2271	gpt2	2272	1136	12	overpurchase	vp_coord	expected	The teachers hate and overpurchase	0.00042497770724972536	0.00042497770724972536	11.641413052876791	11.641413052876791
2272	gpt2	2273	1137	12	overreact	vp_coord	unexpected	The teachers hate and overreacts	0.030575854044097097	0.030575854044097097	6.841984748840332	6.841984748840332
2273	gpt2	2274	1137	12	overreact	vp_coord	expected	The teachers hate and overreact	0.09759264526655895	0.09759264526655895	6.6647937297821045	6.6647937297821045
2274	gpt2	2275	1138	12	override	vp_coord	unexpected	The teachers hate and overrides	0.04392086148146741	0.04392086148146741	11.958404064178467	11.958404064178467
2275	gpt2	2276	1138	12	override	vp_coord	expected	The teachers hate and override	2.2675751552014844e-06	2.2675751552014844e-06	18.750417709350582	18.750417709350582
2276	gpt2	2277	1139	12	overrule	vp_coord	unexpected	The teachers hate and overrules	0.15982477545622942	0.15982477545622942	11.026643335819244	11.026643335819244
2277	gpt2	2278	1139	12	overrule	vp_coord	expected	The teachers hate and overrule	0.0073808482266031	0.0073808482266031	8.55020785331726	8.55020785331726
2278	gpt2	2279	1140	12	oversee	vp_coord	unexpected	The teachers hate and oversees	6.750948244871324e-08	6.750948244871324e-08	23.820335388183597	23.820335388183597
2279	gpt2	2280	1140	12	oversee	vp_coord	expected	The teachers hate and oversee	5.99572604187415e-06	5.99572604187415e-06	17.347633361816406	17.347633361816406
2280	gpt2	2281	1141	12	overstate	vp_coord	unexpected	The teachers hate and overstates	0.00027628823227131554	0.00027628823227131554	12.577783107757568	12.577783107757568
2281	gpt2	2282	1141	12	overstate	vp_coord	expected	The teachers hate and overstate	0.0104186608805321	0.0104186608805321	8.294231653213501	8.294231653213501
2282	gpt2	2283	1142	12	overthrow	vp_coord	unexpected	The teachers hate and overthrows	0.0015228682788119622	0.0015228682788119622	14.10140609741211	14.10140609741211
2283	gpt2	2284	1142	12	overthrow	vp_coord	expected	The teachers hate and overthrow	6.461791144829476e-06	6.461791144829476e-06	17.239633560180664	17.239633560180664
2284	gpt2	2285	1143	12	overturn	vp_coord	unexpected	The teachers hate and overturns	0.004037903434664248	0.004037903434664248	12.126574516296387	12.126574516296387
2285	gpt2	2286	1143	12	overturn	vp_coord	expected	The teachers hate and overturn	6.19757747699623e-06	6.19757747699623e-06	17.299863815307617	17.299863815307617
2286	gpt2	2287	1144	12	overwhelm	vp_coord	unexpected	The teachers hate and overwhelms	0.4933719249586801	0.4933719249586801	12.26000583730638	12.26000583730638
2287	gpt2	2288	1144	12	overwhelm	vp_coord	expected	The teachers hate and overwhelm	2.129516542481724e-05	2.129516542481724e-05	15.51911449432373	15.51911449432373
2288	gpt2	2289	1145	12	owe	vp_coord	unexpected	The teachers hate and owes	8.365424974954294e-08	8.365424974954294e-08	23.510986328125	23.510986328125
2289	gpt2	2290	1145	12	owe	vp_coord	expected	The teachers hate and owe	1.3084185411571523e-05	1.3084185411571523e-05	16.221817016601562	16.221817016601562
2290	gpt2	2291	1146	12	own	vp_coord	unexpected	The teachers hate and owns	6.285905840286432e-08	6.285905840286432e-08	23.923303604125977	23.923303604125977
2291	gpt2	2292	1146	12	own	vp_coord	expected	The teachers hate and own	3.240517253288999e-05	3.240517253288999e-05	14.913415908813477	14.913415908813477
2292	gpt2	2293	1147	12	pace	vp_coord	unexpected	The teachers hate and paces	0.00022300670661933294	0.00022300670661933294	13.325263500213621	13.325263500213621
2293	gpt2	2294	1147	12	pace	vp_coord	expected	The teachers hate and pace	7.266818329298985e-07	7.266818329298985e-07	20.39217185974121	20.39217185974121
2294	gpt2	2295	1148	12	package	vp_coord	unexpected	The teachers hate and packages	1.973720742398655e-07	1.973720742398655e-07	22.272579193115234	22.272579193115234
2295	gpt2	2296	1148	12	package	vp_coord	expected	The teachers hate and package	1.0249812021356774e-06	1.0249812021356774e-06	19.895971298217773	19.895971298217773
2296	gpt2	2297	1149	12	pack	vp_coord	unexpected	The teachers hate and packs	1.4153840766084613e-07	1.4153840766084613e-07	22.752302169799805	22.752302169799805
2297	gpt2	2298	1149	12	pack	vp_coord	expected	The teachers hate and pack	1.3069319720671048e-05	1.3069319720671048e-05	16.22345542907715	16.22345542907715
2298	gpt2	2299	1150	12	paint	vp_coord	unexpected	The teachers hate and paints	7.36575245241511e-08	7.36575245241511e-08	23.6945915222168	23.6945915222168
2299	gpt2	2300	1150	12	paint	vp_coord	expected	The teachers hate and paint	2.5225430363207124e-05	2.5225430363207124e-05	15.274761199951172	15.274761199951172
2300	gpt2	2301	1151	12	pair	vp_coord	unexpected	The teachers hate and pairs	4.3631981583303065e-08	4.3631981583303065e-08	24.45003890991211	24.45003890991211
2301	gpt2	2302	1151	12	pair	vp_coord	expected	The teachers hate and pair	2.5970718979806406e-06	2.5970718979806406e-06	18.5546817779541	18.5546817779541
2302	gpt2	2303	1152	12	pale	vp_coord	unexpected	The teachers hate and pales	0.000377042175387	0.000377042175387	11.384071826934814	11.384071826934814
2303	gpt2	2304	1152	12	pale	vp_coord	expected	The teachers hate and pale	1.1584027106437134e-06	1.1584027106437134e-06	19.719430923461918	19.719430923461918
2304	gpt2	2305	1153	12	palm	vp_coord	unexpected	The teachers hate and palms	6.649403871961114e-08	6.649403871961114e-08	23.842199325561523	23.842199325561523
2305	gpt2	2306	1153	12	palm	vp_coord	expected	The teachers hate and palm	1.637034415580274e-06	1.637034415580274e-06	19.220483779907227	19.220483779907227
2306	gpt2	2307	1154	12	panic	vp_coord	unexpected	The teachers hate and panics	0.02774621868229583	0.02774621868229583	10.373641014099121	10.373641014099121
2307	gpt2	2308	1154	12	panic	vp_coord	expected	The teachers hate and panic	0.0001854721922427	0.0001854721922427	12.396509170532228	12.396509170532228
2308	gpt2	2309	1155	12	pan	vp_coord	unexpected	The teachers hate and pans	2.192640202736129e-08	2.192640202736129e-08	25.4427547454834	25.4427547454834
2309	gpt2	2310	1155	12	pan	vp_coord	expected	The teachers hate and pan	1.023981167236343e-05	1.023981167236343e-05	16.575450897216797	16.575450897216797
2310	gpt2	2311	1156	12	parachute	vp_coord	unexpected	The teachers hate and parachutes	0.0019002026605012354	0.0019002026605012354	17.134862422943115	17.134862422943115
2311	gpt2	2312	1156	12	parachute	vp_coord	expected	The teachers hate and parachute	2.3730817133582607e-07	2.3730817133582607e-07	22.00673484802246	22.00673484802246
2312	gpt2	2313	1157	12	parallel	vp_coord	unexpected	The teachers hate and parallels	1.1598967120107773e-07	1.1598967120107773e-07	23.039501190185547	23.039501190185547
2313	gpt2	2314	1157	12	parallel	vp_coord	expected	The teachers hate and parallel	6.673878942820011e-07	6.673878942820011e-07	20.514970779418945	20.514970779418945
2314	gpt2	2315	1158	12	parcel	vp_coord	unexpected	The teachers hate and parcels	6.252258089034514e-08	6.252258089034514e-08	23.931047439575195	23.931047439575195
2315	gpt2	2316	1158	12	parcel	vp_coord	expected	The teachers hate and parcel	7.45491263387521e-07	7.45491263387521e-07	20.355304718017575	20.355304718017575
2316	gpt2	2317	1159	12	park	vp_coord	unexpected	The teachers hate and parks	3.7532711161247796e-08	3.7532711161247796e-08	24.66727638244629	24.66727638244629
2317	gpt2	2318	1159	12	park	vp_coord	expected	The teachers hate and park	1.3463514960676548e-06	1.3463514960676548e-06	19.502513885498047	19.502513885498047
2318	gpt2	2319	1160	12	parry	vp_coord	unexpected	The teachers hate and parries	0.0005709429769921795	0.0005709429769921795	12.670397758483887	12.670397758483887
2319	gpt2	2320	1160	12	parry	vp_coord	expected	The teachers hate and parry	0.04590837201430983	0.04590837201430983	9.492543697357178	9.492543697357178
2320	gpt2	2321	1161	12	partake	vp_coord	unexpected	The teachers hate and partakes	0.002795774538753903	0.002795774538753903	11.151501417160034	11.151501417160034
2321	gpt2	2322	1161	12	partake	vp_coord	expected	The teachers hate and partake	2.7673013391904533e-06	2.7673013391904533e-06	18.46308898925781	18.46308898925781
2322	gpt2	2323	1162	12	participate	vp_coord	unexpected	The teachers hate and participates	5.236566735788984e-08	5.236566735788984e-08	24.186803817749023	24.186803817749023
2323	gpt2	2324	1162	12	participate	vp_coord	expected	The teachers hate and participate	4.285510294721462e-05	4.285510294721462e-05	14.510173797607422	14.510173797607422
2324	gpt2	2325	1163	12	part	vp_coord	unexpected	The teachers hate and parts	1.8675989394978387e-06	1.8675989394978387e-06	19.030384063720703	19.030384063720703
2325	gpt2	2326	1163	12	part	vp_coord	expected	The teachers hate and part	3.47780114680063e-05	3.47780114680063e-05	14.8114652633667	14.8114652633667
2326	gpt2	2327	1164	12	pass	vp_coord	unexpected	The teachers hate and passes	1.4622698074617801e-07	1.4622698074617801e-07	22.70528793334961	22.70528793334961
2327	gpt2	2328	1164	12	pass	vp_coord	expected	The teachers hate and pass	0.000117150004371	0.000117150004371	13.059355735778809	13.059355735778809
2328	gpt2	2329	1165	12	patronize	vp_coord	unexpected	The teachers hate and patronizes	0.0018896209949161	0.0018896209949161	9.459312438964844	9.459312438964844
2329	gpt2	2330	1165	12	patronize	vp_coord	expected	The teachers hate and patronize	0.4077285023813601	0.4077285023813601	5.448537096381188	5.448537096381188
2330	gpt2	2331	1166	12	pave	vp_coord	unexpected	The teachers hate and paves	0.00026892931782635	0.00026892931782635	12.150249004364014	12.150249004364014
2331	gpt2	2332	1166	12	pave	vp_coord	expected	The teachers hate and pave	7.127761136871413e-07	7.127761136871413e-07	20.42004776000977	20.42004776000977
2332	gpt2	2333	1167	12	pay	vp_coord	unexpected	The teachers hate and pays	2.702979031710129e-07	2.702979031710129e-07	21.818946838378903	21.818946838378903
2333	gpt2	2334	1167	12	pay	vp_coord	expected	The teachers hate and pay	0.0001516137854196	0.0001516137854196	12.687311172485352	12.687311172485352
2334	gpt2	2335	1168	12	peak	vp_coord	unexpected	The teachers hate and peaks	3.195057551863556e-09	3.195057551863556e-09	28.221511840820312	28.221511840820312
2335	gpt2	2336	1168	12	peak	vp_coord	expected	The teachers hate and peak	3.236893917346606e-07	3.236893917346606e-07	21.55888557434082	21.55888557434082
2336	gpt2	2337	1169	12	pedal	vp_coord	unexpected	The teachers hate and pedals	2.5057746100287662e-08	2.5057746100287662e-08	25.250167846679688	25.250167846679688
2337	gpt2	2338	1169	12	pedal	vp_coord	expected	The teachers hate and pedal	1.1189698625457822e-06	1.1189698625457822e-06	19.769397735595703	19.769397735595703
2338	gpt2	2339	1170	12	peddle	vp_coord	unexpected	The teachers hate and peddles	0.00012582309705063294	0.00012582309705063294	14.781728744506836	14.781728744506836
2339	gpt2	2340	1170	12	peddle	vp_coord	expected	The teachers hate and peddle	0.49863954705347174	0.49863954705347174	8.790734044509009	8.790734044509009
2340	gpt2	2341	1171	12	peer	vp_coord	unexpected	The teachers hate and peers	8.196744829547242e-07	8.196744829547242e-07	20.21844482421875	20.21844482421875
2341	gpt2	2342	1171	12	peer	vp_coord	expected	The teachers hate and peer	6.130773272161605e-06	6.130773272161605e-06	17.315500259399414	17.315500259399414
2342	gpt2	2343	1172	12	penalize	vp_coord	unexpected	The teachers hate and penalizes	0.0006045183181413	0.0006045183181413	11.372839450836182	11.372839450836182
2343	gpt2	2344	1172	12	penalize	vp_coord	expected	The teachers hate and penalize	0.4810022999081412	0.4810022999081412	6.471507348120213	6.471507348120213
2344	gpt2	2345	1173	12	penetrate	vp_coord	unexpected	The teachers hate and penetrates	0.23740878030710097	0.23740878030710097	13.468479335308073	13.468479335308073
2345	gpt2	2346	1173	12	penetrate	vp_coord	expected	The teachers hate and penetrate	5.871641519661353e-07	5.871641519661353e-07	20.699731826782227	20.699731826782227
2346	gpt2	2347	1174	12	perform	vp_coord	unexpected	The teachers hate and performs	8.324137468207483e-08	8.324137468207483e-08	23.518123626708984	23.518123626708984
2347	gpt2	2348	1174	12	perform	vp_coord	expected	The teachers hate and perform	5.266323205432855e-05	5.266323205432855e-05	14.212843894958496	14.212843894958496
2348	gpt2	2349	1175	12	permit	vp_coord	unexpected	The teachers hate and permits	1.401003828505054e-07	1.401003828505054e-07	22.76703643798828	22.76703643798828
2349	gpt2	2350	1175	12	permit	vp_coord	expected	The teachers hate and permit	1.8621292838361118e-05	1.8621292838361118e-05	15.712687492370604	15.712687492370604
2350	gpt2	2351	1176	13	perpetuate	vp_coord	unexpected	The officer shells and perpetuate	1.0631529434590448e-08	1.0631529434590448e-08	26.487075805664062	26.487075805664062
2351	gpt2	2352	1176	13	perpetuate	vp_coord	expected	The officer shells and perpetuates	0.09614357197983735	0.09614357197983735	9.873233914375305	9.873233914375305
2352	gpt2	2353	1177	13	persist	vp_coord	unexpected	The officer shells and persist	6.519937869597925e-07	6.519937869597925e-07	20.54863929748535	20.54863929748535
2353	gpt2	2354	1177	13	persist	vp_coord	expected	The officer shells and persists	1.3699116607313044e-05	1.3699116607313044e-05	16.15555763244629	16.15555763244629
2354	gpt2	2355	1178	13	persuade	vp_coord	unexpected	The officer shells and persuade	1.3987529712267133e-07	1.3987529712267133e-07	22.76935577392578	22.76935577392578
2355	gpt2	2356	1178	13	persuade	vp_coord	expected	The officer shells and persuades	0.48129911361775163	0.48129911361775163	8.364831326529384	8.364831326529384
2356	gpt2	2357	1179	13	peruse	vp_coord	unexpected	The officer shells and peruse	7.911079228506424e-05	7.911079228506424e-05	13.64076280593872	13.64076280593872
2357	gpt2	2358	1179	13	peruse	vp_coord	expected	The officer shells and peruses	0.0034050275826302628	0.0034050275826302628	10.530843019485474	10.530843019485474
2358	gpt2	2359	1180	13	petition	vp_coord	unexpected	The officer shells and petition	7.414031415464706e-07	7.414031415464706e-07	20.36323928833008	20.36323928833008
2359	gpt2	2360	1180	13	petition	vp_coord	expected	The officer shells and petitions	2.66549909611058e-06	2.66549909611058e-06	18.517162322998047	18.517162322998047
2360	gpt2	2361	1181	13	phase	vp_coord	unexpected	The officer shells and phase	4.0341078033634403e-07	4.0341078033634403e-07	21.241247177124023	21.241247177124023
2361	gpt2	2362	1181	13	phase	vp_coord	expected	The officer shells and phases	3.411020543353516e-06	3.411020543353516e-06	18.161365509033203	18.161365509033203
2362	gpt2	2363	1182	13	pick	vp_coord	unexpected	The officer shells and pick	6.415435200324282e-05	6.415435200324282e-05	13.928092956542969	13.928092956542969
2363	gpt2	2364	1182	13	pick	vp_coord	expected	The officer shells and picks	0.0028803704772144	0.0028803704772144	8.439529418945312	8.439529418945312
2364	gpt2	2365	1183	13	piece	vp_coord	unexpected	The officer shells and piece	4.575240382109769e-06	4.575240382109769e-06	17.737720489501953	17.737720489501953
2365	gpt2	2366	1183	13	piece	vp_coord	expected	The officer shells and pieces	0.0001039859125739	0.0001039859125739	13.231324195861816	13.231324195861816
2366	gpt2	2367	1184	13	pile	vp_coord	unexpected	The officer shells and pile	2.1790053779113805e-06	2.1790053779113805e-06	18.807899475097656	18.807899475097656
2367	gpt2	2368	1184	13	pile	vp_coord	expected	The officer shells and piles	4.7185862058540806e-05	4.7185862058540806e-05	14.371285438537598	14.371285438537598
2368	gpt2	2369	1185	13	pinch	vp_coord	unexpected	The officer shells and pinch	3.2122143238666467e-06	3.2122143238666467e-06	18.24800109863281	18.24800109863281
2369	gpt2	2370	1185	13	pinch	vp_coord	expected	The officer shells and pinches	0.0227165118558332	0.0227165118558332	6.843251705169678	6.843251705169678
2370	gpt2	2371	1186	13	ping	vp_coord	unexpected	The officer shells and ping	2.5848703444353305e-06	2.5848703444353305e-06	18.56147575378418	18.56147575378418
2371	gpt2	2372	1186	13	ping	vp_coord	expected	The officer shells and pings	0.0495049067540094	0.0495049067540094	6.265995264053345	6.265995264053345
2372	gpt2	2373	1187	13	pinpoint	vp_coord	unexpected	The officer shells and pinpoint	2.197687763327849e-06	2.197687763327849e-06	18.795581817626957	18.795581817626957
2373	gpt2	2374	1187	13	pinpoint	vp_coord	expected	The officer shells and pinpoints	0.1744145987322554	0.1744145987322554	6.791906177997589	6.791906177997589
2374	gpt2	2375	1188	13	pin	vp_coord	unexpected	The officer shells and pin	0.0002336378674954	0.0002336378674954	12.063438415527344	12.063438415527344
2375	gpt2	2376	1188	13	pin	vp_coord	expected	The officer shells and pins	0.0008231962565332	0.0008231962565332	10.24647617340088	10.24647617340088
2376	gpt2	2377	1189	13	pitch	vp_coord	unexpected	The officer shells and pitch	1.6676322047715075e-06	1.6676322047715075e-06	19.193767547607425	19.193767547607425
2377	gpt2	2378	1189	13	pitch	vp_coord	expected	The officer shells and pitches	2.337955629627686e-05	2.337955629627686e-05	15.384392738342283	15.384392738342283
2378	gpt2	2379	1190	13	pit	vp_coord	unexpected	The officer shells and pit	1.4662286957900506e-05	1.4662286957900506e-05	16.05752944946289	16.05752944946289
2379	gpt2	2380	1190	13	pit	vp_coord	expected	The officer shells and pits	2.683589627849869e-05	2.683589627849869e-05	15.185476303100586	15.185476303100586
2380	gpt2	2381	1191	13	placate	vp_coord	unexpected	The officer shells and placate	0.001417058910192272	0.001417058910192272	13.392735481262207	13.392735481262207
2381	gpt2	2382	1191	13	placate	vp_coord	expected	The officer shells and placates	0.03815739175206542	0.03815739175206542	11.016491532325745	11.016491532325745
2382	gpt2	2383	1192	13	place	vp_coord	unexpected	The officer shells and place	3.08957023662515e-05	3.08957023662515e-05	14.982234001159668	14.982234001159668
2383	gpt2	2384	1192	13	place	vp_coord	expected	The officer shells and places	0.0010605106363072	0.0010605106363072	9.881025314331056	9.881025314331056
2384	gpt2	2385	1193	13	plague	vp_coord	unexpected	The officer shells and plague	1.2696983731075306e-07	1.2696983731075306e-07	22.90900993347168	22.90900993347168
2385	gpt2	2386	1193	13	plague	vp_coord	expected	The officer shells and plagues	0.0012014860694762	0.0012014860694762	9.77699327468872	9.77699327468872
2386	gpt2	2387	1194	13	plant	vp_coord	unexpected	The officer shells and plant	6.117375505709788e-06	6.117375505709788e-06	17.318655014038086	17.318655014038086
2387	gpt2	2388	1194	13	plant	vp_coord	expected	The officer shells and plants	0.000242598587647	0.000242598587647	12.009140968322754	12.009140968322754
2388	gpt2	2389	1195	13	plan	vp_coord	unexpected	The officer shells and plan	1.0338303582102526e-06	1.0338303582102526e-06	19.883569717407227	19.883569717407227
2389	gpt2	2390	1195	13	plan	vp_coord	expected	The officer shells and plans	2.429216510790866e-05	2.429216510790866e-05	15.32914924621582	15.32914924621582
2390	gpt2	2391	1196	13	play	vp_coord	unexpected	The officer shells and play	7.36976119242172e-07	7.36976119242172e-07	20.37187957763672	20.37187957763672
2391	gpt2	2392	1196	13	play	vp_coord	expected	The officer shells and plays	7.761847518850118e-05	7.761847518850118e-05	13.653240203857422	13.653240203857422
2392	gpt2	2393	1197	13	plead	vp_coord	unexpected	The officer shells and plead	7.00029431754956e-06	7.00029431754956e-06	17.12415313720703	17.12415313720703
2393	gpt2	2394	1197	13	plead	vp_coord	expected	The officer shells and pleads	0.49797820055391634	0.49797820055391634	5.6748028602451095	5.6748028602451095
2394	gpt2	2395	1198	13	please	vp_coord	unexpected	The officer shells and please	1.0049669072031976e-05	1.0049669072031976e-05	16.602493286132812	16.602493286132812
2395	gpt2	2396	1198	13	please	vp_coord	expected	The officer shells and pleases	0.0007639096584170501	0.0007639096584170501	10.558135986328125	10.558135986328125
2396	gpt2	2397	1199	13	plea	vp_coord	unexpected	The officer shells and plea	3.66584600897113e-07	3.66584600897113e-07	21.379350662231445	21.379350662231445
2397	gpt2	2398	1199	13	plea	vp_coord	expected	The officer shells and pleas	7.316905339393997e-06	7.316905339393997e-06	17.060335159301758	17.060335159301758
2398	gpt2	2399	1200	13	plot	vp_coord	unexpected	The officer shells and plot	1.1175216059200466e-06	1.1175216059200466e-06	19.771265029907227	19.771265029907227
2399	gpt2	2400	1200	13	plot	vp_coord	expected	The officer shells and plots	1.7941325495485216e-05	1.7941325495485216e-05	15.766353607177734	15.766353607177734
2400	gpt2	2401	1201	13	plow	vp_coord	unexpected	The officer shells and plow	0.00228555788635275	0.00228555788635275	9.154262065887451	9.154262065887451
2401	gpt2	2402	1201	13	plow	vp_coord	expected	The officer shells and plows	0.3085534006531816	0.3085534006531816	5.473910689353943	5.473910689353943
2402	gpt2	2403	1202	13	pluck	vp_coord	unexpected	The officer shells and pluck	0.0010659763065632	0.0010659763065632	9.912592887878418	9.912592887878418
2403	gpt2	2404	1202	13	pluck	vp_coord	expected	The officer shells and plucks	0.028121422248659652	0.028121422248659652	7.2114527225494385	7.2114527225494385
2404	gpt2	2405	1203	13	plug	vp_coord	unexpected	The officer shells and plug	2.1927971829427406e-06	2.1927971829427406e-06	18.79879570007324	18.79879570007324
2405	gpt2	2406	1203	13	plug	vp_coord	expected	The officer shells and plugs	2.2852434995002117e-05	2.2852434995002117e-05	15.417292594909668	15.417292594909668
2406	gpt2	2407	1204	13	plummet	vp_coord	unexpected	The officer shells and plummet	2.5422341423109174e-06	2.5422341423109174e-06	18.585472106933597	18.585472106933597
2407	gpt2	2408	1204	13	plummet	vp_coord	expected	The officer shells and plummets	0.3495830776907192	0.3495830776907192	4.868924580009964	4.868924580009964
2408	gpt2	2409	1205	13	plunge	vp_coord	unexpected	The officer shells and plunge	1.1788260962930508e-06	1.1788260962930508e-06	19.69421768188477	19.69421768188477
2409	gpt2	2410	1205	13	plunge	vp_coord	expected	The officer shells and plunges	0.4999557851988356	0.4999557851988356	5.964116175397066	5.964116175397066
2410	gpt2	2411	1206	13	pocket	vp_coord	unexpected	The officer shells and pocket	1.5347082808148116e-05	1.5347082808148116e-05	15.991676330566406	15.991676330566406
2411	gpt2	2412	1206	13	pocket	vp_coord	expected	The officer shells and pockets	6.688119901809841e-05	6.688119901809841e-05	13.868040084838867	13.868040084838867
2412	gpt2	2413	1207	13	point	vp_coord	unexpected	The officer shells and point	0.0001040033675963	0.0001040033675963	13.23108196258545	13.23108196258545
2413	gpt2	2414	1207	13	point	vp_coord	expected	The officer shells and points	0.0031675738282501	0.0031675738282501	8.302406311035156	8.302406311035156
2414	gpt2	2415	1208	13	police	vp_coord	unexpected	The officer shells and police	0.0004169814637862	0.0004169814637862	11.227728843688965	11.227728843688965
2415	gpt2	2416	1208	13	police	vp_coord	expected	The officer shells and polices	0.06279913536673117	0.06279913536673117	9.381486654281616	9.381486654281616
2416	gpt2	2417	1209	13	polish	vp_coord	unexpected	The officer shells and polish	4.348785296315328e-07	4.348785296315328e-07	21.132884979248047	21.132884979248047
2417	gpt2	2418	1209	13	polish	vp_coord	expected	The officer shells and polishes	0.387165615478807	0.387165615478807	8.069333374500275	8.069333374500275
2418	gpt2	2419	1210	13	pollinate	vp_coord	unexpected	The officer shells and pollinate	4.3734829091590655e-06	4.3734829091590655e-06	18.352947235107422	18.352947235107422
2419	gpt2	2420	1210	13	pollinate	vp_coord	expected	The officer shells and pollinates	0.000720341145836296	0.000720341145836296	14.567243099212648	14.567243099212648
2420	gpt2	2421	1211	13	pollute	vp_coord	unexpected	The officer shells and pollute	0.007647681844730396	0.007647681844730396	12.862572908401491	12.862572908401491
2421	gpt2	2422	1211	13	pollute	vp_coord	expected	The officer shells and pollutes	0.4643623166282964	0.4643623166282964	9.900476031005384	9.900476031005384
2422	gpt2	2423	1212	13	poll	vp_coord	unexpected	The officer shells and poll	1.1787811899921508e-06	1.1787811899921508e-06	19.69427299499512	19.69427299499512
2423	gpt2	2424	1212	13	poll	vp_coord	expected	The officer shells and polls	9.1983747552149e-07	9.1983747552149e-07	20.0521183013916	20.0521183013916
2424	gpt2	2425	1213	13	ponder	vp_coord	unexpected	The officer shells and ponder	4.658949421809666e-07	4.658949421809666e-07	21.033491134643555	21.033491134643555
2425	gpt2	2426	1213	13	ponder	vp_coord	expected	The officer shells and ponders	0.47306635453060153	0.47306635453060153	8.719285737723112	8.719285737723112
2426	gpt2	2427	1214	13	popularize	vp_coord	unexpected	The officer shells and popularize	0.026953762419509496	0.026953762419509496	11.88313603401184	11.88313603401184
2427	gpt2	2428	1214	13	popularize	vp_coord	expected	The officer shells and popularizes	0.10965941289811094	0.10965941289811094	10.870887398719788	10.870887398719788
2428	gpt2	2429	1215	13	populate	vp_coord	unexpected	The officer shells and populate	1.4582269836083126e-09	1.4582269836083126e-09	29.353137969970703	29.353137969970703
2429	gpt2	2430	1215	13	populate	vp_coord	expected	The officer shells and populates	0.11762394049901559	0.11762394049901559	9.212974667549133	9.212974667549133
2430	gpt2	2431	1216	13	pop	vp_coord	unexpected	The officer shells and pop	1.2070718184986616e-05	1.2070718184986616e-05	16.3381290435791	16.3381290435791
2431	gpt2	2432	1216	13	pop	vp_coord	expected	The officer shells and pops	0.0007352334214374	0.0007352334214374	10.409509658813477	10.409509658813477
2432	gpt2	2433	1217	13	portend	vp_coord	unexpected	The officer shells and portend	0.0029347351714931877	0.0029347351714931877	12.164844036102295	12.164844036102295
2433	gpt2	2434	1217	13	portend	vp_coord	expected	The officer shells and portends	0.02194754234142234	0.02194754234142234	10.712603330612183	10.712603330612183
2434	gpt2	2435	1218	13	portray	vp_coord	unexpected	The officer shells and portray	1.0057329546953043e-07	1.0057329546953043e-07	23.245248794555664	23.245248794555664
2435	gpt2	2436	1218	13	portray	vp_coord	expected	The officer shells and portrays	6.141177891549887e-06	6.141177891549887e-06	17.313053131103516	17.313053131103516
2436	gpt2	2437	1219	13	pose	vp_coord	unexpected	The officer shells and pose	2.3306336061068578e-07	2.3306336061068578e-07	22.032773971557617	22.032773971557617
2437	gpt2	2438	1219	13	pose	vp_coord	expected	The officer shells and poses	4.222007919452153e-05	4.222007919452153e-05	14.53171157836914	14.53171157836914
2438	gpt2	2439	1220	13	position	vp_coord	unexpected	The officer shells and position	1.9720933778444305e-05	1.9720933778444305e-05	15.629912376403809	15.629912376403809
2439	gpt2	2440	1220	13	position	vp_coord	expected	The officer shells and positions	0.0001255515962839	0.0001255515962839	12.959431648254396	12.959431648254396
2440	gpt2	2441	1221	13	possess	vp_coord	unexpected	The officer shells and possess	4.5986325858393684e-07	4.5986325858393684e-07	21.052291870117188	21.052291870117188
2441	gpt2	2442	1221	13	possess	vp_coord	expected	The officer shells and possesses	1.8447963157086637e-05	1.8447963157086637e-05	15.726179122924805	15.726179122924805
2442	gpt2	2443	1222	13	postpone	vp_coord	unexpected	The officer shells and postpone	9.743319928645633e-09	9.743319928645633e-09	26.612939834594727	26.612939834594727
2443	gpt2	2444	1222	13	postpone	vp_coord	expected	The officer shells and postpones	0.48884918370629293	0.48884918370629293	9.985687652602792	9.985687652602792
2444	gpt2	2445	1223	13	post	vp_coord	unexpected	The officer shells and post	1.4393729543371592e-05	1.4393729543371592e-05	16.084199905395508	16.084199905395508
2445	gpt2	2446	1223	13	post	vp_coord	expected	The officer shells and posts	0.0001226993481395	0.0001226993481395	12.99258518218994	12.99258518218994
2446	gpt2	2447	1224	13	pot	vp_coord	unexpected	The officer shells and pot	1.2693896678683814e-05	1.2693896678683814e-05	16.265504837036133	16.265504837036133
2447	gpt2	2448	1224	13	pot	vp_coord	expected	The officer shells and pots	1.3541479347622952e-05	1.3541479347622952e-05	16.17225456237793	16.17225456237793
2448	gpt2	2449	1225	13	pounce	vp_coord	unexpected	The officer shells and pounce	0.00131571531528605	0.00131571531528605	9.647493362426758	9.647493362426758
2449	gpt2	2450	1225	13	pounce	vp_coord	expected	The officer shells and pounces	0.08150893531274045	0.08150893531274045	5.901265501976013	5.901265501976013
2450	gpt2	2451	1226	13	pound	vp_coord	unexpected	The officer shells and pound	6.714450137224048e-05	6.714450137224048e-05	13.862371444702148	13.862371444702148
2451	gpt2	2452	1226	13	pound	vp_coord	expected	The officer shells and pounds	0.0001865639205789	0.0001865639205789	12.388042449951172	12.388042449951172
2452	gpt2	2453	1227	13	pour	vp_coord	unexpected	The officer shells and pour	2.610953970361152e-06	2.610953970361152e-06	18.5469913482666	18.5469913482666
2453	gpt2	2454	1227	13	pour	vp_coord	expected	The officer shells and pours	0.05364112637471405	0.05364112637471405	6.207119464874268	6.207119464874268
2454	gpt2	2455	1228	13	practice	vp_coord	unexpected	The officer shells and practice	9.72891939454712e-07	9.72891939454712e-07	19.971216201782227	19.971216201782227
2455	gpt2	2456	1228	13	practice	vp_coord	expected	The officer shells and practices	1.4692634067614565e-05	1.4692634067614565e-05	16.054548263549805	16.054548263549805
2456	gpt2	2457	1229	13	precede	vp_coord	unexpected	The officer shells and precede	0.0019866461689161587	0.0019866461689161587	12.891114234924316	12.891114234924316
2457	gpt2	2458	1229	13	precede	vp_coord	expected	The officer shells and precedes	0.49488965429463855	0.49488965429463855	8.910010252613574	8.910010252613574
2458	gpt2	2459	1230	13	preclude	vp_coord	unexpected	The officer shells and preclude	1.1275491651474569e-08	1.1275491651474569e-08	26.40223503112793	26.40223503112793
2459	gpt2	2460	1230	13	preclude	vp_coord	expected	The officer shells and precludes	0.01501940564776305	0.01501940564776305	9.77497935295105	9.77497935295105
2460	gpt2	2461	1231	13	predict	vp_coord	unexpected	The officer shells and predict	2.541079027196247e-07	2.541079027196247e-07	21.908056259155277	21.908056259155277
2461	gpt2	2462	1231	13	predict	vp_coord	expected	The officer shells and predicts	1.8985849237651564e-05	1.8985849237651564e-05	15.68471622467041	15.68471622467041
2462	gpt2	2463	1232	13	predispose	vp_coord	unexpected	The officer shells and predispose	0.005818627156438404	0.005818627156438404	15.2752525806427	15.2752525806427
2463	gpt2	2464	1232	13	predispose	vp_coord	expected	The officer shells and predisposes	0.48768949260574784	0.48768949260574784	12.080679098144174	12.080679098144174
2464	gpt2	2465	1233	13	pre-empt	vp_coord	unexpected	The officer shells and pre-empt	0.0984514635201776	0.0984514635201776	8.417802333831787	8.417802333831787
2465	gpt2	2466	1233	13	pre-empt	vp_coord	expected	The officer shells and pre-empts	0.0984514635201776	0.0984514635201776	8.417802333831787	8.417802333831787
2466	gpt2	2467	1234	13	prefer	vp_coord	unexpected	The officer shells and prefer	7.278258351561817e-08	7.278258351561817e-08	23.71183204650879	23.71183204650879
2467	gpt2	2468	1234	13	prefer	vp_coord	expected	The officer shells and prefers	4.955589702149155e-06	4.955589702149155e-06	17.62251091003418	17.62251091003418
2468	gpt2	2469	1235	13	premiere	vp_coord	unexpected	The officer shells and premiere	4.920998009083633e-08	4.920998009083633e-08	24.27647399902344	24.27647399902344
2469	gpt2	2470	1235	13	premiere	vp_coord	expected	The officer shells and premieres	0.4901592574431391	0.4901592574431391	10.254251307807863	10.254251307807863
2470	gpt2	2471	1236	13	prepare	vp_coord	unexpected	The officer shells and prepare	8.991740969577222e-07	8.991740969577222e-07	20.084896087646484	20.084896087646484
2471	gpt2	2472	1236	13	prepare	vp_coord	expected	The officer shells and prepares	0.0010892191203311	0.0010892191203311	9.842490196228027	9.842490196228027
2472	gpt2	2473	1237	13	prepay	vp_coord	unexpected	The officer shells and prepay	0.0005213100809555253	0.0005213100809555253	14.746521472930908	14.746521472930908
2473	gpt2	2474	1237	13	prepay	vp_coord	expected	The officer shells and prepays	0.027929755218508476	0.027929755218508476	11.873899221420288	11.873899221420288
2474	gpt2	2475	1238	13	pre-register	vp_coord	unexpected	The officer shells and pre-register	0.0984514635201776	0.0984514635201776	8.417802333831787	8.417802333831787
2475	gpt2	2476	1238	13	pre-register	vp_coord	expected	The officer shells and pre-registers	0.0984514635201776	0.0984514635201776	8.417802333831787	8.417802333831787
2476	gpt2	2477	1239	13	presage	vp_coord	unexpected	The officer shells and presage	0.0006727896070514953	0.0006727896070514953	12.616965770721436	12.616965770721436
2477	gpt2	2478	1239	13	presage	vp_coord	expected	The officer shells and presages	0.004230352609738445	0.004230352609738445	11.28200626373291	11.28200626373291
2478	gpt2	2479	1240	13	prescribe	vp_coord	unexpected	The officer shells and prescribe	8.995780120812924e-09	8.995780120812924e-09	26.728103637695312	26.728103637695312
2479	gpt2	2480	1240	13	prescribe	vp_coord	expected	The officer shells and prescribes	0.47177779067055775	0.47177779067055775	9.078958552330732	9.078958552330732
2480	gpt2	2481	1241	13	present	vp_coord	unexpected	The officer shells and present	1.9088452063442678e-06	1.9088452063442678e-06	18.998868942260746	18.998868942260746
2481	gpt2	2482	1241	13	present	vp_coord	expected	The officer shells and presents	4.38286442658864e-05	4.38286442658864e-05	14.477766036987305	14.477766036987305
2482	gpt2	2483	1242	13	preserve	vp_coord	unexpected	The officer shells and preserve	1.3379109020661417e-07	1.3379109020661417e-07	22.833515167236328	22.833515167236328
2483	gpt2	2484	1242	13	preserve	vp_coord	expected	The officer shells and preserves	1.3814251360599885e-05	1.3814251360599885e-05	16.143482208251953	16.143482208251953
2484	gpt2	2485	1243	13	pressure	vp_coord	unexpected	The officer shells and pressure	1.4004094737174457e-05	1.4004094737174457e-05	16.12379264831543	16.12379264831543
2485	gpt2	2486	1243	13	pressure	vp_coord	expected	The officer shells and pressures	5.560319914366119e-05	5.560319914366119e-05	14.134472846984863	14.134472846984863
2486	gpt2	2487	1244	13	press	vp_coord	unexpected	The officer shells and press	4.399380486574955e-05	4.399380486574955e-05	14.472339630126951	14.472339630126951
2487	gpt2	2488	1244	13	press	vp_coord	expected	The officer shells and presses	0.0008172389352694	0.0008172389352694	10.256954193115234	10.256954193115234
2488	gpt2	2489	1245	13	pretend	vp_coord	unexpected	The officer shells and pretend	3.8352304727595765e-06	3.8352304727595765e-06	17.99225616455078	17.99225616455078
2489	gpt2	2490	1245	13	pretend	vp_coord	expected	The officer shells and pretends	0.47256943650063477	0.47256943650063477	6.99435718357563	6.99435718357563
2490	gpt2	2491	1246	13	pre-try	vp_coord	unexpected	The officer shells and pre-try	0.0984514635201776	0.0984514635201776	8.417802333831787	8.417802333831787
2491	gpt2	2492	1246	13	pre-try	vp_coord	expected	The officer shells and pre-tries	0.0984514635201776	0.0984514635201776	8.417802333831787	8.417802333831787
2492	gpt2	2493	1247	13	prevail	vp_coord	unexpected	The officer shells and prevail	4.802127762104647e-08	4.802127762104647e-08	24.311750411987305	24.311750411987305
2493	gpt2	2494	1247	13	prevail	vp_coord	expected	The officer shells and prevails	0.4531955959285483	0.4531955959285483	9.672229193150997	9.672229193150997
2494	gpt2	2495	1248	13	prevent	vp_coord	unexpected	The officer shells and prevent	6.820574071753072e-06	6.820574071753072e-06	17.16167449951172	17.16167449951172
2495	gpt2	2496	1248	13	prevent	vp_coord	expected	The officer shells and prevents	0.0003450021031312	0.0003450021031312	11.501107215881348	11.501107215881348
2496	gpt2	2497	1249	13	price	vp_coord	unexpected	The officer shells and price	3.2819593798194546e-07	3.2819593798194546e-07	21.538938522338867	21.538938522338867
2497	gpt2	2498	1249	13	price	vp_coord	expected	The officer shells and prices	1.5874825294304171e-06	1.5874825294304171e-06	19.264827728271484	19.264827728271484
2498	gpt2	2499	1250	13	privatize	vp_coord	unexpected	The officer shells and privatize	0.0011120674014364123	0.0011120674014364123	14.852749347686768	14.852749347686768
2499	gpt2	2500	1250	13	privatize	vp_coord	expected	The officer shells and privatizes	0.354536343161044	0.354536343161044	10.69431072473526	10.69431072473526
2500	gpt2	2501	1251	13	probe	vp_coord	unexpected	The officer shells and probe	1.0299884252162883e-06	1.0299884252162883e-06	19.888940811157227	19.888940811157227
2501	gpt2	2502	1251	13	probe	vp_coord	expected	The officer shells and probes	9.970592509489506e-05	9.970592509489506e-05	13.29196071624756	13.29196071624756
2502	gpt2	2503	1252	13	proceed	vp_coord	unexpected	The officer shells and proceed	7.020083558018087e-06	7.020083558018087e-06	17.120080947875977	17.120080947875977
2503	gpt2	2504	1252	13	proceed	vp_coord	expected	The officer shells and proceeds	0.0007851997506804	0.0007851997506804	10.314652442932127	10.314652442932127
2504	gpt2	2505	1253	13	process	vp_coord	unexpected	The officer shells and process	1.627759274924756e-06	1.627759274924756e-06	19.22868156433105	19.22868156433105
2505	gpt2	2506	1253	13	process	vp_coord	expected	The officer shells and processes	9.089792911254335e-06	9.089792911254335e-06	16.7473201751709	16.7473201751709
2506	gpt2	2507	1254	13	proclaim	vp_coord	unexpected	The officer shells and proclaim	5.7902492699213326e-05	5.7902492699213326e-05	14.076014518737791	14.076014518737791
2507	gpt2	2508	1254	13	proclaim	vp_coord	expected	The officer shells and proclaims	0.496517611820309	0.496517611820309	7.04309091111645	7.04309091111645
2508	gpt2	2509	1255	13	produce	vp_coord	unexpected	The officer shells and produce	4.996340408069955e-07	4.996340408069955e-07	20.93262481689453	20.93262481689453
2509	gpt2	2510	1255	13	produce	vp_coord	expected	The officer shells and produces	4.611883196048439e-05	4.611883196048439e-05	14.404284477233888	14.404284477233888
2510	gpt2	2511	1256	13	prod	vp_coord	unexpected	The officer shells and prod	1.6114978507175692e-06	1.6114978507175692e-06	19.243165969848636	19.243165969848636
2511	gpt2	2512	1256	13	prod	vp_coord	expected	The officer shells and prods	0.4311645777124795	0.4311645777124795	6.48970490694046	6.48970490694046
2512	gpt2	2513	1257	13	profile	vp_coord	unexpected	The officer shells and profile	5.775947897745937e-07	5.775947897745937e-07	20.723438262939453	20.723438262939453
2513	gpt2	2514	1257	13	profile	vp_coord	expected	The officer shells and profiles	2.0000559288746445e-06	2.0000559288746445e-06	18.931528091430664	18.931528091430664
2514	gpt2	2515	1258	13	profit	vp_coord	unexpected	The officer shells and profit	3.221256292817998e-07	3.221256292817998e-07	21.56587219238281	21.56587219238281
2515	gpt2	2516	1258	13	profit	vp_coord	expected	The officer shells and profits	3.1873869374976493e-06	3.1873869374976493e-06	18.25919342041016	18.25919342041016
2516	gpt2	2517	1259	13	program	vp_coord	unexpected	The officer shells and program	1.7840785631051403e-06	1.7840785631051403e-06	19.09638977050781	19.09638977050781
2517	gpt2	2518	1259	13	program	vp_coord	expected	The officer shells and programs	4.587088824337116e-06	4.587088824337116e-06	17.733989715576172	17.733989715576172
2518	gpt2	2519	1260	13	progress	vp_coord	unexpected	The officer shells and progress	6.89310240886698e-07	6.89310240886698e-07	20.46834373474121	20.46834373474121
2519	gpt2	2520	1260	13	progress	vp_coord	expected	The officer shells and progresses	1.0117832061951049e-05	1.0117832061951049e-05	16.592741012573242	16.592741012573242
2520	gpt2	2521	1261	13	prohibit	vp_coord	unexpected	The officer shells and prohibit	7.665820334068486e-08	7.665820334068486e-08	23.63698387145996	23.63698387145996
2521	gpt2	2522	1261	13	prohibit	vp_coord	expected	The officer shells and prohibits	1.231762234965572e-05	1.231762234965572e-05	16.308916091918945	16.308916091918945
2522	gpt2	2523	1262	13	project	vp_coord	unexpected	The officer shells and project	7.024767683105893e-07	7.024767683105893e-07	20.4410457611084	20.4410457611084
2523	gpt2	2524	1262	13	project	vp_coord	expected	The officer shells and projects	1.2989768947591074e-05	1.2989768947591074e-05	16.23226547241211	16.23226547241211
2524	gpt2	2525	1263	13	prolong	vp_coord	unexpected	The officer shells and prolong	8.910474207368679e-07	8.910474207368679e-07	20.097993850708008	20.097993850708008
2525	gpt2	2526	1263	13	prolong	vp_coord	expected	The officer shells and prolongs	0.49396174994990355	0.49396174994990355	10.057761954143643	10.057761954143643
2526	gpt2	2527	1264	13	promise	vp_coord	unexpected	The officer shells and promise	1.7287585762915114e-07	1.7287585762915114e-07	22.46376037597656	22.46376037597656
2527	gpt2	2528	1264	13	promise	vp_coord	expected	The officer shells and promises	0.0001131679600803	0.0001131679600803	13.109247207641602	13.109247207641602
2528	gpt2	2529	1265	13	promote	vp_coord	unexpected	The officer shells and promote	6.149892328721762e-08	6.149892328721762e-08	23.95486259460449	23.95486259460449
2529	gpt2	2530	1265	13	promote	vp_coord	expected	The officer shells and promotes	3.091952021350153e-05	3.091952021350153e-05	14.981122970581056	14.981122970581056
2530	gpt2	2531	1266	13	prompt	vp_coord	unexpected	The officer shells and prompt	5.024705274081498e-07	5.024705274081498e-07	20.924457550048828	20.924457550048828
2531	gpt2	2532	1266	13	prompt	vp_coord	expected	The officer shells and prompts	2.613994911371265e-05	2.613994911371265e-05	15.223383903503418	15.223383903503418
2532	gpt2	2533	1267	13	propel	vp_coord	unexpected	The officer shells and propel	1.2917512037802228e-07	1.2917512037802228e-07	22.88416862487793	22.88416862487793
2533	gpt2	2534	1267	13	propel	vp_coord	expected	The officer shells and propels	0.4618952164091752	0.4618952164091752	7.0435321889817715	7.0435321889817715
2534	gpt2	2535	1268	13	propose	vp_coord	unexpected	The officer shells and propose	1.0176969311714856e-07	1.0176969311714856e-07	23.22818946838379	23.22818946838379
2535	gpt2	2536	1268	13	propose	vp_coord	expected	The officer shells and proposes	3.3464380976511165e-05	3.3464380976511165e-05	14.867013931274414	14.867013931274414
2536	gpt2	2537	1269	13	prop	vp_coord	unexpected	The officer shells and prop	6.220520299393684e-05	6.220520299393684e-05	13.972604751586914	13.972604751586914
2537	gpt2	2538	1269	13	prop	vp_coord	expected	The officer shells and props	9.044935723068193e-05	9.044935723068193e-05	13.432530403137209	13.432530403137209
2538	gpt2	2539	1270	13	prosper	vp_coord	unexpected	The officer shells and prosper	1.142573680112946e-08	1.142573680112946e-08	26.383136749267575	26.383136749267575
2539	gpt2	2540	1270	13	prosper	vp_coord	expected	The officer shells and prospers	0.2962203238469859	0.2962203238469859	8.39443558951219	8.39443558951219
2540	gpt2	2541	1271	13	protect	vp_coord	unexpected	The officer shells and protect	1.4007193385623395e-05	1.4007193385623395e-05	16.123472213745117	16.123472213745117
2541	gpt2	2542	1271	13	protect	vp_coord	expected	The officer shells and protects	0.0002315598394488	0.0002315598394488	12.076327323913574	12.076327323913574
2542	gpt2	2543	1272	13	protest	vp_coord	unexpected	The officer shells and protest	7.064270448609022e-07	7.064270448609022e-07	20.43295669555664	20.43295669555664
2543	gpt2	2544	1272	13	protest	vp_coord	expected	The officer shells and protests	0.0001006659513222	0.0001006659513222	13.278136253356934	13.278136253356934
2544	gpt2	2545	1273	14	prove	vp_coord	unexpected	The consultant sidetracks and prove	7.199943865998648e-06	7.199943865998648e-06	17.08358383178711	17.08358383178711
2545	gpt2	2546	1273	14	prove	vp_coord	expected	The consultant sidetracks and proves	0.0005243658670224	0.0005243658670224	10.897138595581056	10.897138595581056
2546	gpt2	2547	1274	14	provide	vp_coord	unexpected	The consultant sidetracks and provide	3.036451198568102e-05	3.036451198568102e-05	15.007254600524902	15.007254600524902
2547	gpt2	2548	1274	14	provide	vp_coord	expected	The consultant sidetracks and provides	0.0048775905743241	0.0048775905743241	7.679615497589111	7.679615497589111
2548	gpt2	2549	1275	14	provoke	vp_coord	unexpected	The consultant sidetracks and provoke	1.6999250647131705e-06	1.6999250647131705e-06	19.16609764099121	19.16609764099121
2549	gpt2	2550	1275	14	provoke	vp_coord	expected	The consultant sidetracks and provokes	0.48608025812427513	0.48608025812427513	5.617009734734894	5.617009734734894
2550	gpt2	2551	1276	14	prune	vp_coord	unexpected	The consultant sidetracks and prune	0.0016485859232488501	0.0016485859232488501	9.674208164215088	9.674208164215088
2551	gpt2	2552	1276	14	prune	vp_coord	expected	The consultant sidetracks and prunes	0.02406972207245415	0.02406972207245415	7.618335962295532	7.618335962295532
2552	gpt2	2553	1277	14	publicize	vp_coord	unexpected	The consultant sidetracks and publicize	0.01836346927302655	0.01836346927302655	8.823030471801758	8.823030471801758
2553	gpt2	2554	1277	14	publicize	vp_coord	expected	The consultant sidetracks and publicizes	0.2090193843396264	0.2090193843396264	7.066275715827941	7.066275715827941
2554	gpt2	2555	1278	14	publish	vp_coord	unexpected	The consultant sidetracks and publish	4.75734759675106e-06	4.75734759675106e-06	17.681411743164062	17.681411743164062
2555	gpt2	2556	1278	14	publish	vp_coord	expected	The consultant sidetracks and publishes	0.0003516372526064	0.0003516372526064	11.473624229431152	11.473624229431152
2556	gpt2	2557	1279	14	pull	vp_coord	unexpected	The consultant sidetracks and pull	1.908283775264863e-05	1.908283775264863e-05	15.677364349365234	15.677364349365234
2557	gpt2	2558	1279	14	pull	vp_coord	expected	The consultant sidetracks and pulls	0.0017213508253917	0.0017213508253917	9.182243347167969	9.182243347167969
2558	gpt2	2559	1280	14	pummel	vp_coord	unexpected	The consultant sidetracks and pummel	0.013219839893281432	0.013219839893281432	6.87045685450236	6.87045685450236
2559	gpt2	2560	1280	14	pummel	vp_coord	expected	The consultant sidetracks and pummels	0.3363269514714678	0.3363269514714678	4.732865671937664	4.732865671937664
2560	gpt2	2561	1281	14	pump	vp_coord	unexpected	The consultant sidetracks and pump	7.283091690624133e-06	7.283091690624133e-06	17.0670166015625	17.0670166015625
2561	gpt2	2562	1281	14	pump	vp_coord	expected	The consultant sidetracks and pumps	0.0001074226383934	0.0001074226383934	13.18441390991211	13.18441390991211
2562	gpt2	2563	1282	14	punch	vp_coord	unexpected	The consultant sidetracks and punch	3.564529833965935e-06	3.564529833965935e-06	18.097856521606445	18.097856521606445
2563	gpt2	2564	1282	14	punch	vp_coord	expected	The consultant sidetracks and punches	0.0001463060179958	0.0001463060179958	12.738722801208496	12.738722801208496
2564	gpt2	2565	1283	14	punish	vp_coord	unexpected	The consultant sidetracks and punish	1.6939953866312862e-06	1.6939953866312862e-06	19.17113876342773	19.17113876342773
2565	gpt2	2566	1283	14	punish	vp_coord	expected	The consultant sidetracks and punishes	0.41788586002076045	0.41788586002076045	5.633388623595238	5.633388623595238
2566	gpt2	2567	1284	14	purchase	vp_coord	unexpected	The consultant sidetracks and purchase	1.1701689572873877e-06	1.1701689572873877e-06	19.70485115051269	19.70485115051269
2567	gpt2	2568	1284	14	purchase	vp_coord	expected	The consultant sidetracks and purchases	4.171829277765937e-05	4.171829277765937e-05	14.54896068572998	14.54896068572998
2568	gpt2	2569	1285	14	pursue	vp_coord	unexpected	The consultant sidetracks and pursue	2.054431433862192e-06	2.054431433862192e-06	18.89282989501953	18.89282989501953
2569	gpt2	2570	1285	14	pursue	vp_coord	expected	The consultant sidetracks and pursues	0.49245875701308245	0.49245875701308245	5.331006801687181	5.331006801687181
2570	gpt2	2571	1286	14	push	vp_coord	unexpected	The consultant sidetracks and push	2.581706030468922e-05	2.581706030468922e-05	15.241315841674805	15.241315841674805
2571	gpt2	2572	1286	14	push	vp_coord	expected	The consultant sidetracks and pushes	0.0012499098666012	0.0012499098666012	9.643959999084473	9.643959999084473
2572	gpt2	2573	1287	14	put	vp_coord	unexpected	The consultant sidetracks and put	0.0002205767668783	0.0002205767668783	12.146431922912598	12.146431922912598
2573	gpt2	2574	1287	14	put	vp_coord	expected	The consultant sidetracks and puts	0.0024984625633805	0.0024984625633805	8.644743919372559	8.644743919372559
2574	gpt2	2575	1288	14	puzzle	vp_coord	unexpected	The consultant sidetracks and puzzle	1.727255767036695e-05	1.727255767036695e-05	15.821158409118652	15.821158409118652
2575	gpt2	2576	1288	14	puzzle	vp_coord	expected	The consultant sidetracks and puzzles	0.0003872010565828	0.0003872010565828	11.33462905883789	11.33462905883789
2576	gpt2	2577	1289	14	qualify	vp_coord	unexpected	The consultant sidetracks and qualify	6.929267328814603e-07	6.929267328814603e-07	20.46079444885254	20.46079444885254
2577	gpt2	2578	1289	14	qualify	vp_coord	expected	The consultant sidetracks and qualifies	5.752289143856615e-05	5.752289143856615e-05	14.085504531860352	14.085504531860352
2578	gpt2	2579	1290	14	quantify	vp_coord	unexpected	The consultant sidetracks and quantify	4.023793280794052e-06	4.023793280794052e-06	17.923011779785156	17.923011779785156
2579	gpt2	2580	1290	14	quantify	vp_coord	expected	The consultant sidetracks and quantifies	0.4672910320441587	0.4672910320441587	6.232415948063135	6.232415948063135
2580	gpt2	2581	1291	14	quarrel	vp_coord	unexpected	The consultant sidetracks and quarrel	4.033752247778466e-06	4.033752247778466e-06	17.91944694519043	17.91944694519043
2581	gpt2	2582	1291	14	quarrel	vp_coord	expected	The consultant sidetracks and quarrels	0.4943845771292672	0.4943845771292672	8.967873605899513	8.967873605899513
2582	gpt2	2583	1292	14	quell	vp_coord	unexpected	The consultant sidetracks and quell	0.0072602507134433	0.0072602507134433	8.299726247787476	8.299726247787476
2583	gpt2	2584	1292	14	quell	vp_coord	expected	The consultant sidetracks and quells	0.012143614556407499	0.012143614556407499	7.913472652435303	7.913472652435303
2584	gpt2	2585	1293	14	question	vp_coord	unexpected	The consultant sidetracks and question	5.86730930081103e-05	5.86730930081103e-05	14.056941032409668	14.056941032409668
2585	gpt2	2586	1293	14	question	vp_coord	expected	The consultant sidetracks and questions	0.003052178537473	0.003052178537473	8.355944633483887	8.355944633483887
2586	gpt2	2587	1294	14	quiet	vp_coord	unexpected	The consultant sidetracks and quiet	6.985806248849258e-05	6.985806248849258e-05	13.805213928222656	13.805213928222656
2587	gpt2	2588	1294	14	quiet	vp_coord	expected	The consultant sidetracks and quiets	0.08214076593867499	0.08214076593867499	6.515713095664978	6.515713095664978
2588	gpt2	2589	1295	14	quit	vp_coord	unexpected	The consultant sidetracks and quit	1.0943062989099415e-05	1.0943062989099415e-05	16.479623794555664	16.479623794555664
2589	gpt2	2590	1295	14	quit	vp_coord	expected	The consultant sidetracks and quits	0.048338532302295754	0.048338532302295754	6.900431394577026	6.900431394577026
2590	gpt2	2591	1296	14	quiz	vp_coord	unexpected	The consultant sidetracks and quiz	4.560529305308592e-06	4.560529305308592e-06	17.742366790771484	17.742366790771484
2591	gpt2	2592	1296	14	quiz	vp_coord	expected	The consultant sidetracks and quizes	0.0004821257243747	0.0004821257243747	11.240343570709229	11.240343570709229
2592	gpt2	2593	1297	14	quote	vp_coord	unexpected	The consultant sidetracks and quote	3.3490769055788405e-06	3.3490769055788405e-06	18.18780517578125	18.18780517578125
2593	gpt2	2594	1297	14	quote	vp_coord	expected	The consultant sidetracks and quotes	0.0003388635814189	0.0003388635814189	11.527008056640623	11.527008056640623
2594	gpt2	2595	1298	14	rage	vp_coord	unexpected	The consultant sidetracks and rage	2.408810360066127e-06	2.408810360066127e-06	18.66324806213379	18.66324806213379
2595	gpt2	2596	1298	14	rage	vp_coord	expected	The consultant sidetracks and rages	0.0143330250284634	0.0143330250284634	7.356195688247681	7.356195688247681
2596	gpt2	2597	1299	14	raid	vp_coord	unexpected	The consultant sidetracks and raid	1.703586349321995e-06	1.703586349321995e-06	19.162994384765625	19.162994384765625
2597	gpt2	2598	1299	14	raid	vp_coord	expected	The consultant sidetracks and raids	2.466038495185785e-05	2.466038495185785e-05	15.307445526123049	15.307445526123049
2598	gpt2	2599	1300	14	rain	vp_coord	unexpected	The consultant sidetracks and rain	3.576597464416409e-06	3.576597464416409e-06	18.092981338500977	18.092981338500977
2599	gpt2	2600	1300	14	rain	vp_coord	expected	The consultant sidetracks and rains	3.824970008281525e-06	3.824970008281525e-06	17.99612045288086	17.99612045288086
2600	gpt2	2601	1301	14	raise	vp_coord	unexpected	The consultant sidetracks and raise	4.754227120429277e-06	4.754227120429277e-06	17.682357788085938	17.682357788085938
2601	gpt2	2602	1301	14	raise	vp_coord	expected	The consultant sidetracks and raises	0.0015247414121404	0.0015247414121404	9.357219696044922	9.357219696044922
2602	gpt2	2603	1302	14	rally	vp_coord	unexpected	The consultant sidetracks and rally	2.7992407467536395e-06	2.7992407467536395e-06	18.446533203125	18.446533203125
2603	gpt2	2604	1302	14	rally	vp_coord	expected	The consultant sidetracks and rallies	0.0001016832102322	0.0001016832102322	13.263630867004396	13.263630867004396
2604	gpt2	2605	1303	14	ramp	vp_coord	unexpected	The consultant sidetracks and ramp	3.889877916662954e-05	3.889877916662954e-05	14.64991569519043	14.64991569519043
2605	gpt2	2606	1303	14	ramp	vp_coord	expected	The consultant sidetracks and ramps	0.0003128576499875	0.0003128576499875	11.642206192016602	11.642206192016602
2606	gpt2	2607	1304	14	range	vp_coord	unexpected	The consultant sidetracks and range	2.558068899816135e-06	2.558068899816135e-06	18.576513290405277	18.576513290405277
2607	gpt2	2608	1304	14	range	vp_coord	expected	The consultant sidetracks and ranges	5.1615141273941845e-05	5.1615141273941845e-05	14.241846084594728	14.241846084594728
2608	gpt2	2609	1305	14	rank	vp_coord	unexpected	The consultant sidetracks and rank	6.9988991526770405e-06	6.9988991526770405e-06	17.124441146850586	17.124441146850586
2609	gpt2	2610	1305	14	rank	vp_coord	expected	The consultant sidetracks and ranks	0.000186003773706	0.000186003773706	12.392380714416504	12.392380714416504
2610	gpt2	2611	1306	14	ratify	vp_coord	unexpected	The consultant sidetracks and ratify	4.004864422313403e-05	4.004864422313403e-05	14.610281944274902	14.610281944274902
2611	gpt2	2612	1306	14	ratify	vp_coord	expected	The consultant sidetracks and ratifies	0.0052400708809727525	0.0052400708809727525	10.554587125778198	10.554587125778198
2612	gpt2	2613	1307	14	rationalize	vp_coord	unexpected	The consultant sidetracks and rationalize	0.00109781687206115	0.00109781687206115	10.409356594085693	10.409356594085693
2613	gpt2	2614	1307	14	rationalize	vp_coord	expected	The consultant sidetracks and rationalizes	0.4794476288516307	0.4794476288516307	5.924871614202857	5.924871614202857
2614	gpt2	2615	1308	14	rattle	vp_coord	unexpected	The consultant sidetracks and rattle	0.0035199769190512	0.0035199769190512	8.489272594451904	8.489272594451904
2615	gpt2	2616	1308	14	rattle	vp_coord	expected	The consultant sidetracks and rattles	0.4991866145792301	0.4991866145792301	6.166581240249798	6.166581240249798
2616	gpt2	2617	1309	14	rat	vp_coord	unexpected	The consultant sidetracks and rat	4.235425149090588e-05	4.235425149090588e-05	14.52713394165039	14.52713394165039
2617	gpt2	2618	1309	14	rat	vp_coord	expected	The consultant sidetracks and rats	6.301259418250993e-06	6.301259418250993e-06	17.275928497314453	17.275928497314453
2618	gpt2	2619	1310	14	rave	vp_coord	unexpected	The consultant sidetracks and rave	3.988930927789625e-07	3.988930927789625e-07	21.25749397277832	21.25749397277832
2619	gpt2	2620	1310	14	rave	vp_coord	expected	The consultant sidetracks and raves	0.0074980444624088	0.0074980444624088	7.857207536697388	7.857207536697388
2620	gpt2	2621	1311	14	reach	vp_coord	unexpected	The consultant sidetracks and reach	4.055321369378362e-06	4.055321369378362e-06	17.911752700805664	17.911752700805664
2621	gpt2	2622	1311	14	reach	vp_coord	expected	The consultant sidetracks and reaches	0.0003485389752313	0.0003485389752313	11.4863920211792	11.4863920211792
2622	gpt2	2623	1312	14	react	vp_coord	unexpected	The consultant sidetracks and react	1.1471469406387769e-05	1.1471469406387769e-05	16.411590576171875	16.411590576171875
2623	gpt2	2624	1312	14	react	vp_coord	expected	The consultant sidetracks and reacts	0.0002782507508527	0.0002782507508527	11.81132698059082	11.81132698059082
2624	gpt2	2625	1313	14	readmit	vp_coord	unexpected	The consultant sidetracks and readmit	0.0002016236176132	0.0002016236176132	12.302616596221924	12.302616596221924
2625	gpt2	2626	1313	14	readmit	vp_coord	expected	The consultant sidetracks and readmits	0.0003104041024926	0.0003104041024926	11.837101936340332	11.837101936340332
2626	gpt2	2627	1314	14	read	vp_coord	unexpected	The consultant sidetracks and read	0.0001632821658859	0.0001632821658859	12.580345153808594	12.580345153808594
2627	gpt2	2628	1314	14	read	vp_coord	expected	The consultant sidetracks and reads	0.0012346319854259	0.0012346319854259	9.661703109741213	9.661703109741213
2628	gpt2	2629	1315	14	reaffirm	vp_coord	unexpected	The consultant sidetracks and reaffirm	0.01200649261227224	0.01200649261227224	10.067321062088013	10.067321062088013
2629	gpt2	2630	1315	14	reaffirm	vp_coord	expected	The consultant sidetracks and reaffirms	0.47618162192156893	0.47618162192156893	7.411446664482355	7.411446664482355
2630	gpt2	2631	1316	14	realign	vp_coord	unexpected	The consultant sidetracks and realign	0.1973174391023349	0.1973174391023349	6.164544701576233	6.164544701576233
2631	gpt2	2632	1316	14	realign	vp_coord	expected	The consultant sidetracks and realigns	0.4449400622203636	0.4449400622203636	4.139357445140679	4.139357445140679
2632	gpt2	2633	1317	14	realize	vp_coord	unexpected	The consultant sidetracks and realize	2.4156565814337227e-06	2.4156565814337227e-06	18.65915298461914	18.65915298461914
2633	gpt2	2634	1317	14	realize	vp_coord	expected	The consultant sidetracks and realizes	0.000344378495356	0.000344378495356	11.503717422485352	11.503717422485352
2634	gpt2	2635	1318	14	reappraise	vp_coord	unexpected	The consultant sidetracks and reappraise	0.0003403303089725768	0.0003403303089725768	12.341854572296143	12.341854572296143
2635	gpt2	2636	1318	14	reappraise	vp_coord	expected	The consultant sidetracks and reappraises	0.2624046913576118	0.2624046913576118	5.92758721113205	5.92758721113205
2636	gpt2	2637	1319	14	reap	vp_coord	unexpected	The consultant sidetracks and reap	3.328582067751995e-07	3.328582067751995e-07	21.51858901977539	21.51858901977539
2637	gpt2	2638	1319	14	reap	vp_coord	expected	The consultant sidetracks and reaps	0.00288728519808495	0.00288728519808495	8.44606637954712	8.44606637954712
2638	gpt2	2639	1320	14	rearm	vp_coord	unexpected	The consultant sidetracks and rearm	0.00139920444053125	0.00139920444053125	10.291420936584473	10.291420936584473
2639	gpt2	2640	1320	14	rearm	vp_coord	expected	The consultant sidetracks and rearms	0.00019127450013908443	0.00019127450013908443	13.30268907546997	13.30268907546997
2640	gpt2	2641	1321	14	rearrange	vp_coord	unexpected	The consultant sidetracks and rearrange	0.00213093280763125	0.00213093280763125	10.27297568321228	10.27297568321228
2641	gpt2	2642	1321	14	rearrange	vp_coord	expected	The consultant sidetracks and rearranges	0.48878873016656144	0.48878873016656144	6.324837561696768	6.324837561696768
2642	gpt2	2643	1322	14	reason	vp_coord	unexpected	The consultant sidetracks and reason	1.9572373275877908e-05	1.9572373275877908e-05	15.64082145690918	15.64082145690918
2643	gpt2	2644	1322	14	reason	vp_coord	expected	The consultant sidetracks and reasons	0.0001478263438912	0.0001478263438912	12.723809242248535	12.723809242248535
2644	gpt2	2645	1323	14	reassert	vp_coord	unexpected	The consultant sidetracks and reassert	0.022558022348675853	0.022558022348675853	7.428222179412843	7.428222179412843
2645	gpt2	2646	1323	14	reassert	vp_coord	expected	The consultant sidetracks and reasserts	0.3447993522277102	0.3447993522277102	4.957330198337635	4.957330198337635
2646	gpt2	2647	1324	14	reassess	vp_coord	unexpected	The consultant sidetracks and reassess	0.01041776320198545	0.01041776320198545	8.000068664550781	8.000068664550781
2647	gpt2	2648	1324	14	reassess	vp_coord	expected	The consultant sidetracks and reassesses	0.0865917020128108	0.0865917020128108	6.4488457441329965	6.4488457441329965
2648	gpt2	2649	1325	14	reassume	vp_coord	unexpected	The consultant sidetracks and reassume	0.00042549884892649037	0.00042549884892649037	11.892737865447998	11.892737865447998
2649	gpt2	2650	1325	14	reassume	vp_coord	expected	The consultant sidetracks and reassumes	0.00167991773923855	0.00167991773923855	9.474540710449219	9.474540710449219
2650	gpt2	2651	1326	14	reassure	vp_coord	unexpected	The consultant sidetracks and reassure	6.555873369507026e-06	6.555873369507026e-06	17.218780517578125	17.218780517578125
2651	gpt2	2652	1326	14	reassure	vp_coord	expected	The consultant sidetracks and reassures	0.3401282616541721	0.3401282616541721	5.459590524435044	5.459590524435044
2652	gpt2	2653	1327	14	reauthorize	vp_coord	unexpected	The consultant sidetracks and reauthorize	0.0013868645182810002	0.0013868645182810002	9.756543159484863	9.756543159484863
2653	gpt2	2654	1327	14	reauthorize	vp_coord	expected	The consultant sidetracks and reauthorizes	0.2896861480354952	0.2896861480354952	6.510673845807712	6.510673845807712
2654	gpt2	2655	1328	14	rebound	vp_coord	unexpected	The consultant sidetracks and rebound	1.391753244206484e-06	1.391753244206484e-06	19.45466423034668	19.45466423034668
2655	gpt2	2656	1328	14	rebound	vp_coord	expected	The consultant sidetracks and rebounds	0.0001349943922832	0.0001349943922832	12.854812622070312	12.854812622070312
2656	gpt2	2657	1329	14	rebuild	vp_coord	unexpected	The consultant sidetracks and rebuild	1.9934053852921352e-05	1.9934053852921352e-05	15.614405632019045	15.614405632019045
2657	gpt2	2658	1329	14	rebuild	vp_coord	expected	The consultant sidetracks and rebuilds	0.49450109714052815	0.49450109714052815	7.815194530412556	7.815194530412556
2658	gpt2	2659	1330	14	rebut	vp_coord	unexpected	The consultant sidetracks and rebut	0.0157391506072599	0.0157391506072599	8.104900598526001	8.104900598526001
2659	gpt2	2660	1330	14	rebut	vp_coord	expected	The consultant sidetracks and rebuts	0.046791765169473296	0.046791765169473296	7.312432050704956	7.312432050704956
2660	gpt2	2661	1331	14	recall	vp_coord	unexpected	The consultant sidetracks and recall	6.294484592217486e-06	6.294484592217486e-06	17.277481079101562	17.277481079101562
2661	gpt2	2662	1331	14	recall	vp_coord	expected	The consultant sidetracks and recalls	0.0007187766605056	0.0007187766605056	10.442169189453123	10.442169189453123
2662	gpt2	2663	1332	14	recapture	vp_coord	unexpected	The consultant sidetracks and recapture	0.00046110379207673025	0.00046110379207673025	13.256454944610596	13.256454944610596
2663	gpt2	2664	1332	14	recapture	vp_coord	expected	The consultant sidetracks and recaptures	0.4986569396469349	0.4986569396469349	8.208068046486005	8.208068046486005
2664	gpt2	2665	1333	14	receive	vp_coord	unexpected	The consultant sidetracks and receive	1.3689535762750893e-06	1.3689535762750893e-06	19.47849464416504	19.47849464416504
2665	gpt2	2666	1333	14	receive	vp_coord	expected	The consultant sidetracks and receives	0.0002115205716108	0.0002115205716108	12.206913948059082	12.206913948059082
2666	gpt2	2667	1334	14	reckon	vp_coord	unexpected	The consultant sidetracks and reckon	7.898151466179115e-07	7.898151466179115e-07	20.271982192993164	20.271982192993164
2667	gpt2	2668	1334	14	reckon	vp_coord	expected	The consultant sidetracks and reckons	0.49867308139982924	0.49867308139982924	7.47565554373432	7.47565554373432
2668	gpt2	2669	1335	14	reclaim	vp_coord	unexpected	The consultant sidetracks and reclaim	3.216467666788958e-05	3.216467666788958e-05	14.92416286468506	14.92416286468506
2669	gpt2	2670	1335	14	reclaim	vp_coord	expected	The consultant sidetracks and reclaims	0.4959782550849923	0.4959782550849923	7.467930432409049	7.467930432409049
2670	gpt2	2671	1336	14	recognize	vp_coord	unexpected	The consultant sidetracks and recognize	1.2756644309774856e-06	1.2756644309774856e-06	19.580320358276367	19.580320358276367
2671	gpt2	2672	1336	14	recognize	vp_coord	expected	The consultant sidetracks and recognizes	0.000226300835493	0.000226300835493	12.10947036743164	12.10947036743164
2672	gpt2	2673	1337	14	recommend	vp_coord	unexpected	The consultant sidetracks and recommend	8.2677597674774e-06	8.2677597674774e-06	16.884071350097656	16.884071350097656
2673	gpt2	2674	1337	14	recommend	vp_coord	expected	The consultant sidetracks and recommends	0.0008424020488746	0.0008424020488746	10.21320343017578	10.21320343017578
2674	gpt2	2675	1338	14	reconcile	vp_coord	unexpected	The consultant sidetracks and reconcile	2.83145936919027e-06	2.83145936919027e-06	18.43002319335937	18.43002319335937
2675	gpt2	2676	1338	14	reconcile	vp_coord	expected	The consultant sidetracks and reconciles	0.4960259263862099	0.4960259263862099	6.748848775401711	6.748848775401711
2676	gpt2	2677	1339	14	reconnect	vp_coord	unexpected	The consultant sidetracks and reconnect	1.2351959412626456e-05	1.2351959412626456e-05	16.304901123046875	16.304901123046875
2677	gpt2	2678	1339	14	reconnect	vp_coord	expected	The consultant sidetracks and reconnects	0.48910600636872914	0.48910600636872914	8.16835012100637	8.16835012100637
2678	gpt2	2679	1340	14	reconsider	vp_coord	unexpected	The consultant sidetracks and reconsider	5.776408215751872e-06	5.776408215751872e-06	17.401395797729492	17.401395797729492
2679	gpt2	2680	1340	14	reconsider	vp_coord	expected	The consultant sidetracks and reconsiders	0.46344378482899623	0.46344378482899623	7.149551790207624	7.149551790207624
2680	gpt2	2681	1341	14	reconstruct	vp_coord	unexpected	The consultant sidetracks and reconstruct	0.0002743635559454	0.0002743635559454	11.831623077392578	11.831623077392578
2681	gpt2	2682	1341	14	reconstruct	vp_coord	expected	The consultant sidetracks and reconstructs	0.4946587400627322	0.4946587400627322	5.923758857883513	5.923758857883513
2682	gpt2	2683	1342	14	record	vp_coord	unexpected	The consultant sidetracks and record	3.084503623540513e-05	3.084503623540513e-05	14.984601974487305	14.984601974487305
2683	gpt2	2684	1342	14	record	vp_coord	expected	The consultant sidetracks and records	0.0008654966950416	0.0008654966950416	10.17418384552002	10.17418384552002
2684	gpt2	2685	1343	14	recoup	vp_coord	unexpected	The consultant sidetracks and recoup	0.00212126370752225	0.00212126370752225	9.337770938873291	9.337770938873291
2685	gpt2	2686	1343	14	recoup	vp_coord	expected	The consultant sidetracks and recoups	0.3294807798617209	0.3294807798617209	5.8419386347134905	5.8419386347134905
2686	gpt2	2687	1344	14	recover	vp_coord	unexpected	The consultant sidetracks and recover	7.374228971457342e-06	7.374228971457342e-06	17.049076080322266	17.049076080322266
2687	gpt2	2688	1344	14	recover	vp_coord	expected	The consultant sidetracks and recovers	0.0001309678773395	0.0001309678773395	12.898499488830566	12.898499488830566
2688	gpt2	2689	1345	14	recraft	vp_coord	unexpected	The consultant sidetracks and recraft	0.00167017540661615	0.00167017540661615	9.547605991363525	9.547605991363525
2689	gpt2	2690	1345	14	recraft	vp_coord	expected	The consultant sidetracks and recrafts	0.32211315208890784	0.32211315208890784	6.38320188348492	6.38320188348492
2690	gpt2	2691	1346	14	recreate	vp_coord	unexpected	The consultant sidetracks and recreate	9.001753937809553e-07	9.001753937809553e-07	20.083290100097656	20.083290100097656
2691	gpt2	2692	1346	14	recreate	vp_coord	expected	The consultant sidetracks and recreates	0.3762774829519912	0.3762774829519912	4.501613165135495	4.501613165135495
2692	gpt2	2693	1347	14	recycle	vp_coord	unexpected	The consultant sidetracks and recycle	8.29691771286889e-07	8.29691771286889e-07	20.2009220123291	20.2009220123291
2693	gpt2	2694	1347	14	recycle	vp_coord	expected	The consultant sidetracks and recycles	0.494383732569986	0.494383732569986	6.2449448350816965	6.2449448350816965
2694	gpt2	2695	1348	14	redden	vp_coord	unexpected	The consultant sidetracks and redden	0.0012785151702700698	0.0012785151702700698	12.733992576599121	12.733992576599121
2695	gpt2	2696	1348	14	redden	vp_coord	expected	The consultant sidetracks and reddens	0.2664936650483014	0.2664936650483014	9.34373190999031	9.34373190999031
2696	gpt2	2697	1349	14	redeem	vp_coord	unexpected	The consultant sidetracks and redeem	1.290386421715084e-06	1.290386421715084e-06	19.563764572143555	19.563764572143555
2697	gpt2	2698	1349	14	redeem	vp_coord	expected	The consultant sidetracks and redeems	0.40539725414782873	0.40539725414782873	6.721395120024681	6.721395120024681
2698	gpt2	2699	1350	14	redefine	vp_coord	unexpected	The consultant sidetracks and redefine	0.0062318646087078	0.0062318646087078	9.647825002670288	9.647825002670288
2699	gpt2	2700	1350	14	redefine	vp_coord	expected	The consultant sidetracks and redefines	0.49164447390649	0.49164447390649	6.489687206223607	6.489687206223607
2700	gpt2	2701	1351	14	redesign	vp_coord	unexpected	The consultant sidetracks and redesign	1.7433414541301318e-05	1.7433414541301318e-05	15.807785034179688	15.807785034179688
2701	gpt2	2702	1351	14	redesign	vp_coord	expected	The consultant sidetracks and redesigns	0.48975469124798104	0.48975469124798104	7.918839750811458	7.918839750811458
2702	gpt2	2703	1352	14	redevelop	vp_coord	unexpected	The consultant sidetracks and redevelop	4.322733730077744e-06	4.322733730077744e-06	17.819623947143555	17.819623947143555
2703	gpt2	2704	1352	14	redevelop	vp_coord	expected	The consultant sidetracks and redevelops	0.45744191179983323	0.45744191179983323	8.973985143005848	8.973985143005848
2704	gpt2	2705	1353	14	redial	vp_coord	unexpected	The consultant sidetracks and redial	0.0008934894140111	0.0008934894140111	10.306502342224121	10.306502342224121
2705	gpt2	2706	1353	14	redial	vp_coord	expected	The consultant sidetracks and redials	0.00024632058921267796	0.00024632058921267796	13.432112693786621	13.432112693786621
2706	gpt2	2707	1354	14	rediscover	vp_coord	unexpected	The consultant sidetracks and rediscover	0.00213649125362275	0.00213649125362275	9.539605617523193	9.539605617523193
2707	gpt2	2708	1354	14	rediscover	vp_coord	expected	The consultant sidetracks and rediscovers	0.3253139964557097	0.3253139964557097	5.711060740053654	5.711060740053654
2708	gpt2	2709	1355	14	redound	vp_coord	unexpected	The consultant sidetracks and redound	0.0005387674173107	0.0005387674173107	10.868090629577637	10.868090629577637
2709	gpt2	2710	1355	14	redound	vp_coord	expected	The consultant sidetracks and redounds	0.00352027373446615	0.00352027373446615	9.144730806350708	9.144730806350708
2710	gpt2	2711	1356	14	redo	vp_coord	unexpected	The consultant sidetracks and redo	0.0344030232081422	0.0344030232081422	7.454911947250366	7.454911947250366
2711	gpt2	2712	1356	14	redo	vp_coord	expected	The consultant sidetracks and redoes	0.0257513922551879	0.0257513922551879	7.6655426025390625	7.6655426025390625
2712	gpt2	2713	1357	14	redraw	vp_coord	unexpected	The consultant sidetracks and redraw	0.17831873231625645	0.17831873231625645	6.263947069644928	6.263947069644928
2713	gpt2	2714	1357	14	redraw	vp_coord	expected	The consultant sidetracks and redraws	0.43716297105614405	0.43716297105614405	4.198181961973508	4.198181961973508
2714	gpt2	2715	1358	14	reduce	vp_coord	unexpected	The consultant sidetracks and reduce	6.944539563846774e-06	6.944539563846774e-06	17.13568878173828	17.13568878173828
2715	gpt2	2716	1358	14	reduce	vp_coord	expected	The consultant sidetracks and reduces	0.0008267768425866	0.0008267768425866	10.240214347839355	10.240214347839355
2716	gpt2	2717	1359	14	re-emerge	vp_coord	unexpected	The consultant sidetracks and re-emerge	0.20461945270653809	0.20461945270653809	4.957045018672943	4.957045018672943
2717	gpt2	2718	1359	14	re-emerge	vp_coord	expected	The consultant sidetracks and re-emerges	0.20461945270653809	0.20461945270653809	4.957045018672943	4.957045018672943
2718	gpt2	2719	1360	14	re-enter	vp_coord	unexpected	The consultant sidetracks and re-enter	0.20461945270653809	0.20461945270653809	4.957045018672943	4.957045018672943
2719	gpt2	2720	1360	14	re-enter	vp_coord	expected	The consultant sidetracks and re-enters	0.20461945270653809	0.20461945270653809	4.957045018672943	4.957045018672943
2720	gpt2	2721	1361	14	re-establish	vp_coord	unexpected	The consultant sidetracks and re-establish	0.20461945270653809	0.20461945270653809	4.957045018672943	4.957045018672943
2721	gpt2	2722	1361	14	re-establish	vp_coord	expected	The consultant sidetracks and re-establishes	0.20461945270653809	0.20461945270653809	4.957045018672943	4.957045018672943
2722	gpt2	2723	1362	14	reestablish	vp_coord	unexpected	The consultant sidetracks and reestablish	0.00132568129993155	0.00132568129993155	10.932076930999756	10.932076930999756
2723	gpt2	2724	1362	14	reestablish	vp_coord	expected	The consultant sidetracks and reestablishes	0.4921394453849643	0.4921394453849643	4.567479212186299	4.567479212186299
2724	gpt2	2725	1363	14	re-evaluate	vp_coord	unexpected	The consultant sidetracks and re-evaluate	0.20461945270653809	0.20461945270653809	4.957045018672943	4.957045018672943
2725	gpt2	2726	1363	14	re-evaluate	vp_coord	expected	The consultant sidetracks and re-evaluates	0.20461945270653809	0.20461945270653809	4.957045018672943	4.957045018672943
2726	gpt2	2727	1364	14	re-examine	vp_coord	unexpected	The consultant sidetracks and re-examine	0.20461945270653809	0.20461945270653809	4.957045018672943	4.957045018672943
2727	gpt2	2728	1364	14	re-examine	vp_coord	expected	The consultant sidetracks and re-examines	0.20461945270653809	0.20461945270653809	4.957045018672943	4.957045018672943
2728	gpt2	2729	1365	14	refer	vp_coord	unexpected	The consultant sidetracks and refer	3.2466557513544103e-06	3.2466557513544103e-06	18.232614517211918	18.232614517211918
2729	gpt2	2730	1365	14	refer	vp_coord	expected	The consultant sidetracks and refers	0.0002446466241963	0.0002446466241963	11.997013092041016	11.997013092041016
2730	gpt2	2731	1366	14	refinance	vp_coord	unexpected	The consultant sidetracks and refinance	0.00063275942011385	0.00063275942011385	11.403918266296387	11.403918266296387
2731	gpt2	2732	1366	14	refinance	vp_coord	expected	The consultant sidetracks and refinances	0.0009871472138911	0.0009871472138911	10.003555297851562	10.003555297851562
2732	gpt2	2733	1367	14	refine	vp_coord	unexpected	The consultant sidetracks and refine	2.617513246150338e-06	2.617513246150338e-06	18.543371200561523	18.543371200561523
2733	gpt2	2734	1367	14	refine	vp_coord	expected	The consultant sidetracks and refines	0.041447154304478304	0.041447154304478304	6.690454125404358	6.690454125404358
2734	gpt2	2735	1368	14	reflect	vp_coord	unexpected	The consultant sidetracks and reflect	3.994521193817491e-06	3.994521193817491e-06	17.93354606628418	17.93354606628418
2735	gpt2	2736	1368	14	reflect	vp_coord	expected	The consultant sidetracks and reflects	0.0003226337139494	0.0003226337139494	11.59781551361084	11.59781551361084
2736	gpt2	2737	1369	14	refocuses	vp_coord	unexpected	The consultant sidetracks and refocuses	0.33503552685336513	0.33503552685336513	5.4814833005269366	5.4814833005269366
2737	gpt2	2738	1369	14	refocuses	vp_coord	expected	The consultant sidetracks and refocuseses	0.25127726131722733	0.25127726131722733	8.76865041255951	8.76865041255951
2738	gpt2	2739	1370	15	refocus	vp_coord	unexpected	The pilots squeeze and refocuses	0.29743390096033784	0.29743390096033784	9.19185408949852	9.19185408949852
2739	gpt2	2740	1370	15	refocus	vp_coord	expected	The pilots squeeze and refocus	0.12495845881221611	0.12495845881221611	8.825137853622437	8.825137853622437
2740	gpt2	2741	1371	15	reform	vp_coord	unexpected	The pilots squeeze and reforms	7.638516308361432e-07	7.638516308361432e-07	20.32020378112793	20.32020378112793
2741	gpt2	2742	1371	15	reform	vp_coord	expected	The pilots squeeze and reform	1.5919860743451864e-05	1.5919860743451864e-05	15.938812255859377	15.938812255859377
2742	gpt2	2743	1372	15	refrain	vp_coord	unexpected	The pilots squeeze and refrains	0.31346071510840073	0.31346071510840073	7.335500717163086	7.335500717163086
2743	gpt2	2744	1372	15	refrain	vp_coord	expected	The pilots squeeze and refrain	2.03260265152494e-06	2.03260265152494e-06	18.908241271972656	18.908241271972656
2744	gpt2	2745	1373	15	refund	vp_coord	unexpected	The pilots squeeze and refunds	1.0162673191871364e-07	1.0162673191871364e-07	23.23021697998047	23.23021697998047
2745	gpt2	2746	1373	15	refund	vp_coord	expected	The pilots squeeze and refund	2.5336514681839617e-06	2.5336514681839617e-06	18.590351104736328	18.590351104736328
2746	gpt2	2747	1374	15	refurbish	vp_coord	unexpected	The pilots squeeze and refurbishes	8.928594772324614e-05	8.928594772324614e-05	16.591251850128174	16.591251850128174
2747	gpt2	2748	1374	15	refurbish	vp_coord	expected	The pilots squeeze and refurbish	0.497272183567219	0.497272183567219	10.367263127118347	10.367263127118347
2748	gpt2	2749	1375	15	refuse	vp_coord	unexpected	The pilots squeeze and refuses	1.937836714205332e-06	1.937836714205332e-06	18.97712135314941	18.97712135314941
2749	gpt2	2750	1375	15	refuse	vp_coord	expected	The pilots squeeze and refuse	0.0001847744861152	0.0001847744861152	12.401947021484377	12.401947021484377
2750	gpt2	2751	1376	15	refute	vp_coord	unexpected	The pilots squeeze and refutes	2.915973982453579e-05	2.915973982453579e-05	15.150390148162842	15.150390148162842
2751	gpt2	2752	1376	15	refute	vp_coord	expected	The pilots squeeze and refute	1.9172045995219378e-06	1.9172045995219378e-06	18.992563247680664	18.992563247680664
2752	gpt2	2753	1377	15	regain	vp_coord	unexpected	The pilots squeeze and regains	0.0009446968688280099	0.0009446968688280099	11.879647254943848	11.879647254943848
2753	gpt2	2754	1377	15	regain	vp_coord	expected	The pilots squeeze and regain	3.517749428283423e-05	3.517749428283423e-05	14.794987678527832	14.794987678527832
2754	gpt2	2755	1378	15	regard	vp_coord	unexpected	The pilots squeeze and regards	6.664487983698565e-08	6.664487983698565e-08	23.838930130004883	23.838930130004883
2755	gpt2	2756	1378	15	regard	vp_coord	expected	The pilots squeeze and regard	9.678674359747674e-06	9.678674359747674e-06	16.65675926208496	16.65675926208496
2756	gpt2	2757	1379	15	regenerate	vp_coord	unexpected	The pilots squeeze and regenerates	0.09478465313540593	0.09478465313540593	11.352259874343872	11.352259874343872
2757	gpt2	2758	1379	15	regenerate	vp_coord	expected	The pilots squeeze and regenerate	2.735332600423135e-06	2.735332600423135e-06	18.4798526763916	18.4798526763916
2758	gpt2	2759	1380	15	register	vp_coord	unexpected	The pilots squeeze and registers	3.9424546116606507e-07	3.9424546116606507e-07	21.274402618408203	21.274402618408203
2759	gpt2	2760	1380	15	register	vp_coord	expected	The pilots squeeze and register	1.4476188880507834e-05	1.4476188880507834e-05	16.075958251953125	16.075958251953125
2760	gpt2	2761	1381	15	regret	vp_coord	unexpected	The pilots squeeze and regrets	1.8748575314475602e-07	1.8748575314475602e-07	22.346715927124023	22.346715927124023
2761	gpt2	2762	1381	15	regret	vp_coord	expected	The pilots squeeze and regret	1.9429820895311423e-05	1.9429820895311423e-05	15.651368141174316	15.651368141174316
2762	gpt2	2763	1382	15	regroup	vp_coord	unexpected	The pilots squeeze and regroups	0.00049071081593861	0.00049071081593861	12.365981101989746	12.365981101989746
2763	gpt2	2764	1382	15	regroup	vp_coord	expected	The pilots squeeze and regroup	0.1443807846299023	0.1443807846299023	8.237164616584778	8.237164616584778
2764	gpt2	2765	1383	15	regulate	vp_coord	unexpected	The pilots squeeze and regulates	1.7065693214135538e-07	1.7065693214135538e-07	22.482397079467773	22.482397079467773
2765	gpt2	2766	1383	15	regulate	vp_coord	expected	The pilots squeeze and regulate	1.3049841072643176e-05	1.3049841072643176e-05	16.225608825683594	16.225608825683594
2766	gpt2	2767	1384	15	rehabilitate	vp_coord	unexpected	The pilots squeeze and rehabilitates	0.0008713998057600746	0.0008713998057600746	15.18177556991577	15.18177556991577
2767	gpt2	2768	1384	15	rehabilitate	vp_coord	expected	The pilots squeeze and rehabilitate	0.495749830307318	0.495749830307318	10.605573046021162	10.605573046021162
2768	gpt2	2769	1385	15	reignite	vp_coord	unexpected	The pilots squeeze and reignites	0.002259204845586234	0.002259204845586234	12.52259612083435	12.52259612083435
2769	gpt2	2770	1385	15	reignite	vp_coord	expected	The pilots squeeze and reignite	0.13367227905587242	0.13367227905587242	9.578220009803772	9.578220009803772
2770	gpt2	2771	1386	15	reimburse	vp_coord	unexpected	The pilots squeeze and reimburses	0.27214413468338705	0.27214413468338705	12.546374082565306	12.546374082565306
2771	gpt2	2772	1386	15	reimburse	vp_coord	expected	The pilots squeeze and reimburse	4.843866463488666e-07	4.843866463488666e-07	20.97733688354492	20.97733688354492
2772	gpt2	2773	1387	15	reimpose	vp_coord	unexpected	The pilots squeeze and reimposes	4.836575448052827e-05	4.836575448052827e-05	16.815714836120605	16.815714836120605
2773	gpt2	2774	1387	15	reimpose	vp_coord	expected	The pilots squeeze and reimpose	0.029617276506030497	0.029617276506030497	12.180741310119629	12.180741310119629
2774	gpt2	2775	1388	15	reinforce	vp_coord	unexpected	The pilots squeeze and reinforces	5.524614721252874e-07	5.524614721252874e-07	20.787622451782227	20.787622451782227
2775	gpt2	2776	1388	15	reinforce	vp_coord	expected	The pilots squeeze and reinforce	3.3531530789332464e-05	3.3531530789332464e-05	14.86412239074707	14.86412239074707
2776	gpt2	2777	1389	15	reinstate	vp_coord	unexpected	The pilots squeeze and reinstates	0.0002984276070492311	0.0002984276070492311	13.261266708374023	13.261266708374023
2777	gpt2	2778	1389	15	reinstate	vp_coord	expected	The pilots squeeze and reinstate	0.02771955697971858	0.02771955697971858	9.970823049545288	9.970823049545288
2778	gpt2	2779	1390	15	rein	vp_coord	unexpected	The pilots squeeze and reins	6.0776360442105215e-06	6.0776360442105215e-06	17.32805824279785	17.32805824279785
2779	gpt2	2780	1390	15	rein	vp_coord	expected	The pilots squeeze and rein	1.7918035155162215e-05	1.7918035155162215e-05	15.768227577209473	15.768227577209473
2780	gpt2	2781	1391	15	reinvent	vp_coord	unexpected	The pilots squeeze and reinvents	0.033293497855386954	0.033293497855386954	8.408441543579102	8.408441543579102
2781	gpt2	2782	1391	15	reinvent	vp_coord	expected	The pilots squeeze and reinvent	8.549251901968091e-07	8.549251901968091e-07	20.157697677612305	20.157697677612305
2782	gpt2	2783	1392	15	reinvest	vp_coord	unexpected	The pilots squeeze and reinvests	0.02759324863291109	0.02759324863291109	10.821679910024008	10.821679910024008
2783	gpt2	2784	1392	15	reinvest	vp_coord	expected	The pilots squeeze and reinvest	2.4403922793680977e-07	2.4403922793680977e-07	21.96638298034668	21.96638298034668
2784	gpt2	2785	1393	15	reinvigorate	vp_coord	unexpected	The pilots squeeze and reinvigorates	0.027807125901745118	0.027807125901745118	7.95497727394104	7.95497727394104
2785	gpt2	2786	1393	15	reinvigorate	vp_coord	expected	The pilots squeeze and reinvigorate	0.3957473596892669	0.3957473596892669	5.090956887608627	5.090956887608627
2786	gpt2	2787	1394	15	reject	vp_coord	unexpected	The pilots squeeze and rejects	5.091688421998697e-07	5.091688421998697e-07	20.905351638793945	20.905351638793945
2787	gpt2	2788	1394	15	reject	vp_coord	expected	The pilots squeeze and reject	5.515986413229257e-05	5.515986413229257e-05	14.146021842956545	14.146021842956545
2788	gpt2	2789	1395	15	rejoin	vp_coord	unexpected	The pilots squeeze and rejoins	0.25160838818942466	0.25160838818942466	9.329455852508545	9.329455852508545
2789	gpt2	2790	1395	15	rejoin	vp_coord	expected	The pilots squeeze and rejoin	0.0072818267799448005	0.0072818267799448005	8.299245595932007	8.299245595932007
2790	gpt2	2791	1396	15	rejuvenate	vp_coord	unexpected	The pilots squeeze and rejuvenates	0.0009093218898215054	0.0009093218898215054	15.018258094787598	15.018258094787598
2791	gpt2	2792	1396	15	rejuvenate	vp_coord	expected	The pilots squeeze and rejuvenate	0.48644186196111155	0.48644186196111155	10.486430168151855	10.486430168151855
2792	gpt2	2793	1397	15	rekindle	vp_coord	unexpected	The pilots squeeze and rekindles	0.0016116988651143666	0.0016116988651143666	9.539429346720377	9.539429346720377
2793	gpt2	2794	1397	15	rekindle	vp_coord	expected	The pilots squeeze and rekindle	0.33264481693428627	0.33264481693428627	6.271714857779443	6.271714857779443
2794	gpt2	2795	1398	15	relate	vp_coord	unexpected	The pilots squeeze and relates	4.68179628398957e-08	4.68179628398957e-08	24.34836196899414	24.34836196899414
2795	gpt2	2796	1398	15	relate	vp_coord	expected	The pilots squeeze and relate	3.979946086474229e-06	3.979946086474229e-06	17.938819885253906	17.938819885253906
2796	gpt2	2797	1399	15	relaunch	vp_coord	unexpected	The pilots squeeze and relaunches	0.04059317541517277	0.04059317541517277	10.140164454778036	10.140164454778036
2797	gpt2	2798	1399	15	relaunch	vp_coord	expected	The pilots squeeze and relaunch	0.004694756504250108	0.004694756504250108	10.59040117263794	10.59040117263794
2798	gpt2	2799	1400	15	relax	vp_coord	unexpected	The pilots squeeze and relaxes	0.0007691445280215	0.0007691445280215	11.0292649269104	11.0292649269104
2799	gpt2	2800	1400	15	relax	vp_coord	expected	The pilots squeeze and relax	0.0013713436201214	0.0013713436201214	9.510193824768066	9.510193824768066
2800	gpt2	2801	1401	15	release	vp_coord	unexpected	The pilots squeeze and releases	1.0375623787695076e-05	1.0375623787695076e-05	16.556442260742188	16.556442260742188
2801	gpt2	2802	1401	15	release	vp_coord	expected	The pilots squeeze and release	0.0012430052738636	0.0012430052738636	9.651951789855955	9.651951789855955
2802	gpt2	2803	1402	15	relieve	vp_coord	unexpected	The pilots squeeze and relieves	0.04927677015211882	0.04927677015211882	11.15404486656189	11.15404486656189
2803	gpt2	2804	1402	15	relieve	vp_coord	expected	The pilots squeeze and relieve	6.372057396220043e-05	6.372057396220043e-05	13.937881469726562	13.937881469726562
2804	gpt2	2805	1403	15	relinquish	vp_coord	unexpected	The pilots squeeze and relinquishes	9.336171979153858e-05	9.336171979153858e-05	14.947486400604248	14.947486400604248
2805	gpt2	2806	1403	15	relinquish	vp_coord	expected	The pilots squeeze and relinquish	0.49911164476407066	0.49911164476407066	8.733690498862416	8.733690498862416
2806	gpt2	2807	1404	15	relish	vp_coord	unexpected	The pilots squeeze and relishes	0.00014907462718835834	0.00014907462718835834	13.193480968475342	13.193480968475342
2807	gpt2	2808	1404	15	relish	vp_coord	expected	The pilots squeeze and relish	0.18909692104170972	0.18909692104170972	7.921054303646088	7.921054303646088
2808	gpt2	2809	1405	15	relocate	vp_coord	unexpected	The pilots squeeze and relocates	0.08394400878629917	0.08394400878629917	8.112741867701212	8.112741867701212
2809	gpt2	2810	1405	15	relocate	vp_coord	expected	The pilots squeeze and relocate	6.641551863140194e-06	6.641551863140194e-06	17.200048446655273	17.200048446655273
2810	gpt2	2811	1406	15	rely	vp_coord	unexpected	The pilots squeeze and relies	3.8815397829239373e-07	3.8815397829239373e-07	21.29686737060547	21.29686737060547
2811	gpt2	2812	1406	15	rely	vp_coord	expected	The pilots squeeze and rely	3.5841490898747e-05	3.5841490898747e-05	14.768010139465332	14.768010139465332
2812	gpt2	2813	1407	15	remake	vp_coord	unexpected	The pilots squeeze and remakes	0.00040486587158734957	0.00040486587158734957	13.502223491668701	13.502223491668701
2813	gpt2	2814	1407	15	remake	vp_coord	expected	The pilots squeeze and remake	1.695558353276283e-06	1.695558353276283e-06	19.16980743408203	19.16980743408203
2814	gpt2	2815	1408	15	remain	vp_coord	unexpected	The pilots squeeze and remains	6.786118547097431e-07	6.786118547097431e-07	20.490909576416016	20.490909576416016
2815	gpt2	2816	1408	15	remain	vp_coord	expected	The pilots squeeze and remain	2.9185201128711924e-05	2.9185201128711924e-05	15.064403533935549	15.064403533935549
2816	gpt2	2817	1409	15	remark	vp_coord	unexpected	The pilots squeeze and remarks	1.988728541846285e-07	1.988728541846285e-07	22.26165008544922	22.26165008544922
2817	gpt2	2818	1409	15	remark	vp_coord	expected	The pilots squeeze and remark	3.142382183796144e-06	3.142382183796144e-06	18.27971076965332	18.27971076965332
2818	gpt2	2819	1410	15	remedy	vp_coord	unexpected	The pilots squeeze and remedies	3.117137126196212e-08	3.117137126196212e-08	24.935203552246094	24.935203552246094
2819	gpt2	2820	1410	15	remedy	vp_coord	expected	The pilots squeeze and remedy	2.1103303993186278e-07	2.1103303993186278e-07	22.176027297973636	22.176027297973636
2820	gpt2	2821	1411	15	remember	vp_coord	unexpected	The pilots squeeze and remembers	7.642851755917945e-07	7.642851755917945e-07	20.319385528564453	20.319385528564453
2821	gpt2	2822	1411	15	remember	vp_coord	expected	The pilots squeeze and remember	4.882546636508778e-05	4.882546636508778e-05	14.322006225585938	14.322006225585938
2822	gpt2	2823	1412	15	remind	vp_coord	unexpected	The pilots squeeze and reminds	5.52796109332121e-07	5.52796109332121e-07	20.7867488861084	20.7867488861084
2823	gpt2	2824	1412	15	remind	vp_coord	expected	The pilots squeeze and remind	2.8607255444512703e-05	2.8607255444512703e-05	15.09325885772705	15.09325885772705
2824	gpt2	2825	1413	15	remove	vp_coord	unexpected	The pilots squeeze and removes	2.254617811559001e-06	2.254617811559001e-06	18.758686065673828	18.758686065673828
2825	gpt2	2826	1413	15	remove	vp_coord	expected	The pilots squeeze and remove	0.0003538906166795	0.0003538906166795	11.46440887451172	11.46440887451172
2826	gpt2	2827	1414	15	renege	vp_coord	unexpected	The pilots squeeze and reneges	0.0010621075634844	0.0010621075634844	9.921300252278646	9.921300252278646
2827	gpt2	2828	1414	15	renege	vp_coord	expected	The pilots squeeze and renege	0.31798762011264137	0.31798762011264137	6.747467182576656	6.747467182576656
2828	gpt2	2829	1415	15	renegotiate	vp_coord	unexpected	The pilots squeeze and renegotiates	0.0006729298418121765	0.0006729298418121765	13.518775463104248	13.518775463104248
2829	gpt2	2830	1415	15	renegotiate	vp_coord	expected	The pilots squeeze and renegotiate	0.49748736193009796	0.49748736193009796	8.750877159181982	8.750877159181982
2830	gpt2	2831	1416	15	renew	vp_coord	unexpected	The pilots squeeze and renews	0.0076298774835095035	0.0076298774835095035	12.22774338722229	12.22774338722229
2831	gpt2	2832	1416	15	renew	vp_coord	expected	The pilots squeeze and renew	2.849038764907164e-06	2.849038764907164e-06	18.421092987060547	18.421092987060547
2832	gpt2	2833	1417	15	renounce	vp_coord	unexpected	The pilots squeeze and renounces	0.0003884821985308891	0.0003884821985308891	15.374659538269045	15.374659538269045
2833	gpt2	2834	1417	15	renounce	vp_coord	expected	The pilots squeeze and renounce	0.45653825921769453	0.45653825921769453	10.274661228060724	10.274661228060724
2834	gpt2	2835	1418	15	renovate	vp_coord	unexpected	The pilots squeeze and renovates	1.211105232812315e-05	1.211105232812315e-05	18.438222885131836	18.438222885131836
2835	gpt2	2836	1418	15	renovate	vp_coord	expected	The pilots squeeze and renovate	0.4998587538747046	0.4998587538747046	10.761819781720988	10.761819781720988
2836	gpt2	2837	1419	15	rent	vp_coord	unexpected	The pilots squeeze and rents	9.603216000186877e-08	9.603216000186877e-08	23.311906814575195	23.311906814575195
2837	gpt2	2838	1419	15	rent	vp_coord	expected	The pilots squeeze and rent	8.015909770620055e-06	8.015909770620055e-06	16.928701400756836	16.928701400756836
2838	gpt2	2839	1420	15	reopen	vp_coord	unexpected	The pilots squeeze and reopens	0.0003728077208506475	0.0003728077208506475	13.12424087524414	13.12424087524414
2839	gpt2	2840	1420	15	reopen	vp_coord	expected	The pilots squeeze and reopen	1.3480101870300132e-06	1.3480101870300132e-06	19.500736236572266	19.500736236572266
2840	gpt2	2841	1421	15	reorganize	vp_coord	unexpected	The pilots squeeze and reorganizes	0.00035334297524511853	0.00035334297524511853	14.633660793304443	14.633660793304443
2841	gpt2	2842	1421	15	reorganize	vp_coord	expected	The pilots squeeze and reorganize	0.3638896303071988	0.3638896303071988	9.627308994531631	9.627308994531631
2842	gpt2	2843	1422	15	repair	vp_coord	unexpected	The pilots squeeze and repairs	8.052960538407206e-07	8.052960538407206e-07	20.243976593017575	20.243976593017575
2843	gpt2	2844	1422	15	repair	vp_coord	expected	The pilots squeeze and repair	1.742639869917184e-05	1.742639869917184e-05	15.80836582183838	15.80836582183838
2844	gpt2	2845	1423	15	repatriate	vp_coord	unexpected	The pilots squeeze and repatriates	0.0022997783657387897	0.0022997783657387897	14.57221221923828	14.57221221923828
2845	gpt2	2846	1423	15	repatriate	vp_coord	expected	The pilots squeeze and repatriate	0.49030262671152514	0.49030262671152514	10.704138145782052	10.704138145782052
2846	gpt2	2847	1424	15	repay	vp_coord	unexpected	The pilots squeeze and repays	9.689142098063549e-05	9.689142098063549e-05	14.552622318267822	14.552622318267822
2847	gpt2	2848	1424	15	repay	vp_coord	expected	The pilots squeeze and repay	1.5516449138885946e-06	1.5516449138885946e-06	19.29776954650879	19.29776954650879
2848	gpt2	2849	1425	15	repeal	vp_coord	unexpected	The pilots squeeze and repeals	0.007086445508434695	0.007086445508434695	12.81019401550293	12.81019401550293
2849	gpt2	2850	1425	15	repeal	vp_coord	expected	The pilots squeeze and repeal	2.185934135923162e-06	2.185934135923162e-06	18.80331802368164	18.80331802368164
2850	gpt2	2851	1426	15	repeat	vp_coord	unexpected	The pilots squeeze and repeats	8.343335480276437e-07	8.343335480276437e-07	20.192873001098636	20.192873001098636
2851	gpt2	2852	1426	15	repeat	vp_coord	expected	The pilots squeeze and repeat	7.088038546498865e-05	7.088038546498865e-05	13.78425407409668	13.78425407409668
2852	gpt2	2853	1427	15	repel	vp_coord	unexpected	The pilots squeeze and repels	0.00857800122321345	0.00857800122321345	9.142834901809692	9.142834901809692
2853	gpt2	2854	1427	15	repel	vp_coord	expected	The pilots squeeze and repel	0.1420396740359137	0.1420396740359137	7.110753834247589	7.110753834247589
2854	gpt2	2855	1428	15	replace	vp_coord	unexpected	The pilots squeeze and replaces	5.350367473511142e-07	5.350367473511142e-07	20.833858489990234	20.833858489990234
2855	gpt2	2856	1428	15	replace	vp_coord	expected	The pilots squeeze and replace	4.520029688137584e-05	4.520029688137584e-05	14.433308601379396	14.433308601379396
2856	gpt2	2857	1429	15	replaster	vp_coord	unexpected	The pilots squeeze and replasters	0.00020831099823222804	0.00020831099823222804	14.221595764160156	14.221595764160156
2857	gpt2	2858	1429	15	replaster	vp_coord	expected	The pilots squeeze and replaster	0.001069555405365428	0.001069555405365428	13.032086849212646	13.032086849212646
2858	gpt2	2859	1430	15	replenish	vp_coord	unexpected	The pilots squeeze and replenishes	0.0002883505524095612	0.0002883505524095612	14.943913936614987	14.943913936614987
2859	gpt2	2860	1430	15	replenish	vp_coord	expected	The pilots squeeze and replenish	0.49928436796585624	0.49928436796585624	9.562810582807286	9.562810582807286
2860	gpt2	2861	1431	15	replicate	vp_coord	unexpected	The pilots squeeze and replicates	0.001017877479853228	0.001017877479853228	13.067924976348877	13.067924976348877
2861	gpt2	2862	1431	15	replicate	vp_coord	expected	The pilots squeeze and replicate	1.135871025326196e-05	1.135871025326196e-05	16.42584228515625	16.42584228515625
2862	gpt2	2863	1432	15	reply	vp_coord	unexpected	The pilots squeeze and replies	1.1059898241683187e-07	1.1059898241683187e-07	23.108158111572266	23.108158111572266
2863	gpt2	2864	1432	15	reply	vp_coord	expected	The pilots squeeze and reply	5.875492661289172e-06	5.875492661289172e-06	17.37685775756836	17.37685775756836
2864	gpt2	2865	1433	15	repond	vp_coord	unexpected	The pilots squeeze and reponds	9.633040826879387e-05	9.633040826879387e-05	14.644408702850342	14.644408702850342
2865	gpt2	2866	1433	15	repond	vp_coord	expected	The pilots squeeze and repond	0.00025297635147575	0.00025297635147575	12.00377893447876	12.00377893447876
2866	gpt2	2867	1434	15	report	vp_coord	unexpected	The pilots squeeze and reports	1.3181003168938332e-06	1.3181003168938332e-06	19.53310775756836	19.53310775756836
2867	gpt2	2868	1434	15	report	vp_coord	expected	The pilots squeeze and report	2.59712032857351e-05	2.59712032857351e-05	15.232728004455566	15.232728004455566
2868	gpt2	2869	1435	15	reposition	vp_coord	unexpected	The pilots squeeze and repositions	0.013406722219466765	0.013406722219466765	8.832747459411621	8.832747459411621
2869	gpt2	2870	1435	15	reposition	vp_coord	expected	The pilots squeeze and reposition	0.21131272863567568	0.21131272863567568	6.824057400226593	6.824057400226593
2870	gpt2	2871	1436	15	repossess	vp_coord	unexpected	The pilots squeeze and repossesses	0.0015089713997439667	0.0015089713997439667	10.04926617940267	10.04926617940267
2871	gpt2	2872	1436	15	repossess	vp_coord	expected	The pilots squeeze and repossess	0.33006503979656066	0.33006503979656066	7.186106460168958	7.186106460168958
2872	gpt2	2873	1437	15	represent	vp_coord	unexpected	The pilots squeeze and represents	9.16757869617868e-08	9.16757869617868e-08	23.378883361816406	23.378883361816406
2873	gpt2	2874	1437	15	represent	vp_coord	expected	The pilots squeeze and represent	1.6449516806460451e-06	1.6449516806460451e-06	19.213523864746094	19.213523864746094
2874	gpt2	2875	1438	15	reproduce	vp_coord	unexpected	The pilots squeeze and reproduces	0.10074751405612402	0.10074751405612402	12.61711919307709	12.61711919307709
2875	gpt2	2876	1438	15	reproduce	vp_coord	expected	The pilots squeeze and reproduce	4.207876372674946e-06	4.207876372674946e-06	17.858476638793945	17.858476638793945
2876	gpt2	2877	1439	15	repurchase	vp_coord	unexpected	The pilots squeeze and repurchases	0.015406651517575136	0.015406651517575136	10.785352230072021	10.785352230072021
2877	gpt2	2878	1439	15	repurchase	vp_coord	expected	The pilots squeeze and repurchase	0.0001187036632472411	0.0001187036632472411	13.304083347320557	13.304083347320557
2878	gpt2	2879	1440	15	request	vp_coord	unexpected	The pilots squeeze and requests	2.9202756195445545e-06	2.9202756195445545e-06	18.38546371459961	18.38546371459961
2879	gpt2	2880	1440	15	request	vp_coord	expected	The pilots squeeze and request	6.1303966504056e-05	6.1303966504056e-05	13.993659973144531	13.993659973144531
2880	gpt2	2881	1441	15	require	vp_coord	unexpected	The pilots squeeze and requires	1.5576109717585496e-06	1.5576109717585496e-06	19.292234420776367	19.292234420776367
2881	gpt2	2882	1441	15	require	vp_coord	expected	The pilots squeeze and require	3.48758912878111e-05	3.48758912878111e-05	14.80741024017334	14.80741024017334
2882	gpt2	2883	1442	15	reschedule	vp_coord	unexpected	The pilots squeeze and reschedules	0.027335486268687672	0.027335486268687672	8.772436618804932	8.772436618804932
2883	gpt2	2884	1442	15	reschedule	vp_coord	expected	The pilots squeeze and reschedule	0.35925616530645726	0.35925616530645726	6.341808920570959	6.341808920570959
2884	gpt2	2885	1443	15	rescind	vp_coord	unexpected	The pilots squeeze and rescinds	0.016978912946854045	0.016978912946854045	12.253696203231812	12.253696203231812
2885	gpt2	2886	1443	15	rescind	vp_coord	expected	The pilots squeeze and rescind	1.2348538120932062e-06	1.2348538120932062e-06	19.627227783203125	19.627227783203125
2886	gpt2	2887	1444	15	rescue	vp_coord	unexpected	The pilots squeeze and rescues	0.2004243700500865	0.2004243700500865	9.334667265415192	9.334667265415192
2887	gpt2	2888	1444	15	rescue	vp_coord	expected	The pilots squeeze and rescue	6.145522638689727e-05	6.145522638689727e-05	13.990104675292969	13.990104675292969
2888	gpt2	2889	1445	15	research	vp_coord	unexpected	The pilots squeeze and researches	0.48260645165580573	0.48260645165580573	12.752860197797418	12.752860197797418
2889	gpt2	2890	1445	15	research	vp_coord	expected	The pilots squeeze and research	1.1342948710080236e-05	1.1342948710080236e-05	16.427845001220703	16.427845001220703
2890	gpt2	2891	1446	15	resell	vp_coord	unexpected	The pilots squeeze and resells	0.011730100546174032	0.011730100546174032	10.997825781504313	10.997825781504313
2891	gpt2	2892	1446	15	resell	vp_coord	expected	The pilots squeeze and resell	0.017373431072201097	0.017373431072201097	10.927251100540161	10.927251100540161
2892	gpt2	2893	1447	15	resemble	vp_coord	unexpected	The pilots squeeze and resembles	3.329553521780326e-07	3.329553521780326e-07	21.51816749572754	21.51816749572754
2893	gpt2	2894	1447	15	resemble	vp_coord	expected	The pilots squeeze and resemble	7.077470854710555e-06	7.077470854710555e-06	17.108335494995117	17.108335494995117
2894	gpt2	2895	1448	15	resent	vp_coord	unexpected	The pilots squeeze and resents	0.0003119861512459026	0.0003119861512459026	13.041340351104736	13.041340351104736
2895	gpt2	2896	1448	15	resent	vp_coord	expected	The pilots squeeze and resent	5.671612143487437e-06	5.671612143487437e-06	17.42780876159668	17.42780876159668
2896	gpt2	2897	1449	15	reserve	vp_coord	unexpected	The pilots squeeze and reserves	1.5457186464118422e-07	1.5457186464118422e-07	22.625219345092773	22.625219345092773
2897	gpt2	2898	1449	15	reserve	vp_coord	expected	The pilots squeeze and reserve	3.619923973019468e-06	3.619923973019468e-06	18.07560920715332	18.07560920715332
2898	gpt2	2899	1450	15	reset	vp_coord	unexpected	The pilots squeeze and resets	0.04557456386191915	0.04557456386191915	9.418615221977234	9.418615221977234
2899	gpt2	2900	1450	15	reset	vp_coord	expected	The pilots squeeze and reset	3.151471173623577e-05	3.151471173623577e-05	14.953615188598633	14.953615188598633
2900	gpt2	2901	1451	15	reshape	vp_coord	unexpected	The pilots squeeze and reshapes	0.00023419548597298647	0.00023419548597298647	13.009416103363037	13.009416103363037
2901	gpt2	2902	1451	15	reshape	vp_coord	expected	The pilots squeeze and reshape	0.055883768323837985	0.055883768323837985	9.006243467330933	9.006243467330933
2902	gpt2	2903	1452	15	reshuffle	vp_coord	unexpected	The pilots squeeze and reshuffles	0.1536318978493606	0.1536318978493606	6.4510652621587115	6.4510652621587115
2903	gpt2	2904	1452	15	reshuffle	vp_coord	expected	The pilots squeeze and reshuffle	0.3387102739252441	0.3387102739252441	7.706285774707794	7.706285774707794
2904	gpt2	2905	1453	15	reside	vp_coord	unexpected	The pilots squeeze and resides	3.830881833977173e-09	3.830881833977173e-09	27.95967674255371	27.95967674255371
2905	gpt2	2906	1453	15	reside	vp_coord	expected	The pilots squeeze and reside	2.21226542862496e-07	2.21226542862496e-07	22.10797119140625	22.10797119140625
2906	gpt2	2907	1454	15	resign	vp_coord	unexpected	The pilots squeeze and resigns	0.005027873658946149	0.005027873658946149	11.82532000541687	11.82532000541687
2907	gpt2	2908	1454	15	resign	vp_coord	expected	The pilots squeeze and resign	7.55718610889744e-06	7.55718610889744e-06	17.01371955871582	17.01371955871582
2908	gpt2	2909	1455	15	resist	vp_coord	unexpected	The pilots squeeze and resists	3.848805590678239e-06	3.848805590678239e-06	17.987157821655273	17.987157821655273
2909	gpt2	2910	1455	15	resist	vp_coord	expected	The pilots squeeze and resist	0.0002810483565554	0.0002810483565554	11.796894073486328	11.796894073486328
2910	gpt2	2911	1456	15	resolve	vp_coord	unexpected	The pilots squeeze and resolves	3.574142226625554e-08	3.574142226625554e-08	24.73782730102539	24.73782730102539
2911	gpt2	2912	1456	15	resolve	vp_coord	expected	The pilots squeeze and resolve	4.877760147792287e-06	4.877760147792287e-06	17.645349502563477	17.645349502563477
2912	gpt2	2913	1457	15	resort	vp_coord	unexpected	The pilots squeeze and resorts	9.897930652869037e-08	9.897930652869037e-08	23.26829719543457	23.26829719543457
2913	gpt2	2914	1457	15	resort	vp_coord	expected	The pilots squeeze and resort	5.678063189407112e-06	5.678063189407112e-06	17.426170349121094	17.426170349121094
2914	gpt2	2915	1458	15	respect	vp_coord	unexpected	The pilots squeeze and respects	1.134114668843722e-08	1.134114668843722e-08	26.393857955932617	26.393857955932617
2915	gpt2	2916	1458	15	respect	vp_coord	expected	The pilots squeeze and respect	1.727074595692102e-05	1.727074595692102e-05	15.82131004333496	15.82131004333496
2916	gpt2	2917	1459	15	respond	vp_coord	unexpected	The pilots squeeze and responds	9.331055821348856e-07	9.331055821348856e-07	20.031455993652344	20.031455993652344
2917	gpt2	2918	1459	15	respond	vp_coord	expected	The pilots squeeze and respond	5.608383798971772e-05	5.608383798971772e-05	14.122055053710938	14.122055053710938
2918	gpt2	2919	1460	15	restart	vp_coord	unexpected	The pilots squeeze and restarts	0.0011663115583359501	0.0011663115583359501	10.387227058410645	10.387227058410645
2919	gpt2	2920	1460	15	restart	vp_coord	expected	The pilots squeeze and restart	2.2372014427674003e-05	2.2372014427674003e-05	15.447945594787598	15.447945594787598
2920	gpt2	2921	1461	15	restate	vp_coord	unexpected	The pilots squeeze and restates	0.00015738599722676133	0.00015738599722676133	13.155563831329346	13.155563831329346
2921	gpt2	2922	1461	15	restate	vp_coord	expected	The pilots squeeze and restate	0.0016086093382909	0.0016086093382909	10.129753589630127	10.129753589630127
2922	gpt2	2923	1462	15	restore	vp_coord	unexpected	The pilots squeeze and restores	9.020423163974557e-08	9.020423163974557e-08	23.40222930908203	23.40222930908203
2923	gpt2	2924	1462	15	restore	vp_coord	expected	The pilots squeeze and restore	3.59463206223154e-06	3.59463206223154e-06	18.085723876953125	18.085723876953125
2924	gpt2	2925	1463	15	restrain	vp_coord	unexpected	The pilots squeeze and restrains	0.21483231266029176	0.21483231266029176	6.7848584453264875	6.7848584453264875
2925	gpt2	2926	1463	15	restrain	vp_coord	expected	The pilots squeeze and restrain	0.0003664610849227	0.0003664610849227	11.41405200958252	11.41405200958252
2926	gpt2	2927	1464	15	restrict	vp_coord	unexpected	The pilots squeeze and restricts	5.265850973046327e-07	5.265850973046327e-07	20.856830596923828	20.856830596923828
2927	gpt2	2928	1464	15	restrict	vp_coord	expected	The pilots squeeze and restrict	5.450033859233372e-05	5.450033859233372e-05	14.163374900817873	14.163374900817873
2928	gpt2	2929	1465	15	restructure	vp_coord	unexpected	The pilots squeeze and restructures	0.013840654791039197	0.013840654791039197	13.237536907196045	13.237536907196045
2929	gpt2	2930	1465	15	restructure	vp_coord	expected	The pilots squeeze and restructure	0.0037522864295169	0.0037522864295169	9.481926679611206	9.481926679611206
2930	gpt2	2931	1466	15	rest	vp_coord	unexpected	The pilots squeeze and rests	3.5886309888155665e-06	3.5886309888155665e-06	18.088134765625	18.088134765625
2931	gpt2	2932	1466	15	rest	vp_coord	expected	The pilots squeeze and rest	0.0002703454811125	0.0002703454811125	11.85290813446045	11.85290813446045
2932	gpt2	2933	1467	16	result	vp_coord	unexpected	The surgeon bounces and result	3.4325477571428564e-08	3.4325477571428564e-08	24.796144485473636	24.796144485473636
2933	gpt2	2934	1467	16	result	vp_coord	expected	The surgeon bounces and results	2.376127667957917e-05	2.376127667957917e-05	15.361027717590332	15.361027717590332
2934	gpt2	2935	1468	16	resume	vp_coord	unexpected	The surgeon bounces and resume	1.411674929840956e-06	1.411674929840956e-06	19.434160232543945	19.434160232543945
2935	gpt2	2936	1468	16	resume	vp_coord	expected	The surgeon bounces and resumes	0.0002132899680873	0.0002132899680873	12.194896697998049	12.194896697998049
2936	gpt2	2937	1469	16	resurrect	vp_coord	unexpected	The surgeon bounces and resurrect	1.3345251318241935e-05	1.3345251318241935e-05	16.193313598632812	16.193313598632812
2937	gpt2	2938	1469	16	resurrect	vp_coord	expected	The surgeon bounces and resurrects	0.49404880095016773	0.49404880095016773	8.105303819291294	8.105303819291294
2938	gpt2	2939	1470	16	retail	vp_coord	unexpected	The surgeon bounces and retail	1.908585858245715e-07	1.908585858245715e-07	22.320993423461918	22.320993423461918
2939	gpt2	2940	1470	16	retail	vp_coord	expected	The surgeon bounces and retails	0.0038393482100217997	0.0038393482100217997	8.535283327102661	8.535283327102661
2940	gpt2	2941	1471	16	retain	vp_coord	unexpected	The surgeon bounces and retain	1.6205868291763181e-07	1.6205868291763181e-07	22.55698013305664	22.55698013305664
2941	gpt2	2942	1471	16	retain	vp_coord	expected	The surgeon bounces and retains	1.7616437617107294e-05	1.7616437617107294e-05	15.792717933654783	15.792717933654783
2942	gpt2	2943	1472	16	rethink	vp_coord	unexpected	The surgeon bounces and rethink	1.7388879314239605e-07	1.7388879314239605e-07	22.455331802368164	22.455331802368164
2943	gpt2	2944	1472	16	rethink	vp_coord	expected	The surgeon bounces and rethinks	0.21831462221841014	0.21831462221841014	5.719032307465871	5.719032307465871
2944	gpt2	2945	1473	16	retire	vp_coord	unexpected	The surgeon bounces and retire	9.826025006987038e-07	9.826025006987038e-07	19.95688819885254	19.95688819885254
2945	gpt2	2946	1473	16	retire	vp_coord	expected	The surgeon bounces and retires	0.0883610155433416	0.0883610155433416	6.165467023849488	6.165467023849488
2946	gpt2	2947	1474	16	retreat	vp_coord	unexpected	The surgeon bounces and retreat	0.0001045720564434	0.0001045720564434	13.223215103149414	13.223215103149414
2947	gpt2	2948	1474	16	retreat	vp_coord	expected	The surgeon bounces and retreats	0.4977491625541006	0.4977491625541006	6.6149379489943385	6.6149379489943385
2948	gpt2	2949	1475	16	retrieve	vp_coord	unexpected	The surgeon bounces and retrieve	1.8750515664578411e-06	1.8750515664578411e-06	19.024639129638672	19.024639129638672
2949	gpt2	2950	1475	16	retrieve	vp_coord	expected	The surgeon bounces and retrieves	0.4997403414163273	0.4997403414163273	5.954629261221271	5.954629261221271
2950	gpt2	2951	1476	16	retrofit	vp_coord	unexpected	The surgeon bounces and retrofit	0.016433373114523392	0.016433373114523392	11.338557958602905	11.338557958602905
2951	gpt2	2952	1476	16	retrofit	vp_coord	expected	The surgeon bounces and retrofits	0.11997527258699844	0.11997527258699844	9.90445363521576	9.90445363521576
2952	gpt2	2953	1477	16	retry	vp_coord	unexpected	The surgeon bounces and retry	0.0009013279923236999	0.0009013279923236999	10.153554916381836	10.153554916381836
2953	gpt2	2954	1477	16	retry	vp_coord	expected	The surgeon bounces and retries	0.01968298666179175	0.01968298666179175	7.264714002609254	7.264714002609254
2954	gpt2	2955	1478	16	return	vp_coord	unexpected	The surgeon bounces and return	4.213293323118705e-06	4.213293323118705e-06	17.85662078857422	17.85662078857422
2955	gpt2	2956	1478	16	return	vp_coord	expected	The surgeon bounces and returns	0.0008878606604412	0.0008878606604412	10.137378692626951	10.137378692626951
2956	gpt2	2957	1479	16	reunite	vp_coord	unexpected	The surgeon bounces and reunite	0.002546706618431893	0.002546706618431893	12.092897891998291	12.092897891998291
2957	gpt2	2958	1479	16	reunite	vp_coord	expected	The surgeon bounces and reunites	0.46284982437236977	0.46284982437236977	8.338560737669468	8.338560737669468
2958	gpt2	2959	1480	16	revamp	vp_coord	unexpected	The surgeon bounces and revamp	0.00202652237203435	0.00202652237203435	9.875025272369385	9.875025272369385
2959	gpt2	2960	1480	16	revamp	vp_coord	expected	The surgeon bounces and revamps	0.00244249864772425	0.00244249864772425	9.730513334274292	9.730513334274292
2960	gpt2	2961	1481	16	reveal	vp_coord	unexpected	The surgeon bounces and reveal	2.39421353853686e-07	2.39421353853686e-07	21.99394416809082	21.99394416809082
2961	gpt2	2962	1481	16	reveal	vp_coord	expected	The surgeon bounces and reveals	0.0001746156049193	0.0001746156049193	12.483530044555664	12.483530044555664
2962	gpt2	2963	1482	16	reverberate	vp_coord	unexpected	The surgeon bounces and reverberate	0.0013001753832213316	0.0013001753832213316	12.134263038635254	12.134263038635254
2963	gpt2	2964	1482	16	reverberate	vp_coord	expected	The surgeon bounces and reverberates	0.4949778802110813	0.4949778802110813	7.8426822503097355	7.8426822503097355
2964	gpt2	2965	1483	16	reverse	vp_coord	unexpected	The surgeon bounces and reverse	7.438071861542994e-06	7.438071861542994e-06	17.036640167236328	17.036640167236328
2965	gpt2	2966	1483	16	reverse	vp_coord	expected	The surgeon bounces and reverses	0.49970448108797416	0.49970448108797416	5.745168260706123	5.745168260706123
2966	gpt2	2967	1484	16	review	vp_coord	unexpected	The surgeon bounces and review	1.0914239965131856e-06	1.0914239965131856e-06	19.80535697937012	19.80535697937012
2967	gpt2	2968	1484	16	review	vp_coord	expected	The surgeon bounces and reviews	3.517883669701405e-05	3.517883669701405e-05	14.79493236541748	14.79493236541748
2968	gpt2	2969	1485	16	revise	vp_coord	unexpected	The surgeon bounces and revise	1.593843848013421e-07	1.593843848013421e-07	22.58098602294922	22.58098602294922
2969	gpt2	2970	1485	16	revise	vp_coord	expected	The surgeon bounces and revises	0.03134659417264625	0.03134659417264625	7.846970558166504	7.846970558166504
2970	gpt2	2971	1486	16	revisit	vp_coord	unexpected	The surgeon bounces and revisit	8.24047603487088e-08	8.24047603487088e-08	23.532697677612305	23.532697677612305
2971	gpt2	2972	1486	16	revisit	vp_coord	expected	The surgeon bounces and revisits	0.49519442843870826	0.49519442843870826	8.965620031580329	8.965620031580329
2972	gpt2	2973	1487	16	revive	vp_coord	unexpected	The surgeon bounces and revive	4.1005051798492797e-07	4.1005051798492797e-07	21.21769523620605	21.21769523620605
2973	gpt2	2974	1487	16	revive	vp_coord	expected	The surgeon bounces and revives	0.041874400529195555	0.041874400529195555	7.63721215724945	7.63721215724945
2974	gpt2	2975	1488	16	revoke	vp_coord	unexpected	The surgeon bounces and revoke	1.7334892632447918e-08	1.7334892632447918e-08	25.78174591064453	25.78174591064453
2975	gpt2	2976	1488	16	revoke	vp_coord	expected	The surgeon bounces and revokes	0.0091137440904276	0.0091137440904276	8.7466459274292	8.7466459274292
2976	gpt2	2977	1489	16	revolutionize	vp_coord	unexpected	The surgeon bounces and revolutionize	0.0018214530732620596	0.0018214530732620596	12.777049541473389	12.777049541473389
2977	gpt2	2978	1489	16	revolutionize	vp_coord	expected	The surgeon bounces and revolutionizes	0.3685734756013517	0.3685734756013517	8.94558984041214	8.94558984041214
2978	gpt2	2979	1490	16	revolve	vp_coord	unexpected	The surgeon bounces and revolve	0.0015549812960670999	0.0015549812960670999	10.083933353424072	10.083933353424072
2979	gpt2	2980	1490	16	revolve	vp_coord	expected	The surgeon bounces and revolves	2.0391349607962184e-05	2.0391349607962184e-05	15.581683158874512	15.581683158874512
2980	gpt2	2981	1491	16	reward	vp_coord	unexpected	The surgeon bounces and reward	1.0275409323412533e-07	1.0275409323412533e-07	23.21430015563965	23.21430015563965
2981	gpt2	2982	1491	16	reward	vp_coord	expected	The surgeon bounces and rewards	2.357600533287041e-05	2.357600533287041e-05	15.372321128845217	15.372321128845217
2982	gpt2	2983	1492	16	rewrite	vp_coord	unexpected	The surgeon bounces and rewrite	1.8805161516866065e-07	1.8805161516866065e-07	22.34236717224121	22.34236717224121
2983	gpt2	2984	1492	16	rewrite	vp_coord	expected	The surgeon bounces and rewrites	0.335391337207208	0.335391337207208	5.548530657234854	5.548530657234854
2984	gpt2	2985	1493	16	ride	vp_coord	unexpected	The surgeon bounces and ride	7.13105509930756e-06	7.13105509930756e-06	17.09745216369629	17.09745216369629
2985	gpt2	2986	1493	16	ride	vp_coord	expected	The surgeon bounces and rides	0.0022809032816439	0.0022809032816439	8.776179313659668	8.776179313659668
2986	gpt2	2987	1494	16	rid	vp_coord	unexpected	The surgeon bounces and rid	3.456412969171652e-06	3.456412969171652e-06	18.14229202270508	18.14229202270508
2987	gpt2	2988	1494	16	rid	vp_coord	expected	The surgeon bounces and rids	0.00198809680296105	0.00198809680296105	9.141986846923828	9.141986846923828
2988	gpt2	2989	1495	16	ring	vp_coord	unexpected	The surgeon bounces and ring	1.6920119378482923e-05	1.6920119378482923e-05	15.850900650024414	15.850900650024414
2989	gpt2	2990	1495	16	ring	vp_coord	expected	The surgeon bounces and rings	0.0007063806406222	0.0007063806406222	10.467266082763672	10.467266082763672
2990	gpt2	2991	1496	16	rise	vp_coord	unexpected	The surgeon bounces and rise	1.5585336541334982e-06	1.5585336541334982e-06	19.291379928588867	19.291379928588867
2991	gpt2	2992	1496	16	rise	vp_coord	expected	The surgeon bounces and rises	0.0006635528407059	0.0006635528407059	10.557500839233398	10.557500839233398
2992	gpt2	2993	1497	16	risk	vp_coord	unexpected	The surgeon bounces and risk	1.412429128322401e-06	1.412429128322401e-06	19.43338966369629	19.43338966369629
2993	gpt2	2994	1497	16	risk	vp_coord	expected	The surgeon bounces and risks	1.4374826605489943e-05	1.4374826605489943e-05	16.086095809936523	16.086095809936523
2994	gpt2	2995	1498	16	rival	vp_coord	unexpected	The surgeon bounces and rival	2.935623228950135e-07	2.935623228950135e-07	21.6998291015625	21.6998291015625
2995	gpt2	2996	1498	16	rival	vp_coord	expected	The surgeon bounces and rivals	2.506561031623278e-06	2.506561031623278e-06	18.605859756469727	18.605859756469727
2996	gpt2	2997	1499	16	rock	vp_coord	unexpected	The surgeon bounces and rock	1.9648807210614905e-05	1.9648807210614905e-05	15.635198593139648	15.635198593139648
2997	gpt2	2998	1499	16	rock	vp_coord	expected	The surgeon bounces and rocks	0.0003558658936526	0.0003558658936526	11.456378936767578	11.456378936767578
2998	gpt2	2999	1500	16	roil	vp_coord	unexpected	The surgeon bounces and roil	0.0006241029914235	0.0006241029914235	10.788477420806885	10.788477420806885
2999	gpt2	3000	1500	16	roil	vp_coord	expected	The surgeon bounces and roils	0.00115039100637655	0.00115039100637655	9.802083969116211	9.802083969116211
3000	gpt2	3001	1501	16	roll	vp_coord	unexpected	The surgeon bounces and roll	8.014637569431216e-05	8.014637569431216e-05	13.607003211975098	13.607003211975098
3001	gpt2	3002	1501	16	roll	vp_coord	expected	The surgeon bounces and rolls	0.0093916803598403	0.0093916803598403	6.734401226043701	6.734401226043701
3002	gpt2	3003	1502	16	roost	vp_coord	unexpected	The surgeon bounces and roost	0.0021697529009543	0.0021697529009543	9.157625198364258	9.157625198364258
3003	gpt2	3004	1502	16	roost	vp_coord	expected	The surgeon bounces and roosts	0.32909098915600526	0.32909098915600526	6.1133615635335445	6.1133615635335445
3004	gpt2	3005	1503	16	root	vp_coord	unexpected	The surgeon bounces and root	7.109380476322258e-06	7.109380476322258e-06	17.101844787597656	17.101844787597656
3005	gpt2	3006	1503	16	root	vp_coord	expected	The surgeon bounces and roots	2.3752758352202363e-05	2.3752758352202363e-05	15.36154556274414	15.36154556274414
3006	gpt2	3007	1504	16	rotate	vp_coord	unexpected	The surgeon bounces and rotate	5.472076736623421e-06	5.472076736623421e-06	17.479480743408203	17.479480743408203
3007	gpt2	3008	1504	16	rotate	vp_coord	expected	The surgeon bounces and rotates	0.4993547068443149	0.4993547068443149	5.443340483237989	5.443340483237989
3008	gpt2	3009	1505	16	round	vp_coord	unexpected	The surgeon bounces and round	6.369092443492264e-05	6.369092443492264e-05	13.938552856445312	13.938552856445312
3009	gpt2	3010	1505	16	round	vp_coord	expected	The surgeon bounces and rounds	0.000286446447717	0.000286446447717	11.769447326660156	11.769447326660156
3010	gpt2	3011	1506	16	row	vp_coord	unexpected	The surgeon bounces and row	1.3540730833483394e-05	1.3540730833483394e-05	16.172334671020508	16.172334671020508
3011	gpt2	3012	1506	16	row	vp_coord	expected	The surgeon bounces and rows	5.7772649597609416e-05	5.7772649597609416e-05	14.079254150390623	14.079254150390623
3012	gpt2	3013	1507	16	rubber-stamp	vp_coord	unexpected	The surgeon bounces and rubber-stamp	0.07845749535135833	0.07845749535135833	9.309237957000732	9.309237957000732
3013	gpt2	3014	1507	16	rubber-stamp	vp_coord	expected	The surgeon bounces and rubber-stamps	0.07845749535135833	0.07845749535135833	9.309237957000732	9.309237957000732
3014	gpt2	3015	1508	16	rub	vp_coord	unexpected	The surgeon bounces and rub	0.0047563137486577	0.0047563137486577	7.715940475463867	7.715940475463867
3015	gpt2	3016	1508	16	rub	vp_coord	expected	The surgeon bounces and rubs	0.49814592907205224	0.49814592907205224	3.8641020273789763	3.8641020273789763
3016	gpt2	3017	1509	16	ruin	vp_coord	unexpected	The surgeon bounces and ruin	4.066453413997806e-07	4.066453413997806e-07	21.229724884033203	21.229724884033203
3017	gpt2	3018	1509	16	ruin	vp_coord	expected	The surgeon bounces and ruins	2.992955523950513e-05	2.992955523950513e-05	15.028069496154783	15.028069496154783
3018	gpt2	3019	1510	16	rule	vp_coord	unexpected	The surgeon bounces and rule	4.633772050510744e-07	4.633772050510744e-07	21.041309356689453	21.041309356689453
3019	gpt2	3020	1510	16	rule	vp_coord	expected	The surgeon bounces and rules	3.130923869321123e-05	3.130923869321123e-05	14.963051795959473	14.963051795959473
3020	gpt2	3021	1511	16	run	vp_coord	unexpected	The surgeon bounces and run	6.424092134693637e-05	6.424092134693637e-05	13.9261474609375	13.9261474609375
3021	gpt2	3022	1511	16	run	vp_coord	expected	The surgeon bounces and runs	0.0075812824070453	0.0075812824070453	7.043342590332031	7.043342590332031
3022	gpt2	3023	1512	16	rush	vp_coord	unexpected	The surgeon bounces and rush	4.546385753201321e-06	4.546385753201321e-06	17.746849060058594	17.746849060058594
3023	gpt2	3024	1512	16	rush	vp_coord	expected	The surgeon bounces and rushes	0.0008638857980258	0.0008638857980258	10.176871299743652	10.176871299743652
3024	gpt2	3025	1513	16	sabotage	vp_coord	unexpected	The surgeon bounces and sabotage	1.1000381050507713e-07	1.1000381050507713e-07	23.115943908691406	23.115943908691406
3025	gpt2	3026	1513	16	sabotage	vp_coord	expected	The surgeon bounces and sabotages	0.4965608151735239	0.4965608151735239	10.148867859505117	10.148867859505117
3026	gpt2	3027	1514	16	sacrifice	vp_coord	unexpected	The surgeon bounces and sacrifice	2.195327937215552e-07	2.195327937215552e-07	22.119060516357425	22.119060516357425
3027	gpt2	3028	1514	16	sacrifice	vp_coord	expected	The surgeon bounces and sacrifices	2.204561496910173e-05	2.204561496910173e-05	15.469148635864258	15.469148635864258
3028	gpt2	3029	1515	16	safeguard	vp_coord	unexpected	The surgeon bounces and safeguard	1.6498470145620562e-08	1.6498470145620562e-08	25.85309219360352	25.85309219360352
3029	gpt2	3030	1515	16	safeguard	vp_coord	expected	The surgeon bounces and safeguards	3.248386974519235e-06	3.248386974519235e-06	18.23184585571289	18.23184585571289
3030	gpt2	3031	1516	16	safety	vp_coord	unexpected	The surgeon bounces and safety	7.386352649518813e-07	7.386352649518813e-07	20.368635177612305	20.368635177612305
3031	gpt2	3032	1516	16	safety	vp_coord	expected	The surgeon bounces and safeties	0.07749462742992819	0.07749462742992819	10.776005864143373	10.776005864143373
3032	gpt2	3033	1517	16	salvage	vp_coord	unexpected	The surgeon bounces and salvage	1.0195022923653596e-06	1.0195022923653596e-06	19.903703689575195	19.903703689575195
3033	gpt2	3034	1517	16	salvage	vp_coord	expected	The surgeon bounces and salvages	0.42081358766563426	0.42081358766563426	8.524976551532745	8.524976551532745
3034	gpt2	3035	1518	16	sap	vp_coord	unexpected	The surgeon bounces and sap	1.9480565072171885e-07	1.9480565072171885e-07	22.29146194458008	22.29146194458008
3035	gpt2	3036	1518	16	sap	vp_coord	expected	The surgeon bounces and saps	0.0183518750855	0.0183518750855	8.761086463928223	8.761086463928223
3036	gpt2	3037	1519	16	satisfy	vp_coord	unexpected	The surgeon bounces and satisfy	5.6739274612027664e-08	5.6739274612027664e-08	24.07107734680176	24.07107734680176
3037	gpt2	3038	1519	16	satisfy	vp_coord	expected	The surgeon bounces and satisfies	6.626014055655105e-06	6.626014055655105e-06	17.203426361083984	17.203426361083984
3038	gpt2	3039	1520	16	saturate	vp_coord	unexpected	The surgeon bounces and saturate	0.001714391405585027	0.001714391405585027	13.50882625579834	13.50882625579834
3039	gpt2	3040	1520	16	saturate	vp_coord	expected	The surgeon bounces and saturates	0.4972893010171901	0.4972893010171901	9.41825338313356	9.41825338313356
3040	gpt2	3041	1521	16	save	vp_coord	unexpected	The surgeon bounces and save	8.403526408073958e-06	8.403526408073958e-06	16.860572814941406	16.860572814941406
3041	gpt2	3042	1521	16	save	vp_coord	expected	The surgeon bounces and saves	0.0003381606074981	0.0003381606074981	11.530003547668455	11.530003547668455
3042	gpt2	3043	1522	16	savor	vp_coord	unexpected	The surgeon bounces and savor	0.10105978635328935	0.10105978635328935	8.263908982276917	8.263908982276917
3043	gpt2	3044	1522	16	savor	vp_coord	expected	The surgeon bounces and savors	0.21374306765574147	0.21374306765574147	7.723476171493529	7.723476171493529
3044	gpt2	3045	1523	16	say	vp_coord	unexpected	The surgeon bounces and say	5.9333411627449095e-05	5.9333411627449095e-05	14.04079532623291	14.04079532623291
3045	gpt2	3046	1523	16	say	vp_coord	expected	The surgeon bounces and says	0.0109245032072067	0.0109245032072067	6.5162882804870605	6.5162882804870605
3046	gpt2	3047	1524	16	scale	vp_coord	unexpected	The surgeon bounces and scale	1.4528018255077768e-06	1.4528018255077768e-06	19.392730712890625	19.392730712890625
3047	gpt2	3048	1524	16	scale	vp_coord	expected	The surgeon bounces and scales	7.464025838999078e-05	7.464025838999078e-05	13.709686279296877	13.709686279296877
3048	gpt2	3049	1525	16	scan	vp_coord	unexpected	The surgeon bounces and scan	3.025266551048844e-06	3.025266551048844e-06	18.33450698852539	18.33450698852539
3049	gpt2	3050	1525	16	scan	vp_coord	expected	The surgeon bounces and scans	0.0011107248719781	0.0011107248719781	9.814282417297363	9.814282417297363
3050	gpt2	3051	1526	16	scape	vp_coord	unexpected	The surgeon bounces and scape	0.00152742686623235	0.00152742686623235	10.313765048980713	10.313765048980713
3051	gpt2	3052	1526	16	scape	vp_coord	expected	The surgeon bounces and scapes	0.0020022144890390003	0.0020022144890390003	9.102038383483887	9.102038383483887
3052	gpt2	3053	1527	16	scare	vp_coord	unexpected	The surgeon bounces and scare	8.690311688042129e-07	8.690311688042129e-07	20.13408851623535	20.13408851623535
3053	gpt2	3054	1527	16	scare	vp_coord	expected	The surgeon bounces and scares	9.548091475153342e-05	9.548091475153342e-05	13.3544282913208	13.3544282913208
3054	gpt2	3055	1528	16	schedule	vp_coord	unexpected	The surgeon bounces and schedule	1.1121137077907407e-07	1.1121137077907407e-07	23.10019302368164	23.10019302368164
3055	gpt2	3056	1528	16	schedule	vp_coord	expected	The surgeon bounces and schedules	3.7589202293020207e-06	3.7589202293020207e-06	18.021249771118164	18.021249771118164
3056	gpt2	3057	1529	16	school	vp_coord	unexpected	The surgeon bounces and school	7.090583949320717e-06	7.090583949320717e-06	17.105663299560547	17.105663299560547
3057	gpt2	3058	1529	16	school	vp_coord	expected	The surgeon bounces and schools	5.253138169791782e-06	5.253138169791782e-06	17.538389205932617	17.538389205932617
3058	gpt2	3059	1530	16	scold	vp_coord	unexpected	The surgeon bounces and scold	0.00291669799480585	0.00291669799480585	8.421983242034912	8.421983242034912
3059	gpt2	3060	1530	16	scold	vp_coord	expected	The surgeon bounces and scolds	0.0246453202562406	0.0246453202562406	6.4446728229522705	6.4446728229522705
3060	gpt2	3061	1531	16	scorn	vp_coord	unexpected	The surgeon bounces and scorn	5.523560844267195e-07	5.523560844267195e-07	20.78789710998535	20.78789710998535
3061	gpt2	3062	1531	16	scorn	vp_coord	expected	The surgeon bounces and scorns	0.0019432319677434502	0.0019432319677434502	9.178899765014648	9.178899765014648
3062	gpt2	3063	1532	16	scour	vp_coord	unexpected	The surgeon bounces and scour	0.0021250338177196	0.0021250338177196	8.964259624481201	8.964259624481201
3063	gpt2	3064	1532	16	scour	vp_coord	expected	The surgeon bounces and scours	0.00406307971570635	0.00406307971570635	8.012048244476318	8.012048244476318
3064	gpt2	3065	1533	16	scout	vp_coord	unexpected	The surgeon bounces and scout	6.831102723481308e-07	6.831102723481308e-07	20.48137855529785	20.48137855529785
3065	gpt2	3066	1533	16	scout	vp_coord	expected	The surgeon bounces and scouts	7.413483672280563e-06	7.413483672280563e-06	17.04141616821289	17.04141616821289
3066	gpt2	3067	1534	16	scrap	vp_coord	unexpected	The surgeon bounces and scrap	0.0004640091501642	0.0004640091501642	11.073558807373049	11.073558807373049
3067	gpt2	3068	1534	16	scrap	vp_coord	expected	The surgeon bounces and scraps	3.070366437896155e-05	3.070366437896155e-05	14.991230010986328	14.991230010986328
3068	gpt2	3069	1535	16	screen	vp_coord	unexpected	The surgeon bounces and screen	2.123496415151749e-06	2.123496415151749e-06	18.84512710571289	18.84512710571289
3069	gpt2	3070	1535	16	screen	vp_coord	expected	The surgeon bounces and screens	1.3583878171630204e-05	1.3583878171630204e-05	16.16774559020996	16.16774559020996
3070	gpt2	3071	1536	16	scrutinize	vp_coord	unexpected	The surgeon bounces and scrutinize	0.0007418263485305578	0.0007418263485305578	12.419086456298828	12.419086456298828
3071	gpt2	3072	1536	16	scrutinize	vp_coord	expected	The surgeon bounces and scrutinizes	0.4592893689768971	0.4592893689768971	7.770868811756373	7.770868811756373
3072	gpt2	3073	1537	16	scurry	vp_coord	unexpected	The surgeon bounces and scurry	0.003137289895676	0.003137289895676	8.322890758514404	8.322890758514404
3073	gpt2	3074	1537	16	scurry	vp_coord	expected	The surgeon bounces and scurries	0.3506236674729734	0.3506236674729734	4.248802262591198	4.248802262591198
3074	gpt2	3075	1538	16	scuttle	vp_coord	unexpected	The surgeon bounces and scuttle	0.2380888099626948	0.2380888099626948	5.409752547740936	5.409752547740936
3075	gpt2	3076	1538	16	scuttle	vp_coord	expected	The surgeon bounces and scuttles	0.3412012727155039	0.3412012727155039	4.676720382480805	4.676720382480805
3076	gpt2	3077	1539	16	seal	vp_coord	unexpected	The surgeon bounces and seal	3.1867302823229693e-06	3.1867302823229693e-06	18.259490966796875	18.259490966796875
3077	gpt2	3078	1539	16	seal	vp_coord	expected	The surgeon bounces and seals	0.0001705384202068	0.0001705384202068	12.51761531829834	12.51761531829834
3078	gpt2	3079	1540	16	search	vp_coord	unexpected	The surgeon bounces and search	3.1597605811839458e-06	3.1597605811839458e-06	18.271753311157227	18.271753311157227
3079	gpt2	3080	1540	16	search	vp_coord	expected	The surgeon bounces and searches	0.0002799331559799	0.0002799331559799	11.802630424499512	11.802630424499512
3080	gpt2	3081	1541	16	secure	vp_coord	unexpected	The surgeon bounces and secure	7.877611096773762e-06	7.877611096773762e-06	16.95380973815918	16.95380973815918
3081	gpt2	3082	1541	16	secure	vp_coord	expected	The surgeon bounces and secures	0.4970355910627404	0.4970355910627404	6.830013726837934	6.830013726837934
3082	gpt2	3083	1542	16	seduce	vp_coord	unexpected	The surgeon bounces and seduce	0.0001802098913685344	0.0001802098913685344	13.527516841888428	13.527516841888428
3083	gpt2	3084	1542	16	seduce	vp_coord	expected	The surgeon bounces and seduces	0.038046893058890384	0.038046893058890384	9.623141765594482	9.623141765594482
3084	gpt2	3085	1543	16	seek	vp_coord	unexpected	The surgeon bounces and seek	9.857729992290842e-07	9.857729992290842e-07	19.952241897583008	19.952241897583008
3085	gpt2	3086	1543	16	seek	vp_coord	expected	The surgeon bounces and seeks	0.0001044733726303	0.0001044733726303	13.224576950073242	13.224576950073242
3086	gpt2	3087	1544	16	seem	vp_coord	unexpected	The surgeon bounces and seem	2.0409822809597244e-06	2.0409822809597244e-06	18.902305603027344	18.902305603027344
3087	gpt2	3088	1544	16	seem	vp_coord	expected	The surgeon bounces and seems	0.0007435199804604	0.0007435199804604	10.393341064453123	10.393341064453123
3088	gpt2	3089	1545	16	see	vp_coord	unexpected	The surgeon bounces and see	3.7001304008299485e-05	3.7001304008299485e-05	14.722064018249512	14.722064018249512
3089	gpt2	3090	1545	16	see	vp_coord	expected	The surgeon bounces and sees	0.0014478883240371	0.0014478883240371	9.43183422088623	9.43183422088623
3090	gpt2	3091	1546	16	segregate	vp_coord	unexpected	The surgeon bounces and segregate	0.0033611169825852978	0.0033611169825852978	15.376594305038452	15.376594305038452
3091	gpt2	3092	1546	16	segregate	vp_coord	expected	The surgeon bounces and segregates	0.4952557795956345	0.4952557795956345	11.775040884502232	11.775040884502232
3092	gpt2	3093	1547	16	seize	vp_coord	unexpected	The surgeon bounces and seize	5.103482294543937e-07	5.103482294543937e-07	20.902013778686523	20.902013778686523
3093	gpt2	3094	1547	16	seize	vp_coord	expected	The surgeon bounces and seizes	0.2161894778255373	0.2161894778255373	6.467736661434174	6.467736661434174
3094	gpt2	3095	1548	16	select	vp_coord	unexpected	The surgeon bounces and select	4.730187583845691e-07	4.730187583845691e-07	21.011598587036133	21.011598587036133
3095	gpt2	3096	1548	16	select	vp_coord	expected	The surgeon bounces and selects	6.211177969817072e-05	6.211177969817072e-05	13.974773406982422	13.974773406982422
3096	gpt2	3097	1549	16	self-reinsure	vp_coord	unexpected	The surgeon bounces and self-reinsure	0.4671105953530059	0.4671105953530059	7.185409124940633	7.185409124940633
3097	gpt2	3098	1549	16	self-reinsure	vp_coord	expected	The surgeon bounces and self-reinsures	0.4671105953530059	0.4671105953530059	7.185409124940633	7.185409124940633
3098	gpt2	3099	1550	16	sell	vp_coord	unexpected	The surgeon bounces and sell	3.393174097254814e-07	3.393174097254814e-07	21.490861892700195	21.490861892700195
3099	gpt2	3100	1550	16	sell	vp_coord	expected	The surgeon bounces and sells	4.346534115029499e-05	4.346534115029499e-05	14.489774703979492	14.489774703979492
3100	gpt2	3101	1551	16	send	vp_coord	unexpected	The surgeon bounces and send	1.2079838597855996e-05	1.2079838597855996e-05	16.337039947509766	16.337039947509766
3101	gpt2	3102	1551	16	send	vp_coord	expected	The surgeon bounces and sends	0.0011738155735656	0.0011738155735656	9.734578132629396	9.734578132629396
3102	gpt2	3103	1552	16	sense	vp_coord	unexpected	The surgeon bounces and sense	2.069062020382262e-06	2.069062020382262e-06	18.882591247558597	18.882591247558597
3103	gpt2	3104	1552	16	sense	vp_coord	expected	The surgeon bounces and senses	2.351246257603634e-05	2.351246257603634e-05	15.376214981079102	15.376214981079102
3104	gpt2	3105	1553	16	sensitize	vp_coord	unexpected	The surgeon bounces and sensitize	0.00447205287267492	0.00447205287267492	14.946484565734863	14.946484565734863
3105	gpt2	3106	1553	16	sensitize	vp_coord	expected	The surgeon bounces and sensitizes	0.35293474348418385	0.35293474348418385	6.998820318918054	6.998820318918054
3106	gpt2	3107	1554	16	separate	vp_coord	unexpected	The surgeon bounces and separate	8.838473149808124e-06	8.838473149808124e-06	16.787771224975586	16.787771224975586
3107	gpt2	3108	1554	16	separate	vp_coord	expected	The surgeon bounces and separates	7.15704372851178e-05	7.15704372851178e-05	13.77027702331543	13.77027702331543
3108	gpt2	3109	1555	16	sequester	vp_coord	unexpected	The surgeon bounces and sequester	0.07847777140761991	0.07847777140761991	10.730208277702332	10.730208277702332
3109	gpt2	3110	1555	16	sequester	vp_coord	expected	The surgeon bounces and sequesters	0.12349803132440226	0.12349803132440226	10.403138518333435	10.403138518333435
3110	gpt2	3111	1556	16	serve	vp_coord	unexpected	The surgeon bounces and serve	5.747857585447491e-07	5.747857585447491e-07	20.730472564697266	20.730472564697266
3111	gpt2	3112	1556	16	serve	vp_coord	expected	The surgeon bounces and serves	0.000167813792359	0.000167813792359	12.540850639343262	12.540850639343262
3112	gpt2	3113	1557	16	service	vp_coord	unexpected	The surgeon bounces and service	1.4847172451482038e-06	1.4847172451482038e-06	19.36137962341309	19.36137962341309
3113	gpt2	3114	1557	16	service	vp_coord	expected	The surgeon bounces and services	4.881813310930738e-06	4.881813310930738e-06	17.64415168762207	17.64415168762207
3114	gpt2	3115	1558	16	settle	vp_coord	unexpected	The surgeon bounces and settle	1.954306071638712e-06	1.954306071638712e-06	18.96491241455078	18.96491241455078
3115	gpt2	3116	1558	16	settle	vp_coord	expected	The surgeon bounces and settles	0.000595373858232	0.000595373858232	10.713916778564451	10.713916778564451
3116	gpt2	3117	1559	16	set	vp_coord	unexpected	The surgeon bounces and set	3.0501996661769223e-05	3.0501996661769223e-05	15.000737190246582	15.000737190246582
3117	gpt2	3118	1559	16	set	vp_coord	expected	The surgeon bounces and sets	0.000864514207933	0.000864514207933	10.175822257995604	10.175822257995604
3118	gpt2	3119	1560	16	sever	vp_coord	unexpected	The surgeon bounces and sever	4.964937033946626e-06	4.964937033946626e-06	17.619792938232422	17.619792938232422
3119	gpt2	3120	1560	16	sever	vp_coord	expected	The surgeon bounces and severs	0.01826870278455315	0.01826870278455315	8.2555251121521	8.2555251121521
3120	gpt2	3121	1561	16	shadow	vp_coord	unexpected	The surgeon bounces and shadow	6.205088084243471e-06	6.205088084243471e-06	17.29811668395996	17.29811668395996
3121	gpt2	3122	1561	16	shadow	vp_coord	expected	The surgeon bounces and shadows	8.672218427818734e-06	8.672218427818734e-06	16.815168380737305	16.815168380737305
3122	gpt2	3123	1562	16	shake	vp_coord	unexpected	The surgeon bounces and shake	3.308738087071106e-05	3.308738087071106e-05	14.8833589553833	14.8833589553833
3123	gpt2	3124	1562	16	shake	vp_coord	expected	The surgeon bounces and shakes	0.0124085210263729	0.0124085210263729	6.33252477645874	6.33252477645874
3124	gpt2	3125	1563	16	shape	vp_coord	unexpected	The surgeon bounces and shape	1.7843099158199038e-06	1.7843099158199038e-06	19.0962028503418	19.0962028503418
3125	gpt2	3126	1563	16	shape	vp_coord	expected	The surgeon bounces and shapes	7.31554173398763e-05	7.31554173398763e-05	13.738676071166992	13.738676071166992
3126	gpt2	3127	1564	17	share	vp_coord	unexpected	The managers unwind and shares	4.864362836087821e-06	4.864362836087821e-06	17.64931869506836	17.64931869506836
3127	gpt2	3128	1564	17	share	vp_coord	expected	The managers unwind and share	0.0015339445089921	0.0015339445089921	9.348538398742676	9.348538398742676
3128	gpt2	3129	1565	17	sharpen	vp_coord	unexpected	The managers unwind and sharpens	0.08277246378747803	0.08277246378747803	8.804552435874939	8.804552435874939
3129	gpt2	3130	1565	17	sharpen	vp_coord	expected	The managers unwind and sharpen	0.4996774956316585	0.4996774956316585	7.712619519559667	7.712619519559667
3130	gpt2	3131	1566	17	shave	vp_coord	unexpected	The managers unwind and shaves	0.00139677333936555	0.00139677333936555	10.070047855377197	10.070047855377197
3131	gpt2	3132	1566	17	shave	vp_coord	expected	The managers unwind and shave	0.0001314782275585	0.0001314782275585	12.892888069152832	12.892888069152832
3132	gpt2	3133	1567	17	shed	vp_coord	unexpected	The managers unwind and sheds	2.35043003726787e-07	2.35043003726787e-07	22.02057266235352	22.02057266235352
3133	gpt2	3134	1567	17	shed	vp_coord	expected	The managers unwind and shed	5.302482168190181e-05	5.302482168190181e-05	14.202972412109377	14.202972412109377
3134	gpt2	3135	1568	17	shell	vp_coord	unexpected	The managers unwind and shells	1.0908818239840912e-06	1.0908818239840912e-06	19.80607414245605	19.80607414245605
3135	gpt2	3136	1568	17	shell	vp_coord	expected	The managers unwind and shell	1.9128572603221983e-05	1.9128572603221983e-05	15.673911094665527	15.673911094665527
3136	gpt2	3137	1569	17	shield	vp_coord	unexpected	The managers unwind and shields	6.771682024009351e-07	6.771682024009351e-07	20.49398231506348	20.49398231506348
3137	gpt2	3138	1569	17	shield	vp_coord	expected	The managers unwind and shield	2.838214277289808e-05	2.838214277289808e-05	15.104657173156738	15.104657173156738
3138	gpt2	3139	1570	17	shift	vp_coord	unexpected	The managers unwind and shifts	8.606412848166656e-06	8.606412848166656e-06	16.826156616210938	16.826156616210938
3139	gpt2	3140	1570	17	shift	vp_coord	expected	The managers unwind and shift	0.0008105427841655	0.0008105427841655	10.268823623657228	10.268823623657228
3140	gpt2	3141	1571	17	shine	vp_coord	unexpected	The managers unwind and shines	2.762898816399684e-07	2.762898816399684e-07	21.78731346130371	21.78731346130371
3141	gpt2	3142	1571	17	shine	vp_coord	expected	The managers unwind and shine	4.183167402516119e-05	4.183167402516119e-05	14.545044898986816	14.545044898986816
3142	gpt2	3143	1572	17	ship	vp_coord	unexpected	The managers unwind and ships	1.3476759477271116e-06	1.3476759477271116e-06	19.501094818115234	19.501094818115234
3143	gpt2	3144	1572	17	ship	vp_coord	expected	The managers unwind and ship	0.0001018825860228	0.0001018825860228	13.260805130004885	13.260805130004885
3144	gpt2	3145	1573	17	shirk	vp_coord	unexpected	The managers unwind and shirks	0.0809260018189282	0.0809260018189282	6.843602259953816	6.843602259953816
3145	gpt2	3146	1573	17	shirk	vp_coord	expected	The managers unwind and shirk	0.01256580297194885	0.01256580297194885	8.397639274597168	8.397639274597168
3146	gpt2	3147	1574	17	shock	vp_coord	unexpected	The managers unwind and shocks	1.3580638835719586e-07	1.3580638835719586e-07	22.81194496154785	22.81194496154785
3147	gpt2	3148	1574	17	shock	vp_coord	expected	The managers unwind and shock	2.0443201719899665e-05	2.0443201719899665e-05	15.57801914215088	15.57801914215088
3148	gpt2	3149	1575	17	shoe-horn	vp_coord	unexpected	The managers unwind and shoe-horns	0.013490861681020745	0.013490861681020745	11.151476621627808	11.151476621627808
3149	gpt2	3150	1575	17	shoe-horn	vp_coord	expected	The managers unwind and shoe-horn	0.013490861681020745	0.013490861681020745	11.151476621627808	11.151476621627808
3150	gpt2	3151	1576	17	shoot	vp_coord	unexpected	The managers unwind and shoots	1.291703824790602e-06	1.291703824790602e-06	19.562294006347656	19.562294006347656
3151	gpt2	3152	1576	17	shoot	vp_coord	expected	The managers unwind and shoot	0.0002312590368092	0.0002312590368092	12.078202247619627	12.078202247619627
3152	gpt2	3153	1577	17	shop	vp_coord	unexpected	The managers unwind and shops	6.702374321321258e-06	6.702374321321258e-06	17.1868953704834	17.1868953704834
3153	gpt2	3154	1577	17	shop	vp_coord	expected	The managers unwind and shop	0.0003605498641263	0.0003605498641263	11.43751335144043	11.43751335144043
3154	gpt2	3155	1578	17	shore	vp_coord	unexpected	The managers unwind and shores	2.9672872159380862e-08	2.9672872159380862e-08	25.00628089904785	25.00628089904785
3155	gpt2	3156	1578	17	shore	vp_coord	expected	The managers unwind and shore	1.884235825855285e-05	1.884235825855285e-05	15.695660591125488	15.695660591125488
3156	gpt2	3157	1579	17	shorn	vp_coord	unexpected	The managers unwind and shorns	0.00017755760258351993	0.00017755760258351993	16.720014095306396	16.720014095306396
3157	gpt2	3158	1579	17	shorn	vp_coord	expected	The managers unwind and shorn	0.0088424880086677	0.0088424880086677	8.655492067337036	8.655492067337036
3158	gpt2	3159	1580	17	shorten	vp_coord	unexpected	The managers unwind and shortens	0.0031326197049565733	0.0031326197049565733	11.203427076339722	11.203427076339722
3159	gpt2	3160	1580	17	shorten	vp_coord	expected	The managers unwind and shorten	1.827713640523143e-05	1.827713640523143e-05	15.73960018157959	15.73960018157959
3160	gpt2	3161	1581	17	short	vp_coord	unexpected	The managers unwind and shorts	2.2395397536456585e-06	2.2395397536456585e-06	18.76836585998535	18.76836585998535
3161	gpt2	3162	1581	17	short	vp_coord	expected	The managers unwind and short	2.883569504774641e-05	2.883569504774641e-05	15.08178424835205	15.08178424835205
3162	gpt2	3163	1582	17	shoulder	vp_coord	unexpected	The managers unwind and shoulders	6.436568128265208e-06	6.436568128265208e-06	17.245277404785156	17.245277404785156
3163	gpt2	3164	1582	17	shoulder	vp_coord	expected	The managers unwind and shoulder	3.1846691854298115e-05	3.1846691854298115e-05	14.938496589660645	14.938496589660645
3164	gpt2	3165	1583	17	shout	vp_coord	unexpected	The managers unwind and shouts	1.5693065051891608e-06	1.5693065051891608e-06	19.28144073486328	19.28144073486328
3165	gpt2	3166	1583	17	shout	vp_coord	expected	The managers unwind and shout	7.505018584197387e-05	7.505018584197387e-05	13.70178508758545	13.70178508758545
3166	gpt2	3167	1584	17	shove	vp_coord	unexpected	The managers unwind and shoves	0.0016499103076057001	0.0016499103076057001	9.933975219726562	9.933975219726562
3167	gpt2	3168	1584	17	shove	vp_coord	expected	The managers unwind and shove	2.589986979728565e-05	2.589986979728565e-05	15.236695289611816	15.236695289611816
3168	gpt2	3169	1585	17	shower	vp_coord	unexpected	The managers unwind and showers	5.702744601876475e-06	5.702744601876475e-06	17.419912338256836	17.419912338256836
3169	gpt2	3170	1585	17	shower	vp_coord	expected	The managers unwind and shower	0.0006265396368689	0.0006265396368689	10.64030647277832	10.64030647277832
3170	gpt2	3171	1586	17	show	vp_coord	unexpected	The managers unwind and shows	1.0944795576506294e-05	1.0944795576506294e-05	16.479394912719727	16.479394912719727
3171	gpt2	3172	1586	17	show	vp_coord	expected	The managers unwind and show	0.0018859491683542	0.0018859491683542	9.050493240356444	9.050493240356444
3172	gpt2	3173	1587	17	shrink	vp_coord	unexpected	The managers unwind and shrinks	0.1309152266635465	0.1309152266635465	9.949167013168335	9.949167013168335
3173	gpt2	3174	1587	17	shrink	vp_coord	expected	The managers unwind and shrink	3.303608173155226e-05	3.303608173155226e-05	14.885598182678224	14.885598182678224
3174	gpt2	3175	1588	17	shun	vp_coord	unexpected	The managers unwind and shuns	0.00052752955525645	0.00052752955525645	10.970191478729248	10.970191478729248
3175	gpt2	3176	1588	17	shun	vp_coord	expected	The managers unwind and shun	4.217920832161326e-06	4.217920832161326e-06	17.85503578186035	17.85503578186035
3176	gpt2	3177	1589	17	shut	vp_coord	unexpected	The managers unwind and shuts	2.6950601750286296e-06	2.6950601750286296e-06	18.501251220703125	18.501251220703125
3177	gpt2	3178	1589	17	shut	vp_coord	expected	The managers unwind and shut	0.0003211987786926	0.0003211987786926	11.604246139526367	11.604246139526367
3178	gpt2	3179	1590	17	shy	vp_coord	unexpected	The managers unwind and shies	0.00024856780510159996	0.00024856780510159996	12.119783878326416	12.119783878326416
3179	gpt2	3180	1590	17	shy	vp_coord	expected	The managers unwind and shy	1.960252120625228e-05	1.960252120625228e-05	15.638601303100586	15.638601303100586
3180	gpt2	3181	1591	17	sidetrack	vp_coord	unexpected	The managers unwind and sidetracks	0.015553200263942302	0.015553200263942302	9.20667823155721	9.20667823155721
3181	gpt2	3182	1591	17	sidetrack	vp_coord	expected	The managers unwind and sidetrack	0.2986317975016088	0.2986317975016088	7.696466947595279	7.696466947595279
3182	gpt2	3183	1592	17	side	vp_coord	unexpected	The managers unwind and sides	3.417183961573756e-06	3.417183961573756e-06	18.15876007080078	18.15876007080078
3183	gpt2	3184	1592	17	side	vp_coord	expected	The managers unwind and side	6.970406684558839e-05	6.970406684558839e-05	13.80839729309082	13.80839729309082
3184	gpt2	3185	1593	17	sift	vp_coord	unexpected	The managers unwind and sifts	0.0020219685393385	0.0020219685393385	9.580672264099121	9.580672264099121
3185	gpt2	3186	1593	17	sift	vp_coord	expected	The managers unwind and sift	0.22181347111472857	0.22181347111472857	6.101922690868379	6.101922690868379
3186	gpt2	3187	1594	17	signal	vp_coord	unexpected	The managers unwind and signals	9.507438676337188e-07	9.507438676337188e-07	20.004440307617188	20.004440307617188
3187	gpt2	3188	1594	17	signal	vp_coord	expected	The managers unwind and signal	4.682066719396971e-05	4.682066719396971e-05	14.382494926452637	14.382494926452637
3188	gpt2	3189	1595	17	signify	vp_coord	unexpected	The managers unwind and signifies	3.585791219506973e-08	3.585791219506973e-08	24.73313331604004	24.73313331604004
3189	gpt2	3190	1595	17	signify	vp_coord	expected	The managers unwind and signify	4.611181793734431e-06	4.611181793734431e-06	17.72643280029297	17.72643280029297
3190	gpt2	3191	1596	17	sign	vp_coord	unexpected	The managers unwind and signs	8.665314453537576e-06	8.665314453537576e-06	16.816316604614258	16.816316604614258
3191	gpt2	3192	1596	17	sign	vp_coord	expected	The managers unwind and sign	0.0007791227544657	0.0007791227544657	10.325861930847168	10.325861930847168
3192	gpt2	3193	1597	17	simplify	vp_coord	unexpected	The managers unwind and simplifies	0.10759636729687826	0.10759636729687826	10.498767495155334	10.498767495155334
3193	gpt2	3194	1597	17	simplify	vp_coord	expected	The managers unwind and simplify	4.930781142320484e-05	4.930781142320484e-05	14.30782413482666	14.30782413482666
3194	gpt2	3195	1598	17	sing	vp_coord	unexpected	The managers unwind and sings	1.129363681684481e-06	1.129363681684481e-06	19.75605773925781	19.75605773925781
3195	gpt2	3196	1598	17	sing	vp_coord	expected	The managers unwind and sing	0.0007230268092826	0.0007230268092826	10.433663368225098	10.433663368225098
3196	gpt2	3197	1599	17	sink	vp_coord	unexpected	The managers unwind and sinks	1.0388955615781017e-06	1.0388955615781017e-06	19.87651824951172	19.87651824951172
3197	gpt2	3198	1599	17	sink	vp_coord	expected	The managers unwind and sink	8.79409271874465e-05	8.79409271874465e-05	13.473105430603027	13.473105430603027
3198	gpt2	3199	1600	17	sit	vp_coord	unexpected	The managers unwind and sits	1.7130527339759283e-05	1.7130527339759283e-05	15.833070755004885	15.833070755004885
3199	gpt2	3200	1600	17	sit	vp_coord	expected	The managers unwind and sit	0.0082301534712314	0.0082301534712314	6.924864768981934	6.924864768981934
3200	gpt2	3201	1601	17	skid	vp_coord	unexpected	The managers unwind and skids	0.0021891807991778	0.0021891807991778	10.561741590499878	10.561741590499878
3201	gpt2	3202	1601	17	skid	vp_coord	expected	The managers unwind and skid	0.06832113674317951	0.06832113674317951	8.063282012939453	8.063282012939453
3202	gpt2	3203	1602	17	skim	vp_coord	unexpected	The managers unwind and skims	0.00604135495086665	0.00604135495086665	9.818572759628296	9.818572759628296
3203	gpt2	3204	1602	17	skim	vp_coord	expected	The managers unwind and skim	4.16145812778268e-05	4.16145812778268e-05	14.55255126953125	14.55255126953125
3204	gpt2	3205	1603	17	skipper	vp_coord	unexpected	The managers unwind and skippers	0.0006242344243219	0.0006242344243219	11.511504173278809	11.511504173278809
3205	gpt2	3206	1603	17	skipper	vp_coord	expected	The managers unwind and skipper	0.0245607420656597	0.0245607420656597	8.802235126495361	8.802235126495361
3206	gpt2	3207	1604	17	skip	vp_coord	unexpected	The managers unwind and skips	0.00734578025003425	0.00734578025003425	9.676457405090332	9.676457405090332
3207	gpt2	3208	1604	17	skip	vp_coord	expected	The managers unwind and skip	0.0001854309812188	0.0001854309812188	12.39682960510254	12.39682960510254
3208	gpt2	3209	1605	17	ski	vp_coord	unexpected	The managers unwind and skis	0.0097828749421751	0.0097828749421751	9.468526124954224	9.468526124954224
3209	gpt2	3210	1605	17	ski	vp_coord	expected	The managers unwind and ski	4.801663453690708e-05	4.801663453690708e-05	14.34610652923584	14.34610652923584
3210	gpt2	3211	1606	17	slack	vp_coord	unexpected	The managers unwind and slacks	0.00032535968057345	0.00032535968057345	11.621750831604004	11.621750831604004
3211	gpt2	3212	1606	17	slack	vp_coord	expected	The managers unwind and slack	2.0807636246900078e-05	2.0807636246900078e-05	15.55252742767334	15.55252742767334
3212	gpt2	3213	1607	17	slam-dunk	vp_coord	unexpected	The managers unwind and slam-dunks	0.0011145121879962555	0.0011145121879962555	11.438005447387695	11.438005447387695
3213	gpt2	3214	1607	17	slam-dunk	vp_coord	expected	The managers unwind and slam-dunk	0.0011145121879962555	0.0011145121879962555	11.438005447387695	11.438005447387695
3214	gpt2	3215	1608	17	slash	vp_coord	unexpected	The managers unwind and slashes	0.00015155799519561328	0.00015155799519561328	13.122287273406982	13.122287273406982
3215	gpt2	3216	1608	17	slash	vp_coord	expected	The managers unwind and slash	5.703701845050091e-06	5.703701845050091e-06	17.41967010498047	17.41967010498047
3216	gpt2	3217	1609	17	sleep	vp_coord	unexpected	The managers unwind and sleeps	4.589491254591849e-06	4.589491254591849e-06	17.733234405517578	17.733234405517578
3217	gpt2	3218	1609	17	sleep	vp_coord	expected	The managers unwind and sleep	0.0034074133727699	0.0034074133727699	8.197107315063477	8.197107315063477
3218	gpt2	3219	1610	17	slide	vp_coord	unexpected	The managers unwind and slides	4.141706995142158e-06	4.141706995142158e-06	17.881343841552734	17.881343841552734
3219	gpt2	3220	1610	17	slide	vp_coord	expected	The managers unwind and slide	0.0002626272616907	0.0002626272616907	11.894695281982422	11.894695281982422
3220	gpt2	3221	1611	17	slip	vp_coord	unexpected	The managers unwind and slips	2.685741492314264e-06	2.685741492314264e-06	18.506248474121094	18.506248474121094
3221	gpt2	3222	1611	17	slip	vp_coord	expected	The managers unwind and slip	0.00043603577069	0.00043603577069	11.1632661819458	11.1632661819458
3222	gpt2	3223	1612	17	slog	vp_coord	unexpected	The managers unwind and slogs	0.00013736488836002167	0.00013736488836002167	13.734655380249023	13.734655380249023
3223	gpt2	3224	1612	17	slog	vp_coord	expected	The managers unwind and slog	2.509344085410703e-05	2.509344085410703e-05	15.282330513000488	15.282330513000488
3224	gpt2	3225	1613	17	slow	vp_coord	unexpected	The managers unwind and slows	6.011290452079265e-07	6.011290452079265e-07	20.665821075439453	20.665821075439453
3225	gpt2	3226	1613	17	slow	vp_coord	expected	The managers unwind and slow	0.0001965817064046	0.0001965817064046	12.312582969665527	12.312582969665527
3226	gpt2	3227	1614	17	slump	vp_coord	unexpected	The managers unwind and slumps	0.0036487444886006	0.0036487444886006	9.547557592391968	9.547557592391968
3227	gpt2	3228	1614	17	slump	vp_coord	expected	The managers unwind and slump	0.0001563559781061	0.0001563559781061	12.642877578735352	12.642877578735352
3228	gpt2	3229	1615	17	smash	vp_coord	unexpected	The managers unwind and smashes	0.0004503334548644459	0.0004503334548644459	12.36783742904663	12.36783742904663
3229	gpt2	3230	1615	17	smash	vp_coord	expected	The managers unwind and smash	3.605895835789852e-05	3.605895835789852e-05	14.759283065795898	14.759283065795898
3230	gpt2	3231	1616	17	smoke	vp_coord	unexpected	The managers unwind and smokes	1.1643070365607857e-06	1.1643070365607857e-06	19.71209716796875	19.71209716796875
3231	gpt2	3232	1616	17	smoke	vp_coord	expected	The managers unwind and smoke	0.0003606269019655	0.0003606269019655	11.43720531463623	11.43720531463623
3232	gpt2	3233	1617	17	smooth	vp_coord	unexpected	The managers unwind and smooths	0.0024534449694328686	0.0024534449694328686	10.62686276435852	10.62686276435852
3233	gpt2	3234	1617	17	smooth	vp_coord	expected	The managers unwind and smooth	8.29058262752369e-05	8.29058262752369e-05	13.55816650390625	13.55816650390625
3234	gpt2	3235	1618	17	smother	vp_coord	unexpected	The managers unwind and smothers	0.1772350303690473	0.1772350303690473	7.3370048602422075	7.3370048602422075
3235	gpt2	3236	1618	17	smother	vp_coord	expected	The managers unwind and smother	0.26040089472917316	0.26040089472917316	7.745961725711822	7.745961725711822
3236	gpt2	3237	1619	17	smuggle	vp_coord	unexpected	The managers unwind and smuggles	7.603137783007043e-05	7.603137783007043e-05	15.117546081542969	15.117546081542969
3237	gpt2	3238	1619	17	smuggle	vp_coord	expected	The managers unwind and smuggle	0.49948681932437466	0.49948681932437466	8.750710312102456	8.750710312102456
3238	gpt2	3239	1620	17	snatch	vp_coord	unexpected	The managers unwind and snatches	0.0018619979673530499	0.0018619979673530499	9.933518886566162	9.933518886566162
3239	gpt2	3240	1620	17	snatch	vp_coord	expected	The managers unwind and snatch	2.6776713639264926e-05	2.6776713639264926e-05	15.188661575317385	15.188661575317385
3240	gpt2	3241	1621	17	sniff	vp_coord	unexpected	The managers unwind and sniffs	0.0006476755079347	0.0006476755079347	10.827790260314941	10.827790260314941
3241	gpt2	3242	1621	17	sniff	vp_coord	expected	The managers unwind and sniff	2.157585731765721e-05	2.157585731765721e-05	15.500222206115724	15.500222206115724
3242	gpt2	3243	1622	17	soak	vp_coord	unexpected	The managers unwind and soaks	0.0009903495665639	0.0009903495665639	10.068954944610596	10.068954944610596
3243	gpt2	3244	1622	17	soak	vp_coord	expected	The managers unwind and soak	0.0001203349602292	0.0001203349602292	13.02065658569336	13.02065658569336
3244	gpt2	3245	1623	17	soar	vp_coord	unexpected	The managers unwind and soars	0.00039108108467185	0.00039108108467185	11.74789047241211	11.74789047241211
3245	gpt2	3246	1623	17	soar	vp_coord	expected	The managers unwind and soar	3.4585198136483086e-06	3.4585198136483086e-06	18.141414642333984	18.141414642333984
3246	gpt2	3247	1624	17	sob	vp_coord	unexpected	The managers unwind and sobs	0.00143340555950995	0.00143340555950995	9.70023488998413	9.70023488998413
3247	gpt2	3248	1624	17	sob	vp_coord	expected	The managers unwind and sob	3.640282011474483e-05	3.640282011474483e-05	14.745590209960938	14.745590209960938
3248	gpt2	3249	1625	17	socialize	vp_coord	unexpected	The managers unwind and socializes	0.00128951342776415	0.00128951342776415	10.598969459533691	10.598969459533691
3249	gpt2	3250	1625	17	socialize	vp_coord	expected	The managers unwind and socialize	0.39147333544678986	0.39147333544678986	6.426142141222954	6.426142141222954
3250	gpt2	3251	1626	17	sock	vp_coord	unexpected	The managers unwind and socks	5.200019586482085e-06	5.200019586482085e-06	17.553050994873047	17.553050994873047
3251	gpt2	3252	1626	17	sock	vp_coord	expected	The managers unwind and sock	1.095231345971115e-05	1.095231345971115e-05	16.478404998779297	16.478404998779297
3252	gpt2	3253	1627	17	soften	vp_coord	unexpected	The managers unwind and softens	0.08814147137672985	0.08814147137672985	8.670323252677917	8.670323252677917
3253	gpt2	3254	1627	17	soften	vp_coord	expected	The managers unwind and soften	2.884449713747017e-05	2.884449713747017e-05	15.081344604492188	15.081344604492188
3254	gpt2	3255	1628	17	solicit	vp_coord	unexpected	The managers unwind and solicits	0.24258450725801595	0.24258450725801595	9.981116831302645	9.981116831302645
3255	gpt2	3256	1628	17	solicit	vp_coord	expected	The managers unwind and solicit	1.4004161130287685e-05	1.4004161130287685e-05	16.1237850189209	16.1237850189209
3256	gpt2	3257	1629	17	solidify	vp_coord	unexpected	The managers unwind and solidifies	0.002075704620438023	0.002075704620438023	11.678770780563354	11.678770780563354
3257	gpt2	3258	1629	17	solidify	vp_coord	expected	The managers unwind and solidify	0.46505183178487647	0.46505183178487647	7.771038640290499	7.771038640290499
3258	gpt2	3259	1630	17	solve	vp_coord	unexpected	The managers unwind and solves	2.483988623680489e-07	2.483988623680489e-07	21.940837860107425	21.940837860107425
3259	gpt2	3260	1630	17	solve	vp_coord	expected	The managers unwind and solve	7.48135062167421e-05	7.48135062167421e-05	13.706341743469238	13.706341743469238
3260	gpt2	3261	1631	17	soothe	vp_coord	unexpected	The managers unwind and soothes	0.0006056098500266	0.0006056098500266	10.693683624267578	10.693683624267578
3261	gpt2	3262	1631	17	soothe	vp_coord	expected	The managers unwind and soothe	0.0070681567303836	0.0070681567303836	8.39705228805542	8.39705228805542
3262	gpt2	3263	1632	17	sort	vp_coord	unexpected	The managers unwind and sorts	1.865582999016624e-05	1.865582999016624e-05	15.710013389587402	15.710013389587402
3263	gpt2	3264	1632	17	sort	vp_coord	expected	The managers unwind and sort	0.0003145011723972	0.0003145011723972	11.634647369384766	11.634647369384766
3264	gpt2	3265	1633	17	sound	vp_coord	unexpected	The managers unwind and sounds	1.5661727275073645e-06	1.5661727275073645e-06	19.284324645996094	19.284324645996094
3265	gpt2	3266	1633	17	sound	vp_coord	expected	The managers unwind and sound	8.728319517103955e-05	8.728319517103955e-05	13.483936309814451	13.483936309814451
3266	gpt2	3267	1634	17	sour	vp_coord	unexpected	The managers unwind and sours	0.00024740729986656837	0.00024740729986656837	13.459082126617432	13.459082126617432
3267	gpt2	3268	1634	17	sour	vp_coord	expected	The managers unwind and sour	5.916629561397713e-06	5.916629561397713e-06	17.366792678833008	17.366792678833008
3268	gpt2	3269	1635	17	sow	vp_coord	unexpected	The managers unwind and sows	0.00027554632833921963	0.00027554632833921963	12.388067722320557	12.388067722320557
3269	gpt2	3270	1635	17	sow	vp_coord	expected	The managers unwind and sow	7.002731763350312e-06	7.002731763350312e-06	17.1236515045166	17.1236515045166
3270	gpt2	3271	1636	17	spare	vp_coord	unexpected	The managers unwind and spares	0.0003797372919507	0.0003797372919507	11.474137783050537	11.474137783050537
3271	gpt2	3272	1636	17	spare	vp_coord	expected	The managers unwind and spare	5.790144496131688e-05	5.790144496131688e-05	14.076041221618652	14.076041221618652
3272	gpt2	3273	1637	17	spark	vp_coord	unexpected	The managers unwind and sparks	9.29686194695023e-08	9.29686194695023e-08	23.358680725097656	23.358680725097656
3273	gpt2	3274	1637	17	spark	vp_coord	expected	The managers unwind and spark	2.1336207282729447e-05	2.1336207282729447e-05	15.51633644104004	15.51633644104004
3274	gpt2	3275	1638	17	spawn	vp_coord	unexpected	The managers unwind and spawns	3.0972358899816754e-08	3.0972358899816754e-08	24.94444274902344	24.94444274902344
3275	gpt2	3276	1638	17	spawn	vp_coord	expected	The managers unwind and spawn	1.1218371582799593e-05	1.1218371582799593e-05	16.443777084350586	16.443777084350586
3276	gpt2	3277	1639	17	speak	vp_coord	unexpected	The managers unwind and speaks	3.545347681210842e-06	3.545347681210842e-06	18.105642318725582	18.105642318725582
3277	gpt2	3278	1639	17	speak	vp_coord	expected	The managers unwind and speak	0.0013023981591686	0.0013023981591686	9.584613800048828	9.584613800048828
3278	gpt2	3279	1640	17	specialize	vp_coord	unexpected	The managers unwind and specializes	1.8192949369222333e-07	1.8192949369222333e-07	22.390117645263672	22.390117645263672
3279	gpt2	3280	1640	17	specialize	vp_coord	expected	The managers unwind and specialize	4.930872819386423e-06	4.930872819386423e-06	17.62972640991211	17.62972640991211
3280	gpt2	3281	1641	17	specify	vp_coord	unexpected	The managers unwind and specifies	1.44569568760744e-07	1.44569568760744e-07	22.72173309326172	22.72173309326172
3281	gpt2	3282	1641	17	specify	vp_coord	expected	The managers unwind and specify	1.729230280034244e-05	1.729230280034244e-05	15.819510459899902	15.819510459899902
3282	gpt2	3283	1642	17	speculate	vp_coord	unexpected	The managers unwind and speculates	0.0808983831889236	0.0808983831889236	10.19423520565033	10.19423520565033
3283	gpt2	3284	1642	17	speculate	vp_coord	expected	The managers unwind and speculate	3.4152439184254035e-05	3.4152439184254035e-05	14.837652206420898	14.837652206420898
3284	gpt2	3285	1643	17	speed	vp_coord	unexpected	The managers unwind and speeds	3.044969389520702e-06	3.044969389520702e-06	18.32513999938965	18.32513999938965
3285	gpt2	3286	1643	17	speed	vp_coord	expected	The managers unwind and speed	0.0001119046719395	0.0001119046719395	13.125442504882812	13.125442504882812
3286	gpt2	3287	1644	17	spell	vp_coord	unexpected	The managers unwind and spells	2.146723090845626e-06	2.146723090845626e-06	18.82943153381348	18.82943153381348
3287	gpt2	3288	1644	17	spell	vp_coord	expected	The managers unwind and spell	3.122357156826183e-05	3.122357156826183e-05	14.967004776000977	14.967004776000977
3288	gpt2	3289	1645	17	spend	vp_coord	unexpected	The managers unwind and spends	6.247585588425864e-06	6.247585588425864e-06	17.28826904296875	17.28826904296875
3289	gpt2	3290	1645	17	spend	vp_coord	expected	The managers unwind and spend	0.0030086382757872	0.0030086382757872	8.376673698425293	8.376673698425293
3290	gpt2	3291	1646	17	spill	vp_coord	unexpected	The managers unwind and spills	2.083947947539855e-06	2.083947947539855e-06	18.872249603271484	18.872249603271484
3291	gpt2	3292	1646	17	spill	vp_coord	expected	The managers unwind and spill	0.0001530699519207	0.0001530699519207	12.673521041870115	12.673521041870115
3292	gpt2	3293	1647	17	spin	vp_coord	unexpected	The managers unwind and spins	9.90413923318556e-07	9.90413923318556e-07	19.945465087890625	19.945465087890625
3293	gpt2	3294	1647	17	spin	vp_coord	expected	The managers unwind and spin	0.0005162589950487	0.0005162589950487	10.919617652893066	10.919617652893066
3294	gpt2	3295	1648	17	split	vp_coord	unexpected	The managers unwind and splits	1.1277965086264885e-06	1.1277965086264885e-06	19.7580623626709	19.7580623626709
3295	gpt2	3296	1648	17	split	vp_coord	expected	The managers unwind and split	0.0001632208150113	0.0001632208150113	12.580886840820312	12.580886840820312
3296	gpt2	3297	1649	17	sponsor	vp_coord	unexpected	The managers unwind and sponsors	5.216567160459817e-07	5.216567160459817e-07	20.87039566040039	20.87039566040039
3297	gpt2	3298	1649	17	sponsor	vp_coord	expected	The managers unwind and sponsor	1.0580577509244904e-05	1.0580577509244904e-05	16.528221130371094	16.528221130371094
3298	gpt2	3299	1650	17	spotlight	vp_coord	unexpected	The managers unwind and spotlights	0.0006848185366834156	0.0006848185366834156	11.90070629119873	11.90070629119873
3299	gpt2	3300	1650	17	spotlight	vp_coord	expected	The managers unwind and spotlight	1.7698926058073994e-06	1.7698926058073994e-06	19.10790634155273	19.10790634155273
3300	gpt2	3301	1651	17	spot	vp_coord	unexpected	The managers unwind and spots	9.100760962610366e-07	9.100760962610366e-07	20.06750869750977	20.06750869750977
3301	gpt2	3302	1651	17	spot	vp_coord	expected	The managers unwind and spot	5.1908064051531255e-05	5.1908064051531255e-05	14.233681678771973	14.233681678771973
3302	gpt2	3303	1652	17	spread	vp_coord	unexpected	The managers unwind and spreads	8.216836135943595e-07	8.216836135943595e-07	20.21491432189941	20.21491432189941
3303	gpt2	3304	1652	17	spread	vp_coord	expected	The managers unwind and spread	0.0001282817247556	0.0001282817247556	12.928397178649902	12.928397178649902
3304	gpt2	3305	1653	17	spring	vp_coord	unexpected	The managers unwind and springs	4.53036506087301e-07	4.53036506087301e-07	21.073869705200195	21.073869705200195
3305	gpt2	3306	1653	17	spring	vp_coord	expected	The managers unwind and spring	0.0001335874258074	0.0001335874258074	12.869928359985352	12.869928359985352
3306	gpt2	3307	1654	17	sprout	vp_coord	unexpected	The managers unwind and sprouts	0.005673367177223528	0.005673367177223528	11.445738315582275	11.445738315582275
3307	gpt2	3308	1654	17	sprout	vp_coord	expected	The managers unwind and sprout	0.3902846045057231	0.3902846045057231	8.392938911914825	8.392938911914825
3308	gpt2	3309	1655	17	spruce	vp_coord	unexpected	The managers unwind and spruces	0.014539898179161001	0.014539898179161001	8.312695026397705	8.312695026397705
3309	gpt2	3310	1655	17	spruce	vp_coord	expected	The managers unwind and spruce	0.02539626910584045	0.02539626910584045	8.17722225189209	8.17722225189209
3310	gpt2	3311	1656	17	spurn	vp_coord	unexpected	The managers unwind and spurns	0.014111862401477967	0.014111862401477967	7.922531445821126	7.922531445821126
3311	gpt2	3312	1656	17	spurn	vp_coord	expected	The managers unwind and spurn	0.01669426105218005	0.01669426105218005	8.481612205505371	8.481612205505371
3312	gpt2	3313	1657	17	spur	vp_coord	unexpected	The managers unwind and spurs	0.0003074377018492	0.0003074377018492	11.707374095916748	11.707374095916748
3313	gpt2	3314	1657	17	spur	vp_coord	expected	The managers unwind and spur	5.464562036650023e-06	5.464562036650023e-06	17.481462478637695	17.481462478637695
3314	gpt2	3315	1658	17	spy	vp_coord	unexpected	The managers unwind and spies	1.5862793816268097e-06	1.5862793816268097e-06	19.26592254638672	19.26592254638672
3315	gpt2	3316	1658	17	spy	vp_coord	expected	The managers unwind and spy	1.8434826415614225e-05	1.8434826415614225e-05	15.727206230163574	15.727206230163574
3316	gpt2	3317	1659	17	square	vp_coord	unexpected	The managers unwind and squares	1.1859129926961032e-06	1.1859129926961032e-06	19.685569763183597	19.685569763183597
3317	gpt2	3318	1659	17	square	vp_coord	expected	The managers unwind and square	2.7789048544946127e-05	2.7789048544946127e-05	15.135124206542969	15.135124206542969
3318	gpt2	3319	1660	17	squeeze	vp_coord	unexpected	The managers unwind and squeezes	0.29426610467749015	0.29426610467749015	8.972326874732971	8.972326874732971
3319	gpt2	3320	1660	17	squeeze	vp_coord	expected	The managers unwind and squeeze	0.0002545043535064	0.0002545043535064	11.940022468566896	11.940022468566896
3320	gpt2	3321	1661	18	stabilize	vp_coord	unexpected	The senators understand and stabilizes	0.026581745571746716	0.026581745571746716	13.739597320556639	13.739597320556639
3321	gpt2	3322	1661	18	stabilize	vp_coord	expected	The senators understand and stabilize	1.5832119970582428e-07	1.5832119970582428e-07	22.59064292907715	22.59064292907715
3322	gpt2	3323	1662	18	stack	vp_coord	unexpected	The senators understand and stacks	9.015288515712427e-10	9.015288515712427e-10	30.04690742492676	30.04690742492676
3323	gpt2	3324	1662	18	stack	vp_coord	expected	The senators understand and stack	1.3241560736787505e-07	1.3241560736787505e-07	22.84842300415039	22.84842300415039
3324	gpt2	3325	1663	18	staff	vp_coord	unexpected	The senators understand and staffs	0.009583747819988242	0.009583747819988242	11.469812393188477	11.469812393188477
3325	gpt2	3326	1663	18	staff	vp_coord	expected	The senators understand and staff	6.487341579486383e-06	6.487341579486383e-06	17.23394203186035	17.23394203186035
3326	gpt2	3327	1664	18	stage	vp_coord	unexpected	The senators understand and stages	1.763056189929557e-08	1.763056189929557e-08	25.757347106933597	25.757347106933597
3327	gpt2	3328	1664	18	stage	vp_coord	expected	The senators understand and stage	2.0865302019501547e-07	2.0865302019501547e-07	22.19239044189453	22.19239044189453
3328	gpt2	3329	1665	18	stain	vp_coord	unexpected	The senators understand and stains	3.295780037770868e-10	3.295780037770868e-10	31.49866104125977	31.49866104125977
3329	gpt2	3330	1665	18	stain	vp_coord	expected	The senators understand and stain	1.7373256611108445e-08	1.7373256611108445e-08	25.77855682373047	25.77855682373047
3330	gpt2	3331	1666	18	stall	vp_coord	unexpected	The senators understand and stalls	1.6137222669243554e-09	1.6137222669243554e-09	29.206960678100582	29.206960678100582
3331	gpt2	3332	1666	18	stall	vp_coord	expected	The senators understand and stall	2.2476832839402053e-08	2.2476832839402053e-08	25.406986236572266	25.406986236572266
3332	gpt2	3333	1667	18	stampede	vp_coord	unexpected	The senators understand and stampedes	0.006870624131238376	0.006870624131238376	15.30059289932251	15.30059289932251
3333	gpt2	3334	1667	18	stampede	vp_coord	expected	The senators understand and stampede	0.21315193920088402	0.21315193920088402	12.8229421377182	12.8229421377182
3334	gpt2	3335	1668	18	stamp	vp_coord	unexpected	The senators understand and stamps	1.27406851735401e-09	1.27406851735401e-09	29.547910690307617	29.547910690307617
3335	gpt2	3336	1668	18	stamp	vp_coord	expected	The senators understand and stamp	2.777712211354811e-07	2.777712211354811e-07	21.779600143432617	21.779600143432617
3336	gpt2	3337	1669	18	stanch	vp_coord	unexpected	The senators understand and stanches	4.081639303876727e-06	4.081639303876727e-06	18.227298736572266	18.227298736572266
3337	gpt2	3338	1669	18	stanch	vp_coord	expected	The senators understand and stanch	0.0006263449437255916	0.0006263449437255916	14.437417030334473	14.437417030334473
3338	gpt2	3339	1670	18	standardize	vp_coord	unexpected	The senators understand and standardizes	0.012603497473321562	0.012603497473321562	12.491424560546875	12.491424560546875
3339	gpt2	3340	1670	18	standardize	vp_coord	expected	The senators understand and standardize	0.25653705221208156	0.25653705221208156	10.31775638461113	10.31775638461113
3340	gpt2	3341	1671	18	stand	vp_coord	unexpected	The senators understand and stands	1.497292828389618e-06	1.497292828389618e-06	19.34921264648437	19.34921264648437
3341	gpt2	3342	1671	18	stand	vp_coord	expected	The senators understand and stand	0.0014546478632837	0.0014546478632837	9.425114631652832	9.425114631652832
3342	gpt2	3343	1672	18	start	vp_coord	unexpected	The senators understand and starts	1.9258337147221027e-08	1.9258337147221027e-08	25.629941940307617	25.629941940307617
3343	gpt2	3344	1672	18	start	vp_coord	expected	The senators understand and start	6.741188826708822e-06	6.741188826708822e-06	17.178565979003906	17.178565979003906
3344	gpt2	3345	1673	18	star	vp_coord	unexpected	The senators understand and stars	1.1611998473881613e-08	1.1611998473881613e-08	26.35980796813965	26.35980796813965
3345	gpt2	3346	1673	18	star	vp_coord	expected	The senators understand and star	2.669873424565594e-07	2.669873424565594e-07	21.83672523498535	21.83672523498535
3346	gpt2	3347	1674	18	starve	vp_coord	unexpected	The senators understand and starves	0.03474432540846803	0.03474432540846803	12.841904759407043	12.841904759407043
3347	gpt2	3348	1674	18	starve	vp_coord	expected	The senators understand and starve	1.3794686504198241e-09	1.3794686504198241e-09	29.43324089050293	29.43324089050293
3348	gpt2	3349	1675	18	stash	vp_coord	unexpected	The senators understand and stashes	3.3994421073657577e-06	3.3994421073657577e-06	18.396095275878906	18.396095275878906
3349	gpt2	3350	1675	18	stash	vp_coord	expected	The senators understand and stash	1.1496871898941665e-08	1.1496871898941665e-08	26.37418365478516	26.37418365478516
3350	gpt2	3351	1676	18	state	vp_coord	unexpected	The senators understand and states	1.9585675090638688e-06	1.9585675090638688e-06	18.961769104003903	18.961769104003903
3351	gpt2	3352	1676	18	state	vp_coord	expected	The senators understand and state	2.057257734122686e-05	2.057257734122686e-05	15.568918228149414	15.568918228149414
3352	gpt2	3353	1677	18	stave	vp_coord	unexpected	The senators understand and staves	0.0013194800236532916	0.0013194800236532916	13.899455547332764	13.899455547332764
3353	gpt2	3354	1677	18	stave	vp_coord	expected	The senators understand and stave	0.10476836540021849	0.10476836540021849	10.7434720993042	10.7434720993042
3354	gpt2	3355	1678	18	stay	vp_coord	unexpected	The senators understand and stays	1.3051339564640331e-08	1.3051339564640331e-08	26.19122695922852	26.19122695922852
3355	gpt2	3356	1678	18	stay	vp_coord	expected	The senators understand and stay	2.63046968029812e-05	2.63046968029812e-05	15.214320182800291	15.214320182800291
3356	gpt2	3357	1679	18	steal	vp_coord	unexpected	The senators understand and steals	5.873749264750926e-10	5.873749264750926e-10	30.66499900817871	30.66499900817871
3357	gpt2	3358	1679	18	steal	vp_coord	expected	The senators understand and steal	3.5320999813848175e-07	3.5320999813848175e-07	21.43297004699707	21.43297004699707
3358	gpt2	3359	1680	18	steer	vp_coord	unexpected	The senators understand and steers	0.44732664658045707	0.44732664658045707	12.518834464251995	12.518834464251995
3359	gpt2	3360	1680	18	steer	vp_coord	expected	The senators understand and steer	1.0289477359037846e-06	1.0289477359037846e-06	19.89039802551269	19.89039802551269
3360	gpt2	3361	1681	18	stem	vp_coord	unexpected	The senators understand and stems	3.742169951692631e-08	3.742169951692631e-08	24.67154884338379	24.67154884338379
3361	gpt2	3362	1681	18	stem	vp_coord	expected	The senators understand and stem	5.50352751815808e-07	5.50352751815808e-07	20.793140411376957	20.793140411376957
3362	gpt2	3363	1682	18	step	vp_coord	unexpected	The senators understand and steps	4.828250439459225e-07	4.828250439459225e-07	20.981996536254883	20.981996536254883
3363	gpt2	3364	1682	18	step	vp_coord	expected	The senators understand and step	3.640972863649949e-05	3.640972863649949e-05	14.745316505432127	14.745316505432127
3364	gpt2	3365	1683	18	sterilize	vp_coord	unexpected	The senators understand and sterilizes	0.0040982329312952495	0.0040982329312952495	17.275352001190186	17.275352001190186
3365	gpt2	3366	1683	18	sterilize	vp_coord	expected	The senators understand and sterilize	0.4678063416879865	0.4678063416879865	13.85796869173646	13.85796869173646
3366	gpt2	3367	1684	18	stick	vp_coord	unexpected	The senators understand and sticks	2.452527780860692e-08	2.452527780860692e-08	25.28115463256836	25.28115463256836
3367	gpt2	3368	1684	18	stick	vp_coord	expected	The senators understand and stick	5.121153662912548e-06	5.121153662912548e-06	17.57509994506836	17.57509994506836
3368	gpt2	3369	1685	18	stifle	vp_coord	unexpected	The senators understand and stifles	9.890674539289165e-05	9.890674539289165e-05	15.7738356590271	15.7738356590271
3369	gpt2	3370	1685	18	stifle	vp_coord	expected	The senators understand and stifle	0.05699585728564214	0.05699585728564214	11.182613968849182	11.182613968849182
3370	gpt2	3371	1686	18	stimulate	vp_coord	unexpected	The senators understand and stimulates	2.6706246103458398e-09	2.6706246103458398e-09	28.480175018310547	28.480175018310547
3371	gpt2	3372	1686	18	stimulate	vp_coord	expected	The senators understand and stimulate	4.958083081874065e-07	4.958083081874065e-07	20.943714141845703	20.943714141845703
3372	gpt2	3373	1687	18	stipulate	vp_coord	unexpected	The senators understand and stipulates	0.0015353832952768964	0.0015353832952768964	13.652704238891602	13.652704238891602
3373	gpt2	3374	1687	18	stipulate	vp_coord	expected	The senators understand and stipulate	0.42800843600184635	0.42800843600184635	9.590796172618866	9.590796172618866
3374	gpt2	3375	1688	18	stir	vp_coord	unexpected	The senators understand and stirs	0.008447192838335822	0.008447192838335822	14.815041780471804	14.815041780471804
3375	gpt2	3376	1688	18	stir	vp_coord	expected	The senators understand and stir	7.123856704538413e-08	7.123856704538413e-08	23.742765426635746	23.742765426635746
3376	gpt2	3377	1689	18	stockpile	vp_coord	unexpected	The senators understand and stockpiles	0.05253230538637773	0.05253230538637773	14.253003716468811	14.253003716468811
3377	gpt2	3378	1689	18	stockpile	vp_coord	expected	The senators understand and stockpile	5.1527763389458414e-08	5.1527763389458414e-08	24.21007537841797	24.21007537841797
3378	gpt2	3379	1690	18	stock	vp_coord	unexpected	The senators understand and stocks	2.1788284954027404e-08	2.1788284954027404e-08	25.45187187194824	25.45187187194824
3379	gpt2	3380	1690	18	stock	vp_coord	expected	The senators understand and stock	1.0777686156870914e-06	1.0777686156870914e-06	19.82352066040039	19.82352066040039
3380	gpt2	3381	1691	18	stomach	vp_coord	unexpected	The senators understand and stomaches	0.014255535796488994	0.014255535796488994	10.620411237080893	10.620411237080893
3381	gpt2	3382	1691	18	stomach	vp_coord	expected	The senators understand and stomach	7.723623639321886e-06	7.723623639321886e-06	16.982290267944336	16.982290267944336
3382	gpt2	3383	1692	18	stop	vp_coord	unexpected	The senators understand and stops	3.333245013337205e-09	3.333245013337205e-09	28.160425186157227	28.160425186157227
3383	gpt2	3384	1692	18	stop	vp_coord	expected	The senators understand and stop	3.970870238845237e-06	3.970870238845237e-06	17.942113876342773	17.942113876342773
3384	gpt2	3385	1693	18	store	vp_coord	unexpected	The senators understand and stores	6.119933892989593e-09	6.119933892989593e-09	27.283836364746094	27.283836364746094
3385	gpt2	3386	1693	18	store	vp_coord	expected	The senators understand and store	6.944171673239907e-07	6.944171673239907e-07	20.457693099975582	20.457693099975582
3386	gpt2	3387	1694	18	strafe	vp_coord	unexpected	The senators understand and strafes	0.07191698799672518	0.07191698799672518	12.274370988210043	12.274370988210043
3387	gpt2	3388	1694	18	strafe	vp_coord	expected	The senators understand and strafe	0.028780671583753716	0.028780671583753716	15.816076755523682	15.816076755523682
3388	gpt2	3389	1695	18	straighten	vp_coord	unexpected	The senators understand and straightens	0.00031930497061693	0.00031930497061693	14.041835308074951	14.041835308074951
3389	gpt2	3390	1695	18	straighten	vp_coord	expected	The senators understand and straighten	0.02476244350691558	0.02476244350691558	10.89707899093628	10.89707899093628
3390	gpt2	3391	1696	18	strain	vp_coord	unexpected	The senators understand and strains	1.3864232073501628e-07	1.3864232073501628e-07	22.782129287719727	22.782129287719727
3391	gpt2	3392	1696	18	strain	vp_coord	expected	The senators understand and strain	3.965554640217306e-07	3.965554640217306e-07	21.265974044799805	21.265974044799805
3392	gpt2	3393	1697	18	stray	vp_coord	unexpected	The senators understand and strays	0.00043142447979958555	0.00043142447979958555	16.400486946105957	16.400486946105957
3393	gpt2	3394	1697	18	stray	vp_coord	expected	The senators understand and stray	4.129191211177386e-07	4.129191211177386e-07	21.207637786865234	21.207637786865234
3394	gpt2	3395	1698	18	streamline	vp_coord	unexpected	The senators understand and streamlines	0.0193882348213776	0.0193882348213776	12.36345386505127	12.36345386505127
3395	gpt2	3396	1698	18	streamline	vp_coord	expected	The senators understand and streamline	0.3535582000587567	0.3535582000587567	10.26909039914608	10.26909039914608
3396	gpt2	3397	1699	18	streetspeak	vp_coord	unexpected	The senators understand and streetspeaks	0.011757549934016455	0.011757549934016455	14.171847343444824	14.171847343444824
3397	gpt2	3398	1699	18	streetspeak	vp_coord	expected	The senators understand and streetspeak	3.381150228243257e-05	3.381150228243257e-05	19.417114734649658	19.417114734649658
3398	gpt2	3399	1700	18	strengthen	vp_coord	unexpected	The senators understand and strengthens	7.454013228880285e-08	7.454013228880285e-08	23.67740821838379	23.67740821838379
3399	gpt2	3400	1700	18	strengthen	vp_coord	expected	The senators understand and strengthen	2.481450792402029e-05	2.481450792402029e-05	15.298456192016602	15.298456192016602
3400	gpt2	3401	1701	18	stress	vp_coord	unexpected	The senators understand and stresses	2.390813733654795e-07	2.390813733654795e-07	21.995994567871094	21.995994567871094
3401	gpt2	3402	1701	18	stress	vp_coord	expected	The senators understand and stress	5.8959216403309256e-05	5.8959216403309256e-05	14.049922943115234	14.049922943115234
3402	gpt2	3403	1702	18	stretch	vp_coord	unexpected	The senators understand and stretches	4.5018273553409935e-09	4.5018273553409935e-09	27.726842880249023	27.726842880249023
3403	gpt2	3404	1702	18	stretch	vp_coord	expected	The senators understand and stretch	3.7216008763607533e-07	3.7216008763607533e-07	21.357572555541992	21.357572555541992
3404	gpt2	3405	1703	18	strike	vp_coord	unexpected	The senators understand and strikes	2.471318927277366e-09	2.471318927277366e-09	28.592071533203125	28.592071533203125
3405	gpt2	3406	1703	18	strike	vp_coord	expected	The senators understand and strike	1.7598595150047911e-06	1.7598595150047911e-06	19.116107940673828	19.116107940673828
3406	gpt2	3407	1704	18	strip	vp_coord	unexpected	The senators understand and strips	1.7817904929273711e-09	1.7817904929273711e-09	29.06402587890625	29.06402587890625
3407	gpt2	3408	1704	18	strip	vp_coord	expected	The senators understand and strip	1.947696119941611e-07	1.947696119941611e-07	22.29172706604004	22.29172706604004
3408	gpt2	3409	1705	18	stroll	vp_coord	unexpected	The senators understand and strolls	0.0026460753989767556	0.0026460753989767556	17.672244787216187	17.672244787216187
3409	gpt2	3410	1705	18	stroll	vp_coord	expected	The senators understand and stroll	4.331281111547014e-09	4.331281111547014e-09	27.78255844116211	27.78255844116211
3410	gpt2	3411	1706	18	structure	vp_coord	unexpected	The senators understand and structures	5.830758453839736e-08	5.830758453839736e-08	24.031740188598636	24.031740188598636
3411	gpt2	3412	1706	18	structure	vp_coord	expected	The senators understand and structure	6.060789701223257e-07	6.060789701223257e-07	20.65399169921875	20.65399169921875
3412	gpt2	3413	1707	18	struggle	vp_coord	unexpected	The senators understand and struggles	5.9293611798239e-08	5.9293611798239e-08	24.00754737854004	24.00754737854004
3413	gpt2	3414	1707	18	struggle	vp_coord	expected	The senators understand and struggle	2.3853684979258105e-05	2.3853684979258105e-05	15.355428695678713	15.355428695678713
3414	gpt2	3415	1708	18	study	vp_coord	unexpected	The senators understand and studies	4.578275820676936e-07	4.578275820676936e-07	21.058692932128903	21.058692932128903
3415	gpt2	3416	1708	18	study	vp_coord	expected	The senators understand and study	3.07331356452778e-05	3.07331356452778e-05	14.989845275878906	14.989845275878906
3416	gpt2	3417	1709	18	stumble	vp_coord	unexpected	The senators understand and stumbles	0.0021080053526247415	0.0021080053526247415	13.56133484840393	13.56133484840393
3417	gpt2	3418	1709	18	stumble	vp_coord	expected	The senators understand and stumble	1.3859578018582397e-07	1.3859578018582397e-07	22.78261375427246	22.78261375427246
3418	gpt2	3419	1710	18	subcontract	vp_coord	unexpected	The senators understand and subcontracts	0.03218077199742274	0.03218077199742274	14.442679882049559	14.442679882049559
3419	gpt2	3420	1710	18	subcontract	vp_coord	expected	The senators understand and subcontract	3.13338652802031e-08	3.13338652802031e-08	24.92770195007324	24.92770195007324
3420	gpt2	3421	1711	18	subject	vp_coord	unexpected	The senators understand and subjects	3.382058721967951e-08	3.382058721967951e-08	24.817522048950195	24.817522048950195
3421	gpt2	3422	1711	18	subject	vp_coord	expected	The senators understand and subject	6.90789966029115e-06	6.90789966029115e-06	17.143321990966797	17.143321990966797
3422	gpt2	3423	1712	18	sublet	vp_coord	unexpected	The senators understand and sublets	7.686560320505508e-05	7.686560320505508e-05	15.033206939697266	15.033206939697266
3423	gpt2	3424	1712	18	sublet	vp_coord	expected	The senators understand and sublet	0.011047032400256255	0.011047032400256255	11.421028852462769	11.421028852462769
3424	gpt2	3425	1713	18	submit	vp_coord	unexpected	The senators understand and submits	0.11604712225425826	0.11604712225425826	9.724360823631287	9.724360823631287
3425	gpt2	3426	1713	18	submit	vp_coord	expected	The senators understand and submit	7.484712114091963e-05	7.484712114091963e-05	13.705693244934082	13.705693244934082
3426	gpt2	3427	1714	18	subordinate	vp_coord	unexpected	The senators understand and subordinates	1.3717397884249749e-08	1.3717397884249749e-08	26.11941719055176	26.11941719055176
3427	gpt2	3428	1714	18	subordinate	vp_coord	expected	The senators understand and subordinate	9.041442581292358e-07	9.041442581292358e-07	20.07694435119629	20.07694435119629
3428	gpt2	3429	1715	18	subpoena	vp_coord	unexpected	The senators understand and subpoenas	0.025132988798397954	0.025132988798397954	14.91217565536499	14.91217565536499
3429	gpt2	3430	1715	18	subpoena	vp_coord	expected	The senators understand and subpoena	1.596566931993948e-07	1.596566931993948e-07	22.578523635864254	22.578523635864254
3430	gpt2	3431	1716	18	subscribe	vp_coord	unexpected	The senators understand and subscribes	0.45005324027670923	0.45005324027670923	11.63322925567627	11.63322925567627
3431	gpt2	3432	1716	18	subscribe	vp_coord	expected	The senators understand and subscribe	7.042187644401565e-05	7.042187644401565e-05	13.79361629486084	13.79361629486084
3432	gpt2	3433	1717	18	subsidize	vp_coord	unexpected	The senators understand and subsidizes	0.003859165521646439	0.003859165521646439	13.398147106170654	13.398147106170654
3433	gpt2	3434	1717	18	subsidize	vp_coord	expected	The senators understand and subsidize	0.48608465951525665	0.48608465951525665	9.909656655043364	9.909656655043364
3434	gpt2	3435	1718	18	substantiate	vp_coord	unexpected	The senators understand and substantiates	0.0013679990829586967	0.0013679990829586967	13.728162765502928	13.728162765502928
3435	gpt2	3436	1718	18	substantiate	vp_coord	expected	The senators understand and substantiate	0.38506732353062034	0.38506732353062034	9.65919095277786	9.65919095277786
3436	gpt2	3437	1719	18	substitute	vp_coord	unexpected	The senators understand and substitutes	2.2725554771341194e-09	2.2725554771341194e-09	28.713037490844727	28.713037490844727
3437	gpt2	3438	1719	18	substitute	vp_coord	expected	The senators understand and substitute	4.78344475141057e-07	4.78344475141057e-07	20.99544715881348	20.99544715881348
3438	gpt2	3439	1720	18	subtract	vp_coord	unexpected	The senators understand and subtracts	0.012814685510736713	0.012814685510736713	14.204230308532715	14.204230308532715
3439	gpt2	3440	1720	18	subtract	vp_coord	expected	The senators understand and subtract	1.0951288942351313e-07	1.0951288942351313e-07	23.12239646911621	23.12239646911621
3440	gpt2	3441	1721	18	subvert	vp_coord	unexpected	The senators understand and subverts	0.001332168205863105	0.001332168205863105	12.94836950302124	12.94836950302124
3441	gpt2	3442	1721	18	subvert	vp_coord	expected	The senators understand and subvert	0.030471532344108706	0.030471532344108706	10.68900179862976	10.68900179862976
3442	gpt2	3443	1722	18	succeed	vp_coord	unexpected	The senators understand and succeeds	1.807166860601228e-08	1.807166860601228e-08	25.721694946289062	25.721694946289062
3443	gpt2	3444	1722	18	succeed	vp_coord	expected	The senators understand and succeed	5.589665306615643e-06	5.589665306615643e-06	17.448806762695312	17.448806762695312
3444	gpt2	3445	1723	18	sue	vp_coord	unexpected	The senators understand and sues	0.056757163864432414	0.056757163864432414	11.934609413146973	11.934609413146973
3445	gpt2	3446	1723	18	sue	vp_coord	expected	The senators understand and sue	4.87935324144928e-07	4.87935324144928e-07	20.966806411743164	20.966806411743164
3446	gpt2	3447	1724	18	suffer	vp_coord	unexpected	The senators understand and suffers	2.101987739422384e-08	2.101987739422384e-08	25.50366973876953	25.50366973876953
3447	gpt2	3448	1724	18	suffer	vp_coord	expected	The senators understand and suffer	3.560702680260874e-05	3.560702680260874e-05	14.777478218078612	14.777478218078612
3448	gpt2	3449	1725	18	suffice	vp_coord	unexpected	The senators understand and suffices	0.04049903197308423	0.04049903197308423	13.354019165039062	13.354019165039062
3449	gpt2	3450	1725	18	suffice	vp_coord	expected	The senators understand and suffice	1.536434695026401e-07	1.536434695026401e-07	22.633909225463867	22.633909225463867
3450	gpt2	3451	1726	18	suggest	vp_coord	unexpected	The senators understand and suggests	3.479568988495885e-07	3.479568988495885e-07	21.454587936401367	21.454587936401367
3451	gpt2	3452	1726	18	suggest	vp_coord	expected	The senators understand and suggest	2.9132199415471405e-05	2.9132199415471405e-05	15.067026138305664	15.067026138305664
3452	gpt2	3453	1727	18	suit	vp_coord	unexpected	The senators understand and suits	9.776344178646925e-09	9.776344178646925e-09	26.608057022094727	26.608057022094727
3453	gpt2	3454	1727	18	suit	vp_coord	expected	The senators understand and suit	8.458986258119694e-07	8.458986258119694e-07	20.17301177978516	20.17301177978516
3454	gpt2	3455	1728	18	summarize	vp_coord	unexpected	The senators understand and summarizes	1.9712027565788052e-08	1.9712027565788052e-08	25.59634780883789	25.59634780883789
3455	gpt2	3456	1728	18	summarize	vp_coord	expected	The senators understand and summarize	9.108601943808026e-07	9.108601943808026e-07	20.066267013549805	20.066267013549805
3456	gpt2	3457	1729	18	summon	vp_coord	unexpected	The senators understand and summons	2.382271935275071e-09	2.382271935275071e-09	28.6450138092041	28.6450138092041
3457	gpt2	3458	1729	18	summon	vp_coord	expected	The senators understand and summon	7.712579304097744e-07	7.712579304097744e-07	20.306283950805664	20.306283950805664
3458	gpt2	3459	1730	18	sum	vp_coord	unexpected	The senators understand and sums	1.4372419698815976e-08	1.4372419698815976e-08	26.052122116088867	26.052122116088867
3459	gpt2	3460	1730	18	sum	vp_coord	expected	The senators understand and sum	8.309056624966615e-07	8.309056624966615e-07	20.19881248474121	20.19881248474121
3460	gpt2	3461	1731	18	supersede	vp_coord	unexpected	The senators understand and supersedes	0.6110924404827832	0.6110924404827832	5.88772118339936	5.88772118339936
3461	gpt2	3462	1731	18	supersede	vp_coord	expected	The senators understand and supersede	0.48014043341896695	0.48014043341896695	10.940499497577546	10.940499497577546
3462	gpt2	3463	1732	18	supervise	vp_coord	unexpected	The senators understand and supervises	0.0007069723146173332	0.0007069723146173332	14.314352989196776	14.314352989196776
3463	gpt2	3464	1732	18	supervise	vp_coord	expected	The senators understand and supervise	0.49897821613598126	0.49897821613598126	9.581929768901317	9.581929768901317
3464	gpt2	3465	1733	18	supplement	vp_coord	unexpected	The senators understand and supplements	2.1501938007872923e-08	2.1501938007872923e-08	25.4709587097168	25.4709587097168
3465	gpt2	3466	1733	18	supplement	vp_coord	expected	The senators understand and supplement	1.4268314316723265e-06	1.4268314316723265e-06	19.41875457763672	19.41875457763672
3466	gpt2	3467	1734	18	supply	vp_coord	unexpected	The senators understand and supplies	2.4543997056980515e-08	2.4543997056980515e-08	25.280054092407227	25.280054092407227
3467	gpt2	3468	1734	18	supply	vp_coord	expected	The senators understand and supply	6.407996352209011e-06	6.407996352209011e-06	17.25169563293457	17.25169563293457
3468	gpt2	3469	1735	18	support	vp_coord	unexpected	The senators understand and supports	3.988284515799023e-05	3.988284515799023e-05	14.613872528076172	14.613872528076172
3469	gpt2	3470	1735	18	support	vp_coord	expected	The senators understand and support	0.0341439843177795	0.0341439843177795	4.872224807739258	4.872224807739258
3470	gpt2	3471	1736	18	suppose	vp_coord	unexpected	The senators understand and supposes	0.26882005261907693	0.26882005261907693	11.026069670915604	11.026069670915604
3471	gpt2	3472	1736	18	suppose	vp_coord	expected	The senators understand and suppose	1.7558896843183902e-06	1.7558896843183902e-06	19.119365692138672	19.119365692138672
3472	gpt2	3473	1737	18	suppress	vp_coord	unexpected	The senators understand and suppresses	0.014699387016690907	0.014699387016690907	13.122485876083374	13.122485876083374
3473	gpt2	3474	1737	18	suppress	vp_coord	expected	The senators understand and suppress	2.3780069113854554e-07	2.3780069113854554e-07	22.00374412536621	22.00374412536621
3474	gpt2	3475	1738	18	surface	vp_coord	unexpected	The senators understand and surfaces	7.963433246160888e-10	7.963433246160888e-10	30.22589111328125	30.22589111328125
3475	gpt2	3476	1738	18	surface	vp_coord	expected	The senators understand and surface	1.2629499224203758e-07	1.2629499224203758e-07	22.916698455810547	22.916698455810547
3476	gpt2	3477	1739	18	surge	vp_coord	unexpected	The senators understand and surges	3.39728745135659e-10	3.39728745135659e-10	31.454896926879883	31.454896926879883
3477	gpt2	3478	1739	18	surge	vp_coord	expected	The senators understand and surge	6.47754276883461e-08	6.47754276883461e-08	23.87997817993164	23.87997817993164
3478	gpt2	3479	1740	18	surpass	vp_coord	unexpected	The senators understand and surpasses	0.00822463233396317	0.00822463233396317	12.685947895050049	12.685947895050049
3479	gpt2	3480	1740	18	surpass	vp_coord	expected	The senators understand and surpass	1.4001950603415023e-06	1.4001950603415023e-06	19.445940017700195	19.445940017700195
3480	gpt2	3481	1741	18	surprise	vp_coord	unexpected	The senators understand and surprises	3.943917192827939e-09	3.943917192827939e-09	27.917722702026367	27.917722702026367
3481	gpt2	3482	1741	18	surprise	vp_coord	expected	The senators understand and surprise	7.3401924964855425e-06	7.3401924964855425e-06	17.055749893188477	17.055749893188477
3482	gpt2	3483	1742	18	surrender	vp_coord	unexpected	The senators understand and surrenders	0.32755698488593527	0.32755698488593527	8.364602237939835	8.364602237939835
3483	gpt2	3484	1742	18	surrender	vp_coord	expected	The senators understand and surrender	5.188007435208419e-06	5.188007435208419e-06	17.55638885498047	17.55638885498047
3484	gpt2	3485	1743	18	survey	vp_coord	unexpected	The senators understand and surveys	8.394338379957844e-08	8.394338379957844e-08	23.50600814819336	23.50600814819336
3485	gpt2	3486	1743	18	survey	vp_coord	expected	The senators understand and survey	1.019041519612074e-06	1.019041519612074e-06	19.904356002807617	19.904356002807617
3486	gpt2	3487	1744	18	survive	vp_coord	unexpected	The senators understand and survives	2.0444232973204635e-09	2.0444232973204635e-09	28.86565971374512	28.86565971374512
3487	gpt2	3488	1744	18	survive	vp_coord	expected	The senators understand and survive	1.1660928294077166e-06	1.1660928294077166e-06	19.70988655090332	19.70988655090332
3488	gpt2	3489	1745	18	suspect	vp_coord	unexpected	The senators understand and suspects	6.039372237864882e-07	6.039372237864882e-07	20.65909767150879	20.65909767150879
3489	gpt2	3490	1745	18	suspect	vp_coord	expected	The senators understand and suspect	7.85433076089248e-05	7.85433076089248e-05	13.636152267456056	13.636152267456056
3490	gpt2	3491	1746	18	suspend	vp_coord	unexpected	The senators understand and suspends	0.16244184063531894	0.16244184063531894	13.988187491893768	13.988187491893768
3491	gpt2	3492	1746	18	suspend	vp_coord	expected	The senators understand and suspend	3.422894906179863e-06	3.422894906179863e-06	18.15635108947754	18.15635108947754
3492	gpt2	3493	1747	18	sustain	vp_coord	unexpected	The senators understand and sustains	0.4312172104677927	0.4312172104677927	11.783274233341217	11.783274233341217
3493	gpt2	3494	1747	18	sustain	vp_coord	expected	The senators understand and sustain	5.2778341341763735e-06	5.2778341341763735e-06	17.5316219329834	17.5316219329834
3494	gpt2	3495	1748	18	swallow	vp_coord	unexpected	The senators understand and swallows	0.37685596957902157	0.37685596957902157	16.021090373396873	16.021090373396873
3495	gpt2	3496	1748	18	swallow	vp_coord	expected	The senators understand and swallow	1.7700933767628158e-06	1.7700933767628158e-06	19.107742309570312	19.107742309570312
3496	gpt2	3497	1749	18	swamp	vp_coord	unexpected	The senators understand and swamps	5.7600318612551995e-05	5.7600318612551995e-05	17.11801052093506	17.11801052093506
3497	gpt2	3498	1749	18	swamp	vp_coord	expected	The senators understand and swamp	4.6139174258996725e-08	4.6139174258996725e-08	24.36943244934082	24.36943244934082
3498	gpt2	3499	1750	18	swap	vp_coord	unexpected	The senators understand and swaps	2.8171809329791126e-10	2.8171809329791126e-10	31.72502899169922	31.72502899169922
3499	gpt2	3500	1750	18	swap	vp_coord	expected	The senators understand and swap	2.809254624480673e-07	2.809254624480673e-07	21.76330947875977	21.76330947875977
3500	gpt2	3501	1751	18	sway	vp_coord	unexpected	The senators understand and sways	0.008808853053324127	0.008808853053324127	11.641897916793823	11.641897916793823
3501	gpt2	3502	1751	18	sway	vp_coord	expected	The senators understand and sway	8.255248218347334e-08	8.255248218347334e-08	23.530113220214844	23.530113220214844
3502	gpt2	3503	1752	18	swear	vp_coord	unexpected	The senators understand and swears	0.1075286932210275	0.1075286932210275	11.682132005691528	11.682132005691528
3503	gpt2	3504	1752	18	swear	vp_coord	expected	The senators understand and swear	8.942321437643841e-05	8.942321437643841e-05	13.44899082183838	13.44899082183838
3504	gpt2	3505	1753	18	sweat	vp_coord	unexpected	The senators understand and sweats	4.2007131106913675e-09	4.2007131106913675e-09	27.826719284057617	27.826719284057617
3505	gpt2	3506	1753	18	sweat	vp_coord	expected	The senators understand and sweat	8.64638195707812e-07	8.64638195707812e-07	20.14139938354492	20.14139938354492
3506	gpt2	3507	1754	18	sweeten	vp_coord	unexpected	The senators understand and sweetens	0.004588077552199319	0.004588077552199319	13.82254958152771	13.82254958152771
3507	gpt2	3508	1754	18	sweeten	vp_coord	expected	The senators understand and sweeten	0.27436473105061054	0.27436473105061054	10.871478617191315	10.871478617191315
3508	gpt2	3509	1755	18	swell	vp_coord	unexpected	The senators understand and swells	0.000271381144628402	0.000271381144628402	15.997795581817627	15.997795581817627
3509	gpt2	3510	1755	18	swell	vp_coord	expected	The senators understand and swell	1.984535771271112e-07	1.984535771271112e-07	22.264694213867188	22.264694213867188
3510	gpt2	3511	1756	18	swing	vp_coord	unexpected	The senators understand and swings	4.771609773968065e-10	4.771609773968065e-10	30.964805603027344	30.964805603027344
3511	gpt2	3512	1756	18	swing	vp_coord	expected	The senators understand and swing	2.259332632092992e-07	2.259332632092992e-07	22.077600479125977	22.077600479125977
3512	gpt2	3513	1757	18	switch	vp_coord	unexpected	The senators understand and switches	9.075118989620987e-10	9.075118989620987e-10	30.0373649597168	30.0373649597168
3513	gpt2	3514	1757	18	switch	vp_coord	expected	The senators understand and switch	3.603083484904346e-07	3.603083484904346e-07	21.40426445007324	21.40426445007324
3514	gpt2	3515	1758	19	synthesize	vp_coord	unexpected	The authors interpret and synthesizes	0.0022823865165264422	0.0022823865165264422	11.207262516021729	11.207262516021729
3515	gpt2	3516	1758	19	synthesize	vp_coord	expected	The authors interpret and synthesize	0.4951231777667999	0.4951231777667999	3.9042684715241194	3.9042684715241194
3516	gpt2	3517	1759	19	tackle	vp_coord	unexpected	The authors interpret and tackles	4.0574022364126e-08	4.0574022364126e-08	24.55486869812012	24.55486869812012
3517	gpt2	3518	1759	19	tackle	vp_coord	expected	The authors interpret and tackle	5.653405605698936e-05	5.653405605698936e-05	14.110520362854004	14.110520362854004
3518	gpt2	3519	1760	19	tag	vp_coord	unexpected	The authors interpret and tags	1.1998417370762128e-08	1.1998417370762128e-08	26.312580108642575	26.312580108642575
3519	gpt2	3520	1760	19	tag	vp_coord	expected	The authors interpret and tag	4.491923391469754e-06	4.491923391469754e-06	17.76423454284668	17.76423454284668
3520	gpt2	3521	1761	19	take	vp_coord	unexpected	The authors interpret and takes	1.0918267889792332e-06	1.0918267889792332e-06	19.80482482910156	19.80482482910156
3521	gpt2	3522	1761	19	take	vp_coord	expected	The authors interpret and take	0.0020374788437038	0.0020374788437038	8.93899917602539	8.93899917602539
3522	gpt2	3523	1762	19	talk	vp_coord	unexpected	The authors interpret and talks	3.2965818519414825e-08	3.2965818519414825e-08	24.854454040527344	24.854454040527344
3523	gpt2	3524	1762	19	talk	vp_coord	expected	The authors interpret and talk	0.0001957906497409	0.0001957906497409	12.318400382995604	12.318400382995604
3524	gpt2	3525	1763	19	tamper	vp_coord	unexpected	The authors interpret and tampers	0.00029938749412389905	0.00029938749412389905	14.796262741088867	14.796262741088867
3525	gpt2	3526	1763	19	tamper	vp_coord	expected	The authors interpret and tamper	0.49762127925654903	0.49762127925654903	10.2494436155539	10.2494436155539
3526	gpt2	3527	1764	19	tandy	vp_coord	unexpected	The authors interpret and tandies	0.0001273181939419437	0.0001273181939419437	13.335485776265463	13.335485776265463
3527	gpt2	3528	1764	19	tandy	vp_coord	expected	The authors interpret and tandy	1.6643767537516396e-05	1.6643767537516396e-05	17.3788423538208	17.3788423538208
3528	gpt2	3529	1765	19	tap	vp_coord	unexpected	The authors interpret and taps	1.6624689402888746e-09	1.6624689402888746e-09	29.164026260375977	29.164026260375977
3529	gpt2	3530	1765	19	tap	vp_coord	expected	The authors interpret and tap	2.7854319341713563e-05	2.7854319341713563e-05	15.131739616394045	15.131739616394045
3530	gpt2	3531	1766	19	target	vp_coord	unexpected	The authors interpret and targets	2.6701421518282583e-08	2.6701421518282583e-08	25.15850830078125	25.15850830078125
3531	gpt2	3532	1766	19	target	vp_coord	expected	The authors interpret and target	3.9651236875215545e-05	3.9651236875215545e-05	14.622274398803713	14.622274398803713
3532	gpt2	3533	1767	19	tarnish	vp_coord	unexpected	The authors interpret and tarnishes	0.00016223740622223074	0.00016223740622223074	17.51348066329956	17.51348066329956
3533	gpt2	3534	1767	19	tarnish	vp_coord	expected	The authors interpret and tarnish	0.49802170626444564	0.49802170626444564	11.721341829979792	11.721341829979792
3534	gpt2	3535	1768	19	taste	vp_coord	unexpected	The authors interpret and tastes	1.5438563760739044e-09	1.5438563760739044e-09	29.270814895629883	29.270814895629883
3535	gpt2	3536	1768	19	taste	vp_coord	expected	The authors interpret and taste	3.692362952278927e-06	3.692362952278927e-06	18.04702377319336	18.04702377319336
3536	gpt2	3537	1769	19	tax	vp_coord	unexpected	The authors interpret and taxes	1.1326938675892961e-07	1.1326938675892961e-07	23.07373809814453	23.07373809814453
3537	gpt2	3538	1769	19	tax	vp_coord	expected	The authors interpret and tax	1.844347752921749e-05	1.844347752921749e-05	15.726530075073242	15.726530075073242
3538	gpt2	3539	1770	19	teach	vp_coord	unexpected	The authors interpret and teaches	2.496137767593609e-07	2.496137767593609e-07	21.933799743652344	21.933799743652344
3539	gpt2	3540	1770	19	teach	vp_coord	expected	The authors interpret and teach	0.0003524490748532	0.0003524490748532	11.470297813415527	11.470297813415527
3540	gpt2	3541	1771	19	team	vp_coord	unexpected	The authors interpret and teams	5.8726687512944415e-08	5.8726687512944415e-08	24.021408081054688	24.021408081054688
3541	gpt2	3542	1771	19	team	vp_coord	expected	The authors interpret and team	4.63005926576443e-06	4.63005926576443e-06	17.720537185668945	17.720537185668945
3542	gpt2	3543	1772	19	tear	vp_coord	unexpected	The authors interpret and tears	4.227615590934874e-09	4.227615590934874e-09	27.81750869750977	27.81750869750977
3543	gpt2	3544	1772	19	tear	vp_coord	expected	The authors interpret and tear	5.415005830400332e-07	5.415005830400332e-07	20.8165340423584	20.8165340423584
3544	gpt2	3545	1773	19	tell	vp_coord	unexpected	The authors interpret and tells	2.32665612998062e-07	2.32665612998062e-07	22.03523826599121	22.03523826599121
3545	gpt2	3546	1773	19	tell	vp_coord	expected	The authors interpret and tell	8.144227467710152e-05	8.144227467710152e-05	13.5838623046875	13.5838623046875
3546	gpt2	3547	1774	19	tender	vp_coord	unexpected	The authors interpret and tenders	0.00020365956152086845	0.00020365956152086845	12.549153327941895	12.549153327941895
3547	gpt2	3548	1774	19	tender	vp_coord	expected	The authors interpret and tender	9.577730679666274e-07	9.577730679666274e-07	19.99381256103516	19.99381256103516
3548	gpt2	3549	1775	19	tend	vp_coord	unexpected	The authors interpret and tends	5.561997795666685e-08	5.561997795666685e-08	24.09982109069824	24.09982109069824
3549	gpt2	3550	1775	19	tend	vp_coord	expected	The authors interpret and tend	8.68775969138369e-05	8.68775969138369e-05	13.490655899047852	13.490655899047852
3550	gpt2	3551	1776	19	terminate	vp_coord	unexpected	The authors interpret and terminates	0.03661137511723563	0.03661137511723563	13.525951266288757	13.525951266288757
3551	gpt2	3552	1776	19	terminate	vp_coord	expected	The authors interpret and terminate	1.1707120393111836e-05	1.1707120393111836e-05	16.382253646850586	16.382253646850586
3552	gpt2	3553	1777	19	term	vp_coord	unexpected	The authors interpret and terms	6.919114639458712e-06	6.919114639458712e-06	17.140981674194336	17.140981674194336
3553	gpt2	3554	1777	19	term	vp_coord	expected	The authors interpret and term	2.367394517932553e-05	2.367394517932553e-05	15.366340637207031	15.366340637207031
3554	gpt2	3555	1778	19	test-drive	vp_coord	unexpected	The authors interpret and test-drives	0.00334878052672135	0.00334878052672135	9.649936199188232	9.649936199188232
3555	gpt2	3556	1778	19	test-drive	vp_coord	expected	The authors interpret and test-drive	0.00334878052672135	0.00334878052672135	9.649936199188232	9.649936199188232
3556	gpt2	3557	1779	19	testify	vp_coord	unexpected	The authors interpret and testifies	0.003230264020430692	0.003230264020430692	12.835654735565186	12.835654735565186
3557	gpt2	3558	1779	19	testify	vp_coord	expected	The authors interpret and testify	3.571548222680576e-05	3.571548222680576e-05	14.773091316223145	14.773091316223145
3558	gpt2	3559	1780	19	test	vp_coord	unexpected	The authors interpret and tests	5.152137873665197e-06	5.152137873665197e-06	17.566396713256836	17.566396713256836
3559	gpt2	3560	1780	19	test	vp_coord	expected	The authors interpret and test	0.0064576300792396	0.0064576300792396	7.274779319763184	7.274779319763184
3560	gpt2	3561	1781	19	thank	vp_coord	unexpected	The authors interpret and thanks	5.155283361091279e-06	5.155283361091279e-06	17.56551742553711	17.56551742553711
3561	gpt2	3562	1781	19	thank	vp_coord	expected	The authors interpret and thank	0.0001454082666896	0.0001454082666896	12.747603416442873	12.747603416442873
3562	gpt2	3563	1782	19	the	vp_coord	unexpected	The authors interpret and thes	0.0003808181581916608	0.0003808181581916608	13.014657974243164	13.014657974243164
3563	gpt2	3564	1782	19	the	vp_coord	expected	The authors interpret and the	0.0007419566973112	0.0007419566973112	10.396377563476562	10.396377563476562
3564	gpt2	3565	1783	19	think	vp_coord	unexpected	The authors interpret and thinks	1.5177542422861737e-07	1.5177542422861737e-07	22.65155792236328	22.65155792236328
3565	gpt2	3566	1783	19	think	vp_coord	expected	The authors interpret and think	0.0003855510440189	0.0003855510440189	11.340790748596191	11.340790748596191
3566	gpt2	3567	1784	19	thrash	vp_coord	unexpected	The authors interpret and thrashes	5.562826358125873e-05	5.562826358125873e-05	18.170898437499996	18.170898437499996
3567	gpt2	3568	1784	19	thrash	vp_coord	expected	The authors interpret and thrash	0.4300241688821558	0.4300241688821558	11.712072499096392	11.712072499096392
3568	gpt2	3569	1785	19	threaten	vp_coord	unexpected	The authors interpret and threatens	3.1389078003485344e-08	3.1389078003485344e-08	24.925161361694336	24.925161361694336
3569	gpt2	3570	1785	19	threaten	vp_coord	expected	The authors interpret and threaten	1.5719555449322797e-05	1.5719555449322797e-05	15.957079887390137	15.957079887390137
3570	gpt2	3571	1786	19	thrive	vp_coord	unexpected	The authors interpret and thrives	0.34710740899789805	0.34710740899789805	12.298819333314896	12.298819333314896
3571	gpt2	3572	1786	19	thrive	vp_coord	expected	The authors interpret and thrive	3.006224233104149e-06	3.006224233104149e-06	18.343616485595703	18.343616485595703
3572	gpt2	3573	1787	19	throw	vp_coord	unexpected	The authors interpret and throws	5.656851431723453e-09	5.656851431723453e-09	27.39735412597656	27.39735412597656
3573	gpt2	3574	1787	19	throw	vp_coord	expected	The authors interpret and throw	3.148659379803576e-05	3.148659379803576e-05	14.95490264892578	14.95490264892578
3574	gpt2	3575	1788	19	thwart	vp_coord	unexpected	The authors interpret and thwarts	0.0027499342622831838	0.0027499342622831838	12.199736833572388	12.199736833572388
3575	gpt2	3576	1788	19	thwart	vp_coord	expected	The authors interpret and thwart	1.0438971003168265e-06	1.0438971003168265e-06	19.86958885192871	19.86958885192871
3576	gpt2	3577	1789	19	tick	vp_coord	unexpected	The authors interpret and ticks	1.6664564173041183e-09	1.6664564173041183e-09	29.16057014465332	29.16057014465332
3577	gpt2	3578	1789	19	tick	vp_coord	expected	The authors interpret and tick	7.5777397796628065e-06	7.5777397796628065e-06	17.009801864624023	17.009801864624023
3578	gpt2	3579	1790	19	tie	vp_coord	unexpected	The authors interpret and ties	3.854254657653655e-07	3.854254657653655e-07	21.30704498291016	21.30704498291016
3579	gpt2	3580	1790	19	tie	vp_coord	expected	The authors interpret and tie	5.188252544030547e-05	5.188252544030547e-05	14.234392166137695	14.234392166137695
3580	gpt2	3581	1791	19	tighten	vp_coord	unexpected	The authors interpret and tightens	0.09904602992286012	0.09904602992286012	12.163220643997192	12.163220643997192
3581	gpt2	3582	1791	19	tighten	vp_coord	expected	The authors interpret and tighten	3.580399379643495e-06	3.580399379643495e-06	18.091447830200195	18.091447830200195
3582	gpt2	3583	1792	19	tilt	vp_coord	unexpected	The authors interpret and tilts	0.02748044268370302	0.02748044268370302	16.901777029037476	16.901777029037476
3583	gpt2	3584	1792	19	tilt	vp_coord	expected	The authors interpret and tilt	6.959054985600233e-07	6.959054985600233e-07	20.454605102539062	20.454605102539062
3584	gpt2	3585	1793	19	time	vp_coord	unexpected	The authors interpret and times	1.4738073161879586e-07	1.4738073161879586e-07	22.69394874572754	22.69394874572754
3585	gpt2	3586	1793	19	time	vp_coord	expected	The authors interpret and time	1.004398745863e-05	1.004398745863e-05	16.603307723999023	16.603307723999023
3586	gpt2	3587	1794	19	tiptoe	vp_coord	unexpected	The authors interpret and tiptoes	0.00262242993509665	0.00262242993509665	10.423970222473145	10.423970222473145
3587	gpt2	3588	1794	19	tiptoe	vp_coord	expected	The authors interpret and tiptoe	0.32361401372448506	0.32361401372448506	7.958938932667176	7.958938932667176
3588	gpt2	3589	1795	19	tolerate	vp_coord	unexpected	The authors interpret and tolerates	0.0047018811128260755	0.0047018811128260755	14.932304382324219	14.932304382324219
3589	gpt2	3590	1795	19	tolerate	vp_coord	expected	The authors interpret and tolerate	1.8289167201146483e-05	1.8289167201146483e-05	15.738651275634766	15.738651275634766
3590	gpt2	3591	1796	19	topple	vp_coord	unexpected	The authors interpret and topples	0.033477977163031976	0.033477977163031976	17.414127111434937	17.414127111434937
3591	gpt2	3592	1796	19	topple	vp_coord	expected	The authors interpret and topple	7.259777135004698e-08	7.259777135004698e-08	23.715499877929688	23.715499877929688
3592	gpt2	3593	1797	19	top	vp_coord	unexpected	The authors interpret and tops	2.457354097984421e-09	2.457354097984421e-09	28.60024642944336	28.60024642944336
3593	gpt2	3594	1797	19	top	vp_coord	expected	The authors interpret and top	3.732363620656543e-05	3.732363620656543e-05	14.709550857543944	14.709550857543944
3594	gpt2	3595	1798	19	torment	vp_coord	unexpected	The authors interpret and torments	0.013498386521945566	0.013498386521945566	16.274401903152466	16.274401903152466
3595	gpt2	3596	1798	19	torment	vp_coord	expected	The authors interpret and torment	6.159882559586549e-08	6.159882559586549e-08	23.95252227783203	23.95252227783203
3596	gpt2	3597	1799	19	torpedo	vp_coord	unexpected	The authors interpret and torpedoes	0.3863863650945977	0.3863863650945977	15.30249048769474	15.30249048769474
3597	gpt2	3598	1799	19	torpedo	vp_coord	expected	The authors interpret and torpedo	2.4324629421812464e-08	2.4324629421812464e-08	25.293006896972656	25.293006896972656
3598	gpt2	3599	1800	19	torture	vp_coord	unexpected	The authors interpret and tortures	0.057946222916976695	0.057946222916976695	13.57540988922119	13.57540988922119
3599	gpt2	3600	1800	19	torture	vp_coord	expected	The authors interpret and torture	1.8836419712897623e-06	1.8836419712897623e-06	19.018043518066406	19.018043518066406
3600	gpt2	3601	1801	19	toss	vp_coord	unexpected	The authors interpret and tosses	0.002782295477658164	0.002782295477658164	13.806193828582764	13.806193828582764
3601	gpt2	3602	1801	19	toss	vp_coord	expected	The authors interpret and toss	8.759481602282904e-07	8.759481602282904e-07	20.122652053833008	20.122652053833008
3602	gpt2	3603	1802	19	total	vp_coord	unexpected	The authors interpret and totals	7.32129521452407e-08	7.32129521452407e-08	23.703325271606445	23.703325271606445
3603	gpt2	3604	1802	19	total	vp_coord	expected	The authors interpret and total	4.3080683099105954e-05	4.3080683099105954e-05	14.502599716186523	14.502599716186523
3604	gpt2	3605	1803	19	totter	vp_coord	unexpected	The authors interpret and totters	0.012870942578700794	0.012870942578700794	13.122178077697756	13.122178077697756
3605	gpt2	3606	1803	19	totter	vp_coord	expected	The authors interpret and totter	0.028644705527511843	0.028644705527511843	12.54509496688843	12.54509496688843
3606	gpt2	3607	1804	19	touch	vp_coord	unexpected	The authors interpret and touches	1.961626416857598e-09	1.961626416857598e-09	28.925302505493164	28.925302505493164
3607	gpt2	3608	1804	19	touch	vp_coord	expected	The authors interpret and touch	6.78915785101708e-06	6.78915785101708e-06	17.168336868286133	17.168336868286133
3608	gpt2	3609	1805	19	toughen	vp_coord	unexpected	The authors interpret and toughens	0.0002268884709621588	0.0002268884709621588	16.04206132888794	16.04206132888794
3609	gpt2	3610	1805	19	toughen	vp_coord	expected	The authors interpret and toughen	0.4997226336418237	0.4997226336418237	10.488826816814253	10.488826816814253
3610	gpt2	3611	1806	19	tough	vp_coord	unexpected	The authors interpret and toughs	0.00015317607622473603	0.00015317607622473603	16.80499792098999	16.80499792098999
3611	gpt2	3612	1806	19	tough	vp_coord	expected	The authors interpret and tough	2.491813688720868e-07	2.491813688720868e-07	21.93630027770996	21.93630027770996
3612	gpt2	3613	1807	19	tour	vp_coord	unexpected	The authors interpret and tours	9.661358824075704e-09	9.661358824075704e-09	26.62512588500977	26.62512588500977
3613	gpt2	3614	1807	19	tour	vp_coord	expected	The authors interpret and tour	4.279320819478016e-06	4.279320819478016e-06	17.834186553955078	17.834186553955078
3614	gpt2	3615	1808	19	tout	vp_coord	unexpected	The authors interpret and touts	0.0002686176067072251	0.0002686176067072251	12.936551570892334	12.936551570892334
3615	gpt2	3616	1808	19	tout	vp_coord	expected	The authors interpret and tout	0.12603229428896157	0.12603229428896157	8.455019354820251	8.455019354820251
3616	gpt2	3617	1809	19	tower	vp_coord	unexpected	The authors interpret and towers	2.4115534014157447e-09	2.4115534014157447e-09	28.627389907836918	28.627389907836918
3617	gpt2	3618	1809	19	tower	vp_coord	expected	The authors interpret and tower	2.077450318438423e-07	2.077450318438423e-07	22.19868278503418	22.19868278503418
3618	gpt2	3619	1810	19	trace	vp_coord	unexpected	The authors interpret and traces	7.157592563089565e-08	7.157592563089565e-08	23.735950469970703	23.735950469970703
3619	gpt2	3620	1810	19	trace	vp_coord	expected	The authors interpret and trace	0.0001916418696055	0.0001916418696055	12.349299430847168	12.349299430847168
3620	gpt2	3621	1811	19	track	vp_coord	unexpected	The authors interpret and tracks	8.227311276698401e-09	8.227311276698401e-09	26.856931686401367	26.856931686401367
3621	gpt2	3622	1811	19	track	vp_coord	expected	The authors interpret and track	5.423518086900003e-05	5.423518086900003e-05	14.170411109924316	14.170411109924316
3622	gpt2	3623	1812	19	trade	vp_coord	unexpected	The authors interpret and trades	3.2817493167414113e-09	3.2817493167414113e-09	28.18288803100586	28.18288803100586
3623	gpt2	3624	1812	19	trade	vp_coord	expected	The authors interpret and trade	2.603225402708631e-05	2.603225402708631e-05	15.229340553283691	15.229340553283691
3624	gpt2	3625	1813	19	traduce	vp_coord	unexpected	The authors interpret and traduces	0.0024788418374494846	0.0024788418374494846	15.901419639587402	15.901419639587402
3625	gpt2	3626	1813	19	traduce	vp_coord	expected	The authors interpret and traduce	0.20146341333719953	0.20146341333719953	12.729058027267456	12.729058027267456
3626	gpt2	3627	1814	19	trail	vp_coord	unexpected	The authors interpret and trails	2.892644568319724e-09	2.892644568319724e-09	28.36496353149414	28.36496353149414
3627	gpt2	3628	1814	19	trail	vp_coord	expected	The authors interpret and trail	3.011163869359734e-07	3.011163869359734e-07	21.663175582885746	21.663175582885746
3628	gpt2	3629	1815	19	train	vp_coord	unexpected	The authors interpret and trains	7.853644490296574e-08	7.853644490296574e-08	23.6020622253418	23.6020622253418
3629	gpt2	3630	1815	19	train	vp_coord	expected	The authors interpret and train	8.782174700172618e-05	8.782174700172618e-05	13.475062370300291	13.475062370300291
3630	gpt2	3631	1816	19	transact	vp_coord	unexpected	The authors interpret and transacts	2.6730446734291036e-05	2.6730446734291036e-05	15.877962589263916	15.877962589263916
3631	gpt2	3632	1816	19	transact	vp_coord	expected	The authors interpret and transact	2.1085170374135487e-06	2.1085170374135487e-06	18.85533905029297	18.85533905029297
3632	gpt2	3633	1817	19	transfer	vp_coord	unexpected	The authors interpret and transfers	3.9759058267918597e-08	3.9759058267918597e-08	24.58414077758789	24.58414077758789
3633	gpt2	3634	1817	19	transfer	vp_coord	expected	The authors interpret and transfer	4.478725168155506e-05	4.478725168155506e-05	14.446552276611328	14.446552276611328
3634	gpt2	3635	1818	19	transform	vp_coord	unexpected	The authors interpret and transforms	2.9083910391136673e-08	2.9083910391136673e-08	25.03520393371582	25.03520393371582
3635	gpt2	3636	1818	19	transform	vp_coord	expected	The authors interpret and transform	0.0001155188001575	0.0001155188001575	13.079585075378418	13.079585075378418
3636	gpt2	3637	1819	19	translate	vp_coord	unexpected	The authors interpret and translates	4.738872576126596e-06	4.738872576126596e-06	17.68702507019043	17.68702507019043
3637	gpt2	3638	1819	19	translate	vp_coord	expected	The authors interpret and translate	0.0018714475445449	0.0018714475445449	9.06162929534912	9.06162929534912
3638	gpt2	3639	1820	19	transmit	vp_coord	unexpected	The authors interpret and transmits	0.004633326419366302	0.004633326419366302	12.445873022079468	12.445873022079468
3639	gpt2	3640	1820	19	transmit	vp_coord	expected	The authors interpret and transmit	0.0001315868576057	0.0001315868576057	12.89169692993164	12.89169692993164
3640	gpt2	3641	1821	19	transplant	vp_coord	unexpected	The authors interpret and transplants	0.07596076546516171	0.07596076546516171	12.388848662376406	12.388848662376406
3641	gpt2	3642	1821	19	transplant	vp_coord	expected	The authors interpret and transplant	4.156529485044302e-06	4.156529485044302e-06	17.876188278198242	17.876188278198242
3642	gpt2	3643	1822	19	transport	vp_coord	unexpected	The authors interpret and transports	2.8345323865863747e-09	2.8345323865863747e-09	28.39424133300781	28.39424133300781
3643	gpt2	3644	1822	19	transport	vp_coord	expected	The authors interpret and transport	3.1629897421225905e-06	3.1629897421225905e-06	18.270278930664062	18.270278930664062
3644	gpt2	3645	1823	19	trash	vp_coord	unexpected	The authors interpret and trashes	4.269229668807384e-05	4.269229668807384e-05	16.57721710205078	16.57721710205078
3645	gpt2	3646	1823	19	trash	vp_coord	expected	The authors interpret and trash	1.7338895759166917e-06	1.7338895759166917e-06	19.137556076049805	19.137556076049805
3646	gpt2	3647	1824	19	travel	vp_coord	unexpected	The authors interpret and travels	8.990274302789203e-09	8.990274302789203e-09	26.728986740112305	26.728986740112305
3647	gpt2	3648	1824	19	travel	vp_coord	expected	The authors interpret and travel	6.709549779770896e-06	6.709549779770896e-06	17.185352325439453	17.185352325439453
3648	gpt2	3649	1825	19	tread	vp_coord	unexpected	The authors interpret and treads	6.232249873503887e-05	6.232249873503887e-05	17.078588008880615	17.078588008880615
3649	gpt2	3650	1825	19	tread	vp_coord	expected	The authors interpret and tread	4.202011609777401e-07	4.202011609777401e-07	21.182416915893555	21.182416915893555
3650	gpt2	3651	1826	19	treat	vp_coord	unexpected	The authors interpret and treats	3.155913361752028e-07	3.155913361752028e-07	21.595439910888672	21.595439910888672
3651	gpt2	3652	1826	19	treat	vp_coord	expected	The authors interpret and treat	0.0059850462712347	0.0059850462712347	7.384421825408935	7.384421825408935
3652	gpt2	3653	1827	19	trend	vp_coord	unexpected	The authors interpret and trends	4.3893811607631516e-07	4.3893811607631516e-07	21.119478225708008	21.119478225708008
3653	gpt2	3654	1827	19	trend	vp_coord	expected	The authors interpret and trend	1.1791089491453022e-05	1.1791089491453022e-05	16.3719425201416	16.3719425201416
3654	gpt2	3655	1828	19	trickle	vp_coord	unexpected	The authors interpret and trickles	0.01123437646495515	0.01123437646495515	13.13112473487854	13.13112473487854
3655	gpt2	3656	1828	19	trickle	vp_coord	expected	The authors interpret and trickle	5.72151350297645e-07	5.72151350297645e-07	20.73710060119629	20.73710060119629
3656	gpt2	3657	1829	19	trick	vp_coord	unexpected	The authors interpret and tricks	2.369678009372933e-09	2.369678009372933e-09	28.65266227722168	28.65266227722168
3657	gpt2	3658	1829	19	trick	vp_coord	expected	The authors interpret and trick	5.529764735001663e-07	5.529764735001663e-07	20.786277770996094	20.786277770996094
3658	gpt2	3659	1830	19	trigger	vp_coord	unexpected	The authors interpret and triggers	1.3152423150586401e-08	1.3152423150586401e-08	26.180095672607425	26.180095672607425
3659	gpt2	3660	1830	19	trigger	vp_coord	expected	The authors interpret and trigger	1.7071586626116186e-05	1.7071586626116186e-05	15.838043212890623	15.838043212890623
3660	gpt2	3661	1831	19	trim	vp_coord	unexpected	The authors interpret and trims	0.0010323894827024335	0.0010323894827024335	14.26913833618164	14.26913833618164
3661	gpt2	3662	1831	19	trim	vp_coord	expected	The authors interpret and trim	9.773813872016037e-06	9.773813872016037e-06	16.64264678955078	16.64264678955078
3662	gpt2	3663	1832	19	triple	vp_coord	unexpected	The authors interpret and triples	6.452016754109174e-05	6.452016754109174e-05	16.330394744873047	16.330394744873047
3663	gpt2	3664	1832	19	triple	vp_coord	expected	The authors interpret and triple	1.3326688304005074e-06	1.3326688304005074e-06	19.51725006103516	19.51725006103516
3664	gpt2	3665	1833	19	trivialize	vp_coord	unexpected	The authors interpret and trivializes	0.0001591264920079743	0.0001591264920079743	14.47032117843628	14.47032117843628
3665	gpt2	3666	1833	19	trivialize	vp_coord	expected	The authors interpret and trivialize	0.441969524505339	0.441969524505339	8.73630977421999	8.73630977421999
3666	gpt2	3667	1834	19	trust	vp_coord	unexpected	The authors interpret and trusts	1.0802886585281612e-08	1.0802886585281612e-08	26.464008331298828	26.464008331298828
3667	gpt2	3668	1834	19	trust	vp_coord	expected	The authors interpret and trust	6.521281466120854e-05	6.521281466120854e-05	13.904484748840332	13.904484748840332
3668	gpt2	3669	1835	19	try	vp_coord	unexpected	The authors interpret and tries	9.114557997236261e-08	9.114557997236261e-08	23.387252807617188	23.387252807617188
3669	gpt2	3670	1835	19	try	vp_coord	expected	The authors interpret and try	0.0008363758679479	0.0008363758679479	10.22356128692627	10.22356128692627
3670	gpt2	3671	1836	19	tumble	vp_coord	unexpected	The authors interpret and tumbles	2.4938668502727523e-05	2.4938668502727523e-05	15.355513572692871	15.355513572692871
3671	gpt2	3672	1836	19	tumble	vp_coord	expected	The authors interpret and tumble	4.4670262155932505e-08	4.4670262155932505e-08	24.416109085083008	24.416109085083008
3672	gpt2	3673	1837	19	turn	vp_coord	unexpected	The authors interpret and turns	4.478765447402112e-08	4.478765447402112e-08	24.412322998046875	24.412322998046875
3673	gpt2	3674	1837	19	turn	vp_coord	expected	The authors interpret and turn	0.0001875455927802	0.0001875455927802	12.380471229553224	12.380471229553224
3674	gpt2	3675	1838	19	twitch	vp_coord	unexpected	The authors interpret and twitches	6.044769213527673e-05	6.044769213527673e-05	16.879265785217285	16.879265785217285
3675	gpt2	3676	1838	19	twitch	vp_coord	expected	The authors interpret and twitch	1.607863286956501e-09	1.607863286956501e-09	29.212207794189453	29.212207794189453
3676	gpt2	3677	1839	19	unblock	vp_coord	unexpected	The authors interpret and unblocks	8.230978892239197e-05	8.230978892239197e-05	14.640394687652588	14.640394687652588
3677	gpt2	3678	1839	19	unblock	vp_coord	expected	The authors interpret and unblock	0.0004005742594017	0.0004005742594017	11.626675128936768	11.626675128936768
3678	gpt2	3679	1840	19	uncover	vp_coord	unexpected	The authors interpret and uncovers	0.3351836359118654	0.3351836359118654	5.792921464890242	5.792921464890242
3679	gpt2	3680	1840	19	uncover	vp_coord	expected	The authors interpret and uncover	2.7180183678865436e-05	2.7180183678865436e-05	15.167085647583008	15.167085647583008
3680	gpt2	3681	1841	19	undercut	vp_coord	unexpected	The authors interpret and undercuts	0.0003025453261216	0.0003025453261216	11.760178089141846	11.760178089141846
3681	gpt2	3682	1841	19	undercut	vp_coord	expected	The authors interpret and undercut	1.9140643416903917e-06	1.9140643416903917e-06	18.99492835998535	18.99492835998535
3682	gpt2	3683	1842	19	undergo	vp_coord	unexpected	The authors interpret and undergoes	0.0020793590254015266	0.0020793590254015266	12.555828332901001	12.555828332901001
3683	gpt2	3684	1842	19	undergo	vp_coord	expected	The authors interpret and undergo	6.643128926953068e-06	6.643128926953068e-06	17.199705123901367	17.199705123901367
3684	gpt2	3685	1843	19	underlie	vp_coord	unexpected	The authors interpret and underlies	0.0002300156993442049	0.0002300156993442049	12.600840091705322	12.600840091705322
3685	gpt2	3686	1843	19	underlie	vp_coord	expected	The authors interpret and underlie	0.0071901010087458	0.0071901010087458	8.734131097793579	8.734131097793579
3686	gpt2	3687	1844	19	underline	vp_coord	unexpected	The authors interpret and underlines	0.0006256818742258	0.0006256818742258	10.748353481292725	10.748353481292725
3687	gpt2	3688	1844	19	underline	vp_coord	expected	The authors interpret and underline	0.4153892827889649	0.4153892827889649	5.788263618946075	5.788263618946075
3688	gpt2	3689	1845	19	undermine	vp_coord	unexpected	The authors interpret and undermines	5.490597132506991e-08	5.490597132506991e-08	24.11846160888672	24.11846160888672
3689	gpt2	3690	1845	19	undermine	vp_coord	expected	The authors interpret and undermine	2.938744000857696e-05	2.938744000857696e-05	15.05444049835205	15.05444049835205
3690	gpt2	3691	1846	19	underperform	vp_coord	unexpected	The authors interpret and underperforms	0.0002956103659622667	0.0002956103659622667	11.792993227640787	11.792993227640787
3691	gpt2	3692	1846	19	underperform	vp_coord	expected	The authors interpret and underperform	0.33245506182720413	0.33245506182720413	7.907212405775984	7.907212405775984
3692	gpt2	3693	1847	19	underpin	vp_coord	unexpected	The authors interpret and underpins	0.00023153546135288864	0.00023153546135288864	12.56822681427002	12.56822681427002
3693	gpt2	3694	1847	19	underpin	vp_coord	expected	The authors interpret and underpin	3.125747753074393e-05	3.125747753074393e-05	14.965438842773438	14.965438842773438
3694	gpt2	3695	1848	19	underscore	vp_coord	unexpected	The authors interpret and underscores	4.4572112756213766e-07	4.4572112756213766e-07	21.097354888916016	21.097354888916016
3695	gpt2	3696	1848	19	underscore	vp_coord	expected	The authors interpret and underscore	0.0010776540730148	0.0010776540730148	9.857890129089355	9.857890129089355
3696	gpt2	3697	1849	19	understand	vp_coord	unexpected	The authors interpret and understands	2.578691464805161e-07	2.578691464805161e-07	21.886857986450195	21.886857986450195
3697	gpt2	3698	1849	19	understand	vp_coord	expected	The authors interpret and understand	0.0043574250303208	0.0043574250303208	7.842308521270752	7.842308521270752
3698	gpt2	3699	1850	19	undertake	vp_coord	unexpected	The authors interpret and undertakes	0.27697149659312004	0.27697149659312004	10.56222477555275	10.56222477555275
3699	gpt2	3700	1850	19	undertake	vp_coord	expected	The authors interpret and undertake	0.0002125786122633	0.0002125786122633	12.199715614318848	12.199715614318848
3700	gpt2	3701	1851	19	underwrite	vp_coord	unexpected	The authors interpret and underwrites	0.3005697710686945	0.3005697710686945	9.00584884484609	9.00584884484609
3701	gpt2	3702	1851	19	underwrite	vp_coord	expected	The authors interpret and underwrite	0.02052770012232935	0.02052770012232935	7.964292764663696	7.964292764663696
3702	gpt2	3703	1852	19	undo	vp_coord	unexpected	The authors interpret and undoes	0.01398142849996016	0.01398142849996016	11.666771173477175	11.666771173477175
3703	gpt2	3704	1852	19	undo	vp_coord	expected	The authors interpret and undo	2.262653288198635e-05	2.262653288198635e-05	15.43162441253662	15.43162441253662
3704	gpt2	3705	1853	19	undulate	vp_coord	unexpected	The authors interpret and undulates	0.0007478663252413613	0.0007478663252413613	13.78061103820801	13.78061103820801
3705	gpt2	3706	1853	19	undulate	vp_coord	expected	The authors interpret and undulate	0.02579649401798176	0.02579649401798176	11.224899530410768	11.224899530410768
3706	gpt2	3707	1854	19	unfold	vp_coord	unexpected	The authors interpret and unfolds	1.0718817833321737e-08	1.0718817833321737e-08	26.47527885437012	26.47527885437012
3707	gpt2	3708	1854	19	unfold	vp_coord	expected	The authors interpret and unfold	3.598317562136799e-05	3.598317562136799e-05	14.762317657470703	14.762317657470703
3708	gpt2	3709	1855	20	unite	vp_coord	unexpected	The customer illuminates and unite	5.11098335209681e-07	5.11098335209681e-07	20.8998966217041	20.8998966217041
3709	gpt2	3710	1855	20	unite	vp_coord	expected	The customer illuminates and unites	0.01007390115410085	0.01007390115410085	7.141773700714111	7.141773700714111
3710	gpt2	3711	1856	20	unleash	vp_coord	unexpected	The customer illuminates and unleash	4.854660460296145e-07	4.854660460296145e-07	20.9741268157959	20.9741268157959
3711	gpt2	3712	1856	20	unleash	vp_coord	expected	The customer illuminates and unleashes	0.49861625786434166	0.49861625786434166	6.838099288288504	6.838099288288504
3712	gpt2	3713	1857	20	unload	vp_coord	unexpected	The customer illuminates and unload	0.0017277415900025	0.0017277415900025	9.631163597106934	9.631163597106934
3713	gpt2	3714	1857	20	unload	vp_coord	expected	The customer illuminates and unloads	0.0066443951800465	0.0066443951800465	7.507708787918091	7.507708787918091
3714	gpt2	3715	1858	20	unmask	vp_coord	unexpected	The customer illuminates and unmask	0.10602165493764913	0.10602165493764913	8.391098022460938	8.391098022460938
3715	gpt2	3716	1858	20	unmask	vp_coord	expected	The customer illuminates and unmasks	0.33455940956870717	0.33455940956870717	5.857115665489498	5.857115665489498
3716	gpt2	3717	1859	20	unplug	vp_coord	unexpected	The customer illuminates and unplug	0.01024994347244495	0.01024994347244495	7.127189636230469	7.127189636230469
3717	gpt2	3718	1859	20	unplug	vp_coord	expected	The customer illuminates and unplugs	0.2899072148526708	0.2899072148526708	5.3268192410469055	5.3268192410469055
3718	gpt2	3719	1860	20	unravel	vp_coord	unexpected	The customer illuminates and unravel	5.4272280976874754e-05	5.4272280976874754e-05	14.169425010681152	14.169425010681152
3719	gpt2	3720	1860	20	unravel	vp_coord	expected	The customer illuminates and unravels	0.49370999746861344	0.49370999746861344	7.093884258531034	7.093884258531034
3720	gpt2	3721	1861	20	unveil	vp_coord	unexpected	The customer illuminates and unveil	5.745512225985294e-07	5.745512225985294e-07	20.731061935424805	20.731061935424805
3721	gpt2	3722	1861	20	unveil	vp_coord	expected	The customer illuminates and unveils	0.49998493723251164	0.49998493723251164	6.0483251095574815	6.0483251095574815
3722	gpt2	3723	1862	20	unwind	vp_coord	unexpected	The customer illuminates and unwind	0.18244640552438796	0.18244640552438796	6.3622100949287415	6.3622100949287415
3723	gpt2	3724	1862	20	unwind	vp_coord	expected	The customer illuminates and unwinds	0.43005735691015917	0.43005735691015917	4.278819791972637	4.278819791972637
3724	gpt2	3725	1863	20	update	vp_coord	unexpected	The customer illuminates and update	5.755671736551449e-06	5.755671736551449e-06	17.406583786010742	17.406583786010742
3725	gpt2	3726	1863	20	update	vp_coord	expected	The customer illuminates and updates	0.0002480836701579	0.0002480836701579	11.976885795593262	11.976885795593262
3726	gpt2	3727	1864	20	upgrade	vp_coord	unexpected	The customer illuminates and upgrade	1.6690514712536242e-06	1.6690514712536242e-06	19.19253921508789	19.19253921508789
3727	gpt2	3728	1864	20	upgrade	vp_coord	expected	The customer illuminates and upgrades	3.796165037783794e-05	3.796165037783794e-05	14.685097694396973	14.685097694396973
3728	gpt2	3729	1865	20	uphold	vp_coord	unexpected	The customer illuminates and uphold	3.283928890596144e-05	3.283928890596144e-05	14.894217491149902	14.894217491149902
3729	gpt2	3730	1865	20	uphold	vp_coord	expected	The customer illuminates and upholds	0.49659737801084697	0.49659737801084697	7.4520583264529705	7.4520583264529705
3730	gpt2	3731	1866	20	upset	vp_coord	unexpected	The customer illuminates and upset	2.206886847488932e-06	2.206886847488932e-06	18.7895565032959	18.7895565032959
3731	gpt2	3732	1866	20	upset	vp_coord	expected	The customer illuminates and upsets	0.08833812243665302	0.08833812243665302	9.403639554977417	9.403639554977417
3732	gpt2	3733	1867	20	urge	vp_coord	unexpected	The customer illuminates and urge	9.369819053972606e-07	9.369819053972606e-07	20.025474548339844	20.025474548339844
3733	gpt2	3734	1867	20	urge	vp_coord	expected	The customer illuminates and urges	0.0001175159050035	0.0001175159050035	13.054856300354004	13.054856300354004
3734	gpt2	3735	1868	20	use	vp_coord	unexpected	The customer illuminates and use	7.856728188926354e-05	7.856728188926354e-05	13.635711669921877	13.635711669921877
3735	gpt2	3736	1868	20	use	vp_coord	expected	The customer illuminates and uses	0.0067597143352031	0.0067597143352031	7.208822250366211	7.208822250366211
3736	gpt2	3737	1869	20	usurp	vp_coord	unexpected	The customer illuminates and usurp	0.10941383111872938	0.10941383111872938	10.614193320274353	10.614193320274353
3737	gpt2	3738	1869	20	usurp	vp_coord	expected	The customer illuminates and usurps	0.3694896759430435	0.3694896759430435	9.736319601535797	9.736319601535797
3738	gpt2	3739	1870	20	utilize	vp_coord	unexpected	The customer illuminates and utilize	2.3785253233654657e-06	2.3785253233654657e-06	18.681501388549805	18.681501388549805
3739	gpt2	3740	1870	20	utilize	vp_coord	expected	The customer illuminates and utilizes	0.0005281303892843	0.0005281303892843	10.886817932128906	10.886817932128906
3740	gpt2	3741	1871	20	vacate	vp_coord	unexpected	The customer illuminates and vacate	0.007648143819096704	0.007648143819096704	10.13952350616455	10.13952350616455
3741	gpt2	3742	1871	20	vacate	vp_coord	expected	The customer illuminates and vacates	0.1642504622177512	0.1642504622177512	7.924879372119904	7.924879372119904
3742	gpt2	3743	1872	20	vacillate	vp_coord	unexpected	The customer illuminates and vacillate	0.006037139345911136	0.006037139345911136	9.578924973805746	9.578924973805746
3743	gpt2	3744	1872	20	vacillate	vp_coord	expected	The customer illuminates and vacillates	0.33738533369857276	0.33738533369857276	6.76230943063274	6.76230943063274
3744	gpt2	3745	1873	20	vacuum	vp_coord	unexpected	The customer illuminates and vacuum	1.5960571545292623e-05	1.5960571545292623e-05	15.935128211975098	15.935128211975098
3745	gpt2	3746	1873	20	vacuum	vp_coord	expected	The customer illuminates and vacuums	0.5045387141993464	0.5045387141993464	5.0552366102735204	5.0552366102735204
3746	gpt2	3747	1874	20	value	vp_coord	unexpected	The customer illuminates and value	1.0706758075684776e-05	1.0706758075684776e-05	16.511117935180664	16.511117935180664
3747	gpt2	3748	1874	20	value	vp_coord	expected	The customer illuminates and values	0.0001651307975407	0.0001651307975407	12.56410312652588	12.56410312652588
3748	gpt2	3749	1875	20	vanish	vp_coord	unexpected	The customer illuminates and vanish	7.291935162356822e-07	7.291935162356822e-07	20.387195587158203	20.387195587158203
3749	gpt2	3750	1875	20	vanish	vp_coord	expected	The customer illuminates and vanishes	0.4931704366172198	0.4931704366172198	6.46964626479894	6.46964626479894
3750	gpt2	3751	1876	20	vary	vp_coord	unexpected	The customer illuminates and vary	1.6504372979397886e-06	1.6504372979397886e-06	19.208721160888672	19.208721160888672
3751	gpt2	3752	1876	20	vary	vp_coord	expected	The customer illuminates and varies	5.9225207223789766e-05	5.9225207223789766e-05	14.043429374694824	14.043429374694824
3752	gpt2	3753	1877	20	vault	vp_coord	unexpected	The customer illuminates and vault	1.6452324871352175e-06	1.6452324871352175e-06	19.21327781677246	19.21327781677246
3753	gpt2	3754	1877	20	vault	vp_coord	expected	The customer illuminates and vaults	0.0492282629747933	0.0492282629747933	8.42232096195221	8.42232096195221
3754	gpt2	3755	1878	20	veer	vp_coord	unexpected	The customer illuminates and veer	0.0021293122617862393	0.0021293122617862393	11.611857891082764	11.611857891082764
3755	gpt2	3756	1878	20	veer	vp_coord	expected	The customer illuminates and veers	0.21794633463196078	0.21794633463196078	8.269081890583038	8.269081890583038
3756	gpt2	3757	1879	20	venture	vp_coord	unexpected	The customer illuminates and venture	2.4063868409029965e-07	2.4063868409029965e-07	21.98662757873535	21.98662757873535
3757	gpt2	3758	1879	20	venture	vp_coord	expected	The customer illuminates and ventures	1.860208794823848e-05	1.860208794823848e-05	15.714176177978516	15.714176177978516
3758	gpt2	3759	1880	20	vent	vp_coord	unexpected	The customer illuminates and vent	3.2553663913859054e-05	3.2553663913859054e-05	14.906820297241213	14.906820297241213
3759	gpt2	3760	1880	20	vent	vp_coord	expected	The customer illuminates and vents	6.491033127531409e-05	6.491033127531409e-05	13.911191940307615	13.911191940307615
3760	gpt2	3761	1881	20	verify	vp_coord	unexpected	The customer illuminates and verify	9.221778782375624e-06	9.221778782375624e-06	16.726524353027344	16.726524353027344
3761	gpt2	3762	1881	20	verify	vp_coord	expected	The customer illuminates and verifies	0.4534257847844856	0.4534257847844856	5.651801653206348	5.651801653206348
3762	gpt2	3763	1882	20	veto	vp_coord	unexpected	The customer illuminates and veto	6.580129365829634e-07	6.580129365829634e-07	20.535381317138672	20.535381317138672
3763	gpt2	3764	1882	20	veto	vp_coord	expected	The customer illuminates and vetoes	0.4972078513987413	0.4972078513987413	10.271730633452535	10.271730633452535
3764	gpt2	3765	1883	20	view	vp_coord	unexpected	The customer illuminates and view	2.4336035494343378e-05	2.4336035494343378e-05	15.326546669006348	15.326546669006348
3765	gpt2	3766	1883	20	view	vp_coord	expected	The customer illuminates and views	0.0003926259232684	0.0003926259232684	11.314557075500488	11.314557075500488
3766	gpt2	3767	1884	20	violate	vp_coord	unexpected	The customer illuminates and violate	2.2680195854718482e-07	2.2680195854718482e-07	22.07206344604492	22.07206344604492
3767	gpt2	3768	1884	20	violate	vp_coord	expected	The customer illuminates and violates	2.67436134890886e-05	2.67436134890886e-05	15.19044589996338	15.19044589996338
3768	gpt2	3769	1885	20	visit	vp_coord	unexpected	The customer illuminates and visit	1.5500047538807848e-06	1.5500047538807848e-06	19.29929542541504	19.29929542541504
3769	gpt2	3770	1885	20	visit	vp_coord	expected	The customer illuminates and visits	0.0001312976673943	0.0001312976673943	12.89487075805664	12.89487075805664
3770	gpt2	3771	1886	20	visualize	vp_coord	unexpected	The customer illuminates and visualize	9.272928764403332e-06	9.272928764403332e-06	16.718544006347656	16.718544006347656
3771	gpt2	3772	1886	20	visualize	vp_coord	expected	The customer illuminates and visualizes	0.434828280529473	0.434828280529473	5.8055221661925325	5.8055221661925325
3772	gpt2	3773	1887	20	vitiate	vp_coord	unexpected	The customer illuminates and vitiate	0.0027016873961353007	0.0027016873961353007	9.963251113891602	9.963251113891602
3773	gpt2	3774	1887	20	vitiate	vp_coord	expected	The customer illuminates and vitiates	0.315831009533819	0.315831009533819	7.539104876418908	7.539104876418908
3774	gpt2	3775	1888	20	voice	vp_coord	unexpected	The customer illuminates and voice	1.3194478924560826e-05	1.3194478924560826e-05	16.209705352783203	16.209705352783203
3775	gpt2	3776	1888	20	voice	vp_coord	expected	The customer illuminates and voices	8.518772665411234e-05	8.518772665411234e-05	13.518994331359863	13.518994331359863
3776	gpt2	3777	1889	20	void	vp_coord	unexpected	The customer illuminates and void	2.4296707124449316e-05	2.4296707124449316e-05	15.328879356384276	15.328879356384276
3777	gpt2	3778	1889	20	void	vp_coord	expected	The customer illuminates and voids	0.47233410570333945	0.47233410570333945	7.705518420785665	7.705518420785665
3778	gpt2	3779	1890	20	volunteer	vp_coord	unexpected	The customer illuminates and volunteer	7.739871534795384e-07	7.739871534795384e-07	20.30118751525879	20.30118751525879
3779	gpt2	3780	1890	20	volunteer	vp_coord	expected	The customer illuminates and volunteers	6.958338781259954e-05	6.958338781259954e-05	13.810897827148438	13.810897827148438
3780	gpt2	3781	1891	20	vote	vp_coord	unexpected	The customer illuminates and vote	2.199675463998574e-06	2.199675463998574e-06	18.79427719116211	18.79427719116211
3781	gpt2	3782	1891	20	vote	vp_coord	expected	The customer illuminates and votes	0.0001293518580496	0.0001293518580496	12.916411399841309	12.916411399841309
3782	gpt2	3783	1892	20	wade	vp_coord	unexpected	The customer illuminates and wade	0.00391040845715905	0.00391040845715905	9.050479650497437	9.050479650497437
3783	gpt2	3784	1892	20	wade	vp_coord	expected	The customer illuminates and wades	0.06535128514224195	0.06535128514224195	6.975581884384155	6.975581884384155
3784	gpt2	3785	1893	20	wad	vp_coord	unexpected	The customer illuminates and wad	0.0007827087974874	0.0007827087974874	10.432080745697021	10.432080745697021
3785	gpt2	3786	1893	20	wad	vp_coord	expected	The customer illuminates and wads	0.0019858126615872	0.0019858126615872	9.587027072906494	9.587027072906494
3786	gpt2	3787	1894	20	wage	vp_coord	unexpected	The customer illuminates and wage	1.7086970274249325e-06	1.7086970274249325e-06	19.158672332763672	19.158672332763672
3787	gpt2	3788	1894	20	wage	vp_coord	expected	The customer illuminates and wages	3.102313348790631e-05	3.102313348790631e-05	14.976296424865724	14.976296424865724
3788	gpt2	3789	1895	20	wail	vp_coord	unexpected	The customer illuminates and wail	0.0025418050208827	0.0025418050208827	9.387351036071777	9.387351036071777
3789	gpt2	3790	1895	20	wail	vp_coord	expected	The customer illuminates and wails	0.0163242836570134	0.0163242836570134	7.9842917919158936	7.9842917919158936
3790	gpt2	3791	1896	20	wait	vp_coord	unexpected	The customer illuminates and wait	1.3988770660944285e-05	1.3988770660944285e-05	16.1253719329834	16.1253719329834
3791	gpt2	3792	1896	20	wait	vp_coord	expected	The customer illuminates and waits	0.0009285539272241	0.0009285539272241	10.072726249694824	10.072726249694824
3792	gpt2	3793	1897	20	waive	vp_coord	unexpected	The customer illuminates and waive	3.510580484089587e-07	3.510580484089587e-07	21.44178771972656	21.44178771972656
3793	gpt2	3794	1897	20	waive	vp_coord	expected	The customer illuminates and waives	0.003338461239763954	0.003338461239763954	10.484721660614014	10.484721660614014
3794	gpt2	3795	1898	20	walk	vp_coord	unexpected	The customer illuminates and walk	6.878291515022283e-06	6.878291515022283e-06	17.149518966674805	17.149518966674805
3795	gpt2	3796	1898	20	walk	vp_coord	expected	The customer illuminates and walks	0.001191577524878	0.001191577524878	9.71291160583496	9.71291160583496
3796	gpt2	3797	1899	20	wall	vp_coord	unexpected	The customer illuminates and wall	7.99083682068158e-06	7.99083682068158e-06	16.9332218170166	16.9332218170166
3797	gpt2	3798	1899	20	wall	vp_coord	expected	The customer illuminates and walls	9.168322321784215e-06	9.168322321784215e-06	16.73491096496582	16.73491096496582
3798	gpt2	3799	1900	20	wander	vp_coord	unexpected	The customer illuminates and wander	3.263420182975097e-07	3.263420182975097e-07	21.54711151123047	21.54711151123047
3799	gpt2	3800	1900	20	wander	vp_coord	expected	The customer illuminates and wanders	0.48793243075488135	0.48793243075488135	5.9526053275913	5.9526053275913
3800	gpt2	3801	1901	20	wane	vp_coord	unexpected	The customer illuminates and wane	0.0003759864339372	0.0003759864339372	11.440196514129639	11.440196514129639
3801	gpt2	3802	1901	20	wane	vp_coord	expected	The customer illuminates and wanes	0.01358289468043945	0.01358289468043945	8.119104146957397	8.119104146957397
3802	gpt2	3803	1902	20	want	vp_coord	unexpected	The customer illuminates and want	4.227130375511479e-06	4.227130375511479e-06	17.851890563964844	17.851890563964844
3803	gpt2	3804	1902	20	want	vp_coord	expected	The customer illuminates and wants	0.000388768792618	0.000388768792618	11.328800201416016	11.328800201416016
3804	gpt2	3805	1903	20	ward	vp_coord	unexpected	The customer illuminates and ward	3.360662049090024e-06	3.360662049090024e-06	18.182823181152344	18.182823181152344
3805	gpt2	3806	1903	20	ward	vp_coord	expected	The customer illuminates and wards	5.059157410869375e-05	5.059157410869375e-05	14.270743370056152	14.270743370056152
3806	gpt2	3807	1904	20	warm	vp_coord	unexpected	The customer illuminates and warm	0.0001792970288079	0.0001792970288079	12.445361137390137	12.445361137390137
3807	gpt2	3808	1904	20	warm	vp_coord	expected	The customer illuminates and warms	0.4066450214777433	0.4066450214777433	7.093099683523178	7.093099683523178
3808	gpt2	3809	1905	20	warn	vp_coord	unexpected	The customer illuminates and warn	3.819243829639163e-06	3.819243829639163e-06	17.998281478881836	17.998281478881836
3809	gpt2	3810	1905	20	warn	vp_coord	expected	The customer illuminates and warns	0.0008855052292346	0.0008855052292346	10.14121150970459	10.14121150970459
3810	gpt2	3811	1906	20	warrant	vp_coord	unexpected	The customer illuminates and warrant	6.772864367121656e-07	6.772864367121656e-07	20.493730545043945	20.493730545043945
3811	gpt2	3812	1906	20	warrant	vp_coord	expected	The customer illuminates and warrants	2.461407348164357e-05	2.461407348164357e-05	15.31015682220459	15.31015682220459
3812	gpt2	3813	1907	20	wash	vp_coord	unexpected	The customer illuminates and wash	2.8001632017549127e-05	2.8001632017549127e-05	15.12412929534912	15.12412929534912
3813	gpt2	3814	1907	20	wash	vp_coord	expected	The customer illuminates and washes	0.0792306543589802	0.0792306543589802	7.143926501274109	7.143926501274109
3814	gpt2	3815	1908	20	waste	vp_coord	unexpected	The customer illuminates and waste	1.7343741092190612e-06	1.7343741092190612e-06	19.13715362548828	19.13715362548828
3815	gpt2	3816	1908	20	waste	vp_coord	expected	The customer illuminates and wastes	4.973925024387427e-05	4.973925024387427e-05	14.295255661010742	14.295255661010742
3816	gpt2	3817	1909	20	watch	vp_coord	unexpected	The customer illuminates and watch	5.160554064786993e-05	5.160554064786993e-05	14.242114067077637	14.242114067077637
3817	gpt2	3818	1909	20	watch	vp_coord	expected	The customer illuminates and watches	0.001216025208123	0.001216025208123	9.683610916137695	9.683610916137695
3818	gpt2	3819	1910	20	water	vp_coord	unexpected	The customer illuminates and water	0.0001108238284359	0.0001108238284359	13.139444351196287	13.139444351196287
3819	gpt2	3820	1910	20	water	vp_coord	expected	The customer illuminates and waters	1.2489613254729193e-05	1.2489613254729193e-05	16.288911819458008	16.288911819458008
3820	gpt2	3821	1911	20	weaken	vp_coord	unexpected	The customer illuminates and weaken	1.3818190325309845e-07	1.3818190325309845e-07	22.786928176879883	22.786928176879883
3821	gpt2	3822	1911	20	weaken	vp_coord	expected	The customer illuminates and weakens	0.49320755322332843	0.49320755322332843	6.872844186611474	6.872844186611474
3822	gpt2	3823	1912	20	wear	vp_coord	unexpected	The customer illuminates and wear	1.2319736924837343e-05	1.2319736924837343e-05	16.30866813659668	16.30866813659668
3823	gpt2	3824	1912	20	wear	vp_coord	expected	The customer illuminates and wears	0.0005875829374417	0.0005875829374417	10.732919692993164	10.732919692993164
3824	gpt2	3825	1913	20	weather	vp_coord	unexpected	The customer illuminates and weather	1.4449789887294172e-05	1.4449789887294172e-05	16.07859230041504	16.07859230041504
3825	gpt2	3826	1913	20	weather	vp_coord	expected	The customer illuminates and weathers	0.22172421000141185	0.22172421000141185	8.625900566577911	8.625900566577911
3826	gpt2	3827	1914	20	wedge	vp_coord	unexpected	The customer illuminates and wedge	3.285529430741008e-07	3.285529430741008e-07	21.53737068176269	21.53737068176269
3827	gpt2	3828	1914	20	wedge	vp_coord	expected	The customer illuminates and wedges	0.49144888056946456	0.49144888056946456	9.387635773979126	9.387635773979126
3828	gpt2	3829	1915	20	weight	vp_coord	unexpected	The customer illuminates and weight	1.0892304999288172e-05	1.0892304999288172e-05	16.486331939697266	16.486331939697266
3829	gpt2	3830	1915	20	weight	vp_coord	expected	The customer illuminates and weights	1.0783490324683951e-05	1.0783490324683951e-05	16.500816345214844	16.500816345214844
3830	gpt2	3831	1916	20	weigh	vp_coord	unexpected	The customer illuminates and weigh	8.901675414563215e-07	8.901675414563215e-07	20.09942054748535	20.09942054748535
3831	gpt2	3832	1916	20	weigh	vp_coord	expected	The customer illuminates and weighs	0.0001406009250786	0.0001406009250786	12.796106338500977	12.796106338500977
3832	gpt2	3833	1917	20	welcome	vp_coord	unexpected	The customer illuminates and welcome	6.369830316543812e-06	6.369830316543812e-06	17.260313034057617	17.260313034057617
3833	gpt2	3834	1917	20	welcome	vp_coord	expected	The customer illuminates and welcomes	0.000183965312317	0.000183965312317	12.408278465270996	12.408278465270996
3834	gpt2	3835	1918	20	whack	vp_coord	unexpected	The customer illuminates and whack	0.00039958921843205	0.00039958921843205	11.296276092529297	11.296276092529297
3835	gpt2	3836	1918	20	whack	vp_coord	expected	The customer illuminates and whacks	0.0042940252460539	0.0042940252460539	9.046192646026611	9.046192646026611
3836	gpt2	3837	1919	20	whip	vp_coord	unexpected	The customer illuminates and whip	1.726070991026063e-06	1.726070991026063e-06	19.14407730102539	19.14407730102539
3837	gpt2	3838	1919	20	whip	vp_coord	expected	The customer illuminates and whips	0.23631365876644844	0.23631365876644844	6.117892146110535	6.117892146110535
3838	gpt2	3839	1920	20	widen	vp_coord	unexpected	The customer illuminates and widen	2.522556087569683e-06	2.522556087569683e-06	18.596681594848636	18.596681594848636
3839	gpt2	3840	1920	20	widen	vp_coord	expected	The customer illuminates and widens	0.4599589136869327	0.4599589136869327	7.078021388500929	7.078021388500929
3840	gpt2	3841	1921	20	will	vp_coord	unexpected	The customer illuminates and will	0.0008780848002061	0.0008780848002061	10.15335178375244	10.15335178375244
3841	gpt2	3842	1921	20	will	vp_coord	expected	The customer illuminates and wills	1.6601559764239937e-05	1.6601559764239937e-05	15.878321647644045	15.878321647644045
3842	gpt2	3843	1922	20	wimp	vp_coord	unexpected	The customer illuminates and wimp	0.0003445208931225	0.0003445208931225	11.633989334106445	11.633989334106445
3843	gpt2	3844	1922	20	wimp	vp_coord	expected	The customer illuminates and wimps	0.3227431433321423	0.3227431433321423	8.473164796829222	8.473164796829222
3844	gpt2	3845	1923	20	wind	vp_coord	unexpected	The customer illuminates and wind	8.512369277013931e-06	8.512369277013931e-06	16.842008590698242	16.842008590698242
3845	gpt2	3846	1923	20	wind	vp_coord	expected	The customer illuminates and winds	4.6273380576167256e-05	4.6273380576167256e-05	14.399457931518556	14.399457931518556
3846	gpt2	3847	1924	20	win	vp_coord	unexpected	The customer illuminates and win	1.4279592505772598e-05	1.4279592505772598e-05	16.095685958862305	16.095685958862305
3847	gpt2	3848	1924	20	win	vp_coord	expected	The customer illuminates and wins	9.873734961729495e-05	9.873734961729495e-05	13.306044578552246	13.306044578552246
3848	gpt2	3849	1925	20	wipe	vp_coord	unexpected	The customer illuminates and wipe	8.69643463374814e-06	8.69643463374814e-06	16.81114387512207	16.81114387512207
3849	gpt2	3850	1925	20	wipe	vp_coord	expected	The customer illuminates and wipes	0.0006726502324454	0.0006726502324454	10.537856101989746	10.537856101989746
3850	gpt2	3851	1926	20	wire	vp_coord	unexpected	The customer illuminates and wire	1.9359942598384805e-05	1.9359942598384805e-05	15.65656566619873	15.65656566619873
3851	gpt2	3852	1926	20	wire	vp_coord	expected	The customer illuminates and wires	5.118011904414743e-05	5.118011904414743e-05	14.254056930541992	14.254056930541992
3852	gpt2	3853	1927	20	wish	vp_coord	unexpected	The customer illuminates and wish	6.843639312137384e-06	6.843639312137384e-06	17.15680503845215	17.15680503845215
3853	gpt2	3854	1927	20	wish	vp_coord	expected	The customer illuminates and wishes	0.0003801253333222	0.0003801253333222	11.36123752593994	11.36123752593994
3854	gpt2	3855	1928	20	withdraw	vp_coord	unexpected	The customer illuminates and withdraw	9.794206562219188e-05	9.794206562219188e-05	13.31771183013916	13.31771183013916
3855	gpt2	3856	1928	20	withdraw	vp_coord	expected	The customer illuminates and withdraws	0.4926505445000657	0.4926505445000657	6.669609324075282	6.669609324075282
3856	gpt2	3857	1929	20	withhold	vp_coord	unexpected	The customer illuminates and withhold	1.4832348824711516e-05	1.4832348824711516e-05	16.0408935546875	16.0408935546875
3857	gpt2	3858	1929	20	withhold	vp_coord	expected	The customer illuminates and withholds	0.4983739508843428	0.4983739508843428	8.02280724258162	8.02280724258162
3858	gpt2	3859	1930	20	withstand	vp_coord	unexpected	The customer illuminates and withstand	3.2476868909725454e-06	3.2476868909725454e-06	18.23215675354004	18.23215675354004
3859	gpt2	3860	1930	20	withstand	vp_coord	expected	The customer illuminates and withstands	0.49242542645765747	0.49242542645765747	9.127092164941132	9.127092164941132
3860	gpt2	3861	1931	20	witness	vp_coord	unexpected	The customer illuminates and witness	8.280867405119352e-06	8.280867405119352e-06	16.881786346435547	16.881786346435547
3861	gpt2	3862	1931	20	witness	vp_coord	expected	The customer illuminates and witnesses	0.0002268672105856	0.0002268672105856	12.105864524841309	12.105864524841309
3862	gpt2	3863	1932	20	wonder	vp_coord	unexpected	The customer illuminates and wonder	1.668651202635374e-05	1.668651202635374e-05	15.87095832824707	15.87095832824707
3863	gpt2	3864	1932	20	wonder	vp_coord	expected	The customer illuminates and wonders	0.0003645046672318	0.0003645046672318	11.421774864196776	11.421774864196776
3864	gpt2	3865	1933	20	woo	vp_coord	unexpected	The customer illuminates and woo	1.8055012560580508e-06	1.8055012560580508e-06	19.07916831970215	19.07916831970215
3865	gpt2	3866	1933	20	woo	vp_coord	expected	The customer illuminates and wooes	0.11708080146564723	0.11708080146564723	10.586801528930664	10.586801528930664
3866	gpt2	3867	1934	20	work	vp_coord	unexpected	The customer illuminates and work	2.438566116325092e-05	2.438566116325092e-05	15.323607444763184	15.323607444763184
3867	gpt2	3868	1934	20	work	vp_coord	expected	The customer illuminates and works	0.0013559326762333	0.0013559326762333	9.526498794555664	9.526498794555664
3868	gpt2	3869	1935	20	worry	vp_coord	unexpected	The customer illuminates and worry	5.796762820864387e-07	5.796762820864387e-07	20.71824836730957	20.71824836730957
3869	gpt2	3870	1935	20	worry	vp_coord	expected	The customer illuminates and worries	0.0001022102660499	0.0001022102660499	13.25617218017578	13.25617218017578
3870	gpt2	3871	1936	20	worsen	vp_coord	unexpected	The customer illuminates and worsen	1.491551415711001e-07	1.491551415711001e-07	22.67668342590332	22.67668342590332
3871	gpt2	3872	1936	20	worsen	vp_coord	expected	The customer illuminates and worsens	0.35099809922030545	0.35099809922030545	7.433486431837081	7.433486431837081
3872	gpt2	3873	1937	20	wound	vp_coord	unexpected	The customer illuminates and wound	3.196116722392617e-06	3.196116722392617e-06	18.2552490234375	18.2552490234375
3873	gpt2	3874	1937	20	wound	vp_coord	expected	The customer illuminates and wounds	3.726917930180207e-05	3.726917930180207e-05	14.711657524108888	14.711657524108888
3874	gpt2	3875	1938	20	wrap	vp_coord	unexpected	The customer illuminates and wrap	1.136953073910263e-06	1.136953073910263e-06	19.746395111083984	19.746395111083984
3875	gpt2	3876	1938	20	wrap	vp_coord	expected	The customer illuminates and wraps	0.0002487906604073	0.0002487906604073	11.972780227661133	11.972780227661133
3876	gpt2	3877	1939	20	wreak	vp_coord	unexpected	The customer illuminates and wreak	0.00752366432101324	0.00752366432101324	12.751818418502808	12.751818418502808
3877	gpt2	3878	1939	20	wreak	vp_coord	expected	The customer illuminates and wreaks	0.07861761567295389	0.07861761567295389	11.059085130691528	11.059085130691528
3878	gpt2	3879	1940	20	wreck	vp_coord	unexpected	The customer illuminates and wreck	8.180325750117846e-08	8.180325750117846e-08	23.54326629638672	23.54326629638672
3879	gpt2	3880	1940	20	wreck	vp_coord	expected	The customer illuminates and wrecks	0.4100941848486741	0.4100941848486741	9.867564603686333	9.867564603686333
3880	gpt2	3881	1941	20	wrestle	vp_coord	unexpected	The customer illuminates and wrestle	5.9086787018713955e-08	5.9086787018713955e-08	24.01258850097656	24.01258850097656
3881	gpt2	3882	1941	20	wrestle	vp_coord	expected	The customer illuminates and wrestles	0.4939776860373967	0.4939776860373967	8.159655770286918	8.159655770286918
3882	gpt2	3883	1942	20	wrest	vp_coord	unexpected	The customer illuminates and wrest	1.2378433893900365e-05	1.2378433893900365e-05	16.30181121826172	16.30181121826172
3883	gpt2	3884	1942	20	wrest	vp_coord	expected	The customer illuminates and wrests	0.0017972207824641002	0.0017972207824641002	12.213402271270752	12.213402271270752
3884	gpt2	3885	1943	20	wring	vp_coord	unexpected	The customer illuminates and wring	0.004607374303304806	0.004607374303304806	10.572726964950562	10.572726964950562
3885	gpt2	3886	1943	20	wring	vp_coord	expected	The customer illuminates and wrings	0.23753759077590075	0.23753759077590075	7.725074052810668	7.725074052810668
3886	gpt2	3887	1944	20	write	vp_coord	unexpected	The customer illuminates and write	1.4013232430443168e-05	1.4013232430443168e-05	16.12285041809082	16.12285041809082
3887	gpt2	3888	1944	20	write	vp_coord	expected	The customer illuminates and writes	0.0024108204524964	0.0024108204524964	8.696260452270508	8.696260452270508
3888	gpt2	3889	1945	20	yank	vp_coord	unexpected	The customer illuminates and yank	0.0018219995181425	0.0018219995181425	10.637526512145996	10.637526512145996
3889	gpt2	3890	1945	20	yank	vp_coord	expected	The customer illuminates and yanks	0.3629260245579644	0.3629260245579644	6.796204328536987	6.796204328536987
3890	gpt2	3891	1946	20	yield	vp_coord	unexpected	The customer illuminates and yield	5.631633257507929e-07	5.631633257507929e-07	20.75994300842285	20.75994300842285
3891	gpt2	3892	1946	20	yield	vp_coord	expected	The customer illuminates and yields	0.0001970545272342	0.0001970545272342	12.309117317199709	12.309117317199709
3892	gpt2	3893	1947	20	zero	vp_coord	unexpected	The customer illuminates and zero	1.111832807509927e-05	1.111832807509927e-05	16.456701278686523	16.456701278686523
3893	gpt2	3894	1947	20	zero	vp_coord	expected	The customer illuminates and zeroes	0.3379437052644789	0.3379437052644789	5.621238480477284	5.621238480477284
3894	gpt2	3895	1948	20	zip	vp_coord	unexpected	The customer illuminates and zip	3.806734639510978e-06	3.806734639510978e-06	18.003013610839844	18.003013610839844
3895	gpt2	3896	1948	20	zip	vp_coord	expected	The customer illuminates and zips	0.16419347352348265	0.16419347352348265	6.257517576217651	6.257517576217651
3896	gpt2	3897	1949	20	zoom	vp_coord	unexpected	The customer illuminates and zoom	3.348315294715576e-05	3.348315294715576e-05	14.866205215454102	14.866205215454102
3897	gpt2	3898	1949	20	zoom	vp_coord	expected	The customer illuminates and zooms	0.4922031584719661	0.4922031584719661	5.6163286082446575	5.6163286082446575
3898	gpt2	3899	1950	20	were	vp_coord	unexpected	The customer illuminates and were	1.7320806364296004e-05	1.7320806364296004e-05	15.817133903503418	15.817133903503418
3899	gpt2	3900	1950	20	were	vp_coord	expected	The customer illuminates and was	0.0003161343338433	0.0003161343338433	11.627174377441406	11.627174377441406
3900	gpt2	3901	1951	20	staunch	vp_coord	unexpected	The customer illuminates and staunch	1.4142054851618011e-06	1.4142054851618011e-06	19.431575775146484	19.431575775146484
3901	gpt2	3902	1951	20	staunch	vp_coord	expected	The customer illuminates and staunches	0.30502704063837877	0.30502704063837877	7.892658134301503	7.892658134301503
